3.9197732308644827e-19
7.829592878258796e-12
6.449444213923606e-30
1.8072383053645587e-41
6.048710678986162e-27
3.691265955038874e-23
1.3067057692412706e-28
3.410368794634947e-52
2.4257065719815134e-27
8.120091838536766e-23
4.3634866157891576e-15
8.225449668714941e-14
7.264278081591131e-27
3.2547702759496313e-16
1.5946844307102147e-14
4.754801316167231e-21
1.8361914550947216e-20
4.043685711239497e-39
2.7244037827981556e-22
5.233251422487818e-29
2.9892102521681355e-19
3.0506408362889014e-14
1.6520597560755677e-17
3.0913334997246336e-17
8.130965219307685e-33
3.788219762674974e-39
9.326680840819304e-36
4.604964490780121e-33
4.071772943593213e-22
5.488214175945468e-36
1.5694999420205563e-09
2.2325777642618973e-16
1.9743562629557832e-15
2.271613795835395e-44
1.298884734264834e-13
6.157659789680615e-26
2.3037658173033786e-26
2.3060541333678727e-07
3.3427015230308073e-08
6.988878558770191e-37
9.004105034934267e-19
2.7055241135190657e-40
4.04233176132249e-36
4.309718758481428e-21
4.099337363500415e-15
4.5099931794494265e-30
1.5330144515885407e-33
6.66892298252312e-16
6.185484440313828e-25
1.3572502363877905e-32
3.5031750746014036e-22
4.191009974093796e-33
6.963830577992639e-63
1.655716840788405e-23
8.276791834231271e-17
8.913565420106917e-16
3.304121269385967e-24
2.190644357797445e-36
1.9235175028650424e-36
1.0782956935345785e-13
6.06361555613727e-50
6.055773339752247e-10
3.123916166042355e-15
1.7504835465542274e-20
0.00010532560535350632
1.4336085900186513e-05
1.6854026663073964e-35
1.7610800491222208e-25
1.3971717779453292e-14
2.753718177410973e-54
2.674358808038556e-31
3.235314151411653e-09
4.687494260161988e-19
2.6382174753578798e-23
1.0653016662542208e-35
3.029035940869683e-63
1.8804101347302979e-19
5.478019331291441e-37
3.930209661519304e-30
1.5364950111138777e-40
7.456671794945653e-27
3.693449311769567e-51
1.92855083418301e-55
2.3482855930588556e-15
3.916033488461019e-43
1.4786284364514495e-19
5.457234334844149e-07
1.3088946268506967e-22
1.0981877370851958e-31
4.5240867443051955e-62
7.66789198629103e-36
2.1284269434645746e-07
4.923488554777071e-26
5.52476237587985e-26
2.793031261239564e-32
6.395876081503924e-51
3.0181719404667045e-20
8.24600799517894e-51
8.010533423022051e-33
1.7114640158486058e-34
2.9368332021490436e-28
7.616316052602585e-23
6.120162683435617e-74
4.963414521517877e-13
4.1212892846272456e-15
1.1553201263147751e-61
4.780857638132575e-45
3.793492788844989e-51
1.0790590792194442e-42
4.1627876336618824e-14
1.3458964782614915e-21
2.0838575463801357e-30
1.0878406453336674e-13
1.1376980674499612e-27
1.1953961711331588e-22
7.975415651496402e-10
2.657419979282839e-44
8.017865041145091e-21
5.096796942478427e-28
7.415973433404895e-50
3.6839636860398934e-30
8.472357743184762e-17
1.1137133208543944e-30
1.0036965369694182e-42
4.721504066540187e-62
8.102492587554497e-32
2.657961844466414e-13
1.774463882904142e-17
5.483660673933245e-38
4.972790774364564e-28
1.3886449509658413e-66
3.414780637725616e-26
5.703109772520224e-26
1.6745380117876056e-23
6.381113657601852e-39
1.9474978485132493e-40
2.338991063154694e-19
5.154264644786999e-22
1.7956063605193258e-25
4.6887711338936464e-11
1.7548499439867578e-35
1.244986425736455e-52
7.05888167733567e-28
3.783594745639464e-18
6.076806791023682e-20
1.2350141247134484e-26
1.1409155415062066e-41
5.5940167855059e-17
7.042383911109746e-68
4.4454261850372945e-30
2.0535254119853236e-41
5.187694646178387e-47
5.531619382243969e-43
1.9403619609849528e-14
7.384010825700922e-44
7.75467623206591e-46
1.341906745411285e-41
3.219251787084263e-46
2.6579399778904396e-31
2.596027194677692e-10
3.350812440873456e-15
1.0085517248796834e-40
2.1148092570710707e-65
3.67862849044013e-38
1.1968658811911182e-36
3.760116709948073e-21
7.044087792074375e-07
5.413372727506929e-13
8.135207238895542e-45
2.558020542397653e-26
1.0216613825975024e-20
2.1123521786058426e-26
6.0220468907180455e-15
1.5466329284944657e-21
3.368941792919639e-34
2.5912601897540133e-16
9.457344633338748e-106
2.3049260786578247e-18
8.566232574094777e-10
2.664862293006705e-24
3.932392181899106e-18
3.4058794419774404e-59
2.8953903646739436e-52
3.579247314411952e-13
1.9364592309767487e-30
1.8035058464569028e-11
1.0976303980581436e-07
5.083911333054154e-12
1.5177817610362748e-52
3.4939762437774324e-31
3.5626623674359963e-50
8.365082900377187e-32
7.933287953879542e-13
8.750969869196591e-21
5.46842668310005e-38
1.2705061980652098e-41
1.909334994494212e-12
5.412423722710512e-38
3.7564500281708014e-50
6.6916506293512685e-37
8.792441483934288e-09
2.6508530378610815e-18
2.3549739225238765e-39
8.272920420782307e-39
3.7901687169697097e-29
1.4899390494835554e-23
1.2984564995534056e-13
1.5167688866421467e-34
7.27542346694518e-18
1.6356418036145794e-24
2.48690550738698e-35
4.598335228796759e-16
2.8200167563401283e-56
3.7819586895274625e-23
2.5542370613585714e-38
3.431158179925424e-18
7.621802735869106e-33
5.106148796696844e-30
3.925477693941951e-47
3.1243810696073224e-43
3.808673185180199e-31
8.918500285041917e-21
1.69469400075954e-14
1.257219690282572e-11
3.788717085476408e-26
1.5198666058986486e-31
1.2786888560330393e-39
7.817945122584378e-08
6.048248943968457e-53
2.542885099681623e-12
3.8316191306901014e-28
2.900760487902233e-40
3.856049547590142e-10
4.628328303356026e-23
2.436029369256547e-55
1.3096626620618815e-33
1.5372690685399854e-10
3.813846039864979e-15
2.0623990679956763e-14
1.5068840567109374e-34
1.9032305135518364e-20
5.877213942321456e-22
1.2395094136736432e-45
3.7269692862208016e-09
1.2754068124180279e-33
2.5409604082153344e-24
8.058617421466682e-32
4.050755862843592e-20
1.3249017182573268e-16
4.1617051810548974e-19
3.0051650901104246e-58
1.627997530484187e-05
1.0753817536362073e-27
2.625908099831731e-35
3.037919571607569e-23
1.827885513800306e-28
6.04610461971625e-20
3.5645873709372317e-35
3.4811452499009106e-44
1.2649747396009055e-23
2.1652236646294148e-11
2.750667118622553e-76
1.9129434079547166e-18
2.3948001538173152e-35
3.5203706681005977e-25
8.09046351400204e-21
7.476288043668968e-26
3.094776422050975e-08
1.38622423882826e-23
2.1341586251215257e-19
2.2259928357540085e-28
1.3608582627513217e-26
2.5079893188428277e-56
6.404293560329256e-35
3.748306127352314e-20
5.50742209306171e-23
1.6702314458142378e-22
6.23008268162655e-21
8.205537219952705e-10
2.829283822480872e-29
1.3465423542297958e-19
1.3027447763257183e-29
1.3946946518471556e-24
9.529185571623576e-35
5.362447776304268e-23
2.7534807722261525e-23
4.292540456962232e-28
2.2244782757874327e-35
2.203269407786123e-19
7.336038719954552e-63
2.7607740371796726e-45
2.128738742889722e-31
1.3574382356339002e-39
8.255273052599638e-19
2.333426254746618e-20
4.768290365245577e-13
8.017730463340427e-43
2.3292715694018597e-18
8.689253842019137e-12
5.883827973136842e-18
1.2343631693738788e-09
5.122767511527679e-16
6.728646097768144e-24
9.428831154774746e-24
1.74407096893075e-14
3.585953184326403e-17
3.1939820893350252e-40
1.310817648567423e-35
3.189975904306458e-28
3.5952502385839706e-31
8.64537509521396e-40
1.1056246757766092e-16
6.6086207267549065e-52
1.7850739066943692e-08
1.412822985810559e-35
8.596575068210247e-24
9.900472894968046e-29
1.279053813003218e-10
1.067523302082578e-14
4.093304886616035e-44
9.215343279735307e-22
4.4570173093812456e-14
5.688389961143064e-27
4.230959767045027e-12
1.4920601394038521e-15
1.8752735135851918e-17
6.651854887888362e-15
2.045142382065205e-08
2.4771295255214423e-27
3.298837598178217e-35
1.5705858061638158e-35
3.2081175852774596e-11
1.2252360083666763e-19
4.8428879179643956e-20
3.79005993927271e-39
2.777690826310651e-52
6.052511691038722e-29
2.5391005801055003e-30
6.662700482171351e-65
4.296017519374617e-21
3.756143420028415e-63
3.849807652943783e-25
6.405077842757985e-16
4.549437851229579e-32
4.572654322200158e-71
6.429625630908818e-21
3.5422315164084066e-13
5.2660962510768106e-24
1.1885686291512858e-17
2.6270485336115676e-57
1.5032034301523428e-59
1.0752805177399209e-23
1.2827174369179555e-37
1.1962705022329064e-22
2.7452917792594174e-16
5.406101680136603e-35
3.2908794203724047e-38
4.626346619423656e-22
7.704793501132718e-45
2.1653256896476016e-15
1.0973820325704894e-15
4.9919197312723867e-20
4.2280035403857935e-41
1.69919147312739e-20
1.6772339691588508e-32
8.41828036445448e-50
2.0679874914094422e-08
1.8571399504878783e-07
2.564881194386956e-16
1.603062490878104e-30
3.083586359140909e-32
1.3180151764438684e-21
3.895052318086012e-28
2.3850421492806714e-21
1.3967245925513482e-43
5.164315089205983e-29
2.4777824120862006e-21
8.757451708216383e-31
5.417505522918133e-19
1.7726651717805362e-11
2.4411687959497105e-32
2.5179118390569268e-12
2.1078061591417884e-51
4.5254097889471084e-20
5.356438376414296e-26
1.4600573568932752e-37
2.8907717895497514e-43
2.9061977450181526e-21
4.220725032090448e-17
5.186773912550372e-09
2.8188030079312044e-39
1.1631256912059683e-18
2.1183595844178504e-30
7.292310076900907e-21
1.7730871264647885e-26
1.3893353417053018e-62
1.4978332485282342e-19
7.135818524506249e-27
1.433359203853569e-18
3.122353218270883e-16
4.940970874706381e-20
3.941380752666699e-16
8.80265487433047e-22
1.7852069848178781e-37
7.564488185737516e-50
1.5809132257664596e-07
1.1400617310214568e-31
2.776104159315751e-11
7.101502108387627e-20
1.4055032112546404e-16
9.218296178770443e-22
4.7079444756084555e-59
2.5304861647910982e-26
6.084812983633112e-23
5.813889764914516e-25
1.8123951315868295e-14
3.6120758931354106e-15
3.849594714403832e-49
1.1016149981066213e-45
1.924359826620845e-52
6.68327974697909e-10
1.9464257868953228e-39
4.61998864532526e-37
3.920662976898006e-52
1.9049851131998148e-32
9.229673158601876e-32
2.3645460254190852e-37
2.110427253055064e-22
4.407995475542506e-23
1.016819775800717e-33
6.86753946046116e-41
2.053047939658021e-19
8.042641836769358e-32
2.6998969618993046e-21
8.160498021527651e-57
9.299988904494225e-51
1.1078118866118012e-34
2.3370325106070905e-12
7.870288875734768e-42
3.3189879461220955e-38
7.295186825871934e-41
2.1394006852667143e-30
3.243435813943678e-14
9.874862575720248e-35
6.007281996351437e-38
2.0464113097017884e-13
7.304274738532293e-35
8.73928126809231e-11
6.1865628674618375e-25
4.928119516822325e-27
1.0172309776551364e-28
5.554000192583591e-40
1.2994770802773037e-13
3.493669902479561e-23
1.113182921225069e-33
1.0076503983321363e-34
3.145908462197805e-34
3.5166802062806326e-12
2.6535782597951793e-15
8.787774400719285e-13
9.872601777212338e-33
5.425289091993321e-10
3.359600295791599e-20
2.6616363275288202e-17
3.758123045141972e-18
4.614088436925178e-40
5.829512488902107e-72
3.527153567811263e-39
1.9728466358808404e-22
3.8763183781900403e-39
3.69991681899622e-30
1.475818388874481e-16
2.7071546745826175e-08
3.6529864959714306e-38
2.428053531430213e-17
2.735598474855064e-26
4.886553392711598e-37
9.254511193593246e-33
2.6893152442239595e-10
4.922705774301174e-24
4.359336689136846e-49
5.1428522006552956e-14
6.265265815658567e-37
1.9016446565454065e-12
1.1588937397862767e-72
7.629383983880992e-25
1.6077902642463998e-55
1.3686111113551186e-19
2.1335053513248754e-38
7.488342070203051e-07
4.742985001314513e-20
3.4495776419120697e-91
9.072928830766688e-22
4.159885156072798e-12
4.189300979390538e-53
2.862106214006335e-23
1.105655837924121e-48
4.955489051519674e-41
6.509722101586159e-34
1.8830379267173658e-23
9.981586292561854e-17
3.4628966765424305e-28
2.1576128929519643e-40
1.1641574391468806e-18
2.2851405443578496e-32
6.03045221214208e-45
2.7090911628437994e-30
3.40241479410606e-13
3.9956658882049216e-41
1.6462183019207153e-41
1.6796398553994206e-15
2.2868872098439443e-22
7.741805607330592e-21
2.1680802837500973e-52
2.0599901452265815e-16
2.7287201951248413e-55
2.0895903556293656e-42
1.6139402280040194e-10
2.247450497555412e-41
2.570982585274393e-46
1.8332751653917912e-34
8.260167907815652e-35
1.5557811788741368e-39
2.26555322520915e-45
1.4923908262926728e-06
1.5894903804616757e-24
7.572343102768554e-13
6.178842593378846e-20
9.791103515756214e-17
1.4991391592352687e-15
2.300018208740513e-71
5.9765905561588514e-33
2.1727589338859706e-17
2.958466571573854e-07
3.689361096264198e-24
1.6539196368072044e-13
1.4974212589928674e-25
9.62814014912933e-39
5.813323471564492e-16
1.8547601818583194e-20
3.836054248443665e-16
2.0677918054662436e-08
4.074306179271721e-20
4.5587095293929896e-23
7.645815634949481e-27
9.321728518910127e-23
1.945628022835984e-18
3.441893106513654e-18
3.08253410054029e-51
9.82405639569304e-23
5.734158447050506e-13
9.872576620243451e-42
7.61747416958655e-27
2.4379608710078313e-56
6.088028085187719e-42
9.82001021732351e-22
2.844274311464698e-13
1.5653083585080438e-38
3.0104175679566877e-28
1.8503552958406182e-21
4.012916929703934e-30
2.1452392832788277e-21
2.081019943091698e-24
1.2769602616080652e-19
1.3667443270255125e-41
8.441447435114003e-32
2.5256045168374795e-22
3.857519284702019e-22
2.318455133159268e-32
7.148215185494083e-27
1.9510675664981856e-18
3.198578151430203e-06
5.907195042399324e-28
2.6592231210680867e-16
1.1372250237889114e-21
1.2385917076771272e-17
4.1760963566704085e-26
1.17015704012923e-31
3.4438285723924962e-31
2.2090109376125173e-31
2.4405540121854517e-22
1.7482898842949043e-22
1.0039356551104726e-21
1.523162646476014e-39
9.374613473727809e-15
2.2708119844373175e-48
1.1477955639236095e-20
9.899717333838718e-34
3.6617323374624535e-26
6.384173992640463e-37
1.7978461613888057e-61
9.794201853782582e-56
2.7843409553736414e-20
4.724616764617309e-11
2.7943880695678304e-43
3.245476628518304e-23
4.142973079858773e-25
5.313803110447714e-65
9.933552367315199e-33
9.168091623435605e-40
9.100213970085123e-15
3.0596047680952737e-72
9.56217690858285e-46
5.1426622382348704e-33
4.352090036620134e-121
1.814960464396429e-18
5.5613076861818155e-22
6.472542095424224e-06
1.6376465222267871e-41
4.0388639363062687e-20
5.729407568706951e-12
4.692284787911612e-17
1.440442918029286e-81
1.1521472861498805e-22
6.505805706769135e-18
6.600597925009382e-17
1.2137582532782757e-70
5.5766116963111844e-34
4.534884824720448e-19
4.3951294641271145e-28
2.3365877415658806e-51
1.5649494604402003e-47
4.627024042670941e-18
6.546742532395431e-07
1.6095155549986381e-103
7.861268514209808e-24
4.042287577987524e-42
1.7684669132995829e-19
3.655319382410961e-20
3.6489297657381514e-07
9.93894823907786e-25
2.768594038038353e-23
2.6030116547579774e-47
1.852851129728659e-18
4.669536524792797e-23
2.152994974177337e-22
2.1016347404398804e-31
3.839210780499096e-35
2.852306805168841e-12
1.7261135773964999e-09
6.964699879031862e-35
9.91380535007783e-29
1.5599677415264743e-33
1.1341814478783767e-102
3.255882437511758e-08
5.837184460767819e-36
4.3071726920804497e-44
8.85476695969706e-21
9.073396557357127e-29
8.888642028094462e-24
3.749710417403144e-64
1.863966254770606e-18
8.798331068318534e-19
8.819262733306723e-15
2.6404691980893228e-48
8.974291570175652e-12
3.024307394232957e-32
1.1821030836776782e-19
1.2388821100731275e-23
8.377782282971448e-13
2.2179642874568116e-23
3.301052287874228e-07
3.597443952460781e-26
1.5721628362363017e-18
8.883582834823052e-19
1.299279907246398e-32
2.8408693346027447e-16
1.371715666318882e-15
1.0359090528654884e-08
2.8079544936395773e-18
2.1747472179371898e-32
3.4043521981174336e-14
3.1929087259888e-34
5.2907546433495425e-39
2.7752060194440607e-13
1.486321350524255e-29
2.1821749207488753e-41
1.6662203895122574e-42
2.5523838944815287e-16
1.567011625529973e-34
4.125166405147144e-30
3.2763391316983077e-46
7.724148328169035e-14
3.971796418134086e-42
1.748912395544474e-49
5.541173872569227e-19
9.488754961651575e-35
6.2685703150025536e-49
4.96558515147902e-41
1.7083291242724346e-27
1.1783106747973142e-32
6.090000073744054e-22
3.62474765076056e-15
3.1853614199262804e-38
1.7615510816873474e-17
1.972975001166207e-36
6.238903208691215e-26
4.698222157949364e-26
1.0192818770293841e-34
3.693785731036581e-41
5.386313698091966e-29
1.008444044864773e-09
4.537633907431429e-31
3.2861122383543328e-21
1.4702975049866935e-23
3.230665057976739e-45
6.18472085035902e-09
6.722503402912367e-42
1.2063195118583821e-05
3.6429222262339124e-20
9.30111273347772e-52
1.1314168308633428e-31
6.368309247177762e-32
3.8553058701805655e-36
1.8434054275927307e-22
2.636590801002856e-34
1.264955960862989e-16
1.1069444042875916e-17
2.5016989696391296e-08
3.912915840862249e-61
4.192851738935369e-22
1.452984252631163e-22
2.0270876693079282e-19
2.6857159294580744e-44
7.332158409109146e-24
1.1897189255374067e-15
1.3902873651517654e-17
6.795365567513149e-22
1.0574935840766074e-15
2.829411140400261e-10
1.7050170700093287e-19
2.3125868431836043e-19
4.243495382818903e-30
1.537082108886448e-20
6.458863742031825e-40
1.9219366817119608e-13
1.6393499662946608e-18
4.7495639828760124e-48
6.485868113812307e-26
6.525443177818672e-22
2.3286895406493485e-09
1.732609222199045e-28
4.635408422906543e-19
3.69278210550563e-44
3.270294586869518e-12
4.099423083264477e-34
4.614877633506295e-18
1.78225968807726e-08
5.60926895134311e-21
1.7438442992887874e-24
2.4989720156111533e-12
2.671729928783479e-27
4.285743823533211e-31
1.1587204843939007e-40
6.312233517337879e-08
1.9707008316983502e-46
2.619680514916372e-19
1.798766538934979e-08
3.9699707703363853e-13
3.2684533463033056e-28
1.1372272382287078e-33
7.477993172187397e-12
3.641134268231969e-27
2.142768114115596e-39
9.221205247737198e-59
7.210702880532795e-22
4.6675261867629624e-14
1.6769024463392285e-14
1.9980138933918285e-30
2.245765451961952e-59
3.358460269818448e-20
5.32853103107708e-23
1.9179823689253998e-14
1.6528924789405856e-39
6.498230254353755e-26
4.837243289446964e-45
3.28165339416858e-17
1.386073750242064e-19
6.402869287286833e-39
8.082328377840256e-49
1.2350576231201105e-49
4.03682422976706e-47
7.029612359688535e-23
6.065501401933884e-42
4.912606149604472e-15
3.832870388261006e-46
1.977150737153679e-17
1.5477983210189428e-06
1.6905574626875998e-28
7.387383745850841e-21
5.506501096053523e-13
8.482674085387208e-35
1.5343808765019377e-38
1.3126235208865317e-42
1.411920200312203e-29
1.757724917411382e-51
1.6063505493210942e-18
1.1640328964314312e-57
2.9785598412628506e-29
4.3557632840300214e-33
7.230100897021919e-59
3.997877707760837e-25
4.670734064258857e-21
6.321646523421118e-16
5.78950180958997e-77
1.907153463764971e-49
4.188862910471461e-22
3.691591956590792e-21
9.702639780975977e-26
1.5253279967360074e-13
4.72117547866407e-39
8.524987340481626e-33
5.579177485861028e-22
5.260673782716951e-35
6.293689503867185e-21
2.5793709781752178e-20
4.895664198576097e-37
3.923996202432239e-25
2.427422416797125e-30
1.7694433982570085e-24
1.422086615257979e-16
1.6325769586110544e-09
1.1097460838123976e-09
1.1715350776845113e-48
1.2432664992290655e-29
7.42234320480085e-22
2.837959830660422e-35
1.3702012906327573e-16
1.6974979555264711e-28
2.6148798635759953e-17
3.1580153083653873e-31
3.321560347612661e-39
7.300390396876947e-19
1.507611218094755e-41
5.163238010856006e-59
5.4595086722314533e-48
3.4151791605563876e-41
6.331199119499842e-25
4.767592507852646e-72
1.504997608305695e-42
5.304309322097982e-08
2.5230276956907815e-08
5.0343481659584505e-17
3.9581471641683175e-58
2.8887256930671636e-34
8.279105385367906e-26
2.2010337817949865e-22
1.6828930648403514e-33
1.599763179745507e-64
1.1971244793022456e-09
1.5623588038695006e-27
8.677760304829662e-31
6.248018466298706e-33
6.773347285811182e-23
1.6671729877339163e-54
5.079237963799725e-18
3.8354222289553e-12
1.144070836310027e-08
1.3679894427833797e-17
1.1371549371412658e-24
1.4093309460711262e-22
7.854440274824353e-17
1.2324260167579265e-31
7.231321922765263e-41
2.8583098371123212e-43
1.445083836988145e-15
4.18777685261291e-25
2.8297129565891402e-43
5.374548256566243e-35
6.388726044230683e-34
3.428223784672636e-72
2.9290708699541136e-20
1.2748340964805685e-24
1.6301370179804018e-34
3.7542611029934013e-32
3.76857456776429e-44
5.3347618429806357e-20
4.836386147608175e-08
2.1195277007060124e-45
3.943341095456074e-25
6.262806331787812e-23
1.5275582118754858e-53
3.2324416263001513e-25
1.3365520097751624e-14
1.1694153302562076e-42
7.266536978587156e-30
6.733720851462995e-24
2.320245268405522e-31
1.2666639629014644e-18
1.3172088908412698e-36
4.208510610686245e-25
1.6676463365219189e-12
1.1057751606581614e-16
1.3223899062228707e-18
1.3644640840938023e-37
7.712942291410444e-44
7.405221905475957e-48
1.4001485752713127e-41
4.512106100396787e-46
7.766808786561387e-35
3.6657683088880943e-68
8.641673447498855e-39
2.531366376608094e-24
2.2999263666346746e-23
2.4371860584251893e-11
1.847228774632538e-22
1.4313416792108565e-25
3.1781434463706896e-21
3.768439600485464e-89
2.673925715234957e-09
6.053991220926824e-37
2.7335758427845683e-12
1.5004354038453835e-34
9.707214514082675e-36
1.3408438994137258e-30
1.4542542737400687e-35
2.3190316679875112e-21
2.798879567181497e-14
5.1661791599665114e-11
3.3642957403913036e-30
1.5428922367577993e-19
2.5763838341483857e-16
1.0346947021448619e-41
4.331938925455922e-22
3.0976594320632815e-15
6.5551887952767405e-21
2.2592902085476944e-24
2.2732589113499964e-21
2.90257110219879e-16
1.5906357928253394e-23
1.317861596798386e-52
2.6726125981755846e-21
2.980185846754596e-14
6.9233840879520546e-37
1.1907257554179394e-42
1.323164496745364e-12
6.961809842672863e-23
4.845256996357639e-37
2.2057249008463905e-32
4.3759996850193104e-41
1.0078765326313228e-45
3.2753300064666137e-28
2.2950100992858252e-48
6.2746279366214155e-22
4.2007123607911615e-21
4.217947753988284e-21
1.2659554615796804e-36
1.5744775950285743e-18
1.534612053717467e-25
9.704209751555647e-16
2.279836153558234e-37
6.826126631674571e-17
4.598467080257232e-26
1.700166877735644e-12
6.879255228276863e-50
8.562942387763516e-38
4.448653810986934e-25
2.5469490336514e-29
2.989208320945284e-44
1.226543434680617e-82
9.139978482184704e-29
3.0563099354186216e-21
5.239152212698314e-64
3.439510300946723e-59
1.6378887932995646e-37
2.650533728526491e-07
2.6692250043623596e-35
3.056292863711827e-33
9.213982630313136e-34
1.428332296766943e-15
1.8472110602386062e-35
7.395575615565271e-31
1.4850734760484765e-44
5.068816105394195e-67
2.5413802513059946e-13
9.019069032311679e-13
5.184836386144488e-17
1.1690803553680335e-29
2.311277965501671e-19
9.984270509973078e-46
1.2495423552103283e-33
4.875947910965997e-40
7.173263573376804e-43
7.263685035909601e-17
3.2580913706563293e-35
1.9997582585336446e-22
1.4250746847420345e-14
7.57683270633524e-32
1.1398415286052666e-22
8.67881091441864e-38
2.3948732272847533e-42
1.5997250377421648e-37
4.486771749360953e-46
3.003136766753327e-41
1.4047670506810887e-07
8.549590770762567e-27
2.4044480486449914e-45
1.4643243306757155e-06
5.408966908474502e-22
1.6968611918269886e-36
1.1155041379006593e-11
3.4025061525585896e-19
5.238871547286467e-34
9.278418227218471e-40
1.784474514044514e-33
4.597376736871255e-41
4.732252997632513e-48
5.827253981242218e-38
2.9794375217699656e-43
2.797320220129242e-33
3.3862466838856138e-21
1.5385901531614667e-35
5.656318890082001e-34
1.1388160242377773e-52
9.442202558890949e-16
1.2284868194227893e-24
2.9019163283627782e-36
2.4164611346322415e-30
1.1561234992367938e-66
3.478863477767205e-35
6.523442035325886e-28
8.076088954995981e-22
1.934669217592405e-16
8.700972447757624e-74
3.671340582307614e-27
1.0134136294615878e-69
1.6360327544064653e-38
1.0677784441192082e-27
8.814120583657631e-16
1.4164761083648229e-46
3.922492036322544e-42
5.139727974967491e-43
1.1628639916458949e-57
7.091116839615745e-36
2.488331798177995e-33
4.4269486723873845e-17
1.922001993860441e-37
2.724685398173487e-16
8.237924584216813e-24
2.0362628841289055e-31
8.217222998739433e-55
3.0442465798394826e-42
3.9319710803828376e-16
1.0649341755353123e-15
4.522818459878345e-22
2.3374717346526462e-20
5.37084986747519e-39
6.243120513208447e-34
3.113745588724152e-37
2.0207040028647056e-11
1.8361245341035668e-22
2.2262187399342464e-25
1.9946289721292178e-17
1.9303401867713137e-67
6.070130689822656e-13
9.205036390172134e-11
4.668332530125e-41
4.816452782282796e-31
1.2329119247433694e-96
4.480164800225655e-36
4.5160742647186284e-35
2.182856530179595e-10
1.0482255877102331e-29
3.5634512689981016e-18
4.3060638079075996e-16
2.101775485721843e-23
1.9981522740866304e-30
8.194290470514712e-17
2.0421813014905216e-21
8.182798826148822e-14
2.2049466102281157e-59
2.772373978432461e-48
2.790096703268429e-35
4.4099753859895454e-36
5.05154369032202e-18
2.0823662300550522e-22
1.9715208446465737e-75
2.72789929117002e-43
1.2987306428576531e-07
1.639125367514778e-19
1.1435221146217037e-20
8.419172895906148e-53
1.1803079737259078e-24
1.2448094640908756e-38
1.1687140786368215e-21
4.395157345420175e-13
8.864359178767904e-23
8.136603441976114e-15
6.820238913398971e-30
4.079346745189368e-16
3.757257087132432e-38
1.0215982675949947e-10
5.554637167260239e-15
2.42352697915823e-19
1.78184311051596e-28
3.495660407346228e-16
1.2945559972916566e-14
1.9682498726524778e-13
5.980313644352177e-22
2.1115841862147876e-43
3.655831285685382e-26
3.05318188467084e-31
5.2805060396364034e-21
4.561666574599124e-23
1.8600503188615865e-22
6.903649536943982e-09
1.2130836381541498e-15
6.965785002247246e-37
2.521406841823033e-16
1.7433041108901418e-36
5.010699765310201e-38
1.9017845693064402e-21
6.699664820231781e-31
1.2119482507938075e-15
1.084579891058516e-34
2.134166650535648e-32
4.281286225577468e-28
2.1805482606999848e-45
5.6656957957870195e-21
1.087734663446716e-41
1.5533202456251363e-35
1.449299925873462e-19
6.035502079936338e-37
2.794475979392959e-19
1.5590680274641266e-28
7.51813026137104e-28
3.0611608008049596e-16
1.8859758915802586e-24
1.1916889924228752e-18
3.175039420363009e-19
4.314664312428903e-09
4.1267000482996345e-22
6.116075469151513e-53
2.0776820271607215e-85
9.674586706644155e-24
1.3699344573158009e-39
8.138950476358871e-19
1.427910237934327e-13
9.091501701811354e-21
1.201970820671263e-36
6.640519891676243e-36
1.9456968713703915e-62
1.2024292853664273e-24
1.8047678457577654e-08
1.0579532729460141e-19
3.240117739238162e-28
4.014102734308821e-10
1.3477552210505392e-46
6.505761550299884e-42
1.0760035275662791e-08
1.2500770897456316e-51
5.194965688742337e-68
2.2373112120391665e-16
1.7833883385761964e-26
1.608188524995998e-82
1.2502874881957565e-28
4.207446305507872e-79
9.093794262763184e-39
1.0599646554186275e-22
4.73162817120897e-16
5.546195720014271e-47
2.496491549845615e-38
1.026140992235889e-54
5.636154735269644e-26
1.649089941793611e-45
6.11194156914256e-41
7.944179484771724e-22
9.384946925253406e-21
5.024806434239743e-25
1.3014071124216406e-37
6.591466478065566e-19
1.927997305877429e-35
5.874632126234504e-18
3.731543838397418e-38
2.299270971721904e-32
6.439863773050679e-06
2.6042685546877422e-19
3.503123280319606e-55
4.125056021758771e-13
1.0611756105451271e-38
8.377559459727802e-58
1.9440772272557221e-53
1.5532166343777555e-11
9.020796434239237e-42
1.1395237516833297e-17
7.673506524253058e-18
1.4362882143847438e-46
1.1341893691637671e-55
1.0854480539937735e-10
2.756350386377178e-26
2.4865628306148545e-42
1.0742397789775906e-21
2.4354042674426246e-17
1.6341810202612484e-47
3.878156587761369e-23
8.168468658266942e-18
7.2384195575022145e-34
1.1196340061714825e-12
1.0468332157937365e-28
3.915827809910852e-18
1.7045691036668555e-13
3.454248612364602e-18
1.1354381976181304e-26
7.997675033513337e-61
1.5696705821127117e-31
9.066856604075697e-32
1.7028344504069612e-49
1.151122535487475e-21
9.413876715637677e-26
1.8506557318919406e-54
1.2067576253806873e-24
1.0008375746811837e-57
1.392560759327101e-55
1.9064426353860648e-08
7.439393382366106e-23
2.2052515897812585e-25
1.1221078280982668e-41
1.1671353361382208e-35
3.6678809535986552e-37
3.53281978697676e-27
5.44925807195498e-29
1.7222029087938348e-08
1.1064468138738036e-29
1.068277826981555e-74
1.625977653382674e-14
8.483037383915306e-11
7.720359570047015e-23
3.5630403127299918e-31
1.803384613534869e-23
4.346814968565754e-18
2.967216147449178e-34
1.3071615927026933e-15
6.116974636388673e-36
2.6805502883747727e-28
9.38268219247405e-42
1.1801288368859579e-13
4.541447427342237e-34
1.099101888867371e-21
2.7906493588657455e-33
1.6327167209935783e-19
7.05845448214673e-08
3.414889032288301e-16
8.460354210617977e-35
5.089120364045863e-17
1.683539064540179e-45
1.5502983724124925e-69
7.815551260012916e-15
1.2210340895299419e-14
2.0855862254657984e-23
6.016225391361308e-23
6.777677475985698e-31
1.2525189577478513e-15
9.372350821097816e-16
9.451880395210438e-19
1.9388210590227724e-72
8.585771282325044e-79
1.1329970464012062e-69
1.1765192812601769e-10
1.3198151537826307e-18
3.4103093296262516e-17
1.4920256741372612e-18
1.782661590026549e-48
6.096431443511722e-14
2.3731902964592238e-43
3.7068218916660325e-45
7.793353987964266e-69
2.079102148353351e-09
2.5758655190255765e-38
2.6559822021000112e-18
1.0380242785425536e-09
2.681330151690183e-27
9.718266322380158e-33
5.8145981963518045e-15
3.047147526218119e-14
3.1123488326033945e-11
6.180809541114861e-13
3.644235821449526e-33
3.222353623562943e-16
1.9356069659195912e-17
5.703417572647142e-22
9.846133343599081e-32
1.361920683784762e-07
1.6748740070557152e-10
3.234700704583338e-67
8.184494640962242e-19
5.265973678770594e-22
2.9118256403156695e-16
3.334813078372512e-35
1.3635966441493136e-23
8.588720554208165e-37
2.2163266761890572e-15
1.8241593867818353e-40
1.8960804431845218e-45
3.747702348916772e-36
5.578631050351315e-31
4.819602075479993e-60
5.220952578353235e-49
7.956992916425733e-78
2.0456091062145983e-20
5.045103287028325e-25
2.8250036140639795e-22
7.662130856683321e-69
4.163593708741516e-19
1.9629502157464916e-42
2.0908145824188517e-19
2.522877239721982e-21
2.897677136690901e-104
1.6951965055998722e-39
9.540364161897561e-15
2.2374740348486915e-12
5.344489039030436e-12
3.124250636170379e-20
1.5926987694138904e-39
2.358675452600488e-37
2.956984078444379e-16
2.460194046974198e-12
1.802650895389191e-15
2.710051104925296e-31
1.1538561930786453e-56
3.6487541942569645e-51
2.19604811773106e-31
8.553315351038727e-28
7.838666317161882e-27
7.336221750501341e-13
1.40588067779428e-39
3.7469915245548156e-10
3.180661832895292e-26
3.555894411295353e-38
1.0832287926610657e-22
3.8599572927130135e-65
1.0054742644199074e-37
4.058673839763664e-57
5.052405181691788e-24
7.292454139683271e-28
4.136380884260767e-25
1.9060894569355777e-39
1.2740326134164604e-19
4.077225099736328e-15
3.2935652876624746e-37
3.396745206669202e-58
1.5103706312298217e-14
4.9746232991623756e-33
5.806008822295782e-17
1.8314656120865682e-20
4.503213231237856e-32
3.353246198114237e-17
1.410802900651016e-27
5.932583833845739e-64
2.2108316419684515e-49
5.3938499485381056e-11
4.852970833789772e-13
4.198994780687105e-36
7.863604820132236e-37
1.1917469190262973e-36
8.765926749052629e-27
3.196738134072097e-11
1.5862226773440994e-12
7.534014723539062e-07
1.104376211639551e-20
7.04595358767335e-22
2.5910446237746153e-32
3.1431041491751648e-21
6.261244008592712e-34
1.2926287430668094e-59
1.1825691914191883e-10
5.366210726786289e-15
3.634432134282505e-24
1.380690611332186e-13
8.48754584765013e-34
4.7345587235836435e-07
8.90888406296298e-37
4.399545717685168e-19
1.336917568637541e-17
8.380901457139963e-19
1.2576508909053168e-15
1.0099177700815476e-10
1.768872005821019e-40
5.444561170112742e-21
4.1166428078601555e-43
2.7069618242610644e-52
1.8926215363312788e-18
2.1761865083575506e-16
1.0717030697050007e-16
2.916343084436249e-24
5.744919457450516e-27
1.2975996208307284e-61
1.0948126358368958e-23
8.833573728883038e-52
5.0495254602824945e-123
2.077072592907753e-67
1.815637723984527e-27
1.1252480927628933e-10
5.121686670144616e-21
1.8171676961431686e-23
9.603309821527229e-29
4.092102767610252e-18
4.9972989455122e-45
2.914610018740625e-20
1.4757547685571087e-33
2.6204201500347165e-36
4.510751276132549e-51
4.2033481830904385e-16
1.3288101284142471e-17
2.614503129002808e-13
1.4049913715759148e-25
6.433092825226261e-23
1.570773187964025e-23
4.6978634045114e-19
3.692641286928378e-40
6.192159897590974e-25
1.5910306318735297e-18
2.559153645538257e-33
5.66222613540795e-32
6.083163431026107e-27
1.4687768335057504e-52
4.093545539554606e-15
7.109044599966634e-26
7.478475669037489e-22
1.1986938711411468e-17
2.2142344738028555e-45
7.264195483349408e-34
1.7601649917647433e-17
2.1632766004834343e-37
3.7497031433586933e-23
9.758178127504649e-17
1.1153508008528668e-21
4.9436408868080066e-29
6.63104058259793e-34
1.1774978270878243e-25
2.6506395011700648e-14
2.700033890004535e-20
1.4226335479093763e-14
2.32467591397199e-19
4.826159812690194e-13
2.8793952942654356e-38
3.616854571020441e-20
5.206017502303558e-19
8.712027184890685e-12
5.626341926812977e-96
1.4941401408012985e-18
2.2575017182489527e-26
1.4461304530389589e-15
3.2175258497786126e-18
5.0410466795363415e-40
3.809644697048506e-30
2.8839463829236183e-22
2.8174994501394567e-21
1.379920355320719e-34
1.4990023225974247e-20
8.402379906810061e-16
1.956080434887157e-32
3.743664618677349e-21
1.7137129040052887e-22
3.951030391679233e-31
3.646256699338815e-22
3.9652610402156657e-29
4.377566983617829e-24
4.932566311555751e-27
7.537194146783808e-21
1.3776040609910346e-53
4.802741686150793e-34
2.387763853631111e-19
6.336472684765806e-45
3.7120808390885076e-19
1.0747629091239478e-12
9.099578923456452e-27
8.270440352045872e-48
7.332661153734338e-27
7.34342446547693e-52
6.464256503671404e-32
1.7513822040631602e-53
4.249487676388895e-24
2.1878508511195797e-38
1.3495013071186011e-17
1.863483614967257e-23
8.126592514114145e-17
1.7046988678650026e-23
5.381036229866194e-118
1.9078293063786677e-56
8.164841420749512e-30
5.024354252250471e-23
6.694551518949044e-35
5.168926641600931e-40
7.32383401646767e-36
3.9291059956384773e-119
2.525997668707486e-26
4.285339018353551e-20
2.5251014985062882e-40
7.275124336419596e-27
9.848968737157965e-20
3.773833184665418e-15
3.5287832965339945e-41
7.570983420213673e-15
2.9723276842348514e-07
1.249748394947279e-66
1.7884729733328967e-43
3.566312558799044e-18
2.3813760122412747e-18
7.360209669964296e-12
1.1502907975762783e-34
8.924626266210477e-27
3.7728731879380747e-16
4.848364857873427e-11
1.9132939105446227e-13
9.022782064796875e-18
1.3106284725856335e-45
1.2667076550475758e-24
7.60334568573946e-39
3.726963135158719e-54
1.175745139961328e-31
1.656174838669463e-11
3.6853754834997675e-45
8.288244544482086e-32
3.139267167870092e-42
1.9417009668776215e-25
6.180927535077967e-29
6.690460063570151e-21
9.470247119649947e-24
1.2896795099280574e-15
1.8698446467239112e-14
5.331593898330306e-36
4.2684972472057635e-76
6.557354641131421e-15
1.0951623622919775e-20
1.102314503803483e-21
9.95644123040355e-36
1.2944324779045653e-32
1.1318697560728611e-20
7.407778040960867e-20
4.206941362508152e-17
1.5168748733820834e-34
2.162519660536438e-16
2.8022770500044405e-39
5.911573861250298e-13
3.9186491005026573e-28
7.527292132021265e-14
1.3749337359699497e-34
1.0357798150467258e-31
3.31203694967182e-46
1.814689320575275e-21
6.565489216942343e-24
1.1215188348668967e-32
1.5612042378073625e-24
1.5426179921581238e-21
4.801613544698938e-36
2.452859231960197e-25
5.313083689211146e-27
2.3629522813160544e-41
4.000807480578844e-38
1.9094582940084978e-35
2.6906855370432e-26
2.489982741231681e-32
2.571512078579917e-15
4.695279929735807e-24
1.4118182212564914e-70
4.5506407220636516e-21
4.868089058997043e-13
5.0414981295640236e-55
7.776104345415338e-15
8.178270058802824e-41
1.235588955766482e-10
1.1506868449987898e-38
1.2442986216670413e-41
1.0515293434913273e-07
6.047145589593201e-12
2.06217116138247e-25
6.464619190773778e-30
1.0191153245352939e-87
1.310872289939819e-32
3.4527858688960776e-74
3.0443892453957507e-32
7.430489458372574e-48
1.333241220975023e-84
4.400077766142646e-06
2.4588414223328358e-34
8.632667912349971e-65
1.9009669031612607e-42
1.0490787749067151e-16
1.6531928231914044e-13
3.7424046417842396e-18
7.327983429274557e-14
1.0107858139094002e-38
2.704518186697344e-39
5.547614914172919e-34
2.2526912461862607e-15
6.963707942618353e-37
2.772917953173469e-29
1.7409863220512572e-39
2.3311339094796655e-23
1.6259446181734137e-11
1.6839389276829773e-16
2.5576334834446296e-30
2.060454006671369e-34
2.160438961684608e-33
1.1970747890672718e-18
5.838215631684916e-23
5.324371358961037e-42
5.3614351260673836e-33
1.8984946473475458e-49
6.741475153815477e-61
3.596689351478868e-63
3.9993699325487196e-28
8.105076466038593e-10
5.407274030460888e-33
1.6262308580388537e-23
1.996730502233793e-47
1.4168354698276343e-13
1.620156837329017e-54
9.979250178473673e-21
2.4990887121862315e-79
1.7440679936310227e-33
3.183900334833404e-08
8.90179881782472e-33
3.193033829731774e-40
4.8726739851916497e-23
1.2566460320794434e-24
5.747665722389629e-82
2.9485304451394127e-10
1.2841016657178797e-11
2.2249336181428747e-37
1.8472306785548003e-19
2.6153554595370814e-51
1.906790843962914e-36
1.712995234703766e-17
3.5139586548234916e-20
2.4687666009054015e-24
3.99696209603492e-08
1.8067651528548146e-09
1.0097285136461454e-13
4.456286166444898e-09
1.423624783414136e-35
2.1416241248164144e-31
1.4462539703916067e-11
2.228847893936641e-20
7.181021892100204e-07
2.7969890718840924e-18
7.872503883331924e-26
2.1050540539351566e-34
9.607713050647621e-37
3.464806157450017e-43
2.496732332015169e-34
1.0572774313521682e-11
1.1963938335673014e-33
1.9848064888115314e-37
1.0699342226096958e-25
2.4705540423534653e-19
1.1360726992897605e-34
2.38316398922694e-15
2.852017853809898e-29
1.2253549086111742e-10
1.3228883557294533e-16
1.490668432960967e-29
4.359945996936045e-22
1.0320158223589854e-36
5.181622104108682e-41
7.59254567657983e-77
8.177699148877533e-21
7.834932881529686e-13
2.4270116498526635e-35
1.7146324072199155e-10
1.685405127198754e-07
1.684296838632091e-32
3.405042649358735e-18
2.7128613555557574e-25
1.7287142695114684e-20
7.647485776187137e-08
1.4536815435028987e-34
1.708852797422311e-24
2.4222868907653545e-35
2.9461125440055935e-12
1.0328901304008296e-17
5.0250298784562685e-08
6.4536372283348096e-24
2.638532695911193e-54
2.9386349912131423e-15
2.634735799685571e-37
2.525207654259078e-22
5.374249236766492e-15
1.8859970523509723e-13
1.0842566918166157e-16
5.341174691030695e-37
4.166530408600244e-20
4.704353920573722e-35
1.662609348301195e-13
2.0044170445243126e-18
1.1718336893843883e-31
4.078960733142438e-23
1.806238997457645e-24
7.62007695482977e-32
4.1581040038387444e-27
2.067421985260958e-35
2.18537674019854e-18
7.1265125888050245e-22
3.2276170820567285e-27
1.171072438248207e-22
1.1232641920434705e-39
9.38964411721087e-34
1.058131389910745e-102
7.412310649213444e-55
4.588631279779484e-48
1.000250743121468e-34
4.826381933084312e-21
4.467518787847568e-19
1.4059185278816108e-28
2.3060279768272773e-22
1.1344778920018336e-15
8.927685119801545e-10
1.2887071915523435e-21
9.967265415123699e-18
2.983501642752611e-42
1.7521513017158038e-38
2.2282965659221656e-16
5.162963009146315e-11
1.3043479436235071e-09
8.578170945142301e-45
8.803635847012845e-33
1.4295285405755298e-39
7.512360726162122e-45
1.499159542615593e-29
1.5421745469068876e-07
2.083682835898162e-54
2.445751555177165e-47
3.899338684566542e-15
1.384077057264127e-25
4.0702991088786e-49
4.051836045815154e-37
6.510615206522779e-25
1.5012088480803943e-74
1.602015301129089e-20
4.0509341240055655e-35
6.265575065975786e-36
1.7378233558280563e-20
4.7106358513840455e-49
4.946757515497694e-25
1.8779121935634286e-32
6.130767599988859e-21
9.339312852189456e-30
1.3388252630675658e-35
2.748846952686639e-29
3.9332463938642907e-36
3.960767808656196e-18
2.0895719677698643e-29
4.796321372543657e-39
2.4514089894849163e-11
1.0283966844378263e-16
6.974482714215556e-28
1.889052151574118e-48
2.488642944179796e-31
3.5880646138971373e-31
3.2875576416828494e-51
1.5976485177046467e-42
5.420971132831327e-33
9.626551502983735e-26
2.1422802782571478e-19
6.61187953834336e-08
2.2907504338284415e-39
1.6075834183114957e-21
1.3271256263659653e-38
1.3857748108558536e-45
6.831604015464773e-22
4.245057750289248e-18
3.205042701166624e-15
1.1828585615074616e-67
7.548121913512341e-43
1.6630579232489358e-09
2.8863585943157795e-30
2.611479575260432e-26
4.031679319469105e-08
2.8658442467604407e-12
2.4458994085884916e-55
1.0943647060917483e-46
8.216381680780601e-25
1.3260039295644747e-53
3.0542369018772468e-21
1.921263963139174e-43
6.295851710292894e-16
8.198217512333766e-21
7.292733475726059e-16
3.389023170480216e-37
9.314532198117792e-15
1.1513858286603662e-23
4.747184412000381e-70
1.5899700552372218e-21
1.8976342814389301e-34
6.69346574457199e-14
7.735761281165235e-23
3.5895915132749015e-11
2.7510410162470397e-05
5.650705296142864e-28
8.18933029547771e-18
1.285951118418485e-16
1.1911708538647196e-18
4.0648532568311493e-26
1.654832001529615e-17
1.070146296210597e-42
1.0590295532902448e-20
5.334358266609099e-16
3.641561894061631e-30
9.857476967876036e-25
1.055810448376969e-08
7.541895423515775e-18
7.248929912397914e-37
1.1250734723539926e-37
1.7001614230991607e-24
3.270441462612185e-14
1.8639565678287636e-27
7.888692428538003e-44
7.725199198072633e-16
3.930541390280231e-32
6.382215761245421e-55
2.6836154345776216e-59
8.029718405885421e-30
2.797714098051487e-15
1.3367430373883439e-76
3.0652037970431096e-23
2.1814189775263813e-39
4.991036999064057e-134
7.796677453196953e-15
2.1358916553429746e-67
9.916897590943446e-86
1.082183665180736e-41
4.51267592571165e-45
1.6517928194388323e-38
4.308145100704634e-14
2.146256895745635e-22
5.464856922357659e-42
2.9081926389901204e-17
3.263271137012461e-08
1.7769131292508978e-14
3.8788066348412405e-26
3.2570024657201666e-31
2.2011285107482566e-29
8.22896287963356e-39
1.2564735545306296e-31
4.241602921523057e-25
1.477355879357594e-15
2.9619828994848304e-10
5.198186878703018e-28
1.4292566341726692e-42
3.0720740687160404e-65
8.762876708129903e-26
2.460840383341251e-10
2.328035644672656e-11
4.9469361653239945e-30
3.147645948417641e-32
1.204188566897662e-62
6.240374923644157e-31
4.6999628707284135e-22
1.6064834210078722e-06
4.2940293978130907e-29
7.075812324567604e-39
5.93546934133413e-17
2.2388714403062577e-34
8.929256658955252e-18
4.096334233970978e-11
3.278784591524003e-30
5.0677035433403425e-19
1.334128328119407e-63
4.553629693259584e-53
8.520640160375204e-36
1.9399317369438393e-23
1.7356160922621856e-12
6.532085992910115e-11
7.0831053414180864e-15
5.949386973284214e-23
6.2060283996026626e-30
4.7638648379182444e-51
2.0044096461244603e-16
1.0986787558095257e-20
6.796024504702164e-37
9.251699361464137e-19
3.6235071100462895e-21
9.478452133048736e-26
1.9445465474457802e-25
1.0088322030800645e-12
1.9648839383307112e-37
6.37821663614869e-30
4.44778803301094e-47
9.768487657323701e-42
1.3375458539563822e-35
1.9939076205264213e-22
1.3781177971237549e-16
1.5605708624532295e-55
5.699346188648304e-18
9.336161701282848e-48
1.4944729192020406e-74
1.0640258748668942e-19
1.411485998732561e-23
2.160973671954476e-22
4.2057204071199585e-60
5.1498530785872154e-48
3.2272311311754466e-24
2.6814859962869733e-22
3.311620638166605e-27
4.5070702810567083e-36
1.122449670149009e-20
5.534575622379192e-20
7.948458140969025e-39
1.2383026727918828e-50
1.0892082854607034e-56
2.3404782933461284e-14
9.186049738313776e-24
7.432826808302855e-45
2.1286112176313334e-13
8.28090510074534e-90
6.245145635082242e-16
8.416859697316701e-65
2.151821395297993e-46
1.8232971901982233e-36
4.534164237801053e-29
1.8205229804334049e-34
2.8323866121263766e-29
1.100518261042462e-32
7.724051586424116e-20
1.230551635555862e-31
1.1279705230962802e-39
1.5218464861858975e-20
1.5475435437683662e-34
2.862449157445312e-18
4.07569738519594e-14
2.180685595580583e-21
1.2992980508252742e-36
1.8257449908166666e-28
4.2681010240191205e-07
2.8712057893641687e-22
3.3730324087967473e-13
2.666816870174969e-19
3.59487173560643e-36
2.9095897570204406e-25
6.452634841174572e-22
6.712329920230167e-21
9.99021232167003e-20
1.6983276869727257e-34
7.15700311553546e-14
2.0979746989730695e-15
1.3801165571511087e-38
4.862311506948523e-27
2.1943493744522232e-32
3.124862123583321e-34
2.403948666047912e-50
9.229769343507294e-37
2.2073268538377075e-42
1.9557228977928573e-19
3.1548731074870975e-11
2.469659885480223e-28
7.644617662086498e-34
7.915795468214462e-23
1.599968207556685e-20
1.1147131305772675e-64
3.4939687336023176e-37
3.570959336350758e-25
2.9541654541392764e-19
8.740765722420597e-72
8.043311148999851e-13
3.7981726436127185e-37
1.3130509468910684e-37
5.794879870868614e-12
1.1429866759362397e-11
1.6847955325094335e-34
1.6451779064316015e-26
8.449774856571128e-35
6.474207910286414e-64
1.4202108741480217e-13
4.934090721577917e-16
9.82244875103454e-25
7.811009547238513e-15
3.127654227748886e-28
8.036710077618469e-17
6.493761034996188e-30
2.1843398947952726e-34
2.813642263834638e-22
5.62637387480514e-44
4.9070536668383e-29
3.4248985892724394e-18
1.1763517001621485e-12
1.318160572428e-21
3.0236081811097405e-36
2.8971679157705172e-40
5.1471137731831016e-23
2.875384055815237e-67
2.81188795398546e-43
7.171149523774521e-26
4.581883536839289e-35
4.921139105589729e-09
9.412436368854824e-73
1.4512943844155987e-07
3.451641664801698e-26
7.312468682047312e-19
1.5046941280181362e-43
1.0679353696016459e-99
2.1676238204757077e-33
3.317840780652629e-27
5.63322519456658e-44
9.430384631858206e-22
4.770516889077947e-45
7.755492086351247e-24
1.908552855831671e-71
4.325281267668527e-43
2.281590113094646e-26
8.031122852052055e-42
2.1229111377535054e-34
4.4888436099390206e-10
5.266509028311166e-12
3.229506109993694e-18
1.5921704999881118e-34
4.396107748775516e-27
4.369047766966044e-31
4.152548632294173e-34
2.7225558573537407e-60
7.136790813171504e-18
2.3647989832689894e-08
2.2211853278915206e-39
3.156594189626693e-63
7.100695665520448e-58
2.2376980108624676e-29
9.752362534894213e-13
9.359643324657045e-40
2.797423423008861e-17
8.385793630672367e-09
2.5573409691700895e-10
1.0843325378698285e-19
3.2075811778551654e-19
4.4229546352361685e-14
1.1624134573895797e-44
1.6757546919732264e-10
7.093426039092507e-24
7.479736941849426e-22
1.4381165767512346e-08
1.029055764025094e-24
4.02588096964897e-47
2.721425945856153e-21
3.985357540101361e-44
1.6267698477923305e-58
7.640812145981662e-15
3.413257358433112e-34
1.1916646046288958e-23
1.3242697610065887e-22
1.3940385373041293e-67
3.8124722142208644e-19
4.653585511867067e-13
1.4426150029750859e-08
2.43729587770605e-14
9.756780748628453e-22
1.7186011080348226e-15
1.519676743653985e-28
5.581012298329684e-20
2.6593258196380386e-22
9.794682475091789e-22
6.763567381794992e-15
2.427495552867585e-43
6.631084167599365e-23
1.724575081066755e-13
5.174239597478595e-16
1.3163692345893294e-25
1.4093475669136004e-50
6.376069223324986e-25
1.6386984304436472e-24
7.955218480358006e-19
2.3492018369036868e-08
2.5595249600383374e-09
1.1422954785568718e-33
5.94458951864097e-43
6.603589276748727e-40
4.195824602969186e-39
1.029156765382967e-26
2.7289506615058294e-35
6.385126869595436e-28
1.4854182209284224e-19
5.2256790426704515e-59
6.217029434013212e-36
1.2325324555314005e-52
2.424728318646134e-29
2.7708051148694147e-40
2.634028897140506e-13
4.43390703180989e-14
3.5166860545942743e-26
1.9787337055222376e-41
1.388715247022612e-22
2.723181083966981e-18
1.200098946525896e-09
4.8222619992068035e-21
7.306972989280296e-23
2.86373573596066e-23
1.478354363135377e-21
2.2046015806498412e-18
4.6734480221282883e-32
2.2401257818975025e-33
1.7644084515198893e-48
1.2219456971350376e-32
1.252287876176755e-38
9.299639943955903e-06
3.199397306226907e-34
9.529221744101323e-35
1.7408888367410464e-30
8.477549192229499e-41
6.698793903098551e-43
2.3816186985682397e-32
3.3701225108888786e-15
2.6079163281211056e-17
3.238846901089613e-12
1.838542997444225e-38
7.042318117629322e-153
3.061298985021826e-19
1.8567246623035418e-16
1.486060266832372e-21
7.928885946265592e-30
3.5359649228723354e-26
1.412856765221494e-17
4.840180599896934e-22
1.6260080090892243e-16
2.7783018548314782e-58
3.4751036996009736e-17
2.8687494551807106e-09
2.5735743607935643e-14
1.542301763421419e-22
1.8699639052179717e-43
4.791629240786818e-34
1.1037822256650948e-32
4.82791039684744e-23
4.1423202903704514e-16
1.3519887406704706e-10
3.3250586300404672e-06
8.69662530284816e-17
3.3858574474669414e-35
1.841687933915851e-15
7.220921362425158e-17
5.883383376061944e-09
7.059964302972991e-28
2.4047178261517417e-32
1.9498975484898098e-19
2.911350022112299e-22
3.2819137399878766e-42
1.6326745198022219e-15
1.1618372246506103e-38
2.5346180932936293e-23
1.2424134296869052e-21
1.813330153617339e-19
4.992259033317272e-67
2.8134939150821725e-37
1.6697715387922015e-16
8.881798363385112e-24
1.8968980051617184e-33
1.0711028582499583e-24
1.0216473521467747e-34
2.094271108391484e-26
4.0423835150788696e-41
1.329897012611769e-29
2.4696072291554777e-48
1.8271412291738133e-31
1.1891303517774111e-10
6.837031118144044e-19
1.4842619717166582e-17
1.3646205585544133e-33
2.9989609398555094e-67
5.4786574624079483e-45
2.7201350158574595e-39
6.271983212711882e-33
2.2205644353790702e-23
1.3541934215755079e-32
6.75059662912663e-26
5.05749039741142e-36
3.646022007995123e-22
2.9858130667320374e-38
8.660342084602468e-58
7.563717618984658e-14
1.4530971332352134e-26
1.1340324592457637e-16
5.312908018131912e-17
1.914536347194678e-89
1.4118893965995812e-25
2.4536158894121314e-20
7.026889728807741e-97
3.956645791514571e-33
1.6067666131001136e-39
9.62309165690217e-53
5.623611315075964e-40
7.622275187636718e-15
5.3504953651415375e-22
1.641703614073298e-35
1.9989550624187598e-42
2.7925199472762213e-25
4.152653044117169e-25
1.3761242540393515e-31
4.793741208918588e-19
2.288455147105452e-06
2.497107429134663e-18
5.290480675015571e-06
6.937123148212133e-17
2.2409459735565905e-11
2.36638942501001e-19
2.2634027902200302e-15
2.333529987806401e-61
7.25829253113826e-33
3.0380547709464175e-52
7.983715012973451e-34
4.129577331521127e-20
9.295583586670362e-38
1.9207593124191267e-28
3.0383752214910886e-20
5.07668580325047e-59
6.60394596282502e-42
4.898228988571832e-65
1.2415591449080263e-48
3.283646296609199e-16
1.4889730977607183e-11
6.94864656109755e-52
1.6784608335581605e-21
3.0138920031832954e-21
5.907123145685321e-18
1.894742460231383e-29
1.0225627263004798e-30
5.341328518646465e-39
2.179664142589797e-38
1.0176063993875895e-41
1.1213415705243803e-45
4.980754698962553e-15
5.552572140030774e-22
8.75851456133806e-17
4.886438630369461e-13
3.661231286063168e-32
5.326187280642728e-38
1.0644662359075703e-69
5.694382950182799e-35
5.439334619572492e-23
4.145421048613839e-12
5.3363497624328416e-24
6.12564882786242e-39
3.929881522178348e-41
8.90528034115084e-27
1.3172241215998926e-40
3.3753070369248466e-22
2.7002015050089553e-23
1.9697490438066243e-36
1.8873578223702365e-42
1.4327565612180275e-76
1.2057686027875234e-16
1.9012197202710672e-22
7.338732037641843e-20
1.2560289062608754e-18
2.8836864924647084e-37
1.3214619060852248e-23
1.7689179204058392e-21
6.490227965351401e-47
3.4531067175871926e-26
1.4459609500062932e-16
4.306407744785959e-37
3.620944705085755e-27
5.58278779264376e-63
2.8798204114800056e-35
2.614902802817541e-33
9.076701652984231e-36
1.0754870701489125e-25
4.464337781330065e-30
2.7572217447902276e-19
1.792088563206151e-30
4.188322436055173e-49
4.314512105193803e-24
1.581730989478407e-22
6.809069297387881e-36
4.912474964731344e-34
1.140814450682064e-40
4.579010640108216e-18
6.236390688419182e-29
2.1348240969779137e-25
3.9195319576770544e-27
1.0258855414642508e-21
6.00150761388295e-21
5.050155032490436e-25
1.3686050428016198e-26
1.5461760839474713e-39
1.7383836620445172e-10
5.692829608453198e-10
3.469990055986699e-34
1.0204551225953735e-44
3.905211588763923e-47
4.3496720042410495e-23
7.411892064313157e-17
6.786781932977743e-23
8.359941318117583e-18
1.1803454309921369e-37
1.0757080081006469e-16
3.4025449488694075e-38
6.810313764710215e-34
7.953945644633682e-17
2.6149542380160087e-28
3.528050938337835e-17
2.033406763322564e-13
7.228254206573019e-27
2.7475683839679175e-36
5.670036306356861e-18
4.155154138777391e-93
6.773273055273639e-31
7.084417168437208e-27
1.1988424201865728e-50
2.546616894237798e-19
1.2280135947192404e-28
3.9131088100925657e-63
5.752427771093492e-35
3.942516016802562e-18
1.825861114036647e-13
4.113869549463927e-37
3.637216046671807e-19
9.077790849382858e-18
1.7433709860205676e-18
1.786713164472974e-27
5.808878752298835e-26
2.4508081280726973e-14
1.011814286705338e-17
9.90659950304305e-48
7.867334693668949e-21
2.9624023707642227e-25
1.6367060076628325e-33
8.583891136056512e-20
3.768324557370044e-06
2.282975739403728e-47
1.4439447686950921e-65
4.4622857277112107e-33
1.575034588206458e-22
2.0805725527407787e-100
1.0256556106579111e-14
1.3480690954888445e-83
7.221590781817366e-14
1.39423595313832e-34
6.513561610067677e-34
4.497371214744242e-38
2.7298747433994e-18
1.102788005666867e-06
1.7124658250497959e-35
2.406578412108215e-75
2.9247931665220965e-16
1.2753190802029467e-33
7.538554515594051e-07
2.4006305075904896e-27
1.1816894252825333e-20
5.643131309234449e-70
2.7977690712111537e-24
1.3121407731776505e-21
3.734316184879678e-37
2.0030187516306636e-15
1.8210412511828052e-37
6.471902794029445e-43
1.425482656880367e-25
3.833531233061908e-30
1.2331920715105319e-47
9.47594949826892e-43
6.99091450935329e-11
3.1459742031723604e-47
2.6196856031796822e-24
2.1418693545198062e-33
1.3566509161077442e-12
6.953191195007154e-17
1.4190912462296094e-76
5.039783198603096e-13
4.2266579436570257e-14
1.704694709686478e-10
5.817449722751271e-09
4.000561374463784e-27
1.5845207774006912e-06
1.6104188269344488e-31
3.0237633701029578e-27
1.0049958827478476e-55
6.980927210570466e-29
2.352544565045666e-16
1.5106738584114456e-38
2.4923542191120025e-13
1.468174743354992e-17
4.75343979491524e-16
1.9204274786888756e-11
2.84606256052919e-20
3.695923969095538e-24
8.80870793286925e-16
1.1934720364626628e-26
1.031089635316186e-20
9.850766988811886e-26
4.695590905187627e-07
2.4791806858717165e-17
5.960116785399767e-16
1.7184523340767057e-35
8.658639059012628e-24
2.081743155862251e-28
3.154173418606529e-22
7.2679587968365315e-31
3.207358805282e-39
2.975111771354721e-22
9.259401142106575e-76
1.9218712370092985e-49
5.0766876484498395e-36
1.52467621508186e-08
2.346127381616826e-34
1.2022442806946857e-37
2.4931126011775374e-17
1.6019903566253943e-23
2.041099784225143e-22
8.002941980835308e-23
3.761809306005626e-40
5.5069276434289847e-17
6.189262933069381e-43
8.000541872765612e-74
2.852289765211158e-16
8.983162450164697e-61
1.2765613979832833e-31
2.7979133090478e-28
1.0341658582353713e-11
8.533986245537399e-17
8.581643962022193e-12
3.2831368589011804e-15
2.1832916182879596e-28
3.941984970426979e-20
9.778017651452788e-20
6.9125853070999854e-15
4.899135743355458e-26
1.01043658487512e-35
5.0966083400280034e-39
3.546776662600971e-37
6.850283935997727e-11
9.599670384140668e-43
7.597466670896554e-25
2.6568908032863385e-19
2.206681420705365e-11
6.757299841873974e-24
2.5688673360224142e-24
1.0447308094018616e-19
3.206937603624857e-23
5.0201276312160214e-27
6.123945175745856e-29
3.276118066967358e-26
1.0562041193135128e-33
1.051163631533873e-32
3.796137146348292e-12
9.635945899509282e-38
3.090880264186023e-23
7.488292035745506e-26
4.1922480374913633e-32
6.557449003256605e-33
1.5044900547947643e-23
2.465692788517244e-18
1.262389502566212e-29
6.735524616259703e-09
1.3855525140075564e-40
7.19413075717797e-23
4.703385961665664e-31
1.4685295379595684e-18
4.3641641163882934e-33
1.2872208311090936e-33
1.003058190327645e-10
4.244572195294933e-16
8.464145493484551e-13
3.855798380906117e-23
5.02601076007749e-10
1.6796689574568625e-28
1.217770113152941e-24
2.1052353591521734e-21
6.676633005852449e-19
4.0380245573511463e-19
2.105505354970146e-85
2.9429331427638054e-38
3.704073527311887e-20
6.40747573777498e-25
4.7100171482787694e-35
9.99460412748664e-13
4.6443251496534334e-48
3.3059258214598384e-15
4.0040264214286367e-38
7.318920349023293e-29
5.193338908690065e-39
4.56730609224918e-47
2.442058132889676e-22
4.288240488996088e-12
6.453812945808206e-26
1.2225979907790582e-36
2.5036417695001643e-62
1.1856684990418898e-32
1.0411412479890995e-53
5.793263614922363e-66
4.563110963649226e-13
1.4243250418782425e-06
2.1932880138354596e-65
5.4241844391770176e-36
2.6821487156263936e-22
1.2338653571297887e-76
1.8380914631535867e-22
6.875647145753247e-45
6.133713867239159e-08
1.681618556132237e-19
1.7382994859340271e-34
6.03402949478059e-20
8.386889563296434e-19
1.2480905642247118e-11
1.8685384009393521e-37
1.162627930316154e-45
3.931738466698652e-37
1.1216791113804421e-26
1.1863102229026554e-35
2.5777975296773617e-33
6.406008777924818e-78
2.347834128495382e-23
8.793927536169807e-36
3.409317919846499e-27
5.82971389093031e-17
1.3381789732216438e-06
2.1901147716975112e-44
2.5004605444235387e-35
5.668999959935653e-09
1.1084763520330262e-30
9.222283793152947e-21
2.1838830909885374e-18
4.544484370468089e-40
1.9940687918260616e-32
3.3668783810953754e-23
2.146992292219843e-33
4.528288956196579e-27
2.3924582242110535e-41
3.542357371088494e-25
1.313726579296643e-56
9.126394884600565e-18
7.32927113103515e-61
7.34310713128202e-60
4.309860578925731e-16
1.3034704464392465e-29
4.395188319595102e-54
1.2635803206820697e-22
5.996863889270477e-34
3.814132105095154e-49
4.528293250800806e-21
6.639012392395971e-13
1.991174662986734e-65
3.1353070796337656e-18
2.460484328483451e-08
1.8062489738455172e-24
1.7739512504674524e-13
8.374509593660012e-28
5.349722435839687e-45
3.927617506177607e-08
1.13653410831383e-48
8.170222437887746e-76
2.157419834867208e-12
1.4903197820459073e-21
2.8043126766068977e-31
4.753968309748838e-47
2.185829901439838e-36
7.36519734438401e-36
1.1109348621020584e-23
3.6617736664269895e-30
4.420874384473606e-23
3.458164027379668e-20
4.937157507281549e-13
7.919273418409466e-70
2.9352182390562866e-31
6.690470394724423e-30
6.844923315744874e-44
1.1423197664730139e-36
3.370951070259076e-11
1.6395150639938042e-31
1.5361647531104267e-32
1.2758380969026056e-18
7.59810000520003e-15
2.4546353762816964e-28
4.248631227931641e-32
2.843161713250586e-23
2.0502361053376028e-32
1.0398017508391158e-29
1.3451833476123616e-39
1.3082352707162065e-47
3.6967417467733785e-10
2.891678078246968e-37
2.3717046449117163e-16
4.477087299435789e-37
8.349411450902092e-32
5.011104113983619e-16
5.540331701257825e-39
2.4640233024322436e-20
4.6612673364970767e-17
1.6995141315762547e-27
2.5595700547364117e-39
4.9502026027861695e-19
9.658106953580204e-20
5.431923440216364e-20
9.116413603364357e-35
5.598106914168903e-31
9.291174729749457e-37
3.433114941574945e-21
2.1154860528700436e-24
1.3766695307152448e-35
1.9727958361824422e-56
8.655052249337636e-23
6.564394529945565e-08
6.091853503218302e-98
8.174639782416748e-22
1.2544453987979865e-45
1.6514421144066734e-49
3.349376535769144e-38
2.1383822068600538e-29
6.844742320765709e-34
7.174021687462317e-37
2.2600331461118536e-08
7.951132075958736e-13
2.973259895377428e-37
6.022034458181935e-64
1.2418148939824703e-43
6.94126452425677e-29
1.4307017122380107e-22
5.2665819926098575e-17
2.029946928165311e-09
8.063045341441157e-31
1.5253900247774844e-22
9.409709113934917e-29
1.3911106249184348e-19
7.3643823874645e-33
2.1162220715078453e-25
5.207838956714268e-23
7.144800896799712e-57
3.6452077134604524e-39
4.739475503148581e-32
2.635424588190688e-17
5.607333937586371e-17
5.979102680499043e-30
3.2799008501037463e-60
1.832392900498229e-91
1.6522038979137035e-22
6.363950201692619e-41
1.585897450413081e-27
4.142011573771192e-23
2.8658551073729766e-26
2.0773099975641096e-30
1.265629122617902e-22
5.821489286804507e-48
5.488443973698014e-47
1.283432297421513e-45
6.682167651418983e-11
1.6906347167516273e-34
1.961310561677841e-13
3.218518654909937e-11
2.0550345637121336e-19
2.040460722188766e-35
1.4832871438845049e-35
1.6841942825492568e-53
6.714966092948537e-40
2.5979783331803967e-36
1.491517919910573e-08
2.9227716908844922e-33
4.302892793214939e-19
2.2551689646126074e-63
2.3551461970049657e-35
4.954236654339202e-74
3.172847378745651e-36
6.529369587644314e-35
2.2693349874049874e-25
1.5120888456935427e-27
3.759120905165981e-13
1.9707941606069504e-17
6.835293948735099e-36
1.3825488416268258e-37
3.444076047960445e-34
4.704724146724085e-54
3.1687334895037602e-24
9.812915423838537e-66
8.969595433593128e-32
1.172371892843134e-47
4.537873868040828e-76
3.2396845489973986e-35
2.0620647491986284e-13
7.938699659957533e-23
2.0561084598404617e-66
9.199879191910467e-24
4.890283191472294e-32
2.7955097848708065e-40
1.1335708264567999e-06
3.877398402457269e-29
2.6361145301700395e-15
2.2195820989813666e-33
8.375910358541903e-32
2.1218309398185317e-28
3.503065079803137e-41
1.013644515908759e-34
2.663351213531081e-07
8.021343784227351e-17
1.7108387437296894e-20
1.9132537458430583e-23
4.201529492633836e-49
2.7144368853817877e-32
2.3794985133388423e-29
6.580847531752004e-50
3.0981764789445703e-09
1.5512234164440065e-19
4.1554830701684815e-52
7.12477263673842e-43
5.121718876267281e-73
7.360234559483534e-14
1.2346457073102157e-25
1.9408364720762813e-14
5.83983781484853e-11
1.9956365751759782e-43
1.1063732731480279e-44
1.2507655406947018e-32
1.220400978977823e-127
3.719544382897384e-33
2.634343467637015e-26
1.732345008213527e-12
1.9019202172651576e-22
3.267450568974632e-20
8.238753398690043e-36
2.1779526513309608e-24
3.0837505044637038e-24
3.703463547930898e-17
3.420651745973574e-16
5.758388847489393e-34
3.7585335839397265e-28
1.398482446371811e-07
2.2888261789114936e-22
6.842620540688255e-20
1.0181696502938212e-08
7.647527032622189e-41
2.1685723875013448e-37
1.6778359078290078e-42
1.4364318985196426e-14
8.012650208907987e-33
2.1495406772724115e-55
3.585604323095898e-34
2.7871204542237113e-22
2.579741275919269e-31
1.2954237651583632e-35
3.518899252401919e-51
4.444311258581594e-31
1.343751392128032e-33
2.9089520267934253e-25
8.581179111901717e-17
1.2981332782145308e-30
9.044311816809896e-37
1.0708911513447107e-37
1.5501732860357048e-23
3.821517415662664e-34
4.64337904627337e-69
1.489597602059638e-22
7.517780254843823e-45
5.032413145265156e-17
1.3474579009292053e-25
2.375146236968495e-15
5.583489053783959e-09
3.187730496941734e-37
2.1301384302355664e-23
1.3316803237575617e-10
5.899955787775242e-15
2.6463229312901803e-08
4.238907715132729e-17
2.7308505558534663e-15
1.0570311032371944e-67
2.1126246396770814e-28
3.0236267988868923e-37
1.3277182113051076e-25
1.681924726300375e-43
3.2703129267180834e-19
8.243351994463629e-40
1.1343445875789661e-29
8.998074264583e-28
2.281201356925189e-51
7.160092465993053e-18
5.910551126316596e-06
4.307637076788185e-44
3.501606937219029e-18
2.0848985331765744e-14
6.2603018978440905e-55
3.248797545024352e-36
9.0070997835013e-36
4.130506261643077e-20
1.9311250318256405e-48
4.945903407673062e-40
9.578656619030423e-35
6.368993432293269e-31
7.095624623366865e-21
1.279789040314429e-36
1.9490529066459203e-55
1.3343121565569244e-25
6.647706354936621e-10
3.598526698150205e-21
4.735680932844933e-10
7.712274519358756e-09
3.8372050506469366e-26
8.865741787802993e-36
3.9551313303615756e-53
4.4125372983870195e-41
4.477697343348935e-36
2.274887400015416e-18
2.83346471745307e-05
2.6031717940002057e-25
1.1880225881361123e-19
6.258941581839973e-30
3.1085764647779894e-17
5.8226071636042026e-21
1.027609935780014e-31
4.356696869748302e-34
4.079359096588796e-34
4.570730502965461e-61
6.617350603225775e-21
1.0791155992483146e-33
8.470790220251389e-08
1.4346206730578381e-32
9.80222879248249e-41
9.5004047829557e-19
7.185520130510455e-28
1.4067141186371666e-22
1.5011335561721306e-39
2.908291142797805e-42
4.800725539160853e-20
5.132441713091667e-43
7.459952747222664e-23
6.526524996967786e-12
8.482151596436464e-16
3.2986885976343866e-56
8.301095644200957e-26
1.1401397585816522e-36
1.582395060881208e-24
3.478846538581551e-43
6.049812985012782e-17
4.96644976832047e-12
1.1604727360411178e-43
2.978346923011052e-13
7.239890671894041e-22
1.358760224251254e-20
4.01913032490972e-18
1.895237940498554e-30
1.5654053022735082e-13
5.864501598335019e-15
4.0613105176130944e-19
4.58951742113113e-18
1.6685452670361802e-09
4.92962924210444e-13
1.633739907509906e-61
4.278511220754691e-11
6.579646310962828e-09
1.5971382143951875e-15
3.113732227140735e-14
1.2137530770727363e-10
3.5729665045599644e-21
5.651245308470841e-33
3.695874292124121e-21
1.2032013798470013e-59
1.1990734432967787e-16
1.6217821781170002e-52
2.015996321228364e-25
9.442700419994887e-46
1.033147314872416e-44
2.340881192933166e-48
1.9641934334188925e-24
1.8383113734939677e-100
5.762488085027672e-16
2.3189204767575234e-22
1.8559699567454064e-39
7.676547129665293e-11
1.5473044805530475e-25
4.206016099605236e-38
1.8826582365220867e-27
1.6328222085402052e-39
5.606086133998796e-22
1.3025833230488626e-26
1.2769328550393905e-14
1.3101264677003458e-26
3.6393971669735726e-16
3.318141071838661e-17
9.059116637208754e-36
1.1279512499733882e-39
5.3633838908209926e-36
2.8614032041503426e-32
1.319123492523652e-14
4.6459134745773316e-38
1.4745529934206199e-72
4.807274813498342e-39
2.662053316511151e-47
5.5131351792861175e-36
1.8133612390200128e-34
4.588765818027457e-21
9.33093927503974e-34
2.633042066626262e-26
6.539606326783773e-23
3.2045121281741193e-40
3.23777059252923e-26
9.210467833414403e-17
3.272841038664382e-22
1.6380109810613225e-55
1.410963549784165e-35
1.765927695494039e-46
5.876576999187506e-50
1.6957000449512176e-16
8.009298372292239e-53
1.499249799710177e-12
4.2757862613064114e-16
1.8480863934674692e-13
4.95252597228243e-08
3.743999969700933e-09
4.153530266587663e-42
5.070911353764347e-24
1.616926084575407e-25
1.5956268061859274e-25
7.63493526281579e-40
1.7020084266910937e-26
1.4833390525176017e-26
1.8424109889362274e-20
7.795586900597834e-26
8.04406965395386e-38
1.0499641888656522e-56
6.931985114471282e-26
6.4456269690468316e-27
5.074314277541846e-48
8.542391018305409e-48
3.0785898226017986e-45
8.838231379266856e-52
4.1813652479431306e-17
1.971104292239329e-10
1.482867026362305e-42
1.4360802054661094e-20
1.6676408613012008e-30
6.290748652201453e-28
7.476839929400854e-16
1.3567704958003637e-20
1.0192420132790685e-31
3.963349925911609e-20
5.944118140330059e-15
1.7577077855758251e-12
1.0994652934378171e-36
5.038702357854314e-20
2.1761372494413246e-38
7.299974930234714e-24
3.736129338992015e-43
1.8481635744683593e-31
4.4995175898305354e-32
2.329902700964015e-50
3.923784111129615e-21
1.3903350498444187e-18
4.0829164717843757e-44
4.5239899103593545e-39
2.0105532965476986e-24
7.649199947408816e-61
2.0050800851651659e-13
2.4091063099582383e-34
1.4100674812309764e-38
1.8939242792911184e-21
2.666137465822866e-48
4.80342462434881e-24
1.625147686440055e-15
6.298120834017766e-06
9.491894211344553e-18
1.153015003436214e-09
4.616354739480944e-27
5.215738160176278e-13
6.2316246366349295e-31
1.2930689636757254e-34
3.404467428460057e-51
2.809079965164051e-17
5.740439151388855e-09
4.5977556164033365e-17
1.1578536767011238e-39
7.622346102397087e-41
1.1273081810779534e-72
3.4596647929462757e-29
1.2385126736204586e-79
4.4525310578939866e-17
5.940753530771263e-23
3.945294241797935e-27
6.1451032365911876e-21
5.160494733221715e-43
1.377737549704431e-09
4.7710347813432105e-21
2.4360147778999907e-19
4.5907912982642166e-33
1.4980921241276437e-19
4.30796968250998e-11
1.2692868024783312e-27
3.5337838650347758e-34
3.505533446910737e-18
3.5950158411144756e-19
1.2487829536845777e-48
2.6827218956600343e-23
1.2000987377019115e-27
1.5396592279347048e-41
5.709160517071164e-36
2.7475653434235316e-25
6.520094881960651e-18
1.3839105543651243e-20
4.854318948426184e-46
4.034165235136342e-46
9.434992889284596e-55
1.9351764993001422e-23
3.525863023516133e-24
3.1320157550955966e-19
1.7596672687412152e-40
9.816660708794394e-08
4.396661871290476e-23
3.267838417401277e-13
6.915819180462738e-28
3.11659853090657e-18
2.742494676798401e-21
3.1438968208247693e-44
9.57423550763696e-23
1.3086371684590056e-20
2.033808249947983e-53
2.7901286864501495e-34
1.0437892239829463e-35
2.786261786441083e-18
9.51938038933014e-36
4.165946963844928e-17
7.521688467021256e-11
4.167159434692234e-22
1.2621364631185964e-37
1.6938978782216502e-22
1.631666426441401e-34
2.0433709138604e-62
1.0639732432780371e-18
3.951399362944547e-46
5.991348873465868e-18
8.158020656717237e-14
1.2581448574410737e-27
7.777212434889363e-27
8.053999617002358e-35
1.7408569456565948e-27
1.2604282221530214e-10
1.0815377153647795e-37
5.823621588683454e-15
1.7826009932946432e-34
9.436706224676431e-23
1.9674445897312707e-24
1.372862003452968e-23
4.5458393677605935e-23
9.592593093304362e-56
4.239650840854677e-19
1.3479250242826046e-20
2.1127923688412968e-23
3.750421057147716e-24
1.3491843376326694e-13
3.488312295209926e-35
2.8873851498508766e-72
1.9261290175278035e-24
1.862460214118312e-36
1.471156162478106e-34
5.119426132805292e-16
4.263038686164687e-39
7.730323807241529e-16
2.879961642992549e-17
5.792069568248783e-18
2.6385701627344213e-34
4.2831157334015776e-13
2.824116888920846e-29
7.95786046253922e-33
1.6465782882672753e-30
2.485641936828708e-16
2.54432506926071e-82
1.2696077464620615e-48
2.877860003009042e-31
1.9811990320084956e-30
9.010401340945762e-15
8.035748276355074e-14
2.296202140646184e-33
5.368823840078223e-06
1.459003036922969e-43
3.6256699325252076e-17
1.358362952008295e-22
4.41763420897049e-19
1.5252518775866336e-20
1.773064997539604e-39
5.981745976871577e-50
8.283643292713733e-32
3.1916747042905063e-31
6.042413937446118e-20
1.1471592158629277e-27
6.697071212555111e-24
6.3089799801473025e-34
7.081234137765943e-70
3.5346701427901773e-31
8.903811708075289e-62
1.2870936061543988e-20
7.751816812884606e-40
7.883454291973313e-20
9.309011657691212e-19
1.999330822423304e-19
6.000731090304503e-38
1.0010041599184198e-20
1.5175285034021099e-22
1.2180433986466567e-36
1.6626981627767322e-25
7.780507865939415e-17
1.2401434238874375e-24
4.934269360411618e-38
4.956282624368393e-32
8.194345303600201e-17
4.194873156974687e-36
8.421552408764296e-26
2.2556053641229972e-09
2.491405606959073e-21
3.8719889639958135e-18
5.939965687900568e-46
6.097663688530184e-09
7.986389142934893e-33
3.25950656858162e-28
9.785800933220669e-18
1.1341788761118835e-23
1.11825640781949e-20
1.562176725662695e-26
4.851295205110222e-24
3.69363577282644e-07
1.6376858971864988e-26
5.619541045594058e-32
2.517007074689747e-19
8.803068885138134e-19
8.264383878688431e-25
6.455828241386044e-36
2.071077643078625e-53
8.666814370238193e-46
1.6862144639134726e-20
3.8414963192872237e-38
1.9368225617341883e-35
2.5071441326618478e-29
1.4257106330196992e-17
7.637429404516662e-55
1.1920915498226817e-40
8.711042258935725e-29
2.288425934622919e-39
7.267947382115435e-38
1.354209329261545e-26
1.6297478793366497e-07
1.2242062686764016e-29
2.263736858816147e-16
3.4950679804005646e-11
2.004021268692181e-14
4.836001004548242e-42
1.9097230307745553e-32
2.5744136394243083e-15
8.347045741791575e-43
1.964702252749843e-18
1.1026458598547316e-39
6.537595845576339e-32
1.4150628761758684e-34
1.8906664808275782e-59
3.808141291918774e-51
2.1871909754146095e-16
8.205221611679153e-39
7.226651806301467e-28
2.3294182532734895e-12
1.6675128699289187e-42
1.186480583276876e-26
7.140895586548058e-56
3.320178465400076e-41
5.733971602475826e-29
3.923577013103339e-27
9.182825267331686e-12
3.699314556232178e-15
1.3047432502541885e-09
1.0172874340355032e-49
1.8492921614244112e-43
1.9206600136509405e-23
1.5442033332036133e-56
2.2885755800603627e-20
7.150816712771249e-32
4.675243523185846e-24
3.671071058321654e-33
1.7887143324978684e-11
4.749010008588146e-69
6.767186397858266e-21
1.50925800812031e-20
1.949587081689615e-32
3.134487217149719e-34
1.6692162583930635e-20
3.475261341164435e-45
1.5513043224145e-18
5.182008419562615e-46
2.3886899717189915e-18
1.0476845436685517e-36
5.966294015185448e-20
1.1183211394975712e-19
7.41379434910666e-89
2.570141241787345e-17
3.758184094904163e-25
2.442179705248868e-41
2.556700230000961e-28
1.963264125375394e-26
1.5887886677586256e-45
5.029239837995197e-11
4.4679477417698457e-38
2.889625833830643e-19
5.99556152076982e-14
9.514135535426834e-13
4.001707477397184e-16
3.080326994922339e-23
5.180268095261052e-25
2.534726591375903e-28
6.835652471688527e-27
8.1989699529373435e-16
8.759788001505074e-68
5.08355755032224e-16
1.517451455238684e-30
4.1043408620556035e-22
3.2449632465754978e-24
1.7310536424949332e-20
1.4426381397445322e-35
1.3753650403988644e-37
9.547032398374941e-33
1.6551285718455062e-71
8.171590502567131e-36
3.7010578011129296e-23
1.6010486592391832e-19
3.596752349015982e-38
5.095523633954995e-51
1.318279647623981e-100
1.7424981596061239e-22
9.542007924325712e-14
2.3285487058772628e-20
2.0183835372015522e-24
5.4853656900315406e-24
3.081721400803737e-07
1.7399380092255676e-12
1.213711319611788e-17
3.0525445467793123e-52
1.9623826087024048e-59
1.9559284385320647e-27
1.293901198424101e-20
7.956990012591251e-23
1.0784205482281458e-14
1.104405685781879e-27
1.4844099891474522e-09
7.954602487495714e-10
3.128083722916113e-30
1.5484987260609181e-40
2.3705290323984133e-23
2.4487229045960302e-08
3.950346505363772e-74
4.21066627981153e-23
5.294403529171104e-20
9.80343979430641e-16
6.631745970986072e-13
1.185658133423905e-19
1.7659052078258513e-34
3.206824619630041e-21
2.0663150374050797e-37
4.8216898429484444e-08
1.1131839886609335e-20
4.708826901571271e-47
1.9725505638017784e-22
1.3012801720392798e-24
1.4320210757412865e-08
5.266870117999224e-44
2.9027004841368785e-34
1.2982435450499095e-28
2.0133713089914715e-22
2.591904105845151e-09
1.7334178240967614e-10
4.292169868864519e-06
1.5487514473975168e-13
2.1595744240476592e-14
5.264117073747014e-28
1.5627946479432094e-33
2.7543788344045727e-23
8.722215573996135e-23
1.3119018512280072e-30
7.7835066797051e-33
5.304697857534109e-18
2.8661715444527046e-98
2.1564749494917464e-23
1.1601587960102432e-11
5.078538399878945e-25
2.7349870750138897e-14
1.8823417175296464e-34
3.549905458600124e-36
4.6568911342266965e-34
6.61677456602628e-26
6.1588805552320615e-21
9.564612505678568e-41
3.011412473283167e-95
6.375961601082715e-39
6.202517482796148e-47
2.9637074696016456e-19
3.4159384357669595e-39
8.549985082550076e-16
1.128019885634473e-12
4.953830279715243e-36
6.194124780927957e-23
1.3146620131396343e-33
7.217942211324369e-20
5.142421963348778e-16
1.622633997477899e-23
1.444311724365817e-08
1.6999244726849205e-33
6.962284298795736e-13
2.0632750175323834e-49
9.217865014907565e-21
3.9100568613240806e-16
5.400085741605397e-40
3.5054868480988136e-80
2.292726831897421e-20
1.0075121921436899e-46
1.132293597846103e-94
2.4436915488638586e-35
2.884970075327393e-33
1.5315702313982967e-17
3.455945418744618e-30
1.4284278629233627e-10
1.7111173275828866e-58
8.792517353791604e-14
9.95230592700041e-14
8.08981789428086e-09
2.3394568714201594e-29
4.380037939031901e-50
6.379794218336537e-10
1.0045977004247884e-65
9.870531880524414e-47
4.1272213576434463e-23
5.717945285695254e-26
2.758389749569339e-16
2.24912934534285e-06
1.6812530730298916e-28
2.742218212908363e-16
1.5946138398262713e-09
5.810202652415676e-32
2.696576907967368e-40
1.0239695835026115e-24
8.719907931967173e-11
1.961932330172515e-23
4.3136827081476944e-44
1.5906000393515735e-22
1.987303444893967e-37
5.10270178611489e-32
1.2827610123549243e-19
8.255148500315253e-46
1.9765438365091186e-27
9.911262290321947e-36
1.5981817727467543e-16
1.5317699907318752e-22
1.7257854995186662e-22
1.3631283167906274e-53
2.2618597357523582e-14
2.1417166631198137e-26
6.863231808465324e-115
3.4455189440948044e-41
5.968381960757498e-34
2.853020789514746e-37
6.52529700474002e-16
4.119411674477377e-05
1.9243514452730687e-31
2.775283952026577e-25
3.2963183285654145e-63
2.8422515547526026e-13
7.96008287158964e-31
9.195966939811166e-20
9.37958751680471e-34
5.938986565632696e-22
5.633872464402258e-27
1.1521845712750598e-28
4.447953516606158e-22
6.363103936201203e-24
1.4845169495835208e-19
8.788933340610568e-16
2.393021035658506e-37
1.2220642962894341e-32
2.378662350653399e-42
1.2833817438792446e-21
2.799995269729892e-37
8.412871072033355e-36
3.6243789214435817e-41
1.3352833954641146e-35
1.5344519434501025e-14
6.825935206767432e-39
1.5920331914299965e-16
9.815986636442809e-22
7.261701344975081e-15
5.162442009805319e-23
1.3087030981367456e-46
3.3399106933364353e-15
1.8877154156059857e-44
4.0040573368445245e-32
2.610151427757675e-16
2.663149562051778e-13
1.3484705417477762e-24
3.347891968694655e-40
2.4135215380557406e-52
8.89792547702499e-22
2.8801985061610426e-17
6.814029982918523e-33
4.3137996293712e-71
1.4396129601926591e-56
1.2843725497183996e-51
2.3092397863338616e-24
5.118045574022105e-31
7.362684206904937e-36
6.2338846382091155e-21
3.492878346216235e-45
3.982076566532516e-91
2.9487623497418398e-37
1.2172472846729924e-08
1.0035429675161549e-50
1.0859697321327527e-18
9.845077926305565e-42
2.0870869665284662e-18
1.3099548796789136e-34
2.756156007235657e-18
2.0658437857060587e-84
6.400823985291523e-18
2.4276035087674647e-47
1.046581584402941e-24
3.7616657095808313e-35
3.7718208880501227e-45
4.450283811553256e-16
2.905038797256141e-48
6.718804361136169e-36
1.1186530330047064e-30
6.029990903457998e-15
3.03456668620674e-27
8.361891767597552e-39
3.72435401925602e-19
1.2693995063544683e-66
2.480879882293967e-40
7.228584142619137e-30
9.515619888481741e-29
3.556133861679277e-36
4.855635400713368e-30
1.704270282025124e-18
1.6821017888623567e-55
1.9905720471801025e-25
3.6753023478070036e-14
4.260182844451124e-24
1.3276652646920819e-36
1.228302086357162e-25
9.364294813467827e-18
1.550266776735829e-23
1.3519636004062872e-19
2.592745162048742e-13
2.497074894490106e-33
3.7248025848069625e-25
1.1894469794878947e-49
4.899551168871153e-36
4.910713704904866e-15
1.968673796903611e-26
5.4712169839597875e-56
1.1427405058918227e-39
4.4851307606233386e-17
3.934156220823542e-05
1.2564106635024416e-48
5.15238067001184e-19
2.0356150986036164e-17
1.6208974618069833e-43
1.519943530118808e-55
6.481630746550527e-69
3.203529126221194e-36
1.7681735333662227e-32
5.928969601362752e-45
7.019711178887176e-20
3.3943646819086584e-13
5.699770022290788e-19
1.4210990233004717e-21
8.916811723809968e-28
2.9491448801039255e-26
6.117729796917998e-31
2.1091515244667524e-27
6.435339538267976e-67
1.830038516176255e-18
1.7494646008398306e-31
1.7004884028384307e-49
2.2856469704727654e-13
3.250874735291502e-36
5.30769905227591e-16
1.057351746035163e-07
3.545125712370852e-33
3.602377032456467e-19
9.73446114912697e-20
6.502400102159164e-22
2.68402869104666e-15
6.072913203081615e-30
1.3747385954973843e-15
7.69995238285967e-52
7.255933631713638e-44
2.114058543800155e-29
1.2418160885360593e-13
5.2234213092856205e-40
5.248912253393265e-16
1.1289269514076636e-13
1.2233681233243687e-28
3.600338145417744e-21
1.2453517439860956e-28
7.256436641648368e-58
3.432834465159884e-39
2.4601997299292845e-11
4.932189374057167e-18
5.449694387162895e-66
2.766508659840724e-06
9.615081715459914e-45
2.104644921184765e-22
5.719731296993508e-28
7.351372806209516e-39
3.3382791295835624e-35
2.6946164106054632e-18
5.98031215513513e-12
1.8246382419077492e-23
6.470476156054886e-16
1.5851862420352314e-36
6.352545917215961e-23
2.696169625859882e-13
1.1769212144024392e-33
2.0400984674221085e-35
1.0122136472229263e-26
1.1300561989294015e-13
8.574405343753026e-41
2.406485480755829e-24
8.939475121027706e-47
1.0969527942230104e-20
4.671038436129212e-31
1.5762110316245222e-12
6.459858809005024e-22
4.505611737084995e-23
2.9329897112204586e-28
5.435530598830029e-36
4.2511410035562954e-40
1.5731072018771886e-20
4.362143757962892e-26
1.9180378952939314e-35
1.2136591659825106e-35
1.4254548138833832e-22
1.081307235906086e-07
7.373305749515032e-25
4.379339803808822e-38
1.904168656261301e-37
4.7467829776775375e-29
1.9484941690215653e-45
5.266739884806034e-09
6.973477754253861e-08
1.061905219841848e-43
2.055991406340629e-37
4.018960827879662e-18
4.769520156604222e-22
3.1871500082917185e-46
1.4648756358530782e-27
1.1209901068295288e-48
3.0490843922373107e-15
1.4184219520768322e-25
1.591675668543441e-36
1.2663818803462031e-25
3.1279836599663556e-42
5.989996295732234e-25
2.7285706714355707e-39
3.6244315601930227e-23
3.092795428736696e-14
6.50931128728227e-47
1.7851505586615105e-54
4.653853896746054e-36
2.1491795415837252e-38
7.80346894833559e-26
2.1082757792289402e-10
5.445795325808716e-14
6.813842061743124e-50
1.9181570673291795e-40
1.1257514703446294e-70
1.0096033039084546e-23
7.349226240521834e-36
3.9115520710789956e-19
6.423412659897382e-20
6.898349133597421e-26
1.9183033714556022e-11
1.0071981717721942e-05
5.1491126119582865e-39
6.916026229722552e-20
2.8077232873999014e-27
3.7377903639595326e-23
7.327116436003883e-19
1.0960753179009651e-35
4.812529293100906e-37
5.505471882674658e-23
4.059878424599962e-21
3.5167084527620665e-15
9.998871343849692e-17
5.879981432049285e-22
3.872745253157504e-28
7.691323358035948e-45
3.116258884904572e-36
3.11333878885067e-43
2.2390558303754463e-26
4.224153988272559e-12
1.65546928448882e-08
2.3247513316672233e-24
3.1754919283877216e-15
4.5483830699424746e-20
8.116845222079202e-10
2.0461445702585394e-14
1.0027489685585807e-11
1.2333299509166915e-22
2.861188927967389e-10
1.4096538634191965e-78
1.586789187881464e-13
5.201109256551639e-68
1.39564360625953e-34
1.1113368388737147e-25
3.107795070490298e-26
2.0771890477821628e-32
4.193145776617074e-51
5.188435960910101e-17
2.1668533406558483e-17
3.091787491082857e-70
1.534507818160109e-26
3.7375644189601333e-25
8.706193665993996e-20
3.7339120464860943e-20
3.654006920773541e-18
6.580897412165229e-35
1.723261466642043e-32
6.2671549933273935e-59
6.54244667070735e-20
2.0307317895698243e-32
6.640939455333543e-23
5.093382491007212e-53
2.0109493081395353e-46
2.854267183634554e-33
3.4174140651887764e-25
2.4424680610702817e-20
1.9591698322814196e-18
6.028731032151797e-19
3.5654954210050145e-17
6.31011244176824e-51
2.917323100901622e-29
8.921082633647909e-43
1.2835427983560928e-19
8.167719528825376e-13
4.570046967948019e-40
7.796293780120927e-35
4.032357504180115e-08
6.3073997308155e-17
1.72440337935396e-10
6.176859160987301e-37
6.719590278071346e-28
1.6329942925230411e-34
5.399350069556297e-38
2.9586974805376384e-26
4.3135295020700184e-18
2.6531374186733706e-52
1.3012332087303072e-56
1.651333136627584e-21
1.3959605426915884e-21
8.520138520196791e-64
6.19053942455004e-63
1.016842080301156e-27
2.830368917501946e-20
8.361910284654879e-14
3.1497700632815146e-30
2.011600069185791e-25
5.371861374979142e-75
4.426661651675198e-23
3.978829502263633e-20
5.490257644963368e-29
3.0984943441016353e-77
2.826883540188957e-09
3.346156692675379e-19
2.541449395258684e-81
7.657118364076276e-52
9.447686006163148e-13
6.352418311821628e-36
1.7037160931558504e-08
3.703489899670348e-20
1.4081451068102661e-34
5.527457950215039e-28
1.897543424967214e-81
7.930464072223608e-25
7.459826804758668e-23
2.6446552890214047e-18
7.63275690175234e-23
6.446208835738669e-29
5.635169295709472e-37
6.220823364073615e-16
1.0707746632401324e-24
3.0584002280775324e-21
1.089680415310598e-46
1.397983637404118e-12
2.280659942448594e-26
3.880920917427673e-38
6.97394085132712e-32
1.3804304004467961e-24
3.1822846372743554e-51
3.2439236467744493e-32
1.1662076205020596e-32
8.067462941889125e-25
1.0052644502820712e-25
1.9720072776064612e-10
1.3104934118364404e-36
2.8283158131610284e-24
4.502863503731004e-70
6.404844763528317e-32
2.1349414681044504e-08
6.94148003939023e-15
2.983746893383108e-23
3.1130832272946543e-21
2.1949767171655096e-07
7.5772951413534704e-34
1.0215489006416525e-17
3.852767298310305e-30
7.84841115665561e-15
1.5053390027938977e-23
5.357278450824813e-18
3.020576030709008e-09
4.4640615485420986e-86
1.916930612530837e-18
6.16215242370287e-12
7.750437542631812e-19
1.2390950482415994e-43
2.121847884609187e-23
1.1377946333696604e-37
2.667328681477681e-40
1.8045067511423702e-36
2.673706785760469e-21
7.892134518837604e-45
6.39297419728612e-28
1.3241472792945297e-56
8.254452839894915e-34
5.998408133521356e-73
1.6866481030772814e-21
4.293519595432396e-15
1.8360079262834548e-27
3.748225139642886e-10
5.061943231764017e-42
3.797085884667309e-33
3.184468302909304e-43
1.333788003105918e-37
2.950278029185997e-61
3.458566983434829e-11
3.077425274704954e-41
2.938412808355417e-17
6.356154626479964e-52
4.2435911327185725e-36
3.1748483058540314e-29
5.4620466682882425e-14
1.022306864036319e-19
2.7420041738468235e-25
8.701955718259765e-16
5.231571980293488e-35
1.9491372267065414e-14
4.7482550135167536e-32
1.0486231102787721e-29
6.847839594740338e-42
2.892987705719511e-73
3.160501810414506e-30
8.105893575179642e-18
1.2323005346032109e-34
5.206363531615668e-45
1.1095783652827256e-35
8.647245019283941e-47
1.9086540032461256e-09
4.129104644323119e-12
4.4652641458051315e-08
6.949658670436989e-31
4.161988690629914e-31
2.6486754087928047e-18
5.679649345543506e-17
2.5753520203033793e-15
1.165530016228726e-21
2.0829239970034997e-44
3.8931616428478067e-59
6.264901601490556e-22
6.45139207277804e-39
4.395579551397523e-30
7.927795604421385e-25
4.4871139699871324e-33
7.504623743078991e-22
4.386637894485986e-34
1.2047535948786419e-19
6.630331094644796e-12
2.3621646141635935e-25
9.461941930762199e-08
7.629539440479874e-24
2.2343920505784784e-12
1.4349826616676187e-44
1.5530296485518766e-20
8.11368289872729e-16
7.292393299953541e-17
6.964806849702027e-49
7.973702617631175e-71
1.855828927949917e-21
3.0048570140923552e-21
1.177480528804961e-07
5.517602079985099e-40
2.591457507504868e-19
9.915507221010384e-31
1.3325799853417916e-14
3.354012831401017e-34
3.176937369819446e-15
4.2290682212671814e-19
4.399062313905345e-24
5.454546260543435e-17
5.828737000907178e-14
8.629423223221144e-52
5.4456736356309754e-08
2.163970338466858e-31
5.4324356419539985e-36
1.1985674186299155e-20
9.40745555634365e-19
6.432506071274167e-35
6.17658245883664e-39
4.556594796048928e-30
4.4319244904198495e-29
2.8909941574070382e-37
6.549672069537086e-24
9.070098160451536e-74
1.558549825036931e-41
7.288242893011163e-08
1.5224987392525237e-28
5.038394945718346e-36
7.24817715928558e-09
2.507931899454784e-22
6.077480444073966e-38
1.05828710828981e-15
1.5830914304857297e-38
2.3059678883356215e-24
7.470718874108192e-47
1.2753847605282683e-22
1.0174980027635718e-37
3.236752682028732e-41
9.44232638882718e-41
1.2824055012721585e-17
9.45623727092491e-28
1.2953195590210648e-14
2.2271154187768087e-15
5.487015137731637e-25
7.407770624348888e-14
6.565265632383156e-13
2.6934302190291757e-29
1.2036786585549678e-22
6.102114601125576e-22
1.7264693337833488e-41
3.581087530540133e-44
6.888386969910783e-91
9.73843695270285e-22
6.915514519256412e-14
4.2402772340377884e-30
9.384672207267945e-31
6.01487643397686e-35
8.392607035075815e-36
2.8299935050768777e-14
2.168853177538262e-48
3.0904584623630248e-37
3.3592575400649943e-32
4.844396287136707e-17
4.276926040631606e-20
1.1671816406787541e-51
1.3049223579519106e-59
1.834243163974352e-19
3.4022465307219324e-08
2.45927389507589e-47
2.531796910366984e-19
3.580836210778129e-16
4.911413243247113e-10
3.0619525244620426e-23
1.2580437251175843e-21
9.90896289654528e-53
7.503465422550813e-22
4.952882218526135e-29
5.5653903334235115e-09
1.1866101279192955e-13
5.258592629181625e-17
1.3163902496096788e-34
1.2062421597075113e-17
4.75631430832453e-11
2.510447709035399e-20
2.7560514387013456e-21
7.14594035498985e-35
3.070235302051872e-16
1.280944968295411e-40
7.361936366322885e-37
6.0129758745012384e-21
1.1397645546643594e-29
6.02154559340769e-47
8.987342403346094e-21
1.2898354614039562e-58
1.4640818242449475e-25
1.92237308020157e-44
4.356259365009427e-56
1.1592095431909023e-42
9.321768569387874e-40
4.177396127097387e-15
7.363549810837385e-24
3.965709111666027e-72
1.7480945247500383e-34
2.984028544898214e-46
1.567194695581752e-32
2.959416234746133e-37
2.2078000810705466e-32
2.4211011932277088e-54
7.541242507024479e-07
2.8725953405919964e-25
1.182697287947156e-27
4.484585556682909e-14
2.9531751022491445e-22
7.005899488239018e-08
7.893166406856577e-37
2.545355666331469e-53
5.223852816931793e-21
8.087197710785665e-26
3.0794651755203925e-21
1.7814757089626698e-33
8.700263251513594e-10
6.58468746260149e-14
4.6874497165937974e-55
2.1906693389955853e-24
1.5248120244084536e-29
1.703015912241127e-42
7.527694625817681e-38
1.8220224204404234e-43
7.107941226295059e-37
5.393356346232274e-76
1.4488179419196016e-45
4.1090737214318432e-25
3.6126402846297995e-17
1.2257331053790737e-22
1.506679833610803e-12
3.085489384085722e-36
1.7694927086037243e-71
1.5284598108342564e-29
3.8707352401655083e-29
6.4943816031806446e-34
3.6045886580112266e-38
5.556138713401588e-10
1.8836714270078263e-23
4.4868864426952226e-18
3.2197944296990015e-20
8.210451289548824e-11
4.471006408899265e-31
1.4005204065159291e-34
1.502676058459308e-39
4.2805288650627004e-41
2.0889495374770032e-38
3.23249780816145e-16
1.6031458634233348e-16
4.973378671344656e-18
1.2481967831000375e-53
3.8050168872078467e-23
6.3147600990289085e-24
3.6360926617991036e-55
3.9734718970838424e-24
1.815692720796093e-23
1.407981925706928e-20
5.339051303017928e-21
3.3123693973396383e-29
1.539981833347258e-20
2.5117774136651686e-24
1.1294706701607149e-37
1.1420299028643531e-08
7.226688118955705e-48
8.190833884770855e-35
6.651410544508535e-41
6.735036146087596e-10
3.483882916251379e-21
2.9732103650707086e-24
3.484675802561545e-33
2.314491435198541e-14
4.452074728588315e-25
1.7902491536299723e-15
7.924995611894863e-36
5.445913183724869e-25
2.9328492361396396e-30
1.847379669501866e-30
5.374369828901398e-22
3.61770237456079e-19
9.456436303275088e-91
7.108128544100142e-20
1.985045396529657e-22
3.071717694574817e-20
1.1342486930064568e-19
1.2966801965668278e-21
1.5001043738833903e-13
3.0029264504536264e-24
2.413319853242119e-09
2.3812985139269415e-16
2.142552592212137e-22
1.861507338153842e-12
1.9252230862010525e-11
2.549313897286008e-49
4.746578117694882e-11
4.2935947516133654e-26
9.33085989432698e-09
8.219707429101259e-25
1.1210897277669679e-33
8.071398228961496e-17
5.177022569350731e-23
1.4449145090638372e-23
9.600292102588512e-11
2.0941842852811166e-26
2.1253667538184034e-27
3.133622145155638e-48
6.872135671698182e-15
2.3330968968210887e-15
3.496161398644001e-30
3.2799971299490595e-27
1.4537000875543648e-39
6.646111895271031e-75
3.5238045614699893e-41
2.4953065832765206e-39
1.1010538736478862e-11
1.0684730733784758e-59
4.176822236656638e-35
5.08953611556841e-26
7.289036954491761e-56
1.3237851554719954e-30
3.2375545489970905e-23
1.785087722481509e-42
8.462291451522235e-25
5.8071979094988056e-33
1.9485282889207608e-47
4.5465662926498855e-12
1.0476098231654949e-12
1.0629105547728579e-11
3.948382315111761e-08
5.079026679694919e-37
2.236678634940894e-19
1.6132452879467205e-22
5.839294667710085e-09
2.85935100305725e-20
1.4626645634492006e-63
8.514521957427196e-21
6.9645339905471775e-37
2.065681742988342e-34
5.430408998806456e-38
3.661422209901758e-23
1.617616971355497e-13
1.0970524503479503e-19
1.3587086566523016e-30
4.3177725673883204e-43
3.959086515948473e-51
6.308449197133674e-40
5.675905396540285e-26
6.5321624136582605e-28
1.9066009508913075e-32
3.652801408146604e-16
3.7690320359154357e-23
3.696012617844708e-70
1.94457865182696e-24
1.0773559948652087e-14
4.181273051955372e-15
1.9162780721677115e-34
2.17456201503083e-25
6.543747800882885e-30
1.049728059883493e-12
7.081901425048233e-26
4.505891811876039e-40
4.940520391418687e-13
4.950318077658596e-19
4.982296849044276e-18
2.5045557269368663e-09
4.4616695486937984e-13
1.0009341800286104e-16
4.326583989876117e-14
1.3368279682225392e-72
2.3855136095899486e-19
3.9548483849664667e-07
1.8338130409600627e-55
5.0963865358416654e-42
1.237127763994533e-09
6.709882425530278e-75
1.0716556220112146e-32
1.620223698579951e-11
1.7256261619282615e-11
1.3335423331860507e-35
6.937038962936149e-33
1.8443298816068532e-43
8.395900215036885e-19
2.7284744553806527e-24
1.2916745052875864e-34
3.3812680591235265e-26
1.651011594352851e-26
1.5819122738391323e-52
2.0851962948911566e-17
8.689422808071021e-61
2.7206621281873547e-41
4.531634171140868e-18
8.630097434048375e-09
1.152342090819409e-06
6.16120117889266e-61
1.1309418622919434e-64
3.0902519413804773e-23
1.4754291508626248e-25
3.2960757366497633e-38
1.3055361786915883e-26
3.508062482938473e-36
8.271879036989708e-37
1.4975997860555899e-58
3.478664955908267e-19
5.564690582826428e-22
4.125931247260101e-21
3.1778934887014726e-37
9.592088080432427e-26
5.179252250671518e-50
1.3039971431266337e-19
2.8928650657328416e-13
7.795899780201182e-29
1.1627490904831718e-15
1.327601901204126e-22
9.590793286568906e-17
1.981567107023196e-44
9.347164466606768e-21
8.48368714007205e-51
2.691892561206544e-51
7.824836621465387e-37
6.678272971635795e-16
2.6582698250087863e-41
2.0102470585548216e-26
2.4789406335349195e-18
7.561896553336869e-11
7.943054865813502e-12
5.026478479880396e-16
2.669164535210216e-18
1.3295580599360974e-24
1.0305527097377194e-30
4.382693081782719e-36
1.1546923808952456e-22
1.7575853081776624e-16
2.2970708140982398e-55
6.3463056995425766e-12
1.2582892823050187e-16
7.7710751030972e-58
7.89884887057474e-24
9.256711531756922e-34
6.2413020465400836e-21
2.919735265804271e-20
6.678779687795127e-36
4.449673384504352e-20
5.444000652850499e-28
6.389262170317398e-31
6.641314456214659e-11
1.6381335973988063e-34
3.006716379198571e-23
1.115082806490895e-18
2.9026724712104034e-19
7.932262137301643e-35
7.121324328968941e-24
3.9700948175058655e-21
1.9994312320003231e-23
5.980049544693892e-44
3.83044233922696e-32
2.8810405079302497e-50
2.6661661567599177e-33
2.9781894037761358e-21
2.345964607304248e-20
5.885131046524798e-61
6.173766411524891e-41
1.4502390977638617e-22
2.4223963821095794e-07
1.958838548694449e-14
1.5587702774413388e-24
1.9941949376082906e-47
1.356334882335363e-42
1.0015966719264958e-35
1.2745708995598773e-33
2.279950437357147e-48
4.3576511475390015e-08
3.7293304842327938e-22
7.757475339612633e-32
1.8279294952424344e-31
4.904623573461907e-21
1.8033980790581946e-09
7.624499496275462e-23
2.5277583754190577e-15
3.158033165283158e-50
1.9668190172110863e-07
1.3953615687314694e-29
3.4132031271933314e-37
3.6428679803282817e-69
5.752970568120378e-23
1.0907645041013714e-10
7.825529122563855e-73
9.471490950630457e-14
7.849020300710751e-27
2.4519391491308297e-29
3.1972136730562755e-37
1.7621131385861542e-18
1.3183632783672559e-25
1.659084714597882e-19
2.902476979398029e-33
5.5317039724971866e-39
6.803736004787577e-28
6.820120887170414e-27
4.6517525174188265e-22
3.3866195715065203e-25
2.1447279870420998e-32
7.471041686644752e-48
3.4784471093306607e-46
1.393052329095937e-10
3.0792151313568583e-23
1.3010887944028042e-16
1.5942831884566382e-22
1.147090922981897e-39
3.851044979425121e-50
4.223227969559318e-69
1.9158043731182583e-20
6.454754860730343e-36
2.014475008585257e-72
4.972524669803016e-42
3.440127163263024e-43
4.54089742186891e-35
5.2422232088662675e-52
1.3489712104602109e-44
6.259949697068778e-10
3.5583213978787265e-15
1.8880527725964938e-19
2.610971668985968e-31
5.5542341378904394e-36
1.4790447481982187e-18
2.5014835570350107e-29
2.8817098962668003e-13
1.9600134977091945e-30
1.5623273387765417e-21
6.613260595460052e-26
1.6666179297705331e-31
5.123278928060306e-37
7.037940785393484e-07
1.0202870838414532e-22
4.235928913289805e-22
3.462451167306951e-41
1.273119541659145e-61
2.250461501271465e-23
3.5176705924465926e-16
6.332564372099604e-13
4.670300543955728e-41
3.585030743312879e-17
1.0326725151391273e-22
1.1032438849888382e-46
1.3681735793961825e-50
1.5946826716964318e-63
2.365661121093617e-20
3.659605283274006e-24
2.369777107456381e-09
1.0427069853890777e-21
8.142833232704093e-41
1.6728826870080288e-39
1.0182627025609878e-12
1.1806728037760921e-22
2.7453701876493715e-24
3.1686159271599375e-41
1.4666205488925178e-19
2.878401261994494e-10
1.1936603554906294e-24
4.503055214189052e-17
5.615548496210191e-16
9.24227697354845e-16
5.554380636042505e-23
3.4846456842990056e-13
1.5573436926193752e-18
1.5477624624696603e-35
4.871860439974665e-18
2.1129056260300824e-31
7.236623637116587e-47
1.3023573561853086e-26
1.2248434847196682e-38
3.035854298136151e-09
8.037908952747186e-08
3.200841471790632e-11
2.2422523315775853e-39
2.012826429445288e-18
2.673163038955022e-15
3.121159582759702e-40
1.447011195116492e-25
6.849530126238367e-45
2.0664094065416327e-15
2.674335064782782e-27
4.426378612736072e-33
2.3978532031083405e-10
2.629760101957902e-32
2.132073883423898e-71
3.460752723891057e-47
4.443422872150975e-37
1.2788014189513814e-17
2.1238097827769046e-07
4.067911142092647e-28
1.6500872291145202e-39
9.566443746333886e-18
5.62497741670452e-17
3.444358138837811e-05
8.873410230829531e-20
2.329147770764176e-08
8.606386034911734e-44
1.0112455690172933e-46
4.9085133086993845e-43
4.592208995874894e-16
1.0334717052737247e-16
1.467078835065797e-32
1.2755220007993062e-25
2.8217850739613958e-30
1.238243304116487e-21
5.52629847999525e-30
3.6756345010328193e-22
1.0819154984668105e-83
5.1708578828015686e-20
2.226263046651524e-67
3.688501068588205e-20
4.1796336119551e-31
1.025488265826069e-35
7.672416183389392e-36
7.695159254896e-16
1.8897108176805527e-37
5.572062060373332e-09
3.917406292241342e-30
1.906172199788337e-50
2.19286336647601e-22
1.0187796770173495e-26
1.5954175123528776e-29
2.5747593531173393e-52
2.607479438448678e-15
6.810685142558268e-27
5.62571534407677e-15
1.1924480396205627e-13
1.3597174589911121e-11
3.185389286227495e-44
1.7869857541325822e-49
1.802628335746551e-22
1.442304454620696e-11
8.904774351195932e-37
1.7867830588534033e-38
9.826829530740833e-76
1.181998574757076e-67
5.073460943938877e-12
1.1187903404317279e-14
4.799488636270866e-38
4.487642762204328e-27
3.620881297969228e-18
4.579589799993258e-19
2.0414374161000578e-23
1.893216655687505e-15
4.0051393106495e-36
3.4643085921754276e-26
1.0934472757836053e-07
4.983594277154451e-12
1.7451738134611095e-20
2.9615017997306613e-37
1.5468234548975489e-24
1.3840866656992777e-41
8.060313761944078e-42
1.2159885723567846e-34
1.548853535086629e-21
2.2178788962912027e-14
1.5326849801873678e-22
5.296745053610273e-26
4.5678389542491456e-23
2.759626879599214e-32
1.2764586000123052e-35
2.160564326672254e-10
6.928575901485486e-40
7.362694640039166e-78
1.7159833808770633e-16
5.48555942299167e-25
8.30120233412257e-14
9.113408469780597e-31
9.86813341958181e-12
2.2884418647612982e-33
1.7797979860438866e-34
2.006553474272839e-12
7.864666954389833e-17
5.752229366763839e-47
5.468752592342454e-19
6.263006143023871e-13
9.600252718600705e-45
2.012446562646038e-65
6.184845268060158e-32
5.892102933846061e-21
1.2372000581668276e-37
7.387587420267857e-59
1.7476173392859585e-33
3.78936534402463e-90
2.8550244576137987e-36
8.444775903605657e-24
9.022486626843636e-10
1.695452870633951e-17
7.533160702592124e-20
5.937166979472553e-13
9.270108197450034e-30
4.152802152499657e-14
3.0843709480540115e-43
9.215263348973501e-24
3.236804417916128e-44
2.2688304732964088e-20
1.3940697296471527e-21
6.163844216209013e-14
5.58734338834519e-20
1.0349459179816922e-06
1.57733508732647e-25
1.0433917914646199e-35
8.767119572209771e-42
2.03570608057513e-37
3.3950730729907e-38
1.0942544112409396e-16
6.236001631111825e-10
1.8161890540785432e-24
6.841952411943029e-35
1.1360844796620072e-18
5.32593393905574e-34
9.58266969508087e-22
3.2021501673606526e-22
1.5467655425217723e-34
1.7179687576308345e-13
5.7434540787160466e-27
2.056947555764658e-12
7.785052562424975e-30
1.695294039753871e-16
2.3195723029077003e-18
2.449392450774784e-16
1.2438270093370079e-36
1.2292689080810986e-08
2.7608797412133033e-11
3.765530172069948e-34
6.400249771060231e-22
2.1553250971765693e-25
5.4163646796783584e-36
6.34446961326164e-16
4.732717791946811e-39
1.836584660208726e-23
3.2836726103975513e-21
3.966516153002127e-31
2.7307576767905785e-30
7.00480250970214e-36
2.9409057842797156e-21
2.60444601640365e-12
2.3992577262635736e-26
3.975473697234586e-09
5.949615192317378e-27
2.4000351830149483e-21
2.438966886779376e-33
7.085469959662816e-20
1.1990824723576792e-40
2.7503184042157475e-18
3.286276265439209e-05
3.487013970424004e-31
5.208137026843981e-10
5.2886951354836514e-33
2.1085012619954966e-14
4.483485164073336e-17
1.5913963826245346e-15
7.788510137587564e-08
1.5399399668821788e-14
8.070010736577498e-14
1.2706918448868002e-57
4.841301741883245e-45
5.6708809712161356e-27
7.34846839025116e-75
5.601473717860641e-29
4.343458770265656e-59
6.551685396503501e-38
3.79005318149266e-24
1.367529104699147e-38
1.4738437842740075e-06
2.4781716953628997e-30
1.7683182569982075e-23
1.961320113709554e-12
8.840850122010768e-38
8.035439856369998e-25
4.876561325601889e-24
9.895158229868498e-53
2.9996541324206225e-32
7.802246549909496e-36
1.0265843290858576e-39
8.246959737877785e-32
1.6948967749545088e-28
4.138685464885827e-37
1.5838604787891974e-26
1.3465589010642574e-09
2.7274554723994535e-21
2.0001847198234354e-38
6.825464638507176e-50
1.7848416737455865e-19
8.34383990836243e-23
1.6487761418706265e-07
2.7116818726520035e-36
9.343662631384552e-08
1.1314889657877465e-41
1.1971252393063918e-39
1.2045112088247224e-12
2.4925836729250994e-36
2.8142167396460653e-41
1.3293722028984274e-14
2.1571272002245633e-35
5.381371341829062e-63
9.567478590120201e-22
1.9144645354999473e-30
5.131629924567543e-12
1.1016768444916354e-26
7.587864637605186e-46
3.4559337439746934e-26
6.853510348901912e-34
5.1192636401171837e-92
2.0781586960673472e-31
4.465684662887765e-29
1.5021292938934121e-29
4.343646041598767e-06
4.637263280587876e-16
5.337600607822605e-08
2.3842519921318392e-23
3.0035836417572273e-08
9.166170332180021e-09
1.4098763233807325e-36
5.594231499842185e-78
1.5390160332895997e-15
1.2576409013833337e-39
3.2595583983142925e-22
4.2586530326311325e-11
5.995928057758791e-24
1.1863399102475843e-16
3.3970139267999844e-43
1.4493681823961127e-06
4.253656451630704e-27
6.010606684946355e-35
3.0745923638430397e-50
1.245312367439322e-44
6.398401673559309e-45
1.298061704032228e-21
2.9193370889599047e-33
2.716868911885157e-13
2.4697345962604526e-27
7.001530036546963e-30
1.0372360950089252e-21
2.1741899710005796e-38
4.7983421420776895e-28
8.994591391576426e-23
1.3604236203867948e-22
2.3556513572944156e-36
2.2232709414182415e-18
1.888192752575473e-32
1.976142841140176e-39
4.126185135378864e-36
3.824867313219629e-15
3.5020709763102864e-20
1.5818247687023584e-20
2.307941560309527e-24
2.7300254355748486e-25
8.834149928191258e-21
2.4965807830047597e-33
3.4032369090959132e-68
9.71362190017423e-12
1.2190287301214506e-17
1.2801450050243984e-48
1.6647695906494403e-25
3.7880729689541924e-15
6.21255138925182e-08
1.5424761467976957e-05
5.534497521860458e-22
1.1275600205850456e-32
4.052589432482247e-26
1.0778734852566564e-31
1.4995346346952253e-44
2.0617509440294295e-20
1.6935053144002305e-72
2.522371727142261e-21
5.540781442008722e-19
6.899566976864488e-35
2.426536527881089e-44
1.2581538348963045e-24
2.0419667101116636e-33
8.741564718721779e-57
1.2500171599773631e-17
1.6420774294990894e-39
1.1446800574511347e-29
3.296457835069744e-45
1.0948908543041443e-30
2.462577108404218e-15
6.924600035243237e-19
4.603161794592062e-25
6.123780792987598e-13
1.916182789685165e-23
1.778635454755709e-52
1.4486418793329398e-23
6.132133795312132e-35
9.614900909149061e-17
3.7238178053511514e-15
3.6505254433803635e-21
1.9048754496544756e-23
5.668778425563056e-26
2.449826740615709e-23
1.3710023923053988e-28
1.705051159761576e-73
9.016358125675664e-32
5.18099726871259e-25
3.821302269505975e-25
4.597739750574108e-40
7.102349970599217e-35
3.713971393523083e-28
1.5720731281610714e-26
6.3017521508345985e-24
3.73866103009248e-40
5.094444363805872e-37
2.828494029288652e-33
3.9571174098382005e-44
4.1567788741944404e-13
9.889792841164428e-43
8.03411648453336e-18
8.811048295090792e-34
1.1764793097259493e-12
1.0903156119734044e-35
1.6520846483492074e-28
2.9514603648354083e-54
1.6013991622811617e-37
5.750426342598957e-23
3.531138398232746e-39
1.8422378363783892e-29
7.695302907695524e-38
3.519417154712336e-39
1.6927294502377588e-29
3.7793553437689944e-17
1.9642077189151617e-09
3.981639841444426e-23
2.004827066617444e-15
1.4537776539930666e-06
4.738131690244864e-29
2.9340018038747756e-26
9.494808788077937e-20
9.502825854942764e-48
1.3835462846082887e-18
8.579424271880322e-21
1.3896757234357965e-45
3.4967250166952686e-17
2.942441465354905e-68
6.976353369942826e-13
7.934826751416102e-21
4.817671642680907e-38
1.0681175621999919e-41
5.417899353924049e-29
5.181431271455007e-26
8.213379556784408e-18
2.952734676018328e-19
4.680756521983982e-12
7.524591256872586e-62
2.1802119605745057e-43
8.600605614791568e-53
5.745911929965593e-63
1.6857375446851038e-20
3.1495072692281783e-37
5.589534438267303e-34
4.794928282322609e-20
1.1646518157260308e-25
2.757920048304332e-24
1.0330065553699618e-31
1.7020559312661395e-11
1.439104901647952e-22
3.012642059452607e-13
3.8565869585950025e-06
3.682091652555872e-13
6.849127609283109e-24
1.4569455064802394e-21
1.5184097638495974e-81
4.6428565141247215e-14
2.73620712486968e-21
1.9678298735241055e-19
1.8881935224159495e-19
2.0386511927241805e-18
5.476424650201104e-26
1.2786490092731366e-36
1.6110646395549966e-68
7.381085909585934e-29
1.1172901354655004e-42
3.6098286847597524e-39
7.702132952968837e-44
1.8706437785235426e-18
9.149204993975872e-20
2.253074496773054e-20
2.710181563547828e-35
8.918124191713747e-39
2.7253876934999804e-34
9.722253208017106e-19
1.8859103665869743e-40
2.232160195910512e-21
2.4599423226350583e-33
2.6307795765537955e-15
8.95485985279856e-12
8.970494210879114e-36
1.2287312521647345e-13
4.002387141012889e-40
2.2855546855185712e-12
9.673949544859414e-23
8.84954132976214e-30
2.8380253988880928e-33
7.211748969457575e-12
8.931395663705874e-23
7.315841401806706e-32
5.769518936917958e-15
1.673933654044822e-14
5.467358876328116e-08
2.1398506298573695e-23
3.9564775752253235e-13
2.3308415941809622e-73
7.0957590469032e-18
4.2258740941169206e-47
7.794189659723435e-24
2.0611629179641416e-29
7.261334113431747e-23
4.0818855730630634e-14
2.5193305431074698e-14
3.9763938427839754e-50
3.296664932645659e-19
1.6290041475580813e-27
7.648247022358312e-19
3.760128193921733e-15
1.5737565514422007e-17
4.5275084862757853e-14
3.4380397937679524e-50
1.7206978129659112e-27
2.422017275683634e-32
5.753112372319236e-26
7.040592140656676e-21
9.922734724638399e-26
1.3596582876684345e-14
7.583125550503231e-52
9.022531954348413e-41
1.2731013242864612e-76
2.7159167905552614e-60
1.7810472413002358e-97
1.2602379088283438e-35
7.762037613392182e-31
2.4625673589057694e-18
7.543157418254551e-46
1.803927275381976e-07
1.2904555908972276e-58
5.547712986859477e-25
8.057071413330472e-19
7.194473888318271e-22
9.909109124035328e-15
1.6844757296150944e-16
9.407936310961225e-85
1.8000981954032854e-32
4.784799928761647e-10
3.130524788535289e-72
6.7794675895555164e-18
2.2609956797725122e-17
3.4492967532530643e-18
1.851444780091679e-13
9.465505676165592e-29
3.922590321600238e-26
5.4071552039791115e-17
5.399435517671867e-16
2.1847584098655392e-62
9.917954161482275e-09
1.3332621899574741e-47
8.933871246701334e-10
3.0658652618169623e-15
1.3603352433127592e-07
2.123778834612227e-34
5.595576936773017e-16
2.0690387402096112e-14
8.76539428560354e-11
1.5387577428357999e-21
1.931543321056286e-23
1.8619848500616717e-33
2.005293309228093e-19
6.876159953591465e-20
1.1438905871163347e-17
6.614917096326645e-15
4.718013260294214e-45
1.329660104768033e-13
3.530161926930503e-55
2.1175973334539518e-23
6.536487888236484e-19
5.000087748178647e-53
1.8583845813682854e-23
8.53328671559701e-23
7.568301346449821e-18
2.982066884630705e-17
7.963064790195682e-37
4.3022982791723685e-75
3.1907159434423994e-21
1.0268157672512469e-06
1.3818339403841528e-37
4.541361053677099e-27
5.720441655354124e-43
1.8293050850855105e-25
1.1730780793566063e-18
7.659818334073051e-24
1.4887383426395368e-35
4.832879972235115e-39
3.0931499896905733e-28
2.095316781752542e-33
3.751378735356418e-12
2.2487455782787264e-62
1.1401415591172297e-11
1.1401493638272556e-81
2.9090942370718404e-51
1.095810219334819e-21
1.8724188746624024e-34
1.7480241336057744e-21
6.40771439498634e-08
2.0464568951306766e-08
3.101461926670889e-20
2.0243581053026263e-15
5.233791861345214e-38
3.2982648387004454e-68
3.222485327497334e-20
7.899219483931109e-08
5.5222292126867975e-34
1.8732874476325545e-17
2.4883696946310885e-13
1.3495688898960116e-60
9.9070086371802e-24
8.774801340259002e-12
3.1809710659205504e-51
7.826823341165301e-21
1.118499211167087e-22
1.5551848981370085e-17
3.9365221683538124e-28
1.6550924326641081e-15
1.5012142571313168e-22
1.572185688271156e-27
3.0641800761379084e-28
5.827726082931856e-10
4.147553499583947e-55
1.4757072079907048e-31
1.0862406361840109e-39
1.569073349997521e-28
3.205804886471002e-22
1.2954314923359425e-09
1.863481353143513e-71
3.0857530919423845e-32
4.2826502466938294e-20
1.8626730243642276e-22
5.7319942401777505e-18
9.684986816428306e-45
4.88074797782079e-08
2.1173727724271875e-22
1.3304414882844937e-41
6.1414971181400175e-58
5.536029273379388e-23
1.5198873236637346e-22
1.4785024183313232e-26
2.343719136364599e-10
4.125837687553022e-29
2.6080640544479217e-15
1.877121577835751e-20
1.9526844384875146e-12
2.1810332581724628e-23
1.0880794520552361e-10
1.0608740244012955e-15
4.6693999430214345e-43
5.329010804689564e-32
9.994796743501078e-20
7.697509832324176e-83
5.867784799049876e-38
1.2030786759508476e-33
4.0856593959293825e-16
1.2690519954770612e-38
2.3351456467247002e-32
6.5392009542464235e-37
1.9065007112726642e-34
7.122295705646644e-16
4.756582807894592e-34
8.497632951594256e-44
1.212073368272253e-72
1.152381635205114e-12
6.19352399342818e-28
2.615293040455503e-35
3.235271780137668e-41
5.991976707489734e-22
4.118035896502791e-22
2.7552042246327762e-92
6.485996409070235e-20
7.324285568486729e-39
6.087146094057148e-20
3.664265292122599e-16
7.242021712655397e-50
2.6676436366355965e-92
4.643935543594637e-118
3.00930015022369e-17
3.896117912426819e-18
2.0252306218633958e-10
3.787833148082201e-48
3.2913883051454135e-16
3.8681289747004954e-79
2.0589452942686442e-26
8.999640492784162e-19
4.4925080937502826e-13
1.476406909305016e-32
4.625680710228055e-38
8.852545747654064e-46
2.3436628626645774e-20
1.6276118255093642e-27
8.632290793172425e-19
1.5754891485020986e-60
7.651085113875077e-13
3.7508293801008157e-22
8.224780604468885e-19
7.946052326923764e-17
5.012996078405625e-19
1.2885834590974493e-19
1.6947991894797253e-43
1.1660666544780836e-22
1.3507719821406922e-28
2.5982005292492743e-12
3.3006769852365595e-36
3.3839029988182327e-18
1.7375073935515169e-15
1.0425811437553013e-20
8.04475517032111e-22
6.937306982325201e-09
3.3544700434007263e-56
1.4072982972485437e-17
1.9844794823178505e-39
6.433872944976655e-24
4.382797742272252e-36
4.807473251899677e-28
4.1828925501293755e-14
6.024164402470585e-42
2.8175524646809872e-27
1.2884022464851936e-33
2.3269980380335306e-09
1.7112067919988587e-81
1.7318009654584223e-57
1.4196817560430613e-12
8.733031229578562e-16
4.528280209639964e-61
5.210857544632952e-52
1.214946689948326e-15
2.3727289539044527e-27
1.9685960805330296e-32
1.285019254523692e-21
1.1275190283250297e-51
8.079897844122147e-12
6.1554523716806456e-30
4.185826495000317e-38
3.7307822808845514e-19
3.240800483460474e-31
7.918249117713373e-43
1.478322024612514e-27
4.3024502873960335e-14
5.496100925395919e-23
5.220756236226257e-34
9.36565310170882e-10
1.8290609531926172e-35
1.082676122152832e-09
7.10368979912875e-51
1.2451962957361513e-20
5.013849289138471e-29
2.9911652635346137e-36
9.050753301579848e-41
4.270546210742089e-17
1.6356859762131232e-15
5.244398078265355e-33
3.7652163308106084e-30
1.2301823845358121e-30
8.19119821024752e-21
3.4444688670933675e-28
3.0495138034093727e-61
1.3729242130554717e-23
6.848356479464231e-46
3.1147280716280446e-16
1.197349255474818e-33
1.4904869956587838e-19
3.3437603074795705e-14
2.347915001236618e-42
5.11811343821416e-21
1.4809743238340298e-25
5.3123137314914146e-14
1.6860955879621276e-33
9.572972027700254e-16
1.4299408257603999e-24
2.456859287858001e-42
1.4002216826579593e-27
1.6565107734517288e-16
5.384540523737398e-12
7.690074976100982e-37
7.998676837857277e-29
8.357804391688874e-35
6.8216514971691766e-09
1.0260258069393066e-13
3.2001421972941805e-18
1.1576847049705101e-27
1.377001287722213e-13
2.0512434462907023e-41
1.871522796758362e-21
2.028110976924921e-13
1.5123174698497263e-15
3.550892895271721e-51
5.0339062482784245e-12
2.8354642973212324e-26
6.18165097510049e-39
1.51560247342679e-18
9.999145273048476e-35
1.6856981340037513e-36
7.886999284552362e-07
1.5769644970200734e-28
1.9723443335955491e-44
9.447199048267524e-40
1.0894976912736007e-32
1.226547589842978e-33
2.5872381817406573e-40
3.2524547677269864e-47
2.7892448919461366e-27
1.5953928892106743e-29
1.189427052817272e-22
1.1566608650913284e-09
1.7422937798289088e-40
5.408317945079905e-20
1.874704891768601e-40
2.909485399044397e-25
1.324406342833254e-26
2.2286097346249872e-43
1.3741649584837273e-18
2.94032177949288e-39
1.1131005933432361e-35
2.0947010828904142e-10
9.585437050416808e-20
1.8005167503381506e-72
1.7645463656745385e-13
4.235637689682108e-15
4.7535487719036296e-11
1.1369547732864256e-43
1.2718320704733137e-30
2.4278674176789323e-31
1.9022518308649106e-80
3.308222687528583e-51
2.973480810699051e-15
7.331494140134114e-39
4.210537111689678e-34
1.1748406574803965e-25
5.882344794001809e-31
2.120459679999124e-26
8.928179410867959e-27
2.4438711768937648e-23
2.012174981947632e-34
2.3969252630497123e-61
7.024488388667592e-23
7.687423630078428e-24
1.2949061816004865e-17
2.697445921869585e-19
1.4012192742887089e-18
1.093341834036795e-25
2.3343848393755675e-19
3.5727447870366213e-16
1.542688371824789e-11
7.632327615513353e-24
3.310172730409497e-24
1.5254546698088843e-23
8.806074532540634e-39
2.750361410307835e-35
4.045671845752265e-46
2.1309219731006982e-30
3.78995724656242e-21
1.1201315522455745e-12
1.2517762144411273e-18
1.3203226598246414e-26
2.8779592353815363e-25
8.520023627080156e-35
1.245673170785859e-24
3.507203443880032e-20
6.791123969271231e-29
4.5121680222738e-20
3.303249537742555e-29
1.8130429212684625e-23
5.0222544853106375e-15
2.6798987750379414e-20
1.0725626681513191e-24
1.201162956587452e-42
3.826329896436339e-07
7.500507295726615e-16
2.497970329235388e-14
3.4069789364164475e-77
3.810543539916657e-36
7.002247934324693e-45
6.745300032277413e-54
4.415088049694538e-60
2.3322602500070502e-38
3.1820053334164317e-16
3.5069950062807984e-19
8.657203736714538e-15
2.244583925030033e-16
2.7288805461179555e-19
6.260211535574443e-10
1.4062327984743313e-14
7.63255824194232e-08
4.2283611334269944e-29
3.616088088074124e-24
5.406317860367373e-48
1.6164958467628645e-55
2.396564458580285e-21
1.5960672295887042e-29
1.1903126793699634e-22
3.174680670956441e-33
3.964628825781578e-56
1.529914648548798e-18
3.7554270320718975e-15
8.78843712066125e-25
1.3528764660620123e-36
2.45729759303594e-38
1.684499850861026e-39
3.949639699278696e-30
1.1229685368565766e-43
1.00265998967578e-18
2.3443474355905306e-37
1.601688734093066e-34
6.658294255243045e-24
2.1082143332638436e-24
2.532871321270203e-07
2.7059397241455367e-27
4.5560825014755896e-12
1.1107964591642704e-35
1.2286566278133624e-22
3.4839647116194936e-55
3.1248641202652234e-43
2.862126931340182e-18
2.751736705815954e-70
3.0919535830304903e-14
5.8931809266566e-28
1.968176370793844e-44
6.25637944865284e-14
9.98160821983804e-19
3.0360965763676484e-23
9.779812969532813e-11
5.559786770090223e-06
4.391212455115017e-39
7.740316353110355e-21
4.922972285517437e-38
1.3344903549207488e-36
1.098483495587645e-40
9.425721079148776e-15
8.831853752377227e-16
1.0556351077060359e-24
1.470939612172245e-44
7.067571924195401e-27
6.113273564018032e-43
7.058497146982026e-35
6.863684822436388e-23
7.410843689176174e-37
5.18842860672997e-26
2.584269838473887e-50
2.1589254966288378e-32
4.144976194983165e-18
6.00319429831218e-15
9.162578542172399e-114
3.073829156984142e-20
1.3923752634149782e-07
8.735736482463456e-14
1.1428467099071602e-14
1.6408352787782404e-18
2.966017251975532e-26
3.2417062779311526e-16
1.604896180919997e-25
1.3898207797647534e-24
1.4512357916123205e-13
1.1570181422895323e-17
2.5871069096505363e-45
2.206764841876516e-14
4.980463087668373e-56
2.4093250221828897e-38
1.531217517627334e-20
9.710206022696425e-24
2.2811636045380283e-26
4.6478080420123355e-16
4.0765551872765046e-07
5.075366378279729e-19
6.136288312769263e-60
3.1455908164998194e-28
1.0703323025006083e-33
6.498838129039263e-30
2.476550824871115e-17
2.1829946809481084e-21
3.2078143307423696e-14
2.8992887029711727e-65
3.820302259603072e-21
5.564341971224944e-32
2.4927272171600076e-34
1.9449986068240185e-15
9.52734885600568e-20
1.7114859532445938e-25
3.877093863049715e-20
1.4608237590618862e-16
1.2888296272983665e-07
2.3387961387302928e-33
1.2687570762746127e-18
1.0996212153228506e-14
2.2167552640882145e-25
7.000297009465653e-24
6.632097305186543e-22
1.95334452130578e-30
1.4135294758050341e-43
1.3214552439201087e-41
5.1780462307261825e-20
1.0395772527803964e-20
1.8273785235531046e-62
3.1939432078813182e-21
4.033690181016972e-18
7.748794101742632e-17
2.8671797352815936e-14
2.215749490738639e-17
1.5963615441812935e-50
1.7855792069145268e-34
1.3841434580684686e-37
2.6467561564700958e-33
4.238406261255242e-30
1.2291160280210056e-39
4.605365305769951e-36
1.1950786098907925e-51
4.223960573546353e-17
0.00017528151881367673
1.7973969347316092e-11
2.620026307268593e-34
7.67648732325123e-37
4.223156804843705e-44
1.9971912794770834e-83
1.7995699812258948e-15
9.763137850654074e-19
7.557568893877917e-24
2.841662591703853e-17
1.1236904825160385e-39
5.7172115403009645e-25
2.6235180238626957e-26
9.750201242986483e-59
1.2416661852180342e-60
8.697105786961086e-35
1.7664196759328146e-40
3.9032407441768514e-24
1.5064053908101082e-35
4.738120245288189e-61
6.644434005542619e-32
9.446779467934195e-34
4.4934477192928257e-23
1.9042850040790057e-69
2.621660840462905e-35
6.9013616416669135e-28
1.2332915558176669e-37
3.078935132201287e-23
1.593189662242234e-29
1.0988191927672927e-35
4.839291369968379e-32
1.0246603551068687e-16
2.416801983235716e-19
7.025722032437053e-31
4.4830484685261835e-42
1.2384349896334954e-20
2.0204897411602514e-16
8.798333193186703e-12
1.0659980602304358e-18
8.566855216019075e-27
1.7932005458494628e-29
9.406160075043457e-29
3.0933422100257405e-17
8.828963198075589e-36
1.8977081521954676e-17
2.6086694393466632e-34
2.6047279968839134e-34
1.5493624578440228e-15
6.964644761014135e-52
1.3011048304699355e-49
1.4521397239933179e-33
2.4641947743145273e-32
1.6157398266099135e-17
2.1195619728946828e-27
1.5746143932081468e-23
1.3188353662414213e-37
9.89996296183062e-13
4.008373384725412e-37
2.3803889284274315e-71
8.281212441247853e-49
3.4581687249499e-63
3.421255703141608e-11
1.5717175029300793e-48
2.612240141899106e-15
7.2993653829055105e-40
1.275330468518292e-33
3.0892228508237057e-21
3.997860939686318e-27
8.312089762027668e-15
4.852963068063798e-47
2.039522916288912e-33
1.7348551268274734e-26
4.1207719062811064e-47
1.868370139396802e-09
2.7202027729679842e-24
1.0002162636347204e-19
2.6511160493175508e-73
4.25147173223336e-34
2.163331528942508e-63
2.5533134938387346e-36
3.1447807325357326e-09
2.7132709988751203e-16
3.86777644361955e-45
6.012676470783284e-20
8.997050246371393e-25
2.9686130818735235e-21
1.9734656758106378e-27
1.5537347982039073e-17
3.5775639914018463e-12
5.502405233715238e-22
3.3917060911611776e-18
3.5945420430101098e-25
3.6790872905079377e-31
2.0971235995697637e-16
5.169186597291233e-22
1.8179827284448347e-18
3.323974898222541e-14
1.41132528265428e-29
2.3689143027574914e-18
1.989301443324644e-59
8.425827263016438e-17
1.7343748901635195e-37
1.2016348621245978e-18
3.241681533058962e-58
6.384255941101694e-55
1.0148534109343463e-45
3.0062963315679175e-41
7.616000815465862e-51
7.127570048430779e-30
2.3889484126547012e-17
1.1003987879847124e-50
2.536344953342732e-12
1.3097978220354672e-34
2.2814614415841098e-31
1.7704660621162123e-23
4.737146229572083e-72
4.1634116348129107e-29
6.529610454259964e-22
8.107086427706018e-21
2.7382961731931847e-12
9.909573158007098e-35
5.975056818860337e-36
4.0120970890290797e-13
1.2748248404495985e-16
4.19284624146155e-29
5.477051354870538e-119
2.579422266814226e-22
9.95298971152207e-20
1.6619925936587605e-37
3.2799833683084814e-34
5.872370968818243e-34
1.8882308669883314e-08
6.007569930948647e-10
8.665829285763984e-10
4.6414209429351093e-26
4.271032514233725e-24
8.60247423399539e-33
4.900748223322725e-35
1.358409871452388e-74
4.463215954454486e-66
1.9418476441139214e-14
2.9797290097418076e-23
1.5590112847858614e-16
3.88517705852017e-20
1.2758547182929142e-35
3.2001590760868425e-67
8.946661613647424e-44
7.367443482976444e-23
4.967798418858159e-17
3.392982956111518e-12
3.932436881550078e-24
9.176303777109664e-21
6.600516905330244e-11
8.756220675962245e-20
6.104096606143051e-31
6.212435012765765e-36
8.883944714916146e-18
1.2668164202304823e-54
1.0077221098332272e-49
4.912052812012156e-25
2.097254797429914e-20
2.241474144926899e-39
1.3533520834839529e-09
5.259883274852972e-35
4.0838546834279485e-33
1.920531799498031e-07
3.273872183172101e-27
1.0265368863886905e-14
5.0377120764174356e-48
7.713753982183578e-09
1.2574665003859562e-33
1.7748823033774123e-11
1.8502250201380665e-23
3.1009879843560784e-31
2.400270750361142e-25
1.2311968451728046e-35
1.0917138186963152e-17
6.992898507567332e-13
1.4010996085299443e-63
4.656233127334669e-37
5.690791366341931e-40
1.3658919292436185e-33
1.399946485580099e-46
8.721373899699531e-38
1.5070328664095202e-24
6.156814497239465e-07
2.8574325493239472e-24
7.851750873677252e-25
1.842077759537053e-10
5.197272962682048e-15
6.464890414366344e-43
4.0445884107247056e-18
2.865157716695839e-43
2.4978821530572558e-23
2.1123606294287534e-48
5.448604229056857e-36
9.705537050455687e-26
5.050173905632268e-50
5.47451185109662e-25
6.895519372991255e-28
4.2256416901386476e-13
3.3366980652816186e-52
4.861730265333225e-12
7.296075716830947e-36
2.14986348692564e-37
1.3020105358492286e-10
1.0407836627226475e-16
4.193173653914795e-27
3.768114719827939e-12
7.152562208341435e-24
3.866522233785575e-38
8.796070334234641e-57
3.879269710453336e-07
9.717428828180404e-34
3.290675390031969e-33
3.614361462723542e-18
1.8193202814793886e-38
3.8758727984804673e-35
1.6507909991879962e-16
1.6929687769554996e-44
1.132379488715681e-08
2.1383377918962606e-31
1.3615431878982609e-56
4.358365940967251e-38
1.4316823723721312e-32
7.737645124798118e-27
1.4011348406616795e-64
1.3746667997613212e-17
1.283232882783658e-41
5.4003959032029755e-20
1.260728228348231e-34
3.058915545910891e-20
2.3184202555979816e-48
2.8572929949094483e-53
3.573898548529111e-24
1.456954980071874e-20
1.005142005605203e-37
2.074876427415568e-18
1.946827311805326e-07
2.4575648624228618e-56
3.8444322756202496e-23
2.5989414878873712e-20
3.813895797513625e-33
1.3167477715409041e-14
4.454617140384126e-24
7.835619383736715e-33
2.17953327739415e-31
3.5984391474427974e-10
5.674512277632033e-23
2.2424197563183023e-28
1.1748980171369956e-33
9.804053316515517e-13
2.6149003272609987e-52
1.3476235442097049e-14
5.826439583731876e-31
3.1331354641713062e-58
3.244233724991147e-20
4.00791679003662e-17
1.1715532747629218e-22
2.106316839180249e-07
2.1049093144266058e-35
3.190647457172231e-38
7.116896583610077e-28
5.114285402075823e-25
3.891710038858545e-17
2.6495933097524998e-08
9.087359619014494e-20
4.829896521984906e-30
1.2219427032347247e-46
1.2983438884436299e-24
5.137327668904262e-39
4.532182495316132e-40
1.530365749274482e-15
4.0661554615763164e-24
1.2770777809107267e-24
2.7216804371277463e-38
1.6372862483411072e-13
3.2059389790285595e-24
1.6974559760171957e-20
1.807870767877896e-21
1.2595670022602517e-21
2.3955575694291113e-27
4.704570033764952e-26
2.0835339441590656e-79
7.171144031256004e-33
1.109212154979422e-67
6.372720200604735e-28
1.3748514345160609e-30
1.1817845924854682e-22
1.1554129884623188e-13
6.989631963101877e-19
1.2777361424072793e-42
8.881136029949564e-69
2.6227887779700372e-24
2.7831192236356784e-67
2.7412083515493605e-18
2.719014426124837e-08
6.240569702787335e-28
2.4555842165305204e-30
2.6236476764511026e-51
9.281691148023932e-66
1.9182014552975574e-08
8.122008053991984e-41
1.411387691993298e-29
4.525846316343877e-47
5.771177446838146e-12
1.2659239488682724e-17
6.042184450859224e-19
3.1075772615906305e-42
7.370022283180335e-21
4.563669395427146e-28
2.50016180707516e-66
1.6655388505835256e-24
1.9215171128512713e-15
1.118963162990614e-53
5.803815151846587e-26
5.878363957925057e-47
8.322458284006332e-37
1.2620087456388122e-22
5.0206756340389e-24
6.051627567820517e-16
2.3299079074947997e-40
1.3736878397045578e-24
9.864276019591757e-24
3.311787999722166e-18
4.847946852021403e-40
1.4324037628418288e-79
4.4028522358241224e-21
2.603181598317307e-22
9.111187882381432e-63
2.354071072961914e-29
2.8149677279851e-19
3.028477194988607e-39
9.706800360201992e-25
1.4045053488608267e-61
2.0091340925849455e-14
1.1871110582616123e-49
1.3149809149212769e-23
4.211239517201008e-17
2.858859658738122e-29
4.007665029441123e-21
9.652932498073331e-32
1.8225336723885328e-66
2.081739198842899e-22
2.0001946828952919e-25
2.6170166231427107e-49
3.341469388897286e-15
2.8229236937992983e-25
1.9159418447855695e-08
1.1704958082665136e-21
1.6382723348443144e-37
5.345767158899077e-11
1.0989178323208877e-27
6.0414363005032685e-30
3.9661192517440056e-29
4.582573187558818e-31
1.3546575463196821e-15
1.6782261738202365e-62
7.84200875680446e-40
1.2514075554740403e-60
3.176304505876608e-39
1.1476490120184264e-23
1.786246412658601e-45
3.4423988294058146e-17
2.644638458755316e-38
2.181233802245108e-18
5.180828702009153e-49
3.492082034919141e-41
9.585402215835173e-14
7.843742406788875e-20
3.103765719762656e-24
9.372811058976147e-20
3.690145363578024e-49
4.135405851653419e-16
1.2675643540347002e-59
3.443257287058974e-14
5.28899332257339e-87
6.424567079985549e-33
8.426606458569578e-31
4.318395107429008e-31
8.456285952912717e-21
2.4143495484551614e-18
5.080887519820358e-15
4.711621093476724e-40
3.4947692174162507e-22
2.507993696299518e-09
1.4229099565952375e-12
1.478036888540197e-28
9.491379497812848e-45
4.6352754672148277e-10
3.821256622158364e-47
4.398107853843289e-25
1.3216636024650063e-37
9.785447355512064e-10
4.748475862085641e-62
1.84355080001522e-15
9.61139156929008e-21
5.048208961130647e-13
4.448445944217217e-50
1.9691307765166016e-37
1.9019989682116784e-65
8.329425989987302e-31
1.011933920937633e-31
4.252545068931501e-33
1.1519659274954742e-33
3.464613000720201e-27
5.462039735964637e-13
6.167842930752757e-62
8.782818203509614e-23
2.462545991661403e-20
3.9192557759114673e-19
9.313400304989213e-28
2.3174365248854662e-39
7.770747475095778e-38
1.3665733311956833e-41
1.6847466231764015e-22
3.990624186877121e-32
3.62446340227597e-52
1.6992621208076023e-12
4.4767122283941475e-51
1.0187829813989694e-28
4.7270672593127843e-14
4.5208275018088315e-22
8.180708444499595e-21
7.01817099620307e-18
4.900079671811576e-34
2.864335548543166e-16
2.1612824856193242e-32
1.1137764951925499e-36
4.026083675944651e-52
2.1571575119132128e-20
1.9463986145229667e-35
3.6712600976746125e-55
1.1849970754458828e-17
1.7295640733884779e-19
2.189586923797032e-42
4.03843369535909e-37
1.6856775988942982e-18
2.9868747274563408e-33
6.203692544734645e-35
6.911089815931645e-40
2.074065364745809e-34
2.2322947622442352e-38
2.5207797893269682e-39
5.010451606049189e-21
5.701733907693658e-20
6.086596018046176e-17
4.0426169632279757e-13
1.0429611304150516e-21
4.684733543647519e-46
8.206371299241063e-86
2.607763463549994e-35
6.63821028260457e-16
2.5497935338299353e-28
3.039539528420053e-17
1.579589140469383e-92
9.350575095820377e-22
2.336271007487277e-31
2.5312720751275587e-27
2.2223650198134395e-23
2.002068850795423e-22
1.9731571098998983e-29
1.018848826543745e-27
1.351464684034e-44
1.7758338555661002e-16
2.7094540463505797e-14
2.0508849446691815e-24
1.632643809392461e-19
5.619360842481469e-09
7.1123628748609155e-06
5.242072949581569e-35
6.872352138915427e-20
5.116218543780435e-27
3.5067288839753375e-10
4.114848552904398e-20
1.9182424773729123e-35
1.215032180361537e-52
9.95106563856032e-09
2.6462714837068678e-21
3.191596215673571e-20
3.770893746201928e-21
1.6692373402213198e-32
3.622328299402699e-20
8.254761644985598e-10
4.008211801022711e-42
7.330663486787592e-42
2.6247456719785176e-28
3.6718420622409827e-44
6.310341128221823e-38
1.5798097212845935e-27
1.3607863321138375e-26
7.475911979068812e-37
5.513506235421211e-25
8.81567687711527e-32
1.6365834126289372e-46
3.1478632466624447e-90
5.787668912249003e-14
3.14615577364573e-20
1.7113095919312003e-38
1.5827459929887233e-17
2.795924130308272e-32
3.2422501385223173e-22
3.4360296909671664e-52
3.2152141248976816e-30
4.6441678820524964e-10
1.3462246653614294e-32
2.6456865745787258e-21
4.0940140219939424e-33
2.925631104881511e-19
8.39591129088351e-13
3.435588350278349e-33
5.590941995508576e-33
4.657866450155023e-22
2.608534896126824e-15
6.7473665836021625e-22
5.927684196072297e-60
9.36781676341752e-46
1.026403502926863e-24
4.1752666483794246e-30
3.226520350246002e-36
3.5611816755297506e-21
1.7591358401165783e-20
1.234031899604396e-82
5.066875847029448e-26
1.859434468570038e-16
9.666943598748653e-15
7.148607780113482e-68
1.8043232161786515e-17
5.656317347520209e-38
8.708153501233022e-31
6.141597500984787e-27
2.4880581770121234e-16
6.49056656411891e-33
1.8730802321601106e-37
4.9730618026317943e-08
7.520913416737278e-35
2.1807983415890813e-54
3.641574773428626e-14
1.7155735093197576e-26
3.126402401896581e-44
1.7556528914355237e-39
4.952874529059093e-38
1.2913079700493814e-24
8.82850452387799e-22
2.3241602695499072e-42
2.347714967019622e-37
5.358789312852973e-21
1.4052541369840708e-34
7.310682590895773e-21
4.495090214710187e-47
7.790215034719786e-10
1.4203055141219528e-24
8.361423083804461e-15
1.2842566748983819e-24
9.482609538103385e-11
1.7816790372076722e-09
1.1429748657931293e-19
7.650094176097173e-32
8.585779102718224e-16
2.0803696497709668e-47
2.0240602718919342e-14
2.002678131835005e-60
1.8525197918439102e-49
1.9858908744453642e-21
1.756222079183558e-17
2.376971938898018e-29
8.745598550236964e-07
1.5386340363233235e-59
1.1659469826176673e-17
3.9398214680034146e-35
2.3577255951389597e-37
1.363326141426589e-26
2.8035472720428203e-20
3.633865914546062e-25
3.443799574484716e-36
1.1086649982259761e-13
9.120354219856211e-35
1.1844509905137831e-28
2.0316686724453422e-35
5.2134520777065054e-39
1.9615603193409893e-14
1.0625909798212156e-34
3.0958744802199895e-12
1.0897306029602409e-38
1.868885723584558e-46
9.455475032204254e-27
1.4244344289868454e-63
1.756067773103506e-15
3.6104461707816513e-96
3.7184889204632768e-09
2.154091312362765e-09
3.871255586987445e-43
7.504548986592522e-20
2.558217891598614e-16
5.1058091591437925e-30
3.2801147078046806e-26
2.0215415987430712e-53
4.407223068190406e-35
6.492814973813873e-10
2.1821872675460072e-30
8.7001446250941e-08
1.8152203606863557e-41
4.520119964263248e-16
5.112094811346569e-28
9.403491525176905e-24
5.903724032652846e-38
7.01127778678425e-46
1.0626514192479879e-24
1.7473956190548165e-27
1.0378768734322517e-13
3.233552512479857e-46
8.63441090489048e-08
3.483594358289812e-27
1.0522018058979705e-22
1.1883836403668285e-19
8.831211298362873e-40
1.0082365021775863e-50
2.4941187145799125e-49
1.382532047582892e-21
2.4217963518969524e-28
1.777728502672119e-21
8.232216808288249e-20
2.210074427802782e-58
1.508183262562484e-44
9.434120643216116e-46
3.642347416545218e-33
1.617393867074732e-22
1.3794879550920195e-06
1.3141768231679333e-24
4.6535293414966963e-07
3.597549959766914e-20
3.452733388635642e-49
1.9374819010171743e-35
7.855361134214315e-36
1.0734113587595002e-15
3.778571945597836e-16
3.376995709474141e-46
3.2215888831501215e-24
1.53636523187502e-26
2.8908983467631772e-25
4.54803208766038e-06
1.9836660329011055e-12
2.9927076278398677e-23
3.9132319627493364e-21
3.949620849492237e-24
4.2254750318182984e-07
1.7924094967374248e-32
8.885637440835255e-123
3.970636535285047e-27
1.1706006530881244e-14
3.6785678899581e-09
1.9319039603906043e-33
1.4570167347916622e-80
1.831194560021178e-18
5.93894240578737e-28
2.416793279636247e-06
3.071658420023615e-41
2.5226029639578833e-13
1.2949699106575408e-47
2.1485001730333787e-17
9.23348493469342e-32
2.434873611513081e-36
1.4773607393332594e-15
5.071673802462389e-27
3.645906602217565e-24
1.443216639678294e-34
3.496030748964647e-25
7.201349075644067e-46
1.097561229630856e-23
1.5921541686156187e-24
9.66376440144786e-39
5.166431599530506e-46
1.121297702159849e-19
4.155428851835645e-12
8.633884549699711e-25
3.77505944143142e-31
8.553105836923715e-08
3.8212312072516627e-13
1.9835040093716342e-08
6.291576281664225e-10
3.0323466813274564e-26
5.96356102932021e-24
4.3750104301689685e-19
2.393881145903899e-53
9.65151106915925e-23
3.6933476805158816e-44
1.3898641370204807e-19
8.745300264918518e-14
2.3855688951594175e-40
1.9417724240423334e-19
2.5249816382882715e-33
8.255118920983116e-28
5.309977076607231e-38
1.9311330763081028e-41
5.178997380922486e-22
2.1340040596718807e-37
1.7915771847528373e-14
3.925803410576496e-42
2.1101194877476124e-24
9.937573354027293e-33
2.1307359439261585e-39
2.3265820656691566e-22
9.31882232315373e-46
5.2177530313181715e-22
1.1602341355907858e-35
3.986041936742176e-35
2.342135008760428e-06
3.130445273368682e-38
8.07103240187022e-07
6.652921804968425e-25
1.8851234471541812e-22
3.584977579006346e-20
2.6465986393259137e-25
1.7508620371287383e-37
4.939105483038166e-118
3.1141714956993486e-12
1.2976527166296494e-10
1.9287918825235626e-34
4.6557868732149673e-08
1.5786484571494774e-40
1.6857025485403077e-30
1.878943706098562e-21
4.71017427114149e-27
1.3003633220089463e-26
8.612793684572324e-10
1.3791262947688287e-23
3.3807480327108213e-13
5.153578316561094e-27
5.09911781643351e-27
1.711763201086818e-26
3.607808372823222e-28
5.0711894349946034e-24
1.7527630783007922e-20
9.461512774474111e-30
2.377789963996938e-21
2.0684339591461825e-55
1.9346276215066758e-27
4.506536891122651e-09
6.996502508875379e-39
1.0164009816627999e-22
2.4937294046569766e-26
2.457874181196276e-18
3.3542234015153236e-63
3.8785205861824004e-17
1.2526969864697375e-21
2.1947014679931432e-20
2.786498125913688e-33
1.5083865652034669e-24
5.127057962660188e-34
3.655470313474837e-31
4.170943158440273e-47
2.7601405791295525e-16
4.861727203491828e-42
6.337216901907474e-62
7.438195682330091e-23
1.6655097946047734e-07
1.5887065643039823e-21
1.98263144344635e-31
3.530979452443797e-26
2.410000886046349e-22
3.729212252240033e-29
8.633415804015214e-37
8.972183286739223e-15
4.097755984363445e-13
1.0068362279993887e-25
1.1355810507796475e-19
1.2335943297766085e-28
2.5082858002629227e-17
2.9709425944507107e-23
4.4097229221846036e-24
7.859594396563263e-19
3.6833286860530005e-26
4.382593294502433e-42
7.091717201479207e-69
3.987715419415179e-51
2.7226836629987976e-16
4.260610994479524e-22
3.6178079130931775e-26
5.793645647914973e-37
1.913596785950021e-11
1.129443114848186e-15
6.577079469012617e-48
1.8982620353470286e-12
1.1027476033106767e-44
1.218849228409621e-35
3.4448308415963237e-13
2.6698403054608724e-33
1.0231882160446398e-26
3.0207741615606494e-40
1.1254778132066562e-36
3.1971332066549257e-17
6.164160357141453e-19
1.1493873692712489e-23
2.343529319356374e-25
5.1642916658510896e-24
8.828598220399098e-22
1.8791880254575245e-18
3.411180638247224e-39
2.1501294574954216e-23
7.782821259920541e-35
2.273933774029007e-19
2.4353274811335552e-31
6.612879918739866e-76
3.581443767477946e-36
5.770363776096765e-11
9.489226906916978e-37
2.468707617463616e-45
3.008339737754076e-15
8.07229774291557e-10
1.3006412870043514e-26
1.7668697628870427e-51
3.750009540139833e-11
6.950910994353531e-14
5.4048786394293565e-40
8.914512424226922e-34
6.4429096925443205e-34
1.219995591322012e-18
3.230619595496077e-34
5.3090937319371066e-61
2.7538694325327123e-36
8.699314502065236e-38
5.09390624292967e-24
4.814023214469365e-21
1.9093924644721482e-22
8.561080676579509e-20
3.448124047370179e-21
1.286457429612113e-35
5.0898897212753e-10
1.0348569774446229e-22
1.091763709948822e-08
1.3524837466718974e-15
9.611475872778402e-22
2.511438209300146e-22
1.6157323697487024e-06
1.995295371496814e-31
3.2919990194978563e-23
3.768354361613024e-60
2.5162811936532276e-10
1.8014505587289952e-84
7.782663303344997e-07
4.786634259125695e-24
9.000342056575432e-33
1.2722541935026467e-20
1.3020032735200408e-95
2.3251519460998382e-61
7.018566059680878e-31
8.651943726806673e-22
2.5270011740403607e-21
9.200248178845363e-35
1.3398935321182674e-33
2.291981716214803e-59
1.889995422800174e-18
5.707586094907571e-14
9.517702925290514e-36
5.079208230363148e-22
4.37478995228066e-39
1.455476361591517e-23
3.2244697041801685e-40
1.2630891813821057e-35
3.8121868266928526e-17
9.716101199039885e-38
1.704554697618778e-33
2.0724534515194665e-07
1.1153629424913627e-28
1.7267269442274374e-33
6.362500106864378e-29
2.5077975970593357e-25
1.7063774590013841e-15
3.2421197608753186e-53
5.695040770860713e-26
1.1513619661760573e-61
9.780603434112913e-24
2.4507820092321352e-30
5.0427936929947e-31
1.5364057485614322e-23
1.4140002997373938e-54
6.73090118990085e-35
1.0163191912593163e-09
9.080429331777462e-24
2.9197785329477166e-14
1.9702207479023837e-31
1.378397867249396e-21
4.728619695637004e-22
1.7980468294445754e-18
2.3252275757979525e-11
2.8331891539526523e-34
2.9428614680408994e-22
1.8650241610467233e-35
6.834125797607817e-78
1.0642047455345411e-37
7.34855554094971e-36
2.6800003940130155e-23
2.01105936452842e-19
6.668364361743202e-38
1.385434733908849e-32
7.570147066064915e-31
2.846929481826316e-25
2.5147867244201267e-42
8.693579714928446e-37
5.216803048819043e-27
1.5877353271903744e-33
9.073902484445708e-40
5.01862668402755e-64
3.897059643352742e-39
3.7203227348725364e-35
2.6614156084784867e-22
9.036961695630793e-66
2.6851684389478563e-11
3.152000211734185e-42
1.6233001578765408e-19
1.2970998892192281e-25
8.744785460912487e-35
1.5702547535802204e-37
2.568439256194095e-16
3.745662996764009e-68
6.216034444090622e-37
4.3546925301742843e-44
1.6799701035134247e-43
1.4917000940805493e-40
6.341848545422445e-30
1.1766911407130867e-40
1.5165585616047233e-38
6.000363486250036e-36
1.7975857522014435e-53
8.310706159891365e-14
1.2380986714699074e-34
3.38069488595251e-19
1.0287598800778765e-39
6.302440667964297e-25
6.535949333895666e-28
5.391401525047715e-15
5.24066544093229e-15
7.931501437214859e-25
3.8284030134468285e-23
1.0950669171104287e-30
2.874862188195976e-14
1.0551043131240996e-09
2.7342642035876393e-11
3.5015371092990564e-38
5.096231807143592e-17
1.2578297956988899e-39
1.9327464710360292e-19
2.340861194818427e-20
6.589155345316019e-35
2.0420085863450258e-31
4.748617054594066e-19
3.353389919318974e-30
1.8432186150703167e-19
1.524825344259861e-46
2.5812060509815304e-44
1.188118400199021e-15
1.3840946399526526e-20
4.926367763373842e-18
3.2363741108472844e-34
3.9664257455744915e-21
9.066717752471189e-42
3.808936064188144e-12
2.8914417318559894e-40
2.007419653760837e-24
1.8890039667999185e-31
3.714342726205922e-21
4.577959110280509e-32
4.198158920737472e-22
1.874100885242923e-88
1.1349765627643643e-22
9.782788764278466e-46
1.0219344157279877e-26
4.623089621113338e-13
1.2306004450554194e-31
7.546325140858065e-16
3.1135567053284634e-35
2.4350004976626982e-17
6.382299581261303e-36
3.8919932607661763e-28
3.062480197488537e-35
8.083385429518122e-18
2.2912513292669203e-29
3.1946750433725697e-22
1.2418455260070836e-18
1.4199892393905686e-17
4.742115346546007e-49
4.2961388774220375e-39
6.423351463129809e-35
1.9429568859561294e-20
5.604524705824807e-17
2.6889338442769373e-23
4.5324120305546983e-23
1.2842359390696692e-49
2.28528258360915e-18
5.7625834493233795e-21
8.795726877008373e-15
1.0060125483857429e-18
1.0433621894538799e-28
1.0483884502325213e-37
1.4485490688840794e-17
5.88689069850338e-26
1.1708350326903008e-16
2.9357800972311823e-41
1.0868928382340557e-25
5.384767944299629e-17
6.928242660163517e-33
5.330877356909394e-15
6.727576639331615e-20
4.06014714762e-35
7.198213594489123e-19
8.48756111331235e-37
2.892631596539823e-15
8.94690310940713e-08
2.578375123428334e-26
3.8851675571720374e-29
5.548522620847411e-46
4.4051977801900474e-63
4.6779401662700925e-24
3.941617533018193e-72
4.36370136765486e-28
1.6200474099683086e-23
8.505702976051207e-37
6.817487143128041e-73
1.2124987889868193e-22
2.6248421492036115e-28
6.8460289469248315e-56
8.287377288194463e-74
1.403489293663164e-30
8.370408075289667e-37
2.3394957976414124e-35
6.444976488913147e-15
2.308010573325878e-17
1.6200754097480515e-20
7.416621206820875e-16
2.0522926840909207e-29
9.844278096994297e-22
2.8824869073842693e-102
2.5377608591192885e-14
1.2939595112764894e-52
2.3381337429996853e-18
1.2143600603976547e-51
3.886826613309318e-21
4.688503365472393e-17
1.7573362271436935e-18
7.1273854079420045e-31
4.727115976469217e-25
2.0096178736282652e-15
1.5226163137043312e-35
3.0148392330630635e-14
1.5999838987870091e-28
1.7560835194348422e-40
8.194734129270526e-35
1.7320744497585615e-38
4.838408124199205e-34
1.8184107299128523e-56
1.7980780529615473e-44
2.788087589833585e-85
8.542708590687751e-20
8.524878859262742e-16
1.3266753092040516e-36
6.501226896206869e-28
3.7116840674835994e-09
2.8513743632671647e-39
1.2111487716956687e-30
3.3496778369335445e-39
9.665924670077203e-39
1.4789509578814792e-25
6.386024529741674e-19
2.5564726803343384e-26
1.771718397906451e-17
1.0905037860594292e-55
1.1507187383335193e-41
2.16488836439722e-35
1.4718338188067167e-17
5.014664472599208e-21
1.0755558973717264e-10
1.1809643826834735e-39
2.503108778142302e-29
1.64597360162595e-53
5.954171210468079e-30
9.116677901361652e-31
9.731635718457287e-26
4.606554439833879e-15
3.3610881343128045e-20
2.4238080483179228e-34
8.711422410070737e-16
1.5969915541178808e-44
1.440090443683916e-08
3.204842663804643e-32
1.0042331436314335e-39
7.436173387479789e-11
3.548996367916241e-35
4.184205758543493e-84
1.5891374384168003e-46
2.27742839634068e-41
6.979767730677611e-32
2.797229939079495e-22
6.41100584681219e-42
1.1198384883777946e-18
1.1448623905435643e-59
1.90133581164113e-50
1.3119449465112201e-21
2.393109391477901e-18
9.236000502192566e-25
4.0989001482338463e-13
1.857044151528445e-21
1.4773218560896264e-34
8.667914706602349e-38
4.990099020786085e-15
4.9877666275346496e-11
4.077041015836891e-27
3.1994702376597895e-20
6.1431507680471485e-46
1.5605708737525322e-18
4.5298222849647784e-17
2.2650955555690183e-40
2.3701068861623016e-07
5.012376220876343e-08
2.7902281998745852e-50
1.3483244258255242e-12
2.863605571183731e-37
1.4177132115286485e-12
9.682191872562477e-22
4.2816504718352687e-20
1.7103716524279985e-12
1.6572556046523299e-26
7.416606745619117e-11
6.040656796677546e-31
1.3684570096239992e-38
3.727971129910716e-38
5.298788626781586e-51
6.485178721311366e-28
1.1693355777366884e-05
7.159335893936521e-31
7.158476561600525e-18
8.967794502443247e-39
3.8091993678925116e-50
9.600389633339288e-38
8.220609883612714e-17
4.4219166939190096e-66
7.778054481902247e-17
2.7539416850489268e-21
1.3542521651699965e-45
1.3312274581711205e-24
3.222841598844905e-39
2.3960720609303123e-53
3.38017063404836e-55
3.411481148173034e-14
3.705810599651777e-28
1.813130318368661e-12
1.6904611402137983e-20
9.058269179076192e-87
1.2864751606768189e-20
5.880039879817338e-07
6.054956356765729e-36
1.729438226451639e-67
1.5425279578294047e-80
5.297829103187519e-41
1.6808322491019754e-29
8.455553437031927e-34
3.8973112524254163e-26
6.549700409351503e-16
7.041259394128485e-28
7.706093092278007e-09
1.155975131844769e-25
4.066277939900076e-34
2.657638952462284e-38
4.371805881630456e-24
5.435741756473208e-26
8.747367851239455e-38
1.2326914692130028e-20
2.9542921551011667e-24
1.7020691214294936e-26
3.3037626753662007e-13
1.9070162099752267e-27
2.8089635566095902e-52
7.724230397193872e-16
2.4658670513124793e-15
1.8742913926161563e-07
1.3450556560745092e-25
5.939965282562723e-63
1.0415542692069922e-08
9.385214308412652e-14
1.6189990574173873e-43
5.57041133621591e-10
8.969991895683232e-09
1.0753775459294312e-20
5.167205332557991e-08
3.0956178783182688e-40
5.790771859713776e-24
1.2820681385789802e-46
9.093229989197903e-16
6.641687887422587e-43
1.2394294820130929e-34
1.2637867079652102e-22
5.222372119458016e-14
7.05093918140292e-30
3.718865526917873e-36
2.6458043532421764e-18
5.869358766068957e-42
5.6400559130483e-19
1.317809708496907e-20
2.1673129197409232e-20
7.261440292172385e-36
6.585234343575666e-54
2.5799828738841674e-07
2.5103488811352404e-18
2.2065266619306865e-27
1.4049056555118692e-82
2.8467976629956485e-24
2.4919415523481546e-35
1.8220268800548895e-16
2.7527390180853673e-22
3.725395712082327e-19
8.667043091945318e-23
2.2437919608727727e-65
4.9138659025689175e-32
2.0821008589372142e-16
1.222558374050181e-103
8.327597906128601e-18
6.797372888616354e-22
2.484216959337495e-18
4.215003970048917e-37
1.7527274295477098e-90
5.325108890176009e-29
1.2283307281373948e-20
8.634241970640815e-19
6.123071020956634e-28
6.22417302906385e-07
3.7451782995050536e-47
1.6147642700191814e-15
5.72449181830371e-32
2.242559771288855e-20
2.100463698620986e-40
9.029849804606157e-44
1.1469813438342006e-63
2.1245815216094905e-28
1.4959302142223424e-22
2.504658698248883e-19
2.5607255489774976e-36
9.855432421100832e-55
3.3242155784235485e-34
7.391295275530906e-69
3.942999197996295e-51
2.837190971238934e-34
1.3727793922850213e-25
2.0139895718409144e-35
4.245520100737495e-16
2.63289381710297e-60
8.507619795375724e-17
2.688430892193698e-19
4.3254611184518344e-13
2.4074248521703873e-49
5.69441666286947e-18
1.1409533330991449e-30
4.4548210893806055e-41
3.559103952535501e-78
3.5328649960331175e-19
2.817453389686047e-18
1.0119046625631431e-27
8.898859599065918e-27
1.908976662799705e-23
8.90967984861355e-22
3.1560984675925725e-19
5.294179943717143e-14
9.860574130921255e-43
5.260274272502828e-30
1.0838305235668212e-21
3.388528758672084e-49
1.1023474460614555e-20
7.168838360483544e-18
1.1883432268700972e-34
3.5382662921846363e-50
1.200213463137559e-49
1.092835858564636e-24
3.474599903161638e-09
3.613044279995547e-36
8.250389934940352e-65
3.1533399269987547e-26
4.134737016063197e-39
3.055937878379922e-11
1.0598847265138118e-25
1.6726221882495223e-49
3.511594535006244e-33
1.973896849369002e-26
7.966280867174285e-18
2.2189778328970298e-12
1.8864724723860786e-35
8.281731409500583e-41
7.427574030607419e-16
2.8353012683454517e-23
1.5666015753323342e-44
3.754979741660806e-13
1.9882915134813026e-30
3.167027196149633e-27
1.8165139820848313e-15
1.9086957408874718e-20
3.0345086238593272e-40
1.1779721102497792e-34
1.870333621966817e-56
1.901964210909219e-35
3.40394166021204e-18
8.29846078507703e-39
5.7610944300199494e-39
9.888461660707126e-23
8.889498697848522e-14
1.0008350079905249e-29
1.0235258563499556e-22
8.982627909014127e-18
2.00813040300146e-16
3.993669875144742e-17
1.639607298719983e-26
7.565337108902795e-31
1.5275008870519615e-17
7.9041563272847605e-22
7.366190928593648e-15
8.707057859964776e-25
3.352456888316503e-38
1.91405738481085e-39
9.974959351803948e-30
7.926066973803116e-07
4.736536443192236e-24
5.539559966252177e-62
4.207689498719239e-15
3.985509816243775e-21
1.6199389831145937e-21
2.3643439313195232e-14
2.2778996565152377e-08
2.3224597396523547e-13
5.760584198347651e-35
4.359982559681436e-36
2.0865825382873963e-30
1.6647658827295965e-32
2.4625867757540566e-32
9.626077326029158e-33
1.486211154071789e-22
5.423617110435125e-35
1.208434883498789e-17
3.745428334032955e-42
9.498779479631156e-65
1.0238595084395385e-19
9.309156676051645e-31
4.940936815765294e-71
4.143922325472397e-24
1.779898985213742e-36
2.6773796748649412e-21
1.0828607726012447e-26
1.3575764566744953e-37
1.3707200877357504e-15
1.2377726231540768e-23
6.635713930691743e-14
1.4245406685397142e-22
5.353487408311875e-33
5.345054513774217e-28
2.3879524842205908e-36
3.0417616107832817e-15
3.863863390556968e-25
1.364401142793564e-13
6.924753407099602e-18
2.7941571280982694e-12
2.9892411955533834e-19
6.090070743178418e-39
3.9448098675472415e-37
1.7493601725403848e-37
6.449566625578844e-19
3.757576933592764e-34
2.8710152383762084e-41
1.98381166470906e-50
4.452016977253737e-21
2.2699292880664062e-41
4.035344821920798e-12
5.560915095339168e-30
2.7165930636993805e-22
5.228295567998591e-19
6.0862879322964124e-30
2.3277867745284664e-34
2.793150967682904e-26
3.72801365501273e-25
3.6652082606396195e-21
6.863379303704983e-22
2.0755173384224285e-08
8.054798972679776e-15
1.2984312313424936e-35
1.511644464064537e-18
1.7047070427908232e-19
4.173122845311745e-19
7.852697651289802e-07
1.1339787286790405e-13
2.2620262330390516e-23
4.4468374151258594e-17
9.112575484727614e-15
5.101411941993927e-34
1.2891451050525208e-38
5.966438356833798e-51
3.235086458885965e-55
3.6257582931414576e-09
1.3420523854930512e-29
5.896420824460038e-12
2.9879014199556555e-23
1.3789553592951053e-10
3.72914101857643e-20
3.703725774399259e-51
1.3224700490292056e-09
2.4456308534900437e-21
2.7952551625328203e-22
1.6624005558637702e-31
1.3299308269297437e-35
9.68691022917337e-14
1.2379181429564225e-17
7.945430792164146e-35
1.857689318538714e-16
5.279166554192205e-56
2.926341970772544e-16
9.455893487147143e-57
1.7840889744779527e-22
4.422664725835589e-27
2.7701267969020218e-34
1.1830466725194117e-19
7.730167792078028e-25
1.0503720094039669e-13
1.7650567468510366e-21
8.887459450279889e-09
9.294075676404918e-15
6.846605333705872e-26
5.900827678072869e-44
5.1974725948770405e-39
5.834937883814055e-22
9.635158709201654e-20
4.615168527596648e-40
4.897876278795723e-15
1.7267304671167546e-22
1.1382435131834372e-17
7.950401033118647e-22
6.274523107239955e-36
6.045574235074367e-21
7.300239251073667e-52
9.154720790581471e-23
1.4539709057255418e-36
9.509772257127828e-69
1.649965475123057e-34
4.09576957292213e-12
1.248548453930404e-15
1.2081937786968282e-31
1.5551275033180876e-26
5.326160217348901e-22
1.4546407009591946e-06
1.2346116553791088e-20
8.729346261984442e-10
3.528890452584158e-22
1.8220784495460388e-25
2.3280438785532715e-31
3.06963262959617e-33
1.0469600101509143e-34
1.715616722406406e-24
3.996041803057192e-23
3.3771874708728926e-29
1.3455708330570719e-48
3.783233746788026e-42
1.2106279987573462e-30
1.824925082934146e-21
1.0953739585157032e-16
7.369415245901458e-13
1.65169675234095e-25
1.824390588368161e-27
1.888647777599606e-13
4.597404375536614e-09
3.814910764826917e-17
4.01762843713198e-34
3.2667259471733394e-17
3.346994031217504e-11
1.5921254414586286e-17
6.207907578443829e-28
2.58243925095973e-19
2.731798597439458e-10
1.770776450091024e-17
1.0436095049468164e-14
1.6241045731271494e-35
3.47201810883755e-15
8.936703234354211e-23
3.290528170767637e-06
1.8986609448861658e-19
1.1424491993833876e-07
1.0194077993097288e-27
2.0747415196153283e-21
2.1946386427052706e-31
5.7272214178287965e-43
3.178843141435569e-34
1.4330851987452598e-23
7.7549935731805e-30
5.005187413948874e-07
5.747989915853634e-27
7.861496666561128e-50
8.746998081338898e-22
3.503360071450404e-42
3.805734655862102e-33
9.177524187978466e-27
1.0018403540183175e-15
4.687830312018229e-57
3.5779723504957295e-17
1.5223071010922037e-26
3.3209711605661527e-12
3.1342732701257187e-12
9.7922813529049e-22
2.015021914049109e-42
1.557443740961473e-37
2.633003525449105e-08
2.001163508213377e-40
3.0331911692659483e-21
1.6653189774957157e-42
3.0986348836916727e-24
2.2331492141978707e-32
6.120234619217652e-20
2.539064290692346e-21
3.7617193968363784e-16
3.681467622146385e-20
2.0656327329513387e-29
1.4096506376165522e-20
1.9371842220665792e-30
2.773224271992088e-23
1.43478179918958e-23
1.996859288654892e-17
1.8225910660408178e-06
8.961855844500421e-30
7.156405131885707e-31
4.2204422524924523e-07
8.3890031030527e-17
9.152759966234959e-25
1.34485445198719e-38
2.9421101112987683e-47
2.193214582803595e-43
7.917978375217689e-17
7.819519056409587e-84
1.4108401721575738e-36
3.847216770362869e-24
1.1055420333101279e-21
1.0451996323681145e-40
2.6139093463396357e-29
1.3847041852565022e-06
6.146761431815313e-14
1.7547058778223874e-35
8.767428585820505e-16
6.615014999956013e-28
1.3988642785348945e-35
1.0854340734223162e-34
3.489676420707111e-19
8.554568485480503e-17
2.7125429751728084e-25
1.1666910841588007e-40
3.0960394007161425e-35
4.724865192450587e-10
1.6370925123063014e-32
2.3558409759888793e-22
4.358733317766474e-24
8.429114717391652e-30
4.055106976704382e-19
1.8039387646728614e-41
5.920878560647549e-16
2.9556852980640274e-16
1.0989210901783186e-23
1.6401546877995837e-34
7.751871226226579e-52
3.297584499949782e-22
3.547304778657341e-19
2.3536118267534336e-126
2.4198234451602942e-29
3.4535990570147706e-24
1.8603552942794023e-29
1.3285299258696867e-39
6.750411849032471e-51
3.324141566369084e-08
1.6273280209597855e-39
2.27707283729327e-29
2.9118947745012526e-18
2.4319723210643594e-20
1.9439160426836768e-07
1.930051827080304e-29
1.3751410158032011e-31
1.147619019802268e-36
1.4216521579341454e-17
2.141300334264474e-18
1.8130215604113297e-14
1.0400658027843716e-22
4.0340959280331623e-41
5.157069177008901e-27
4.4535953067673216e-07
1.5494498376470468e-34
1.6653986936631044e-91
3.542310808929201e-73
4.9966333761713745e-29
1.4259381983261582e-20
4.2276099777212714e-30
2.5505720808137314e-16
3.604794409212546e-64
4.718610340177328e-34
2.9225976134290754e-25
6.437506089529754e-39
2.0668100321946076e-25
9.156811783408786e-11
2.3430241309816794e-09
1.9054864458516085e-15
3.633815438038065e-35
3.3062179290751835e-15
5.336573145945181e-18
5.564481071355981e-36
2.4976904541435657e-15
2.5297160915638e-39
3.933936697008091e-34
9.159579292807827e-22
2.628616673873761e-37
5.528188806760329e-47
2.2195702069523525e-16
2.9158139713454433e-19
7.426441934707161e-30
6.936407615790306e-39
1.717045561746713e-35
1.0689594432093959e-62
3.2409513654928015e-07
9.884409783543379e-17
6.426218293237499e-23
4.565062686311478e-50
4.034016141190163e-105
3.244740256795282e-15
3.169808030579799e-16
2.542668096982927e-31
5.467442848725669e-08
5.630280110455093e-38
1.5051629666413783e-21
7.628975534637116e-22
2.7478923715893587e-34
2.673228767256758e-37
2.023348316905493e-19
2.810897275132963e-45
1.9210385264619653e-27
2.8181121812208585e-08
1.916741242577543e-12
2.6041835987833056e-20
1.373590568810158e-24
6.531631323765244e-11
6.235135092968293e-13
1.4945324891092332e-10
2.0034020365473645e-16
6.425075075975355e-20
7.450358456950847e-23
2.544006438911755e-29
6.174841043050669e-18
1.68333605684729e-08
1.0534647116641992e-12
4.5215112358915846e-60
4.8339509430451476e-17
1.1445140715666337e-38
1.8860397151231847e-29
1.1620023726930447e-82
2.127312154434721e-28
6.526211836800678e-19
4.3896367961919745e-31
1.886260539644009e-21
1.4791190218056948e-36
2.4535445463257584e-21
2.6807344065234576e-26
2.702327574881226e-26
1.7666229481320197e-37
5.422565455276103e-34
7.449831174098763e-22
1.4299252249238034e-06
5.13720025371288e-37
6.13646987989428e-23
6.457321650098197e-66
1.050222244901362e-35
6.041153341851457e-13
2.646175733717471e-36
8.22882246721844e-18
4.544427948300661e-42
5.053070818850575e-14
4.956517208210465e-35
2.268636739123137e-47
5.485664534006685e-34
8.591071073223916e-22
5.780756279543082e-41
3.580834549309177e-07
6.153214251252108e-18
5.977254169732907e-36
8.561852770853196e-32
1.0810180304245592e-21
1.8082772158440253e-57
8.941314536915232e-12
3.527309691362092e-29
4.11951388360081e-21
1.6101226499198492e-27
2.0312258847625486e-30
3.828375224044339e-22
2.386123133323993e-31
8.294686166886698e-43
5.4335017108788545e-24
2.908833079511141e-26
3.1839359462870823e-17
2.6316330369912128e-24
1.76260528177709e-74
1.6872649581391151e-18
2.5002313753301977e-26
4.594328964274192e-31
8.141343671814967e-40
8.102625937056606e-35
2.3981930923561745e-21
2.0295391585264184e-19
3.3324083068912795e-33
5.697823497948696e-28
6.343638458621345e-24
5.772929799895647e-55
7.516273380562614e-38
8.81687626189305e-85
1.3630583700388321e-11
5.341554007461744e-08
4.355882696625184e-13
1.6780918012043883e-16
9.616906736497031e-29
2.6209013182829377e-09
1.7752705904843822e-35
1.0723177743560314e-40
4.202791730700561e-26
4.966641880258101e-20
6.696147629115765e-24
8.788713412122141e-33
6.411417096609815e-23
7.749076555224125e-23
3.1024035010562666e-17
1.0086562505764843e-16
9.815701989001457e-34
1.7194245243304674e-14
4.936703584680473e-13
9.556358690499291e-26
6.61522703010082e-35
2.936897421367019e-28
3.4648781854824403e-59
9.66090101185599e-37
5.62120359525338e-21
9.250593754632321e-22
2.2018856780407613e-15
7.51595876900197e-45
2.028124509830631e-20
6.386095741953229e-39
2.8605194740224177e-22
1.602842049834646e-65
7.85229558922348e-20
2.073330876545898e-23
9.413916242462044e-26
9.207990803021422e-15
4.243375647508578e-36
2.042116249159279e-11
7.559237412477641e-38
5.680874845026285e-54
1.3111892269546134e-50
8.250942065407069e-24
1.196848609584901e-18
7.112822820250973e-16
3.286164042222307e-55
1.6027575018683036e-26
1.6311285703776783e-26
7.999900059494916e-22
2.1453850002055386e-22
7.961339979359352e-57
1.5359321246102568e-33
5.7031089987255725e-24
7.980710936904554e-43
9.177878339919826e-36
2.2580451766439972e-07
1.943231701980085e-33
1.454072513195251e-38
1.182312954440191e-46
8.909411637005304e-16
1.2764619741243308e-18
3.104134249199455e-49
1.0348525831337445e-08
1.2950768880873868e-37
6.035291647861503e-14
1.1020164706128728e-06
3.406360274475131e-22
5.2169365449204635e-33
4.0055520747558074e-23
2.3435607180133166e-43
6.9301717368974125e-15
8.04896097768217e-34
6.573864056268842e-21
2.201047083086379e-32
1.3609858258052885e-42
1.9245201502611135e-28
2.3713663163477178e-17
1.8977273548907215e-25
7.218517479522639e-21
2.1444049739290906e-34
2.2122867914107527e-16
1.9186336390139922e-14
5.8691113997504715e-53
2.9134066859838634e-27
3.012431677978405e-41
1.092995754765884e-39
1.3491924960678895e-26
1.8783816342773722e-37
1.0166134020924106e-08
7.548219531738375e-21
7.240309519867103e-42
6.703343094933506e-22
1.0466910083911084e-29
1.4371593399524336e-13
4.933747520043924e-41
1.244238166185695e-31
2.2084177260893794e-17
2.1884096264013316e-19
4.750668991995219e-32
1.4473470493123457e-37
7.587422814934196e-71
3.263936302926177e-36
1.5732813504934203e-19
7.643604994810722e-40
1.4870930016624326e-13
1.2885838392890999e-16
9.580728474798358e-25
1.56927968424438e-20
8.312753477133651e-21
6.29398516765872e-48
9.859984062438822e-42
1.2075122776656476e-38
2.3360461392125756e-21
3.040829545801086e-20
1.7849261707763685e-35
2.4575263087380135e-28
5.5471626574850194e-40
2.3348547288259553e-36
2.1228209936321483e-11
3.6627528799766444e-13
7.150213470260469e-69
2.1850364631340225e-26
1.0128542131650342e-19
1.8748323825230343e-39
8.614771286040455e-11
3.941680378922385e-21
5.914000795217967e-08
1.1634064434256158e-30
2.146828123214065e-13
1.5645454692448214e-22
1.6109448834580464e-08
1.966769303787675e-09
1.6247557743151087e-43
9.166841598837401e-33
1.485844587736273e-28
1.528318410864915e-11
1.0074903423991217e-32
3.1001028363160366e-20
2.7820124977784776e-34
7.656431464571443e-18
5.394635203650464e-07
3.678981786264619e-22
2.262773558042375e-46
1.3418905184529075e-54
4.731382838144905e-08
1.811490153832492e-09
4.362836183026254e-18
1.174401327647456e-16
7.48195772478971e-31
1.1841503961971955e-22
2.2601235841250335e-12
2.6168616746672467e-68
1.5233433283666956e-40
8.683176077294709e-33
1.7182194543551878e-40
2.0548639050685896e-52
4.672911721608116e-25
9.262675693222164e-13
2.2692714162776156e-21
1.4755819735830375e-16
1.744359665767153e-25
1.5396097356656508e-36
3.082588192360182e-28
4.813224957757697e-28
9.621336995302978e-38
4.79934741395345e-16
9.308912539619941e-54
5.496248840126932e-23
3.323119107698616e-57
8.97607269090572e-47
8.473304923576696e-15
3.1575205029591376e-42
6.273903270220223e-49
3.1728675784077285e-22
7.532497738316607e-29
8.175960035232675e-43
1.5660710301258456e-35
3.66833033499437e-35
7.443990511343077e-32
1.425574998044999e-44
1.6177287938826194e-27
6.300982744915331e-34
1.556497907996697e-62
1.6435212324586992e-20
4.1610656293736006e-34
4.233670593318146e-14
1.0908283771125512e-19
3.9206380796318286e-27
2.003211140891243e-21
2.3463301873617443e-08
7.812638650199032e-26
4.6038438304452694e-18
2.9833079599093148e-36
5.2556094411089205e-23
2.568533091740702e-34
3.152219201361665e-35
4.76726832073861e-36
1.2348521607246705e-23
6.825642957432119e-15
6.905410627393381e-23
5.213430119798923e-12
2.475192077873593e-38
5.719910548569363e-18
1.044362778209809e-25
6.13162518409084e-40
1.773212909503061e-29
2.7348671228251723e-25
4.04340827551604e-23
5.017195619868079e-16
2.6939665139443804e-61
1.8377422565004154e-21
3.389700062232798e-27
5.8056179408463895e-12
1.0759789691893596e-08
6.913652034379259e-61
4.118273691588685e-23
4.472679615161464e-10
1.3483221871758304e-37
3.095949259888119e-14
1.3841599401791986e-20
5.293019176309408e-41
3.953794240889248e-27
1.7570526786206064e-19
2.7947585198791426e-49
7.808867002308288e-38
7.194136863975191e-26
5.029250179313409e-57
5.48974916392327e-07
4.004458056098719e-48
1.724417686451409e-18
1.1811420821436144e-17
5.005226662697938e-37
2.2599469989485726e-48
1.9115669825846043e-32
1.2301212852927008e-32
5.252364448372698e-40
9.276710577611159e-32
7.726750610882908e-11
9.630880089668936e-39
3.346006323524765e-16
1.984673451581188e-59
3.83420722001926e-20
9.562406264995888e-24
4.2930709158293826e-32
1.0170161792462335e-34
4.351304096518332e-25
6.68678652637517e-32
4.259761471830817e-37
1.3859277027670213e-36
1.2951928050845987e-18
1.6597109656101158e-48
6.80953564594209e-36
4.952204013595618e-38
1.9740287459831666e-47
7.290750504893155e-09
1.6037703914188692e-20
1.8250908668017232e-52
1.0386059869397466e-16
7.820027806354295e-26
1.0772075860267224e-20
4.9807224009089226e-17
1.2790826028945122e-22
8.409277192283223e-30
6.794691809415813e-22
2.052890793980115e-33
4.067609980817526e-22
1.4796284936341524e-78
1.8528019525728927e-23
1.7001141168590112e-29
5.846942895342367e-33
1.1259733625784363e-11
4.13723547421819e-45
9.00333589013012e-37
1.0081402274012137e-23
9.02581521348985e-17
3.2217311671028974e-26
2.8494544417267465e-37
9.108341295260137e-40
3.5450727389287626e-39
2.8606277026026575e-22
6.719718990002823e-29
1.1172366507394162e-77
4.2524179757116875e-27
7.604892526401287e-70
1.7473499705990306e-65
1.1858005815644364e-60
4.2732104075667965e-32
6.616039697274009e-58
3.904151171368436e-25
5.553062480290168e-29
1.0870989520073541e-21
2.4732024133982313e-43
1.8696066436820002e-22
4.772792556149368e-40
5.866693809250784e-12
9.894936429450687e-35
1.142720406798592e-44
1.6130694834263054e-56
1.404477343924635e-10
1.1745690275737173e-08
2.463226654471255e-34
1.176209692660652e-31
5.540556881199844e-21
1.0098959401407425e-49
7.876915355840008e-20
3.395844711518824e-35
2.3459425286831215e-43
7.518302353067677e-45
1.3416321349770587e-14
1.3912408382697383e-25
2.6995689399770813e-45
1.0371277586122856e-15
2.4226500188723113e-59
4.653953953333788e-37
1.4370649841344902e-39
1.3459798356241256e-29
7.671631415860328e-35
1.76829189568496e-30
2.4792189618232258e-17
2.8540154179756134e-13
1.9303698462244897e-54
8.18596204335538e-09
2.963409903670459e-21
9.301989043673055e-27
1.115149604073051e-37
8.282070558114699e-08
3.4822863075921243e-44
5.512160124576578e-24
1.1868787961917228e-24
1.953969220648467e-24
6.9023795930794585e-12
3.4838890577844164e-28
8.400170872481546e-38
2.1474483139261427e-64
2.4821330800028393e-13
2.4577618905838584e-14
5.573902527116119e-07
2.2575832350884976e-73
8.740069679068826e-57
6.9533798976500194e-37
7.410367941255038e-13
4.879920317333428e-13
2.5559535994476126e-23
1.962515815465788e-12
1.5919983416595816e-23
4.684713749899206e-22
7.992775782865844e-57
4.549744663954573e-43
1.1892727544243255e-26
4.7065133899051035e-17
1.7075513152138029e-32
2.9826350361592476e-25
2.0438098125323851e-25
1.891684638266895e-43
2.1609106486472474e-20
7.503585238139438e-35
2.2523264303659755e-21
8.478881824451809e-41
1.2495924498277489e-07
5.4154172547936596e-36
3.6670964495577326e-17
2.9348418897401924e-21
3.384129580738473e-25
2.716698230164075e-18
6.561913894820517e-16
1.1425436417275082e-43
2.2637110227929793e-48
2.916989877875931e-27
5.386447691080705e-35
2.009344514832362e-34
4.035742926150095e-35
2.733855284441959e-35
1.477184684294951e-34
4.9434051964111e-17
2.440754123680487e-18
6.668999151289168e-20
9.631046469404231e-21
4.208491770397002e-40
1.3996585684753228e-38
1.4126798452833648e-19
1.1744166749524368e-13
8.621517877595616e-19
2.799272198246323e-09
1.9350409309251202e-23
4.688566073165128e-17
8.628443461969578e-22
6.934900270546114e-21
6.257124723568709e-30
1.8353603002574877e-30
1.7056239802301347e-16
2.629244809966114e-21
1.5024340362428292e-40
1.409142831588115e-41
9.107872073939277e-20
9.259714327908253e-34
5.145191504601014e-41
3.3049042605840155e-35
4.068040350705424e-27
1.4965073391011656e-08
1.6440215049366184e-10
5.418131643072227e-41
2.96999300317256e-49
4.799855538105662e-15
4.569602824680037e-22
3.3454352301500797e-37
3.882878519148345e-12
4.3728614398016865e-24
1.1950192491191198e-58
1.286815204530876e-33
1.3735780552252804e-40
4.693646862931293e-14
2.953033618364535e-10
2.8595071984829128e-11
4.889054092206584e-33
8.537487932750238e-24
1.2774417889667684e-38
6.583990294250706e-10
6.249006373114726e-28
1.6820172067522555e-40
1.2881931568652142e-53
8.952656944988078e-09
1.0040798808671152e-26
8.605404866690651e-28
5.556392188404152e-28
2.370608965338571e-16
7.455658852393733e-18
6.760133370622935e-29
4.6560958591178456e-14
2.280097175500028e-55
4.372959305591804e-09
3.315609816850817e-25
3.805800213128675e-22
8.269184018868581e-42
1.5205889286660614e-15
3.606252553753215e-23
2.2595077591312943e-33
3.093072560788174e-30
3.0135747662823836e-38
1.1459537022749801e-17
9.555279748340347e-27
2.7799072178381986e-93
9.067817571911576e-21
1.6091427856165444e-29
2.4173741145037774e-42
1.0297267385107345e-14
1.2571916929030453e-23
1.1388648258168366e-42
3.099638071079713e-63
8.2200167391737e-13
1.135152881416807e-32
1.0231250655071702e-34
1.8012031972062675e-13
1.0991155748391049e-10
1.1364844466143608e-27
3.4083179881391835e-14
2.4408909385018005e-10
6.951000574300549e-15
5.048556926047914e-47
4.489145253221191e-41
1.0379664081361336e-26
7.687987434107087e-44
3.3700003690310664e-17
7.08392890709591e-24
3.551702365398971e-27
2.121367703141021e-21
4.391215814358873e-43
1.0166080712894037e-54
7.969287756122825e-33
4.474902024432864e-21
5.867645971934462e-68
1.7509586712318112e-17
7.077861048206292e-19
6.385082097032766e-13
4.279434607279962e-65
4.761775470740602e-22
2.7523132068212284e-16
8.871519166648226e-30
1.2624934415987774e-12
7.527114850993064e-21
1.219236324793151e-15
1.9024167803942895e-13
1.444784381277932e-39
2.6058940164950528e-54
2.6691076514656196e-56
1.2274828351407398e-29
4.3765142907486565e-12
1.3317640104537572e-36
2.6552215886055345e-31
9.107900859193142e-24
6.039638630207911e-18
2.067919840404055e-18
1.139313597925316e-34
2.4639840275666676e-21
7.291843532921069e-51
2.127503882773875e-35
1.6483786637595848e-16
3.296814062833795e-29
7.152364361490575e-19
1.0142282346982159e-23
6.020189635928525e-10
2.625521974451263e-23
5.1409894067068134e-23
1.977104847460126e-39
1.2350809072315514e-22
3.6849018347954125e-34
2.845426394991785e-21
7.067414483538137e-22
3.3353263863360793e-41
8.285265310155282e-14
6.142479135556283e-35
5.923169238619198e-14
1.7778891956428158e-54
4.562300991359721e-19
8.261046091322338e-122
6.389427730833116e-16
4.459906221314727e-34
3.7723672140901085e-07
3.8446933921939163e-32
7.671139455058755e-22
9.887095893475443e-59
1.3380310286799218e-40
5.8430642871461025e-58
3.2677255061936236e-22
2.261047369591354e-21
1.9679489554378058e-11
1.7225130367469053e-27
4.7696295391751184e-29
1.1306547902297827e-21
5.312531012420443e-22
1.0621649352420927e-108
2.765038543932302e-37
3.513404604461289e-23
1.1163121862478717e-32
8.263509927697509e-36
8.918393224230012e-49
1.234899333797061e-38
6.2721925434683115e-22
4.193835307395308e-57
1.0583847490899578e-29
2.456043745384142e-22
1.7003076610268766e-30
3.0878835783193386e-14
3.0975526685486037e-16
5.977849831385916e-38
2.8976656942716794e-12
2.3636731984297734e-15
1.5645146596589984e-38
7.75980864368887e-49
4.341071765287654e-33
2.4035598398541173e-32
2.387056264204766e-42
3.97095656008152e-30
1.1987768571509696e-33
4.6972090543098664e-18
1.5775673402712375e-40
5.232343639702964e-06
9.092991425406566e-17
8.15919506466931e-15
9.74214917917079e-08
3.309319675948328e-22
5.953351258304961e-22
6.380993777560965e-21
2.1070756636969634e-36
3.823199812816825e-30
1.884942276347209e-34
1.2462995270958686e-24
9.536124835803767e-40
2.203041460197718e-20
7.133935268804752e-20
7.975745581324601e-27
4.8969686171369996e-40
3.7093196101772045e-14
9.777549922600693e-28
4.0983844646486206e-10
1.1238778944422935e-18
4.465647538365234e-24
1.0893178647751774e-26
1.2321730450819956e-21
3.0024228682824035e-20
4.5549696291492316e-18
5.426398152450954e-16
9.571934610453541e-19
1.0586617054305521e-35
2.2947320806058456e-17
1.3940405153908776e-09
1.026829437589924e-73
7.710480740051199e-57
1.7000698433169356e-30
2.829415718989764e-32
3.243321355459566e-27
4.183724152260208e-23
1.1654480039118511e-54
7.612288300017467e-21
9.240282606622716e-06
3.0364182938976023e-26
2.882171176417965e-25
2.2690140293420363e-16
2.1820869794284944e-25
9.95958945480648e-27
2.4309587691204025e-14
8.815659880112868e-33
1.3765464144078914e-23
2.226805840885635e-66
2.4943236389878115e-59
1.5729176888178173e-17
4.6510009515694193e-11
2.635246362104674e-32
1.7577347875596416e-41
3.446753678217024e-18
6.4415830928224305e-31
4.3382786158444674e-27
1.282560811052849e-18
8.43148894629774e-17
1.7574097250060773e-39
5.70298215866543e-23
2.2851916424676264e-52
1.844896982478123e-49
3.3956069547217644e-22
2.920042625508988e-50
5.623002228426707e-13
5.934718474408138e-19
1.1952338168087366e-29
1.9823533014303793e-15
4.1348037965348624e-26
4.821100543658167e-35
2.0519516599572896e-40
4.348450727006979e-13
1.4624652721817176e-31
3.3012226928137585e-20
5.137616180923454e-17
9.456970549172797e-22
9.36091085910778e-36
3.84070818540688e-28
5.678333945243821e-17
6.821871069669866e-37
2.420101120425769e-65
1.4357351501422892e-11
6.380951044302619e-38
1.0069418174896272e-29
2.5989273891147097e-24
3.341157335539953e-06
2.63344650866583e-22
3.1006958983503595e-17
2.950252940186444e-54
3.152756325770277e-31
1.0827911124703873e-30
1.5313426261506782e-30
6.121524610488331e-22
1.0873704046317167e-21
3.971728115815066e-39
3.792457920846804e-24
4.2954087753180526e-16
3.0715246471020178e-52
5.152704531650542e-34
2.4872421892286922e-21
8.350315709748969e-49
5.193955098715016e-28
9.625150915968616e-18
8.7921940696407e-72
4.881659842951031e-49
3.0210054263954353e-18
3.1422750311980324e-88
2.7575298393038455e-52
1.8198691441637437e-20
2.3131531568188358e-23
1.7548340681913733e-21
4.437576502497164e-24
2.52231589442892e-22
6.830141649097198e-26
1.756251548793268e-07
3.6104848744378526e-50
3.674734340744569e-95
1.6129072017216085e-30
1.637938256353407e-27
1.1438173280533025e-16
2.7971187418550455e-12
6.7569792204342014e-15
5.081986032999932e-26
9.218278119240559e-27
2.827479053130454e-26
8.703426306018241e-13
2.9894881094981787e-60
4.6985227414297425e-67
1.8638989856344064e-13
2.0074856133646553e-09
1.0358864183114796e-41
3.178888004933012e-29
1.950214962527237e-21
1.433739550468831e-44
7.981513699248519e-14
3.776282186696664e-37
3.4570333092631763e-25
6.787826134902951e-27
7.276098679421752e-10
2.3658177003848054e-17
6.555017995065008e-07
6.351319107264742e-23
7.561620712218883e-14
8.753181942099613e-23
6.464141248885e-12
2.6667273313070567e-67
3.5353829717702426e-16
6.38555503578719e-30
1.4948343071441853e-27
1.1515118163984268e-25
4.149462719849206e-39
2.8598187251398753e-24
4.5633160977042604e-36
6.348509195291794e-58
6.199667754144703e-51
2.0337914043877498e-21
1.8716904552687786e-28
1.3808154607710621e-111
4.57444018454378e-18
1.8274962475823576e-40
2.340421977731113e-18
7.62171577385615e-104
2.795151480364348e-20
1.4597939863444279e-21
3.3952936290223305e-36
3.756681842935412e-22
1.368905497615054e-16
1.527399752448535e-23
1.1889707780581453e-34
5.062206517416008e-10
1.7033503575793115e-21
1.9658404553672445e-51
1.5866809893954327e-37
2.9921529518443796e-50
2.074702107999474e-24
8.117874166378901e-42
2.959445410968655e-41
1.0412651762092305e-28
5.588980856629687e-19
1.5024550648978015e-12
8.665209650578909e-30
6.52367942851034e-20
3.175500073862416e-08
3.4175697783090573e-22
3.649095758905895e-17
3.842969910313164e-22
9.657169718426754e-99
1.0243791401123916e-20
4.3797618528171117e-42
1.9066511280256507e-46
1.2559917634376445e-83
4.930096692300351e-21
3.0375703677678716e-15
3.603138701136989e-18
7.733873829261704e-21
5.377114455657385e-40
1.6088798511890388e-34
1.1309528636031173e-15
4.2551277213940875e-33
8.07757693658424e-39
1.1587113048073183e-84
9.326778279322334e-19
2.8675230524876717e-28
5.575775407415747e-23
3.566178623093759e-25
1.2706132848783301e-29
6.754004744210206e-28
6.350911048889348e-20
1.5742630744651875e-15
2.8834123488534176e-32
1.4523709562332637e-19
4.894461541777635e-15
4.086006781528586e-32
7.878751366924114e-29
1.4836785493610152e-37
1.6523865703944736e-27
4.0962112078283434e-20
3.2108519322952575e-40
5.438672473399401e-37
5.003107488679369e-13
5.677414978260748e-14
4.7126329054176975e-36
6.785188360576059e-22
2.435130212080808e-20
3.5025739386294896e-76
2.722601968589733e-22
4.783203853728759e-19
1.8421284749750775e-24
1.1701387299303408e-23
3.844981942165851e-09
4.076529473878322e-29
5.946557754338011e-13
5.8682006480354164e-40
2.372526317362605e-28
2.069994412491379e-08
9.913152180473402e-52
7.430256873418884e-22
5.154471013390856e-11
5.018327251822177e-48
5.930227026561794e-25
4.046428854918127e-26
2.182227146232861e-18
9.234044452433248e-23
6.30946747813726e-31
8.731515407513903e-46
4.5658815177366355e-17
3.418291011877989e-22
8.554367943201974e-15
8.441526402100714e-40
7.187503713743795e-27
2.9996074202291475e-14
2.0627286250642684e-23
2.2862352629579777e-08
2.9881505543843756e-31
1.4207211694060423e-20
1.585273212935681e-23
4.679075892740582e-22
1.1909322066715452e-15
1.8211616935420676e-18
2.1336575287897103e-63
1.9515590515344875e-39
4.675481137023137e-34
4.644786458996065e-24
1.07617000313169e-16
2.767266764565032e-15
1.5789619906998989e-27
6.629914755979452e-35
1.2461014834894555e-34
3.694992687926674e-64
4.835221407776952e-37
2.6013848951436585e-22
3.058496896749044e-34
1.2955379356548042e-21
8.30719802938443e-41
1.0483592450212131e-13
1.607829458932432e-31
1.3626884604564982e-15
7.18828567359589e-30
4.4121953543131334e-24
8.29781483171246e-23
8.869996273429144e-23
1.4602660150289493e-24
2.9003684382206194e-33
1.6513317747361127e-26
9.492200538373133e-18
1.1212234631681077e-22
1.1548196506217567e-14
1.5099295853838651e-31
5.113520220947796e-27
1.5836917458674147e-32
2.547421938373224e-43
1.0283238492498196e-22
4.1964442782610275e-19
9.56545288420344e-34
1.9481068399841223e-33
9.918234069769861e-19
5.540946067575898e-31
5.526039390648915e-10
1.3012865737991693e-32
2.0862118462960124e-13
3.200778160686983e-27
6.733581993877794e-41
6.673868102597573e-18
1.5800566738660253e-21
4.2660304971020634e-13
3.5810756860898704e-21
5.426864063666909e-38
3.3373647597331595e-18
2.7423369245553616e-34
4.918841401782681e-09
4.5444610370900046e-27
1.0557778621670016e-30
3.267572233344571e-25
3.3842159295303e-17
2.0193726815338238e-25
7.681274506355772e-14
9.102181234578922e-09
1.7885989185631203e-15
1.0036235824477017e-52
7.388403388982105e-36
1.3831567778460145e-37
1.5348541219462397e-34
3.6439530264679254e-38
6.390469184630703e-23
1.163687859319187e-83
2.846211646005823e-17
1.0492930272810454e-41
2.356850198697118e-28
1.6908514530624694e-27
8.387082479491656e-22
3.296670940258759e-37
3.52701101217385e-20
2.5704197070620126e-32
2.2740793215339213e-12
2.0442845638938728e-35
2.7923484050805238e-18
8.854459250482354e-33
3.643278122646842e-42
1.3816959872183947e-14
1.231255927435687e-78
1.1339521480537786e-28
1.377427276131138e-38
1.6585967168871203e-19
1.8836519757381832e-13
2.154217241631093e-25
6.691464954261288e-37
1.3851863570994095e-67
1.794730237971139e-25
4.265195350462781e-17
9.285501656943325e-24
2.440682900405361e-56
1.3206066441237756e-36
1.876358460533897e-08
1.1746992733798309e-32
1.3816636624330242e-31
1.0430348199331454e-17
4.991502532431377e-44
1.0086160638781535e-63
9.18159124964274e-12
1.6684603546378298e-45
2.1369807583950324e-41
4.1351599115239146e-19
2.1365634680065716e-29
2.0086944096820653e-09
1.6085561825159346e-43
1.554915400838911e-07
1.1299575510740059e-30
2.3947496831962033e-38
1.61563683682704e-16
7.3585358485789796e-34
1.1512528356321005e-28
6.099490392428713e-57
7.2274498548952315e-34
3.098151197082441e-30
3.086072010547288e-28
4.555049226727691e-32
6.913889951033189e-17
6.251640503962947e-29
1.2428081747603316e-65
1.2687996472315881e-42
2.3735796024069278e-26
1.491359552791683e-12
7.328834559844093e-31
4.330241045920997e-39
1.0886696321502033e-08
2.1975355420114243e-36
3.03603644159286e-75
2.1612115844448438e-19
3.624086794169972e-45
6.411600374923951e-16
3.449429657457748e-33
1.2045687981495287e-11
2.5809238452691023e-62
2.0240275691777904e-32
1.2874307051466101e-28
3.76009020214953e-21
2.7996000130978024e-29
1.8783760432899613e-84
2.743726637471843e-51
3.330436554176759e-41
1.6881876667230512e-45
8.118362231813854e-28
2.3418730418031514e-41
7.93455234859808e-33
3.1128051172280907e-07
2.7793805676059697e-44
2.827681651711946e-25
3.3260772757294996e-85
3.330968257600376e-24
2.4854396270354263e-19
2.352505749318432e-16
2.9385467244760085e-29
3.9018437266738867e-22
2.2118115289863842e-10
9.854869009610353e-46
9.577749879540491e-24
9.740102678263826e-39
8.66559139205118e-26
1.087196371945759e-15
1.0620267857379887e-30
6.616112732378452e-33
1.797505179357836e-32
3.081202988725177e-22
1.4756243835685451e-24
1.1309802145080526e-18
7.066438351006702e-13
5.636362673873319e-43
1.227102280575679e-34
7.571838671595082e-49
7.68736330011111e-18
6.980442334643019e-19
1.2012085556240292e-29
8.210243931562298e-30
2.247259847513466e-16
1.1748761874828092e-26
1.5704350173570726e-21
3.1292756742634833e-46
2.643626986844123e-19
1.610824885628516e-11
4.383320893235905e-30
3.593840121983903e-20
2.3771684053176648e-42
5.411906367784474e-35
3.0780571166163605e-11
3.9935570817851544e-72
2.5449846400547305e-31
7.1409737369744e-13
1.954698296779686e-53
3.82450000849896e-62
1.0524249615575139e-39
1.8387329248425316e-27
4.63092776394056e-21
1.9297538524770852e-11
3.303607079578423e-23
1.7246251881130225e-20
8.103343069662725e-33
2.551350619034977e-20
2.5681490541832134e-37
3.809684296937287e-43
6.415247137213062e-23
4.028723500712364e-27
2.901100647386198e-20
1.5955380645683317e-22
3.9942227555883346e-14
5.376732296319923e-37
1.798706031393163e-46
1.3271623987850833e-37
5.929705283141647e-51
1.4571232471994315e-19
9.95651069884082e-20
1.9564849198180138e-33
2.8597053949696842e-39
3.2221532856355213e-20
5.286374510721092e-40
3.242765402030136e-21
4.4776400056011756e-23
5.332571123958582e-20
1.944594206624566e-34
2.3191558539936192e-30
1.9339931998677357e-12
6.078344840198546e-64
1.3746478395828252e-16
2.5483032596421717e-21
7.870642965145094e-18
6.343671703547991e-23
2.249263012984332e-25
5.409384287624484e-35
6.491664661876837e-21
4.127801961127748e-12
8.550051904577675e-30
2.3256875513041076e-07
8.674974909494984e-21
3.5286383608702664e-19
6.206306574095571e-44
8.151755847692984e-36
1.9956711473873022e-47
2.4753386127062243e-26
1.8546191529196385e-38
5.3517475778790376e-45
2.0191058426698418e-24
4.617539796811219e-35
3.558153613689885e-15
1.698492025841125e-44
9.444060299075568e-35
6.9412041942966135e-12
1.3700840226428597e-17
2.1938407589032475e-21
2.153973530272597e-29
8.743138866778685e-52
9.279118081286169e-34
2.2332661045302098e-24
2.772215826115194e-32
2.928023117549819e-35
2.497857452854252e-08
1.1718434995094223e-18
3.2711498360904614e-37
1.0623357087123484e-28
1.4852280710321486e-18
4.213781152301945e-16
4.945115617636659e-37
6.014472589519325e-41
1.178023803718203e-24
2.2515976835942076e-26
1.3530291670640952e-18
1.1434823492997411e-56
3.735185958789019e-46
2.4642879630377764e-25
1.1964147008936551e-08
1.3894649841792642e-33
5.8973865539886945e-08
9.048102741001353e-20
5.067702460921895e-28
4.311068542724112e-35
5.125807658782796e-32
1.3336444018684103e-22
2.5313932635517228e-39
1.2000629717741257e-23
3.301356195186282e-16
2.096213169463188e-15
5.897693618623109e-08
2.1597914470562404e-28
6.913947710592689e-48
2.398897762981333e-20
4.1147572266279506e-39
6.73087678281404e-17
4.253975248981701e-37
6.61283722569092e-28
3.800471439034485e-34
5.6593659448042894e-46
1.881806380707842e-33
7.581605198448159e-17
3.235175934239866e-12
3.5965044840507565e-25
3.5845837060949113e-12
1.6657535286402149e-15
2.2181098806811007e-32
4.2165406100375085e-46
1.8363703298958248e-20
8.184295262096224e-16
1.4321493777378002e-31
2.9588199749611963e-35
7.749456340211655e-40
4.115007253288138e-58
6.69860410756321e-43
1.3399514382620782e-49
7.667455540659699e-09
3.5556779293613504e-68
3.0176633953075485e-23
3.905123482179682e-15
3.837583222591898e-23
1.9889050817327674e-28
7.402114220227891e-16
1.087748249670261e-45
2.0921660665586837e-73
7.967095912370028e-29
1.2258180993847643e-18
3.0239653664604443e-32
6.190781844288789e-19
2.3983353201838596e-07
1.3701863322796333e-17
8.722656808972868e-27
1.6244631907439553e-31
9.448369635857118e-09
1.2318245487754953e-54
2.687342507269194e-26
1.7061840397603237e-37
1.4994025801458903e-22
7.069581508656812e-37
1.7249097962844495e-16
1.4373044042767955e-15
7.58659612054094e-32
6.582267678434199e-38
3.796960305057408e-21
1.7685455046789684e-34
5.821434935520414e-38
1.9984306775042113e-16
4.022634695764562e-33
1.4199603159746463e-18
6.94406284377821e-22
9.132381574114984e-08
4.20662944918288e-34
7.680756249719981e-31
9.471831157680792e-28
1.5084224612608037e-45
1.2338551643586164e-27
9.343178677483631e-29
2.1923322303541533e-24
1.214001027990007e-31
1.469604048137159e-42
2.7029105890974694e-23
9.060821570927757e-51
6.728643605156805e-24
3.251976629529485e-20
7.822342213229394e-16
1.7582162764585203e-22
5.983216908135575e-32
7.236087893919353e-21
1.2386960549568257e-48
2.080777695669232e-51
5.616948771817213e-14
8.658671880611679e-10
7.901107104767851e-29
3.076964154425861e-23
3.1648942279887943e-43
9.189766929099998e-30
7.259669651482318e-09
1.7688315286874348e-32
1.5240219102337173e-19
4.363303087699417e-18
5.342542473954741e-10
4.418877664720795e-23
8.54795014585771e-14
3.2996354001067056e-29
3.9581762065552276e-14
3.789605127908047e-44
5.839597503231335e-26
1.3685463303105542e-09
7.219007439641932e-25
1.3336756902264136e-21
2.7586045536162737e-38
6.014962741560066e-19
9.829413984295076e-20
1.8287252133208356e-08
4.7865672780243174e-11
3.7293776653676325e-33
5.058437601769199e-23
3.915262942028435e-07
1.0194857042783874e-34
2.4040059787157225e-34
5.9219663200557184e-30
1.1646412675873002e-07
2.63789284886426e-35
1.222416740121371e-13
2.702458940428928e-40
6.771894647656733e-08
8.50406841668708e-34
6.142303711624153e-49
1.2254845107386315e-73
6.729314131727755e-35
3.9909046914409925e-34
6.235371184071555e-14
1.2019795046427336e-20
3.402468734685393e-34
3.452526861701021e-39
5.459185393994894e-32
1.1114023982407687e-36
4.716943276321693e-28
4.135119414304022e-58
6.9765839143046286e-12
1.911868007310277e-43
9.454292860266658e-21
5.197705230966773e-10
1.650484152976853e-57
1.2529043794951296e-18
5.935425094917846e-17
5.755955440450888e-78
4.125862536630455e-31
3.0734347129371273e-18
2.127749913242677e-33
5.3752198639064267e-48
1.1192741504322346e-38
3.312794372389048e-37
1.882816616996035e-43
1.6790567131416037e-25
1.5739064299780845e-23
2.1933835813332057e-08
5.506607993447306e-16
4.356896527262701e-31
1.3187501662961906e-37
4.9786645799831244e-57
5.724706714143173e-13
6.372695521861857e-11
2.9363862553032295e-07
7.294006428678335e-24
1.4260918629621957e-37
3.766371467216514e-47
1.4051471363473213e-52
1.2886949045975397e-14
1.3332718093505714e-22
1.96523559206554e-12
2.864384856274628e-13
5.037586879545712e-34
7.34013872769891e-23
1.566719037243453e-36
1.9403213640626427e-27
2.5148949700160528e-27
5.785944465339077e-45
7.870386548046035e-48
3.941854533767378e-30
4.294259487613867e-23
5.004226042500406e-23
6.316196987918771e-16
1.2125009034412603e-15
7.907248458622144e-28
4.387526710199659e-21
9.155431897722205e-22
4.962362829122918e-10
6.61194313991554e-57
7.312934715963853e-07
7.833639144592376e-13
8.581621134157319e-38
4.0745078393097583e-44
8.856914754881739e-16
2.092388658652183e-14
2.1086674180955493e-25
1.443800746901822e-36
5.4772856139142505e-14
1.6898775900134463e-85
1.9711131060207727e-48
3.269515849883007e-25
4.35996200245413e-34
6.964963860912114e-16
6.34515967532272e-26
6.31074130229201e-21
9.956947265639216e-09
2.632983042418455e-20
3.5307929992145548e-43
6.426257923749856e-17
3.1276467780337297e-08
8.012678076012126e-08
4.546645997654175e-18
4.0272842565875487e-17
3.6534420648599757e-16
1.649601706879943e-24
7.821562315142832e-32
3.219205466696796e-17
1.4926249412345197e-38
4.790030208607737e-25
1.61316213210167e-19
3.797679304446851e-35
5.558062940914992e-16
8.107206149669173e-15
2.79368407272138e-42
4.003375823361352e-33
9.274172524235783e-13
6.514346586003655e-11
5.5131537806362515e-12
6.72964895071172e-71
3.405979472632492e-33
1.2287592913392238e-09
2.979117461377969e-41
6.230302255864074e-62
3.183375877151096e-55
7.163427000811081e-22
8.8046368285275e-97
2.1324737096376638e-16
7.786257313670846e-14
2.148598222277949e-34
1.0302128957634203e-18
1.9312316113105247e-47
7.735586520210761e-111
3.449841101538895e-23
6.543658075594178e-33
3.350041481194921e-27
1.0181988151388857e-16
1.9630959929684878e-55
4.147890630613598e-28
3.140262760592599e-39
2.0452422972461242e-20
2.056343165642991e-26
8.071106261860249e-42
4.83938345755308e-38
4.951222304476301e-35
1.9648266330372335e-34
6.033650391412892e-25
6.91850962539497e-08
2.1506804224034404e-36
1.9770848346070446e-38
8.088443583787041e-22
3.4362603945348045e-61
7.520931614933745e-18
8.493967418003975e-19
4.42302507862733e-21
3.0814351201541453e-15
1.515721705493194e-22
2.493587734551067e-34
5.5878124944868214e-39
2.3629166850954323e-36
2.2891434322271978e-18
3.110777047077323e-20
3.631435895937826e-17
3.0406161917992525e-44
1.6148998818710597e-13
2.281617874667127e-103
1.4036708083186232e-31
1.110667109021684e-27
2.214193488625814e-27
4.92849450377566e-16
4.517933432635394e-64
2.3427405249906222e-39
2.237919707875459e-60
2.0506512652952173e-21
3.2117334779642995e-06
7.600886713404919e-71
2.9016776072062675e-51
1.8473573813797927e-34
3.181874390118077e-08
1.8117647043706177e-37
2.4740267743708606e-29
1.2223068200662406e-20
1.3186228129770953e-12
1.67183111698263e-33
1.824560060698841e-12
1.3121710952732896e-39
4.1088068955919257e-25
6.961399347359463e-21
6.2748955587125446e-15
6.183046521889164e-19
2.955164780046592e-38
2.761066365258183e-30
1.2402808380914963e-37
4.476914968979734e-11
6.632157232218827e-56
3.794917281118907e-35
6.04932890908631e-07
7.17679413570302e-15
6.507341421158605e-53
4.197973361046704e-31
9.431726949677024e-57
1.8649280826591468e-13
2.4516522152077326e-93
2.47292298442696e-44
1.756355395151e-45
4.670529618035977e-30
2.533038320319707e-37
1.6590494686296903e-18
5.276824141342246e-09
8.441076636909164e-39
8.85294725845018e-18
2.0787868548588797e-25
2.3627560647908472e-42
6.334495039060536e-24
1.5220559884400642e-17
7.707663093083537e-54
2.426337261721625e-12
3.767282871042665e-07
1.0355933298949412e-22
2.827684785659816e-32
2.4994593978001463e-26
8.988961731939157e-19
5.67933678900096e-37
8.865611234255537e-30
6.298667877184435e-62
3.715000052553469e-13
1.3793527223984404e-33
5.741271595605189e-59
3.911753557394963e-25
2.028716528107708e-37
1.2207420254613312e-73
3.938081552296856e-23
1.821572283686032e-51
5.441833197588193e-22
3.715272915801001e-14
4.471997535388149e-23
2.403273412770132e-19
2.5585305594324437e-38
2.671249471144336e-20
4.548944662554909e-22
1.1261866714974287e-37
1.1282616753011227e-35
4.7246963036369925e-18
1.1306155634847035e-12
1.343278385044006e-44
2.2521302597427333e-32
2.6114552218020156e-31
8.716300722600363e-43
3.1137793002256876e-88
1.4588373014307078e-42
4.587416824792152e-46
3.7906159177220944e-40
4.529169454360225e-36
6.767239367332157e-41
6.980562674975058e-32
8.155250211305546e-22
3.2618191093613096e-14
1.102826698009302e-24
2.7136334264435983e-62
6.348691851664842e-40
2.2134519209718004e-39
4.430325675871276e-50
1.141268893179607e-22
2.385230211063858e-21
2.955750125236593e-55
1.2801245832347699e-51
6.403476614530664e-08
1.4990361856377032e-39
2.940838396478189e-14
1.4211271849631516e-16
1.9321189108354802e-07
3.745908535822357e-16
1.430103470553107e-10
2.163978951520424e-50
6.140933460790438e-29
8.775266296647671e-28
1.5515696537828912e-36
1.0288008916745885e-22
3.9211503456361395e-41
5.726826412334546e-34
2.9278264137847182e-30
1.9446860692365068e-35
5.626456489349197e-27
7.215127906932142e-09
3.510266178843119e-13
2.985736087415351e-37
5.51068605436602e-09
2.139909575369734e-12
2.4558319181517373e-29
2.257898533901998e-12
1.9881662740130145e-34
9.60608280720913e-20
7.217640513749883e-22
9.976942002170908e-14
4.281560681496195e-30
4.3407681531835294e-30
2.151458600381832e-34
1.0647959555577257e-38
4.189738055978659e-31
2.2934588697216244e-75
1.9617044584745975e-61
5.167986060287966e-13
8.543113728047596e-15
1.0242330722886921e-24
6.60569223089329e-47
4.0737038233959826e-32
5.573567477094609e-22
1.4160725089751714e-20
8.653148867278185e-45
3.6189282758395347e-41
2.8662065345154523e-21
2.423780777094968e-39
1.6140627057840922e-28
5.395920284405738e-32
2.343709628145523e-25
6.204692789499598e-31
1.0760190219809276e-38
2.362106124225511e-53
2.2714275977015725e-28
9.180873215802615e-60
3.141749683716594e-37
1.9846680353306168e-52
1.3131775382512153e-14
1.6990368409345488e-35
3.490795758712202e-30
1.5379968964659435e-39
3.663392207457744e-39
2.1454325394969022e-32
1.0882840381696481e-35
4.7254823532980103e-14
6.619521309709846e-12
5.691759075032259e-48
4.628149265793642e-36
6.234942656206814e-35
5.176020332259262e-39
2.6785579588519465e-40
2.2625188172086883e-20
2.279432985089919e-35
6.8372926562587e-52
9.301975345907362e-50
1.2120353149686009e-30
2.726040248237775e-16
2.0801364304973225e-19
2.6305635434647578e-27
4.0134381631433916e-25
2.595485083083783e-28
2.640520846560711e-35
1.1049532280865868e-14
5.062422747031319e-15
6.800450757708457e-05
2.3489289001030252e-37
1.729852973118972e-34
7.712773644015172e-41
5.711291920140487e-49
2.2600609057737458e-12
5.4028929115196e-19
2.602657937576105e-32
8.846187625582408e-24
4.673934029402346e-18
1.0152641908685512e-29
8.095942274163126e-19
8.71962197218343e-12
2.7795098040919045e-34
2.691951567970283e-15
1.8085720130018035e-23
5.885536697882521e-77
4.299449252908921e-22
8.015604649930379e-44
2.2486069796863834e-20
2.5685990094536067e-53
1.7823652592282266e-36
5.831864596827253e-10
1.282845554046968e-25
3.143482126907636e-19
2.946797727711291e-19
1.744199019768443e-15
3.449787244908375e-31
1.4539665438957749e-26
2.9280066688434105e-17
3.8646416465968366e-25
1.4363360808259758e-25
1.0612117565379629e-41
1.406249035366369e-31
7.680363913101763e-17
6.891851639528268e-40
2.515652938577121e-20
2.0811695340879473e-45
8.965188424367989e-19
5.166451575689365e-38
1.6825968165335304e-52
1.4950267588549442e-10
1.2336310736684031e-29
2.501709252959834e-19
3.292757214825659e-23
1.367371001532836e-32
1.1214520865553228e-22
3.4846072472304034e-40
6.505011439141388e-10
1.2992951165868984e-35
4.320674074849966e-20
2.69633344785671e-06
4.589065333680609e-27
4.654643105738144e-22
5.924677444351708e-14
1.6586580718325272e-06
8.86051491106502e-11
2.9994487720781353e-29
3.316025258064637e-63
1.0568454168970775e-26
8.485443175653494e-37
1.8842104442116683e-63
1.3879681195040595e-20
4.100912598167963e-33
8.962420401236198e-19
1.7237707317367966e-127
1.5592964944524434e-49
2.639237965683761e-49
3.807549516786195e-26
2.1293998032411136e-66
1.4071954407318658e-39
5.324376201276739e-26
1.3288780141637517e-17
1.1802306013709843e-35
2.7364632029348983e-41
1.4060852575950258e-26
1.0396627121254614e-14
2.9927123866405313e-22
2.5929068309206086e-14
5.447448944683304e-28
7.192615263340128e-24
7.249921484629568e-37
9.623113087972766e-31
0.002611888774290709
1.0970225545268053e-20
5.0374864413104405e-45
9.362410440178058e-24
8.580078341615238e-14
1.7759781152964007e-54
1.4172860742651643e-40
1.542243706625386e-31
3.9034105938149794e-38
5.367810003692938e-16
3.5592907551785064e-33
1.4055555646030714e-21
2.4404987278462845e-49
4.830003255635208e-15
9.14517101673351e-39
4.270327506530005e-21
7.663207461237206e-19
1.0965275575744856e-11
1.0872553945505523e-27
1.8248130618204487e-32
1.3358522178530604e-21
1.1009296093828232e-17
3.498517254213923e-64
1.9696642701673532e-22
7.694281897366993e-40
6.300577962302274e-27
1.3266190718429454e-26
1.1854916617958556e-46
5.97292412936463e-14
5.47161682395707e-15
2.840669313718533e-46
5.264076489497104e-16
1.72353533318894e-41
1.2106311917242665e-54
8.094195887722556e-17
4.859831060187201e-27
1.7701219281166108e-12
6.006919514805999e-57
1.8003876679304806e-63
2.08066158678138e-12
1.8699135764881625e-34
5.066141814556691e-22
5.149686740244733e-35
1.9597062762161098e-25
3.802486767864188e-42
2.584870910296092e-25
1.1788300636686119e-20
1.4208148110138985e-45
9.205270677916473e-68
4.1189846041833924e-22
9.945834906236048e-08
8.919242021275608e-18
6.267988755692635e-36
8.735533707481952e-42
2.7151478636817024e-44
3.026416258007043e-43
2.021155871124205e-15
3.1155659590482525e-11
9.527765561388335e-18
1.9563488185574395e-25
2.0582014409343642e-61
2.2716864253104134e-17
2.968549625445229e-35
2.4981473310324966e-40
3.935168190451323e-09
1.079290967766847e-47
7.127695216616453e-26
1.3945100598270374e-30
7.615192104269239e-21
5.446418853594077e-16
3.746640758077309e-41
2.243134946011416e-40
1.5764895680601389e-38
5.294255397016316e-19
1.7458132929596685e-32
1.767047738660044e-29
4.293797336971119e-26
3.8971658463355803e-29
1.1596561358848086e-24
3.7056040291681824e-58
1.848827891321834e-19
1.44687671672709e-70
8.050049829528431e-40
1.6298194251340003e-21
9.698640936770708e-07
6.544300144252367e-27
2.1964061708958192e-52
1.2937458240956422e-13
1.885717132942863e-14
7.723489710204314e-33
1.2852599558313202e-34
2.067485147369832e-23
1.5365246667705658e-48
5.445615326141416e-34
1.2088545562962778e-28
1.0563560513558191e-19
4.194353096864651e-51
8.979547834309202e-52
1.8959840235559465e-10
3.260556712714061e-20
3.6268720043325013e-25
1.0047298106127658e-55
4.380524464629363e-12
3.8574408770294326e-08
5.415553103636006e-22
4.383582288352956e-53
5.037636392768417e-13
2.0071165093707164e-41
2.632376697487655e-18
1.2513674116366703e-30
8.876679140767056e-15
5.685279019519597e-21
6.213646650137818e-25
1.600536288643603e-26
1.614221801366594e-30
6.382674380341018e-64
3.85498501009802e-50
1.2153038645350347e-13
5.305582892728011e-25
4.396365850467891e-11
6.109943858852703e-10
1.56846974475511e-38
6.478036148240392e-45
7.908719334554124e-22
6.564541242196326e-20
7.49222659882334e-41
1.2187733887475569e-09
2.279813762998042e-24
6.347162744018797e-20
2.0503710134694455e-22
1.8057445529481975e-17
1.5638019834636447e-34
8.188821909756147e-21
1.303294345872706e-14
2.0870412070516204e-25
7.6421167872243e-21
1.4176342789297915e-73
9.313553923111838e-45
1.905420818667232e-19
1.1178225138910444e-20
6.959860092209523e-10
9.707758009793355e-10
7.236495386148909e-28
1.3226060834292292e-21
3.256892400464872e-23
2.939046314546686e-35
5.3574319821816105e-22
3.652160926220976e-15
1.2056533033014726e-06
1.2384368704148616e-33
1.3338433794743752e-38
1.0529361823723346e-50
1.9023021837067806e-23
2.3405590351355063e-35
1.4211263265403104e-26
1.054658008823551e-08
1.2453201874647728e-12
1.7023595842245594e-17
1.6219809424701012e-37
6.408670334138904e-21
7.660181487223276e-37
6.444739369908009e-56
4.718240326052679e-12
1.395962525489405e-20
3.6033308793700766e-64
1.3396440576972378e-32
2.099735364940773e-25
6.192573976579609e-14
3.6161247031218674e-27
1.4375020768868293e-15
5.77258988190216e-13
4.5660842810571605e-23
4.455411242742968e-76
5.5873796343480675e-39
9.65277905457305e-19
2.191698275374968e-46
1.2532296853446069e-17
1.2212594849982453e-41
1.2230685235605625e-14
1.449165293481977e-24
5.301135652197128e-44
4.188463718801358e-49
1.3985217637092522e-16
2.575328340309212e-34
3.497169701545894e-20
2.0794207822667569e-41
1.0328613672906405e-49
7.234694364617036e-24
2.795297448443542e-09
1.7040411649718248e-32
1.4304338291049345e-12
2.4328763690026133e-16
5.915538372727725e-29
1.7441033168149852e-21
8.356127188864516e-34
7.976317953190886e-18
8.09909488444931e-30
3.400270617766135e-23
1.484811453534723e-65
5.584449025228043e-44
8.085777444347885e-35
1.0299732617483132e-40
1.0964424401806128e-32
4.8205595647105115e-19
3.2766397328694505e-63
3.349513945436928e-13
1.9570413666127094e-38
2.00102356934529e-17
2.164832752660143e-21
1.11921721032123e-31
3.944513588175498e-26
3.065856614400755e-66
4.4101982941874124e-21
3.333636294351558e-39
5.854363538265155e-42
9.425419524463728e-32
1.660790872808467e-23
8.136676752338374e-18
3.2183023488170024e-08
1.9503612807474917e-46
2.7082423805019728e-20
7.43788526598659e-36
3.218206498711605e-27
1.1874028752494835e-19
4.680768985016581e-51
1.737798000406988e-30
1.2447579124168754e-19
7.915404301870853e-37
7.505252335751856e-60
2.2051326562044173e-20
3.2811242626576065e-37
1.350673281672684e-39
2.2542938501184478e-18
4.1525374140423343e-22
1.3544928226907871e-36
1.3061606404600917e-37
3.219346594130942e-42
3.247526433497306e-12
8.67933671942522e-12
1.5252859912580097e-29
1.6410308208265034e-21
3.099502156735831e-114
6.191380465791917e-28
2.359514079831155e-49
1.1158847147709886e-11
1.016488055330729e-12
5.411825710773272e-43
2.692742932625136e-14
1.3960678267779292e-43
6.150507417110392e-14
9.212832345878496e-24
3.1604788732068034e-16
4.358639125837671e-44
2.4236505012809442e-23
1.7204852358307504e-15
2.8838761183638657e-28
3.5372779759090037e-37
5.058623090440835e-23
9.87272389961697e-22
4.775942760716014e-16
9.606590824000576e-24
2.018189522253335e-20
5.2814571324729904e-14
1.161954471411206e-19
1.3807572248828209e-16
2.6417310353998516e-25
1.1646404023148152e-15
1.0782426329677818e-34
6.052715785021435e-24
8.830426706238514e-30
1.066486274637482e-33
1.1743186274337976e-18
3.1112163925995886e-36
2.7039489991341137e-16
3.910761728458945e-19
3.752598564128674e-12
1.1993847073179068e-36
2.4030161374535793e-52
1.4277930084236075e-11
4.2448701837594296e-72
5.767449050975193e-19
1.441098951874938e-47
2.520422197745141e-71
1.5344160314781187e-33
8.651505033845977e-30
4.301368657454991e-16
2.2017383948239495e-31
1.0982896345916596e-16
5.897581823215703e-33
1.452723695971764e-15
2.1847167813134807e-07
3.7597158993542134e-44
1.0267254637887359e-32
5.913329497386339e-13
5.140391415762118e-34
5.3108225743303235e-45
1.7806056197393985e-19
5.6230264335501486e-39
3.6653359346325773e-23
6.930997100797157e-27
1.0334257276918239e-35
2.061066281956568e-43
6.706632738674515e-32
6.3888495279625795e-31
2.053089018962613e-18
2.812062422557473e-22
1.205654073191003e-41
1.4737794463608148e-19
4.05753280210781e-30
9.025147186833531e-39
1.5438743353433967e-14
4.2708270989235454e-15
2.1464400257868656e-28
7.80553890058938e-16
1.0849465195712016e-14
4.9018079412879436e-14
1.8559052071206855e-16
5.794081370682255e-18
9.948553043486679e-31
1.2460875195477744e-98
5.72440331215634e-26
1.0892326630968081e-64
3.682776027176294e-22
1.5060632469618998e-35
2.5127213356278325e-26
5.009124633450547e-17
5.54163405496278e-14
3.570112500717052e-20
1.5452485444249327e-16
5.746848013551838e-30
9.234026654271191e-07
4.694995303810495e-77
8.629716908815985e-18
7.754654176500879e-21
8.307332290787094e-10
6.69235899222933e-23
2.1797248044221725e-39
1.5442836989092472e-30
1.6001845733917428e-10
6.570551796838186e-46
3.1655285217303836e-09
3.383104525005091e-21
2.465783447245916e-17
1.843138916565597e-41
7.074150357758227e-20
4.491636703337259e-36
2.2077846353691236e-45
2.2055238489295948e-16
1.6402604144088046e-37
2.323820905452605e-15
5.907112779164396e-58
1.735587914715043e-14
1.4690575662813018e-19
3.82110671547663e-35
3.4353190001984814e-59
2.9922913802246697e-93
1.7799293642469222e-22
5.6640946778549634e-14
3.948452195309394e-18
4.1643963521921847e-66
1.984168195422794e-42
5.0037492224112505e-11
1.9985867538525722e-26
2.1708866455367829e-35
8.387815201189127e-22
1.1595708667903918e-38
6.849518359340627e-24
8.620632665088383e-69
3.612233114340046e-17
1.7994959192999148e-27
2.2361352519736388e-41
1.1000147147423015e-69
6.41142565904359e-37
4.238085764452329e-34
4.286846577357993e-43
1.4163448870799872e-19
1.5257333570003107e-39
3.937409824611699e-54
2.155238214062344e-19
8.459370899187034e-11
8.186446519444392e-36
4.2769298011024514e-35
3.201677455987159e-51
1.939282420958247e-12
6.237364974420264e-25
4.3730142142076303e-07
3.385440893598624e-45
6.215229875489703e-24
5.846695857988107e-20
2.954390892176087e-16
1.1137068493533187e-20
3.3989096493123356e-27
2.0649139881395207e-12
2.7905259246254325e-10
8.282409202723022e-38
4.771750537456452e-18
6.087433120236926e-29
3.458371589603563e-10
2.690232058299126e-45
8.16265003372198e-37
1.100329718964268e-19
5.479984966424065e-40
1.2905121726280122e-28
3.331256410673221e-51
6.815181503458953e-37
1.2664224489633325e-36
1.97146723897823e-24
4.037366436782572e-20
6.345064616805187e-41
1.3485840333994655e-34
5.354236187721366e-75
6.703434744464598e-22
1.7229387952418525e-20
1.3247863001690887e-19
2.1864643115633203e-34
2.6099823796951623e-19
2.3380143278173502e-55
3.5640010949586977e-16
2.311925732698726e-39
2.7457265810649543e-11
1.7570420375104643e-26
2.8547663496132335e-23
1.6955371761522843e-41
7.828148909640515e-36
2.681846212093871e-14
2.1404227443439866e-05
2.3942003980960285e-43
2.5370367916663056e-23
2.8356060727178938e-65
9.20274657213089e-22
3.098466353537673e-19
3.6420037644582404e-43
4.1338511013684414e-53
1.906232716005779e-17
1.907327635023254e-20
3.383528054262206e-29
1.776861072559742e-18
3.613901197836014e-21
3.128149036002179e-37
2.001867204883399e-34
7.885554099925604e-24
1.4400958171806995e-19
6.045733284814088e-17
5.4365567195514236e-76
2.261399941428992e-65
5.856505957163928e-21
1.8000413813083129e-37
8.41879327782122e-28
1.7227580697318463e-20
1.624131681104107e-27
1.8313355560799923e-38
8.407746771075113e-29
1.5658809527182085e-16
8.978904961636693e-14
7.092969205247606e-57
1.2355928952935191e-31
1.4855992933978016e-19
4.079618921483017e-19
5.567089977229633e-25
8.212443911461435e-18
2.0634423378113667e-18
5.039149399270643e-07
8.499184523312611e-24
3.941200635045306e-09
3.643783570557066e-28
3.9513930729639843e-07
1.1825475065309107e-26
2.2831325857720517e-23
1.8534937435209116e-29
1.0929491610406987e-26
1.0229657052712598e-63
6.4150947448451854e-40
1.1110340202913521e-33
5.424394653373992e-29
2.9229518083286344e-39
7.282581198637886e-35
2.669175893475879e-59
3.732989234333118e-42
2.849459133246485e-16
4.885260528784043e-14
3.3098943980374895e-20
3.707203720338952e-22
3.4366595764787614e-27
1.086663807074177e-22
1.76520245854487e-16
4.641198955529093e-29
1.0778377498811072e-31
6.983127005749104e-42
1.6019648034676483e-45
8.559014688722085e-34
1.572967710128484e-21
6.885694400773169e-54
4.84433545637592e-41
6.582909371523683e-19
9.360470234245932e-11
1.242784242406576e-56
3.233355966719569e-36
1.1959232077921756e-49
6.933900403300551e-30
1.8976461229920635e-17
2.3324751377625882e-07
1.1070238455765211e-79
3.062969127317272e-80
9.170701462262598e-09
1.0681628064763903e-15
4.420882816395644e-47
3.772660627141276e-36
1.5100465018427586e-13
1.086592373162794e-36
6.134762398206952e-38
6.721936578701106e-22
3.866298671476823e-41
2.0791149225467472e-14
7.773072112758823e-36
1.369624511628468e-38
1.0929854773903375e-42
1.72925605414902e-35
3.9260804146648743e-19
6.885889870397398e-11
4.167375374649768e-58
1.1284028492462277e-23
2.589913395219845e-32
1.7551347024608964e-37
6.764310132738017e-38
5.125882509422152e-07
1.8302032363213e-70
3.110847894370427e-40
3.459783431725836e-24
4.07428801704047e-18
2.2179103676798105e-59
1.0418770577850019e-57
9.800064701475982e-40
4.99127551535219e-59
3.219335126114177e-68
1.0170242269498144e-14
3.150542154725551e-63
2.137365866821078e-31
3.057217887939776e-51
1.0341497407424689e-21
4.860474990629425e-21
2.0223538828366022e-16
2.4228409279144996e-76
2.0023018623752555e-18
1.3587924201955916e-35
2.355099810969315e-27
4.762824273485472e-10
1.0892826841492384e-33
1.75118472434013e-19
7.642163365365857e-61
3.1423168501304546e-38
1.770917957243251e-16
1.6984529830396968e-34
9.66411191575362e-06
2.0947549256191268e-57
8.328788757799574e-25
2.3374026013516357e-58
2.2167198106312986e-17
5.1691452859843876e-27
1.113989735090849e-16
2.517589810031971e-16
1.6040636792175428e-18
1.253531778574661e-39
1.1690608802111762e-35
1.319320511829424e-36
3.0756826789865965e-19
3.534643854811903e-16
1.6443989967493713e-16
7.443104765737945e-42
6.380368039499734e-42
1.0539138608226638e-25
3.7090254059606034e-19
1.2511596444623895e-06
3.4618474401862337e-09
3.1346709596795474e-30
5.795161316234383e-33
1.2921492345001099e-23
3.369420438537064e-14
1.4427167727009435e-07
3.629200019680727e-37
1.746130858922267e-35
9.983130311380486e-30
2.3444915107629423e-19
1.0163608533753694e-19
2.876326694844351e-12
6.649544343619548e-79
4.336295977219812e-18
4.108695242586554e-27
2.560676608277348e-25
8.805173254031068e-40
1.511541408404465e-34
2.2999839890288216e-65
5.573371259598598e-26
1.8056726640262483e-28
1.94619088507871e-08
7.602464598601942e-59
2.7702641816142077e-09
7.602008052075058e-20
2.410498282472851e-10
1.2373546803790698e-38
2.5250077662792577e-18
2.596799228180112e-75
1.4029541113564258e-43
1.046875403439051e-31
2.059013652514775e-25
1.4671054412289775e-11
5.992129340962288e-17
4.972275872160548e-42
1.0553823548595892e-35
2.202523463502396e-18
6.291791688821998e-20
1.5472064713247504e-53
8.030773090451628e-31
9.68232473249798e-40
3.0157981907970443e-33
1.4316749690958108e-37
4.5236288724399645e-18
2.1413583287760925e-16
5.258845206403922e-27
4.4622161408006525e-19
3.202730231097729e-18
1.9291568070791647e-37
6.457372475514516e-40
1.228171407715421e-10
2.3405193046408276e-31
6.656659136647752e-36
6.651529647996623e-34
1.1267642730549382e-21
2.045676968651303e-28
1.8029852772849216e-13
4.975585893929353e-49
2.4458594452118725e-25
1.6730196945808686e-50
2.959808431700869e-25
1.9120760500505395e-33
6.531636943617899e-13
1.4319091248060759e-36
1.131460691368913e-47
4.87712806113849e-61
8.889554080818801e-65
1.236326116443218e-07
2.3620742614536884e-43
8.82249798604059e-43
1.6601134025323297e-38
2.0306320612254835e-21
1.5950789009279796e-07
7.097835437809481e-22
1.6416063559816313e-13
3.988725980969473e-34
1.5886129898990508e-41
3.3484491703999983e-09
8.067241674137782e-20
2.2518178675855278e-23
5.028915579608502e-39
1.4935517871158806e-22
1.73408205662987e-25
1.072489708941944e-35
1.023754459481454e-23
3.891858420033193e-28
1.1172370140647843e-12
4.8677145446898776e-73
3.70328681975904e-37
1.8611648991147466e-50
1.6949059711283807e-33
2.372600548817706e-10
5.3975466026164876e-18
4.341668613169716e-06
2.508391139852654e-36
1.1222640691485354e-05
5.042410733911083e-31
4.5332744538931365e-36
4.335912384590065e-96
2.151748894672895e-27
2.1657543982734728e-61
1.0002118135881093e-46
8.99744847530673e-38
2.8694839903154698e-11
3.9370916307501724e-07
3.983462134039799e-28
1.0626925650344435e-12
8.286558351858492e-36
1.213065022694657e-62
5.58234166800385e-24
2.2543649965027396e-38
8.013484489267981e-27
1.5409552174872854e-26
1.096300780577079e-34
5.171634790792478e-06
8.407028619717075e-19
1.3719021071753852e-10
6.85613066256518e-17
1.1953472896964026e-56
1.788330586444259e-61
3.89075532212086e-19
3.5970422086162465e-11
1.669780021774358e-10
8.830063310135952e-35
2.4782609095070822e-24
3.1903518540785895e-10
4.179070838930061e-22
5.702406515656031e-18
3.8993463762550024e-17
1.7447800847825358e-15
8.022776548799053e-08
4.069350748647028e-39
5.764409026545568e-06
4.807987309916604e-26
2.8933546168612594e-26
3.546348417207097e-13
4.275109418113927e-22
3.8817756613370206e-38
6.0452858922399895e-19
3.9938468808169013e-22
1.7866859261756925e-15
6.531069555215945e-20
2.748952996919294e-36
1.5770013367650975e-21
1.2949455653698073e-22
1.569359111655587e-41
5.632456574142648e-33
2.603150841632467e-64
2.2093396736712462e-41
1.1075091697524807e-78
5.323872594804695e-11
1.0152757156424712e-36
4.503107118634409e-67
1.0464023218553555e-35
3.095176889531525e-28
6.433444215520513e-36
1.804110389708025e-21
1.565304880097188e-33
1.485414664186446e-62
2.6527413574985624e-33
7.482916461653444e-19
1.7219098563277438e-22
9.285235087098632e-17
2.643693251983146e-32
3.541851720035103e-18
8.510736701218618e-39
2.0658374779117762e-29
3.7985667808968066e-32
5.0287221502795895e-22
3.85438336663325e-18
1.6006345943096968e-16
5.3063214954121304e-39
2.11086656746934e-16
3.0581508311602714e-09
1.7103845012030902e-09
7.82809034675374e-20
1.107808658683556e-08
4.4798160687790585e-35
4.2894746274752295e-25
4.270663628554421e-22
1.1157855334604603e-18
2.4823481601303083e-16
1.4693418887947675e-78
2.0935654574039676e-47
1.2995618291698969e-18
7.771107172622622e-26
5.62915740778312e-34
2.9158067831185996e-18
1.2639096817037046e-20
2.8725358475009395e-73
1.1004826645417193e-46
2.4878471030341166e-67
1.4077026596649932e-31
1.8097566385060286e-08
1.3149996203399192e-28
2.448989630605103e-20
1.252044771552623e-08
2.462206326467568e-18
3.781915384377405e-40
9.86609593716507e-17
5.0134562759854874e-27
5.139960262697382e-26
8.657488181057554e-15
9.656042747718993e-20
2.6661266062781674e-20
2.300828421931218e-37
2.268340794133592e-56
4.1253134687171785e-14
5.423834712718428e-57
1.5635231112871388e-10
3.361805221603523e-14
5.298767134525003e-22
1.663014734883681e-41
9.938250864397675e-36
6.103610507819146e-29
1.7770740581934247e-08
2.414722551487491e-28
4.101382613892134e-42
9.086580067431918e-33
2.7849410371488234e-48
3.2359937317088348e-24
2.5105861076315595e-15
1.062494247145491e-36
5.968631763643819e-20
7.784796403378092e-16
6.801613108032146e-23
2.8663525485698734e-12
2.971471576575528e-11
1.3044045493112419e-24
2.8278656336097237e-58
9.675297634975933e-21
2.105336174780869e-20
2.000368002833262e-33
2.031789051977385e-23
4.906607661585535e-24
2.0662979991620358e-33
1.0957368291648419e-21
3.1755355017962206e-25
9.337054227567146e-25
2.8302748651046707e-45
2.3154659421605396e-21
4.1373863364750574e-18
3.610997241929459e-74
5.29846589375063e-27
1.2921654238447279e-21
1.0049129766619358e-17
1.1827663419320331e-52
3.3116091516567136e-47
3.7139228415361027e-17
3.945722966418462e-23
4.845407922332257e-22
7.07822845009605e-44
5.4606954646796016e-15
6.056560003205615e-19
1.3825856900287157e-19
8.680944662933385e-37
4.2700908601909874e-08
2.587925330780153e-10
1.1137328171002812e-18
1.18611636005445e-70
1.0212901490022851e-18
1.667829828739139e-20
5.2176501958752525e-36
1.6555672572271117e-14
1.2298300576903938e-37
1.3772720123581873e-33
2.664953532850818e-56
1.103668092055595e-34
4.0366679372906286e-40
3.2591978379250077e-63
4.347485475658422e-16
1.2157017521444173e-38
7.130689352405677e-72
1.1266948583562797e-26
7.379773099992186e-18
4.895311269345606e-16
1.6675086216701946e-22
3.118012447984148e-42
6.178605533913165e-11
1.2879022894372338e-27
1.417056230224066e-38
1.8840887479889076e-10
1.4994530436706556e-18
1.0942310024410005e-30
5.538986715472272e-23
1.6354346708239616e-22
7.347239490075678e-23
6.962572827473395e-16
9.071657276321382e-27
1.8521415021402417e-19
7.959913441392173e-13
1.8802821242405983e-22
2.738644694277738e-37
3.1382575891120577e-14
4.3020820605404226e-97
3.3749753422869337e-15
3.5621099096274547e-11
2.175076980091938e-18
1.2392983079418455e-18
1.331856217940333e-31
6.476949918102344e-18
1.735764549000762e-11
1.0770997379431798e-27
1.63723229255496e-07
6.059965822804177e-36
1.2996532407805316e-28
9.339471839819802e-20
1.2566641472081534e-53
6.774938041896311e-17
3.680172193777855e-32
6.796651020442681e-18
5.946027503855285e-33
1.363444762185006e-16
2.016787121501672e-33
1.0885631664960256e-20
2.3930734871659676e-47
3.0584882343713633e-26
2.6276055412082905e-47
1.476263968136246e-38
1.6729912384636617e-24
8.756987804234234e-43
1.4835367505330086e-22
1.1136082171480593e-28
3.900599822227073e-21
1.6231629473898417e-46
3.418358686218251e-17
4.1661818832395697e-16
1.403168263085484e-16
2.2174348753286197e-21
2.6157638795789468e-36
3.1870190623568234e-39
2.036490971540453e-50
1.1421408199881333e-74
7.19187766235657e-08
6.00661026659855e-22
1.969173400910518e-24
2.688940782031423e-23
3.17074633294232e-17
5.797210828249173e-31
1.2054901512695855e-44
2.4276094772658724e-35
3.724503777334421e-20
3.0950972349664595e-27
7.128313253443157e-07
6.968625844593117e-33
2.030800797311823e-19
9.496662443245105e-38
7.160982258854063e-16
1.1568900863525465e-20
8.974871631449675e-19
5.043498039015437e-32
1.179809217719032e-13
6.449181596731695e-24
1.042848502714743e-21
2.8589432530733293e-39
1.5885428224786405e-05
3.36290263936709e-22
1.5952565051152634e-76
2.930132782107252e-31
8.233842307674773e-64
5.043417902384582e-61
5.90005347700102e-12
1.6910398587700103e-30
1.6768585350377502e-30
1.1726749261779887e-13
1.6461524501178945e-63
5.2031675696814674e-24
9.165834667155671e-20
5.596701277423787e-39
4.5184311385700795e-18
1.4014144615027814e-29
2.342069152197749e-42
1.5323657162400592e-41
3.761387334484661e-37
7.408213154847346e-52
3.704168222411626e-16
1.1157159390900636e-28
4.4179305571235025e-22
3.7526948864650673e-44
4.481517277283069e-15
4.481856733430031e-35
3.124818336889113e-14
3.909816388674547e-40
5.947859725727053e-47
3.607136904948165e-07
7.358843920214161e-20
4.020159041370053e-19
1.1056729133437564e-11
7.277346611488157e-19
1.1891995639097369e-11
3.946588786249138e-74
7.182503941107777e-20
6.635027916844659e-11
1.412367530482375e-18
3.530695746903105e-27
1.490713861855464e-23
2.111361044022797e-42
2.2225026784036205e-15
3.548807574689714e-53
2.3060857781778916e-10
2.6805327432545177e-22
5.2237352407585714e-39
1.819410192082867e-19
2.3526859085290937e-42
2.0596547312705092e-28
6.0737891423742204e-21
1.6420976878128345e-17
2.8477905059870865e-11
6.496057795984732e-22
7.768743272517194e-39
2.397510283613798e-24
3.779601376561852e-27
7.081960929040421e-38
7.017053126311139e-51
1.7343370544772307e-19
7.087815238751258e-33
4.213112627769194e-45
1.315607886742861e-18
7.523213160565512e-38
1.3890028664528102e-43
1.1338083937387347e-25
8.711929442786646e-08
5.5974043349592985e-14
1.939210325328253e-18
2.926979142333045e-34
7.226659982200344e-34
5.102121446349812e-14
5.864387113098123e-18
2.5112252983095748e-20
1.4817177447210817e-17
3.1286901253063847e-30
1.9477503408182414e-29
2.9605859459911363e-18
5.269926253086444e-36
1.2569950231091398e-22
6.337725277466667e-15
6.770387142981181e-36
1.3106325732869696e-09
3.619689775515926e-43
1.6773832215605636e-13
1.5827358644724155e-11
3.638574038552342e-60
3.937418501375979e-14
5.583419129618502e-18
2.963884704891929e-33
2.9546510720573226e-20
1.893709662312444e-21
5.935430025758565e-19
4.0635597096378654e-19
1.2447562366908349e-27
3.893429292800638e-12
1.6443344100423896e-24
1.7164190389488378e-23
1.5272030693032749e-25
3.620158094768355e-21
9.728819435718378e-27
6.692037792392865e-43
1.0553220599876559e-32
5.882319724487571e-45
1.1429387495925371e-11
8.312639962068321e-27
1.55553442040995e-49
7.111367344455321e-25
1.9390609046458724e-20
4.564605467998854e-31
3.866294798581369e-32
5.74279289182303e-22
2.7104093016898597e-38
3.7269009316812476e-29
1.7359021621754899e-25
3.3368735538542564e-16
3.655292659374627e-45
4.329625544934027e-54
4.281163564311228e-41
3.573508161341627e-19
2.5119697684255945e-12
3.218037442600007e-22
5.492206656026719e-24
5.342360100513048e-14
4.411466973597576e-29
1.0693157199996594e-11
4.5062931147899644e-09
1.4421302437922433e-06
1.423576146133978e-85
9.023979058259615e-24
3.234388154041261e-18
6.371689058767178e-32
1.8025443726159602e-36
5.9689327565044885e-31
8.392968199310732e-13
5.716833781232635e-27
1.7007231305549343e-45
1.0798610441939475e-16
4.306368743938168e-55
7.636749143678056e-11
1.1287308229207292e-17
1.054418871295245e-30
2.1617205788803102e-14
4.572835770583243e-18
1.5089794598488258e-25
1.4566288854381565e-43
5.115277647639488e-21
7.476340873672236e-11
1.4222530640229345e-08
4.8780378062975625e-06
2.6147142745012985e-58
8.146684929287983e-26
2.623757192421113e-79
3.5319543893698082e-28
2.0746596073714917e-73
9.866040675634243e-25
9.216909083280528e-35
2.1787906845077604e-12
1.046941260987465e-26
8.824398355135438e-14
2.464753948728381e-36
7.018254428325664e-13
2.5898772249261473e-59
2.175521057326624e-11
4.2226744766805236e-18
1.117143586351321e-15
2.115131051766101e-33
1.7078548231426492e-29
1.0874319698607787e-23
9.762464420815337e-34
2.1748730772794255e-20
8.260472172327397e-23
5.2647515156654484e-42
2.5388329626164164e-31
2.352875792405527e-30
1.7966503226427685e-20
3.231857728631624e-16
7.259232313246893e-21
4.3816365869407045e-08
1.1410172755366777e-08
9.296233280548971e-14
3.06048612673818e-25
2.9261314054486773e-09
5.208305724236619e-42
4.606718287236541e-19
4.321693752930217e-19
5.69361819865358e-38
2.4344877970065e-10
1.521427108196561e-12
1.2972252330442018e-20
5.533031782775108e-29
2.4280952194424515e-36
1.1723284808780056e-21
4.0891008647018427e-20
7.420682823113349e-35
5.270697316518244e-22
6.986459538151558e-27
8.475573315658588e-40
2.1205102733767205e-25
7.098887781456875e-13
1.666899714979876e-08
1.459389811528866e-20
1.096597688803595e-12
3.784376830594996e-46
3.1872093262047115e-42
7.909957512920866e-19
5.740610296043605e-25
4.090469664762118e-21
7.799398384351728e-14
1.260828743474036e-10
9.011476408688594e-23
7.099927939474012e-35
5.5169564821573184e-14
2.565124846847223e-18
3.791116882546722e-21
4.2028821935723306e-45
4.710542877249354e-22
1.1232349270528319e-23
3.7069483800403865e-37
6.4268357687530405e-18
6.524389068385469e-28
3.457987205753464e-09
1.0576660505128345e-24
4.5215776390476185e-52
3.8484679976423583e-34
1.7548472841283908e-17
2.6720598928310573e-55
9.738934888760057e-07
2.813579135225287e-35
5.041047136584308e-21
1.6288862663759356e-18
2.133983192800217e-32
1.676284854793007e-13
3.202432686864516e-32
7.008651114386789e-12
3.7243122959613797e-25
9.166486187162897e-63
5.854626289568244e-38
1.4678491722608462e-52
1.3400422881474194e-27
1.4995103144359607e-23
7.397431176038742e-40
3.8936498175666635e-50
1.0514279541621206e-25
5.122906296911746e-37
2.667792402151317e-21
2.2433495541465457e-44
6.33791076073572e-27
1.1290398365760424e-59
2.500162887877213e-48
3.465046696344393e-32
2.6205998140645657e-16
2.162332113479625e-24
4.444326323630785e-20
6.078748062555209e-22
7.614081072821759e-66
7.953582756196495e-37
4.0623833723999646e-41
2.1187834259825456e-19
4.1960404310657984e-20
1.0118561574080684e-26
4.442332678484637e-07
2.2772034810612311e-35
1.454059243792634e-26
3.944981253806375e-21
1.1929099898399655e-09
5.309898678882891e-32
6.220240361127316e-15
2.1248353721069888e-16
1.1330559350045667e-19
7.326035524716634e-28
3.328098131252565e-18
4.092158504986428e-24
2.017160993288578e-32
1.334984701979482e-30
4.71999777172629e-18
7.463532367368221e-24
8.871591409236664e-34
3.8841655366741628e-56
1.6077078990251017e-35
2.5368356232477275e-28
5.0090667594542875e-31
9.93000590268153e-13
5.6818584877808976e-05
2.8335601019037743e-74
5.133321015912789e-77
4.6523294063292805e-31
5.843777816047131e-35
7.4428089132447045e-34
2.478784911860908e-15
2.4777443081444322e-15
3.5054500172002896e-24
3.046258931244933e-14
3.4071996403988507e-56
1.152245583445337e-24
6.872000635098092e-49
1.4811923665065912e-31
1.315410679721064e-15
1.5530982765884863e-19
5.6784867041465136e-52
1.0977356977008398e-31
2.2218801614374233e-39
4.254980757729769e-26
4.825331692224488e-24
7.943227260968794e-30
6.193013219277381e-18
2.1406889736891798e-11
1.394265779679611e-41
3.7446095691184597e-16
1.5918836668562198e-12
1.4216897827813852e-17
2.278855809134284e-61
2.7382230367790536e-32
4.176073921272164e-14
1.4442027190049782e-05
4.75866000496481e-10
3.0253177052527955e-49
3.2502597754656423e-24
1.4475380688690078e-30
1.3322182268074758e-27
8.425371099945304e-17
1.2707888321900146e-22
6.268703150899448e-11
2.9586258368822647e-44
7.524912750370206e-16
6.615036064063087e-37
1.5052046743260855e-25
4.4872370583569544e-27
2.1998139535610388e-51
1.1266285880525932e-33
8.711729995496199e-19
2.3082513227878933e-65
8.164071883809708e-62
2.2452500693535221e-41
6.295939919560612e-57
2.5123504391978647e-15
4.5158030884400503e-17
1.8152956694997868e-40
4.2327685780223835e-08
7.755406213266326e-22
4.297669620092157e-34
5.686540333049759e-07
2.0251883911266532e-28
1.3150238685176767e-29
4.022650289200426e-24
3.376336687780384e-22
2.4644627521834813e-40
1.7285291209498852e-13
1.7781267419626956e-38
3.2077486238604265e-39
9.504155133989942e-17
2.4156363796299944e-45
6.482734473820908e-23
4.5002894095332314e-45
3.899832475211697e-46
3.852032798585284e-20
4.0356671635352906e-07
5.172335959391523e-47
5.485510804934926e-21
9.831508703369008e-67
3.4691643203731617e-18
8.535110034804177e-14
4.9493061928510917e-23
2.4799730309592247e-08
3.54383195110712e-28
1.7903254566973827e-22
3.632509046120484e-23
1.7664881772018432e-66
3.706633602139841e-17
6.752281641331944e-32
1.3451170939313082e-32
1.0675164109657129e-23
5.382897963299735e-40
2.0110280523703355e-17
3.195342459313134e-61
2.4972153309060443e-20
6.611046649376674e-41
1.563487875670763e-21
5.230421764170848e-21
9.270446491094695e-80
4.542686390880575e-27
8.935884368074889e-23
2.150214362754466e-42
8.086345397131138e-20
8.300335859860965e-26
3.9875599983474474e-13
1.608108888684643e-26
3.585375934097232e-29
1.064648691744416e-07
1.261983914621897e-10
2.8971201354248086e-20
7.110995882204705e-13
4.9840388101852065e-25
8.752908682791475e-18
5.9613341329545605e-34
8.151966786163853e-33
3.5412155884010293e-13
5.0292079418001263e-08
1.1827944004442904e-24
5.637773843121024e-71
5.1080637514245296e-37
2.7455614458805795e-18
3.726460772608555e-58
1.7081201376375568e-09
2.9370201270755544e-22
1.959580512503415e-15
6.8474559196075224e-18
2.92624021939591e-17
8.289475530836216e-42
4.715197971833265e-18
1.3889581813954382e-22
2.8783923476530837e-18
9.935959080383785e-21
9.518869757494881e-32
1.3490924045180062e-37
1.0607270344600914e-37
5.583793843227971e-19
1.752065670214339e-27
1.7637709765932368e-34
1.2232269728931172e-17
4.488786135369154e-31
1.0812090760814168e-39
5.67872339596215e-33
1.6893467168104416e-34
3.9473968768119636e-35
2.414504564256011e-32
4.837851978904884e-30
8.072944823829151e-22
2.2759657143439354e-12
3.7537072967170374e-29
4.5904110848775826e-20
1.595050338164061e-58
6.482725141689999e-35
4.1380662438432573e-50
8.845667277534052e-26
4.736895641753276e-19
7.434075751491734e-33
3.517442836894355e-31
2.3303634436683256e-38
6.233283419237659e-43
1.532090923425562e-20
5.4456859912928425e-08
2.2935468734007947e-30
5.582664445079269e-26
1.011388112912278e-21
1.1722899110124431e-30
9.887942895914752e-29
1.7000664609750973e-18
3.5233177224108515e-15
9.078341656287206e-44
1.2887082765214185e-09
2.8209965092006562e-34
1.000577347072481e-20
4.294825530502544e-38
1.5341361130583532e-30
3.982290577467841e-16
5.219185933325275e-29
3.513117144248597e-20
9.635996350904533e-22
1.4555850706636807e-24
7.459060869256825e-51
1.630513196513703e-05
4.845079744283713e-20
3.6574217833226405e-40
1.5382010037635994e-52
1.7175314011151252e-30
1.5190160190737728e-26
3.571667875619376e-12
1.3974644066628474e-21
7.869647283842527e-33
7.390881165424561e-33
2.2831632780258684e-34
5.065517157076433e-24
1.042468693508501e-25
2.7612985371647953e-31
1.9712782875168154e-31
2.7143326741061035e-31
1.2204208985252558e-09
2.2212466096010872e-18
6.413561947193144e-29
2.2940756073957303e-10
2.8432977201588187e-31
1.842046385215171e-37
4.657490030799275e-09
2.5568427765425936e-19
2.918161163604207e-37
3.1541894790067356e-18
1.519803579256649e-32
1.1325220287341125e-15
1.392271795588177e-20
2.2485557513264656e-20
9.949398972268904e-45
2.5686522580165405e-26
9.079631363785479e-32
1.8260382963972354e-37
6.854304471917832e-38
3.4084495700259664e-11
1.3210505101063741e-07
1.1556368396520141e-54
8.665556125203e-09
9.922761159078379e-38
1.130248869301696e-16
1.681118669569153e-28
1.1229095270629622e-15
2.8293259255326657e-41
4.138520119990034e-37
1.810165280940971e-61
5.388923923244114e-51
1.215118459252061e-27
7.568817436302831e-20
4.459354029431221e-21
4.909214638758836e-32
6.326181571352807e-27
1.084381941392451e-17
4.030716194261454e-24
9.259187346865073e-27
1.938117640141953e-15
2.00853782758541e-23
1.015081465934474e-31
2.8891645074470303e-31
1.4918265944028252e-15
1.1417361988205504e-33
3.0293158869866643e-21
4.201082635215821e-21
7.302490780346375e-56
6.179186267355782e-22
7.852332629589974e-26
2.630256530508665e-34
8.614278970625933e-16
1.8548098361354572e-11
2.7999465006287673e-37
2.0104786696089943e-13
3.830048928837752e-58
2.719342393411497e-23
4.253943145253217e-38
1.1572693558625352e-21
3.090986354087796e-17
2.3708936356994237e-21
9.16802027121879e-69
3.1040182993437783e-17
8.57924278728989e-28
1.8745269170853932e-19
2.2643342494494758e-51
3.072620026580705e-14
3.7051738576674588e-09
4.0386017578762953e-10
4.363898542517101e-51
4.781194525821424e-16
9.637306063084249e-14
2.5590931066759273e-18
1.128005453640477e-30
1.479138251094576e-39
8.90399466196094e-17
2.4542917837973394e-10
5.404586282153301e-38
1.5356364251451334e-18
1.5667038833155575e-21
9.117535943278323e-22
1.0809774867353776e-09
6.222169089504989e-15
4.171573142571278e-34
7.7612655332876e-25
1.9332499575273122e-16
1.7400469399122015e-15
4.0342108079824343e-16
3.585450095054184e-23
4.74331997110279e-16
1.094934374196355e-31
8.315055432499832e-20
1.0395282873530187e-29
7.07305620251701e-05
1.200516068735807e-06
3.5681366646980513e-28
6.848743607976947e-15
8.186929538598538e-26
6.77088386963291e-33
6.879424365830986e-38
1.6433135413774239e-38
6.4233557904951635e-15
4.058675677120918e-17
1.0487254784200307e-13
4.730131121181418e-78
2.572000066003593e-16
7.171762073340387e-38
2.4664037738888904e-52
4.5786578275938886e-32
3.795421371095661e-41
1.6730036503137639e-16
6.343641834252167e-38
2.993377850218345e-23
7.056547444278707e-09
1.8509150297238368e-14
1.0315987097960187e-25
5.808925198636705e-35
5.406376749573009e-41
5.681265463931537e-10
1.1696877336375297e-27
1.3807409116417627e-38
6.263448113341023e-22
3.2286306116697973e-15
4.419683635412197e-15
3.014524055710132e-44
1.6738702830139485e-26
1.6873309603347517e-10
1.5166401820050183e-40
1.2181949194704586e-46
1.0546594560502372e-08
6.962535489891635e-119
1.7254520149634173e-36
1.188866724821761e-35
2.6136419414265626e-12
3.9384183101791366e-39
5.801863643822341e-77
1.721488951943757e-22
3.9546607814371505e-44
3.6519432446041183e-25
7.387610928665181e-33
8.51158164181542e-09
1.0216885508518982e-31
2.17060414643212e-19
3.08663434416954e-21
6.474209810146411e-33
1.7792333868687614e-59
8.183025953418609e-08
8.817924973256423e-34
1.300508697665857e-53
4.138185110908893e-07
5.201447733002154e-11
1.3732151385243616e-21
4.480887583432446e-18
8.401831016316543e-36
9.714290190854551e-49
5.633162700306278e-49
7.588189429922373e-16
6.638034686497498e-18
1.0749013347300128e-19
1.7528968914585564e-40
3.953641730272217e-21
9.281635067043345e-66
3.8121756412988874e-30
3.935459044983359e-40
4.8485328485747174e-46
5.835694237035208e-20
1.7186607266070915e-24
4.1341149024799515e-23
4.937983692735476e-60
5.1129207192637716e-14
3.1573729822466485e-28
2.6745819890227706e-25
7.313699151731041e-55
2.12352020669105e-18
2.18611770264389e-29
9.865641944563514e-20
6.838662075684105e-33
3.896260101266632e-27
1.0375807623160279e-29
2.8664152271934915e-41
1.6687997557883563e-29
7.098896315468299e-38
3.91173654314553e-17
1.393443407060304e-48
6.729604125030971e-36
4.271312205463223e-36
6.756174765700059e-59
8.974922996868542e-30
1.270876828155045e-44
2.910590336606955e-87
1.109791963058256e-29
4.693951699437721e-41
1.4907740745066942e-46
8.047659833872073e-15
7.259716272075061e-23
3.60688742446562e-24
3.9830540206959836e-28
5.88511302062201e-10
5.7538949881376e-36
2.079232717099441e-67
7.635982910659924e-46
1.375988214199207e-35
1.1609162056695513e-27
2.3130206768351044e-47
1.1477848544347817e-16
2.970798399316383e-37
2.263076921115248e-42
2.831572491582713e-22
6.341080667165089e-39
1.1886201199988745e-30
9.864013242022136e-15
8.702152448971859e-84
4.1529674852714455e-33
2.271858987235568e-34
2.4713242049297672e-30
3.0809804381822214e-21
1.7382148205314926e-40
7.084613877403117e-46
1.64062665738182e-40
1.2941575926837965e-36
4.9877060330111124e-20
3.017219792449214e-14
2.7822750465318715e-27
1.0285017839093566e-41
8.770597626535473e-19
6.075465864468722e-15
8.245373289683438e-36
4.118997018331685e-21
2.3984668651536027e-19
8.024154503155957e-24
2.555151669089599e-16
7.071227029468925e-24
4.40330437993996e-41
4.441175124075166e-22
3.0526730126491376e-63
1.2926490664255357e-18
2.7804372009619536e-61
1.5971292576907708e-40
1.1962154944210751e-18
8.804285102105188e-19
4.539890834674288e-38
2.140538975628931e-53
7.588042490483995e-09
1.6772312714917446e-27
8.967308233936295e-20
3.340706483454953e-36
4.4473352877472816e-20
6.527288781215489e-18
6.63323805349091e-32
3.405553034299626e-11
2.5860840065207774e-06
1.5420447631301849e-78
3.3506200522818668e-06
4.829991602715796e-17
3.440386942436606e-34
1.7936932185566946e-51
1.609385764379435e-79
4.653334667342646e-24
5.018752547419926e-20
3.2970175437331683e-26
1.3840394181129079e-17
3.39380166522488e-41
6.954420796913416e-35
5.137070221466849e-38
9.821592391931534e-20
1.5325843202943808e-46
6.063144894546783e-41
1.8431605322837793e-14
5.0189914803743667e-29
6.964774950986897e-24
4.419561994593166e-17
1.9089759892033745e-14
3.2046976292602915e-24
1.430075825055928e-14
6.937158986441353e-23
3.3238142722125316e-37
1.1285410179503888e-49
2.9678373438043797e-37
1.49601582467152e-15
1.6510253925308602e-24
1.0817009793925476e-31
1.5397456427989147e-20
5.8103716796462215e-43
1.927931228557624e-37
1.370124978579953e-17
1.2100341908948288e-34
5.1213219075736735e-24
7.055418770684183e-34
6.655854000460016e-64
1.388636260036345e-28
6.643655020302759e-14
1.73170770381788e-15
9.745638572353243e-14
4.214102252140416e-14
3.4292673438158183e-18
1.0970871678337522e-31
3.866964059760879e-37
1.463880528789682e-25
6.913343908531412e-13
3.0302635881219664e-26
8.333746171973554e-31
7.968720823660735e-20
9.828010516144918e-30
6.577255992085191e-10
1.1709010459216636e-39
5.498408929466014e-07
5.410345182269125e-20
1.2059070685984784e-30
1.0548147899769945e-19
2.5505416443554763e-72
3.0952859784945897e-27
1.1303338599656794e-23
4.2671350191299815e-21
1.2483300555817491e-21
1.859151970121195e-45
2.032099633826938e-40
6.108430899273977e-30
4.748173884552052e-36
1.2363027033913792e-18
3.102312244652337e-28
3.486519907621058e-17
4.688310881431971e-31
5.181652677668871e-28
1.0091136189862484e-36
6.018157884835213e-23
1.1018078251396978e-16
1.7976759876952415e-22
3.428911571421581e-52
6.061494729396659e-29
1.2133002779684522e-39
2.3581563269868994e-41
5.183470988431011e-10
3.013616505623516e-90
2.8388401896226166e-36
8.141471087866412e-27
2.616248393070357e-32
1.0724967864549829e-24
1.6002752467151073e-25
2.0013689557963516e-17
1.7648423535642655e-16
1.8958124670416856e-17
8.173989906820268e-57
1.371452682945107e-103
1.3470319847700038e-29
4.3361386864612295e-25
3.7593419453167385e-24
3.811880054746448e-31
2.4225144452680612e-31
2.2448753758101375e-14
1.0741002221511349e-23
6.346057416150443e-37
1.960774895006694e-40
3.98338276965522e-12
7.665935893021238e-30
1.5089843080876104e-33
7.716433720820493e-33
1.0047703266207885e-14
2.756415320224339e-38
4.894897773443041e-33
4.283825268918674e-14
4.453843379619044e-20
1.2214062460901714e-54
1.317528872189647e-28
4.602923288464726e-19
1.0964879946961982e-22
4.2984701859443576e-16
1.437138056945898e-23
2.1688784963978633e-09
3.813418942578285e-29
9.135535607640698e-18
2.437434209309985e-70
5.759872004030812e-16
1.3977661009164971e-14
1.1669408192265864e-21
7.531430877710252e-29
1.0396521913352496e-45
4.092161346253003e-15
3.9106998991388723e-23
1.3573727995701339e-48
4.4650032775629835e-28
8.179499604522773e-21
1.1182043742635868e-08
6.183590709361498e-11
2.2708293403998063e-21
9.080712377374873e-39
4.538407763040036e-26
1.8760334660112635e-10
7.889725189166981e-37
8.085989727756672e-17
1.2419986481275868e-22
6.417591020525664e-16
3.0461857695962115e-27
9.195096712908846e-53
2.7741539289017424e-21
1.6575223259472379e-37
8.671036022356582e-32
7.277101637597587e-39
2.2139806529202486e-14
2.3686662336152793e-30
4.621015930423541e-35
5.858480250415803e-10
2.4033663909154452e-39
6.679957731205188e-35
1.6042506359972157e-06
1.7653739473878208e-21
1.981790436743931e-09
8.281581314663934e-25
5.1385226701133246e-33
4.9032223005044405e-34
1.7676546950645497e-19
1.2136006147725515e-24
4.835686133033657e-19
2.5442586244353694e-27
9.702777712723441e-30
8.63652757862107e-06
2.0948888688621397e-10
3.145573209620028e-40
1.728686227110936e-40
1.172990552905558e-09
5.346957126565401e-27
3.464712779275462e-27
5.437151256631987e-16
5.355451194481012e-14
1.233244331745324e-37
8.682431956629851e-26
1.0223226615893846e-44
4.3626144087111766e-10
6.826928463675583e-39
3.474830543322694e-37
4.328417395021945e-17
4.6599704260386567e-29
1.1937336664202336e-23
5.846016977868924e-35
2.6659741008711195e-29
9.080060871549722e-28
1.3903863043237874e-20
2.7367820526131782e-30
1.026942586237675e-28
1.2415424841117948e-37
8.355084588096108e-32
4.3080870173675575e-43
3.673675250554184e-26
3.6763811842310346e-23
1.0480129284064599e-13
1.092821620221274e-21
5.007015288079823e-47
1.646793647952332e-33
1.092247833171928e-26
8.578401014037186e-48
1.8479248733763174e-18
2.438231962554506e-21
5.899637069744852e-23
6.166111879923186e-18
1.615778722768396e-35
6.596221811792809e-39
3.014793444520802e-42
1.909874935054889e-23
2.5091696096236276e-14
2.852961400403846e-58
4.629333951387972e-27
4.163999164877267e-55
3.2303744439430774e-41
9.491150824315549e-54
6.129979896510799e-37
1.0402271979083964e-60
2.4211064467104145e-25
7.483429621257559e-41
1.2703086400227278e-19
5.990660486889304e-46
8.317094333341136e-36
1.8248524654812315e-31
9.229315653357146e-17
6.526308946301488e-31
1.3576115054177972e-27
1.0857528426639322e-54
2.3020876221224399e-35
3.405120152967283e-30
2.618481007229512e-31
2.973872014255617e-27
4.967645227271104e-102
2.7943423823756585e-14
2.2458663215255367e-38
1.1133176658510387e-29
4.931506837093449e-16
2.80590400408865e-33
2.248133624576647e-21
4.709383073630919e-38
3.7085284862360785e-19
3.4389039761506606e-27
2.7358089900064095e-38
1.306915105943432e-31
3.0531889039922224e-12
2.493275281771606e-26
4.076629718897936e-65
1.6444979386374063e-20
8.172643320567955e-48
2.3866622464604071e-32
1.3295773757195981e-14
5.693787774247227e-26
5.415945191281189e-14
9.012399341576989e-45
1.6313837695241185e-28
8.2461251359084e-22
5.087422926131214e-21
9.826330685749571e-30
2.22471147989726e-39
6.241810535956416e-20
1.1884750052714456e-13
1.1853931063808036e-28
3.7214656136709434e-17
5.545877524535371e-16
1.1424617366975637e-28
3.5327094339844116e-30
7.495537570256e-17
6.954026281741391e-27
1.7291944807795757e-32
4.013743918417981e-64
9.486142881281792e-08
4.3778136208159545e-08
5.8655298424108096e-27
2.431426169957356e-80
5.205858733232076e-22
1.7483831412165512e-32
3.3322097799887055e-46
1.954961522575324e-28
8.908557667908503e-17
1.5218516457956023e-08
1.7740030838694624e-15
2.4945447901782475e-32
7.964317787568082e-35
1.469883862437584e-11
6.214836881992784e-18
7.177419700010441e-49
3.387682340824459e-19
2.8281162668662787e-30
4.725685252914594e-35
2.863511762272958e-17
9.11356982769569e-58
4.665354042557425e-23
1.993977184155903e-15
7.807268613814876e-20
4.8235631823282e-24
7.323958149665317e-24
1.411133714235418e-13
9.128745742713457e-28
4.043683895778043e-26
1.3941958437916308e-52
1.1303946784921903e-19
3.483446806607988e-18
6.832246726048444e-17
1.6230091391072154e-10
2.464221244281999e-17
2.2015722555282495e-82
2.5214355760777718e-14
2.899950150234581e-35
9.793867607404301e-37
1.598767331059844e-23
9.633618210492127e-35
2.1165589102388976e-18
1.3172089595857738e-20
1.6840976595890928e-38
1.1692496830057277e-18
4.773144957820657e-31
1.0128641950502173e-40
8.576272516615758e-25
7.511887068076284e-41
2.1707130986050922e-33
4.216754781317019e-15
6.39318794383131e-16
2.2890000819235146e-23
7.090961551480464e-38
1.091744616508387e-35
3.751655288668197e-15
1.2536591996268022e-19
5.255799338913069e-28
7.14069604271463e-49
3.896212395104408e-21
4.918889338620286e-24
1.249881819384865e-43
4.752044988298349e-19
1.983735620951187e-15
1.8797735810644548e-07
2.190875249477884e-35
1.7098310213600125e-40
7.960294252432983e-09
9.298313383487559e-32
7.457593876326197e-17
2.124637352183594e-34
1.5813097359796185e-27
7.859031782672832e-17
8.872081250371674e-27
3.116371267131568e-15
8.031754111379242e-33
1.772608342771897e-23
1.9809726098785468e-40
5.732734205162728e-25
4.9216560835106915e-14
3.753120746796657e-74
7.0720688767294085e-34
9.887329845081745e-41
2.654632323606051e-21
1.456957265648297e-19
1.466043607723879e-12
1.7104906249948857e-19
3.3500958986541983e-38
6.426804380005231e-06
4.654883259333614e-17
8.282606738523965e-22
5.931472428579556e-37
6.570674460229154e-39
3.4422633152877826e-15
1.267678495918901e-21
4.62590779614191e-08
7.70706908912767e-37
1.1408596740241044e-07
3.696503589620273e-30
1.4917917372848896e-16
7.787809194571497e-11
4.420135563387534e-13
2.2905456427003972e-36
1.3292492415974956e-42
5.987081811853215e-65
1.975061381168244e-38
1.8516296258095296e-38
1.0776795173109562e-22
3.8262004141096675e-54
3.031762347644545e-50
1.016853178945436e-51
2.0592265801235213e-24
4.31182848198461e-22
6.410048110606603e-49
7.946769772277177e-24
4.736802872352752e-56
1.2708468070430668e-39
5.649651512292823e-25
1.0276062148239358e-14
1.1152954502489285e-19
4.946449894707855e-12
1.1625264302412796e-12
1.363732615660443e-23
6.047148653766412e-31
3.438482047822919e-22
1.5907233128215724e-69
1.2454696776338925e-37
3.689891717686551e-36
8.372377121246383e-22
6.773256233477558e-32
2.483969394208704e-52
4.4884546626955193e-23
6.6466758141047755e-18
4.194806070273646e-58
7.695206594579769e-74
1.3038762033752183e-21
9.080253184589871e-13
3.2636711252016195e-38
7.896744280537196e-31
1.3047394855041799e-43
8.543600852044132e-35
6.090652798882468e-36
2.551300406116806e-17
1.7522956621548787e-24
2.973897154313572e-15
1.4724416377350564e-18
1.049622506521344e-58
7.213241472706873e-22
1.7682949189863774e-40
9.571123014201709e-20
8.242581070973321e-14
3.7647463912339845e-42
3.61195488188923e-23
7.61029147242317e-74
3.7156410229234203e-25
1.5013584096318373e-29
1.7520486669550655e-30
1.2973017974392263e-30
5.466087113472684e-13
5.4553913781431844e-33
5.274670553190794e-38
3.2857080501699806e-11
1.604293155056999e-48
4.493850926657389e-27
3.1079097346494375e-18
3.695788242992302e-21
1.166493126502223e-54
6.806740998952041e-18
2.3749171066139354e-58
4.030142049462309e-27
1.5868105108349867e-67
7.562808251270226e-25
1.4214122587767627e-23
3.7436476877539093e-26
6.014692714436474e-36
5.588628909966359e-17
7.179029104878951e-08
8.6444994301724125e-19
5.695280700351832e-23
9.618559431031714e-32
1.6477273980587347e-16
2.5360978992978528e-23
4.7752957760435016e-23
1.760551616909825e-21
5.580410979960086e-37
3.5992000956988147e-16
9.752670299309858e-34
1.0041393229999341e-44
9.557998590910676e-41
8.68902855999297e-43
7.640570126922801e-26
2.147631462169316e-33
1.3221667271243665e-35
3.782792609708913e-10
1.522008410863026e-35
1.67552859028932e-22
5.89531087910739e-33
3.586962764430448e-47
3.6193481521738644e-28
3.3767424149253206e-27
1.752018309553435e-20
4.390531490445029e-37
4.082492057549955e-60
1.010163330049996e-18
3.021824820976867e-39
3.0130488740440485e-23
2.05207019089895e-27
1.7434529391341734e-08
7.945709471840717e-30
3.607230352427626e-36
1.346202536936487e-41
8.403452668727613e-23
3.633141080290305e-33
3.140634274438968e-36
2.3495261043557303e-18
8.037575303651932e-07
7.720062353195827e-27
2.923690832575184e-22
1.2499542982611446e-19
2.2103681052675015e-35
1.199343689601593e-17
3.9820236208345736e-18
2.9203011355534383e-19
1.3393307857026984e-43
2.5693236638610185e-33
7.868746542409519e-45
3.488653162863954e-14
1.5940558643752336e-42
7.955991779027048e-32
5.213066166671636e-24
6.259784239448062e-38
8.445477563314082e-15
1.0117829930147338e-47
7.256383796969318e-58
2.4973989902025964e-17
2.940576824771275e-39
5.2216369472264e-33
1.2242839482384234e-29
6.452710727710532e-33
8.92376208826771e-13
1.3247337865858242e-28
2.721506891396228e-37
2.8905116750485764e-29
1.1702839348143489e-16
2.78590612531729e-19
5.521463615702831e-44
2.382852708958693e-41
3.2127512485929406e-23
2.557858645172589e-06
6.739578608777362e-27
1.7347084662646998e-19
5.592924221923883e-12
3.429239500674328e-44
5.8830287729235975e-28
2.026497094789892e-34
2.586574611325054e-29
2.6193615800637887e-44
5.782207235705249e-25
2.967208342421388e-37
3.113063250576837e-19
6.824692447988015e-36
2.208091685742006e-33
1.9892033939426518e-26
3.840210683967374e-36
2.0195472887400117e-52
2.2242411351862542e-20
1.0540069516667225e-13
1.3594239548487948e-58
2.21827594809602e-11
1.5253000809629777e-19
2.403091763511894e-12
1.1475742041884059e-41
2.161841986170786e-22
1.8955909078451232e-19
7.963325798112649e-33
5.708494648114096e-15
5.236012375052276e-06
1.136253189728183e-40
4.484002562193851e-22
2.1269718149771332e-17
1.9025733340320588e-17
1.0865394677705027e-80
7.2619754067447624e-34
2.7991546534499205e-33
1.1141414696543061e-127
6.453511069044762e-15
4.317763757641572e-38
1.4892547710283898e-24
2.418008573327625e-66
3.961011562420271e-25
3.721982066395748e-15
1.6836701009717127e-14
3.1476861821608035e-33
4.976142839371662e-46
8.689650303112905e-20
1.424459968639009e-20
4.2441106057533375e-33
1.0361366575694453e-12
3.2814712336059566e-37
4.825661370679271e-18
4.654622916968225e-15
1.9735657495281813e-22
3.4247233847494663e-23
1.4206748234770191e-40
1.0050295351543728e-19
1.698825263994285e-13
1.7072375560963194e-16
2.9819443899250908e-30
1.0523931673918076e-45
2.7007331881254415e-31
2.301907102467248e-18
3.1427998646780505e-11
2.84281982120507e-50
1.0418485350994836e-27
4.553820824031225e-25
3.2858080923134846e-27
3.114507934224625e-23
1.6892294808080112e-09
2.3602766002138783e-24
4.141152564937402e-28
1.1547918652606491e-19
1.1806700963275666e-67
3.284606231545556e-14
9.611214728473718e-47
1.0831326430354949e-24
1.2307828091992531e-26
3.9133870561994384e-63
5.373719157261687e-09
1.940129157528919e-34
3.2841081705123226e-09
4.1226680155500345e-26
5.53693911550272e-24
5.627493058307883e-39
7.95841909365574e-16
4.917263940306518e-21
1.039046847283318e-22
3.878209372799446e-15
3.073822158642153e-13
3.94998046568929e-36
7.62185786823004e-15
1.017965636294432e-23
5.5343432389861174e-15
3.551531209764503e-36
3.1701542865681215e-33
1.7183164570038277e-31
2.1270404556582517e-19
8.861090048222883e-17
2.1568283399138675e-16
5.636209630960745e-26
5.472796468064712e-22
3.994895292660265e-37
3.4000334359046524e-10
9.242035304195724e-12
5.526376666077661e-36
1.6723160207037732e-16
1.273355983177392e-49
2.2967587893225308e-33
7.900553634105616e-28
6.938549407339282e-28
9.19842186766593e-41
9.399370435929281e-35
7.47364893308869e-32
3.516022476921813e-20
2.104805806484222e-16
3.1680173670882265e-60
5.445217285762489e-22
1.100430111526231e-34
2.5822927615573244e-21
2.9713763743526964e-25
1.0288049060230455e-14
2.030514234873486e-27
2.8566947427305576e-72
3.006397839383739e-57
1.5787427152196576e-18
1.8939563845269705e-21
7.135581273674616e-26
1.026122630071274e-09
1.4195968738080903e-13
5.707296847317474e-43
4.388053104836156e-18
3.27812053631689e-09
4.811192323149701e-21
5.846939260969985e-21
1.7824856842136163e-22
1.3756517271690339e-13
2.6474347013485457e-41
1.3276323169362913e-19
1.7762595555542766e-21
4.898532477012717e-41
5.964799719345925e-38
1.5409562642521296e-84
5.4040458494228306e-20
1.8957199742740086e-17
1.004911083790677e-27
5.836497436867802e-31
7.637248312761291e-26
6.965258007772436e-43
1.595828801125789e-58
8.419211069578391e-58
1.827864297145231e-41
6.840303946196145e-49
3.674111636751092e-38
6.341421010124533e-23
6.739290072978463e-35
7.596863261411624e-36
1.7980237138917368e-11
1.3404365836329729e-24
4.988558982605291e-24
2.8489824554760845e-23
1.4159366574379819e-30
1.0776550827224732e-07
2.1940331156571793e-23
7.208298667973255e-25
5.447938105183295e-24
9.799567772542856e-23
1.8010249278207556e-25
7.024676946086242e-44
4.3895728370228295e-33
4.3267567579325766e-43
2.7479784894012313e-45
1.6917591733385232e-32
1.1382087682188044e-23
6.617891962123207e-10
3.1380007056065707e-10
2.8441034314772337e-40
2.067027781508788e-09
2.9105875206045323e-22
2.4465800000117924e-18
1.635325614466707e-33
8.466450369691825e-30
2.377533395187651e-08
1.9958423471906817e-36
5.847175093049969e-24
1.6497788309002173e-51
7.027306361994647e-11
1.4903732505606518e-42
1.8989530263966043e-18
8.847169483825128e-20
3.4318596961961286e-09
1.864692624235158e-17
1.592107236509736e-59
7.347560190869976e-34
2.7887842418869805e-07
5.4198851203025544e-36
6.947574809542564e-29
9.473479811676582e-93
3.7267415557288473e-25
6.085355417760648e-65
9.463630201455093e-43
2.97687174364229e-16
4.236009519491737e-24
4.190772633862359e-59
2.5171023754435096e-36
5.057345417943344e-22
1.3561471354551218e-20
4.584010597379162e-41
5.8969454594387215e-37
1.3334149759843113e-47
4.6553100624674897e-20
4.084283769994328e-13
4.698260637771297e-22
2.119488344174175e-20
1.512875274123396e-44
1.4867732286734888e-16
6.670268715109383e-22
4.5493418962312274e-38
4.687076262842542e-11
3.6280093378759537e-20
2.7146527972231727e-46
7.509526773238855e-27
1.5230083111654568e-22
4.3527868672550857e-13
5.318033110167457e-12
3.4205743656968704e-10
4.20837884119031e-05
9.294670368145272e-16
1.2803395092822928e-12
5.616444861838528e-16
7.3263957336771235e-09
3.419258387476454e-29
3.2215780389325933e-28
5.585731662744579e-32
2.952986571308483e-09
5.534956064791064e-54
2.173461164443975e-27
5.9074318644403255e-36
6.862557455709844e-53
7.378945158096393e-52
1.9373687321234286e-32
2.3000954062453832e-14
2.929634844053871e-16
5.350079472075878e-15
3.2534377782667536e-06
3.599223180560011e-29
6.246693280033615e-16
1.1381542937416997e-43
3.987067281800137e-14
1.35465470461453e-37
4.572167133776543e-22
4.995823334747313e-13
1.6538687100438763e-33
5.532559922041624e-09
5.696450938100139e-22
2.7597585044421633e-15
6.75565682888066e-39
5.780652441738824e-13
2.6079134804765233e-14
4.6226342775541676e-17
1.078768019754956e-16
7.221218812339469e-36
4.242019200468526e-36
2.2756855460998534e-34
1.934295970390734e-25
1.41191326602551e-11
3.5869700274577274e-32
6.393843465761339e-24
2.934584928526465e-19
7.899185817511292e-19
2.375149368083261e-10
3.5928673044582115e-24
1.4584411429801954e-11
1.242628487122698e-24
3.9412637172960366e-27
1.3316946484982962e-41
2.5111766914648348e-20
3.1867037604561025e-47
1.1175796128866696e-09
2.7848642205530178e-46
2.3250959527936063e-27
1.4390403821350395e-35
4.1858677617866553e-10
1.2565830904364545e-35
9.566328816080113e-34
3.4378848051226585e-34
1.1623407067601664e-58
2.3153457791440645e-97
9.677758981042184e-34
8.82619978706537e-22
1.1458067253652187e-18
4.2447216328669525e-65
5.202757552621851e-64
7.68853963972129e-28
3.186723315262569e-32
3.5861614872177e-46
1.253284674015108e-16
1.0833142436805896e-35
2.401644015511681e-11
2.4894504697890178e-29
6.363849444897844e-22
1.2372063981476445e-08
1.965286834523411e-21
4.078152612604715e-41
4.665859792501305e-16
2.482013113555775e-16
3.057476125670588e-18
1.6302946439015555e-24
2.0765632202101627e-14
4.906142950320022e-28
5.112899917566622e-35
6.895325678148527e-52
1.840141143073562e-12
5.668786109087636e-22
7.731605106251115e-31
2.1437801714861433e-12
7.143720624459606e-21
1.531848737367709e-36
1.831326081803708e-33
4.278134411014479e-63
2.0772104867372264e-17
6.626394794966811e-22
1.8236990309244564e-33
5.959056596560657e-18
1.4292292081631563e-41
1.4562359815921052e-42
2.4948084533243514e-65
2.2039920838042425e-16
3.524045394178797e-40
2.5721212345669177e-35
4.346747103985566e-59
5.480243392634254e-10
4.069056363490611e-12
3.4379462022775684e-29
9.413195119140687e-19
2.0202425864237034e-34
1.829909001290995e-38
5.438351929782037e-19
2.2665966367155387e-36
2.7554334510770796e-35
1.6094375372691502e-59
4.997142920938934e-38
1.1619952030999909e-71
1.3931569956958808e-29
5.438140796277405e-12
4.248732268050467e-30
9.607538794600222e-38
3.1426755082848706e-51
2.5157619251967394e-19
8.481480448786855e-32
1.0274362290044236e-28
8.686583571462644e-17
1.4376601653924608e-15
4.150142563177364e-15
3.447620100328367e-18
3.9098396513598796e-41
2.676611454172298e-19
5.340536875580609e-34
9.884140095244183e-62
7.964588039196137e-35
7.864120672036397e-45
5.931956427466556e-23
6.4605906037994226e-27
4.052562197767513e-24
1.7713759451133312e-38
1.2627561428990578e-52
7.35459226607254e-15
2.2724826160881987e-20
1.6224185949081526e-19
1.656541426029262e-13
7.047997296699475e-31
2.7986725513425705e-25
7.994679044094565e-35
5.542757712062038e-16
4.1721287747611374e-29
6.424499964638676e-32
1.612908556121354e-44
8.450183103768477e-40
6.0556973794395965e-19
1.3341377839692821e-33
3.906800901792838e-37
6.815081656198448e-46
4.8067753070297465e-17
1.454532833702141e-56
1.593430864250055e-19
4.449739959405333e-38
4.6581645987364615e-17
5.094062409038916e-32
6.982379492046888e-10
1.401516214306594e-32
3.679294229601215e-42
5.2774559068460505e-23
5.490653157313905e-26
9.663111519385677e-33
8.849860168087462e-16
1.4115081633215874e-19
2.1327550680713016e-24
3.08918006838858e-19
3.837295123405935e-17
5.424546580742502e-17
3.5156883009002716e-12
2.1624109655167983e-34
9.33886855192756e-28
4.5545222130304885e-09
2.1458598071515886e-24
1.6660208363089545e-26
9.887135637633126e-33
3.542669170854986e-14
6.631496214441327e-20
3.903489881896298e-37
7.925255316979028e-33
3.257154667685552e-20
1.0988454098308353e-23
3.0321387350166954e-11
2.199607087864233e-16
8.191374043854127e-13
2.4520043735333812e-24
2.3406066818186762e-26
1.1894955544369593e-24
3.3209674502178987e-26
2.5495086449007937e-45
1.2745847017071976e-14
3.629692611131694e-19
3.647171921756004e-10
6.740556345688703e-11
1.2570628700858575e-40
2.7838615933400704e-23
4.2207822139970994e-23
1.080104409211206e-09
6.85705649867298e-31
5.146410501100934e-103
1.722224987089898e-23
1.7335873078238807e-73
2.4735616499849894e-16
2.0695729741629935e-13
8.876780359438253e-53
7.186873824086543e-12
2.5273409683027854e-20
3.535941219757712e-14
1.7759960484845804e-30
7.841426754421331e-14
1.8022528862185434e-21
2.3964931518741856e-33
3.870308449089924e-51
1.085082234103365e-35
1.816010283513433e-40
1.503077766077492e-18
1.1929291917847777e-40
3.1202015398404083e-87
3.7980853570203577e-26
1.421016649915222e-18
3.98978116527578e-39
5.299889922977237e-37
4.6980422458324686e-67
1.8545433310684732e-30
2.409641597829192e-11
2.0940636891167497e-28
2.7505961994492037e-72
1.8995816123558073e-30
9.366140670550831e-20
9.16585844539647e-33
7.043753125592593e-40
2.5953329178473085e-22
2.8894405432970304e-16
1.6415777372818942e-18
7.155951565523043e-44
1.1203386216202857e-75
5.264977065928828e-14
4.4561327269260924e-57
5.106539362032284e-44
1.5503719539779744e-37
3.200839096357679e-24
1.253663143516755e-16
1.1975456215044033e-18
8.484661103581269e-36
8.694333655006945e-36
1.7646357983515634e-20
5.594364016771696e-29
7.426193138632221e-62
1.5192802226107997e-33
5.708050933344882e-78
6.629727578768635e-22
3.408521441975732e-10
3.2392148182826774e-06
4.960553699573746e-11
3.902295837951967e-12
2.1507786578410582e-36
1.774214844688299e-15
2.6835603099102964e-44
1.3731084818453909e-17
1.304316858065582e-57
2.417377923081501e-16
3.204868141605814e-20
6.041029939378359e-73
2.3019201158037785e-39
5.056678305415565e-41
2.8773651770367496e-70
1.033683647272149e-37
2.9563964408739007e-09
2.2472172250066478e-24
1.6769756339708114e-39
3.4052120603129106e-16
1.1824808668256545e-17
7.788751614386019e-20
2.598045355803438e-28
5.2752269962607164e-14
1.4126566406018712e-19
1.2015856706558762e-22
1.2457798709047315e-28
5.199690001612513e-08
1.2847245265496705e-37
4.588553317232767e-70
1.0729146022578976e-18
2.0815565111615195e-44
9.004572112584284e-62
4.855318848111792e-24
2.108252759434949e-22
1.7985730116752647e-14
2.947261493638006e-107
3.5866645734427797e-23
9.852161659268106e-44
2.634717348938323e-38
8.760742899591932e-55
7.036010512716201e-26
3.7841298905356355e-14
1.0183246946759675e-82
2.746082955172104e-15
4.443292675537475e-54
2.7492143570588583e-08
7.897831589055853e-28
7.093406974347698e-60
4.980169142919563e-20
1.2011356032366702e-08
5.407258010370898e-75
3.889768687419805e-43
5.423027086494529e-37
5.615385398699811e-29
3.9600825165624625e-24
5.547646930117694e-38
1.0274792404849593e-19
4.3676437856904536e-40
9.189981757121521e-14
3.0465043798263845e-22
2.1826011361744673e-43
4.2072687063054137e-48
2.6100610864389176e-22
4.532055068845798e-20
3.0251503472584374e-23
9.758256728593886e-19
7.973036125311924e-34
1.5011526489272105e-11
1.2987315206906823e-27
6.829981532456343e-26
1.3210767678840152e-46
1.37942552750392e-23
1.9755995625480145e-15
8.09720238339508e-39
2.062940458397866e-32
5.272656613035979e-34
4.0847081513126696e-16
2.227876568755769e-22
6.22468068624384e-24
9.680193580247677e-17
1.6627309247118042e-28
1.5811919023775148e-27
3.890168005530117e-12
3.898323933534426e-12
1.8728508791634182e-13
1.8697460556652952e-13
7.184921469393736e-20
5.777039314807162e-06
2.810826369793203e-40
1.338050379807277e-08
1.643094964884074e-53
2.2516051637989356e-15
4.135941940339819e-33
4.471227556650692e-55
7.493571947976175e-32
3.0473640028609695e-23
3.6644783607796024e-20
2.2764889738482773e-55
2.6766087198776286e-20
1.9234646492087627e-41
3.058734811265279e-22
4.917203631211198e-16
1.72279644468161e-35
1.5882846586835897e-52
2.5831467541004156e-85
4.289734302289695e-27
1.880064112705275e-29
4.4680389405400145e-32
4.741247789901777e-64
6.362297404406593e-17
1.7673622578725986e-30
2.7245768103114378e-05
1.1630510822104245e-19
1.1084059739191318e-43
5.786910538223561e-10
9.11019151334641e-52
1.9887153739228543e-20
1.1321454066099402e-30
1.0719038677463675e-35
3.10115932402796e-21
5.664668288608446e-15
1.7143779594168493e-50
7.14597844775627e-32
1.7300206547485576e-51
4.334617423535763e-26
1.3469588395420039e-38
2.596357663055494e-16
4.163629501391261e-25
2.1159630222464445e-34
2.953142763515902e-07
5.527796546183443e-26
2.8020571574980994e-13
6.1215877655661596e-24
1.7936559261217207e-21
3.442062446092225e-18
5.686753273093814e-22
9.197001995223961e-28
1.8322509895213023e-20
3.900853673486578e-14
3.0381960836216487e-10
1.8424058129386713e-93
1.0202706284038499e-32
9.565625007203118e-40
2.6768124927968567e-34
1.145657145089959e-29
3.0417920301981277e-43
5.0167603828166843e-26
2.756843553590103e-38
4.060784755035539e-18
1.0509855382037826e-10
2.5514937103836843e-30
1.9212776153549022e-23
4.924880761191415e-38
4.946237861995517e-25
8.327631385171411e-35
1.0775590692278287e-27
1.5539513274534178e-19
2.8661393169822275e-16
7.477831783088475e-35
4.910287454822085e-37
9.607921965580337e-13
4.315016511485276e-22
2.4487019434813475e-23
4.720837212304142e-22
5.088182296274899e-36
6.779794049732164e-31
1.3248930267766515e-33
4.225247602730804e-25
1.0270912443040797e-16
7.47602184265944e-44
8.2388782286692265e-22
4.705895207834121e-42
4.414124651690563e-25
2.33354263228857e-16
4.8057894641543575e-11
1.3468640065450764e-26
4.23366262028832e-20
1.6283020738998854e-06
2.9834871038507976e-53
5.706648034946336e-36
9.510269955458938e-10
3.6742721248289586e-35
3.286009133780711e-26
9.751554489809154e-18
9.407631596402805e-20
1.3321559544014952e-59
4.165992890928019e-18
1.951165200190983e-34
1.288653826096906e-47
1.269872433731972e-17
1.9239604456364224e-37
3.1601530630907873e-42
1.4130025682995942e-25
4.339741648014673e-28
5.108460751474319e-21
8.358243241750097e-23
3.1426852127737894e-21
1.1102709648023498e-28
3.166488285684678e-39
8.023785781671489e-24
2.2791930634215825e-13
9.918112111369393e-54
2.7870798184748537e-22
9.206541318376701e-15
3.3211146576879004e-14
2.2647327175368578e-24
4.89194814217304e-30
1.281807483406542e-06
4.214386012881665e-23
1.722584038315561e-15
4.148069553906291e-110
1.9837275412376604e-35
4.859577976293155e-07
5.475099243073968e-20
4.028673949763341e-15
5.048907801420651e-40
1.7131073946171118e-15
6.260106329341786e-18
1.175471338297525e-49
6.653474118925247e-21
2.0869129808485077e-41
1.7771001416467417e-14
8.326140257490949e-33
1.3090908697486292e-13
2.4452048427045058e-24
7.25020804633491e-21
9.41525122131779e-24
3.2343138283688996e-16
1.822462991707508e-18
1.0001648009306009e-22
5.303267525056002e-48
3.3820528380283492e-12
5.0227526919481655e-46
1.961773029151731e-36
1.0201327765287342e-16
1.6222930914016515e-28
1.694717761055553e-25
1.0774134519991659e-15
3.0993696275163804e-51
7.856088917952463e-35
7.511886154125297e-18
1.6692321647360228e-127
1.0846773285274347e-42
3.29836483083263e-37
3.672303245324062e-15
2.2307036675966225e-28
1.622769703644421e-18
1.4471632485311695e-24
1.7095468062205247e-18
1.830037439887955e-21
4.131478211547627e-14
3.981622884682128e-23
2.7334482242848403e-17
4.033935737451199e-37
3.302515259077042e-78
1.536435813477636e-16
4.0988770138095465e-43
1.2038313029945992e-42
1.1484021470126522e-42
5.984005280115615e-22
3.41537612120516e-13
5.069902545326712e-23
8.152991742109378e-07
2.173554482496265e-29
2.2564636046941844e-13
3.6844665873655817e-16
1.307129962827845e-48
9.016430120597527e-51
8.224738698026232e-31
5.273179045844301e-16
1.0991520418492149e-45
7.306316775495261e-41
4.6542760085934207e-29
1.1214578739833961e-24
8.45738786410139e-24
3.075150420511936e-54
4.345509619554397e-24
1.7617401204937667e-49
1.5367810902143658e-29
8.187962746018175e-19
3.794600605944929e-61
1.0056289456419917e-20
1.0539899980040077e-17
2.444009102961655e-18
1.9915788402427567e-29
1.1029554020595303e-40
5.263823785084433e-13
1.688312567414697e-17
1.9865072870688123e-24
3.4867876523467945e-45
2.8365400277566292e-55
7.514378367831472e-16
1.926759849452953e-35
1.7923511438424876e-31
3.0597889732430695e-10
1.9498193985293083e-65
6.149240166603058e-19
4.4776927285700764e-21
2.4420785837358243e-41
3.0143007916949633e-22
5.053676866932458e-35
2.1953561080207845e-19
4.202927399064166e-36
2.8174068150739175e-18
6.075385246680213e-12
7.095249638620082e-12
2.6333704783241714e-71
2.4361960817913118e-26
9.384394164973096e-24
5.534691615356802e-35
9.485782282069226e-42
2.8975934532291744e-26
5.614484874360338e-22
2.64481366464715e-25
5.453571977868715e-78
3.8542352421466874e-41
6.060780301279279e-26
8.109703538836767e-17
4.9387426059409453e-26
6.668093812352308e-10
1.9219249278001323e-23
1.9042245987295046e-36
6.4163688430428e-10
2.204853157671726e-14
1.2465043685204044e-47
1.2146025505047404e-24
1.37365810850429e-52
1.653717010621072e-32
1.9396018027903635e-45
3.9748758393269614e-25
2.72843573498431e-23
4.532334314661057e-20
5.466033213478048e-22
4.2573252277405346e-37
1.352748907250469e-42
3.3550810685892016e-18
9.578341824784578e-39
5.9901537061159866e-40
5.813893711860723e-14
3.668802001669028e-39
5.2098435398636044e-20
1.0590866065310868e-23
3.667587897587542e-23
4.716175833385554e-32
1.8885455071192298e-13
5.6178386301655745e-18
3.020695501297211e-38
1.0194009133722241e-30
2.833850254149244e-15
4.100973401094249e-28
7.911641983033226e-33
1.7968552167300244e-13
3.442708445807969e-08
3.4568889842267547e-12
3.287052155098536e-31
1.5892320393593737e-39
5.353823244440234e-38
8.676310361092843e-21
3.0637725297566945e-29
1.8698304415881078e-08
2.117769418871561e-09
8.225239017116668e-20
8.148188565999048e-25
5.8174743895753954e-37
2.4770144983408043e-19
9.245791275131339e-29
6.269307100735125e-10
2.6830332883882387e-19
1.0344320875218978e-17
7.083908207215223e-09
8.961858162245808e-26
3.466141237794314e-32
2.454063036741717e-21
1.2613233032365517e-38
3.000428305326066e-117
9.435119342411496e-47
6.072010640236616e-19
4.3254200836486337e-07
6.570399614328112e-35
8.184764140838886e-16
8.248801262207848e-28
1.9237104408148264e-14
2.077156062981817e-39
5.239772463606881e-20
6.627029325318932e-44
1.5330797176567678e-66
2.2853599612171555e-23
1.639236642499318e-41
8.630452059014587e-15
7.622924534928668e-29
6.855412731262728e-32
6.812799729941556e-36
2.57466420659521e-71
9.232827992469882e-37
3.110409410220944e-49
8.730995676811671e-38
7.929786078690059e-17
1.3115766379432917e-30
1.3364765101191634e-32
4.5972071977851694e-11
1.0254926949546066e-35
4.1850487903587583e-38
1.0540943735273093e-42
1.641245513064459e-07
1.3368954942784594e-21
2.679067161058028e-13
1.244056749613707e-37
1.1866710619269487e-20
2.2088019159696133e-09
9.813268036064947e-31
1.2287279672061688e-15
1.858351976707418e-29
3.341079947061183e-48
8.035246443158328e-25
1.667195690101966e-19
2.1355971142644436e-41
2.8060431606072883e-18
1.3743889879461308e-22
5.269427042898905e-18
2.763636678664181e-22
1.79961352628504e-09
1.0726290102517046e-12
2.2834566683469696e-53
3.0562742703989515e-39
8.86825551607931e-23
1.0573117573896865e-44
1.3945942649088906e-15
1.3927952156822888e-20
2.8302713046519566e-31
1.395628058379244e-17
5.1028605377555635e-12
5.514903632394274e-40
2.9473258110926e-20
1.312431504901852e-18
1.892229993041695e-32
7.510858072380558e-17
9.136197983739187e-58
5.110329391105476e-35
1.0665203163559227e-28
5.1313353933287365e-23
2.1694807732917825e-21
1.542762933559693e-15
4.195010313176196e-57
2.304405796069241e-68
4.506308436286001e-33
3.4144648192194374e-10
6.444202851139554e-10
9.705177428532589e-32
1.3114864470858146e-19
3.610853226128287e-27
1.7626637615344205e-34
2.523269904229295e-26
3.273345056353291e-10
6.84901587359282e-28
3.2391232226415645e-15
1.106416953819193e-49
7.390266782981618e-69
1.9776863381065503e-18
3.955125957098366e-22
1.7722192976487845e-19
2.752488954870711e-29
3.697203465530078e-33
1.715461947004894e-11
1.825936495547525e-28
5.093196759446406e-85
1.622737623013978e-33
9.819160408242753e-38
8.66317742765109e-21
4.0071161741190627e-32
1.4402742940204187e-78
1.1412873554665015e-38
6.202409781256806e-37
1.2937398932370983e-13
5.2845147614850524e-39
1.2326321145738412e-49
4.825258567851328e-16
3.3958484706154806e-40
1.1590072008853942e-17
7.611321183309617e-16
8.003939721289574e-22
9.226254000006656e-25
8.258581195509859e-11
4.368082722585321e-38
5.906354222049864e-43
2.1104965641900872e-23
1.1327774814158562e-34
3.9310857146434674e-14
2.3060745943151206e-18
2.4775971762915743e-15
1.916057465856101e-27
1.0727162615197e-16
9.049981995377118e-19
7.856272009365294e-22
3.3023068875757397e-15
3.2216258017660646e-19
2.6969204859886617e-10
6.587897779919009e-37
1.0163061837212505e-39
9.511166573495573e-26
1.0636191024055884e-11
4.84346557149132e-34
1.5458134849685396e-29
8.255255137258358e-30
4.4469556670197434e-27
1.4132248654325204e-22
6.830531191995467e-44
3.4492724967051296e-68
4.345873260657335e-20
5.6991299169888814e-33
1.7219213094383415e-33
9.514336326295476e-09
1.682695249230918e-07
4.037659793828575e-32
1.6170681796920307e-17
5.445418124219884e-25
8.587734730599169e-42
9.025448405591454e-74
8.824668853593943e-57
7.5928506033185e-27
5.736398785797069e-06
1.1202711091234388e-70
4.199163199654961e-29
4.153702534120359e-37
1.0304642198845404e-30
2.003079556376895e-34
1.1960401947844024e-25
6.060229524804519e-26
8.5517202648919175e-47
4.4189579107359296e-52
2.8634251335931833e-32
1.1856768672933546e-22
1.788108859365071e-37
1.789424038735583e-24
5.551963500580236e-17
3.403642659882053e-79
4.277843330318319e-26
5.789146939408987e-22
3.4373486025751177e-34
1.6595391533980906e-36
2.0402042965950594e-26
1.1515532688133035e-19
4.060182684913023e-16
1.7786301134582176e-37
3.1047005215734246e-30
1.3285310952208914e-43
2.72118492985108e-16
5.371774231937777e-17
3.673966773604118e-42
5.578493841292463e-45
3.663375042594708e-18
1.6452624971842893e-09
1.2401416891119883e-40
7.625763311296707e-31
2.8896100184772457e-21
1.8690562844890651e-50
3.4582720234001457e-41
2.4595927542360404e-53
1.2702707109997097e-17
7.844222201570498e-64
3.920819843569845e-45
6.891832295423654e-10
2.1206618068814797e-12
6.965860134770285e-82
3.8586312779128144e-35
1.0709424052720576e-15
5.18210300342199e-18
2.4840936780048403e-18
2.5438309137581376e-34
3.9170420802224923e-23
3.4974350496243593e-42
3.2518105072458537e-44
4.202426096537596e-43
1.3673403586739149e-34
5.863429713016261e-28
1.1889136579015516e-34
6.108680365195236e-21
2.5203983164145677e-20
5.0686309986769986e-05
3.5682002170656737e-19
1.6669531743592692e-37
2.0292165596285163e-22
8.865853450432956e-38
1.9627475126820687e-16
6.469547340977156e-46
4.185521445741405e-35
8.437127784883934e-14
1.2385413273230994e-44
3.5164522846363184e-32
9.914977484827554e-30
6.607781533386998e-27
2.3303740671672435e-36
4.004663688822787e-37
5.1805123916794004e-27
1.152501297727469e-24
2.430204390240091e-42
2.937861847271251e-35
5.669657124163747e-31
3.7830809357345354e-41
1.1806017658110778e-21
3.679695495968796e-25
5.526360666924242e-32
1.7488769662418635e-30
4.587439547982842e-22
1.8665875659672448e-25
2.575324959230203e-48
2.4169420582097036e-36
1.2486971822527199e-33
5.9772412627677906e-55
1.506438202401183e-17
6.293742803324966e-20
7.668671023620371e-24
7.60705443420612e-25
1.84882779326967e-23
6.81486698342775e-30
3.08575140586075e-10
5.683118686641536e-30
9.115775640495797e-49
5.198651771534742e-31
9.420014603406133e-26
2.4485709448473747e-99
1.3507097833483447e-18
3.529261027973822e-35
7.058039666006124e-10
4.606255550473762e-49
5.15736059073375e-13
2.1518201404156932e-14
7.171579059187741e-19
4.072432763358689e-66
4.024187919042613e-84
8.976623432600464e-32
1.3313655062206993e-16
1.708777224250527e-36
3.090934806761478e-07
7.365058966348925e-18
2.0962158078323705e-38
4.36547217531574e-47
8.541548161034905e-15
2.5276292031529766e-15
3.1215423912887015e-31
3.4947876152174034e-60
1.406555736147871e-23
4.237892653445764e-58
1.2323994624578693e-15
2.1556745253210012e-10
7.732261765257493e-27
1.3357709731338145e-14
3.1592488341590967e-40
2.0598924157068395e-19
2.0886668019811096e-26
1.8638045826743292e-60
3.621224270628817e-32
2.244184684346339e-15
1.2381100899040976e-20
6.013183664121155e-23
7.376567534502458e-40
3.712860547148934e-22
8.994158246617585e-50
6.954003695799125e-34
3.6948245395645644e-53
1.017604381173085e-20
1.382093733091039e-31
4.894802428907853e-23
4.209487120332869e-14
5.730410692703655e-43
3.3206854449528222e-21
1.1480141519330889e-40
4.414724441144364e-37
1.7441735397086298e-42
3.350027738178131e-29
2.369197049172812e-10
8.682364415540429e-35
3.6128256463479704e-07
2.281275218693134e-12
1.904902599582651e-94
1.844357937107677e-33
2.3504920149067886e-47
1.7261397367860803e-38
3.7809438667472367e-31
6.665881483404171e-25
3.5453779585118146e-31
3.9374907252864896e-42
2.2897535007287314e-24
9.179483432287394e-42
5.485390052934415e-21
2.387801435732998e-23
6.4709059833316236e-46
2.5772843064062767e-19
4.218119518360872e-35
3.9018067700186615e-51
2.6895488156984508e-40
4.516491140331412e-33
1.008355187866165e-43
3.3390869938777004e-42
1.7945045191879726e-31
1.2233785661104989e-20
1.5145411322522994e-77
4.300447258264821e-21
3.081349950598469e-32
1.728669995253242e-18
1.7750430215255345e-25
2.078643179549278e-43
1.348883156546129e-36
1.4345620532768016e-31
3.121161164958299e-35
7.707176482768117e-83
2.087031487675335e-36
1.853509789349549e-31
1.9183209708616867e-16
2.889961370174997e-14
4.078068566917105e-19
1.5435233933629854e-33
1.4243237180569872e-35
2.7558869801296007e-08
5.993972262987183e-26
3.304809694408121e-19
8.606818535755557e-26
1.7348995991397453e-11
1.8013578024560508e-59
2.3872186125900755e-26
4.506118749149413e-16
1.145003167360801e-29
1.5895852985567952e-12
1.484768073505636e-18
4.0480067055444016e-21
8.226292544853884e-17
1.4148992378387157e-13
4.599817608226511e-17
1.6578383704377698e-35
3.2580498528652516e-29
3.711500460143616e-24
2.771108032505262e-23
4.061641393366987e-11
4.405254878536156e-53
1.1163563762355346e-30
1.4427449795866827e-22
1.1236808198783986e-25
6.10423616150911e-14
1.4409359075722503e-35
4.305477919606651e-30
2.851887830240493e-32
2.946653925072657e-17
3.952947891301263e-12
2.270670473773492e-26
8.92973161340043e-33
2.0699523044955473e-13
1.7880921127516102e-37
7.981555344708297e-40
1.3388623898032903e-22
8.846378469455413e-111
2.2853575463211412e-39
9.139582334485082e-21
1.8325386085414508e-26
2.2340011117543286e-14
1.0155023731905782e-49
2.251145934350724e-16
9.31477917488613e-33
4.207904511136467e-34
2.993073182974117e-23
8.014139750876588e-14
4.372247986267979e-10
1.1177466953448786e-14
3.1494148578440225e-11
9.635374757858809e-13
6.1147760715656784e-49
4.474741770691792e-19
1.2731673796086243e-20
1.4095616255950736e-41
3.424033400639867e-28
8.517980120911124e-41
1.3434338982831504e-27
5.941272947542076e-22
1.4495129570692052e-38
1.6553935953850522e-17
1.8294848053700504e-64
1.5151237580654365e-14
8.70757349264662e-22
5.459168388398505e-21
1.0446306897276023e-23
3.1741565212799384e-23
1.8712285433024534e-24
1.0155094568429066e-50
4.128298106179794e-39
1.8910775905725586e-28
4.11973537121438e-21
2.0137908074945417e-21
2.247476412977407e-25
1.5916825207056747e-16
4.6099385302275417e-07
1.9709878823602865e-20
2.763289748840673e-28
5.827432338802567e-10
1.7333541023638463e-09
7.484726538084856e-14
3.35351748151355e-44
5.3919379554670855e-15
4.688605507549279e-33
2.628493081748249e-32
5.401044897313499e-37
1.2973445264605308e-25
2.5510553070040322e-17
6.7469083812343205e-15
6.58635554070022e-19
2.9933067780780777e-50
1.4982682988502372e-26
8.562598837034329e-13
4.474398042187183e-60
1.4979984365403845e-37
1.2652364704057148e-15
2.4658007276129245e-15
2.0659915070607722e-29
6.41254092625635e-56
8.322817002492569e-18
1.1276815247445032e-33
5.556388041982787e-57
1.0933160102907253e-34
1.4715815613571492e-19
6.553240081553715e-46
2.4277012539937415e-42
5.842700909526596e-31
2.3120372619795e-33
8.702930899180235e-41
2.553991105199075e-24
1.806420070849754e-18
6.3598913531552315e-22
6.342404556527685e-18
1.2850609980024074e-22
9.653473832742975e-28
1.9403375346368534e-39
3.3948694331456816e-38
5.65076765019172e-21
3.0980682514306722e-24
2.5124369941511538e-30
2.3299458697717685e-18
9.065537253652974e-30
5.276209961792374e-19
2.606174719385592e-07
1.5154699672227897e-100
1.1373757802231122e-09
1.628236302623564e-35
2.943993362649675e-34
3.224002445614976e-32
2.087412392842929e-74
1.1293723886572146e-12
2.174003778451574e-17
6.986828490923813e-30
2.2605048412937173e-61
3.1238859060609583e-28
7.124053986769476e-25
1.1514647552069125e-35
8.444109166304391e-39
1.7572660034290565e-64
4.877956618110613e-15
5.102174097013187e-18
1.0991103219909447e-23
6.489855155882945e-34
4.329854543103024e-59
1.3794822107156205e-33
1.0641008796105298e-17
1.4307700707268834e-37
7.562432081713243e-29
2.8232090465099313e-19
1.0423696619308731e-41
1.2449455522519781e-11
1.0025898255628133e-11
5.686129736395342e-40
1.5840098671334235e-17
5.728525772332579e-29
1.627665755560341e-05
3.0867544020874398e-40
5.946885216809011e-18
1.0164780258529475e-23
6.743240824798475e-28
1.7506556185432854e-40
2.6660895081979838e-21
3.362068084555128e-18
7.604752649147149e-08
4.2522420193606925e-31
6.046287194111904e-38
2.5343288971459355e-35
4.630800547944273e-24
6.135197144261258e-22
1.9805458978984466e-28
7.066675637572959e-16
2.3178919691035405e-50
2.0454252037134615e-23
2.6680818746895457e-47
2.239459563596943e-73
2.6722458905736776e-40
1.4733883675260034e-38
4.190781202587701e-82
2.639861578018981e-47
1.3749600630797337e-14
1.1701787031167543e-30
2.0926731522284317e-19
7.486609885713341e-16
1.814265778008545e-24
2.306006044768346e-49
5.1553389238491885e-28
3.9893169926272344e-10
9.303312907651697e-37
8.312124510944108e-17
9.292635653037768e-28
1.7224664129619682e-15
7.708959882234496e-11
2.81213076056743e-60
6.243619572996363e-35
1.8820255167941918e-33
6.344374429019997e-93
4.942673907795114e-19
6.906665094268803e-38
8.905232579976217e-25
7.338073741686912e-48
2.9565278008916726e-36
9.921157923813282e-48
1.3357575189871292e-21
4.576143297236549e-31
3.580958957483274e-56
5.388727007944225e-41
9.237549652394914e-16
1.8944607318168952e-35
3.080815214238178e-35
2.4020942225223898e-09
5.450694493350968e-53
6.500359746723816e-36
2.32950861107693e-22
1.4320915135649085e-35
7.393897044810055e-16
2.0789015931120667e-26
4.358723785775642e-12
4.626033630507581e-48
1.0678061803291787e-14
5.164156186703889e-18
2.1283487675864394e-19
7.763328854051562e-34
1.2212032977990879e-56
1.1406197642038142e-14
8.916622834599693e-47
4.7198999943552175e-24
1.5573101776647747e-16
2.2686428725629862e-23
3.6943543842473654e-53
5.881881190056069e-10
4.944249088524025e-18
8.607230002013087e-23
4.183121014264566e-69
3.4718543302594447e-25
4.912730991001058e-56
1.722084042491304e-52
4.402785303808802e-32
2.392691067509814e-24
2.801574434781681e-28
5.647407406932208e-41
1.6103993586619066e-21
1.4794183628311982e-30
1.3160612154640648e-17
6.250360362321357e-23
4.6111573245691863e-23
1.7504541683706619e-16
6.520615851892519e-24
1.1227722778668553e-12
7.102922856610949e-11
7.898070663371074e-17
