4.788877007151863e-27
2.1178079629063071e-19
6.507219869486413e-20
7.595870020413508e-25
2.460832155323695e-14
3.981028631157015e-12
2.200231965230042e-13
1.0565389927693674e-31
1.4270401060937702e-19
7.985184310706528e-11
3.0458243479655675e-07
3.127649035457093e-14
1.7599871821446212e-21
1.5132931011323927e-19
8.05773238568177e-09
5.395456538951609e-15
1.7628314177141112e-13
1.975466659101857e-22
8.931556190491486e-12
2.5438927975162645e-09
3.2160772530621692e-06
6.329423587442268e-25
2.1486033370333587e-26
9.471516599016062e-13
3.072988495828167e-25
1.4411115928836404e-26
3.7877545688642794e-23
1.222596155584355e-22
8.055117555153004e-22
8.576689619783153e-23
6.261925642421481e-20
4.889885970188199e-35
1.1428508064013667e-11
2.695843218191813e-36
5.359278300001348e-10
2.6063367237270776e-16
7.491283665491117e-26
1.0290034172947585e-08
2.7784759878932188e-27
3.406741664818694e-23
6.591974137630012e-26
1.2570353535866407e-40
5.382165803834427e-37
3.016710239220828e-13
5.48480938415167e-11
2.189659297940378e-27
1.1039005294467963e-26
1.605406569981912e-19
5.575736901918429e-17
3.370738153649528e-30
1.0838964892635376e-12
4.535935936975835e-12
3.466976559533652e-27
1.2530777123267003e-10
1.7658124180139356e-06
4.6100902144929414e-08
2.262709585648532e-24
3.620592952343024e-25
5.807559021297128e-22
8.717747073352461e-15
4.0182998820773134e-19
1.3122947219794714e-05
4.772184580889128e-17
9.51966933972334e-18
4.9167145741285945e-12
1.2290408025061141e-11
4.902559528499493e-24
6.478489861582996e-22
5.714034836107814e-07
1.106739611048976e-11
1.7769564091254835e-09
4.892158159040431e-13
1.9245617917514955e-10
2.5018553195572748e-08
8.909921095270627e-20
1.7560374502839185e-23
2.0905524322689623e-15
1.4058848179625298e-25
3.085099991725286e-25
1.646299907301128e-23
2.1586054704968357e-12
3.0140114547586075e-24
6.880645408794037e-12
5.736707052217551e-22
6.549670970489203e-22
9.932794541512212e-11
1.0059988917035388e-18
1.8712721725225845e-11
5.730670329402707e-10
7.488813142084544e-13
1.837327507259033e-28
1.115927501556957e-17
1.3948864474356667e-24
2.1313764788355304e-11
1.0324144052220087e-25
9.546324674340939e-51
1.2845911448884054e-18
7.851727249453172e-12
3.348207446475038e-20
4.432884848853371e-11
7.682928795041259e-16
1.0033585026064832e-23
5.81653215061581e-20
1.1400847035172073e-12
2.405752035925195e-08
1.5877452527087026e-21
8.64536381543452e-24
8.295162592347044e-26
1.2402004001410228e-20
2.908917085459891e-08
8.275703073717825e-19
3.247044431310314e-20
7.444373782951438e-28
6.527720983454765e-23
3.5906999712947613e-13
3.3748017491853857e-12
2.0364974985884096e-28
2.292105544516324e-14
1.057850575464799e-08
9.498170108237423e-24
1.977847567116476e-27
5.6362092138980823e-08
4.9330834931274305e-22
2.928292725891746e-25
1.9097443652562372e-17
2.1980359523444277e-19
2.9166335750120866e-11
3.13442995856423e-15
9.00692346190609e-26
6.564189431129044e-25
1.6877860108359105e-28
1.5168071074775088e-32
1.1530389726646384e-07
8.93206130973509e-18
1.9274634300417814e-22
3.653563386649316e-15
4.8213252416064705e-08
8.909101399393415e-21
2.6304032358675136e-20
2.3508598261226535e-19
5.914786742183094e-19
2.761954857175285e-08
6.610253231976171e-39
5.1749994824185075e-09
7.086271357643886e-16
1.6567941847591875e-15
3.370720097855637e-25
1.4866744698004638e-17
2.6561535907201957e-14
2.4030315725408933e-34
9.839974862911968e-16
1.4106663966796883e-20
2.5735101152579357e-29
1.8654497772283662e-06
1.621589843035559e-26
1.801730347214871e-16
4.245302393876321e-08
1.3753871855268165e-22
6.235270673685812e-33
1.3402242418457682e-06
2.5165088647875406e-08
1.17606882721088e-23
1.7205248218362486e-22
5.911866382894176e-09
1.3737529247722421e-25
8.197359849032357e-05
3.747020959168611e-09
3.4465590770497147e-10
1.4807483192941354e-25
3.5404721942179585e-11
8.865522938675344e-08
5.3918989252941385e-05
1.718055634015047e-06
1.8339768009010155e-30
1.3952023737919138e-10
1.5279612854656379e-13
4.969702978340793e-26
2.021226667363e-12
3.1562048665368573e-09
1.0306618165707343e-20
4.299448203650397e-14
2.8413338882856707e-10
1.5791144839190444e-19
2.148959887876856e-24
4.0573233796313025e-08
5.546795610232617e-12
2.8780264865832674e-10
5.116245887839742e-10
1.3230975705758086e-24
1.145936092011629e-08
5.856713696818864e-16
1.6159960759051899e-19
5.162824332980474e-09
4.405147130999315e-13
1.4384183756114226e-23
1.2144122744002051e-30
2.027962562534625e-09
2.0379134703365182e-25
2.4600872562575086e-23
2.1038378050224772e-24
4.458294032766744e-05
5.451277060517813e-15
1.348418401578685e-26
1.0743426782667517e-21
2.1278078614429163e-18
2.560040498968725e-11
1.0813774506788351e-09
6.783099661858556e-22
4.8498905793707985e-14
1.6743663502346513e-12
4.854571234663094e-23
5.8777175133545935e-09
5.554766057896724e-07
1.6739347141857249e-16
1.2588644459866415e-30
5.241265232638684e-16
3.653502669043843e-24
8.25729461442646e-15
3.430097533743452e-45
1.3333221771033225e-23
2.486885835478933e-27
5.078967604968938e-19
9.151335352350542e-16
5.5182628906587014e-24
6.826306553638644e-26
2.0760792361576926e-24
4.2269818115348473e-22
2.846172728860236e-19
1.664052512110949e-27
4.857742478137193e-25
1.7787596488573394e-21
1.6729496600987465e-26
3.6600374660978284e-06
4.835685916094577e-21
1.0884952485990329e-17
4.460211803357825e-22
1.1373465853012763e-14
4.1613641777221736e-17
4.827713892762178e-15
1.267258690196598e-21
2.5438073316020246e-13
1.7839448330623061e-06
7.5480764783357e-23
1.8962141291412453e-07
1.664652808529195e-28
1.3087859905370812e-15
4.2729244413854856e-18
5.339651193778212e-29
1.1690827369277145e-22
1.1321233777053507e-12
7.722526366313836e-07
9.791354041245238e-15
1.4190964357967186e-11
4.9631523200146824e-26
1.3366279789354094e-31
1.3141048354291093e-16
1.3809111490885836e-20
3.40859194773317e-24
2.766152739002144e-20
6.884059650136389e-18
3.0691162513952996e-08
5.6007530493536724e-30
6.230372815051181e-06
2.32874129986222e-20
5.8497609261502844e-08
6.1261538520237025e-12
4.496266941510118e-17
2.4463123460366968e-09
3.859626382168628e-10
3.182858931068272e-10
3.814831593345921e-21
1.0008129672337946e-13
2.3723625876815267e-28
5.8435381158243005e-31
8.188134527710407e-10
1.3364243775994857e-20
9.793613031620007e-19
6.891253029480004e-29
5.711917141676475e-12
5.953499399403802e-20
3.7413899575088524e-11
3.304205958028573e-27
1.1333889988767692e-16
1.5364280926582596e-25
2.5517575789608707e-14
2.037871518658167e-17
3.70773467551831e-18
6.2648829116602944e-30
1.3332122794660385e-14
7.139913318578102e-24
1.7666895428839426e-11
8.018711631624287e-27
2.3706400703360467e-07
6.512577776134325e-13
1.1022076320289895e-14
0.00019403876292897504
4.112739656601785e-09
9.853446475131148e-09
2.449077738576848e-15
6.574179586040323e-26
1.5475104121280378e-17
8.039651565235029e-08
4.635438169205852e-16
2.0164605136411286e-17
8.841074725534903e-11
2.24364030613602e-10
4.629373874765635e-24
3.007846929302952e-30
1.808977063418309e-27
6.507875447875779e-31
5.72633266330558e-29
8.581761569537228e-27
5.801453431923424e-23
8.103923508978688e-11
4.563901092303472e-29
1.0113861028858137e-13
1.4390670819607024e-16
1.8676990583510127e-06
0.19264672696590424
3.4339223600392556e-20
8.370739831124592e-09
2.2480584428523405e-11
1.736528174193737e-08
1.5404154670703065e-06
2.8711751159498306e-10
2.456325466042928e-14
3.362560036698596e-05
2.517410011207355e-10
1.1861347276219111e-20
1.1086286193456058e-25
3.6791443533940865e-22
9.2105100994451e-20
2.3367577724130795e-08
8.95243248573825e-19
5.986916703118824e-22
9.954748156756398e-17
2.4598933731741065e-15
1.7290756684889053e-19
2.700582300141058e-24
1.4120301121174327e-12
0.00034855594270713497
5.528546648446677e-11
7.426891487993603e-13
8.807144259321115e-23
1.932904278257976e-22
2.932407147590244e-06
1.5315266668888348e-05
1.4535874774282396e-23
1.1358083656574988e-14
2.9745835477474316e-23
1.0845766173143007e-10
5.623107644576015e-15
1.5090371557127087e-22
1.9757052286462535e-14
1.4496721914412512e-14
3.785334918600196e-16
8.70502612993077e-13
2.333842481241461e-35
2.832115518472049e-19
1.387840324775875e-11
1.8818320189066698e-07
3.288285805336837e-05
8.478518826723015e-25
1.1531079742697727e-09
2.3234666969720238e-26
1.191427396626151e-24
3.741355178848869e-08
8.058138603947257e-29
9.153180734111238e-18
7.243159289346344e-11
3.8210828638580748e-25
1.7453307784153802e-09
1.0539149521336774e-10
1.4865434682553606e-24
2.0333649650307846e-19
5.46850161531245e-23
1.044512649699894e-23
2.811588446094909e-21
5.692909606260696e-13
3.911337160402026e-12
2.863872863141818e-27
2.527987148111964e-18
1.3216418078992235e-27
5.7029677199452606e-06
3.732586073442074e-11
2.2714642484889672e-20
4.221682803921189e-16
2.500183906211977e-19
1.0107791737577144e-20
5.688532591379764e-12
1.1443581341889173e-26
5.344090588752152e-05
2.645370372897657e-22
2.8709581629376615e-24
3.348742964441843e-13
2.7739515302833607e-22
1.2525086688398861e-10
0.13159584999084473
1.5516125872950572e-11
7.413908787597722e-14
4.207552823699318e-24
2.1314324428828667e-11
5.66399014600493e-13
5.930579948685748e-14
1.3454836337353544e-10
2.2963348883788322e-20
3.6918563420592756e-13
5.868090897786638e-12
3.188623644222734e-16
2.19927769016281e-10
7.248780127269541e-19
6.090987581934201e-15
1.868375270476756e-19
1.4501471178685508e-09
2.864730380653151e-33
9.40338546328363e-24
5.37152965444345e-26
3.971866736790535e-12
6.4484592737150585e-27
8.686296959583113e-37
1.5004784911334888e-24
8.497153669298103e-25
3.566557058438246e-27
2.3816493205473486e-12
1.5981378738178176e-28
1.8506943214335785e-23
3.0474009629404434e-28
7.48275624403269e-28
7.315527545379061e-17
6.844141725475206e-23
4.283412390955549e-23
6.238367853513571e-15
2.5102862011861242e-26
1.5931218097273168e-22
7.125316051017203e-12
5.163556330049326e-26
1.6023879631384622e-25
1.8738671231377028e-26
1.865820974570783e-23
1.019984485714872e-21
2.5457592630937488e-27
3.631185780338081e-15
9.466898732482276e-11
5.695750308604753e-28
7.870654567696282e-16
1.0536560277522461e-07
1.5832291279720667e-21
5.09023254110315e-11
2.1721493405483834e-16
5.964741092549475e-14
5.038736087533834e-15
1.6218335184973733e-26
3.844900854388795e-12
5.3369129598781074e-14
1.6482346102136045e-20
2.967406798265584e-26
1.676355677862521e-11
9.101046836031044e-06
2.564230037455075e-15
1.558941105677555e-17
5.56018130940352e-23
3.7689619861414446e-16
4.144564181753827e-11
2.1410199191695485e-09
2.433040126940871e-08
1.1222340941398627e-23
1.4108325231409305e-28
4.2046940803838163e-29
4.393630975794429e-07
1.2921766560959415e-22
1.6270842101565339e-16
1.0696159136969378e-07
1.4646816161875141e-09
5.885646053020943e-26
5.911412505945474e-11
4.962766571699094e-16
1.087816030705207e-25
1.407921842196461e-24
3.061378093128094e-15
1.0541041917434825e-18
9.401486326211124e-25
6.355061917023962e-09
4.175996901829107e-23
1.1239522666919857e-12
5.1414922149142655e-26
3.612038596221927e-16
1.0434805441856213e-19
6.592994839983807e-09
6.977453520010602e-26
3.978969213462978e-10
9.018530409244615e-25
3.6150926611585224e-07
5.155677040649311e-10
9.055158320000543e-23
1.5903562191185011e-21
1.1365485134608713e-14
1.6181726571023727e-22
2.1452635986050277e-20
1.3582793753792095e-21
1.472693785330311e-16
8.077189638103085e-11
1.6550879699794118e-19
1.835510019757268e-22
1.0274214706903122e-10
1.714281158272648e-22
2.55950644047291e-10
2.406266308160537e-21
4.762991467818904e-22
8.86583348788704e-14
1.6026472340633346e-15
2.743113286530233e-10
2.413627221226548e-19
8.490285550491353e-09
2.075802699348017e-21
2.6325229150898564e-10
2.255305575955675e-16
5.863480541303117e-26
2.2902754600108527e-09
9.728671908349544e-22
2.5248134376915786e-24
1.0175470328846537e-36
1.5779276556478992e-20
5.338638533444398e-19
1.2421071881279216e-22
1.6008155140826368e-24
1.1328244645294043e-16
1.3001520069199376e-07
2.52056815432528e-13
9.64688271486203e-13
1.4335588499624205e-13
1.4392361640499e-36
8.108754123301308e-26
1.2223371025585862e-07
1.9848987995704682e-14
9.016786846425495e-12
4.568964074662377e-05
1.84063028156741e-10
4.1018562899753056e-33
6.75338038353979e-10
3.3909900111826707e-12
0.11772657185792923
7.23568211925667e-10
2.4691453448503988e-15
2.291298086672199e-14
1.4747172676997719e-21
3.1811415547258584e-20
1.2246747915762984e-18
8.077502793185398e-14
4.4175489416419606e-40
8.910762953444062e-10
8.942218387280949e-14
7.59229440506133e-19
2.364053460256867e-25
4.748664997770548e-26
6.699321097159458e-13
2.988281754622458e-10
4.324248379987783e-09
2.3904276353208118e-24
7.812223391845447e-16
2.0226947111808554e-15
1.1709627736192221e-24
5.7886761534018e-17
1.0042637646356431e-20
1.3468104216842945e-17
7.443280454524172e-32
2.4985281123138684e-30
1.501589932451017e-17
3.3430606569532423e-23
3.780653328276536e-23
7.248071418365555e-17
1.684917798088132e-08
2.5985238766021448e-14
2.9507868114581324e-11
3.983496813598356e-11
3.413230166272196e-14
6.410461864307551e-11
1.9114240327918108e-10
1.8112381787833066e-13
8.746918866022757e-10
1.1625146913318196e-06
9.599256815821711e-08
8.288126840092711e-15
9.522294985154435e-09
1.1861654918132645e-24
2.989310641935713e-17
9.68777545619887e-18
7.680947953968959e-28
7.396403838698175e-21
2.9521703539999363e-28
8.530295248223279e-26
6.03176633179644e-23
8.651425210626749e-26
8.190552781284369e-21
2.2954240810452857e-09
7.360184359862511e-19
1.494666386998053e-17
1.2375372571536763e-15
1.7255639567096072e-25
4.203780892543428e-25
1.9945054962337758e-30
4.734107833819401e-19
2.0070303358937682e-20
2.634802662249432e-26
3.2420839751712264e-25
7.017738118841588e-117
4.654492841350794e-21
0.00014167171884565862
4.786520632774221e-09
6.157246586400082e-26
1.9970373825832504e-07
3.9284456260215296e-14
1.9617267383634098e-19
8.39043845863981e-28
1.80761206663305e-20
3.4488943300766885e-16
6.326357464403679e-18
3.164434829447407e-28
2.2459584607565293e-27
6.938845397419042e-11
1.558122968012298e-26
2.370648832727682e-19
6.414880094786759e-20
4.224498436932329e-07
4.5747655370846096e-24
2.2403438196434337e-23
4.23790588263683e-09
4.8498360451039326e-20
2.4638309820503313e-09
7.1246611361758946e-12
8.79029054715836e-23
2.0811639633003514e-35
3.9207604487537755e-14
1.5694024308968193e-20
3.6514242636123575e-19
1.3857994152924282e-11
4.575339719722424e-22
1.8788465329285167e-24
1.7126882197814538e-25
1.9638406757609152e-08
8.237590094683907e-08
6.944474855305251e-16
2.7566037973504542e-18
1.1507761790901056e-34
1.4514789725565266e-26
2.9995987757837663e-08
9.437989787878053e-22
3.2174869091139275e-26
1.3898047101279512e-09
5.518443035754796e-21
2.36216847283005e-14
1.1694364382249872e-57
1.2251089390367437e-14
3.646879425726426e-18
7.83172009599331e-18
1.8964268246154647e-25
8.564154629602575e-26
2.7447011714159297e-14
6.629922225449011e-08
6.055600162786394e-15
4.1334771789884256e-13
3.975866580865162e-17
7.167003791904886e-10
1.221196752275749e-12
5.229832391660929e-21
6.517872456615845e-12
1.917740737820622e-15
5.562661785893949e-36
4.853591258158663e-19
3.4869920471389663e-09
9.96485335919623e-09
7.314114922963202e-16
1.0305772113912429e-05
9.051367351229301e-30
4.42888975573422e-23
5.016428855716834e-22
5.5120474522520354e-12
8.222176592566662e-26
1.0683938486295999e-30
1.4999829831391018e-17
5.626560047195487e-24
3.3107245537974437e-17
1.773180554890216e-10
7.092682949185132e-13
8.040897650214981e-28
3.886718649138735e-11
1.8754846613823913e-13
1.3816188019666926e-25
1.903096613316966e-28
8.641582498666527e-22
9.205019178013191e-26
1.4880146303212696e-22
1.1599961197487626e-19
1.4890140703652936e-11
2.2202885561428626e-24
9.997825857491564e-05
7.022656429220581e-18
1.291425891548791e-12
3.436832732445513e-23
1.3977460815400197e-22
1.4348184392951315e-26
3.7979403695981167e-14
1.0959999530440225e-38
5.109181658638896e-26
1.771363278089657e-11
1.059474837299957e-19
1.7540848764306157e-14
2.767132344703472e-11
1.0128727532356506e-21
1.0539124004182298e-14
3.302375232786176e-13
7.179895241174308e-26
6.383054446526752e-25
9.504955749669493e-23
7.146973088672442e-28
9.1617705674727e-09
1.6325861796460369e-24
3.809335067332639e-15
5.114093339163119e-20
3.209062630369748e-14
3.7654522740563064e-16
4.3343936640604086e-13
9.052559896941666e-10
1.0546874864847886e-11
1.014848392969026e-21
3.018532308148756e-13
1.0358010350117299e-09
1.7113240754737493e-13
4.011215012158851e-14
3.405962629192916e-19
2.3204534308681053e-09
5.211204097517259e-11
9.494961675544012e-21
1.4592874309188788e-24
1.625233714366179e-09
4.1642600384379665e-26
4.1356050765414884e-14
0.03298048675060272
9.045554551554041e-35
2.0906382330197273e-16
1.1531947151047605e-08
5.064404958816327e-09
9.4842409575076e-37
2.5958848522779922e-11
2.4303047928621812e-36
3.259840773853294e-06
8.353253015730179e-20
1.105391647175033e-12
2.817960766847192e-12
1.0390393393520715e-13
1.0415536681820464e-14
7.168734816045672e-22
2.7379981114654895e-18
1.5692248316191237e-34
4.6863026404369956e-24
4.094125310246576e-12
5.8321746016598415e-06
2.981427058599032e-08
2.261150441728751e-19
3.0682621293133657e-09
4.665214573595999e-18
7.884279238310502e-21
1.0440287438891029e-07
2.6945348934354077e-25
4.305037563053865e-30
3.094444031604802e-35
2.7298344604601716e-16
1.0236353813843102e-20
7.683306179410205e-15
5.608028977318708e-14
6.189255284570638e-28
2.582301856868394e-14
6.093615344436604e-14
1.084068620130493e-15
1.146759001233914e-24
2.7382587609766466e-21
8.50419701134751e-12
1.574861341156206e-23
2.24364030613602e-10
9.891185168075058e-30
5.370123329886393e-22
1.2788167105299378e-37
1.4164654215453506e-17
1.1803656434487337e-16
1.589691129485485e-26
8.252191869753298e-21
4.770100605691038e-06
1.906513733814861e-06
3.316766594030485e-15
7.896156635408858e-32
2.2341624056107898e-20
1.0297294955855524e-08
1.2905928451488797e-25
1.2262360971357978e-26
2.962620581024914e-20
4.911087023001377e-21
3.434713334283682e-18
1.1629652841764968e-13
9.68216384495804e-22
3.320518253101314e-17
9.122103142772025e-27
1.2391978271735119e-18
1.0558275275341228e-19
2.809646359404063e-08
7.438262773234248e-08
9.005948923339552e-25
2.4140940526682685e-23
1.6366608964318477e-09
2.048836432234781e-10
1.0347009837799158e-20
2.0699680029638698e-10
4.728324786509216e-29
4.772778735316412e-17
1.8170362981488295e-18
2.230869288145777e-24
2.2673157583385744e-13
6.663916737071497e-05
3.819973774345283e-20
3.5969993354769605e-11
2.339407017845624e-19
1.0075678859463562e-12
2.3514351001209334e-11
7.915312101041685e-28
6.529052203387137e-35
4.5254086868889456e-21
2.2275790445232842e-21
2.2243338598330488e-13
9.277275237463903e-23
1.1705816911632578e-21
8.185814441409586e-21
3.130101371032425e-05
4.677951218367718e-27
3.647262669449832e-28
2.7076782033583654e-22
2.4164802331772666e-26
1.4681106825789107e-24
1.3152303634578138e-23
7.533249459261111e-26
4.799747804878653e-13
5.462847766847638e-36
5.276784908715978e-26
4.2782280542573325e-07
8.893244117968908e-11
4.783968771703141e-44
1.1675089747606498e-25
3.149354255694223e-20
7.658120448311274e-14
2.2684601588667515e-20
7.128447133211119e-28
3.740821169865883e-18
2.1887081559147768e-25
8.354339263065316e-17
1.5176944224671447e-28
2.6387830409490223e-23
1.5682521357139391e-09
7.980075407185913e-23
2.3915127646931986e-14
8.153617680335455e-12
1.775548771476092e-08
1.8151190295834907e-10
3.7608746156830635e-15
1.8243037255716534e-23
7.070116959912318e-08
2.5631129999852618e-23
2.1468742751775268e-25
9.162732869274664e-24
1.0492525117846314e-14
1.998173431139956e-17
3.4211266760192957e-15
1.988858231863304e-31
9.640381033932808e-07
5.776350315806232e-21
1.4428280209707504e-10
2.1164099795230098e-29
1.3972586982378425e-21
5.595565578292769e-22
3.377123877666755e-14
6.735014553837804e-15
1.2712122818356377e-15
7.730671253174123e-32
5.094243662717859e-28
7.104822398867632e-27
3.128995176354667e-12
8.122308383801708e-24
5.635212722162223e-05
1.929560435115231e-18
5.636326884465793e-22
3.815314084893718e-17
5.0831134823715186e-17
3.4083523307883654e-19
5.184142111546086e-29
1.0615487259370131e-13
8.838013954563308e-14
6.529595766914954e-16
9.813399343182785e-10
8.281937374046513e-34
4.2458071001868744e-35
2.9968765501119485e-08
7.756918050944079e-24
3.990358697339827e-17
1.7974775633186254e-23
9.390786967013106e-20
2.0021799492229074e-25
8.360894263557895e-09
3.5767526546174898e-12
4.75785237183242e-14
1.1783569093153971e-12
3.3755670864257874e-23
1.4547485575825762e-25
4.914434728200504e-22
1.2253900186883974e-12
7.851165626289354e-28
3.051020282238116e-14
5.855896703857428e-23
1.2341809979111732e-21
5.209661918369975e-26
9.829502921670959e-23
7.288203045270721e-18
9.27388781615184e-10
2.0383530809781408e-23
5.869504480039646e-21
1.8663799260598167e-26
1.4255852542312027e-10
5.90342957501873e-26
9.61545708694135e-16
2.186090853339786e-23
1.0679859485018284e-11
7.381394168823381e-18
4.872999217664744e-18
1.8111081023503403e-11
1.1378827155514935e-21
3.6217093297326104e-15
6.102327895514029e-28
1.0258138785030834e-09
2.2356889323848026e-26
7.940763494503152e-35
1.475009061432126e-08
6.324779233571557e-12
8.187335397312236e-26
1.5189801573948703e-23
4.710845182359342e-10
2.456604457680302e-27
9.211365472585314e-24
4.540955195152939e-17
1.747713662069914e-10
3.848701926851709e-10
3.845939407518509e-21
9.263703858708823e-28
1.2854793219978937e-13
1.7795223981525613e-15
1.4497854231739967e-10
3.531709999132727e-26
2.9873916760012323e-09
4.90074319326732e-13
6.474669477221843e-18
3.998844332329068e-25
7.725873423352651e-26
1.723895891290033e-23
1.1948516356726232e-22
7.336073285321159e-34
3.86757282699461e-23
3.925420731756917e-11
1.8415484182926397e-23
2.0056174509057322e-16
2.9604154699795056e-24
2.903363801237168e-36
2.1389443830219107e-38
1.6205807751670421e-19
1.5428271250747439e-24
3.8227174873150794e-22
1.3406546428031712e-06
1.1410784928572873e-26
5.402688059552849e-10
2.0628900688036288e-30
4.6234046334038145e-10
7.493815645392937e-10
5.609154143316565e-07
5.84517750705742e-10
1.0926212222543876e-21
8.024721829283348e-14
3.892888650070831e-12
8.626233613999387e-14
6.66014202159743e-15
8.468898858088234e-20
1.4853215100295122e-16
1.6418750522314162e-35
1.9413954951795407e-13
2.8611476856879136e-16
1.8502869372198248e-05
2.778939088553705e-28
1.8027377330909083e-23
9.86019650617059e-29
5.450729075435924e-20
1.4896926789719e-25
2.0710372893607966e-22
2.4268784471203617e-11
4.031284412499594e-24
3.2813531958878245e-18
2.446373815862998e-05
2.820656462362572e-23
1.0480782088309876e-22
3.260855399767214e-06
8.91246910276954e-23
6.412704269156188e-26
1.0718637386487841e-25
1.824539610923765e-14
3.606544701847102e-23
1.0352313789369386e-25
1.775482239134796e-24
6.012618842205382e-26
1.2807054472220059e-23
9.925959249678211e-14
3.084012145445277e-25
1.2749157094152677e-24
4.422147662894954e-18
2.3100911440838655e-07
3.970480101872714e-07
5.327679880731668e-25
1.5615860672657743e-27
1.8321946303573762e-42
1.4958729634688496e-25
2.31776351831665e-16
1.8786859388826405e-20
1.2128990487378935e-19
2.687787801421035e-22
3.980021577078569e-17
5.518656523117626e-23
1.775480593489625e-21
1.344001141922899e-18
1.1317357902775571e-08
1.474033169711129e-23
2.0869142298104575e-13
1.7312405024527887e-21
5.6225595629252144e-08
1.869635571470794e-12
7.5064807628478995e-19
5.399268064488097e-10
2.3581763398278082e-23
6.2857638481013845e-18
2.4678936075823636e-29
1.121537056223327e-19
4.2665897876971673e-14
5.320756428979619e-23
5.081166953830845e-22
1.77837706463396e-06
8.66421932709464e-15
9.286183208002035e-21
1.717436042996842e-16
5.803722760916617e-20
6.538246438719089e-24
2.0207041775030654e-11
3.3207507393966535e-16
1.0140000424654694e-16
3.853969492626053e-10
7.464564061092053e-23
9.807476747777155e-08
1.2129003210427927e-25
1.7793084599109937e-21
1.4655700251093376e-25
2.7746933382694895e-20
4.1206252461595066e-23
7.437740542795731e-27
5.549862478203547e-10
4.346256930022183e-24
1.5491533345254722e-32
9.855288226164163e-11
1.2421924700757513e-15
4.929056246020109e-17
4.876424021913726e-15
2.208711529367943e-27
4.398804362375535e-06
8.350101657840916e-31
4.1349054631651624e-29
3.0119656010094547e-27
9.202668091785263e-25
4.896086006536772e-17
7.827530346485487e-16
8.979862393012877e-23
1.771761859998498e-22
1.0329593014364366e-07
9.241525501336896e-21
6.194971420430943e-13
9.850777969721785e-13
1.7489763164685926e-07
8.779144307172768e-26
7.923178453347361e-11
8.950911259784794e-17
3.0822565569501214e-17
5.18342102896034e-07
1.5310874395676083e-23
1.0194150615140071e-13
1.328605967967449e-26
1.9233018633449587e-17
1.9235674697827476e-13
1.1647482350566379e-11
1.1682325408663717e-16
3.243116150367387e-11
1.230650599768757e-08
3.5048098859877213e-09
4.9566597883746834e-23
2.6646311796064704e-52
4.055563570044078e-22
1.3984087123619267e-20
2.469326539376687e-11
6.728606762836667e-14
3.82355672712929e-22
4.768656805469653e-11
3.461837832063207e-10
1.7131189214297995e-19
1.480989398480731e-11
2.1447786241328876e-18
1.0546275425876697e-25
1.7878643271762467e-19
3.641568044372432e-18
9.522543721902018e-13
3.4805583557098604e-22
5.796455945387186e-23
9.844246356342146e-23
9.420685931116937e-23
8.340018131432722e-27
1.895842663200887e-27
1.469068652092949e-20
1.6021778319976217e-11
2.6000521342783706e-21
5.42353154281322e-10
3.722832975475348e-24
1.515594466171138e-10
2.996926821592769e-11
2.8340791538891584e-12
2.3155127651986136e-13
1.0922226941330282e-09
4.539703853091285e-06
1.8357685723596834e-15
1.1582833934781841e-09
9.286763969768083e-21
4.3807543357981395e-16
3.788754310702892e-22
1.8449402452009627e-07
1.8443974652601315e-12
5.452831949774059e-12
9.894692081420038e-22
5.344759357797503e-24
1.86029980513674e-14
3.180697663103811e-07
1.5685517515427162e-10
3.8943679536672544e-13
2.237799567340633e-20
8.710952255941443e-12
1.5355592786919558e-14
6.310752779901523e-35
5.968929817045447e-22
4.7055353552318694e-24
3.523117807218968e-21
4.839139990263652e-09
4.324188424369686e-10
1.3920131173477338e-10
1.3834931245809004e-18
7.322218899050568e-26
3.5034183817028775e-24
1.1684608895600319e-12
9.619652709120461e-18
8.072821090237882e-21
2.3302287341197866e-26
1.0005365502895163e-23
1.1439128334003784e-23
5.270041901929585e-13
1.452569304116023e-31
2.905062360425805e-32
1.6907002010528321e-10
2.7004721661165497e-34
2.0838601986960872e-29
1.2522035404701678e-20
3.3801013571307225e-22
4.613540748879487e-27
1.8595010697053585e-24
4.1616621506675797e-13
1.5247349224320955e-06
1.7611537587772658e-12
9.565122177982925e-20
4.215174032242696e-08
9.442076597636098e-23
7.974057890930962e-26
7.752153021415178e-24
7.069936657001189e-25
8.544897897991612e-27
1.6644370502724098e-08
1.066609089567676e-12
4.5139309761696706e-23
4.640672591307373e-16
5.993890428737037e-06
4.58534994506439e-16
2.587381636112616e-29
4.929110934026425e-11
1.18940283911294e-18
4.434900074217848e-11
2.463866823417012e-15
0.00032640912720055537
1.32298510778701e-21
1.8615336625607843e-17
2.638488452695025e-18
2.308839069332315e-28
3.2260086554429693e-09
4.2134325141778253e-13
9.221257034594815e-15
1.4544974727315603e-17
3.5425324344051954e-25
1.034962958544247e-26
2.427906518443174e-30
3.643987172002132e-20
3.68890106504806e-07
1.5034035716817959e-37
9.452952755949065e-07
1.75930725636703e-20
3.705638128130864e-15
4.6487433251315245e-08
1.3698735338418769e-14
1.4044337069260828e-08
8.748583830766558e-10
7.229950869326784e-25
3.3564320057230254e-15
2.623277587827087e-09
7.367013295404199e-19
6.968035467970845e-17
1.8872929355423336e-22
5.55895602028049e-29
1.4393529338087805e-07
3.596849990564705e-12
2.392109369309183e-14
1.791479877341954e-27
1.2564741047390731e-20
1.2015243143667532e-06
6.532069242954754e-21
2.065718060831644e-08
1.0542207723624349e-23
9.144145375828842e-11
9.938249655516153e-26
6.800573452639915e-20
4.635153865090848e-23
7.744832641260307e-19
5.702012753846106e-26
3.179040700738132e-20
1.463293970486594e-16
1.203148131132005e-07
1.5863249443431982e-21
1.8124933176760481e-13
2.2612665946472315e-22
1.3614342246013423e-21
3.920043231807411e-15
1.064560634295085e-10
1.5868450330832828e-14
6.399537519308008e-17
3.266690466287218e-25
0.0007059671215772159
2.5824568046033903e-07
1.8805925862238927e-13
2.8550824352042173e-12
1.6071669744826012e-22
4.385348951033336e-25
2.2531286169478208e-38
1.376459821335414e-10
7.46468633312011e-08
3.658774967872751e-23
2.4210948665772467e-23
7.711790827487334e-10
4.728376690897334e-26
9.036664218872113e-23
2.3788195431565436e-19
6.454012703729006e-15
1.3156239440869504e-24
4.147308587247648e-25
0.0006936991209644389
3.018085604579038e-24
3.0483924637175746e-15
8.446394150633445e-26
2.2865957285834444e-14
3.768652152515498e-15
4.059824032875833e-05
1.3187978059976336e-19
2.3700113264843856e-15
1.4631742412673087e-22
0.00048380016954103876
4.978293055611935e-35
1.1674552400752044e-21
1.5054146247445223e-28
1.6616639557293852e-14
5.348421630554376e-12
3.299367793433135e-20
9.423284752198833e-10
4.533308185598661e-25
6.022502725185428e-10
2.1501382984090244e-27
5.779509320489579e-08
7.428361282116421e-26
3.602797649900456e-06
5.639721216700917e-23
8.937937080425967e-16
1.5213873833694686e-23
2.162611045063346e-22
2.0924785101478324e-43
9.267030083175261e-22
7.750588874510447e-11
1.334216940408411e-21
1.3664206367643939e-44
1.6223018439763881e-24
1.1228587060292533e-23
3.4054145729844584e-20
1.1475432919951687e-12
3.57133457266627e-22
6.89966732780894e-26
3.644882483486653e-24
6.382773447588836e-20
8.328794895158259e-11
2.1071496236357225e-13
5.242069120069066e-18
1.8448062844182038e-24
1.2969916812209048e-12
3.3786962846694477e-15
6.924452058542558e-08
9.07735776434486e-23
3.234424136721613e-24
6.806475572483085e-32
1.9672372610513138e-16
4.296240095656342e-30
1.5552530555040566e-18
2.938744807122269e-07
1.3262197354662233e-16
1.0092549388816293e-08
1.3969534982614722e-15
6.953123676955043e-18
2.081385429346243e-18
4.5384822382947824e-40
1.8403447010816414e-22
5.209591625792406e-22
1.3514275801369777e-20
3.162485835552296e-11
2.765033073592145e-12
1.9089671362072636e-21
2.252687255716277e-18
5.746165031262685e-11
1.1177059091152766e-17
4.776615863022558e-26
1.5272804257764237e-08
2.432410481463807e-32
5.665406666995516e-13
3.366646501548874e-10
2.168011998408622e-15
1.571525483001283e-05
1.0607952757875258e-13
1.3172474442754397e-09
2.608380875873278e-29
3.0409742714899786e-15
9.73986295703962e-12
2.013363638175008e-27
4.680880317996324e-28
1.440239725860562e-22
2.729230796596815e-16
5.838711231664281e-13
8.098888381698266e-11
5.5192402301932225e-18
7.335881932761535e-10
3.215984228555296e-13
6.476915206276739e-09
2.670288534661056e-19
2.868674988942626e-25
3.478003215827235e-23
1.621106241237688e-17
1.433280449438694e-10
1.6494000250309978e-13
1.1491378903041516e-12
2.565503947252807e-13
3.9054984653611944e-08
3.789520379017663e-21
6.2126625822503614e-21
1.4787918964013867e-09
6.831023146083169e-10
1.594067588772648e-11
5.3150372625414905e-11
1.947699546651563e-22
2.7675523546542054e-13
1.8673438543594067e-26
6.67540700726111e-30
1.3262624487502161e-11
2.5055493329553014e-07
2.7567027141903154e-12
1.26705457810431e-17
3.487967709852507e-28
1.839210377208387e-21
2.408271285146421e-15
3.7631870147844095e-22
2.246959973650039e-21
8.746813137286329e-37
8.416592853758097e-12
1.7014539855449315e-05
6.046191596975882e-18
2.452110249823507e-17
5.00404716633545e-28
3.485129210466812e-18
2.0624010335231744e-17
4.798819304325973e-14
4.4036446555907406e-13
3.4856885252881394e-19
3.7625688202125254e-14
1.0299756367681238e-11
1.452136902950454e-06
4.776461366244124e-08
8.136169239480462e-19
2.3263601658283965e-18
3.091982362359209e-20
1.3009027785276808e-15
6.716142041684962e-22
2.973845351721062e-13
2.0050664320111666e-16
1.3576262384039608e-22
1.0110280544926753e-23
1.4983812315392238e-30
1.108589983400183e-28
1.6622197354696585e-05
8.179521023833718e-17
1.748738791897938e-17
1.139878513100713e-13
3.1638329730302336e-27
3.8468643700972582e-19
6.939343467928547e-16
7.799175000976536e-28
1.4452242817084296e-21
5.689019103842768e-17
1.953187559435121e-18
5.015718145717511e-24
4.3445103267603357e-26
9.8744385009355e-24
1.1318348091492152e-13
2.9759019561237535e-26
3.4570933009680093e-09
2.853598540424227e-35
5.505885319909042e-07
1.2961723174259157e-24
1.2499244473022258e-27
8.572650588813868e-13
1.03670293349061e-09
1.2285720132363664e-25
4.926432200366406e-13
3.923276917724299e-20
1.2094155491174806e-26
4.103079890550955e-05
5.999727571440379e-15
2.9240810805853644e-23
6.515753221300137e-24
3.1860787929979494e-11
4.455449642056189e-24
9.645764319437219e-12
1.1342733384377322e-23
2.241481395069935e-16
6.307681087515698e-13
4.105253335273494e-17
1.1261592090919978e-17
4.399772067203935e-12
7.241694902614978e-17
4.42764160121654e-08
1.195726995131294e-21
3.759662055086805e-15
1.953238438971423e-12
4.788660552038641e-20
4.4276847792144e-19
1.4525649477441542e-08
6.302338716595888e-10
1.6235817789789876e-05
6.928979700313857e-15
4.57709354459394e-28
8.584195282269334e-28
1.3028017433134268e-12
1.1665511877914639e-27
8.405735029701086e-31
8.359374649663932e-22
4.0226991869397035e-24
4.862681145146142e-12
1.2190174132721548e-16
1.2652605094021911e-06
3.4359125179215955e-16
1.5883371872971852e-18
3.540299010098437e-11
7.20176867167964e-21
5.846846150606159e-15
1.5208052332686032e-24
1.1013596010833368e-24
8.367452780162442e-43
1.7324044812806842e-26
4.602774685783745e-16
1.1066126642052806e-13
7.871698715309412e-09
8.933916280540774e-17
4.0258866653787595e-08
2.0730806476944737e-06
3.8417858777992103e-11
4.163289164108964e-13
1.1500108901691376e-06
4.635482114075583e-12
6.252688051451324e-28
1.052181588217935e-05
3.507387540300284e-08
1.8559159313374927e-09
5.3778647518410345e-27
2.508478922381238e-14
9.303635648166796e-09
2.638263669715444e-28
1.4989406361290105e-25
1.111466978195765e-09
1.3743587063265296e-30
2.969487175565901e-09
2.49097492559288e-20
1.507925704209898e-20
1.6558167552246164e-13
4.119475573752015e-11
1.448641048092591e-28
5.531132340770202e-23
1.3252581817506357e-30
5.922577056029355e-07
3.0357925359148463e-24
4.4400203622922515e-13
1.161021177510804e-13
2.0362141096850423e-13
3.732002376626033e-14
7.920085088111872e-21
2.906161746081045e-24
2.6179764574342077e-21
6.873629781745447e-09
1.0196014080991987e-08
1.0598776094014625e-28
2.704912689632529e-25
0.0004361539784074747
4.576121726739561e-23
5.2033146376946944e-23
1.3578479225653057e-23
4.583797871010497e-12
2.330707398699537e-27
4.783173967943203e-07
8.737742140361535e-10
3.383833949548801e-15
1.964424651698226e-27
7.421373593806732e-40
1.069758969777345e-22
6.62583593856603e-17
1.4308656709185302e-12
5.1404672809878165e-14
2.0012290465356893e-26
2.0811669524307615e-18
1.376461597523019e-26
5.897231187707929e-27
1.9742412506374947e-15
5.285974261485146e-23
1.8052243511722507e-14
1.122103599906092e-21
1.8458993440776114e-15
6.944635938245352e-19
6.482385778828896e-09
3.8416014136670165e-15
1.0151858470191151e-15
4.4585482656638877e-14
8.438634862720736e-21
4.701754886620181e-11
2.1355629210662512e-20
9.794593128318417e-08
1.3513607937752945e-05
5.4187990770170246e-27
5.162946113289621e-27
1.1865498191849266e-21
1.6291932409092501e-15
3.1536866016552786e-12
6.673414208799505e-29
3.796985854032283e-25
7.814545784462225e-23
9.996649424207556e-55
1.6416151354617547e-12
1.3541240259749655e-16
1.7957717575717983e-28
2.2885728121398e-16
2.501499645000367e-19
2.293089701472641e-15
3.6769342328730545e-25
2.2362591148544913e-06
4.9185036536069734e-14
2.8251185653481747e-07
1.1715138613842246e-09
1.5904722398559842e-25
2.9469724586915054e-23
1.7722896707689184e-15
6.279202348822094e-15
2.5336033498116796e-24
6.2029390465392495e-18
1.798420221481435e-26
8.080797204052511e-17
5.609254419483857e-07
1.034764702388661e-08
1.4314314626360804e-16
4.423544092472008e-27
2.2310335315639014e-15
1.0830330726876196e-28
1.206514987751063e-11
1.4444938647962034e-18
8.24849160434716e-21
5.450808490049636e-25
3.739585201019104e-23
9.050108564346096e-28
1.2480997918090427e-13
6.525756612687479e-15
4.575620945283307e-27
3.7046406396383205e-13
1.2651379124020968e-30
1.8041546894201144e-09
1.0067000190445319e-20
1.1687555375687808e-17
6.680325670104352e-26
2.8571801179332456e-20
2.3946676128527115e-12
1.9844187818939114e-25
5.43304116693586e-19
2.2657040735136558e-10
1.84207374406464e-16
6.815153740672368e-08
4.935005369949563e-07
1.940513938231743e-17
6.154293914019466e-23
1.7085123747567296e-16
6.848672558012631e-11
1.4267237120477415e-19
8.767850346100138e-18
3.403109655221604e-12
7.188864553508585e-16
1.0259055526776387e-36
3.493988614956501e-10
1.0826638694814712e-16
5.597965549310399e-32
1.2805775761596642e-24
8.841770432444632e-22
8.497053932801942e-08
2.997892741363859e-13
2.280304246786836e-09
4.583334445596785e-19
5.074173459471383e-15
2.7280645854158525e-24
1.3568392491082791e-25
9.805810169753957e-28
1.1800036229026288e-21
1.3634250047769921e-05
1.896657526014361e-27
3.829608196816646e-29
3.0308391826544896e-14
1.3636099034225817e-17
1.556683650673103e-19
2.0075471306236015e-09
2.2078259823082494e-13
5.1023232011140666e-06
2.6170201632319614e-19
3.049200945286255e-18
6.602203108233742e-21
6.52964790747621e-23
1.113425046465623e-23
5.945001146825847e-26
2.206882649515792e-10
9.671789331745217e-10
6.139858435246993e-22
1.4350769312111915e-09
1.5939346388906336e-09
3.3775735767534165e-23
1.5797320623775974e-25
5.1544350212047185e-24
0.22360670566558838
1.093468332192169e-22
4.105518881460875e-24
5.248912919473447e-14
4.213357959200706e-32
2.3866668560248845e-15
6.806321605262977e-11
5.326244031762742e-17
1.546375506238542e-12
8.083265662697693e-22
1.1820054480021367e-18
1.4495250616665776e-27
6.110805182937466e-18
4.687510438224911e-08
5.811230293099797e-14
1.83009049464491e-09
3.3415676545888104e-28
6.934529980921046e-13
5.360486436305548e-27
4.113816039707083e-15
3.621298244990058e-13
3.718704180712228e-24
3.9623631816035347e-16
2.4678870303133687e-16
1.067308219770947e-24
3.1910439503948604e-30
3.1530963437688054e-39
9.665344126556071e-08
9.30391960573438e-22
6.295831776332052e-26
3.934137320575493e-29
1.6975741452455265e-26
3.1312735454455406e-27
1.535265063706564e-25
3.2854040310935805e-41
4.608091827702282e-13
1.2197426523430075e-25
1.6769259838136801e-25
5.694615518347881e-11
9.195457365346585e-15
2.1931703643589782e-05
0.00011611186110400262
9.689196378786941e-18
1.6931609655564995e-22
2.049544988417618e-10
1.3412345920565217e-12
3.157644142585478e-26
3.60682572006845e-12
3.270199419602385e-17
5.649342513299602e-10
5.249880204775491e-29
3.531678686030588e-25
4.521225984976227e-22
7.717734286306048e-22
3.2578766918784724e-17
1.6027331364326696e-08
7.012722027107419e-18
5.217235046776871e-08
1.4311575356186818e-16
6.7493446862751385e-09
1.1597937239239044e-26
4.744085458423319e-22
3.311244468338818e-31
2.3572327709924373e-17
5.021797548031068e-12
3.8235690523945613e-25
1.4667825629269333e-31
9.59306884162327e-11
2.699065509924773e-25
2.3168594919416536e-19
6.946497647310713e-13
4.952356817479859e-11
2.9715510023054307e-12
1.2970966524163203e-23
1.555800948163208e-20
3.6016314461086043e-25
1.0648828173885152e-10
4.618094675857772e-18
1.332265748997468e-22
2.112812587500783e-13
1.3194335286696434e-20
3.511831447991988e-20
2.6281477782974208e-11
3.841406575677305e-22
7.339311273786413e-29
5.496376135851591e-25
8.612117194057304e-13
7.879206614588812e-23
7.67494862610163e-11
2.1632963032913967e-17
4.151302337844106e-18
1.7388106990088474e-23
4.6702487926875625e-17
1.6326884921105737e-25
9.92290613953639e-13
5.91115188665652e-21
5.118438513003023e-11
1.7132239650814376e-22
4.986394970043764e-24
1.1084000745171779e-23
4.668767104076264e-14
1.0110542295270816e-26
6.500960587272411e-20
1.4612541162411987e-09
4.668814845172069e-10
5.300628255329617e-29
2.4796245983117812e-21
6.036583346240969e-15
2.688070198337564e-24
5.0541901616037444e-14
2.1262944445120664e-21
1.6644093832515835e-11
6.993441262073706e-10
3.6876429870869425e-21
5.886474011771362e-22
3.4696997816882996e-10
8.402901689852791e-19
5.336551457486258e-26
4.601755728285821e-08
5.0093998314635734e-21
2.7902220778565416e-19
3.0398902514689454e-09
4.1222093725282234e-10
7.612183060525135e-07
3.446827525532688e-23
7.638514958825707e-13
3.051924499542398e-09
4.1550276280676286e-13
6.983092825396452e-16
1.6143230332057454e-09
3.030110415094495e-23
6.794795939466256e-09
7.356216350479449e-06
7.229045765796092e-35
2.3026710282049185e-17
1.0118886356017177e-12
3.6361078175231586e-23
5.708932255844246e-25
1.5580044792082197e-26
3.2908500489540834e-16
1.7580226195218936e-07
3.64949972309305e-13
1.8198541390939174e-24
2.0597362719131836e-11
1.661854860902398e-18
1.2891070493503855e-20
8.273979674837683e-23
5.8596207440941676e-24
5.354804012112658e-17
1.1747728219667155e-21
2.672358524089629e-14
3.9166230791510694e-23
4.6595802146154294e-30
1.0020743712505732e-15
5.164908403994568e-22
3.4768528771318182e-12
4.655079897704161e-23
1.4137772604314438e-25
1.2460102137012845e-27
1.7575897637690691e-19
1.1365359852743404e-20
7.246659242999204e-25
1.765233758266904e-10
7.500907113585601e-10
6.43491773932441e-09
2.882932966058491e-18
6.181579572756774e-28
1.1527495054848661e-21
1.0985019856520345e-16
5.993565437222109e-22
2.3863975360003054e-14
4.0515075972389493e-14
5.233841278305673e-10
4.3767901536822e-25
9.577410811004343e-31
1.0273193230692203e-21
2.487210963911739e-17
1.8842060560761342e-10
3.1455902077604155e-07
2.9511326671924794e-18
2.4895952068280303e-23
3.0194498847016293e-19
3.955883228499488e-21
7.818207481785705e-14
2.411387320980493e-07
1.5748893538312894e-23
6.4161709361385615e-12
3.42256757562148e-14
3.6406979705746745e-26
4.6135585708756583e-10
2.300644997485223e-13
2.2369029866473777e-25
4.1834328693146665e-09
1.771239813061097e-26
2.1731636150856664e-33
5.341444935998409e-27
2.3603440776591788e-24
4.579921455391295e-10
1.2680235571778959e-20
1.5759606697765629e-07
7.327046527134305e-09
4.8478779121608516e-20
5.986827449592867e-26
2.053206180555682e-12
4.694097231869559e-20
2.0272181947493835e-27
0.3324008882045746
2.3157387042156105e-14
8.952586051744479e-14
1.1916539015710053e-17
2.1597127358658767e-25
2.2932903711540692e-29
5.330275327627687e-27
1.154254586144173e-12
6.951127125976375e-25
1.1751757328987479e-23
8.836921503742242e-17
6.886144947922185e-24
2.2253963533357883e-28
3.4941906958601904e-11
4.490633307119863e-09
2.1288699894221223e-24
1.134425531031663e-08
1.2275346958264697e-10
5.106851944050978e-11
8.0871613332113e-24
5.015479913221693e-27
1.7385567176674847e-30
2.752201507913421e-13
3.0706468254289e-26
1.7415955525015914e-20
8.486007064480462e-16
1.8420094463330085e-10
2.9441735177573875e-20
1.3278112602202171e-24
5.656433028457803e-24
2.8438249820225338e-27
6.914621912221856e-11
2.978657871461547e-26
9.511103135968753e-18
1.858101382826883e-24
1.072633737072031e-12
1.9926545846068933e-26
1.5743017982136071e-19
1.3984370268432503e-25
3.185638713955406e-26
9.641014339118794e-21
1.3289598148329216e-16
1.8280684483535373e-19
2.93251715281569e-07
2.5708647478982924e-23
1.653673621133049e-24
1.963873356493447e-21
1.6094867882486404e-22
8.522802379790298e-36
2.407573449223264e-21
2.101703283664602e-12
1.964923164900195e-29
9.422567576209461e-15
0.00011246834795159588
9.284556607854066e-09
0.0012076102735843197
4.570960878153067e-26
3.719901717816323e-19
1.234715971222924e-15
3.438869435808644e-18
1.3028750504879075e-08
5.415152267360379e-13
2.7068045421753227e-24
1.0978666822955389e-09
1.4753135777506333e-07
1.935178359055128e-23
2.4225915570260202e-17
6.020082952298946e-24
9.70289092084908e-25
8.688776932220249e-37
5.607866477262383e-35
3.5417697460561406e-25
6.7836289734911265e-28
1.0423495548250083e-13
3.278523926873705e-18
1.1222429327500314e-25
2.5480443189931766e-07
3.5004114603766408e-12
3.016289138518986e-24
3.37783459730971e-23
1.79510753078482e-15
1.2966070789423988e-13
3.92210734511402e-21
1.633738092529161e-10
1.0548040398375332e-25
1.0035839589664795e-21
5.295132468344289e-29
1.034904332200576e-18
5.445007572973484e-20
1.693871758575853e-16
2.6860217659157557e-14
2.3943372251215863e-30
7.671842824774047e-22
7.055121263320044e-42
1.2073687499803785e-10
1.3349056410349125e-07
5.744884433599371e-21
3.244909592153064e-16
1.0707467465555279e-23
5.188182317320314e-25
1.083612612030916e-17
6.875912537440387e-28
3.6025300180193223e-25
2.4141438894135687e-12
9.472634769019882e-31
2.1015742998846823e-10
7.561707278981343e-17
5.110874796883038e-32
2.4156766981393786e-13
1.3046273671723877e-20
1.4090015132865252e-35
6.527711920040361e-07
6.244248404877697e-20
2.4782114496537653e-36
1.4493818941284183e-11
6.603174861365892e-17
2.3445190503685286e-31
5.9997302233593e-15
1.21676207815067e-24
2.533038184097521e-24
8.43801245050738e-28
5.9571315077647315e-24
7.036459778345045e-28
4.113500888767129e-27
8.722620627887978e-28
7.988419745284045e-07
1.789053569241991e-21
1.0999185538772358e-12
1.9119196026114645e-13
1.9818795952951334e-20
2.247814864337319e-22
1.8451197907778054e-19
8.993596273901614e-05
1.7313079668224067e-07
1.2934383943189693e-24
1.460024273630165e-24
3.5520207884418212e-19
3.1293798844996665e-20
3.276938714648523e-17
1.54042209911175e-06
4.993177883598532e-25
2.146314408326763e-27
3.627648385515569e-26
1.6040109121380143e-15
4.816518155172199e-13
9.579977780015164e-09
6.0763783707942655e-12
1.0447344417437541e-20
1.7805151091475327e-12
4.583614960937728e-08
0.10768450796604156
2.859042000626171e-09
4.7487046326145675e-36
4.688920282595026e-24
2.029776182608559e-15
7.22611315821804e-16
7.49030242234811e-12
2.723946149938958e-09
4.09170062498751e-14
4.758197287450696e-26
1.2395009691782905e-09
1.3465673570673396e-09
2.4100908767144988e-11
1.2101003912308431e-05
1.0372556405952581e-20
5.473668113371513e-16
2.3139418477438625e-08
7.444741073987308e-24
8.01841328492004e-10
6.160242168532924e-08
3.560807853299623e-16
3.1778099613198535e-07
1.474755537349315e-15
4.036333755736746e-32
9.26197537581213e-13
1.4115959665166548e-30
6.336713487515634e-08
1.1944234379590138e-12
2.0786869244296857e-09
1.0527009485977946e-21
7.145003468243916e-10
4.336491092749094e-11
9.469474329520233e-23
1.83356101077867e-18
1.8554455352796893e-11
6.21277959526968e-13
3.550656571442982e-09
3.5592349827028425e-08
5.777010369243028e-12
5.450612189602024e-29
1.43107809657962e-23
3.962890334624102e-24
3.419280962634286e-24
2.203284896497529e-08
1.1193615634193942e-19
7.2611321550811e-21
3.5760914994260055e-23
6.803191648993322e-14
1.3313608346201943e-17
6.255182927776112e-27
2.133525162840293e-25
9.539419881925679e-20
1.0216768757498077e-22
7.93546057580087e-11
5.618957657884263e-07
5.455536576517289e-27
2.2396755949990052e-26
3.27493940457326e-18
1.0550497093937456e-08
4.581397413375409e-15
4.5789564921211055e-14
1.5984750742972628e-14
1.3534771265139856e-11
2.2542714414376942e-13
4.920866509293688e-13
5.340757425378827e-22
5.749918941919026e-23
5.640031766762968e-23
1.1929506057382455e-26
1.5986496435275314e-21
3.353040240974879e-08
7.84481985883737e-16
3.8535400520660375e-22
2.5465372453557926e-23
8.109583314496512e-14
3.0777133659650416e-29
9.519403985381035e-15
7.372027815327789e-13
3.3516659567002645e-25
2.231872951655757e-18
1.2553910268551579e-23
1.0284600714206233e-23
2.7927487396467915e-31
5.4150993343116206e-08
4.9411164785146257e-23
2.7174816870077848e-24
1.738508068403101e-11
6.56527133456731e-13
3.1588905748638386e-14
5.9634087452514595e-16
1.071965655585054e-18
5.111777461260903e-10
4.718774456570917e-18
6.121281795744939e-11
5.806206735566477e-15
1.2612079381265844e-21
5.127325705043213e-15
4.331368208317595e-23
4.0412542848361495e-14
1.837833374626464e-22
2.8889386267338055e-05
7.117715091673712e-07
5.425044569616372e-19
3.798893851017718e-41
9.795237860151198e-12
4.056933900989545e-11
1.5415428554558613e-12
4.190840360358732e-15
4.7143163035836194e-24
8.261059316893954e-19
5.81565600165116e-18
3.2145300116674204e-24
2.03021093187227e-07
6.586479310844702e-24
5.384200652854613e-15
2.0603880190581667e-07
2.21104099884263e-06
6.408073015599876e-18
9.994008889002569e-58
3.0490852635292966e-10
8.239789094440887e-11
8.1688016626568805e-22
3.1510145894212553e-07
2.3417943094961387e-23
5.487030944630595e-17
8.066635751561959e-30
3.6659373126397467e-19
1.5219213176583515e-20
1.2005195147566065e-21
4.57382174733625e-13
1.9348401336460623e-17
6.523563739831517e-14
3.656150107207883e-28
2.594114717774454e-19
5.644570462409235e-21
8.376789211853982e-24
6.774316262870155e-17
5.876662245376199e-39
3.6536997102697176e-23
7.572700911406423e-31
5.14731366766397e-39
1.6301334527032313e-14
4.752107273735182e-24
7.076735832926741e-26
7.161083161749954e-15
1.626777978105224e-08
1.0243441928842663e-08
1.6037195709950164e-06
4.731008303035118e-23
2.9585607488958797e-09
2.638189500697024e-10
1.83354812015843e-23
4.1527027963450654e-24
9.858125309081482e-28
7.098789982388036e-21
3.025348617353027e-25
0.3700224757194519
6.6729632918596004e-15
8.278968493377409e-26
3.660238247405218e-22
3.835980699034221e-17
1.8696585114847653e-07
1.6777554245336142e-06
4.4495833131803025e-08
7.704961022596474e-27
1.0497385165920567e-10
2.3260007582703705e-10
9.676087067004991e-10
5.6136626657266e-10
8.243458238945196e-07
5.860448215064587e-11
2.166008504669594e-25
1.4612050914027132e-25
1.830441034348714e-11
6.767856874889254e-16
3.579642040485937e-25
2.3268436098290635e-20
1.0920799730505855e-24
3.3929077281837647e-12
4.221700073415146e-09
5.512880942553627e-25
3.89074809878123e-22
4.203485600442559e-08
1.1929779618912162e-10
3.1216328939402063e-18
1.4346882602277792e-24
2.8668179497975722e-08
8.534252274331241e-24
9.204909999703189e-11
2.1597386219328934e-19
1.0498998941451716e-32
3.02276758910326e-28
2.0723331342554983e-23
8.156901701172563e-25
1.3001805005979592e-24
5.327753535445936e-06
7.028520286755913e-16
5.659160758654685e-08
2.1041864578832237e-28
2.900908404778514e-23
3.8255594306166424e-27
4.782588004043642e-24
6.3803405709369054e-27
2.9848940611276245e-10
1.17088240488573e-10
5.742219923561279e-18
5.1484122566132295e-24
6.989229999322937e-30
1.5245400151844379e-30
4.279068043366887e-42
4.227379434529964e-16
1.5025706103158196e-09
3.2250546521279452e-24
7.062427196426433e-16
1.2765919546549025e-24
3.95173681440295e-07
1.7346082930832415e-13
2.6231033335341713e-18
2.7698548219935225e-09
3.445294850689715e-28
2.1240984680402996e-12
1.5558930714898164e-29
1.2560587828431473e-22
1.4794010645977692e-30
1.9328601603845076e-09
4.2677592093755865e-19
2.3325217891966156e-13
4.0385358261487353e-07
4.3763726773579307e-23
6.091157402953115e-26
1.2543775303304454e-35
7.306547919714443e-18
8.828608146723341e-19
1.0847209351309914e-09
8.294387322362e-22
1.2852745982898552e-23
4.631620376724487e-13
3.01798596182595e-16
4.110997772057003e-22
2.4874816126026455e-22
2.5249576507975906e-20
1.1168270703124638e-17
9.864196637364143e-06
6.96296176298947e-23
1.6422507182209986e-22
3.2218458224074763e-22
1.0965515237327412e-12
6.131107719120891e-16
1.1742115032777642e-11
7.642688463784815e-25
5.0656849101822754e-11
9.002939068329793e-11
4.576169079328189e-25
2.6395280276699883e-42
7.531298795097225e-24
9.343466748490936e-15
6.437478775806034e-10
3.1122775046249346e-11
1.103568504949086e-19
3.9553407775080134e-22
1.4367500289647086e-08
1.1513336958994957e-21
1.1863778497905892e-12
3.175872379124723e-20
5.902714404715459e-13
3.258833047816335e-06
1.4535811451041458e-10
2.513389511993875e-15
2.242309898148053e-28
4.260900239368038e-10
2.9613457573567617e-24
7.656060605166395e-21
3.0979503401339955e-16
4.9980224510430735e-37
8.741466270908706e-07
1.2755019396260288e-21
2.625090244588702e-24
2.568091551562336e-12
1.0154007512280561e-16
1.085170516086571e-16
2.2262200392382305e-26
3.0459969034707085e-08
7.977999910970015e-16
5.538445674835532e-12
2.321995394122057e-20
3.8068894929333984e-14
2.3435330767129383e-12
1.4441392727759286e-10
7.43151876054276e-23
3.631416721006133e-11
2.57431542976721e-14
7.894117957925752e-25
2.6221847620025195e-22
5.872780854550014e-07
7.5462589993944645e-31
2.4302825123532176e-22
4.129345351034531e-24
1.1719310965589345e-23
4.680856211475939e-80
6.084222720636392e-08
3.2175868749724405e-24
2.237147676929082e-20
3.8241373159963786e-24
3.9891881746824447e-23
8.837480568469134e-11
2.0613199611940833e-10
9.459423975481546e-11
3.318163870900688e-20
6.032017665920937e-12
1.4148681765749732e-08
5.033090070151785e-18
8.333067890515154e-11
6.455613450616065e-16
1.8386046075676476e-08
6.810885668430716e-33
1.5856554997448606e-16
4.709277902783502e-21
3.0546489024016365e-24
1.2774943473740946e-05
1.1788174038271075e-24
3.298598978929668e-23
3.0705393732829523e-06
2.1922147954882677e-22
2.12680482173434e-18
1.6201509764539147e-25
7.521297694520772e-08
3.40479949339938e-20
8.097788688824522e-26
3.493037140899178e-21
1.3275584284329112e-08
5.665708724624946e-08
5.988597447973745e-25
3.6108695252577227e-07
2.46496027091147e-19
1.6268577199120176e-26
1.3463662041760668e-15
1.1016731876171207e-14
5.99318573032908e-12
3.181903010876767e-12
7.252044816784679e-33
9.392374747246263e-23
8.080201760928406e-13
4.189621445704974e-14
1.2106152151064757e-24
2.4614391862883804e-31
2.5873101626681196e-09
3.5574743665554604e-13
1.9514946460582375e-06
4.666057041543554e-11
3.337691368555992e-08
4.898908006718918e-11
1.1492967399614751e-32
2.5696214210344084e-14
3.393177525125314e-11
7.876493116801617e-31
1.9436343802398045e-09
4.975066989535318e-18
4.726754144096805e-23
7.795463814228314e-11
4.4860148011579145e-12
1.3133117547561088e-22
1.2663115604663755e-23
3.7033702517910332e-22
3.951868295718848e-20
4.606086694585775e-22
1.0315665694738951e-07
1.2659445704066932e-27
1.3757597741013879e-11
8.438489867768379e-21
1.2042179301917454e-10
1.8868682182775548e-19
4.870559371202345e-47
3.2178648109126876e-21
2.0812257448299806e-12
2.3359597289986287e-22
7.788070806485828e-05
1.0719403527239577e-26
7.530465803393304e-30
2.450192911637199e-22
4.721816328376913e-30
1.2585313961074975e-26
4.931616507491501e-30
9.212773618622732e-17
2.0920087091124072e-08
1.6990404046214573e-22
9.133872590032387e-10
2.4510105467445775e-16
7.100384604997401e-16
2.0783528723969705e-06
1.6131795892036503e-12
4.5282567566684707e-29
6.576879531578979e-21
2.421582630811205e-31
7.190890886258748e-25
4.3303622031226375e-22
4.156758590102655e-40
3.3219201935520967e-13
1.2676628477919265e-12
7.627113873960096e-10
4.577259807557113e-21
1.826140688604365e-17
4.1346869948081796e-11
2.1259951278250747e-12
1.7036454356322762e-27
3.553683676411288e-27
8.326653863408457e-21
2.719338609742188e-17
4.592455314325954e-33
2.781889688265304e-07
2.1272713376195014e-21
1.0628124034865153e-14
5.876076282039277e-22
1.909574264859746e-27
1.8749353982191024e-22
2.1741662291911944e-22
9.031773536022314e-10
1.1873342390674129e-23
5.854644447164077e-17
1.3068014783200408e-25
5.427527359352197e-23
5.63479210462407e-20
6.17987774857717e-08
1.0660726941286138e-17
2.6895596376879976e-21
4.883049526310996e-18
7.141196053507291e-18
1.5480494480572783e-19
2.0350246213621696e-15
1.7522881901357523e-25
1.0661550349141145e-20
9.655248223644668e-10
1.0255186023043587e-22
5.866098838313418e-20
1.2110497995131116e-12
1.0068863673306376e-15
8.725054964747486e-25
7.347281254166392e-07
9.130273890656617e-26
8.324731277516776e-24
2.371369704433079e-15
1.1496252934058306e-19
4.325494249528905e-10
3.960164599925019e-25
2.307446747815332e-21
1.7661392260020507e-10
2.0618979454052294e-23
2.995907584759071e-11
5.063462118402898e-10
1.2073839406812887e-11
4.470700473995714e-23
2.4252711351697792e-24
4.3158130937475453e-23
1.5340387892746392e-21
3.690477325964482e-12
2.0230656344388197e-15
1.967436340182676e-06
8.420045636337483e-17
9.261244163665129e-28
1.0399230379413564e-11
2.9381348232720547e-23
9.281960125808728e-10
8.021799893474616e-24
7.585287023422912e-08
1.9692982006303908e-13
5.210788368419561e-23
2.451370692623116e-11
2.178791915191261e-09
5.443986553828702e-11
1.4652861734030504e-30
3.4198989797933515e-54
6.5616532762195784e-52
4.524772385014504e-11
9.207651911535786e-39
3.707109197392807e-22
3.373734603442816e-41
8.63593515801447e-13
1.0460396528262879e-16
2.119689666197549e-15
4.661204036356375e-11
3.2594070286518276e-11
1.42232981270043e-20
2.3906076597313224e-29
3.44048682045736e-14
7.13127112783321e-23
1.1879493246072866e-05
2.3749835293321106e-09
1.4871949537752398e-26
3.5951333235193035e-23
8.726426457900678e-14
7.862966685049545e-26
2.943942204382223e-12
2.6963913047885966e-09
1.4615775523977516e-09
1.1606181126519144e-24
3.1194721281749665e-15
3.795376714466532e-25
1.7795191291171087e-26
8.481955113685317e-08
2.3672821977142212e-20
6.563881887424731e-24
2.612283352993377e-13
6.210905817359531e-16
2.0400498968746143e-10
8.113783844875389e-39
4.4779114181036105e-10
5.844781800752205e-28
8.853759808570623e-07
1.6425278814549377e-19
3.864437543557508e-12
2.1263750386890104e-06
1.4238036991496518e-15
1.8582507991659523e-25
7.988571194629992e-26
7.650202812010935e-09
2.3962769681226397e-26
2.165556323041899e-13
5.054652216887751e-28
1.809444186351821e-15
8.53659337608162e-22
1.0363709755352255e-23
5.572592857335682e-22
4.925906941545546e-13
4.008536443563959e-26
5.184227076501436e-09
5.215769416957256e-45
3.3380018947603324e-17
1.062464275536216e-25
3.5364328496668724e-19
2.0293450976969757e-24
3.6065968320263656e-24
3.505329661867551e-26
1.310372843751526e-06
3.1198704796681644e-23
7.761520108274438e-21
1.7253288699665653e-19
1.0206247689059467e-17
7.456330764544264e-16
2.7072530557101496e-30
7.491185494822693e-24
2.1762022523072246e-23
1.988617171941886e-14
2.2428169537260093e-22
5.3529514741298894e-27
2.0131920222636442e-06
4.804188632362682e-30
2.0334275598704888e-22
2.2533195563848766e-24
1.2404210814700329e-08
1.4698816717996607e-06
5.027704068558144e-09
9.193108450710996e-15
2.7809535152984854e-14
7.112272904740156e-08
3.8704986218630005e-25
4.1566123267436686e-17
6.688563327700623e-27
1.3160103468610161e-12
7.523215768603818e-22
3.662285594375284e-10
3.863232522906406e-20
5.946830934881042e-13
3.010125493764777e-10
5.165858149320896e-25
6.248877470188414e-44
0.00036072930169848624
9.407555241711325e-13
9.665122596773322e-25
5.415499687477453e-22
5.8361401727809706e-27
1.2617255589416894e-14
2.2956362145522583e-25
1.5092606603903243e-22
2.865356224000643e-18
1.8568021038768177e-21
2.2864430197281993e-14
0.00023066699906882997
1.1340918837418797e-26
1.048396823670914e-27
5.88115089669475e-23
1.0280852544667237e-05
6.438547257182524e-10
2.0169090367803192e-19
1.2182119262931632e-20
5.5172431467245244e-24
5.926766390854742e-15
2.922841790888814e-11
1.279958781684602e-10
4.048773577453368e-22
1.2525491523052096e-19
3.291563592767839e-08
8.262661349481982e-11
9.18545055798698e-23
2.9129213236023964e-10
4.859859610281664e-21
1.014171591643076e-09
2.5360583941106963e-13
1.83596183708234e-40
6.939170979035731e-24
4.914071559024638e-17
2.4433024783431504e-23
2.7348846249555992e-18
3.661936011811867e-12
5.578049637735205e-20
4.946927416359736e-17
3.0697476283258094e-18
1.1288739848114185e-29
9.292250759767327e-16
3.4303787271349873e-22
6.259317547210689e-21
1.6280745296991874e-20
1.0363292721523193e-07
1.2953259440957257e-11
1.8110753457715636e-13
3.7963725195925774e-25
1.0027253969101801e-20
4.676655355316592e-19
1.5222942397789798e-28
3.899111606225805e-21
3.628798154658833e-17
3.1214765418458496e-20
2.4942765494510462e-28
2.7121383476083586e-20
1.4797394637301942e-26
1.63460581036913e-26
1.6032678049450026e-25
2.537789428685416e-25
1.2897967687522023e-14
2.5638273309769873e-27
3.994309617236783e-06
2.0280860322083687e-14
8.139226461132608e-23
1.8480664124188682e-26
6.886064865574131e-21
1.044847575298507e-19
7.632289472743692e-15
6.080392156226639e-32
3.3308106726151476e-24
3.438363988524543e-26
4.190512949179335e-22
1.2613642939493542e-20
9.803469352288675e-22
6.1835561890937256e-12
6.368531893990752e-23
2.124148222906986e-08
1.9961560207824313e-15
3.062018747901321e-24
6.249117788035058e-13
2.18133245923219e-25
1.5402281653914978e-13
2.6042072309553986e-21
6.917411984646957e-13
3.100181033451238e-29
2.040948020076812e-15
4.220132887860372e-24
2.4174002790092033e-10
1.7537271376159446e-10
9.974011234453344e-13
6.640043028683415e-14
4.7259612555042e-50
2.764731040944729e-23
2.7634452284238423e-24
1.9324193356995617e-29
1.4354323467804952e-13
2.210929236329741e-12
5.390591754569231e-23
1.6354918121937458e-19
1.0491737421531455e-10
8.052902042651761e-11
2.0601323897347208e-30
1.5348048420057138e-11
8.925466869805738e-09
5.691700565735745e-21
2.6442917412701506e-26
4.7775566120306314e-15
3.2021397578423083e-23
1.205556100112377e-08
1.018555058408732e-21
1.456998337089789e-25
0.0006961271729323537
6.476102643489219e-26
2.018238215262852e-28
8.540045150967196e-26
5.2316578872700695e-09
6.5039383288939255e-15
0.0005428402730644766
1.6090448286120438e-18
1.7867112777158957e-23
2.784667420353381e-17
5.967281581001601e-11
1.6814978514692074e-13
5.763666962042507e-10
2.24399620675207e-11
1.4550574644089619e-27
9.841105266731061e-21
6.988946577202959e-15
2.6862087666265316e-23
6.453032034964609e-25
4.126392975242979e-09
1.88525611061278e-20
8.050260681951112e-16
7.198773507536206e-21
1.8489182731851048e-22
1.4239758394597008e-16
8.859965614153422e-35
1.2368464061797958e-13
6.026979325178871e-09
5.405065530165578e-13
3.42422252822161e-32
7.419898721498695e-25
5.670306100734501e-19
3.608791869358778e-16
9.774376655247867e-28
0.00034365098883589303
2.545581134310239e-24
1.6907284694368832e-07
7.277455423972004e-08
1.8698780862123245e-22
3.4332417388795105e-12
2.3760186684595643e-20
8.681525358305185e-16
1.4873089920169718e-14
1.1877445387946e-13
1.0438187330770891e-20
1.3249707131930832e-13
8.004754241479081e-13
1.2649111199383494e-23
3.8150236239871244e-44
2.722119736394366e-23
4.469016727639381e-09
1.9614029980906446e-23
7.066083696652358e-11
9.427011009478068e-08
2.1379119686012684e-19
1.7210121753541527e-16
1.723370057075748e-26
3.4957192536563286e-13
5.847165995956756e-13
2.0297974726190083e-25
4.5190966475112084e-07
1.5506611179724254e-08
8.222999507187647e-13
1.0151849607138353e-13
1.1772395168917265e-22
9.287365638006743e-15
2.7404910807540674e-21
2.286793459166221e-20
9.653442594690733e-28
1.3428148176488143e-23
4.555431548148717e-28
3.099695523633765e-24
1.5060362234644188e-19
1.3858211183892694e-21
7.2730080741974935e-12
3.038480060594134e-09
4.386969205131107e-06
8.102243070643993e-11
5.578015787964653e-20
1.129533481083538e-26
2.5819082079836257e-08
2.2198383431122904e-27
3.5416043897708047e-28
7.348450777193196e-14
9.821199666237063e-19
1.5185526131770437e-11
6.315058109442383e-06
2.203758070943834e-12
9.685404386362672e-08
2.9554745768218003e-16
7.584865979113909e-19
4.220170694689683e-26
6.342829762832586e-26
2.403359807210775e-12
6.340000727542395e-07
4.134862652577531e-28
1.6120450240130597e-14
9.093825176218147e-15
1.9724562744725424e-07
1.1910058888498743e-09
1.1868682552803272e-18
1.4022805082459363e-15
5.093169276577062e-19
1.437430664744635e-30
1.3296210638085612e-13
7.984724162668408e-15
3.1860795938778335e-11
3.6863851861112236e-11
8.705484587029519e-13
1.5627858565534443e-24
2.3049702007042335e-14
1.099222502258925e-31
0.00011360196636250059
1.077487211980375e-30
5.93878335116623e-07
2.3945497734781875e-21
6.085238512124663e-24
4.00849010889192e-06
1.708348062351263e-11
3.514835859880925e-11
5.530903716110923e-12
8.202921892037186e-17
1.0251949430779439e-06
1.426535140365092e-07
2.1216028682809055e-10
5.5257848561972004e-11
5.119459901952234e-20
1.991683570034818e-17
1.4915045465571368e-24
1.228786190410191e-10
1.9432866726033884e-14
8.530455011378735e-07
7.80719840880499e-18
3.292381673962798e-17
7.579800012209225e-12
1.3726921781381307e-24
8.832778768886859e-21
3.106659424509434e-31
2.036136695377571e-19
1.7460536352801904e-21
6.783721062197329e-22
3.837417365367712e-23
2.1926766365015146e-23
3.1766040922210713e-10
2.619501281953467e-29
4.1742924053462593e-11
3.570903652566943e-13
3.005538222109287e-12
2.743182712499346e-23
3.9280951610967226e-33
5.953955054877066e-15
9.023052710820396e-29
2.5034031912285133e-30
2.127278890660519e-40
1.8514277478486436e-26
1.9939974373548956e-12
9.901861408812865e-15
4.899630181634885e-23
8.187605967371807e-11
1.4789864175636812e-07
7.637021155005506e-23
1.576960261881937e-22
3.358696578315142e-23
1.916438887828386e-22
6.052291144398863e-17
1.510420144802833e-26
2.1080861107228365e-24
1.448216339194388e-28
5.619000169134876e-23
1.836689284585466e-14
2.966258816093442e-22
3.6187620973515875e-18
5.385344920242984e-40
4.4835063135876106e-43
2.6103043228787338e-14
5.52508361708767e-30
3.6749349137365856e-14
1.8263568774205936e-10
3.0553161433261405e-28
1.5169769780659534e-26
5.893051576273534e-21
1.2253564735019947e-11
1.9869290161791386e-25
2.2666078400492704e-09
6.763520282242829e-26
2.639069737742448e-16
4.635135573058834e-24
2.016288017496967e-16
6.000856363340765e-14
3.838118993397429e-09
7.65496366952878e-24
2.3779801085244745e-19
7.947723069703258e-35
2.7192904557670872e-14
6.573788075586925e-23
1.1966168005331659e-29
4.5739795753392345e-14
6.04707367245585e-13
3.334279685213287e-13
1.3198572442349928e-24
2.1283972557675796e-29
0.00013905469757070812
7.057129684176495e-11
1.9034496379072634e-22
9.698896328612178e-21
1.1954915459915968e-16
1.7872436975788582e-28
1.1649671810288786e-13
3.695163191411357e-11
1.3966042046705045e-40
1.382674099831164e-18
6.350306271141328e-33
1.0103788605027958e-26
7.423326891193092e-28
3.633124112482648e-21
1.0672947889893022e-20
4.6783917307098744e-23
1.0939754892441459e-13
0.00024532324312500145
2.0252678340441777e-23
7.262002333592642e-10
1.2520039914827763e-20
2.826983794224821e-09
1.3933337923495858e-25
1.1101928611648918e-25
8.345642438631818e-25
6.610358196465455e-24
1.2034247288193805e-16
4.84204853719718e-19
1.3220405478591251e-11
6.303031555685604e-26
3.268516834794205e-10
7.062636429237408e-29
3.410221967846895e-34
3.048673276740556e-23
9.637292999645137e-25
6.23267101432579e-14
6.821705273247482e-24
4.3886354427418435e-12
1.4389748436212514e-09
1.9085309252715577e-23
4.506129745370981e-09
2.0938181025387766e-16
8.022701241221978e-12
3.7317627288711755e-09
3.647003324674611e-23
7.504583392411115e-26
4.9021809929345233e-26
0.1381188929080963
3.4325427090825015e-13
1.1126936894705772e-09
2.1626266094576972e-32
5.115345906067565e-10
1.2624786900690605e-26
1.7255213301047783e-19
6.708674825328029e-25
2.0717540513783838e-13
2.842712829482042e-21
5.147722009546984e-18
1.186720391188355e-08
2.409143119149218e-28
1.4707684392367122e-16
2.06473002332108e-24
3.2588999597597887e-12
2.6991370577506887e-24
9.869262661038883e-10
2.508694527948144e-25
4.1543751381589723e-19
1.6007927976349958e-26
1.2935662464367881e-11
1.699277420215914e-09
7.115811234242809e-09
2.8583886982913044e-13
1.2918092037917137e-21
5.979980724500208e-23
6.85573095452614e-26
3.612825556588815e-24
1.386804098717892e-21
3.028988083526432e-14
7.778718057433989e-11
3.295992326860709e-19
4.831003236805283e-17
2.610898673704125e-12
1.0706483385420604e-16
6.801735353572952e-24
1.1186884922206592e-22
1.0906226842436027e-33
1.3475528196029335e-12
3.360750970235941e-05
4.9071215276709215e-14
3.3733675119406037e-12
3.37610784952645e-23
5.313506491371341e-39
3.0619883461741083e-20
4.740666834370943e-17
8.543120751695633e-41
3.508920768739397e-29
1.5830682851020416e-19
2.5145951747858627e-21
2.5362083815406807e-12
3.151956865173563e-10
1.1803538619105447e-25
6.710978784730061e-17
1.665227141997418e-22
1.2462973300814647e-09
4.156749801092969e-20
5.440468613522525e-17
2.432360223325361e-22
5.898877458470444e-26
1.0560471634839119e-15
5.733877736091084e-22
6.359829664281351e-25
3.181781738218001e-20
1.3416666152957416e-24
8.648303391542325e-23
1.394298057862914e-15
1.711990689808343e-22
3.0002915209867815e-08
1.5730810517122445e-22
8.024312211811148e-09
5.542525627682187e-11
1.0965143276381582e-14
2.2237597670447774e-14
5.050584850486374e-25
8.952819921008937e-17
1.833067110745328e-10
1.2798171009796442e-21
5.3281788540516954e-18
5.8026899844258346e-34
1.3142503001275994e-22
9.658415414923357e-20
1.1023149595996512e-07
7.434248785433071e-27
1.7890607008793272e-29
5.96954760339943e-07
1.6086046840291717e-08
1.7807648380211135e-05
1.0790693714122355e-11
4.64327651037097e-12
1.6109987753515724e-27
1.912267712988135e-12
4.0029030661377285e-26
2.635063107520713e-20
0.00014506739006982691
9.014608692703236e-08
5.129102303483886e-24
1.2761512275138998e-05
1.3693157450493771e-14
8.024876452154012e-21
4.024045439982149e-08
9.90596482407733e-07
2.794209505844355e-24
5.480580634192567e-07
9.388542554514799e-10
1.1258083132245948e-18
1.8942893863776822e-14
2.64259369175732e-07
4.8968937316735065e-27
1.9766939203791525e-36
2.109386206274901e-27
4.7159935361860043e-23
5.485740128419873e-12
8.56919692364297e-18
4.1501909384335034e-18
3.763346844800273e-07
1.9633030679327303e-20
2.9618387112626633e-22
7.613629904369697e-27
1.0144147946632748e-20
4.848776798480727e-14
7.567779989573546e-25
3.294401263896456e-12
6.9747821191482106e-15
2.0729509275955896e-09
3.4924048063922784e-19
1.7516986030236496e-13
2.305147955363688e-14
1.9359132362289344e-20
6.275753553450823e-15
1.6514783472533729e-07
2.5135547473201714e-14
1.1570128241660446e-15
3.0420961931675802e-24
1.410403742786965e-16
1.1655348075488058e-16
2.6113097804277485e-27
3.944949432646101e-11
1.0412248953483037e-11
2.09012161943589e-09
1.75632116065775e-20
5.5283495765243064e-17
3.06913939586992e-23
1.6934711709844026e-17
2.7334832670861293e-12
2.3414466098302244e-12
6.759627597436529e-14
3.848380712479917e-18
1.5386763046072862e-11
2.251162137306974e-08
2.3249701770776778e-24
1.4709749683715675e-22
2.6757987729538534e-11
3.475682843905362e-14
5.6662798617567586e-36
3.358862829425209e-28
7.285570601251028e-21
3.73877987627976e-24
1.3704794430049286e-16
3.2798508358402564e-26
3.7649293963010346e-24
2.1078392406469683e-16
3.3844015556753104e-10
6.780127247742996e-18
3.534359026125416e-21
2.6018577167527252e-12
8.605429723978101e-26
5.508210770721558e-11
1.1685396343001237e-16
1.1086294304372142e-12
3.197078431729621e-16
1.7270249115373474e-19
9.463511260320617e-14
3.896723223922366e-15
1.9709914184710197e-07
4.0070770374866494e-12
4.389103949886016e-20
3.121489535788207e-21
1.5726217149210453e-40
1.1521267696127242e-27
4.201143423034154e-29
2.1087175893796233e-19
3.543229501011725e-24
6.161178447505542e-23
2.507134996451574e-18
5.524211035804002e-25
4.191661033300988e-18
3.920706404036209e-08
1.882870601243965e-31
1.9477362371929752e-19
2.83910148032961e-28
1.9375229897463957e-27
1.0100551406200105e-18
1.1115612864785248e-09
2.1488431866212137e-29
1.3740685255199873e-19
8.962892363196642e-29
5.894953171788633e-25
1.7996616343355014e-05
1.4824250470000663e-25
1.8536490750256272e-13
3.1405729037910616e-23
6.2406844895235546e-24
5.978692614030434e-16
2.5138657614157894e-29
1.0816616429794118e-19
2.742035475933633e-39
6.149905630003959e-20
2.3308841035642703e-10
2.1365766522455577e-23
8.710738617914784e-21
1.9827174308244922e-15
2.8402224222213036e-27
3.553825982064562e-11
3.9770169676187103e-17
1.9221880522351586e-07
3.566581607990269e-24
1.5636149531334733e-16
6.127549039884566e-19
3.5992906841912365e-23
1.029086654804512e-35
7.124083222923983e-08
4.776035100891797e-20
4.3717838351990664e-14
1.8524639209565415e-10
8.268259021244422e-22
1.5054763705915585e-11
4.2013984246348005e-24
1.6402841692030963e-09
5.528781346321289e-10
2.566843155205867e-06
7.079505979049195e-15
1.5443314202897842e-09
1.1406455839399218e-28
3.205734975694172e-29
5.04019497829288e-22
7.113958624544068e-26
4.9662618810371867e-23
0.45909103751182556
2.415685422635294e-09
1.4813922559271672e-16
1.3115316381799066e-36
1.4082589370461041e-12
1.7469156497842382e-26
7.336654622269406e-23
1.8114240981215943e-22
6.955540566972896e-37
1.3318209341884573e-25
1.7804158654588882e-20
1.5861432106243695e-09
2.8079573633061317e-23
2.1354415184004097e-09
1.1937475502413214e-21
2.469039949661267e-19
2.7587741728083603e-15
0.00011774749502058778
5.888955742387691e-13
1.1327782883821368e-12
2.346542966501055e-23
4.067611400996918e-13
9.945223521440126e-10
9.948243788282182e-29
6.959543556011321e-16
1.0232772583780247e-18
3.169119452894485e-07
3.716686222547175e-18
2.8442313211467584e-16
5.512531825366551e-19
3.538828392107632e-05
3.8092488434740004e-19
3.2134254997560173e-22
2.2985743553215147e-20
1.3273434831103334e-16
6.951522857752813e-28
1.5234793040712975e-44
3.949348469203376e-13
7.589340677541518e-11
1.184786482479175e-09
5.905332513128816e-09
3.7135839980921894e-26
4.1708520800054344e-20
6.198486731655567e-16
1.8979692848617316e-09
7.967515041863735e-10
4.777171210308534e-14
5.774538365849168e-27
3.0227027082532194e-23
1.7750548592361507e-09
1.5144291652847298e-06
2.830591612891924e-07
3.399679652064229e-29
6.249554154236945e-20
1.14052027155597e-14
3.9237161934816746e-12
1.4644145866520798e-09
5.694351051612674e-15
2.0577634921694172e-23
1.1180056203359596e-07
3.564124134266977e-17
5.731050345153854e-29
2.5544636410630258e-08
2.6619231016337712e-24
4.6054022896835617e-20
3.1714886511144957e-18
6.324277376004291e-25
4.183350777069489e-25
1.7823735573480027e-19
7.051082691852265e-21
2.8602095715554105e-20
3.766417103766231e-12
3.09104367529677e-23
1.511898519797192e-18
1.8100281905062138e-25
3.1699263755179704e-25
5.2455160006011874e-11
6.218802803818252e-26
7.940309532045037e-25
1.1115747500753347e-23
4.754859447542486e-22
8.359509871374552e-15
3.0273203323960897e-30
1.0934533532618083e-09
2.576874562062563e-26
7.797695018363697e-20
8.896500861517713e-23
1.591947956603619e-24
1.1910286352581298e-14
1.9001246883135917e-21
9.726743434379979e-12
2.4852572230810787e-11
8.453038258498815e-23
2.0365471821360677e-07
8.576125559018577e-26
8.915305477299213e-08
1.4118660106209049e-14
4.225689056058801e-14
1.504317332301201e-25
1.4972813696737954e-16
2.5036262961639552e-26
4.9393481490927676e-23
2.104407291760068e-26
6.43201394444118e-21
9.462711364358519e-06
5.306528912539705e-41
3.836185518063608e-09
2.1157490869283777e-28
3.7332639083228283e-13
9.414615950108305e-26
1.8271169748097448e-09
1.6053800103915258e-10
7.66900666614581e-32
5.682759100464242e-25
2.7519551479413073e-20
6.0384572275509e-39
0.00012021224679313602
4.633958651611119e-11
2.7188371435183602e-18
1.033649195919337e-12
2.6228352615698962e-14
2.6971412586342235e-22
1.1063446571830279e-13
3.274836256482649e-27
1.6237990547454593e-25
1.828998343375025e-15
4.284971552372312e-10
4.707521302862174e-13
1.8789392588448535e-25
6.081330367905843e-13
6.347582933412855e-26
1.0389820938143084e-25
3.839304399981532e-09
1.6741149372109907e-26
8.584195584051858e-28
7.81331969606215e-24
4.459921033157604e-09
3.1595774219946496e-14
2.892794721851167e-23
1.634949326381497e-28
4.4103073633275704e-13
1.3436519233229983e-18
1.9831567499591684e-19
3.491353101748942e-26
8.786144407791251e-24
5.340023493032644e-26
1.5363991066884053e-19
1.2293624133163355e-08
2.3163097754041693e-23
1.854312654472127e-15
9.342720487571288e-11
2.2540178479498454e-05
4.5574642957166873e-26
3.3192603497838054e-07
3.1175775302665716e-25
1.1969829601484907e-15
1.6350709747472713e-19
9.431728782088739e-26
6.918651451565997e-17
4.165328826552333e-25
2.26828544317228e-11
3.272100906037861e-14
2.271487703429797e-14
1.879942298553137e-21
4.47615655565445e-24
1.2830762946739921e-08
6.386024957851099e-19
1.163991422278389e-20
5.306493772119879e-19
3.0697789952222403e-27
2.3303415895693986e-16
4.788944192987623e-19
8.600569789495889e-15
1.9344685424339367e-09
3.463306102133716e-09
5.368921037650471e-08
4.254619805447282e-12
2.2686780285979018e-09
5.331161904581313e-28
3.5729097205652694e-09
7.877014306612103e-19
1.4569616608839028e-24
2.4771188792454774e-23
4.178042501223604e-17
5.585640440583897e-26
1.2160027087623107e-21
2.5690688906861853e-25
8.551407782733751e-31
1.741790476674767e-22
1.6698789651603003e-18
2.106538907306623e-21
1.827971150503777e-28
2.6855189064612305e-17
2.6863378927832367e-24
3.5636153817083236e-14
2.3807888377673203e-22
4.2822816500521476e-27
2.750333333113731e-23
1.9630495334391227e-06
1.660182669191022e-32
2.5878349000752815e-16
4.175533828208946e-22
1.6326997642310172e-09
1.872725266356093e-23
1.4241196986591153e-10
2.763425537065381e-30
1.3968091748104583e-15
1.4160887957428896e-35
3.3353263626420157e-10
2.538615784748313e-22
1.823285246424441e-19
8.439173460795199e-09
2.350920050512992e-17
5.158955062499662e-27
5.417798167107769e-22
3.5895845915000834e-12
2.8303761677489107e-09
2.505536580994518e-28
7.6055426840252705e-22
2.298394475973753e-27
2.335549139042412e-25
4.870330384487643e-21
1.3492558329471505e-14
1.5402753486113346e-18
6.333648329678835e-18
1.387179187556781e-12
0.13948984444141388
1.1178849879090603e-14
4.563103520869631e-07
8.666515569112707e-13
4.016039553251049e-22
6.800947175964379e-16
1.87558738634717e-18
1.2878989957455001e-12
3.6635679756250835e-23
2.086960834105618e-08
3.501185413566309e-23
9.716002968701668e-27
1.1636597647908346e-18
7.678743389264426e-23
1.0776651325323265e-09
5.708615778370909e-26
3.6407462583073285e-26
8.638942613960365e-24
8.465643200826254e-14
0.0002591734420650903
1.5780293540225143e-22
4.272836090051263e-11
7.52968171809676e-18
7.795667940308317e-31
8.621406649123809e-11
6.251149030845601e-23
8.295113303126743e-22
2.5418562312318105e-20
1.015512730338241e-25
3.266100847471774e-17
7.192931322827988e-19
8.147692169006264e-31
8.703733890171396e-32
1.910535200952069e-25
1.6912830072587054e-16
9.276795729102746e-21
2.755888095330879e-14
3.9230689166404905e-12
5.40812419851508e-11
7.067164862867024e-34
1.0493274077764188e-10
2.755101961864359e-06
1.019333012226036e-28
2.628342181493181e-10
8.077460943222717e-18
1.8591102059265977e-13
3.3248644999199074e-14
2.9564516591424102e-12
2.512323726150966e-07
1.7018132348714396e-21
4.984733288951521e-07
3.3375277738706716e-23
8.637242564594201e-18
2.807379317693184e-08
1.810151100724112e-05
4.7853078728794464e-08
2.819050477522712e-23
1.0221191922537134e-15
2.273498282918132e-12
1.2683843697593338e-14
0.3336409330368042
6.3688735294743554e-24
6.345862287887552e-24
1.0766137856132666e-19
1.3397496980564867e-17
4.04143898854875e-12
9.038240013585545e-06
7.701020787570288e-12
1.289356962440741e-23
5.5393117216921746e-05
4.4990182220395774e-35
7.289184673264648e-24
4.344225339441509e-22
2.2612485930071e-14
1.8695852683363628e-11
1.4513535066546744e-12
8.576778608801145e-06
1.9635850779664337e-21
4.127705220671405e-12
1.3090124894215914e-09
2.1221891512895815e-20
4.9902881432670264e-24
2.7909523045282307e-19
5.5164111764814916e-08
4.4177945254912113e-23
5.702308776942562e-16
1.2927116864451572e-15
4.580844398731752e-12
3.430506559605533e-20
1.8445094563464015e-21
2.292105544516324e-14
4.8115027979269985e-11
8.83252306649915e-21
5.552207065870301e-17
2.88003405681647e-41
1.0722897569455554e-15
6.989652770383243e-18
3.324851847893706e-22
3.348546737279011e-24
1.0193271663522275e-10
6.407336733604611e-07
1.9202597168479093e-15
2.1901438058985375e-20
1.043195041063027e-16
5.911208123252945e-13
2.0295915000133466e-07
1.2282889239688302e-28
4.568428641064917e-36
3.0570355054267886e-12
9.98299349357155e-25
2.5791417496001683e-07
8.961075747220938e-19
1.7662626013375913e-23
0.0001246019663418696
5.704315788737864e-13
2.2748362327267787e-10
2.503447132599236e-06
2.611832970350782e-21
2.297333344826046e-21
7.46674018666375e-21
5.539253653846272e-19
4.5188851117810105e-26
1.076634044030729e-13
1.5739281438875803e-09
1.3682287693132463e-11
9.921517062576137e-10
1.5709521817113406e-23
6.027015621337081e-25
2.1844291163416843e-23
1.9698654880149933e-13
1.637328286721379e-15
2.2124696473997313e-22
1.5369005911606732e-33
1.2275193890891798e-31
1.2193914185741853e-20
1.2600875439874933e-16
1.0731761392154276e-10
4.5053154137709926e-23
4.1852631992280115e-35
3.048079728682516e-10
3.174896647508908e-06
4.110865402124599e-24
5.5748302735999814e-14
6.355951072751452e-11
1.1320910165227061e-13
6.135977243301186e-19
4.45312823933973e-27
2.82923772736443e-20
2.792544746331968e-23
4.745503791571113e-13
1.1173803411916188e-13
8.191801680137344e-08
8.846916830774432e-11
1.0477690810169608e-21
4.517928383286153e-31
8.531363821449202e-23
9.452702723548401e-29
1.874230561572707e-14
7.367482824002365e-20
3.190502194262688e-13
1.2468579331843932e-14
3.5499011366983264e-08
7.702854559720563e-18
1.7234916038244828e-19
9.361583955920021e-08
1.743800658184413e-05
4.60274465691213e-07
4.082212749114099e-17
9.19900040747608e-25
2.1210052739392536e-15
6.507572128036362e-19
4.911220168833737e-28
2.6484499456042955e-09
1.4563294843875386e-28
1.5959153505153136e-17
3.087819179813377e-19
9.656419029379911e-31
1.324692571426995e-07
7.235448496142289e-27
2.1680156350805156e-16
5.597902382968232e-11
1.65124344670567e-28
2.772381048768729e-16
6.555312900891973e-18
1.421807678429899e-23
1.0835986237849203e-07
1.8176209379273658e-23
3.7785591453230526e-16
1.868764955277509e-21
2.972091906781333e-07
2.0588487248404863e-14
5.427442392580085e-25
3.427678382412731e-30
1.6449077491435711e-15
3.768485751954401e-12
3.610524955478608e-14
1.2102034161831482e-06
3.022413688917054e-09
1.7379357400936128e-42
4.8926241566392405e-21
1.0828494394714614e-20
9.080849192198811e-21
4.360466691623156e-25
6.187010800579228e-24
1.3214673265573346e-26
5.202223090555577e-27
2.614154393686476e-07
2.7671662363824685e-28
1.7085954575546118e-26
7.737683119615735e-18
3.419481643299284e-24
1.4480084908848713e-12
7.703779701518546e-14
7.43677968169025e-14
4.413475869489342e-39
4.63108314339708e-24
1.038942176703592e-06
2.383637277825439e-16
1.2503262271737092e-14
3.983599963145462e-25
9.215593861818388e-20
3.1227238561755234e-09
1.586324767904032e-25
1.427328599043063e-24
2.0416736551868015e-07
5.165496527384475e-35
2.0411382578341447e-15
7.887506984202889e-11
4.421866670628365e-19
3.26704208132826e-22
3.004809164143458e-28
6.320342210903827e-05
2.2021443010312414e-29
5.283890071431075e-26
1.9138639716327714e-22
3.035503886416542e-23
9.61661160315626e-28
1.0918893289825624e-22
5.562684973188182e-23
7.924803017083409e-20
1.4446214466080185e-34
3.306429103601661e-13
5.943441024389211e-12
6.573503435818204e-05
5.4081932418576365e-21
5.362660412159804e-27
2.8490244171474307e-25
6.785041625048571e-08
2.9994846570031556e-08
5.979350081325341e-23
1.8533891080730038e-25
1.3658895774846203e-29
2.7038898837680074e-15
2.4984533850254537e-28
3.107834534419162e-25
1.5531467821310611e-18
3.638424858443345e-20
1.4414305840191905e-18
9.402740823714404e-25
7.323596875562981e-14
3.603597687532436e-24
7.129041041956195e-21
5.584090075472802e-23
0.2708272635936737
5.380983545336023e-15
1.2080640423688811e-23
4.302347010127693e-24
8.113027433997278e-12
4.339494276600489e-11
7.882451673005359e-14
3.100100103141055e-23
4.8207493292490756e-36
1.4017375750581038e-14
6.355004095530894e-10
3.7607127531157326e-23
2.253252905973541e-16
1.6806071768501244e-15
6.635410407494807e-11
4.4971726944283084e-26
3.8383398840354983e-16
1.7110839844971802e-07
1.774688025528858e-24
1.8597976910401124e-22
8.539683068153261e-10
1.2018666988758994e-23
1.3163314884323768e-20
4.055213719852922e-18
6.061590785122371e-30
8.592232065483146e-06
5.978412808230229e-11
1.9038587975078914e-24
1.0817778754778182e-17
6.696012201929295e-32
3.0630637375643544e-13
7.440598451732159e-14
0.0007004074219436052
4.794982417991824e-16
2.5598936120484813e-18
5.093938063337577e-25
6.021392638394909e-27
2.6922434489330142e-20
4.907492477355105e-23
7.276630967394988e-08
2.234903101733597e-27
1.0270146607016262e-08
1.5086984824518165e-27
1.45042380145616e-29
3.688946072858983e-23
4.3008060888718566e-14
2.285503136786301e-27
3.450971318114098e-06
4.738456779077667e-13
2.8101016850801064e-25
4.0347605002579343e-14
1.1372160026430725e-26
7.034383101829768e-33
4.660472246244973e-28
1.3693840155744077e-27
2.215688039119877e-16
1.069292208102837e-10
1.9293312215276898e-24
1.4620368827112425e-11
1.5438972935136786e-11
1.1593488165881538e-28
8.347716915432212e-13
4.618513048745533e-20
4.617136170262271e-09
6.285796063652516e-20
5.028786958294287e-24
9.039683450224784e-13
2.0718455271766714e-12
4.803534172728568e-10
1.45625604190237e-16
6.433146578933939e-20
1.120866319851498e-23
7.663548376549697e-10
3.8389539490664716e-25
9.992377393575955e-21
7.652319468079499e-23
1.8495276121447192e-23
1.1385395061339617e-17
1.8462623404385676e-22
3.271082828797718e-15
4.766505013079379e-11
1.746078961184519e-23
2.257108419403253e-12
1.8947070939467743e-22
3.874209410008968e-10
7.712079923440636e-16
8.349457910670317e-16
2.3359334376580678e-29
1.9861444105370826e-16
5.447270806238942e-14
2.7823658842705577e-25
1.5375134563572286e-08
1.544572005847734e-08
6.288979869906865e-17
8.193120601647647e-25
3.326930552078159e-15
9.17401690819187e-22
5.917365081298296e-13
4.198595737323796e-25
6.232332919080022e-11
3.544709326021875e-32
6.169971583934717e-13
4.849167956038087e-06
7.666973851221851e-22
1.2112405434068846e-14
8.543587409367813e-13
2.511467826749181e-25
1.762161121205238e-23
6.179706504279531e-12
2.8548845303239236e-09
7.616713643107961e-21
1.204699485994453e-22
1.4960038996280545e-28
2.218282197560868e-15
1.0882124244197983e-18
7.970012908329625e-10
4.607101106672128e-22
4.4379584159241516e-30
1.538880436117771e-32
2.8744754875285018e-27
1.496923426011073e-28
8.12665386359832e-10
1.8145129657771956e-13
1.5952622348758364e-22
7.285113503538858e-08
1.424856832229418e-25
8.781828455990851e-13
4.282325447641639e-21
1.3981270058545968e-11
1.3209144052792722e-25
1.634346173953561e-08
1.6116556270895042e-15
1.8935234413476737e-08
2.545387608599978e-15
2.344172996670369e-05
1.1631488858129405e-25
2.0743653743600953e-10
1.4463630282765384e-20
1.1402906235578958e-09
1.3785608021356613e-19
4.997925347257347e-15
2.5663933311401372e-14
2.5583148650246844e-22
1.5880322018727433e-25
7.744812799072344e-12
3.8882880891478405e-18
1.3447466640571788e-12
2.2440323457928788e-27
1.4249675333897662e-28
2.936690236025262e-21
2.608108077713552e-28
8.181873360388686e-23
7.580793591012282e-17
3.0864700371991577e-24
6.900937117427135e-30
3.886067935584223e-09
2.6967000109971375e-09
2.586949504903335e-14
1.7481417810960195e-23
2.0325143973867324e-27
1.3665020857438258e-24
1.5700829860914929e-21
3.7209599109121235e-25
1.2456433176258047e-17
1.4918581141152246e-07
3.7616279658535916e-15
8.074070500265149e-18
3.1835984168909457e-23
5.550425967320127e-21
1.6517967616062235e-34
9.46816675076718e-17
3.659842409099927e-06
4.5094619199337836e-13
1.3588846667628942e-16
3.579003017184304e-10
1.0783428866234782e-09
4.0606085472471375e-08
5.8605386253474e-09
4.647654501050568e-25
1.137966417092163e-16
2.359969830327729e-24
9.562245727150801e-22
3.326784553519639e-20
5.605601203738387e-09
6.354107379919383e-25
2.458843245304698e-10
8.459904252775175e-13
4.38349710144065e-26
4.039381846024192e-26
3.3360572869354075e-12
7.929527480201343e-26
1.5464850010309585e-15
1.717969237220732e-07
5.219894923373428e-14
5.5790068218469946e-12
3.747470399596309e-26
2.5485428081208035e-09
2.198274174022148e-18
5.352668115846038e-18
6.5388890141779276e-21
2.20143382539675e-24
1.0000973210186638e-12
5.351288869188622e-06
3.990292248480858e-11
1.5575687600463448e-10
2.5587093253901257e-26
3.4576186870867876e-08
1.0484773462565096e-24
8.475487654464634e-16
1.8622077028554428e-08
4.7689200799142994e-18
2.1183774613757893e-16
1.5289258399742245e-23
3.4820399221130335e-11
4.363185443567718e-14
1.38263345312596e-24
2.1354411060760273e-27
2.3375277589351135e-23
6.722176032339283e-19
1.9310449374526993e-22
9.840879929026077e-27
2.5429070939907312e-22
5.653865586905383e-26
1.0563447636721529e-15
1.589064235218675e-16
3.3718524801127463e-09
1.3216775111086074e-13
2.795075696784049e-14
1.2743810570322719e-24
6.1238018725793624e-27
6.158524167491318e-24
1.6964631996457953e-12
1.5176698788166817e-12
2.5691672467818325e-22
1.1069063661475366e-09
1.4025310893955822e-16
4.0979510960720615e-13
2.056910431937032e-08
2.270860072584755e-20
1.2605765513106133e-24
1.7069242815074425e-19
4.028944896443079e-19
1.9330202971712344e-14
4.955993383045987e-25
1.2971218446320202e-11
5.442971236574554e-13
4.845340721612387e-11
1.4894706366551745e-21
2.054760622445752e-13
6.1139061924949316e-21
3.3025712276320372e-18
2.8096189666263435e-14
4.1062014798475556e-05
2.0167742408360163e-10
3.1102970869902463e-13
1.894588798825568e-29
4.070092336441065e-08
4.317206294860325e-31
5.59973723761005e-22
5.0778106405065e-15
5.647740895543572e-17
1.94393370272616e-21
3.7934338708343593e-16
4.923118172613731e-09
2.8755151944350682e-15
4.587884643341532e-10
6.805651835874346e-22
4.717852468234091e-09
1.4301675857367763e-09
3.3895818138497506e-30
1.6451997517756278e-20
2.833401535654291e-35
1.0818104429335238e-14
5.63635328196463e-15
7.927933154768574e-13
4.91838146985017e-19
1.151629034179223e-16
3.749001510281679e-26
6.58185026515391e-15
9.727114748985594e-23
1.703009704698755e-19
3.1197619985355013e-14
3.510739846963395e-11
5.7038432436256996e-15
2.5916189234631294e-16
1.4895416549443084e-21
4.19488602699636e-22
1.0520279809225451e-11
9.518276766420098e-06
3.044578521314655e-36
3.837822329249275e-05
3.318190361770276e-18
4.890623551395903e-12
1.2399606293415264e-10
8.575563837375068e-20
2.6579790972559798e-17
1.6722036069528335e-10
1.7138346159935743e-13
9.249984240643177e-17
6.84545414409099e-35
1.4632488176738479e-15
2.1995760106357226e-15
0.39944443106651306
3.102775274899045e-21
9.272883018804717e-25
1.4598925521348156e-10
5.929749897560955e-27
2.713337316099728e-33
6.576726799631895e-25
1.3702829181589316e-12
2.220719280104793e-08
4.70202610081219e-23
6.720149747760723e-19
1.5107775705660713e-26
1.8397023818370085e-17
1.3927702422229557e-22
1.1739223078788223e-24
1.135293965023037e-15
2.4215148491918924e-14
5.54206936008056e-26
6.998135333085496e-24
3.015402220673226e-06
3.29398753388087e-09
3.093794476326066e-08
2.2193550318932124e-17
3.74753117973855e-21
1.1722329013864955e-17
5.978419722468179e-14
7.647153146177205e-28
2.078471131704158e-21
2.1701703252839416e-23
1.7027203182835556e-19
9.220690277592881e-23
5.609437380630896e-31
5.879713148644383e-20
1.0467827025908637e-22
1.0879707657406623e-11
6.4515489674212865e-12
2.1012080001254467e-30
3.572138838010433e-27
1.2560913659473462e-14
7.814896352028939e-25
4.8339200861278115e-23
2.3355668984382518e-32
1.7638697141799163e-22
3.088930880900473e-08
1.3676244081311697e-15
1.4846880355336717e-24
3.0972647073909513e-17
1.0437086909472486e-08
5.293320523586026e-07
1.772644073259259e-21
5.718194970283825e-23
1.7916980061756115e-28
1.875939747273306e-06
6.95985332456328e-16
3.502337213889315e-10
2.6628781487388727e-10
2.0090304341647942e-20
9.588355144965423e-15
6.734829385339094e-16
5.931957800494546e-07
1.1989984964926165e-25
1.6184554966192877e-13
2.431755576842802e-20
4.215616312331137e-09
6.566128816182741e-06
7.123070663629548e-20
9.804711905142959e-23
1.2177169515353422e-20
2.8179851002531407e-22
7.384204643027967e-25
8.62744458756641e-12
2.5300927893183705e-16
3.193110638541022e-22
3.0340096134169894e-14
2.226787092877616e-25
4.831907482012436e-12
1.9107673183971794e-13
7.6724545589784545e-28
1.149278915203254e-14
3.82291551870593e-14
2.7864998303913845e-21
1.336700890879957e-28
6.563178706353335e-26
3.2116249439959907e-28
9.395496079810705e-11
2.5688786436717398e-14
9.844922126946222e-10
2.945840347305983e-12
1.589207598678071e-20
1.7765942467301506e-11
1.3632931061054754e-28
2.7296778100874853e-25
4.9810627975204876e-20
4.754593357912453e-21
8.32978732148396e-26
1.0299713669627811e-26
2.0783528701327955e-06
1.1531551518777377e-15
1.4425433948254927e-08
2.204180014013712e-24
8.251581091705022e-19
5.955505656711165e-28
1.6014452372253743e-12
7.810349354308648e-12
3.974317261194057e-12
1.191345638035042e-29
1.745995645231002e-12
1.5854440174244746e-20
3.118048654450156e-15
7.42459102692306e-15
2.2371059727316146e-22
2.1401592500691675e-15
7.755325018362192e-22
6.494071961347595e-09
1.1521035973187607e-09
6.643161317288804e-31
3.2438374406881904e-14
1.7856378690084675e-16
7.198330629600918e-13
2.0127235272775715e-17
2.5015592976336683e-11
6.274374020101076e-37
1.4757241287108908e-33
1.1415060267611871e-24
1.724454129023465e-27
1.588820499288226e-16
1.0087128585618212e-25
9.921422244073575e-15
1.0296908416838794e-06
6.370890335973031e-07
8.95491649932378e-10
2.6612235918586104e-22
1.885961086652297e-11
5.854887930202352e-11
2.686321015102302e-23
6.838137297773848e-05
5.840436078050394e-17
4.99317398679427e-12
1.1113433992448306e-15
2.3675492927284244e-26
1.8235061805044976e-12
5.93953309765718e-16
3.534000396899754e-09
8.05058439015379e-17
1.524575233920839e-20
4.479178493281402e-19
3.3950111324531877e-13
4.8792254115686415e-15
6.932362899779752e-25
1.9003968300157795e-21
4.637371023287092e-24
1.481487995907184e-17
7.400596624114503e-16
1.9017362718129591e-25
3.7068427777065773e-26
2.9104286941059963e-08
2.9624510915584053e-31
3.3261021209397118e-06
4.0778684274523936e-17
5.301135622034795e-25
3.960353409143881e-11
1.342414318508618e-23
1.0486811617930553e-17
3.039213956602163e-20
6.27306013288517e-15
1.2795649814773645e-12
3.6597678558007095e-24
2.3890293293195334e-24
1.5397650132019688e-13
6.470413699759949e-11
1.644774724135898e-10
3.014091281579376e-21
3.227240559694938e-13
4.887590557997485e-11
3.506979364164595e-40
2.1921964690706645e-23
1.386425516949668e-20
2.980153615447407e-45
5.910133906103863e-10
7.366142088490064e-54
3.077755709477592e-22
2.661455758922872e-34
3.1491657770908646e-12
1.0222116868956929e-22
1.472990793434172e-14
7.078503160684173e-17
1.4447332468927698e-12
6.925643637534034e-26
7.514064848871465e-09
4.828280482375716e-17
3.946641165914328e-18
2.986329550967833e-08
1.2559203547728136e-06
5.7667635642380176e-24
3.970860673129454e-14
3.039348621183296e-12
6.218343210746276e-09
1.4019027979136724e-15
3.5077246172429466e-13
2.1008771620690908e-16
1.2264312308163537e-22
2.165081402491852e-21
1.0801457936848696e-19
1.3488885665653992e-09
1.7695396721959683e-20
2.148078732964073e-25
1.8509504543702914e-08
1.3935263580074624e-24
1.1344196628608092e-20
1.836945374032408e-29
2.555799594120977e-10
0.00020322891853269664
6.243248644322103e-35
1.5808839124191202e-20
8.304924917148318e-23
1.7298465783412585e-14
1.2077732924074378e-11
7.286903740940769e-25
4.331454969979996e-11
1.2301333683724844e-25
2.1239002200715897e-13
4.211032267451129e-37
8.14086385084614e-21
1.177999881087168e-25
4.605821539189685e-15
2.2360022573023116e-14
1.0185353944114277e-10
1.7761350106452775e-48
1.3179276117724945e-19
2.938441981349534e-10
2.4685498323802794e-18
4.502740152076964e-17
1.1665620079394586e-27
1.085148597915976e-22
2.087070584835895e-14
1.8218810417424386e-22
9.534144269660664e-24
4.0861428462545634e-21
9.338599979490969e-16
2.5617788723437277e-21
1.6848370703871763e-09
4.206800865655389e-15
3.241350537180205e-16
2.7527621253172753e-25
9.030894465648302e-37
6.058342485163019e-20
7.707603283788212e-29
1.2423064879691135e-23
2.3557191445727556e-12
2.0464330068945687e-09
7.154912408441388e-15
1.0877792907619867e-09
8.906519109354878e-05
1.2488648356079124e-08
9.90072205549003e-09
2.7185727662739974e-17
8.480908268667042e-17
1.8839163861967015e-23
2.284895061398208e-07
4.26097038983801e-28
1.4708227095123299e-25
4.9783939333512285e-22
4.019561613432286e-15
0.03729293128789002
1.0043462973291085e-08
3.068391607960649e-14
2.244606776302563e-24
1.4339604412267075e-31
6.112317409056155e-08
2.705750321393254e-29
9.860823136880984e-12
5.791828255498664e-26
6.466388574949416e-08
5.530238808622478e-17
1.1254526597322213e-26
2.332172427928559e-25
4.0411201548423446e-27
2.4880257316510083e-27
3.871030842262297e-29
1.779577131867846e-30
1.8881449099305864e-10
1.0946589919490996e-17
4.3481426849187205e-15
5.094498538577563e-23
4.357904009267037e-12
4.4023123758838815e-21
1.0895301332940667e-08
6.676741687026881e-28
3.5531446118926555e-09
2.5110385091121664e-24
3.659737056923654e-14
2.663768958414494e-20
3.806704015512844e-12
3.251959840419345e-12
1.9545078170768887e-23
2.5335787642899014e-27
2.3114352178274337e-24
4.2129970299776354e-07
6.799488989912954e-07
9.005965932448286e-12
2.3822925389039228e-21
1.46298329617487e-16
1.16457643040896e-20
6.451887321095708e-19
1.0331354766087419e-19
1.5275417572845451e-28
6.5015220261128206e-21
5.665506474154078e-15
6.811777709135528e-21
1.3411553419099907e-15
1.3395032011075405e-17
3.494191495308627e-11
3.308535640964419e-15
3.4743698557870116e-19
4.6838540006494506e-14
2.6888969952234113e-11
2.205047843911616e-15
2.3482636034012073e-17
4.319189588976141e-08
5.480756407721268e-12
3.3270443151849873e-06
3.697483347673936e-16
8.88595533955468e-31
1.8138586724227535e-26
3.2247891800222214e-07
2.0243688297214066e-22
1.177415570053542e-26
2.992709358654155e-20
2.2938659945341927e-16
4.644101134254634e-06
3.0537327701422597e-21
9.76704242625547e-22
4.332083634271895e-13
0.040676225502494834
4.492756407424363e-16
1.7853440175417158e-12
3.180279654938139e-08
3.6173919894972774e-30
1.6401821980877461e-15
1.1384718538965158e-13
9.867696102538741e-26
1.4232515030486562e-08
3.396586032522802e-23
7.245457777444439e-38
4.5415111112781495e-24
4.0090901053804474e-26
1.7216199656830008e-20
1.0564732840831473e-07
4.894455693880578e-06
1.5104686746647328e-11
3.595915671338562e-16
1.800185711229282e-14
7.466189597803745e-22
4.771947381415456e-17
1.903392848657238e-17
1.5915236780189775e-19
3.9424200867567555e-25
8.761622806786783e-11
1.1424190616327716e-09
6.80994105202097e-05
9.910276911224185e-27
4.1093137946936354e-15
4.663770954084883e-21
5.581433262834467e-23
2.6673016577448993e-09
6.465618289175512e-10
5.958069129278198e-10
7.784010926665233e-23
1.4068100425488663e-27
0.08431993424892426
2.4012511481455838e-29
7.446218274624893e-22
1.1891041363493807e-08
3.636534333138121e-29
6.625965716678425e-20
2.897662427641923e-28
4.3914174367112525e-28
9.428343393729724e-26
2.079610110674805e-16
4.773510507960906e-05
1.3458309120407105e-17
2.6314068813431634e-17
1.288629208241268e-09
1.1686615561005726e-16
3.831035187841152e-27
1.6893340154892363e-19
2.778455436786824e-15
1.267210748564873e-28
7.764125970510937e-21
1.591773232063165e-11
1.269960004326757e-07
1.7979481294351136e-10
1.9094664328803964e-09
1.6060096440975362e-16
2.4518192415777926e-18
3.5708361429123724e-25
5.933393000423119e-27
1.763148928918874e-24
7.791272069998672e-06
1.2365193353294317e-19
9.352503914483444e-12
8.405947540869415e-26
1.3618002859954611e-21
2.805191415080143e-28
9.12831222707611e-15
1.2247691637124024e-16
4.528405180860842e-22
1.67549539836906e-10
1.864093838056841e-20
1.182263747248671e-20
1.968270766918816e-10
1.117436307068884e-12
3.949963291435933e-15
2.973366739750254e-14
1.6712267189498782e-22
0.11181209981441498
1.4196096667177172e-05
2.5671465571085866e-20
1.2448085490622614e-15
2.085725088930968e-13
4.105168411829106e-23
1.2661207807026841e-24
3.392800782173607e-27
3.261167551361139e-23
2.2642131375176683e-11
4.041631653126523e-17
1.0284713679532506e-19
3.301741487345999e-28
6.0600349682544105e-25
2.0844685569950147e-25
3.6802043766315736e-25
1.066362530562889e-39
1.7365294956453973e-19
2.006383015252285e-18
4.79720215948477e-35
1.729795014688179e-16
1.760344590824529e-25
8.477311978964601e-23
1.1111909848198446e-06
1.096388947138885e-18
5.208136591084914e-10
4.450213542533897e-21
2.2737145042309188e-19
2.427053197152278e-16
5.028250585652047e-15
3.119271764745205e-13
2.5080981764608916e-14
1.7828116548504975e-23
1.451580888907374e-14
6.260111395701533e-13
1.1112889703924854e-31
5.190587401092255e-29
3.636577494845097e-23
5.527411899800003e-08
6.136907618878909e-25
6.670173787415572e-12
5.5565492290405524e-24
8.268279052872125e-36
7.910531801003997e-14
1.2620093235844539e-13
3.454510101534555e-18
3.8178203943908225e-22
1.535882060493385e-12
1.0979933342857314e-17
1.8125594124040145e-21
9.995378222075403e-30
1.4002007529828387e-27
2.1847773682713726e-23
3.0583872471792244e-21
1.7928607509990167e-14
1.1382421984868685e-23
2.2269616764166834e-17
1.351595126796741e-16
3.5474851733762732e-09
2.101812795689481e-11
6.476612966429195e-44
7.390215199844954e-13
3.1644154872015697e-10
6.095952041767295e-07
3.273287486736573e-23
2.0518590350345726e-15
4.446629339580457e-25
2.863434222008223e-24
2.4389909528759853e-05
1.7113398245938493e-23
2.731185490708393e-12
1.2196602529413534e-08
4.7373185801201e-31
2.2429734864648101e-35
4.5584112590129e-25
2.7857290833368566e-20
7.480228287155452e-21
2.3663240880524805e-13
3.6228700087849885e-24
5.9021925242296646e-18
3.961946641622416e-17
4.298533528026964e-27
1.0313488302908407e-24
2.180478571136339e-21
2.210400054926382e-12
5.667382311345729e-19
7.356432654706543e-18
5.277501782206587e-16
1.7725379484958518e-10
9.306147840268533e-11
1.6989801199722553e-05
1.0074632921965756e-08
3.172616951112482e-26
1.7212932290829042e-18
1.0524558942866929e-23
1.5257969040446994e-35
3.6977596740138156e-14
2.249402385767849e-18
2.0462494116552172e-07
1.04666432857402e-29
1.2791398161965327e-20
3.5889840678605814e-14
1.5922270683633421e-21
3.691781615303411e-22
1.620836815926335e-08
1.6335991131256003e-14
9.794932383997937e-06
5.079469066754768e-24
1.5994390570413625e-13
1.944910472271291e-18
1.7664572099479726e-21
1.3078544545111344e-12
1.5504002829662858e-25
6.194886667364435e-05
1.6693934444872043e-11
5.402975349948725e-12
2.3902942875908093e-12
8.285643317248519e-17
9.812808834942994e-18
1.9611228081086326e-28
2.7962425576114788e-24
3.0954571735871214e-07
1.952744851927544e-11
7.333266311230172e-21
1.6723088599966132e-11
5.337111573067295e-16
1.9670687357420156e-15
5.519536110262369e-25
1.257116715527165e-24
1.8162987496109651e-16
3.4801134991734997e-13
1.4503136390401968e-21
1.2610461860871826e-42
3.762428134758265e-13
1.210528967117011e-10
1.6267303695392677e-10
1.0112177325339329e-22
2.1853803357583428e-16
2.073418059747565e-12
3.802416822812526e-23
1.464623616621145e-17
2.60385813725196e-12
2.2457904364568086e-27
1.0944464008288626e-15
1.4241081521731392e-08
4.228328270656805e-22
4.6917912117419376e-26
1.6263245649385571e-06
5.781068673774311e-28
7.61675789018151e-26
5.765327521130892e-10
3.244195894291689e-26
7.650755231918311e-24
1.5571884906454574e-23
5.434689551249271e-16
1.8938941478575404e-21
1.4706348457311532e-16
1.2139088115344353e-20
1.317820563504435e-24
3.4988541053352154e-18
1.9692122553428305e-10
5.281998561654226e-13
8.242762690005648e-24
3.711680182759771e-26
2.878922547465706e-13
2.081844500083907e-08
7.705382654123277e-11
5.779567115233904e-14
2.7334693746132575e-26
2.530483854198591e-19
3.136421669376704e-18
1.0205342689494831e-23
1.2343269217486829e-11
7.138164231214874e-18
1.3279968544005303e-47
8.814747852984017e-19
7.746130685719621e-38
1.8431966944517744e-20
3.963181381360567e-17
5.9991351693055e-23
7.269163389385939e-06
2.5647394643959578e-24
2.2386224751780366e-24
1.8393225797237748e-14
1.405066813803442e-30
1.502642534846298e-09
1.174296993392561e-31
5.1756698131490155e-12
8.222477601438502e-23
2.32840832996943e-25
1.6456809705309697e-19
4.997995916041939e-24
3.463038601331511e-11
8.747280672908431e-31
7.190484566317584e-18
1.768141799928053e-23
2.367004492794022e-25
3.3765698318743424e-09
7.811032819174587e-15
1.298701488650937e-17
6.177638342206172e-14
1.8710773569136266e-11
7.223417070784143e-15
2.829164837748233e-19
1.6994100215001656e-22
6.434914886128717e-09
1.0194995508175836e-12
1.5191137489302065e-14
5.960248175060359e-25
4.461089370446288e-26
2.1069180107376346e-09
5.93860430799e-39
1.6636595753034176e-06
1.0245566602752744e-09
2.8024194823125994e-29
2.687929890480766e-22
5.880318422300561e-08
3.5588975797852927e-31
1.0208066255634613e-12
7.114762122040204e-15
0.00017832326452767755
1.5738016776529925e-29
2.8537741270696517e-27
6.553432195300933e-28
2.051240112104638e-26
1.229987352432119e-24
7.365634086173549e-29
5.375682083386134e-21
1.7562202926978495e-20
1.061232812963878e-14
1.4710311251845825e-10
1.8479881030689366e-20
0.0005933754132178449
5.968431879296669e-09
0.000404800273141395
2.379363414208261e-14
1.8592911031840717e-07
3.7618924080763244e-23
4.150049628140801e-18
3.87989209921397e-25
1.8494420364630985e-05
2.5128729984172518e-12
9.164578472308126e-10
1.8258587356876386e-07
7.377094392094158e-21
3.030993688166526e-24
1.9839275191408952e-20
5.468029639359767e-21
1.1628157677344013e-11
1.8744332431453307e-26
3.0431945557553114e-20
3.498595169134995e-41
5.1808683776886656e-20
2.1643044625142536e-12
5.463644615610893e-12
1.64734230697541e-26
8.740859708537084e-27
5.02023925724607e-27
1.5752537488722486e-05
3.429757711379327e-19
1.0082774766954638e-07
1.9815726563592287e-24
1.9253059317850274e-22
8.63859380148514e-17
2.3361713330676194e-15
5.467788281240376e-07
1.8986187403141692e-23
9.147207744625286e-20
7.80687231772736e-10
3.2600888650111047e-22
7.27616323941339e-22
3.004832452095972e-12
1.42905269660083e-16
1.0291235561682892e-18
6.059595677933838e-16
1.0857343358721992e-44
3.821430665803005e-12
1.2280285330520467e-09
5.3833792423146875e-09
9.39432495571708e-16
9.111536014398609e-07
4.06004251812947e-12
1.1540271103763427e-11
2.2474293801515437e-29
4.7454148254842684e-05
9.331090897790961e-07
4.224720236956003e-17
6.484012242554104e-28
3.357826533978296e-29
1.3420427602989276e-21
9.823176170077703e-27
1.924175620129725e-10
1.7479619992988602e-11
1.0152998332196467e-09
8.667180238565085e-17
7.408318342423475e-20
2.1103239521817097e-28
1.694782499514174e-17
5.67363564348321e-11
1.3467892972371466e-12
4.620219455957749e-14
8.784195328726767e-26
3.600057483831815e-24
1.8133680189037833e-22
1.5896972658174013e-10
1.8473210235519647e-24
1.8751763524188082e-21
4.169068575350036e-19
3.8878359628494315e-15
3.1629960639217324e-18
7.560485159079025e-15
5.804189240652178e-12
3.3793236071511263e-15
2.072951289590916e-09
8.647203254785857e-20
6.608910909387688e-19
2.313933308896847e-10
6.761235731115274e-29
6.900454859146417e-25
1.569657235086528e-11
2.0420817472600572e-45
1.228080376429649e-12
1.703096906320703e-07
1.827339475055284e-18
9.582361831546263e-07
1.2222142181290448e-14
1.6734723385969314e-13
1.0572395113521111e-10
1.8205396313619954e-13
6.652882196374214e-25
9.387240945981208e-11
1.3037005860894146e-12
1.7759872644413986e-22
0.28287971019744873
1.778756890612265e-18
9.227900322140916e-26
5.3728446403993836e-14
9.643502472046576e-09
3.9143033327969006e-20
0.00028637988223178396
8.228368770895107e-18
1.5011904833731455e-18
2.8821352618308337e-23
4.024833074751263e-31
4.136739891594152e-07
1.5119737514442837e-10
2.0218258175128336e-09
4.3488340347133e-07
2.9850535440654503e-15
2.2698292672044977e-09
2.418488262297587e-28
2.9624038340994634e-10
2.0409470165170305e-25
1.7853528365414648e-39
1.3690087461207607e-14
8.132205319137436e-09
1.1371222814974887e-25
4.0268882112517646e-25
1.984699885476413e-08
1.124801628658737e-08
5.678518958502818e-26
1.7260218388219313e-15
2.3351633172512182e-12
4.219229621263936e-20
6.448633833086935e-13
1.7603087079551117e-12
3.4051650023926525e-22
1.2952278343122218e-24
2.762814664702922e-22
3.8774106428316686e-28
1.4636003342218076e-07
2.6436838990249607e-25
1.3710826814996085e-08
3.2228765611333236e-15
2.545008437330235e-29
6.581298262819267e-15
4.035302861482114e-29
9.18985387077838e-26
2.747195693395634e-05
2.6805027529895417e-28
1.111718286898002e-12
1.2511600268478272e-10
1.657273578385604e-19
8.551944997271704e-32
4.0372348540279156e-20
3.979091752709603e-07
4.479399187324083e-08
7.02335141660698e-11
4.709198348742235e-24
9.699752299218733e-20
2.89784672209712e-11
1.1483834390528464e-23
3.736068509825574e-21
2.2383681200860855e-12
1.3036209653668497e-18
2.7105156278375236e-26
3.69089222897038e-05
4.2156401935332753e-10
2.0345505422554815e-10
8.678467130255362e-13
1.0044901121508811e-11
8.30087354515526e-05
4.1223420854036135e-10
2.173206363902083e-24
1.8949793923865919e-22
2.0326664207671993e-22
5.003206767847899e-28
4.658415326068503e-19
5.198965463126326e-57
1.2637975530973808e-30
8.194900148225019e-24
9.425364731386555e-16
2.0081443973036646e-06
2.884393754322756e-23
3.38563589120885e-21
1.5253209540838633e-14
1.0141226436698098e-12
2.1992302357388306e-16
5.170416710626817e-10
7.053662501744918e-24
8.38696801096622e-17
2.674275398539821e-05
3.7714499699388446e-24
5.710414721095296e-20
3.438575982571836e-14
3.1926354634449246e-16
1.0286466180568992e-09
2.0187906064645065e-13
1.8071767196620113e-20
5.168611084975591e-31
5.416134493361856e-23
6.336453176173413e-08
4.2953486980821544e-27
8.932759303465607e-22
2.9662831574444894e-25
2.2803625022969914e-09
1.0783137572515828e-22
3.1413143578914773e-32
5.9458531114449816e-27
3.6523589973314846e-26
2.3447022495384913e-21
7.890266843231857e-21
2.083905624973706e-09
1.6340309180949817e-24
1.0457884946259208e-09
3.630831518379871e-12
9.772358088114179e-31
1.9579885491893633e-05
1.511353556441827e-20
6.479953395063191e-09
4.204073142967062e-25
6.959710793896529e-12
7.246213489630527e-09
2.1770835967923268e-09
4.9620548245268934e-15
3.6838089410955887e-10
1.175929498581654e-22
1.8823731595418793e-24
5.297269311520445e-18
6.341481727650354e-18
9.634321726478408e-11
1.975235917248475e-25
1.2185397946819598e-22
3.5569841756517956e-17
6.896266681155377e-13
3.9455232402704405e-13
9.223196561975922e-18
3.293210483445914e-26
1.248922764974699e-22
4.278831187168379e-13
1.9105670169562406e-13
7.815954320089332e-25
8.417374789835444e-14
2.5316887588567113e-37
1.6871124463539366e-13
1.7871436220316785e-07
4.154058125461323e-14
2.1019426851010294e-05
5.182877507871488e-11
2.1733066050816397e-06
4.1167046270479047e-26
1.587989334188614e-16
6.304552454687804e-18
9.869954522979191e-07
7.845682192586961e-27
3.810623544315933e-08
4.433916064308008e-09
5.311962847411833e-26
6.585048715785403e-11
1.1719707887316174e-16
2.4582326635623344e-13
4.926493892009386e-05
8.103699856918633e-22
3.770626333855619e-18
2.6356405630383088e-25
7.033336272866544e-15
3.171658775351233e-07
1.5678480422436507e-21
1.283239840577724e-24
5.3565623584988835e-19
8.69510677098135e-11
2.3589409684791354e-25
3.465248339163856e-07
4.2523092547947043e-07
4.8801108015853654e-08
1.079532332720011e-16
3.6009563517701715e-22
4.5028598093258816e-18
3.2854576771082183e-12
5.7472960631681146e-24
5.282692300557563e-24
3.8435257701319115e-25
2.5079620535557625e-11
3.50042284639065e-23
4.0880129039023675e-25
1.5628707363419618e-27
8.126383203705767e-21
6.3552606466595875e-12
8.389003787657342e-11
4.0099486027045193e-28
2.7597333570965682e-14
7.242073960927461e-14
2.354889973292852e-28
3.065105237403649e-21
1.179765780855242e-12
1.7115355375777079e-19
3.7414046603455056e-12
5.486726860910864e-24
3.471355916081243e-26
1.3477461903077384e-24
3.463557727571995e-08
1.7862802749602775e-14
3.508931449699278e-24
8.553735623282817e-22
3.5279606708733276e-16
2.486885045032693e-19
1.1007582461893065e-15
3.391428641048139e-28
7.59002387338922e-19
4.586465134764693e-07
2.052002615847819e-16
6.148067333468324e-14
1.742396066166112e-17
3.458623325521776e-06
3.967816519450571e-09
1.126507780878368e-21
3.2022252294664187e-24
1.2442509094201136e-09
2.875244164764699e-29
1.0740425431526403e-12
2.4125057687438374e-23
1.1311576638623116e-09
1.5511520379872113e-12
1.0522808844891817e-10
1.4717849588794967e-18
6.3688353074406075e-27
2.758844735566043e-24
3.448575712549714e-16
5.400763709001902e-09
4.720945272056425e-05
1.660518658300858e-09
3.120424715619516e-12
6.430567332227062e-20
1.6642018458750014e-20
1.05301088694246e-26
2.0875806809547848e-21
1.0276599183884203e-15
2.327369175520222e-17
1.387592081927894e-16
4.694844258921276e-20
1.1392655429118625e-24
2.3996019454114108e-08
6.194137780024229e-26
4.987396133934054e-16
1.728814672776964e-30
5.219257885742608e-22
1.8471748762303464e-17
1.159110674715605e-31
2.6226670555043236e-22
2.4566257470295258e-17
2.8700419258664165e-22
2.8223559403479844e-09
8.293078456506952e-18
1.3556026559978538e-14
1.7964497201958952e-17
6.0817358982878185e-21
5.544971201957194e-27
3.747436482634266e-09
3.145806415718939e-24
1.304069187117508e-14
1.1428522810192584e-17
3.420396697363653e-26
2.49908439503409e-19
2.3561751388940182e-17
1.6239429449518177e-27
6.227396445450013e-22
2.5471427391966766e-12
6.439742518620846e-23
4.021098331246248e-08
1.2025705391093705e-10
4.2096709778247805e-24
3.648509304655429e-27
3.4115907025483593e-22
6.774377186050474e-23
3.40539569153448e-27
4.613818615368343e-16
1.4570557658143944e-06
1.5270297813012792e-30
1.149441606228025e-17
1.178613273224244e-18
7.323910321727813e-26
3.4661861533888475e-20
6.992201078859332e-14
5.6176297636510464e-08
7.118204607865679e-30
7.111472626316696e-27
2.3375063645518526e-14
8.832098050937906e-13
3.5752550227046835e-18
6.859976022268188e-14
2.4663350449269418e-08
5.915697580921625e-15
2.014824809948158e-08
6.278065652641148e-06
4.1712870510230777e-13
1.6074145429261657e-10
5.6735819753389975e-11
2.0600462764325714e-11
4.688944430495309e-19
5.420656349619465e-19
1.4866304579529606e-27
8.139625271768925e-20
1.6372415777831362e-19
8.513238002335697e-13
1.4524639789510741e-10
6.5561976122766235e-19
5.147649429224605e-07
1.6960966783934677e-27
1.7546344188498898e-12
2.827021162262453e-22
7.242334112067382e-13
6.464134635853286e-20
1.759103225185106e-15
4.3968192471700674e-13
2.3952910103460966e-09
5.664137418264994e-11
0.3700224757194519
2.110430639992103e-24
2.4202795412477592e-08
9.8949658800908e-18
3.460484720462653e-11
2.8085023820678927e-34
3.878763837089114e-25
7.852407417508033e-26
2.323930739218774e-28
4.822891303683338e-16
4.620750218321173e-21
4.048646696499227e-09
4.967405864741061e-12
3.808181791963909e-07
1.7642258377162606e-28
1.011757033971874e-09
1.106739234536711e-09
5.5229010402990765e-11
2.3183188951211695e-13
1.5318858116133124e-18
3.8594579441446553e-20
4.652934424674416e-28
1.077165105829294e-25
3.1272915604528643e-25
4.1765741059899906e-21
8.298887017936298e-26
5.536386137459056e-27
1.0776455113379369e-26
1.5295181329818972e-09
3.925208544912126e-15
8.492289974387378e-29
2.1426119725829215e-22
3.079119436436897e-22
9.225316115433351e-19
2.9327362342027304e-13
7.450416510816482e-18
5.1072617159327986e-08
1.9750166759844008e-23
1.2900087511324758e-25
6.230212784552463e-34
4.8191803872426354e-29
7.322143611351159e-07
5.965430823473282e-19
7.173160637431843e-15
3.4932535276309377e-19
2.750747654937003e-10
2.6266685670178716e-21
7.992294254240076e-11
1.850151684395979e-12
1.6794413645617756e-35
4.655141734424611e-17
1.5173902411620526e-18
1.2079156078679842e-18
3.8391866078912203e-13
9.010107154725675e-14
9.250874120584835e-16
9.431814341625042e-10
2.4258701444839334e-10
7.001626298032367e-36
2.101145326545458e-11
2.3563199230309785e-23
2.0206126823903458e-29
5.745379084243579e-22
8.349701119474595e-06
3.3346169808344845e-10
5.320939428262189e-21
3.09674177086362e-10
2.1503747266022646e-17
1.9142324054473282e-12
3.4141909815358324e-28
6.848694809464129e-16
3.1887001566736786e-27
1.115037060481278e-12
2.292157446233531e-28
1.4962522634718516e-27
4.2384875347671094e-13
4.2096207448102687e-07
6.035462286638472e-22
6.99640988493444e-25
4.578241562001352e-27
1.2450134369930046e-07
9.975559205268343e-07
1.9123927056182444e-07
2.282580786710969e-15
6.482521071214936e-29
3.257898953871073e-17
2.994074301256899e-23
4.0537013725074057e-17
7.130281984040322e-14
7.804876202043191e-17
0.00011729560522227844
6.253964385947216e-18
1.4239461287368435e-25
1.6386182100490342e-25
4.254794187980776e-15
7.195214458130072e-09
3.0294397128088763e-22
1.271442271504848e-10
5.963805040709977e-14
5.880356166390519e-19
1.2773729548757482e-27
5.018943194772248e-09
2.444691694576309e-33
8.629121628398865e-13
3.079366822127913e-15
4.810362146597896e-07
9.783579108432296e-24
2.0280234711744374e-08
1.8789743990977856e-22
3.3390925875632236e-25
2.783700105966604e-05
9.337748691856732e-14
1.1596370081000184e-11
1.3986178398345804e-05
2.687229244530144e-14
8.898452910557036e-10
6.615735018765832e-26
6.373735193218063e-10
2.4267403534194335e-09
3.303649550581659e-25
1.3632674866102742e-14
1.4891834082232825e-17
3.409035525453131e-27
1.268835462272029e-24
1.282501019249181e-25
2.4748442382621005e-16
8.192662701828556e-13
5.761374361901099e-25
3.175492582429589e-17
2.8725384037750778e-09
2.1606411884503887e-07
4.068893139197285e-11
1.0799002179157387e-21
4.3416897786005797e-13
1.038942424181773e-25
6.159964795769586e-30
1.8178305627216296e-23
1.6900394995053053e-23
1.0604718764902768e-31
5.169630156411518e-10
1.9069884933626504e-17
1.280696841418919e-18
2.8300091520460245e-10
2.291312541366737e-10
1.3160223051014538e-21
5.242838181541619e-16
2.054178337713263e-28
1.149218696284706e-16
5.027084690061808e-15
2.9438982845141824e-12
1.583732469982333e-38
4.1336995393068096e-16
1.7293447111217226e-20
3.98202378877949e-17
7.739557252651659e-22
3.92423522096529e-22
1.0222184444635472e-29
3.5506350738147854e-21
1.0148354809455094e-19
1.557761823993421e-10
2.348580820320144e-24
2.7198914577085377e-25
1.3634071155739218e-27
2.118872212557098e-22
2.034443188261819e-32
1.1510884224510625e-13
9.458682355284694e-14
8.640886107399555e-13
5.609551460865266e-25
2.0418493577587323e-12
1.6754765583548217e-23
3.862598761421097e-20
4.5584402850882405e-27
2.6902595088817295e-15
5.994622369790747e-25
2.131324023104069e-20
5.728249431980976e-25
9.33173602278222e-12
5.138778350321545e-19
1.2316898813601873e-13
3.3419895673320616e-09
8.393443472989357e-19
1.1856287326964955e-22
1.413398606657629e-18
1.7991200818573015e-09
3.124078147024301e-31
1.1750129713952668e-06
6.3446995449803686e-27
3.26506637040194e-22
4.6475423927667954e-18
2.9319197519006374e-21
4.292533405036951e-21
1.0760025697940648e-21
2.358664114198323e-25
4.234055707926321e-08
3.440987710501282e-24
1.3425778655183025e-13
2.0192938670695677e-16
8.063459647222325e-19
1.4231471130489326e-25
4.603542387232412e-15
5.940264631546958e-25
2.0624568778747276e-15
5.647380687366782e-20
2.4810415412898877e-16
7.281326288596122e-08
3.438448857934128e-25
3.3874431454561513e-22
3.6463940548239665e-13
1.2946649424544011e-20
5.260782429807074e-11
4.4996973725479805e-29
4.1568867114499026e-24
1.8292679904202709e-13
2.945096736713014e-22
1.801223143660155e-16
7.965111647462057e-14
1.6281866059563434e-14
1.6621760297593275e-20
6.752963537904167e-20
2.8074646073546318e-24
2.401261779104598e-26
6.947449668224495e-07
7.024013373529014e-28
3.827317860979667e-27
4.2144361290072396e-13
1.927957324286462e-12
5.909381856489309e-16
1.0899205470756857e-21
1.92961073755578e-18
2.532149207455265e-12
8.762525410785917e-23
7.615876708435997e-08
8.033814570170876e-17
3.448890070370481e-25
1.5211934182581985e-08
9.029016233498785e-13
8.663856634152601e-09
2.236450690334492e-11
2.690940712285018e-19
2.1116349636236536e-10
2.568291937121753e-21
2.500625809048662e-26
7.009804199607721e-25
1.1509694625767917e-23
2.0649273116932078e-23
2.336347329613391e-11
1.5789923575746415e-27
2.4472819133291114e-19
2.3991113821457687e-21
2.360828462725052e-19
2.129572101736779e-15
4.508102149798165e-32
5.684832174543425e-09
1.2292614528265665e-30
3.7582954978368735e-21
1.4129929520895809e-14
3.0205501903857643e-26
1.9591476185895878e-12
6.920694946109397e-09
4.7741162013709135e-15
7.010574184205719e-08
1.5749272416885805e-28
5.0907793161968696e-31
2.668797940400663e-06
5.799795131794585e-07
3.1871119295353864e-15
1.0275516601939604e-23
4.9057834828023267e-17
8.8879120462431e-12
2.2030606948775442e-26
2.809726799715363e-21
4.11774651970283e-22
1.4837450117006455e-31
2.6440560810964186e-12
2.492938107755283e-26
4.985418719297963e-31
4.6819194381841155e-18
1.8113031762395497e-14
3.631583012637136e-27
1.0449787775281041e-27
0.000289211616539959
6.11802486213937e-11
5.241971359619797e-11
4.282733759482833e-24
5.336886811638935e-13
2.4681629694016196e-26
3.6602467992329664e-30
0.0005631621729539763
7.1712734776973155e-22
1.337993620552373e-10
5.667498811898562e-14
2.070015689986704e-18
4.3154025955106465e-08
1.3058975066795139e-08
7.300329854413305e-11
0.1518077701330185
1.62967625877038e-20
7.794776649725748e-11
3.180404185192722e-17
9.125966703960257e-08
3.649445468321835e-11
2.768253385080144e-14
5.2691464431231274e-20
1.7496146385818507e-19
3.9180514050093695e-24
1.5381076181851038e-25
8.271996416779492e-15
3.319934919711649e-07
1.46114121761961e-08
9.072861091131671e-26
6.2591541523665386e-21
2.5915983018386103e-25
2.0118591777788292e-19
3.523659714191037e-08
8.917795185197556e-42
1.2981677124107877e-15
1.0413330407224967e-21
5.862531097367583e-11
1.1210017049365581e-21
1.114659004567644e-21
2.1401831734331712e-29
5.103071384226878e-25
2.8475884750117353e-34
5.780154825264124e-16
8.786237307511444e-24
7.174439653547818e-13
3.408504168942543e-14
2.936289722399568e-19
1.2844124673230366e-18
7.80360687107427e-14
1.8770997802474804e-14
9.264833918770717e-31
1.3068417570432875e-06
6.944873975944018e-42
1.5905043435254834e-23
9.974878741082608e-35
2.0055026210340388e-23
1.7414837739739993e-14
1.7834008481274442e-26
2.8254191075044823e-14
4.2204343393888663e-07
1.458393468119453e-08
2.3631756111084472e-24
9.258285122670456e-16
9.215609832046708e-27
3.998988692573261e-28
3.900087437058729e-11
1.11976631756477e-09
1.3112885989197287e-09
2.3282665932577825e-08
1.5492211348757602e-12
2.1362283397515883e-20
2.8129557413911627e-24
3.6655102151039654e-13
3.366705474014651e-26
4.986434483865957e-25
5.317083004778566e-21
1.5641455828562304e-24
4.512871178761214e-21
1.2254288523408235e-08
5.540194574161419e-30
1.3991597362607644e-05
4.300486839707672e-07
1.1740200279278518e-31
7.30436672382945e-23
8.077976586379456e-35
1.9637857649872506e-11
7.598773879041839e-21
7.57552443787547e-07
8.978256721309227e-23
9.989717169698719e-13
3.6639274932063275e-29
9.787098117523678e-11
8.749883644555198e-27
8.238293519636494e-24
2.444052831128082e-19
1.1470179465784022e-19
9.778997277660987e-35
3.6113839862804906e-13
3.5004409193693905e-09
8.98644585623707e-19
4.355124389983876e-34
1.1144094362804996e-07
3.95663591264527e-23
2.2295184132757214e-05
2.630961986250622e-14
9.900406279222965e-24
8.69355400333213e-15
1.2296363707500176e-09
1.326419776284896e-20
1.3034453524364231e-12
5.464279109002909e-26
0.0904555544257164
3.2766705331595745e-26
7.109123080085305e-07
4.043785798080921e-25
2.2022440613867543e-07
4.00340553482626e-10
1.918980792234079e-24
6.373822627504183e-14
1.1981207510626911e-21
6.847844495393315e-18
1.622281712048396e-27
1.2069593896773941e-32
0.0019063815215190072
5.160639129166246e-05
1.2236823667481583e-13
3.326670832609722e-10
8.311724211110676e-32
8.531070874391004e-18
4.728736629878943e-14
1.7053060684581235e-39
2.0842439022046988e-23
1.2993111985024026e-11
2.5721406336497667e-28
6.05606956840156e-14
2.2847236841400175e-24
2.209139587901081e-12
3.4705432631370653e-12
9.912241847451e-15
2.3299341245544354e-34
5.575729629337953e-16
2.1303289652750176e-18
1.4681192393215058e-20
5.0078931437567465e-24
6.003967864088657e-31
9.744397378014351e-24
4.6076538840468935e-29
6.1193944153083966e-24
1.559292147991352e-11
1.5970251197625292e-07
7.973852673321104e-18
2.0175708533979093e-22
8.01081958087909e-11
9.106139511948752e-23
1.5186665113421077e-28
3.0591282418172914e-15
5.14554828564895e-07
2.905730424404551e-12
8.447929997461643e-28
4.7763914635939965e-21
3.456971454332073e-26
3.2852194488755926e-12
6.697068917817067e-25
3.951217456784687e-27
2.1690964367983244e-24
4.199132858622736e-33
2.612501769194679e-22
3.49814999452108e-13
6.647244567507116e-25
2.8408128458175313e-10
2.840567489301304e-13
6.580108732384477e-10
1.8418751714750085e-23
0.43662118911743164
4.917849316256215e-28
4.950069082699957e-50
1.7205410024037043e-22
3.4899476980283953e-25
7.601699604748108e-32
1.2067775335227513e-18
6.550149047856091e-29
1.599844287924696e-26
1.0980292336805438e-24
1.0978103633094117e-12
2.7264160692686175e-20
4.230650965982727e-22
2.4575005190264307e-23
3.7263038164153064e-23
1.5014856867278454e-24
3.0299446012387786e-39
4.178560618757225e-19
1.1865814194369999e-18
1.3165472073319325e-28
1.5181952305434307e-16
8.926576612259012e-24
1.2020953260309139e-26
1.215648224208975e-13
7.572713719894528e-11
1.5410902182345227e-10
5.865621780391337e-11
4.070313894990738e-11
3.073451909842756e-22
1.9277105617698614e-24
8.134119115993413e-16
1.8911393552211953e-15
1.9305354082179424e-20
5.853848396861212e-09
1.9617220555609815e-13
5.692418056711499e-28
7.180834182714309e-13
7.085799255225404e-25
3.6349225075616116e-12
3.208427300931495e-13
8.907026153891038e-24
1.0860855607938414e-20
1.4669089529554254e-20
4.140738045585863e-05
8.009621852268339e-28
9.773680642368867e-27
3.4242185020474764e-14
7.395997511044932e-13
4.813702132456789e-16
4.144099371798931e-25
3.048581564056801e-17
7.920898738063269e-22
5.885236846206285e-09
2.912158729991447e-11
3.80417075882604e-24
1.479104246030325e-07
9.080232976070267e-12
6.043386000078402e-12
2.763072947849997e-09
2.1929830593867425e-17
2.7577870894163508e-17
8.700323511106524e-10
1.1851332938228481e-08
5.078469814950774e-31
9.907732617623714e-21
2.357119820501051e-17
1.3934057071210052e-22
2.7546642405939656e-11
4.960372032004998e-13
4.379462225305158e-09
4.2442480938878163e-23
1.2423155803714824e-17
3.622973036536991e-12
1.2476816623133628e-29
4.588886072675807e-26
1.2843268448146933e-27
3.6182566118238167e-23
5.266829133993141e-28
4.1799056172485526e-24
5.726879541231977e-22
2.6848642893323465e-19
4.050637852740667e-26
3.064964788779613e-23
2.0247126608960226e-19
1.0440357685593448e-22
3.6018104019072735e-26
3.803707764850685e-23
1.1420760330784845e-23
2.3280788932119848e-17
7.526441452495324e-11
1.0960466207088267e-24
4.215702226080557e-21
3.461471029261194e-31
1.7875564887872433e-17
5.881946708431886e-25
8.005701015304764e-19
2.278516463077741e-19
2.076327815519126e-10
4.161721686488806e-25
2.732387441852419e-18
2.653069026275368e-22
8.870763676534184e-35
1.3975725978656456e-06
4.956337680827788e-22
9.643348129717298e-14
0.1290673315525055
6.806673031013759e-14
8.326246891096461e-14
5.469745691963911e-07
4.760616886433563e-09
1.0330883664519281e-13
1.1781807265258959e-11
2.4352645195728177e-31
1.5323862821031422e-22
9.260384476469714e-22
2.315266037355056e-27
2.8430006983940284e-09
7.428004823833077e-10
2.3348976828338786e-22
2.2674808276216135e-19
2.289977716155602e-07
1.9898681862095755e-15
1.6970946345140044e-15
7.213663413475615e-20
9.829943084948247e-13
7.446046273208721e-27
2.1554499890016907e-23
5.62117207677627e-22
2.0834655556757095e-26
1.7163574643464242e-09
1.2260799976189116e-21
1.5932460820610624e-19
4.0790352795517696e-17
2.408055967568347e-11
9.502866377576481e-09
1.3553375292172572e-10
5.506585343930245e-11
1.3559145046579844e-34
2.3742470555975967e-22
2.508854573242435e-18
4.177075817954896e-19
2.612953204680294e-10
1.750232225161566e-27
4.622048406568941e-10
6.933375823300027e-26
9.422838606280128e-21
1.018257420404911e-20
3.172709849556384e-09
1.2868283092569174e-23
7.037805206086461e-12
1.2582970735792628e-26
1.0587755243448555e-09
1.7879450540727746e-10
6.489239506153206e-17
2.476989808733353e-06
5.877655035998391e-16
2.2671635632566944e-10
5.937146132265403e-23
4.819214382234284e-13
2.0714442218000542e-31
4.1579951192514297e-13
2.2374463959852976e-08
3.094522247735707e-24
6.36644035368767e-29
6.879646147133346e-25
1.3821581312378008e-15
9.91467733525452e-15
1.5603568016515806e-15
8.468117481358554e-22
3.530477720610427e-13
6.003230040369482e-16
3.121896711059779e-25
1.1569709414151324e-22
3.778402232671803e-14
8.218822920519803e-07
4.327717851833658e-23
1.4210951740396327e-22
2.15023477978977e-24
2.8055121723062e-07
4.30109947230741e-19
3.0810679815301524e-22
1.0245638985918162e-23
1.3451760148282182e-81
5.890877502362967e-21
2.699271955124312e-09
7.20202550060499e-29
2.6597424872498385e-20
8.546729980356912e-23
5.061817731753008e-17
7.423076450262569e-11
4.221568537939803e-31
4.02244618857785e-19
5.451070849683434e-22
3.052361695825564e-16
5.536649132887598e-15
8.348699510423383e-14
1.213025238282775e-12
8.317243074946142e-26
8.98903783592801e-22
6.058404509163368e-29
1.502375644669747e-11
9.803342378074696e-19
1.0323634121307309e-26
1.7849754357341715e-24
4.268084960330494e-13
4.060196437447928e-20
1.9965168176462893e-24
5.344461127205877e-16
3.412957369478971e-15
1.791070422230412e-24
4.822945239104721e-16
2.0515979628012184e-07
7.935554138282311e-08
3.482476426610885e-26
1.0886104814108817e-08
1.7035978965961726e-18
1.8342053469279078e-13
8.447444525967941e-08
6.326518768929426e-11
7.087457749250927e-26
1.4366219535782733e-09
6.779328570147351e-14
3.1016323174342987e-22
3.3252319767314035e-21
3.013731103729744e-30
3.160333930125844e-26
6.247306735376666e-17
1.4073221587858505e-20
6.83896772457982e-27
6.227106499451819e-23
5.1223049290901495e-15
3.0798584323992068e-19
1.6573309044173998e-21
6.049338927379272e-25
8.935469444911544e-26
1.4101445983649991e-19
6.751962959522091e-25
1.7211929381238623e-15
1.2797090797695456e-09
7.128390743485728e-18
4.533166007625461e-20
8.007435071618756e-28
2.6509862453150356e-19
1.1606933165299079e-10
2.4176012798472737e-26
9.334727227591118e-17
9.055168293376437e-25
2.8883678328795425e-12
7.023320687764366e-30
2.4497349063093684e-13
3.8462656372984445e-19
3.2636097989346335e-18
1.415800987170194e-17
2.123274583732031e-09
1.1127764580451534e-20
5.853336080273305e-26
1.7907282907407086e-15
7.172214817475065e-16
7.692650631901408e-11
6.9731699592322605e-15
7.677621340221061e-18
2.5731704256464016e-24
1.701879018599525e-24
8.133649852467687e-24
1.0640911898580638e-09
5.643566125180173e-22
5.7746545176039974e-08
7.040362459763056e-17
1.5863667674288673e-13
3.895403629154803e-07
1.288385880412777e-23
6.758805650396984e-07
1.3985896470294928e-20
1.8567797159115127e-21
3.869441365908398e-07
4.973642651651325e-24
1.4003627454584308e-09
1.5025879470491808e-19
4.231301199292709e-28
1.1263910017724588e-10
2.6466342771780923e-10
2.5909102571511833e-20
1.3714969720767692e-11
5.037684942654313e-30
1.1201447085834353e-26
1.1774415813838754e-11
1.309683825191607e-17
7.304376185157826e-14
9.010607757682762e-21
8.742832918246759e-13
1.7914411005116414e-14
1.6836211028424727e-16
5.2731845104845925e-23
1.3906606620328928e-09
2.6694181993896743e-16
1.7486520043858471e-19
1.9519016949549082e-13
3.3938098939852817e-38
1.8897561092338832e-23
2.4804495209317405e-27
2.405274359691772e-13
5.094165383604978e-13
1.9913356494714856e-16
1.2522504264588047e-19
4.632925606491071e-08
6.842214456816448e-21
3.177244860651477e-32
6.504677466142127e-11
3.762411097583576e-12
1.9852823791803e-25
9.331715300062024e-12
2.1380478199666693e-21
1.732923156953659e-21
2.5239196133430554e-08
6.474193040026044e-21
2.998790290434505e-08
2.3488341794728975e-19
2.314849204042976e-12
1.9683397009627812e-13
1.2606400308492134e-25
3.948413371150125e-20
3.0769671569919887e-24
1.4011910640673578e-15
1.7280580753943553e-06
1.0258799535179387e-10
2.097896851296804e-23
3.067679122187165e-09
5.0987685406956994e-26
2.7550281584651666e-21
2.998634104401787e-09
6.853379981046253e-14
4.240797818953441e-13
1.1041698659692836e-14
3.3028709833244526e-23
5.43025754642802e-86
9.589194155997524e-37
4.147557749502864e-10
6.133748982969658e-07
3.412145563512018e-20
3.410150078190826e-13
1.967609659057799e-10
1.0435302385332962e-23
9.112513102431786e-08
1.040372218973864e-29
5.5450843998707176e-14
1.6331833859932223e-25
9.15028790699035e-23
3.615515275631727e-20
6.24876311749935e-18
2.269887984928535e-06
2.8453440326036274e-15
8.049188263856988e-16
6.555694395666617e-16
1.8898778213940388e-29
4.5161594130613224e-14
1.9052411625747362e-22
1.3189642283409067e-25
7.508383681186873e-12
3.996635907597563e-17
1.459683008605044e-22
8.443509977373814e-24
7.202209768139507e-11
3.099646095362069e-29
1.7161221875719237e-13
1.249317546640447e-16
1.4569227169272682e-13
6.206758575895027e-13
2.073892601842817e-17
4.2771534396851904e-23
1.648826847484223e-07
1.744458976838694e-18
7.871700676640272e-09
7.685483669303e-23
4.757653437833209e-12
8.624487522787577e-11
5.697518960789551e-23
3.371604743482177e-24
4.009747045396191e-23
6.88299117880571e-20
2.559145833168247e-32
1.886534142155778e-33
1.918308986440685e-21
3.275436803429842e-30
5.608713680682952e-10
2.7250331610847967e-31
5.885670579769414e-14
9.153201032608303e-17
7.421888843351379e-11
1.9833226614396627e-16
4.529641481725626e-25
6.5712055817242304e-21
3.1643078022909796e-22
1.027872741417141e-22
2.093106044581643e-06
4.6920913033327075e-24
3.789995788618489e-15
2.8163228364961945e-08
2.839289383973312e-17
7.333288999340138e-16
6.065813857452671e-23
2.530815671046649e-25
1.8006604931506236e-25
1.3757827597726575e-05
6.427908123131536e-15
1.2248471498788533e-29
6.000674974700924e-24
1.837033934057981e-24
2.8423413048787238e-21
4.494462712116965e-16
3.191092835819671e-25
5.00003783617e-30
9.095309814583713e-18
3.2179968200744326e-14
4.1887709033353606e-17
3.6621417131989286e-31
6.857637379382698e-14
6.211995276718932e-16
1.0891497513212032e-31
7.239486611333437e-24
6.188849695279167e-24
1.0294251840836718e-24
6.521826149193653e-11
1.365962627272999e-23
8.122453926651588e-10
1.3458250555772013e-27
2.6089145909060925e-25
2.2844656421940697e-15
1.5502116729152136e-17
1.1120683575194388e-15
1.041259437660485e-12
2.446352632683356e-13
1.924526404926763e-21
9.432007775928535e-10
9.952519106649762e-22
2.2821430970381853e-15
2.8694506065246114e-21
1.5359371272241322e-23
7.531334737007557e-28
2.675672851894787e-16
6.245529278207438e-22
1.8067241969345692e-09
1.0117762808931799e-16
3.4602018044129604e-20
2.7482724988721286e-21
4.315196386436358e-17
8.276558391504757e-15
2.3908267823525782e-12
4.403997668207076e-15
7.104340545677456e-28
1.2385732485649255e-14
7.40368580814938e-18
7.022124706595785e-15
5.23296480796926e-27
5.463650571772284e-25
4.7475638898866895e-08
3.665508304514493e-13
1.4964608755913267e-13
8.591728755356846e-07
1.7240578463403274e-27
2.7809830935673464e-27
2.6359186381970015e-15
1.6890496584489084e-32
1.4654874576615684e-11
2.4657392548960043e-15
6.8363585482666e-20
1.7307170089325653e-22
4.5766849629436046e-12
5.929716827710457e-11
4.647633290227115e-21
7.1211882184171e-07
5.4228729138008023e-14
5.402339002439435e-21
2.334158699685955e-16
4.207996789814521e-22
1.94735073636579e-17
7.18005849759804e-23
1.985266079833162e-27
4.96554443534422e-25
1.8131405704732298e-10
6.641278195359405e-15
5.219467369814578e-23
1.0337977079244475e-09
8.471567650432501e-19
2.3595495122525583e-10
5.396429603693509e-22
3.9293298011893814e-08
3.4601493077509743e-13
1.4119784064116828e-19
3.975017430280736e-19
2.3697307220382634e-15
6.880993085769292e-22
1.553467848080244e-13
2.363197098085392e-27
2.2436403963156488e-10
9.805776808090575e-18
2.035204747372515e-09
9.15524740056607e-25
2.969517365160961e-24
9.022925277367721e-13
2.375751903920488e-08
8.267738688973196e-22
9.967661430147965e-27
8.414182393473364e-19
1.3693393069186554e-09
2.938381891460668e-16
7.353330633876504e-50
1.894415964123246e-28
5.454535870850997e-26
1.0628296777251221e-10
2.0126125666594016e-32
6.447408341199607e-08
9.963947733393096e-26
5.553437961086113e-16
1.8167502513430853e-16
7.047389485002775e-16
6.880033929919914e-12
1.3993288259920181e-11
1.0978290095429501e-11
2.1018557172631124e-09
5.476192252934227e-22
3.143376343252806e-07
1.13345007660292e-21
4.647729607509875e-12
1.761617350517981e-25
5.001827438700343e-12
4.610533096151861e-11
3.768289424061636e-15
1.119550430637515e-19
4.05377357568318e-11
7.371956062252966e-25
2.3639857310272696e-15
3.771504354090968e-20
1.3818510916661936e-30
3.2164989496143633e-15
1.499049895289209e-07
2.557670917121573e-30
1.1897463108128238e-23
2.237990805240518e-26
3.1811715770140418e-12
4.105313046587994e-09
8.37409657989428e-25
6.327823088730947e-15
2.540852089884692e-21
4.650502907656851e-18
9.512247582274899e-31
3.39828291276228e-21
1.0048683472412626e-17
1.6830906412704325e-29
1.021151410652016e-25
2.10087780646009e-18
1.4790196728196546e-22
1.920917197574808e-29
4.7307381198502905e-18
1.5677024577093478e-11
1.0503348695885363e-10
5.99016249130905e-28
1.1664027941647215e-09
1.8246179651741065e-21
1.57493755138753e-11
6.5367176531253546e-21
3.7817111677970514e-16
5.317211117261184e-11
1.692578543319864e-19
2.8219397347350653e-14
2.2234837138211553e-06
3.169522522835111e-11
8.028078085155257e-10
9.513922676223507e-25
1.1665567803550123e-13
1.7506276181826263e-08
9.954289655678956e-08
3.248902700293689e-16
1.4188816242421478e-28
4.4889270928014856e-17
7.464448202511609e-23
8.582140752320543e-16
1.9656601192462018e-22
2.1022360287325807e-21
8.947142394127899e-13
1.4795275749648636e-21
2.8468286352439496e-21
3.0215779521194483e-28
3.5265405132638824e-21
1.650081259518495e-14
5.3909929476983415e-27
1.1201495666351325e-40
1.7315518208052952e-31
3.5904086031085486e-11
2.315248339309058e-23
4.11636413325737e-26
4.9667912038600516e-24
3.0678986214467316e-23
8.552782037309518e-22
3.588230835816283e-24
2.715191965553492e-09
9.552580112898635e-21
5.836151725432506e-11
4.700805842534528e-24
1.1845837482705035e-25
1.8760940144050857e-26
1.2639957801255758e-07
4.030876311029077e-22
3.1652458370847495e-24
1.4418022741170755e-13
2.0457866898497956e-11
0.00039249118594978337
4.917852999977357e-17
4.0915758437712893e-29
1.6267969159794919e-24
2.194386812372076e-24
7.403189209709993e-18
2.4476416348549803e-08
1.4215449727996684e-21
7.518267055108487e-28
5.241684169713717e-20
1.2601525541478985e-17
1.3183858788719673e-17
1.6198284759074185e-26
2.4516515632365114e-06
1.1147838778202505e-12
4.7574531150523e-21
6.490369220457605e-20
0.07435366261604459
6.985261856146324e-12
8.430608266578996e-06
4.991874299094192e-07
1.0874687496841569e-12
5.30585980789372e-23
3.3337660226037877e-15
2.7212407857048126e-06
1.2340996344011673e-21
1.5640851911206118e-23
5.739062099723961e-14
5.147260034632173e-09
3.619434671404553e-09
1.1939750675430378e-30
3.4895354522939377e-12
7.501010687163066e-07
1.9394283435175057e-10
2.350529945831543e-12
4.54520989266289e-25
4.13320839117451e-12
6.848214578787351e-18
2.725327745581526e-29
1.0619312556382893e-19
3.0541749378343902e-15
4.1110511921756047e-25
3.307783137139156e-18
2.585798037361385e-21
8.041063811835036e-17
5.1860184524689e-21
2.3240469087678927e-28
7.28181063979715e-22
1.243307722283385e-19
2.4431452585578094e-08
1.4598265778387888e-26
5.931932718956819e-23
1.587149923280694e-05
5.074466243482913e-07
2.4757605742868925e-14
8.259936735874639e-17
1.2788582329554946e-24
9.373751099625015e-19
1.2214440246061032e-23
4.3922848817794787e-26
6.623830829379402e-08
3.12498132699928e-10
1.1860182185218168e-24
2.6578669733430767e-19
4.490761294373094e-27
5.622302129697901e-25
1.2221785547876949e-09
1.49042397006704e-12
4.507687986829542e-16
1.3357443247359471e-18
1.8388600291269686e-17
2.2776960342175286e-17
2.1773526822679395e-11
8.725150934267802e-11
4.886346542077649e-10
3.3183526936071006e-26
1.9429480045838058e-13
6.110796748019107e-09
1.672108393383283e-15
5.112491248894695e-27
7.24127039648126e-17
1.847995865646919e-15
1.3052877131476065e-23
5.084726986603705e-09
4.203237401705015e-06
4.2596991848376784e-20
6.40922286346335e-10
1.9331510428236531e-29
1.97774390048155e-16
6.998427536695864e-09
3.208644935936801e-20
4.482018542080603e-32
4.535033415556931e-24
4.687083899184748e-37
3.7855054672396766e-30
8.491255262638628e-14
6.679263197354408e-16
9.955015940475777e-15
2.799314487237838e-20
5.580057389949027e-26
2.5435279828811527e-18
4.107756737195799e-23
2.3873902536190297e-27
1.8971675822668376e-11
1.2860342510871995e-11
1.0467500120024142e-20
2.1774762908638624e-26
0.43398791551589966
6.082793226821175e-10
2.1542915782559785e-24
4.75695091570615e-07
4.543587241612178e-35
4.697666986059899e-11
4.1466871728453733e-19
2.28343725332098e-08
2.3227363208089965e-26
7.91547003691138e-13
7.49655007672242e-40
1.1713462088207609e-11
1.0353222620339658e-13
4.965841686257955e-20
8.807343994222878e-20
1.0334198005737942e-22
4.864967231988285e-22
7.035271113970786e-28
9.917356725996434e-07
4.8043004522746675e-31
7.275267545129202e-24
3.5516449458640886e-19
5.178645930312866e-24
4.8546864838599214e-27
1.42124445683e-21
2.476741706871835e-25
1.1580353988151789e-22
8.75970204256856e-21
6.765368970978234e-22
1.690787631570512e-24
2.0965258705902616e-28
4.947965702309164e-09
1.484878105322192e-23
8.58335561547512e-19
2.0118330224609952e-26
1.0756396430513792e-26
1.0505733345760628e-08
3.340442909409842e-14
2.6305417708893946e-18
1.474247184553453e-14
4.180525491478551e-15
3.5154601293212744e-16
1.001581529908096e-19
2.2770613235846827e-20
2.455011128039239e-29
8.97156489637904e-09
1.5631016277948813e-06
2.8121730784086784e-14
1.4747515218324483e-34
4.411031919635154e-15
3.617742951733871e-22
3.5579410733665196e-16
3.569953797175788e-10
1.4186219595379079e-08
6.419270021858832e-22
2.4832160752897212e-05
2.8501667092106414e-22
4.73034083936881e-21
2.2216730012302333e-13
2.2040913320877346e-27
3.8653781951590127e-16
7.844964918640952e-26
5.463030521841747e-28
1.5706763591134615e-27
1.3172343696229617e-25
4.793873851840611e-31
2.63802155198573e-14
5.395638176136296e-12
1.5599589682701851e-12
3.048743871794094e-10
2.4015670799992485e-41
4.0228091826521774e-17
1.0392657851798227e-28
1.5742069762144087e-20
1.5269066243214416e-07
7.352997781928206e-17
2.40732907081045e-17
4.157896327798409e-23
3.349042482323635e-27
4.028764533299426e-11
1.1011365899485118e-17
1.1787329731308074e-23
2.8434842304550376e-25
2.3668560379467728e-20
5.079317801679654e-14
2.295054468603535e-20
1.2895414204139204e-17
7.0498595186031705e-12
1.4823592119137034e-23
1.3981353349831359e-27
2.245625006531415e-22
7.373646573787697e-17
3.8653496644329046e-23
9.98863647213816e-16
8.593309083729219e-09
7.624025817583811e-17
7.578746362005667e-07
6.716670564054577e-26
1.0317005439951111e-13
4.6257893597208744e-23
1.3006713568321324e-11
1.5033712600566217e-22
1.3196131648130687e-14
3.7409248835602852e-31
8.872696055682618e-17
4.965398772886444e-18
6.812154737033312e-22
8.168944117586328e-29
2.879936683254565e-08
3.019299374608047e-13
1.164682094259091e-13
2.5382548838129865e-10
7.386313261238167e-35
2.769976876267901e-16
2.905834485070176e-23
6.966773472302604e-31
3.498413759496839e-30
3.384880951563705e-12
3.0728763416514945e-27
4.007093889417785e-43
2.7025413090437026e-16
1.1070889749501658e-25
2.0529948245646652e-13
7.49900105797118e-11
6.817445729926543e-27
5.695004438825421e-54
5.552573880259328e-28
4.283856007884675e-13
3.983142280955204e-17
4.808854728024531e-25
4.232522574011114e-12
4.6543703376613157e-20
1.065703868013354e-11
2.3096933841944025e-07
1.606424293773494e-18
5.242824954496394e-27
1.6628354739124923e-05
4.271646507945895e-25
9.826634773314551e-20
8.052702397901013e-24
4.2792799766582206e-13
1.3352755231427259e-20
9.602180049091754e-25
1.0408531867825767e-12
9.412536856439722e-21
1.2589844848205017e-22
2.1429105393350604e-09
2.0691332260052472e-08
6.368275849527847e-10
3.6828996079931726e-15
8.341541274873942e-36
1.655098544381481e-07
2.107774067861692e-05
1.1080866400646234e-20
4.1735166010331424e-13
9.592297186403357e-12
9.628490840222487e-15
5.39819508016928e-22
8.18480801630501e-26
1.4795861776822716e-15
2.0062198982655715e-11
1.335835633218626e-05
1.292313900475981e-24
1.2691009199211303e-23
4.536425470737639e-10
1.246633270086782e-12
2.2795012654709357e-10
1.871533275400463e-43
5.247969439241218e-10
1.055459633252297e-27
2.8167632671403565e-12
2.193717881481551e-09
5.270041901929585e-13
1.3994655373030074e-19
1.5236141447591304e-15
2.661873390915571e-06
2.7085383678266627e-10
6.318109110133535e-11
7.173110044542843e-23
1.2517017996747674e-23
2.2808458972374282e-17
1.0558646745560801e-22
5.641035340966479e-15
5.815728460097691e-12
1.3290723903008575e-10
4.1810994274439945e-34
1.1367140547375508e-12
1.989435568333415e-12
5.953416338416849e-13
7.786935776729914e-11
2.0459755158103956e-10
6.320353416168685e-10
3.470780865631066e-11
1.1168162004670202e-29
6.191696861762232e-14
6.489411886273703e-26
0.03298049047589302
5.609285416543475e-23
1.07946188448782e-15
4.662242919831959e-25
1.2285747343167517e-30
1.1575058285781476e-16
8.631661150626557e-15
1.2454070785266194e-09
6.197745420208321e-25
9.195936140350556e-24
1.4218461952204449e-08
7.4244122840473755e-22
1.1207144287936196e-20
4.756744987210655e-25
1.8545900198082305e-06
7.774192483549511e-21
1.5593567493537812e-20
5.043978361003355e-17
1.0177624545139478e-24
2.5950670952630455e-17
5.392024006298952e-33
1.200906934563153e-17
2.81361663575933e-19
7.498692133734412e-13
3.12466878819852e-08
4.3947092277157863e-13
2.8147226958628907e-10
4.860451984904147e-18
1.6745893980552024e-33
1.806802077309889e-28
3.736198215589255e-23
4.643331067008706e-14
1.8707442916395054e-14
3.612289378971374e-23
4.031588917124938e-18
1.3633045558950556e-10
1.3554544521057308e-12
1.939857539247935e-27
2.2723524334389394e-07
5.109944038479108e-25
4.935346945586542e-25
4.8051136046341645e-11
4.605877165863363e-23
4.569687333544088e-11
9.622752742358698e-09
7.65292394900853e-26
4.023966122709482e-19
2.396867194994183e-09
1.6410988358008748e-11
2.68214899069335e-15
2.0889495351769142e-08
3.1979134012088526e-16
2.005374077182828e-21
1.451980268710911e-24
8.288958874891097e-16
9.10176612835977e-21
1.5731357635834028e-13
3.666794300050747e-15
2.939471091981723e-07
2.5208293621501968e-20
8.26877889119314e-15
9.616329855572254e-26
1.1961639385260749e-30
4.428755157006036e-10
1.8990861632057544e-13
3.4977922755072083e-25
4.880535744431347e-07
2.224290126125796e-27
5.715484516158298e-20
1.004538766088788e-13
4.279340028392655e-11
8.639569812820524e-13
2.6939527707786567e-18
2.261825909109981e-21
3.557404458664153e-20
1.1547380540387968e-20
2.270072566450642e-22
9.315149116168738e-28
3.5966876858999637e-10
1.3339442733348367e-20
9.87274986322038e-39
2.410579301369589e-12
1.2293544673763127e-15
1.640107231617911e-09
2.8359990266717254e-10
1.821788792996248e-26
2.0403812910432132e-13
4.215335405629358e-21
8.166284510123806e-27
1.83922520569416e-15
1.0545826564420404e-11
1.7880488217435225e-24
7.90435402238958e-30
8.836647944800423e-23
1.185007613934221e-19
1.5697303339927044e-19
4.81916076121168e-18
2.4036648066089123e-08
1.0401551113401116e-11
2.3541693269669255e-12
1.6303926600309414e-22
6.339259740212761e-15
1.5572384157621382e-08
4.175447332041614e-07
4.440461915008259e-27
3.14916300510579e-25
8.813032444611068e-22
2.5952440454263464e-44
1.9326966562821402e-26
2.936829925951946e-11
3.587838002696492e-24
2.324099339000315e-15
7.440046271769566e-14
6.4020969920520345e-25
3.196311127435754e-10
5.315067473387085e-35
5.327058897083304e-11
1.0101168182359903e-21
4.73876180474024e-31
1.2044122998344256e-13
7.522010325574172e-12
1.7688403031949555e-26
2.0924379635918034e-09
2.7643531018889927e-16
1.3127741095391208e-10
1.9098741957347108e-08
1.5433711111145173e-14
1.855532808133812e-15
5.386610448309873e-25
4.431031811217898e-15
4.345650701392804e-12
2.3683557152918495e-16
4.3858421785890546e-06
8.932264048311889e-08
1.37295626853979e-07
9.179012620335588e-20
6.712792257897719e-24
1.2741109212048256e-29
1.142174338052965e-12
1.1627078908263787e-26
2.8755233860271737e-22
4.0093803513986167e-22
1.1557406500784481e-10
9.469955770295623e-26
1.471077652635162e-07
1.4037848573650348e-19
1.3335343553703301e-12
1.6092273155684888e-08
2.799113023064972e-34
3.462854550166029e-24
7.449739929350594e-15
1.5434131271989986e-14
7.659223624995357e-18
3.198478679819458e-29
7.591162243309045e-11
3.918913487408038e-10
1.5826005981370663e-21
6.04088602862119e-12
0.10507316887378693
1.6250520077212572e-20
2.3608476687736136e-13
4.915984789814227e-05
1.8813543561277162e-15
1.1866684323855741e-12
2.962127494716819e-25
4.347215126761893e-22
3.472591587612976e-26
4.169163824619786e-34
1.9169611331199574e-23
4.1240194554948334e-27
1.5696599952317473e-24
3.591066303740057e-08
3.337092542623856e-06
1.4699025382206464e-11
1.5489411687488176e-23
3.709203896839529e-13
8.959325890576864e-27
5.041923268233763e-10
6.3704556098282945e-24
1.3238868521834806e-33
3.8580276520201824e-26
9.218381200277612e-13
7.836496960400875e-15
2.555029146791275e-25
5.189373221726737e-16
5.186359289461099e-28
4.947367179473035e-15
1.0888020174474954e-26
2.365744244257044e-23
6.096155866772708e-13
2.7751157094008266e-25
3.971204448821202e-26
6.310849984505638e-15
5.374374777544724e-06
1.7108629999074138e-17
1.441237725692728e-16
1.666869908507067e-18
3.4559631549307746e-27
2.0317712518490322e-08
1.222386624877689e-22
7.124070102825343e-15
7.940243561923686e-14
2.056850263565744e-21
0.0009938455810752673
3.888006210772653e-19
1.2523557795708211e-08
1.7380440632976991e-13
1.550039521611482e-34
3.0661943353293476e-16
1.3760252728518356e-29
2.2249884396618757e-09
4.937263119217004e-23
9.128224018709033e-13
2.232178028121548e-31
1.842080345363777e-12
4.4158247644535083e-11
5.022830924622447e-08
5.498246412218542e-16
1.5634931607478953e-25
1.904118554936516e-07
1.5673370030435852e-16
1.100069192161615e-24
3.8388448026396077e-25
3.769492110618306e-18
1.6831559147195066e-21
3.151107231245443e-19
2.5526401569902773e-13
1.6204478161537063e-29
1.650530344973324e-24
2.47201355832844e-22
5.295138847871569e-42
1.7432744860185482e-35
4.339081189310616e-21
5.365285894231141e-08
3.6149224993336637e-26
5.194274456839257e-07
3.147781579366922e-17
4.505453302315587e-14
3.3382794213088637e-11
2.3355831506283567e-15
8.07688221397667e-07
7.0784887526274785e-28
4.2718587726838075e-12
3.222371357771504e-12
1.3172009579122452e-13
1.3215613322701458e-20
3.2758465693028736e-13
4.961686166923494e-10
2.723310357518123e-07
1.5490110797784535e-17
7.3141899054343e-29
3.9438776689383e-09
1.3363654778213556e-10
1.0509529226321502e-28
5.357987905208215e-17
1.2275993484699856e-07
2.8220942193716298e-15
1.6527862103517281e-07
7.915003133290774e-29
1.0945020476364408e-31
6.353784369095441e-20
1.0344620427657205e-11
4.1939362881542647e-29
2.2132676731084563e-10
1.1991061529847818e-19
1.0243457310754358e-21
7.099778842235758e-10
1.7295405786908676e-08
5.78065390364453e-27
8.854098271101393e-12
3.790779571907992e-09
1.8383178710896937e-10
7.293781098280931e-08
2.252920707114418e-15
1.6318397253063206e-13
1.1602542762754757e-06
3.129988202213691e-11
3.103505291669674e-35
4.822492045374049e-25
4.143215558769026e-10
6.272576989341714e-07
8.204533530186181e-15
1.3006284231953629e-27
8.135801418403038e-18
9.129861297266442e-22
9.275592745551924e-11
1.1139318850095626e-13
1.9783496623358326e-23
1.1301509071092158e-11
2.6915728885684e-11
2.2366232203720186e-17
2.21300174787468e-09
3.4108774858931354e-09
8.21502794431095e-15
4.147004995537789e-10
5.552626230447936e-06
1.0761268308481075e-15
1.297430220047084e-10
3.8331677873965486e-13
6.3787607973120025e-12
7.176123151778517e-11
1.617710085508173e-23
7.297049961330366e-25
1.0350235679895485e-18
1.1477710774851634e-06
6.243949489484696e-31
1.83383937256937e-33
4.919285609795154e-52
8.512242835523179e-14
2.4882776455538353e-22
1.2547347574257186e-19
2.4473835260281005e-10
1.4970756432578858e-06
5.668076652079003e-27
1.4462431282819944e-07
1.3492200041482477e-14
4.250883233397583e-24
9.036582340652404e-23
1.3988158490001733e-15
2.1511393257425032e-11
1.0096519840898991e-06
1.4928959545460007e-25
1.2281311274746806e-12
0.0024735216930899806
1.54401908154627e-25
3.282846459172994e-17
1.9248924132212033e-07
0.13319672644138336
3.379892905803667e-05
2.1165197373618865e-25
1.61125836518852e-11
1.283454188314392e-21
1.6778830961279938e-19
1.2530597645687531e-20
3.1290641595283305e-22
4.5451707812245686e-20
3.7330280715718946e-08
1.1250694042297059e-82
3.7189249491871565e-25
1.80615372319311e-09
2.2680707001738025e-16
1.1146734994586373e-21
7.018861762567445e-30
1.2043653253682536e-13
1.9034433014400653e-25
2.3436750097199305e-21
0.013940141536295414
2.0237131376685838e-09
1.6210857068260752e-20
3.649597480222351e-25
4.147430553716181e-17
1.4711129337056907e-18
9.604289574561416e-12
1.462246324556224e-13
4.579631333922179e-08
6.494160450046141e-14
2.2999265080744248e-32
7.804661887363085e-24
3.771572117574174e-30
1.715595023186084e-24
2.503355794030976e-32
1.6033675918868516e-15
6.087687299915135e-22
1.690906677552231e-06
5.0409036532377385e-29
2.3548759951865766e-20
6.377361922153246e-26
4.797371472142359e-22
4.208417379672904e-27
9.969720174114545e-34
1.9554109690173022e-19
0.00013544339081919207
4.886454785275489e-08
1.3084017674742597e-15
4.495196987676451e-27
1.4776031848951834e-17
9.362464394257832e-11
5.914210680812714e-10
1.7084471708822308e-10
3.805693042478044e-25
9.889141615630561e-26
2.5044564235071856e-08
2.4412594027146263e-21
4.647233082887682e-24
1.911069639975569e-16
6.784983179850121e-12
1.8304831463627747e-23
1.0884352089558646e-21
2.538616340241181e-21
7.602318261823893e-42
4.456066272750672e-12
1.96524265012776e-10
2.1967105911479878e-13
1.972613102149651e-28
1.753005821145921e-35
3.8005821644360875e-14
1.9761501503218377e-05
5.667769149006385e-25
1.750622061806283e-23
6.946635516664337e-24
2.5584881095044342e-22
4.540415870183299e-08
1.8324773675698054e-21
2.4798014325268923e-20
2.313804065497746e-09
1.4201387067977397e-23
3.333042655039458e-19
3.1102159453405404e-21
2.163463405100966e-18
0.37061259150505066
1.4857530130823606e-15
2.1164597669368205e-15
2.6694451555391578e-05
1.2379208153778023e-22
5.3656536056911746e-05
8.336764393815452e-34
1.0774633754830588e-14
7.568628899830983e-11
7.862269353511044e-16
1.1923672575561837e-12
1.1609493170891353e-14
5.412940789868612e-08
2.244848069124314e-07
1.4809299896576847e-20
1.1048357186728626e-18
4.874434951132427e-35
1.3921404971378061e-27
1.9857757530004196e-13
3.0170808934114563e-24
1.1984960768520821e-09
1.3800280606638344e-09
9.59930862733695e-24
1.545423654359367e-13
9.815905079561087e-17
3.2575729411605403e-28
4.838844852646454e-35
2.8396525262809146e-17
4.350944076369453e-24
1.7567960170331686e-26
1.1597286088598644e-19
1.6237329067981167e-27
4.602199222889972e-24
6.187912951391497e-08
1.9591284289087286e-23
7.018264542669987e-20
4.320368461774392e-22
3.8652750424202565e-08
3.985862920272163e-20
2.0289450459502774e-26
9.926414577019951e-23
5.723165250025639e-13
1.3617046561947783e-22
2.1552479480230673e-11
3.114722785998587e-06
3.846401123370586e-21
4.183787341099149e-19
2.4136163209809175e-12
1.3485037351596322e-23
1.1803609791929144e-10
6.470275803015161e-17
0.15039590001106262
7.8840039554835e-27
5.831950129679434e-18
5.295072036831611e-13
5.265540752529028e-12
1.0013162810979734e-14
1.2701822373079105e-13
1.1789100760378673e-16
5.42547196910279e-28
1.0950994580420045e-12
1.872419405330217e-16
1.4469792459618621e-09
8.711260975352517e-16
8.516711502061094e-13
3.3460996270018664e-45
9.053143112144304e-20
2.434034485222946e-13
0.0011108781110758179
7.121752694637544e-24
2.273769323300109e-18
8.173917184928182e-18
3.5081121765080876e-15
6.622769742642946e-25
6.6783481392959e-37
7.994980731005064e-26
5.236226905097467e-09
6.658716995069107e-08
2.1915857002626857e-15
7.946218428456655e-15
6.816519847702402e-18
2.77997189026908e-24
7.801072064501978e-21
1.6265045066362249e-18
2.73253548488479e-15
4.2181430400487446e-18
4.751683650734758e-18
5.1852678891397315e-08
7.343223691989186e-12
7.721930481190657e-10
1.1577666396021397e-18
2.7750363858405326e-14
9.27655312118595e-25
1.2573818471137092e-17
4.722513008609537e-23
8.258692481202877e-24
2.886884398870993e-10
9.431581190607405e-25
3.8636713651534893e-13
5.927054341725876e-10
7.223316447744359e-20
2.9505482955251555e-15
1.03574495483314e-12
1.365597395288451e-16
2.5566320603327126e-19
4.43732422469633e-37
3.307098674121742e-25
1.545133464535329e-24
5.4426280966815984e-15
3.083369135360867e-14
1.242020494119184e-18
6.393231209154734e-20
1.075549762057094e-20
2.936948033164912e-26
5.018825687450462e-11
1.411629323358065e-31
3.4276207064542603e-17
4.810951679535888e-06
3.332117116788043e-15
1.685909872883695e-25
2.798436977671962e-14
3.530527063593848e-14
4.1735885425459537e-16
1.6661768924274675e-11
6.50690940784329e-23
8.234601272806573e-23
1.6594337083548826e-19
2.100930612544269e-28
3.387423919946465e-23
1.4677482353450074e-18
3.1054443103735735e-32
1.474418768144147e-19
2.7040143747171834e-19
1.0382011603469684e-07
5.16808853285935e-17
3.7174058735808575e-25
2.441530665810636e-11
2.4760576927709963e-27
2.0587269333149488e-21
5.21047578397684e-28
2.804990259448375e-06
4.723464947005105e-28
4.4488467312365985e-11
2.2494353403346443e-25
2.4778530952690615e-20
2.4468790857420946e-25
1.607448188015966e-21
5.314838668450826e-22
1.1232571054669822e-19
1.0811653224828137e-24
2.1680825225787445e-09
3.534731198680203e-14
4.503620050169928e-16
1.9511419730528757e-22
1.2371789920628679e-06
2.7038873818733198e-17
3.6154184582489855e-20
4.474321005397073e-20
1.4931672844839562e-10
9.92590609694965e-24
1.3219706706243688e-22
4.2935245574601325e-24
1.9448910205410382e-10
4.830685897027424e-12
4.312864275823593e-25
1.8014618844377283e-15
5.789562783244712e-23
2.7978433327933725e-08
5.820605079594215e-23
8.090777149841452e-23
3.841261443139642e-10
2.405028299248273e-10
2.6075370916575635e-06
2.066357460633724e-27
1.8108501445209577e-22
2.3368766739223448e-23
1.4727856105793372e-23
2.39845143532228e-23
2.6463427262469006e-21
2.2960446672773124e-23
1.2694421314069956e-14
5.1590410972704e-16
6.809860099871487e-24
3.992961514769764e-22
3.7605397782255534e-22
1.5433661257377207e-22
1.6823546566432547e-18
9.268005430523972e-21
6.894020254593911e-20
7.987818155045246e-23
3.8180594727274706e-24
7.986025560018653e-14
1.0784088743141939e-06
2.1761473260254404e-23
1.4641205367954955e-15
9.471194929968186e-20
1.375784430464095e-09
1.1790105495310926e-21
9.733775264204346e-08
1.6554334603910138e-16
8.517458367854175e-11
1.6683672365678853e-23
6.109046082962134e-11
4.6937690186277635e-11
3.0178586103058076e-05
4.223568063359392e-12
1.1416696629191632e-12
1.0999723789466427e-18
1.2751274914199935e-19
4.0605962350665467e-11
1.5337036031268526e-22
3.502022597510777e-19
4.977273096719872e-25
6.784770668113988e-14
1.4283909341965114e-10
2.475649796857213e-15
5.6091624794230563e-14
3.1367739311404632e-27
3.3446531289892483e-09
9.368169025136798e-17
2.9608104507199457e-12
6.094954951216257e-11
1.8222928287243383e-17
3.818621152628047e-14
2.7647992175028007e-10
3.712538478797896e-21
1.0823999999648315e-21
2.406485324526956e-16
9.086333285772105e-28
3.18403617427974e-23
1.0765813376591402e-06
6.42141858374499e-20
2.2335381565756667e-16
7.823317770358702e-11
6.473432645835352e-30
1.8044677364740336e-18
2.2396384370143808e-26
5.50970477707527e-12
1.3488094631060333e-12
8.082615531836681e-09
4.903936181665197e-18
1.4367047159193682e-13
1.2558809215189261e-11
1.1789148000677691e-09
1.3165984635371725e-09
1.7439042357585633e-13
9.12107328746015e-15
1.0169621442721943e-10
3.8170140204788594e-43
1.0211102570632947e-27
2.6437159578501514e-24
2.4175951737671307e-16
3.929513285475363e-13
5.827763845869302e-32
4.086424832837677e-15
1.3992983808599657e-13
7.66162542340826e-23
1.5933295774359068e-18
5.660032662265935e-25
7.770461791512577e-09
1.5288378019581848e-12
5.459650049967224e-19
4.910972315261527e-22
9.270894154850864e-14
3.317009442707486e-13
1.1262865584977319e-10
2.1143286116169397e-24
1.4044109806999296e-33
4.8104755597996e-22
8.88684685230011e-15
3.1877519989792935e-24
1.6701634896076435e-20
3.657126467669858e-11
1.9500016049868296e-10
2.1568584944699725e-26
3.860001340966256e-20
2.7305582670828454e-13
1.9143071575876735e-20
5.842896761250665e-07
4.945182169051399e-24
4.417360651298559e-15
1.381663588331873e-20
6.018683610811215e-10
1.2200909432083397e-23
6.62328102708396e-12
1.769847486629783e-18
1.827987790181224e-15
6.057727370564171e-24
8.67945041018122e-19
1.8543032097191797e-15
2.655423753930725e-13
1.3562779140619982e-21
8.833911497514876e-12
4.561850218132422e-12
1.170645242499871e-25
7.116485019539404e-22
4.565221608181321e-09
6.698386771609955e-10
4.2255251274337904e-27
1.3292930058648668e-12
4.0604578911321e-26
2.336716762496756e-18
4.072079214679443e-09
4.736092603156496e-15
0.008790704421699047
1.40350368718578e-23
2.834419224602703e-11
2.1179206914209696e-22
4.6053553135883634e-21
1.0999238873748178e-25
1.5175603551356182e-19
2.06213509974079e-14
1.9684269611518853e-13
1.4008373238362193e-06
9.179242977019615e-24
1.0180332065487873e-26
1.6886109921767886e-15
3.4636623038245643e-25
2.2265065736604164e-27
3.478447905495971e-26
3.522535177739683e-06
2.21149849485006e-23
5.3507658612319725e-14
1.0554399125707443e-12
5.453023885799179e-23
3.2043493417506555e-31
1.5329006396532044e-25
6.342862916325564e-24
1.4581880760501017e-16
1.7247650176125668e-12
1.2429110345474407e-21
2.8851816281288837e-30
4.70166504385804e-16
1.3375159049113966e-16
3.202915113113553e-13
7.251011580366412e-18
2.400846529928665e-16
1.0212718985949109e-21
6.51564201271027e-25
6.344847570983262e-15
1.3914978581794721e-10
2.0623147284965182e-17
2.1065838009521228e-17
7.957454538766668e-22
2.0601482794043267e-20
3.2638963612254927e-09
5.559458649002547e-25
1.6888171354303428e-24
1.0209808822607488e-25
3.436725777602172e-36
6.500276267447281e-24
5.379215334803904e-25
8.50978169672874e-23
8.122855787525441e-09
1.4063350889293253e-18
2.1697667803247925e-19
7.077365636805665e-30
1.1211100512390223e-22
7.188553540031209e-27
7.990511057850927e-09
8.164108072813957e-29
7.164275528567664e-10
6.317033768130825e-26
1.1934830439626064e-08
6.147224065892339e-13
2.0935375187992853e-30
1.7330202195334852e-05
5.557608949679656e-23
1.4564878500803e-19
3.764070680583808e-27
4.380775190457411e-14
8.835251167716238e-22
3.4464748206855684e-12
3.204535503751628e-21
7.567522362479177e-21
1.4865882754305833e-27
3.723760280837719e-12
2.879514837394215e-15
1.6229317229096968e-13
1.823551956117611e-30
7.818202472835633e-49
5.76241488841375e-29
3.5770705239734346e-07
3.9774078628753556e-22
1.7883511636276658e-24
1.590173197153195e-11
3.9550711460155614e-14
2.3211261579526673e-26
4.9269580475535425e-22
3.5649851327263544e-10
2.240796505793111e-21
9.264366233549045e-23
8.908892422499128e-05
7.496064428948101e-09
6.037673601240216e-12
7.22359393062615e-08
2.72862896892142e-05
2.2054651161690817e-11
5.5198896213378e-21
3.133585257040987e-08
1.6161047678922356e-26
3.89295473087114e-22
4.3445155341729333e-10
3.5275497538910347e-15
2.5607292590195987e-08
1.0010835664355736e-18
1.3099417648103445e-19
2.3271813101620227e-23
2.0150344634694242e-21
2.6821103350401937e-18
2.0443094495898787e-09
1.4128465257418786e-36
9.18541186960964e-17
6.575956653826156e-30
2.609724449975351e-19
1.4955142340901682e-10
9.729381024213192e-19
1.102413879643732e-11
2.9546587142537213e-14
2.2566759112115647e-09
2.6963375499671906e-06
1.2244401093589287e-36
1.1433506978270374e-08
4.090130986103046e-17
6.466278705020982e-17
4.723047401768011e-18
3.4144301573158195e-38
1.9604453598263397e-24
1.7157650027908141e-09
5.892481115806878e-22
2.5723159013489742e-17
5.839471606175909e-09
9.703181542373754e-09
4.608608794654657e-27
1.7943308037715515e-09
2.938584706711065e-13
3.4899508972678934e-14
2.55906674442783e-10
1.3489873064784663e-17
2.920099306408488e-11
1.9584180050581395e-20
1.3566924711377335e-07
2.8892884308085083e-22
5.247846472439516e-23
1.1218172929523186e-26
7.300030071437718e-26
4.668018750282561e-25
5.506685770206549e-21
9.851365802726866e-09
4.6764833672597824e-17
7.422997705708562e-18
5.730248449038188e-23
1.735630774018622e-26
3.290946087342777e-16
6.609059287647432e-25
6.1934509900219e-29
4.0829232354698405e-13
7.021358880847191e-13
1.6627474596047157e-07
5.959345949548701e-16
6.344189949551202e-10
8.788103903075567e-30
3.109881829744365e-29
1.1425900512353581e-07
2.045298394643539e-18
9.690249860715222e-23
8.806345156510831e-24
1.094897651536434e-25
5.854011559427327e-27
4.643283388122757e-19
5.899773918372675e-21
2.4387187659654847e-21
4.148741514787681e-08
2.626883973833852e-09
2.522606233251599e-28
1.875808051462406e-23
4.4408749104484547e-16
7.575714298343248e-12
2.7150646967169967e-15
2.256141273088364e-09
1.7255537793192345e-11
1.0543979004304971e-13
6.56697431195773e-26
1.5631028590684328e-21
7.870972406720415e-11
5.180875891231079e-14
6.109678742985457e-08
5.867293478656887e-14
1.2106305083085202e-13
7.855944935451007e-27
2.0479223556607138e-18
1.4736773602810748e-18
4.125846569248351e-24
1.2451032294165115e-10
8.461631889330093e-10
1.351839523544899e-26
1.0454119036269176e-21
8.078074645505045e-27
3.090113608999762e-12
5.571920164995496e-16
6.819561616238446e-24
3.233993612103882e-17
7.897546777041513e-20
2.2212906573987304e-24
6.615459130925213e-17
3.525059890683969e-16
5.93478178427643e-23
1.5158996350067217e-13
2.240256476557041e-16
2.2550749914678944e-29
3.706205767043802e-16
1.3535264354903051e-17
4.9376513264354427e-23
9.86882991000811e-25
2.3744984222421892e-51
1.9256832701306357e-13
1.917777051007816e-14
1.3948907880908323e-29
2.315408599934405e-12
8.128181977945266e-09
5.330715873169387e-26
8.731247096877467e-27
3.2412635913151657e-26
2.6107200767506754e-18
1.4357960628048017e-26
1.1699358184009619e-08
5.960151955120759e-14
1.0427843387104088e-20
1.912186472949301e-11
1.5099546587530004e-23
1.7072887254208427e-14
6.551336837684066e-17
1.9028359690236222e-23
1.0242853628257693e-18
3.179927014418052e-17
1.1516239782595686e-08
2.947702281029764e-06
4.330501005640864e-15
1.2293979657023932e-07
4.1585894395110073e-26
4.945071048013785e-24
6.292201747688657e-28
5.395971284684597e-15
1.6127919128486071e-28
9.054539965738939e-14
1.0181039131168855e-14
2.208742493694631e-17
4.1256968368001834e-19
4.2975214485808626e-17
2.3971322266906826e-19
8.93342289242217e-22
2.4406998705322258e-08
8.97474829100385e-10
7.386949254860146e-13
2.1642174263471195e-08
1.4041178582584238e-13
1.4591561762835177e-09
1.1142673938190813e-20
1.7313529337951083e-21
9.237855316661007e-09
1.5842625749102735e-29
2.5869009796903377e-29
2.7464065913731206e-21
9.091390029358318e-18
6.165371344709622e-16
2.2395027342469675e-13
4.126868551083616e-12
2.2460650589288035e-21
7.941662590978904e-30
9.019098764403483e-06
5.042931692943792e-20
8.169993604921542e-10
7.196262345561227e-32
7.285200240578805e-08
3.460897954318569e-24
4.791157188462769e-13
3.0028560960340682e-24
1.089684325793674e-13
8.195772408700426e-29
7.483394002991646e-12
5.789626774549468e-12
6.544420514808597e-20
4.6607004249224825e-30
3.4504547248289073e-23
2.952991747086504e-07
1.3792362858960849e-14
1.9867395002547627e-20
2.013162494299631e-24
1.3685132931810482e-14
2.4750708568915827e-25
2.660332223822818e-12
2.9064591404061675e-22
7.496232511353309e-05
6.300563040636592e-08
6.366696546923555e-23
0.00010297060306702533
3.903727609444628e-13
3.279610237790113e-07
1.4095222636899575e-14
3.947018848927824e-18
1.6097732001069012e-22
2.0221657618648726e-10
3.4040710865278975e-12
7.66517931953379e-24
8.435854541849863e-20
7.762435244792289e-15
1.3439097237142767e-18
3.173207858858419e-18
6.147269020857526e-09
1.753366022784731e-22
5.205868197364866e-16
5.133294103958021e-26
7.666538118934764e-33
2.0902489646717067e-10
2.3204309166923727e-13
7.1827356073274595e-12
9.723195516626062e-10
6.695752201077954e-22
2.3593836421969536e-18
3.5985056571844977e-07
2.9676210902868082e-21
5.8971658579640935e-08
3.459978152302015e-25
3.189049011203971e-26
4.535160900925615e-20
3.188323493201705e-15
5.210256127384934e-23
1.157885460358849e-10
1.7800917958544456e-24
1.8617206963306949e-10
7.646231166178321e-26
2.1121434799624813e-06
2.4382982767011915e-12
1.4332921985026592e-13
9.817874276230773e-26
4.0645297033306556e-13
1.8120581769659186e-27
8.588159956272363e-31
2.2041722578335737e-23
2.3546457386594826e-19
1.3559426342495968e-20
8.448562874510597e-13
2.6835248545464155e-11
2.1583823807538127e-18
7.594716772928428e-21
5.9795984665209336e-18
1.1990788905410163e-20
6.48011789424375e-28
1.0271344870702747e-10
1.4344581124515828e-23
2.530682400923493e-24
9.540174984893481e-07
4.735435680732933e-16
3.5696511505616975e-06
8.356227700584828e-10
3.9624398782223906e-10
1.2449693677849508e-25
2.559066303764948e-10
1.62631296658234e-35
1.1790600082391467e-26
2.358947374568706e-21
1.3177396836797732e-14
1.8834940500799086e-26
1.0940949018443923e-16
2.805604173391194e-16
1.9613388716593394e-21
2.1715631637749327e-16
2.1865392746203577e-12
3.009869139634287e-26
1.901743469588253e-20
2.851780170668603e-12
7.955576028675464e-17
9.863358896506653e-24
5.438786001677337e-30
2.0680733617798573e-24
4.3321960211043266e-20
1.308391632418004e-26
1.7023678797231497e-12
2.94020752178428e-08
2.440328392329412e-13
5.096804197447805e-18
2.3542409033820037e-31
2.2208332179567115e-10
1.1299183515165688e-30
4.127249827994148e-15
1.4131554409237287e-11
2.2452768178200877e-10
1.0375778947176537e-25
2.670259721597473e-12
8.998829811092053e-23
2.489335976922078e-09
1.4413301886569067e-10
3.1543297756391386e-21
1.5775884643633201e-12
1.0761919851139818e-11
2.418340365590559e-29
1.9169582736940807e-05
4.402239144163971e-31
9.89071897153065e-37
1.8840500290223685e-21
5.733760332537186e-10
6.150239704418407e-17
2.259436099801193e-12
1.5489368523097223e-15
1.2072108505660487e-22
1.8384902173185883e-25
1.5755177456723796e-23
6.118332985152551e-18
2.0048166986495757e-22
2.2448527661531066e-10
9.015971508319616e-13
3.0092059158291515e-06
3.3211303311051466e-22
2.0356701453264435e-09
5.726028275431944e-11
1.6334801390957801e-06
0.06454218178987503
4.1798175333138383e-08
2.376880631050957e-31
1.2287726283267008e-12
2.9278928011661014e-17
6.577093738787863e-12
8.566891267344626e-15
1.5572112772086473e-15
3.0856917123584618e-06
6.617081033348041e-13
7.282662342652326e-15
3.590689159241728e-25
3.3659821852894906e-17
2.5532091577810693e-44
2.7752613771000923e-15
8.802648896059011e-21
1.536589972392484e-20
7.541378411767303e-25
3.687624048811483e-09
6.337475561364117e-25
1.0999264325822345e-09
5.74310654949061e-10
1.2718364995427867e-17
3.31620986756147e-11
7.946205664528064e-16
5.175646865327622e-20
1.054491737165304e-14
2.16286270380245e-07
1.5006203032147038e-07
1.319699844298319e-28
8.338594979194282e-23
1.6444972770139354e-14
1.689335868766622e-11
1.0703785853713492e-21
7.622144880555263e-06
2.832560558983087e-19
6.801020132485844e-18
1.3769691102246592e-13
2.3492010584237574e-24
4.3116755626395624e-12
9.080152933730183e-16
4.733589185629268e-09
3.4499479613525792e-18
3.9420534710409324e-28
2.054166153786244e-30
1.2562497086252952e-10
3.281655192181557e-25
6.92354771701468e-11
2.003653636906863e-28
1.112552136042026e-10
2.754888605487987e-10
1.8941008142201745e-16
0.24638526141643524
1.3385571860779784e-16
7.899340987888543e-25
8.254313980826785e-17
4.767804105884495e-14
2.0618923357273357e-06
2.5477416408313137e-23
1.2698222768665574e-10
6.370116289263568e-13
6.893762704559155e-18
2.890288346470976e-19
1.004798603469515e-22
8.281722977623807e-23
3.251891212683555e-26
1.166178052228835e-20
4.8797401658298467e-23
5.556439723343445e-12
3.213328642131027e-19
1.1189951431649978e-80
1.8013575548428891e-16
1.9953081092702888e-23
9.982010265119522e-12
1.046319991635137e-25
1.501630592329784e-11
2.006221419616081e-11
4.104516474909498e-23
7.474511377178614e-13
2.3947824633382906e-11
2.401144789528293e-13
3.6235438229668625e-24
1.5247763255911372e-14
5.525775624724872e-18
1.2884475421224398e-09
1.2436946529663678e-23
2.0872248360066658e-14
1.538720671339421e-20
3.309044427230628e-23
5.32910537279269e-20
1.7546624771909005e-16
2.1405697735789351e-07
3.981701861684275e-08
1.9112379319843644e-20
2.570014955758548e-14
2.798978390512116e-19
1.927043129544417e-18
2.3271198501659384e-11
1.1654047714506606e-08
1.6304167432145188e-28
6.976844150516835e-09
1.0340123649411175e-27
3.1908042986548646e-25
6.168212813503027e-22
1.8246304706403574e-07
2.014100775402347e-27
1.901958549840424e-13
9.984280065637265e-22
4.279636873349014e-19
6.490049248619559e-22
2.5840880022761487e-08
7.596243018618294e-22
5.309822233648877e-08
9.515983280470932e-23
2.5996492986277846e-08
3.1995293279672545e-14
1.0887257978262174e-10
5.463875998993531e-27
8.411173920153668e-25
1.1718886948225248e-21
3.8475602013942063e-23
3.903233021314935e-08
3.716778188932355e-27
1.031707307548231e-11
1.4657022824610237e-12
2.4049849624038885e-16
2.015599124482693e-12
2.3935588767893984e-20
3.912937719613215e-06
7.545921120176774e-13
4.026505090432532e-15
1.1622902242402107e-19
2.3956108341760403e-16
3.2382569127179e-16
6.074601719978147e-23
3.2773431933666386e-15
1.0624943781510935e-13
7.974544214321884e-26
5.356257753576744e-08
7.009643438236165e-22
2.3160259742542152e-10
8.435207717266437e-20
6.556276096342462e-13
2.6827111369211086e-15
4.272608599981953e-09
1.7050288058395833e-22
3.865600009474321e-12
1.4155844922410532e-30
2.948052958433599e-42
7.906575581821857e-13
1.7851305410964905e-11
8.014386871933762e-25
1.2724538803544968e-18
1.2690324951344032e-10
7.963585449796222e-11
4.481348831171596e-13
1.1995870565739108e-19
1.672291234589615e-25
4.328380003440248e-08
1.2168272681053789e-17
9.745799063996438e-07
1.10841473168785e-31
3.414145462545033e-21
1.822038626756233e-27
1.0560014969817518e-12
1.91563820215465e-09
8.493018826637862e-20
5.203893762266171e-37
4.13303257041582e-21
1.640714877676533e-14
2.4819694087593494e-09
5.37909640289691e-15
1.1323816447919461e-32
4.1755352603130745e-27
4.651228805311526e-25
3.6503480247816843e-16
9.265631752427814e-14
2.1583371334092367e-23
3.5439949814829326e-23
1.0392139824611881e-09
1.2856394883485195e-25
5.640264624212764e-23
1.412288220277306e-30
7.372816986848348e-09
3.364853783661804e-24
1.0976851280726649e-24
3.8364557120952373e-23
2.6012744771354063e-05
1.5152903132218228e-09
1.410130400859267e-09
8.437403938857091e-19
4.204858900025394e-17
4.2401159623007634e-26
1.6227663407543913e-12
6.056266844101997e-15
1.9145211459941035e-26
5.170871483163131e-11
7.790714471079252e-08
2.2825441124772125e-14
3.4404223833830924e-05
1.8205688153402996e-13
1.5102568072875891e-15
1.34659816415818e-25
1.0413178341100964e-28
2.6989307741736916e-15
2.2937265759634005e-10
1.5227156231798232e-26
2.3083871143422806e-24
7.612091324456346e-08
1.1739900530970883e-20
3.738053416452964e-11
5.44763831777553e-07
8.500382143329078e-11
3.6572145906603124e-13
1.4864803518666606e-25
5.987951733996397e-07
1.9736105789017307e-16
1.8738598112570587e-09
4.690364038199578e-16
1.3332891589129178e-28
1.9076439148735097e-11
3.0507489637537772e-24
1.1360959517359514e-13
2.187911126228068e-16
1.143897210719982e-14
1.35826352021709e-24
9.6661574779755e-21
9.89920169050349e-18
7.068585198661877e-08
9.682113586344735e-13
1.851176522165033e-20
1.6157637178791142e-18
9.134243736398054e-28
7.073404006560953e-22
8.856766532741052e-17
7.748110254663666e-19
3.6727358766057885e-24
1.7011728826744448e-25
4.214060885727063e-17
1.0644038515982388e-28
1.1417940505142579e-15
9.842886888303178e-16
2.8359353293649106e-17
2.981964119785918e-11
8.492829400087814e-09
1.867060258499427e-10
1.4636397672635102e-18
3.6258436791396575e-26
1.7004878729746634e-08
1.1878126528865841e-17
1.0573218140853287e-15
1.0987072448488002e-29
5.166327836744268e-23
9.404511523760456e-21
1.7380537644209495e-25
3.8332294442906776e-23
3.6752239457961276e-10
5.380130437471018e-19
3.39853158428455e-29
7.480897236447928e-20
7.784844978406608e-19
5.6707873292422586e-15
1.1832022482254903e-10
2.6413010547416518e-11
7.934844134730168e-21
2.9250671864917446e-19
1.1445894683606042e-25
9.196074775845076e-24
1.1268287143288968e-13
3.9481451491018064e-21
1.1920389523085705e-27
1.990453063532166e-26
4.719685845554137e-25
3.059347351354641e-22
2.9338623710156843e-11
2.3369849304850137e-23
2.646359137913322e-13
2.1092443245396964e-18
5.720631791631134e-07
8.124059694378456e-20
3.08833330304142e-20
5.446339422999387e-10
7.688981887882117e-23
3.0185005280399703e-20
9.435971974613344e-24
2.4576344416299035e-22
8.62673006484526e-24
6.167281044206436e-19
1.36609083630819e-20
4.690905546840976e-11
0.040676211912158866
1.5987790356558852e-47
1.3127885201172704e-28
8.426876154929747e-15
2.30476325371989e-24
2.3509980869792687e-23
7.502530527968738e-28
2.6698156360484527e-11
8.058747495607422e-25
7.244602777695135e-35
4.649420727183279e-12
1.4472718112185412e-41
4.876544388031095e-08
1.4031977188089064e-19
2.1555244160230033e-19
6.841640027842295e-27
5.319459874145917e-23
8.445033404667306e-13
6.660008660199856e-18
9.136561796735663e-23
2.5721854701348874e-27
1.6714295716319372e-22
2.656942554450604e-20
2.7881223525828936e-25
2.3967485171111414e-10
1.8384753557590916e-23
2.1484493291799792e-16
2.2065833333409429e-07
2.213913400888703e-39
1.3165496363157168e-20
5.989526437124917e-22
1.3562591508599842e-15
9.256962911140683e-15
4.510647272211309e-08
9.164145919434097e-16
3.547627347709358e-11
1.0256206883426224e-20
1.3554229637806135e-12
1.5505987161923688e-12
2.301714984828561e-23
2.9912101037801715e-13
9.12983631984099e-05
7.793331613715053e-16
2.147516960471531e-11
2.2333836586300186e-49
2.432649315569116e-07
4.731726286649227e-10
6.121347144827955e-06
3.309061379744669e-20
6.709930065453212e-22
9.047672757873451e-26
2.1901437566319717e-27
8.088369690859745e-10
5.501286594110343e-13
5.944563097654016e-20
1.4139431016315325e-17
7.333144249358484e-07
1.8856021887944287e-16
8.463960099125728e-22
2.5224070307656896e-23
2.7880701423931588e-14
1.1994527004848732e-07
9.301016672799482e-32
2.342240619145198e-10
6.8154749016463626e-46
1.4399705115657266e-30
1.1314091074221261e-11
8.893703646925644e-30
2.8938119934132686e-27
1.9951521863227677e-20
1.0334034241781204e-33
2.5499021582077384e-27
2.292441803190458e-14
1.3138321349058364e-17
3.3122204028797714e-23
8.346546776864997e-12
1.0604142711754062e-19
4.849948105213161e-11
1.3025595083646047e-14
7.574372228180429e-32
1.3417171902836914e-11
1.2569228302473503e-24
9.282692832589474e-15
3.216943317089101e-24
1.0510930445319934e-10
7.850608418815501e-21
1.7025362564252873e-13
2.722844054584904e-28
7.47559674737915e-28
3.3578409498342816e-29
8.716694112159262e-35
2.4038096278297505e-16
3.026426551832728e-07
1.7255020273623958e-11
4.8307723210373333e-23
8.463787235705942e-14
1.205461897954713e-33
2.269529402947766e-19
3.4817116953968115e-09
1.0932489764357315e-10
3.470926871625616e-21
6.614400718194969e-12
8.526714372945402e-08
3.1961917440307878e-25
2.20407726699367e-24
1.4063310675683743e-13
2.420886726241568e-07
1.0404049362484345e-18
3.9453861690985054e-18
1.6246498832009243e-09
2.4985205417021303e-17
2.7125848354618192e-15
1.6966976822180305e-20
1.0134619035286501e-15
1.0076244965406951e-11
3.9723780122688833e-10
1.004633541154371e-14
2.724912453955703e-21
1.1967696310282481e-32
3.033446893640644e-23
4.534332476707858e-30
6.287625235919653e-30
3.88358337765999e-15
2.390846879496964e-19
2.195564911203868e-13
1.3459750766371404e-24
1.2633530400384523e-23
9.787042036047495e-21
1.6029668397310933e-12
2.2564659617440643e-13
3.22941970145238e-18
3.417151180688657e-09
3.7071046944304953e-25
1.1305517273114876e-16
6.752780096440325e-22
7.175844638528865e-26
1.805574840067046e-19
1.4210724815964947e-19
1.0482013885781241e-13
9.459551977643068e-23
3.077969617274298e-08
9.105699922903893e-07
4.187580099085683e-29
2.373391990694285e-22
3.8825471551656853e-22
1.2884312736180202e-25
6.294310344266162e-10
4.866301261219516e-15
4.223345326903094e-24
2.3140213759761612e-14
6.684029190652033e-11
7.07378370699138e-23
1.4972396213888987e-06
1.598684419909483e-11
3.569019201267351e-21
1.7458304828367344e-23
3.456215284766645e-24
1.76716854119119e-14
1.4153970105843077e-24
4.6170904325888364e-10
4.415765561668313e-08
8.4812197417704305e-16
5.484800332127059e-16
2.7141794433553325e-29
8.244924857696762e-24
7.97800909223824e-14
7.480778582613927e-40
2.6816482466015367e-08
9.382013188411486e-27
4.5707545794314904e-17
2.858691451945224e-26
1.0040301928541096e-22
4.824327570205258e-09
2.4710980446084812e-05
5.02170292889347e-17
1.3304506963737646e-12
4.931674467757174e-10
2.257614762826224e-17
2.6530726662004084e-21
2.743324001290406e-08
8.81424598036462e-09
4.868093433870718e-07
8.362799244854077e-15
1.7029573246969186e-23
1.4535804707421433e-10
2.767712607287518e-26
3.8610177730409944e-16
2.3842307321724547e-24
8.599302183944556e-20
3.4594917268486582e-09
1.1691741620794961e-14
1.172869460381868e-18
3.955482239398101e-08
3.676615930023826e-20
3.676031430889323e-18
1.4951513163468032e-29
3.460449863147061e-57
1.744178211566184e-12
1.3649821910192327e-09
5.709828626617489e-15
2.0783525617852737e-06
1.051978719381014e-19
1.1703675238293248e-07
2.1546266214108727e-34
3.8892001856436646e-29
1.3776564734251337e-08
1.2314236250798749e-23
4.932815267355795e-22
2.3558618222458085e-23
6.337683805896135e-22
5.058889011898883e-25
2.214737669325646e-06
7.728717675607555e-22
6.548894027142387e-27
6.144588806166153e-27
1.5936230772073924e-12
1.7905292577875281e-31
6.837088260780901e-24
3.261408825797598e-08
4.807346125420161e-23
1.7791956778186485e-10
7.698631163135275e-16
1.2382296629193314e-12
1.2490249952458987e-21
5.692684493668268e-26
4.78276203193128e-16
1.3495839391931413e-21
4.235528921209692e-22
4.548025569782785e-24
1.694999022930831e-21
5.474932065444163e-19
2.0475323501446646e-16
2.5333285788845676e-08
1.0130278989700929e-36
9.948081495041062e-15
2.412163228577007e-13
1.0216221462838682e-08
3.662585677305213e-17
5.3172220002020444e-21
4.8447517140501266e-11
2.494922942892759e-14
6.187253248130243e-17
2.3036453584903243e-10
2.909713866585996e-16
1.2506175104303494e-21
1.5880099148614778e-21
2.3573975945060935e-21
4.568720475316318e-24
1.0668924177058604e-18
1.1805938439887603e-21
4.207770097352405e-16
3.844363014836191e-28
4.658140602432678e-11
1.1328073590028449e-20
5.060631597335781e-08
6.095537313087443e-20
8.858968864350442e-08
7.152276686739257e-32
4.4052911911003276e-08
9.4570812075158e-19
8.305120175124164e-15
2.4055774514487503e-10
3.0554613914254037e-09
2.8031438960210403e-14
0.006518268913739078
1.4727782809386076e-19
3.938909408017507e-09
2.5324182672153285e-25
1.0020039916022639e-23
8.185307416208894e-08
7.422480301411795e-24
1.2045838528557155e-38
3.699874254713349e-23
2.663413665164997e-22
2.9792365296146285e-24
4.942573362342492e-21
6.349003323992039e-23
1.6433047979954268e-18
1.3012830434104603e-22
4.5444660961027975e-20
1.2620681795145267e-20
3.563128098640273e-24
6.69627887294717e-27
3.281126888304735e-21
5.168850308170382e-21
5.262863929457255e-24
1.477585331878856e-24
1.07510395391448e-24
2.1866435860165247e-25
1.3363341180797426e-28
4.844591938931452e-21
3.398047386213509e-16
3.5673550227615684e-23
1.6542565021866165e-35
1.1455404071719974e-12
2.7445629284242154e-25
9.035618333181077e-26
4.129432982089021e-11
5.4173350372957806e-89
3.3474615894345546e-22
2.9457916112395175e-19
4.013547465577342e-27
1.2455475174365695e-23
7.770494719915539e-32
1.9980894613793484e-24
7.093195840768278e-05
4.809862095933272e-23
2.1991625962322363e-14
1.9451127910222832e-22
3.322157841172477e-09
4.875435294899816e-20
3.2474750999206816e-21
3.2103256498829527e-24
0.0003485682270542509
1.4508115046132864e-16
3.573911830496702e-08
7.788175265414676e-11
9.591028779820432e-28
8.740855683961274e-25
7.133614312788445e-41
1.1960583621134031e-14
3.799570669539126e-12
5.1793485259424545e-05
1.314696536934837e-07
3.066346871169436e-23
1.0531727857923138e-17
8.43470137125028e-20
9.731649398803554e-21
9.352440304395848e-33
1.5911858483543172e-23
2.2232479634003353e-22
5.64499291533489e-34
3.268703814623616e-13
3.4014482966887303e-16
1.0355547597214429e-07
2.690181514132299e-14
1.2503225376209687e-23
8.739636980058981e-13
7.449704140374161e-20
5.268999199256161e-22
7.588590290352691e-39
8.510968461448301e-13
3.964988178242503e-26
1.6713038695365344e-24
6.513064084005358e-26
3.1107514545020943e-16
8.411133154313312e-26
8.033641442669007e-12
4.436174782840081e-21
4.85591827043826e-08
6.123047670998968e-29
3.724552066129054e-12
3.782844965000794e-30
8.897247988879804e-13
5.323898102021898e-08
2.4849064318099623e-15
8.442702766245667e-31
2.5094912578521035e-09
8.763406265015922e-11
6.748366172934476e-28
5.215474512175216e-29
1.2023305941097455e-11
1.1932238509672494e-11
1.7406328621652673e-08
1.7883067203399086e-12
2.8731983018806495e-06
7.9265623562736e-11
2.0276419637253978e-27
4.475268255645352e-13
6.824312638508805e-27
3.2063597223187955e-24
8.94695270176671e-21
1.2790997226261056e-20
5.126420827244927e-11
3.5683731721935074e-23
2.3864965393046293e-05
4.515079310762457e-24
9.595631633261825e-16
3.5445403675373572e-09
5.254726939693965e-15
6.037904345324547e-26
3.66362594645204e-28
1.9438843314652991e-22
7.971198722382735e-23
6.816016057992541e-16
2.7160901961654108e-25
2.0905641970990297e-18
1.3706480941955677e-23
1.434090988441401e-07
3.6880744883297774e-19
2.7084409855469927e-26
3.629475496983761e-14
2.083081971600315e-21
3.0655868828340927e-25
5.813685049217139e-08
1.3724161114866717e-12
5.895826770579117e-15
3.871490451193251e-27
1.2048710511580816e-20
1.1039472494977378e-27
3.6344954743781896e-21
2.1567205223763148e-12
1.3654625676345128e-16
8.14026710454125e-20
2.6463852904347633e-40
1.9932514585720004e-23
1.4453937754821854e-20
1.3407078347383207e-21
1.743361370658687e-14
2.3426398234303508e-24
3.527995542782674e-08
4.6433264007583355e-08
1.5592797793544675e-24
4.948620978469415e-18
6.839250513179144e-24
9.91875593920895e-16
6.497892340549576e-14
7.975750219596753e-16
7.554727124593785e-26
2.131551119654023e-23
1.3613769586418322e-29
4.351769089972204e-08
6.52966493103958e-27
1.9019960265624126e-16
5.861735085654022e-16
9.53833955489337e-25
4.831972234145135e-25
1.4521387711618709e-08
9.785139575381216e-16
4.797890702108681e-14
9.897748560042364e-09
5.449301833025566e-19
7.105157010663817e-32
1.5969237530874648e-14
1.854751239834954e-19
2.713443497286703e-14
7.151264358984992e-21
2.585883269471002e-22
2.7121865555177752e-17
1.4473283513930153e-13
1.1414723902755686e-27
8.512933365117102e-11
3.723620830422372e-20
9.439324861085693e-10
3.8736949559046065e-25
5.934016147074428e-07
1.923168666114058e-23
8.081975723603203e-14
8.589775549145317e-22
8.75727973418004e-20
4.5240690663908424e-13
1.2649912405545324e-26
4.769057952517664e-14
2.5313846126903678e-12
8.422094211654253e-19
1.580453312149867e-14
1.2886386201099255e-20
1.7628685472845845e-16
6.615227085634971e-09
3.29969081349305e-24
3.618090080935729e-33
4.18558960483732e-10
1.543180558064257e-09
4.427285903525638e-25
9.902061619303374e-28
4.7893882012109175e-12
1.2909551162089063e-21
3.9965747539163323e-25
8.168102532428405e-13
1.992218437000275e-09
6.06181247439859e-25
3.4937199529438684e-13
3.020490014321331e-11
3.159088759010013e-24
3.694883647902031e-23
5.741709540641911e-08
3.764071912179532e-20
2.3384643417585355e-19
3.0514100978621415e-18
5.486978027463852e-09
3.621246220861658e-43
3.4763869155458377e-06
1.2675439586878688e-22
1.947218922336472e-23
2.0950247270795077e-28
3.205424663328342e-31
4.87554206792924e-24
3.7839888836972433e-31
6.131051713022096e-27
1.1328163676134909e-13
5.8038385480280815e-21
3.9815700449299634e-24
4.452574932322824e-11
2.540919190871608e-17
2.0523996784025243e-11
2.4314720966214264e-10
1.4216553362335908e-13
4.034024553081384e-11
1.0221794799067168e-23
8.268955985755006e-05
1.3954429139272666e-13
2.2666095626741973e-28
3.8918656850783256e-10
2.2710611156005115e-11
9.132559052610257e-15
3.3310162290075847e-10
1.106072981285173e-26
1.5231706634432236e-06
2.567691602293901e-39
2.2597961770145046e-27
2.354149410835433e-16
2.6886683287174865e-12
3.06572556464023e-08
1.9284337225800064e-24
1.605046708779053e-19
1.0579682937837115e-25
8.102985351805149e-28
3.116446391381062e-05
9.431449423357671e-22
2.0260915074463735e-15
6.575897021538338e-30
1.909797772436005e-33
2.974066184379422e-14
1.6383035206840327e-25
8.795502951675566e-09
4.0127665275547996e-19
9.77985403128912e-14
1.700075315979744e-20
8.801076794641662e-22
2.807340946205681e-13
1.1652769241653693e-10
4.3540557279892345e-21
2.2271974413606624e-20
2.598234061616488e-05
2.232001961017802e-19
1.267622782731386e-22
2.2510128570365284e-20
2.371620470499507e-15
2.0804149346900317e-17
1.0781449003863026e-25
5.572790237528555e-19
5.4905559082668165e-27
7.724922805864675e-27
3.4413960300188436e-17
5.268081266090071e-17
0.00016773983645263293
1.0031614313176581e-26
1.4105201217902361e-12
3.5852094475281927e-07
2.6692328434547325e-14
4.332021420977297e-08
3.647111504628659e-23
6.942462435340586e-11
5.717845134234295e-07
1.325708888302693e-08
2.77748674259954e-20
9.985329250150226e-13
5.974157914032894e-17
4.000529533561531e-21
1.5307680726489814e-22
1.174287148297897e-23
4.982746283240444e-17
1.053143466229242e-05
3.672350550481623e-09
9.923640332332446e-19
1.5430066441809369e-24
5.899831864159357e-24
3.2747198553225367e-10
8.551752032591276e-32
1.1134992459872313e-31
7.949667548562937e-26
6.801354523267576e-20
5.6587405938636065e-22
5.4599457390428325e-17
3.037048876369026e-24
1.4657362306076905e-23
1.5074211189389479e-12
1.0101815650990388e-20
4.3264298536820755e-13
6.109013888574123e-15
1.7808754696433284e-10
2.686847113387954e-29
6.446492013010661e-31
1.988147994272872e-11
7.381876130884838e-24
3.395004117686286e-26
1.70393756106583e-25
1.096900866838725e-18
9.539569845768756e-19
6.310942998295442e-20
3.612190682199908e-15
2.1486479995678051e-19
4.555596610708818e-23
1.2207151760653462e-20
3.292349250775414e-27
1.631894064052482e-11
3.804817357609768e-24
2.3014096046600006e-24
2.046121558441413e-24
5.582279080182693e-23
3.3642570056331636e-22
1.9068424450755004e-17
6.133920036222652e-07
1.3509093488003804e-15
2.317708217879479e-18
0.008287284808046413
3.881496518014351e-20
3.058853952542716e-24
1.4470866907105501e-08
5.4211644528508065e-11
8.084757336173766e-10
2.134413102171117e-28
4.3726006161769726e-23
4.5982888453017086e-26
1.7292189140543977e-25
1.9751673127234417e-18
1.001022796735662e-11
3.7015499133316746e-26
3.4565126200492826e-11
2.7691858521249393e-10
5.770079168262057e-13
7.204253616655743e-10
3.826743429633066e-08
1.0130917429093024e-24
2.629694493695934e-13
1.5894095344417607e-12
1.9831570887233792e-22
7.27762440711865e-24
6.51867534955906e-29
6.196728482917197e-13
1.623998581867757e-21
5.004554332072316e-26
1.6328680900951007e-09
7.295508147678999e-12
2.3966607202247594e-16
1.2710379827043207e-09
1.7537271376159446e-10
1.2199034418938253e-25
1.151453113394402e-09
3.0363136105575818e-09
4.0064411934541013e-28
9.220847970151518e-11
8.62714705559088e-25
5.904694149665391e-21
3.1474196894387903e-12
9.250685064226669e-28
5.234319919776879e-14
5.163827497559833e-22
1.0770644540510971e-16
1.6022071913579529e-24
7.570234005695162e-18
2.5625102308286525e-16
4.318341078951573e-22
4.226485868154558e-20
1.7264543759561558e-09
1.749247232141801e-23
4.12659650520598e-12
7.579707211776705e-27
9.224671284940271e-06
2.0163275955263223e-22
1.1252668792792473e-20
1.1502919933325773e-16
3.5474219230834285e-05
1.5648854157685007e-09
5.6048926901215995e-08
2.5687918074799726e-10
1.228980391925853e-10
2.7792905091899943e-36
1.0988846334527787e-16
1.1820038637136076e-14
1.018907618051756e-21
4.014740397641249e-09
3.610383635831913e-05
3.7215101864644417e-25
6.566879166112318e-09
4.24700004848834e-28
1.60643745149653e-27
6.228333562873982e-30
4.0149151222364876e-11
4.11082978796093e-23
3.1454336407602e-26
5.603374304013361e-16
2.4471856888989246e-14
2.8067465082063297e-28
2.1233342961206605e-10
3.6402550281880917e-13
4.356119307820904e-19
5.121888592147601e-16
4.357885178379629e-17
1.1522325004699851e-28
5.155957148464896e-24
4.536120897885052e-24
2.6409902557609647e-18
5.1166249719087674e-08
2.5660360587798294e-13
1.4307243507860845e-24
7.681097882387056e-21
2.572535228721592e-12
1.548217440625159e-26
1.6422551305361764e-22
2.9739079001861974e-22
5.596143929573907e-10
2.8833016315091975e-24
1.2305324476006092e-20
8.737155070823412e-11
2.1438552254941666e-20
4.772182890204002e-10
1.6353633805010471e-24
1.2905624813127575e-06
3.9397705933113434e-23
2.8942286389809816e-14
5.802977527932058e-27
1.022120973368224e-21
7.576811426125679e-11
1.2043939890182608e-14
5.569924810191801e-29
4.262293378834498e-18
3.1412545083072414e-24
1.8325493337245656e-15
6.482436064174345e-26
6.3161141551074425e-21
2.938435169649072e-06
2.235028000264537e-09
1.4797360815792088e-21
0.11914155632257462
1.731227017423154e-29
1.0327364957681597e-24
5.511613678374394e-10
2.532267449622265e-13
2.0796011138203132e-24
8.400320507646076e-27
1.227963789673639e-15
7.048108403526165e-11
1.5081117722809646e-24
4.80259752623971e-07
2.0432794162393582e-19
1.7174493489441795e-15
1.247031749535677e-24
7.569894556263016e-16
8.347050919400932e-11
4.2189925495642266e-23
5.0819594865146495e-27
5.668856549352021e-16
8.12923900073624e-24
4.2908820619275987e-13
3.730884351921518e-10
4.3924167563105145e-07
3.891270392230148e-21
1.1004552339231193e-35
1.6658268498080117e-17
1.6758723572152505e-11
1.550171024331252e-10
5.1062987905105926e-24
8.930605547419005e-28
8.606589613624828e-15
1.0919256708464922e-26
1.7242422829861456e-18
1.8700418345979208e-13
3.5704564247662677e-07
1.3053367733197092e-08
2.297824240682337e-13
1.0506953720381294e-10
3.657441198508474e-12
2.3045052018905306e-29
1.5950853247588978e-39
9.450097592583058e-09
2.9230288967321734e-08
2.698637738683602e-28
1.160498622963168e-22
2.800292365431577e-17
6.881443789065786e-32
1.2513279726117341e-26
6.262108977532033e-24
9.381091160028126e-27
3.5425930400101693e-25
1.1005332121370523e-29
1.7770288079136102e-17
4.338366087972264e-10
2.031878184703491e-15
9.215186918857762e-12
6.828652769408983e-11
2.3225799370390086e-11
1.3519751420060587e-40
9.370592361673225e-23
1.1722513995083862e-19
6.017468866441877e-24
1.8568901756889855e-26
8.14668702513237e-21
1.6744350289636525e-15
4.646425882557835e-25
6.868308599550584e-13
4.874971535704113e-11
3.170548256882484e-10
7.042861515739018e-28
2.5447553742705392e-23
3.058804232504398e-08
8.62574562108428e-15
1.869584438136285e-18
1.7504844594595104e-24
9.308588926383148e-08
2.740602893009565e-23
3.727673700269458e-23
5.121088034947997e-17
2.3324003823268626e-10
1.3898050199054333e-09
1.4309174240564519e-09
1.268347197320336e-15
2.9492731167311284e-22
1.241199202842112e-19
3.051671301245307e-08
7.286019368873892e-20
7.3634299119361075e-31
1.3708728403058195e-11
9.638202973669527e-14
4.96516831440653e-22
2.0882758760156576e-21
1.2172454900649073e-09
4.2950563360576035e-23
1.1764712299912604e-32
3.688535575143943e-12
2.2314712888480717e-12
2.0705537747083257e-07
2.0838065170529046e-10
6.5190245955738285e-24
5.510439807401406e-24
6.567524600064281e-19
1.5910063681937578e-07
7.286245978027653e-16
8.529121300193334e-12
1.1878560148371836e-20
3.463726550784217e-22
1.170033318209776e-13
7.5283201521679e-15
1.0552665218298496e-22
6.25337859652123e-33
1.2461253191197265e-06
3.127154067758134e-14
1.9937274263581358e-23
1.8172505910351555e-28
1.1353511258834767e-15
8.03907398010575e-15
5.868031685052728e-13
9.176897581507267e-19
5.0756238038221453e-26
4.090803741910743e-21
1.848186927261661e-14
3.566266353249202e-21
1.0437988978724839e-10
1.7895417481476242e-11
3.1874195748276116e-08
1.8765875848347618e-14
1.3129768649635244e-25
2.660893717955949e-14
7.152669932238109e-28
1.5405759161146759e-09
3.663110205231244e-15
5.315648654833071e-17
6.714878425561909e-15
1.3870934718710519e-08
1.1413221420725724e-11
3.983527955433942e-09
5.656950300981264e-25
1.7902818733356355e-05
3.5834418249817296e-24
3.833440694988942e-10
1.3081427322968386e-19
2.3174433609376828e-21
3.925651600522323e-13
9.681679573257706e-21
9.171530328597803e-24
8.338588686245526e-23
1.2820390577550507e-08
7.354907853807448e-16
1.1131111398629824e-17
1.2987424026846828e-16
4.0239628011509837e-08
1.795029575904674e-29
2.813572795656489e-10
3.761333527517143e-23
1.5082146883866373e-14
1.5708973909120601e-27
2.337114386082319e-19
5.091281114080905e-23
1.1196154325339506e-13
2.693326713658665e-10
3.557119093354714e-13
1.2273280237098892e-06
8.017695270804466e-13
2.4118010424780132e-08
9.560884600186533e-24
1.2704963365829503e-28
4.768312526148319e-16
3.9625984407604384e-17
5.837391913410204e-27
2.988412402066966e-21
5.3282304699772785e-28
2.908369273609067e-10
1.3930533534906788e-15
6.01805127711804e-07
4.84245835295237e-24
1.633162138766078e-15
6.1707870027659025e-18
7.1832421097072745e-25
4.271727693177983e-27
4.8117842812324776e-29
5.479225889876651e-16
1.1834477993016492e-24
8.467438565759233e-26
1.8228330116011024e-26
6.169258647528984e-11
2.8232516672581367e-14
4.1300845015145433e-19
9.76323096667854e-18
3.55519821874156e-12
2.8202408160146335e-26
5.162749546709793e-25
7.590166001008586e-15
7.210287942699673e-29
4.60431527766166e-21
2.6446865127830138e-08
1.1268466186559856e-28
1.1002474915373422e-25
1.9616380224262925e-16
3.061124074969167e-09
7.71866248498147e-20
5.338229003186636e-21
2.8139904531874835e-11
5.642392647511975e-23
6.7082143491886605e-21
5.0999614445438155e-23
3.33659283798389e-20
2.7804525284261716e-10
2.5460959369826367e-11
4.405125490037162e-25
1.894487436804365e-23
2.5654505902920147e-17
5.947870478363045e-14
1.1943049564534686e-07
1.157129151139874e-06
5.36010651127903e-28
1.999494726831402e-12
2.315772441001485e-15
5.1760963115401067e-08
3.3020555743710994e-15
3.958153214387831e-13
9.155668471671163e-15
8.93899055590163e-09
5.175437827031669e-11
3.3009902278928633e-34
1.0801533002420535e-19
4.172837994196668e-20
3.9764459057216077e-17
2.1102527308588365e-10
8.929077894166895e-38
8.550715454345657e-14
1.3747667365738742e-18
4.413460911968417e-18
8.156366411135636e-06
2.0631490757524537e-12
5.367509337208685e-07
1.1296710747822586e-22
1.4905537645686242e-06
3.130863961924251e-28
1.5969363683423495e-23
9.942517426577031e-12
1.2659841358165456e-22
6.5839947727567165e-12
1.2346047529892114e-11
1.4415498226621742e-27
9.828670514674066e-26
7.893565051721593e-19
4.7801655780744486e-08
3.6546714030320127e-25
6.376438883019662e-20
1.6512356776826587e-11
5.1118504274706016e-23
3.985210289107797e-15
2.617127655343122e-19
1.7307656149575838e-25
1.64339610064992e-14
6.2020004418280444e-18
3.3945557459605093e-23
8.769094365488036e-09
1.5546445327989219e-12
4.403757063849535e-17
3.520284513261964e-22
0.4059048891067505
3.669517706358359e-21
2.5208536124886438e-09
1.7523493108990418e-11
9.74675238833605e-24
3.205844688740521e-29
5.983490876265723e-14
3.941159920246727e-21
7.310563226411264e-27
1.3757731986813066e-13
1.2194084270179689e-25
3.5322307597257698e-09
3.5628108885978734e-14
2.581435474880997e-06
2.486606312570337e-16
3.408289748474902e-08
4.817365104285096e-09
5.401314094744004e-07
1.073139667998984e-25
1.622191761221036e-09
1.0025347007310015e-05
1.3681976406441675e-28
1.2647361853006517e-24
3.9962459235550507e-16
1.7298974420994676e-07
2.253778808465644e-17
3.1496839304210316e-26
1.5606537894923922e-10
4.756540059105897e-14
2.083292428660547e-11
3.1029541028971667e-21
4.439646466578452e-30
2.1909011979885037e-13
4.323393861731488e-06
1.724613280727188e-15
8.283506535903232e-08
1.0025029184861346e-18
1.0967074793730788e-24
1.9920375914743502e-10
2.2730080549851863e-09
4.422887345548784e-11
5.517160639516159e-06
1.7333554484178696e-16
8.639116108732038e-18
2.8102972994590047e-29
1.1626491051788898e-06
4.176736006204189e-31
3.805188284376196e-24
1.2751417979948525e-09
1.6053906815349882e-21
1.476628571058807e-23
1.8090948072345192e-26
3.3271700274949554e-25
5.717644508792925e-27
7.427716508985534e-17
8.332748253519255e-23
2.472636708107824e-11
3.0545232357248e-30
5.318142387453192e-19
1.785955536620431e-10
1.006622479592899e-24
4.198997249914401e-14
6.401907878562941e-27
6.075196171635369e-11
1.7549501970348016e-15
2.0104904092404663e-09
2.5890745348245097e-25
9.04050527419043e-26
4.814360761051695e-10
4.515347273544629e-17
3.4866341547647013e-28
4.277430370627057e-07
2.7478370446507194e-24
4.0501858092892337e-26
3.9924984304188215e-13
8.898230892081825e-14
8.182308628418661e-26
6.201865455961433e-25
2.3987665594954368e-32
2.037703415639057e-21
9.023369279890125e-25
4.5447029193857074e-24
5.0013824611858184e-08
4.9381838252519176e-27
1.3044279513465552e-37
1.2834837886652801e-11
8.698498259963678e-10
2.313939489352733e-23
3.85041243118344e-26
9.2361375708021e-11
1.9623946430550186e-08
3.560848802080533e-15
3.827715253320831e-08
1.5643424195989033e-24
1.0005679689599193e-11
2.3070702311061252e-12
6.5055054798314e-06
1.8372256730290072e-10
7.26249835255112e-17
3.1984200276049817e-24
5.769055071965434e-12
1.382720099618895e-23
1.205566089389917e-13
3.949416382462352e-21
2.3078605986337538e-09
9.934883716828218e-27
3.303274233556185e-26
3.214886705503698e-13
8.531635615375486e-28
1.7001281195881442e-17
1.3034527826441166e-23
6.610102634909172e-16
2.305271999555042e-20
1.8715542207788676e-13
1.3476332094237842e-13
2.2581544641268818e-25
5.200934227258268e-25
1.692878149343722e-25
2.7948663096275313e-13
3.3091899174545476e-12
1.185689349979519e-16
1.0144292925322853e-36
2.932199661540508e-14
7.554104593693812e-30
2.0922413794539027e-07
1.1476355274158935e-19
2.7374968199932635e-06
1.0581983685252052e-18
1.0480439382472154e-13
2.435865423321352e-28
4.916392225831076e-22
1.849585474863828e-13
9.118497754584898e-18
1.548802694276345e-29
2.197776148787042e-16
2.6465558804587687e-26
5.044450943172169e-11
4.775914749373034e-13
2.429865066630422e-14
1.0078487871882588e-22
3.088969047277727e-19
2.1156635082502002e-10
1.2950039915175012e-21
5.712567667144935e-07
1.0010142443980702e-12
6.428042917248774e-19
2.7333398058495507e-24
3.9171466675577284e-15
7.16060501670419e-13
7.009902313870781e-08
2.2192599261827753e-20
8.945396439612315e-21
3.811637479818288e-14
5.337091430448615e-22
2.4746541682407165e-14
2.793616608504325e-18
4.02445821369696e-22
2.1275566102945837e-29
2.5944970513939477e-24
8.512741954548182e-15
3.1844232678337136e-12
3.7245178067158334e-23
9.326965102738638e-31
4.593562731385047e-26
3.136292741222766e-07
1.470661150350262e-15
1.7127054051312487e-18
7.342082292970652e-15
1.5762232599187e-07
2.684481195121262e-16
4.576408807939866e-16
1.59798679445965e-19
7.586485602834493e-08
1.8243413949589093e-28
7.628488693220317e-23
1.9038557684227723e-21
4.915931463707133e-24
2.1549208839634297e-31
1.6966097541906813e-24
1.9262056597981047e-19
4.911364605857787e-10
1.420565061117735e-26
9.073983894569747e-26
6.2529909023180306e-46
5.5356595792690465e-31
8.812005083445452e-12
1.8173658821946084e-15
7.312589784404005e-14
1.9592694146990122e-11
3.2503558223540837e-31
1.3767635608998086e-14
5.4804073289620435e-06
6.570189619082054e-31
1.684320293562697e-13
1.2674645581976995e-21
4.2225835031677167e-13
7.481724348996107e-26
5.746008633385661e-16
2.4344619983798737e-10
5.216298211184344e-34
1.22569591114412e-08
3.0922701273765724e-26
3.355747471191734e-19
4.27447611920899e-26
1.6538518550319456e-25
1.031396270033149e-22
2.0149667350453715e-13
2.409159365341648e-32
1.3709578145381245e-27
7.148406361664253e-27
4.2557268356325224e-14
3.516219502016929e-18
2.9836050221699107e-10
2.678175876180678e-25
6.820040269438367e-11
3.1742971140307715e-22
2.8884434004646263e-13
1.1752300447599837e-10
3.1371580800356165e-24
2.9099513314011676e-11
9.936619517445212e-25
2.1711464213386663e-23
1.5104996476605942e-16
2.7142579497303774e-21
3.713149036816732e-14
2.004798526948474e-07
1.2931357880052403e-11
1.4643960262678718e-11
1.1650430389132757e-21
1.2222254488647647e-22
1.0086929878489046e-16
6.231184506040887e-20
2.094268278972751e-17
2.0579471271990109e-22
1.7198655657495695e-19
8.913429694826327e-34
6.465618324899883e-15
4.986532861134336e-22
2.1313555056695152e-23
3.610709979752312e-21
6.36517927858392e-22
6.74833580032193e-17
7.761476122277543e-12
3.275003269994622e-22
2.1132610654071973e-09
7.023686932754821e-12
9.37536067093369e-15
7.036017494095675e-18
1.9389606463515557e-22
3.5316908368952034e-10
4.7578857000785914e-23
3.1716013778120227e-16
5.089166807114679e-14
3.077543237189919e-35
4.661545524004399e-15
3.9869457390511765e-09
6.983430724129994e-23
7.598026682139662e-14
1.1939504174934338e-26
4.560280318848488e-18
1.0126849057547354e-09
3.883693200086558e-18
2.95606150895657e-12
3.896284237385019e-11
4.8777894544638775e-27
3.762025083735353e-10
3.0244342001402267e-09
1.152235210963518e-10
2.0408811242437374e-38
9.759973340625903e-23
2.475282178634313e-24
2.593276059041332e-24
2.3707086866493966e-20
4.550887387111691e-06
1.623407324863832e-26
7.755163037669712e-26
1.6155590489257193e-13
7.899573044278113e-12
4.305745344854494e-07
2.080165758084234e-09
1.4760675982488616e-28
1.27394847027153e-10
8.551345455777997e-19
1.494421798433768e-09
4.521422217173613e-24
3.36050575861682e-26
6.334824824151588e-20
5.765408073500335e-18
2.6092220781937917e-07
8.234338818104866e-25
2.5336403467197368e-09
4.749888559935009e-42
5.586880000424796e-06
5.597622393929489e-21
2.0901201389812435e-09
2.075991630596704e-22
8.814543033491772e-17
1.980993324193626e-31
2.3585329442001757e-17
6.876028912463259e-35
4.354824845387216e-22
2.506367156490115e-35
2.230255769444718e-17
1.925446870863479e-15
2.2567873263070457e-13
1.3881984077378393e-19
1.6911173776923295e-18
9.88791585211593e-31
2.9014946308555865e-26
4.32780969219559e-12
9.786237800764218e-13
2.6393837236926434e-06
2.06812025881303e-06
1.1610972364115064e-21
1.0917347352215735e-29
1.0832464605792422e-11
3.7591837550121963e-10
2.6588711138261524e-21
3.0772629218601574e-19
3.2975494125283852e-25
5.524853037503854e-25
1.8677290345884943e-23
5.7523749386244055e-08
4.739468906524475e-08
1.96013780367442e-23
1.49956384196694e-13
8.544971403470172e-16
2.5294352480817472e-24
3.3070634330038855e-25
3.4315319008352524e-11
6.702967895402736e-22
3.533535332253382e-25
6.070077252618277e-10
8.611910694821391e-14
8.950963205179254e-15
3.0457921336788625e-06
3.6730783810398477e-06
2.72685421326927e-08
1.2028238224858968e-35
3.322839720666539e-20
1.1860178889373476e-07
3.9466019386031424e-11
5.649692147376761e-23
6.1093966624537374e-24
2.4042729987582805e-22
2.0447977443043235e-11
2.734918818982237e-09
1.1564428753794317e-24
7.09981745905241e-24
6.069930824993966e-30
7.807030011569862e-23
2.828047247969776e-14
2.7747544270096473e-11
5.923060412277326e-11
3.192739488855463e-27
6.573545809124555e-23
1.5062115763839259e-27
2.614531827159534e-12
9.298238919484714e-22
1.5051448319158476e-23
4.605327531495414e-19
3.980585330184163e-28
2.715893846418734e-21
5.24124936913584e-22
7.579047593319211e-20
1.14662630076812e-06
4.6134442201641165e-27
1.6292239167200356e-31
6.047931950804943e-30
1.1391169407640495e-09
2.6324078416994985e-21
3.407190984502807e-30
1.2440637835737021e-20
4.315409404086719e-22
1.3536925808142862e-14
1.6703266947671518e-18
3.184481777025725e-13
7.9188194928438575e-28
1.7056197631558868e-24
4.690533296164611e-16
3.977257502470567e-23
1.7894605334623576e-10
7.808904164891972e-08
1.3165518630405858e-24
2.223704738476103e-19
1.7685871615212802e-31
1.7735022989875598e-22
2.7544473067541673e-34
1.783744922872947e-09
3.532153864704255e-28
7.057069454201003e-18
1.4263230228472256e-16
7.533242711799473e-26
1.0669834740353517e-08
1.6560432986538253e-12
4.374059966571978e-12
9.227337554891739e-10
7.435080220298436e-29
3.822067192819478e-21
4.649500103499496e-06
1.5185996743461311e-09
1.8051681835271148e-14
1.7275110494232107e-28
2.311604887850965e-14
5.351260786706598e-06
2.6510420375118223e-07
7.33662293007118e-12
2.1636526070486564e-11
1.6418568132237445e-08
4.329934935241627e-13
9.491336917066998e-21
3.903035269112325e-12
3.808972289798337e-20
2.378562646987038e-13
1.7318103559154537e-16
1.3252413297588971e-22
4.692706394041673e-24
9.30840327867072e-13
7.82264833989446e-14
3.2661394339438947e-16
2.702009194799654e-16
1.0094301184796555e-22
5.898060381532486e-24
2.613445595705523e-10
1.4791668045186287e-24
5.462855457822589e-18
7.874921967840062e-18
1.3690888484419596e-23
9.104021583798044e-39
4.242787135145736e-31
1.623350619905429e-27
1.9920374444356525e-10
5.010112695770167e-22
6.319253438589682e-25
3.8708179004648566e-23
1.8005624983765084e-14
1.7144951309220373e-31
3.723580083338025e-18
7.864411631501844e-14
1.6626376089415917e-19
1.9741948564116905e-32
2.6025658420441196e-15
4.2809306761006085e-28
3.6085397410633247e-09
8.285795673823254e-21
6.497204572602833e-14
2.8503734747528403e-16
6.918862027531692e-12
3.3002339935743407e-17
3.6212500130590076e-07
2.438449183429488e-21
7.824933450181416e-27
2.1783742377742815e-06
4.049066891115261e-21
1.0122225444742877e-12
4.96778973581072e-24
1.2875187908144794e-25
2.789870745286402e-19
7.080716414757075e-14
1.7833973297653656e-12
1.4974699281802028e-09
4.591357525171821e-20
4.115195736878863e-26
4.5772814084864266e-18
4.607620377420364e-25
7.5608115955e-21
3.505957050426481e-11
2.472774384312617e-10
8.081732459975398e-27
1.8454478987310848e-24
6.218258546236336e-12
2.4531798363986053e-23
2.778878195230042e-10
5.055722052350822e-17
0.0005162571294869134
1.0956433987216612e-09
2.6850931015385765e-19
1.3309617287372197e-39
6.892308700058604e-13
1.1157210031242303e-19
1.657729427963491e-22
3.102345236311661e-11
1.1949336433324527e-05
7.299470140547819e-18
1.6572024531523048e-23
1.5211078551816595e-23
1.0920366180040369e-10
3.27583164634119e-21
4.449254580358584e-22
2.0462013273782887e-27
3.3515447795712884e-15
2.853028082736448e-38
1.823540569583294e-23
1.9619106218046163e-11
5.779627808004253e-10
2.824663692873716e-21
7.404774239233286e-24
1.5236838654345555e-27
2.8553263980232926e-24
5.185482835177639e-13
1.665326896858363e-25
3.033698118208258e-15
2.0705975876907823e-15
2.6480113160317895e-05
1.8592694021575995e-16
1.1003414013422376e-05
2.07580830569419e-27
2.2648658271739746e-25
1.171418518171086e-25
9.328326820665459e-20
0.002914380077044698
1.5961749582680949e-24
2.180312880687918e-19
6.685848177999472e-14
3.1983344444025735e-08
3.961679118677573e-14
5.185482835177639e-13
5.001856103094249e-10
9.967635495586846e-22
1.2514871182310632e-19
2.2823145986661536e-08
1.0434953615026978e-21
7.279364048768936e-12
2.364955003440615e-17
1.6012094749520252e-14
1.2989953039505599e-22
3.5391587124984294e-25
1.7215036587845084e-09
5.605335646568817e-14
1.0326493731025157e-13
3.785331002803415e-11
1.4168990389961998e-13
7.280084188579682e-15
5.9569522865645e-12
5.880595103489649e-25
5.203963017307043e-35
2.8628408950101435e-19
3.0405856043358934e-27
7.866581588060654e-29
8.544381581328967e-05
3.502213785180678e-15
7.444675877595923e-21
5.38892860099017e-10
1.1963580550475927e-23
3.8423855481130067e-23
3.286312182339699e-29
6.050172997997628e-24
7.484562324747974e-21
1.833387572212897e-15
6.53409440789358e-11
9.054442250505072e-21
1.6055706982141699e-18
4.53926642811427e-18
1.562674322902226e-14
3.260912707843704e-09
1.9697027337786472e-05
1.370389415120894e-23
1.4400812420602025e-09
1.0705432844015283e-10
1.8647928695255098e-24
1.876110065890871e-18
1.0281997519691962e-10
1.400139382594244e-16
8.222795627571436e-11
2.2089554113517146e-14
8.133532369059221e-15
5.128668903752356e-25
4.3040442835397396e-17
1.4686198326865762e-11
1.8375600095177223e-16
5.525185898266593e-12
7.009286336814552e-22
1.9862956336615883e-06
2.5788598032868227e-23
2.6610831987213787e-12
1.6689720480995708e-22
3.789534589563839e-08
1.5523593790506953e-21
1.9519453883280259e-25
8.907519985635493e-10
2.439942291122855e-16
8.959215677695576e-14
9.133539995451046e-16
3.527154811984558e-24
1.184650351142677e-11
4.68823530608441e-28
7.010947977662209e-09
1.5396126367204201e-07
3.731456762170369e-25
4.6753944071410554e-14
5.865013684956283e-26
1.5134422931933135e-08
1.3801543027689903e-24
2.6906738719137042e-11
2.9910988677266586e-08
3.1551230595997943e-22
4.51243000178806e-25
5.8987934931826365e-37
4.032268040971569e-08
3.7252083559651583e-06
1.4760670267169574e-28
4.212327853650387e-22
3.685314948754994e-12
1.3975783069227523e-28
4.0929454893896065e-16
2.1906893300969684e-12
1.434422622209955e-14
4.057629882491507e-14
1.0453271347041195e-25
2.7809997232293567e-41
3.1300493248073162e-24
2.765997545522845e-21
4.4522877795024345e-09
2.1474567027467356e-20
3.3103141778128858e-19
3.186811296877376e-26
6.389819047577871e-12
1.1667187889899803e-18
1.1944163198558025e-26
3.4123854884505883e-25
4.928854518294531e-07
5.787552595843642e-14
0.00012488521042969565
2.5812709142863765e-19
1.823506175861863e-12
3.795701471651762e-31
1.6758975370014123e-11
2.882838888379226e-14
3.840501090618306e-13
5.475394089719399e-13
1.1666990435601068e-08
1.705307520410617e-13
2.928702525893728e-12
1.4024551163626788e-21
1.4704836801863668e-07
1.1221869726366331e-14
2.7630610411576244e-20
7.21975299597129e-20
8.140233664803504e-25
5.777223427223201e-13
7.113643742549229e-17
5.055458433779351e-25
3.52911963537271e-14
8.60895558378125e-13
7.726327192433008e-22
1.0186494754325256e-18
1.930993473129802e-14
4.495696669614988e-22
7.046801844198898e-10
1.788020457801504e-16
2.4594725759384243e-28
2.300876297112072e-17
9.186875543924967e-25
3.3370346100261308e-12
2.0783528701327955e-06
2.1870900686732904e-31
1.0826523682613381e-13
1.8677989790629254e-17
2.8996486810630726e-09
4.424703531051282e-24
9.378837969831719e-22
4.5789893151899245e-26
1.3537104946243732e-24
8.043785047875161e-05
1.9326977962203342e-11
1.0563692243854488e-08
6.393155258126321e-08
8.171729665005429e-14
4.014767012507141e-11
1.922492754699561e-12
0.3266817033290863
1.2277822167740041e-08
8.933235126870447e-22
7.415475917158464e-11
3.5479224621181636e-38
4.5065584559028515e-26
1.178133980402809e-17
1.2443992370983534e-27
3.7718406804958075e-35
8.477764142575351e-14
2.7444779728749922e-24
1.7796861610277085e-17
4.4013697376996247e-26
7.751204854217027e-16
5.90963589230187e-10
1.3243390569206715e-10
2.623179591638252e-14
1.1354810600755949e-13
1.1520496389777338e-21
2.3506562907960613e-10
1.4192669912165717e-15
2.8468870889823396e-22
7.943935473950222e-21
1.405951551693017e-23
6.716731993866249e-22
4.7721362842830035e-18
4.1405058400897637e-19
6.884349436173248e-28
1.8569615523040966e-21
1.0469017065857576e-17
2.6475375341989004e-08
6.375514486741285e-12
2.4372590085751664e-15
7.003969450296274e-19
5.985143747311255e-20
1.0424116100056149e-16
2.952968395296508e-11
2.3325706767968678e-17
4.853012555037963e-13
6.235385129361401e-20
1.6618721064355727e-16
3.488649158346501e-09
2.983285905599033e-14
1.2478213421643055e-10
2.3590663161630143e-22
1.7534000211752084e-26
4.7044827552082424e-11
8.307492012657628e-14
8.663476311645967e-08
2.5624264830381907e-08
4.422997787181358e-50
2.44351949124292e-10
6.582927941662386e-22
3.1336864605187605e-23
5.750723386132838e-12
3.4171547042592582e-09
4.327251600613173e-14
1.558523515795571e-19
1.566698837476225e-21
6.851731911673333e-13
6.2102241729682994e-09
2.0330483026263833e-13
2.754229940586483e-16
3.401497041952101e-14
2.0936044848138894e-10
2.052709103263524e-30
5.178988945261558e-27
1.9074572287533315e-22
2.011330719345347e-15
1.8620551524451413e-27
3.997773527697953e-09
1.4968232725961344e-37
3.521511994043912e-16
6.034086290657883e-23
4.48995153967853e-05
1.908822247113793e-19
1.2211599914147805e-27
5.048922475660892e-15
7.705635371425936e-30
7.3432263992073e-15
8.543205446817934e-23
5.115402582496522e-27
1.1533441089235548e-24
3.482980386164365e-13
5.63265242389787e-08
2.108438007583959e-10
3.3716933575710224e-22
3.3234667753409087e-15
7.83388423459377e-15
3.0249976230866855e-07
1.454078592176347e-23
5.257310870819892e-21
2.039225687216075e-23
1.123536116193668e-14
9.36623778675962e-25
1.7050150948870116e-25
4.456095087756085e-22
1.5473518387588493e-32
3.624564629267532e-21
1.7398713917214944e-18
1.4954185900912227e-32
2.5380790431973486e-07
5.42643135573674e-24
1.0495379287764284e-14
1.8062195742409793e-05
4.311259861980832e-25
0.0007301414425465331
3.804558669955945e-24
2.605251064170458e-09
2.26313468695854e-09
1.2188332906644387e-11
1.308309741525367e-05
1.163133729366305e-09
1.515317585381226e-06
1.368057864450781e-23
1.2796935593871855e-17
5.701054857504333e-25
1.1557473419064904e-12
7.19567474143693e-20
8.87619093730506e-08
7.778755327904352e-23
2.814952958804863e-12
2.1140716397233094e-19
2.720756253898209e-22
5.402811751538623e-19
7.455050095581889e-21
3.1152768225367837e-22
1.6356720065568e-17
3.584761879097015e-12
2.1082086580104824e-14
3.3973658663247975e-25
1.5101634622247333e-13
3.8596278690052204e-10
4.985610307730426e-27
2.8484820890853073e-18
5.665398104776774e-15
3.1788869353753297e-28
1.0892075058803586e-15
1.6081929421843636e-10
1.5532434152157297e-07
1.2122905765081044e-14
7.51723095733122e-11
7.290596499741947e-10
1.8194764402782722e-05
4.307173202634056e-06
2.3287989045813258e-27
1.708542264984667e-11
2.9731628279196247e-21
1.4234504917300894e-08
9.081347834575679e-14
7.588581532480677e-30
5.230600019935136e-10
3.501774260468397e-12
1.702453861438169e-15
3.0882015621426546e-13
2.0138931998892818e-21
1.8582393965265177e-15
1.0648637612738972e-13
2.836138156977129e-17
1.5385565811359971e-24
2.261561571805768e-16
6.1376559634790855e-31
9.097054954051184e-22
3.872192859335222e-21
3.750410942601201e-14
1.37255073458871e-11
3.507407662091806e-24
5.903132990782533e-38
1.243954446489322e-27
1.0736475225862331e-10
4.84870662670358e-17
1.188219736868802e-09
2.2732846088618577e-24
6.521100034755066e-29
3.1234736216038533e-10
1.9673778967532171e-25
8.755732780131066e-11
9.99466614045323e-07
1.9509776118531125e-16
9.78780891108729e-25
6.529797831049308e-13
1.1502808180382784e-10
3.7110405198405554e-11
1.7893537128856227e-19
1.5161023225351183e-16
9.404888272255206e-19
7.017273861214512e-18
6.715290088849069e-06
2.639898054771e-28
4.0859152814405335e-11
6.45431749946805e-25
1.721377674375759e-10
3.418900271193055e-19
4.421413160894028e-22
2.037091598628819e-06
1.609570240941664e-06
6.750512649197405e-22
6.733826227813189e-24
1.594247324852988e-21
4.076827236408797e-12
1.763274843463022e-21
3.7448651007671296e-23
5.633756076147082e-23
1.65537291828371e-14
1.5277033087864822e-11
9.592194112347762e-21
2.5933597152805774e-15
1.0281207694750214e-11
1.3548380959918567e-14
5.070017000791253e-13
1.722937696855788e-26
8.081887433954681e-15
1.364554423325973e-16
5.754650304934277e-41
1.9529084663109144e-06
8.147545372183351e-10
3.5852153355251304e-16
2.6896321052339665e-17
1.9880272693780846e-14
2.832925961802847e-24
5.911497486973895e-17
3.1874905302904856e-25
1.049129541528487e-14
2.0541281537183157e-19
3.925428621329483e-17
1.4200880495787684e-14
2.3088859086770684e-23
4.661524790218598e-16
6.070889360884632e-26
2.0107884897178395e-09
1.535079918031859e-20
2.346310531930504e-07
0.0016663659804913046
1.4599019741528445e-06
8.068051026499631e-12
1.0769987233560413e-09
9.693060756559552e-09
9.591035409570052e-22
4.360339791429057e-21
5.10144857419814e-10
1.2486115123231515e-24
1.0128228605764822e-25
1.0632282578167008e-24
1.1401620170883104e-34
3.2154880618932773e-13
1.6378463481772026e-23
2.2064318514943983e-08
4.2877883199752397e-07
6.474454057514317e-21
1.985077737961593e-12
4.827965780090531e-13
1.3959551531783543e-26
3.0190206639016375e-27
2.2816971391315064e-09
5.104120250499989e-21
2.1236010441956583e-13
1.2999787045032224e-22
7.015980461284381e-15
1.277981463495093e-36
5.61670690749415e-23
2.8388041534577544e-11
1.739927663910344e-17
3.5921950496047054e-33
4.91529198968085e-07
1.0345545652985802e-27
8.338768089490691e-30
5.833353073182504e-16
4.729170025254527e-27
8.947358775185162e-23
5.694135891921058e-16
1.421725676414736e-12
2.6863040229089914e-30
6.544554721631289e-08
2.0750198437670804e-20
3.6347082024331117e-10
1.649955908920935e-24
1.170132645992365e-13
8.830866914454863e-11
3.9469858380120254e-07
2.7180150721688426e-09
1.4749948430350808e-21
1.3697103323387882e-23
2.223557811329749e-14
1.1028325929764918e-22
4.140045468698243e-06
3.715851359315612e-27
1.0065113229204058e-07
5.75275865480229e-23
9.09183350849861e-12
2.854243192944989e-23
2.885647324542001e-09
4.281201161431101e-13
7.153663792081455e-18
6.389437305577092e-21
3.021028351488031e-08
3.7438527677021046e-22
4.064915884100384e-22
3.7456179884683884e-20
3.787180579972254e-15
1.2318398918862171e-23
9.969532444319615e-10
6.838932139542147e-28
1.2648148855373171e-26
1.4716315477726994e-18
3.602471331453764e-20
3.9397129278308497e-20
1.8196870136768182e-06
4.4449752549466967e-17
6.5027473998328245e-15
9.019096237147714e-06
1.7338961082858104e-27
8.350328002774339e-07
8.997595233322362e-28
4.703941345653356e-09
4.78054517036878e-19
4.754093226239278e-28
2.1452803035996122e-29
1.988867563332929e-31
1.3511830905248279e-08
2.0106099074991995e-16
2.220374297332489e-22
7.292607449100102e-22
2.309238125484913e-17
2.4044372536334232e-23
8.346366269069338e-11
2.1783103712273635e-06
3.529411438014792e-15
2.044616020589097e-13
9.524616587152165e-19
2.7013810122661566e-13
1.9267371512346294e-13
2.652186135846052e-22
2.7655958622371115e-12
6.027184403518807e-17
1.5690023286868293e-30
4.404602876839205e-15
1.4538562307118954e-32
9.056481699104975e-08
2.5635394675789106e-14
1.3673808609300886e-13
8.016428811451769e-16
5.714299311285656e-27
6.643080633032819e-08
8.13779263437027e-23
2.6365765362409026e-22
7.400787458097987e-20
2.5412956510412535e-23
9.114475753217702e-12
7.380448598884108e-26
5.0976618687698394e-17
7.967688936873663e-11
4.585475928903825e-15
5.668829354413059e-07
1.8916345220767869e-28
1.0793295386319937e-07
6.657231238229041e-19
2.4073766004968307e-16
7.7219271135121e-10
1.938541243865298e-22
6.234829800008972e-22
2.3320511409252726e-15
1.0849111409956718e-23
5.304337345316501e-26
7.407909457342627e-18
1.3305562648072182e-23
8.671242839415929e-09
1.6086629492124292e-13
3.222591706544429e-16
1.8119937927891242e-09
2.9144360737270716e-10
2.7634836796578784e-14
1.8765115544898018e-19
6.538510406998717e-23
3.991988591989421e-13
2.2496619747963634e-15
1.4508600435658947e-12
1.6239039810511294e-05
4.0454576806279195e-23
1.0127704009747707e-10
1.3409230712383594e-26
2.3640659268492924e-17
1.07670761729482e-25
4.646821720036338e-22
2.915485555823868e-15
1.1904949408956689e-26
7.68638153756252e-22
2.5086799971122335e-23
7.326910756172106e-15
7.923681000781046e-23
7.873284264734346e-10
1.3611245689014922e-24
1.4857219154526887e-17
1.2038873824920986e-40
1.304870477278412e-19
9.670096755510697e-12
2.7792891051243536e-29
6.471875038362254e-24
1.2440529580554128e-28
4.056661517599683e-23
1.0170770144801177e-14
1.3089132082430721e-44
1.5523604702884264e-36
1.9008503864051562e-25
4.601165057130709e-15
8.00689628365218e-07
4.175188766669256e-10
2.6068004825422943e-08
8.416201664532039e-16
4.929475236914406e-13
1.0157401605723379e-27
3.0610488223199135e-24
3.9449393065766797e-16
1.801323929791407e-18
6.853313821192043e-10
2.5063845461642162e-09
3.792782753163985e-43
3.5356256930991784e-16
2.9415253924760715e-38
8.675192443648588e-16
4.62994492924752e-09
2.948772226695526e-17
1.0149257912722429e-11
9.334157657144547e-12
1.0292971048116077e-13
5.753664097529298e-20
3.541074168043802e-06
1.3116900768470278e-23
1.127143167250965e-26
2.3261700710015886e-26
3.893064692719711e-24
3.503016016804086e-22
6.1788488072032026e-15
2.4246262897718586e-24
4.472916927736852e-21
2.2777385329197863e-10
5.203522033902107e-24
5.414659527125709e-10
3.2264406942627967e-16
1.204921663975514e-25
1.9311794750804356e-30
9.956279705184904e-20
6.360829686965578e-08
1.5947924886512725e-13
9.813107428181958e-19
3.659922223515497e-08
1.4243286582196532e-22
7.565104569282453e-42
6.266451907940034e-11
2.7826462807559273e-13
1.320617378913923e-07
9.65257931360315e-13
5.90831443098733e-25
3.419832844446104e-11
7.038006256354708e-22
9.59046727040503e-12
4.656959167113609e-24
6.411410782077672e-11
2.1930060556029735e-23
2.030949163757682e-26
7.180966275691891e-31
2.522533908390967e-10
2.093779780857667e-12
5.293094390409237e-25
4.5523931259829706e-05
9.14690972165599e-21
9.23946057797862e-09
8.87658012745932e-15
5.542691190947172e-09
1.4375376506229591e-25
1.5381109618910554e-21
5.604579363727339e-27
7.88954431161006e-42
3.063658645751355e-22
1.3438422322991344e-11
3.8754192152372657e-10
1.1001894593962307e-21
7.140281564995528e-14
6.691133489267637e-11
9.891196444096293e-17
1.6766317601656146e-13
4.0013572853071155e-13
7.238804676885352e-16
1.5481987471043522e-26
9.489406364518011e-12
3.6148483461856966e-13
1.3484132322553888e-35
1.6878443403129423e-14
3.079088385718601e-15
9.072248120500835e-25
2.8532278299575745e-23
2.0192150490892212e-21
2.5567506139491847e-21
1.290236277839698e-15
7.040637030901184e-08
4.11141619599666e-31
8.99217699503449e-24
9.347343750776305e-15
1.1162872770752646e-12
8.296663848191174e-20
9.158289121408446e-15
3.2332575435854323e-21
6.359027934556497e-14
2.95125361870123e-18
1.7012889466219542e-12
3.111980465032256e-14
2.71850119229515e-13
3.9182901809613193e-26
3.5301326950022746e-17
1.4257045328870934e-08
1.0031395872637427e-20
3.037299549638344e-25
2.9608746336126e-16
8.983814406673463e-25
9.388409561784016e-12
1.654353648901289e-24
1.2959260275260665e-23
1.561245573222272e-05
2.079153174193911e-24
1.7315782455357525e-26
2.1005996944810068e-14
2.4732083519564776e-09
7.799491838794871e-12
4.028408106903579e-15
2.845757571444131e-10
7.539676518756013e-22
7.016146017430719e-10
1.3685226219374905e-25
4.5524587977833655e-07
9.881676355967643e-20
8.1292358144163e-24
7.688755829080985e-05
5.758324194942129e-18
1.7097865708231266e-18
2.1282029806742885e-16
2.0427213992063137e-07
1.128822278078997e-09
2.2719338541002e-19
1.200394176150326e-33
2.831982389567342e-11
9.600654690191277e-20
1.463226338597965e-23
2.4427703798816626e-21
1.179761463444908e-09
3.197674243212629e-10
5.2194278634755506e-08
9.523411968164484e-26
5.4724608989033605e-11
1.4557107573647594e-19
1.32027619521809e-13
4.2284106501234653e-22
1.2113551053386379e-21
1.5500743753801374e-17
1.1415549627601595e-23
1.563340978449377e-08
6.544750910718721e-23
1.3817400606236944e-13
5.260769494034209e-20
2.1316763502384335e-25
6.810737972089868e-23
6.8879975358290665e-06
2.5815062429123415e-31
2.2377319033070703e-18
2.038775674737494e-15
1.265711261354829e-21
1.9680680732325e-06
1.74679000823688e-18
5.802288515576676e-14
5.3791826500963596e-14
1.4133601419360157e-19
6.009141081518906e-28
5.1270886543330826e-08
4.8458100109350075e-27
2.8349632635298475e-27
3.4427782951218504e-22
2.4868258093758286e-08
6.361671884923147e-28
4.817927133389448e-18
3.5415910776212742e-12
1.5070769192951638e-14
2.3705627014181243e-11
2.444904026219361e-16
1.4987967847954963e-08
6.020598233859886e-14
1.6305231307396365e-09
1.7764211567848554e-14
1.0012855614449581e-22
2.916590237041081e-05
1.690221531913218e-11
1.937840362631043e-23
9.261362373434842e-21
4.8977705397193044e-08
1.4303307857429003e-18
1.9127444409606737e-19
1.2089585639243348e-12
1.8402103786337558e-25
2.8716163132632964e-22
1.171120851531767e-23
6.6221328422667576e-15
1.8240877440029802e-17
7.928718074186707e-11
1.4363571786427024e-24
2.3298036686596404e-15
3.173561704249448e-21
1.3148519092351133e-23
2.7504763287651517e-24
6.083102833981581e-21
2.3907157418084295e-17
1.628459342969529e-09
1.2112108211577333e-20
5.225652325263337e-18
7.183995929635219e-19
2.6584480862363577e-31
2.581355738049218e-32
1.2208496726958814e-13
4.2643590423721045e-11
2.032028427634453e-17
3.729383629962318e-17
4.3147603956785547e-16
3.7838943205840844e-11
7.671362222870767e-19
1.4513433442087001e-21
1.4756783432527824e-09
2.274556573197727e-20
2.1269254338763126e-09
6.393714705329118e-37
3.4496280366595886e-26
1.3036476388062856e-25
3.5472641471771543e-28
1.9196203476410607e-13
0.3700224757194519
1.4978133062733397e-21
1.4879474864802743e-15
2.712270709783008e-10
4.020940516154758e-23
3.9070487315851935e-36
1.2704650538580444e-14
1.028524223024851e-12
1.021986094064043e-16
8.76219884893591e-12
6.037354630409276e-26
6.684501686177813e-22
3.403693377704618e-17
2.8187669268877376e-19
7.663966386097708e-22
2.0127754531046722e-09
6.2906765254022645e-06
3.763161624141452e-24
8.192657916587445e-26
1.060488440140529e-28
9.005644721379645e-07
1.4254573373819023e-27
2.68911475496386e-22
3.4557778580655425e-25
1.161575141593256e-24
4.8138058806023495e-24
1.735303686977762e-23
8.50724189828237e-19
3.022830845639159e-22
9.756160901458322e-11
6.977241469825441e-23
6.956587488372511e-25
2.1051897482873325e-06
3.472436055236986e-14
2.552937731266646e-14
7.9652761976678665e-19
1.0792729588301655e-14
4.769174750662353e-11
2.1422313220576388e-26
1.2282936271820635e-10
3.2578896850642306e-13
4.234067165087484e-14
5.036415303310059e-18
1.7070112031997296e-20
8.117835402861561e-15
2.1464912710498356e-14
4.486045643131373e-22
1.5922317219498634e-26
2.59718918175123e-12
7.547438770945022e-20
1.259796482501475e-13
2.7391392148178176e-09
1.0335868152434217e-20
1.1537853452604037e-16
6.737052364040149e-10
7.363019221775531e-19
1.5463337140768834e-07
4.268304940946038e-22
2.2132202275094645e-06
1.7965867748801716e-09
8.013323159881046e-23
8.541409622012197e-18
5.692151345421673e-05
3.923611931238379e-19
8.018242607206784e-14
9.089272319387683e-09
1.830291124193152e-18
5.639455515850688e-41
1.5985948770437318e-38
3.755171919763821e-18
2.073478389343682e-18
3.142842062735864e-21
9.057018333467276e-21
1.2378016575495811e-24
1.9299152866604955e-27
9.443850535332759e-28
0.00048224728793090275
1.736683659759696e-20
5.688491616346879e-26
6.175805845092302e-14
2.4271561161823095e-45
2.3973016520411135e-13
2.495771952966077e-19
2.867645698352488e-08
1.2190476901071508e-33
1.5500282626940393e-05
6.227580843126206e-12
5.987136960403755e-27
1.2065147951334564e-32
3.473380258406738e-21
3.388669335945597e-12
8.011178381822679e-22
5.402151860383139e-26
7.431850190940053e-12
8.136532249029869e-26
7.355420737288231e-24
4.599794787845978e-17
3.0709476827374597e-24
4.608016311179616e-18
3.5362740115005554e-29
5.560249993191248e-24
1.56158830092252e-31
0.026029955595731735
1.420031375189e-13
2.99202701239406e-10
3.1506699433071796e-20
6.663223571200174e-13
6.497495416550679e-26
2.237118571847841e-22
1.3576789650792678e-12
1.6752331295658758e-19
1.8916747267855058e-18
1.2636879498103499e-16
1.1649767672527614e-25
9.076519097960089e-15
4.485793131009031e-07
1.2318928890880738e-20
0.46482065320014954
4.0594332036346346e-16
1.4467425156563893e-29
4.789395576189593e-22
2.569702853866753e-25
1.96305692552882e-26
4.364506531413299e-14
1.3555897312972685e-08
1.374460870745453e-14
1.4979377429180428e-17
9.664697288952324e-28
1.286742341485984e-14
5.789055819473151e-26
5.423560546566191e-15
1.1089409197062348e-24
4.904867802324537e-10
8.030995470344107e-18
2.1442781394726412e-20
3.7647431868687896e-10
4.161509544666466e-13
1.015050460231912e-06
1.726331977797903e-21
2.9549072381102487e-29
5.259488224409544e-28
6.109323129331079e-24
2.561759720020751e-21
1.7517382850283655e-08
3.5890653739671355e-18
4.775619131163356e-27
2.3533990391397625e-13
2.3214446329373587e-21
5.086571299710086e-25
3.1187748324834497e-12
7.666503272911162e-13
2.1001977849806814e-25
1.4881037463737264e-08
1.986013716257551e-21
9.643820436068804e-24
1.8650387410001095e-25
1.1065824509609802e-11
2.3880152391802783e-12
2.9746406465098938e-18
4.9409162232836256e-26
4.7635120145145904e-23
8.101283138445433e-13
0.057041019201278687
3.870210423958142e-11
4.099665335032155e-17
3.369437220454518e-14
1.7622311931492267e-20
1.7135416661974844e-19
8.628192860910772e-17
4.361850968402303e-16
8.674131131055437e-26
4.897112411178284e-42
2.850237570457314e-10
1.5467156558494155e-13
6.5591145959636396e-24
1.013788225387444e-16
1.6204641177021129e-16
1.9067415380722805e-19
3.4271542365826786e-19
3.851994715994026e-06
3.120695132843692e-23
1.1570195908043e-10
5.159538060506696e-25
1.3873488007559314e-16
3.7937179157401926e-10
1.2168035500151329e-12
1.0194504146891082e-20
3.825420662023411e-11
1.25227535555963e-12
4.42136311619751e-11
5.224332313116578e-13
1.475445030328784e-15
1.6009660439130935e-12
1.979058335363663e-10
1.4970573258274495e-08
3.054141927751911e-19
9.639974716747257e-29
8.639097248593223e-20
3.451561923468153e-19
3.236627899462312e-18
6.1091270109974425e-15
6.466080245258021e-16
8.454355527786508e-13
3.708236485258691e-15
5.217271073753979e-13
1.242632278531095e-18
1.9071757708947547e-23
2.7366463597261854e-24
1.1834317723725671e-23
0.3922063708305359
4.1371059690743794e-26
1.0771287229172284e-24
9.415303566857657e-20
8.660724250984415e-21
1.6226400652173602e-14
4.503823897737108e-08
1.1173389888052063e-28
2.834482637060516e-22
1.0419360658283935e-18
4.606777211246123e-22
4.745332948789782e-22
3.4148757261642283e-13
5.8601287949285695e-09
2.2804846625560644e-11
3.184353682287435e-30
1.7521601268535723e-22
2.737151961090267e-23
3.679510418697541e-17
8.328884703298487e-20
7.92101240100018e-12
7.905134165874285e-14
2.1228212658684753e-15
5.3179707131937746e-14
4.891980736141337e-09
7.448249499698563e-18
8.395073720674791e-11
7.71803074061256e-12
3.5255298184116305e-24
6.705285466769669e-15
1.4203577904716907e-23
5.44864949695441e-25
1.6547025143916616e-15
1.4351922204435926e-15
1.1478563442539213e-20
4.102061982379012e-31
2.223586373088875e-23
6.294710482488974e-19
8.805263715423253e-19
1.3369208118681198e-25
3.4634990872504052e-18
1.3229895938695992e-24
4.390527382611165e-24
3.7449283136360016e-23
4.601986681482686e-13
1.4549477430228406e-21
5.746003903005008e-11
1.4463566833052744e-06
2.1041624866730876e-21
2.765432546313816e-25
1.2951824826438553e-08
3.286405876978094e-16
2.860828663297757e-06
6.9394298098794985e-25
1.5559763046501002e-10
1.610306697618607e-13
7.728317758016592e-25
1.2347923415878936e-08
5.6839924915912325e-24
3.3585134270359214e-13
8.291794260842966e-30
4.64984575089667e-28
5.608882102269632e-21
1.74154725632074e-24
2.835256467399596e-23
9.253174246125348e-13
1.6955863749479883e-25
2.7356547634997628e-19
1.8619088080898212e-29
7.269099883804631e-22
7.9603431658798e-09
9.136871067393257e-42
4.3992749897627685e-25
4.121958921057301e-17
1.362749161867972e-10
4.249842957148393e-14
5.2574308611882385e-18
1.796110985949057e-18
1.0015010109703715e-22
2.4795007841833837e-26
1.8106871467985885e-25
6.8129372526695e-15
3.3985196564131995e-22
3.784910065256225e-22
3.007008073894048e-22
5.477713262210048e-22
3.502723253313794e-08
9.127349334034755e-19
7.84612483207735e-08
7.112491167561035e-27
8.529287670855513e-10
5.200514187435188e-17
8.215149699762995e-26
7.809220288285938e-31
7.46002774842658e-07
1.4670051774592438e-18
1.260835062570677e-23
5.638099154742516e-07
3.60828249966541e-28
9.924243780710728e-53
8.429320140154668e-08
1.724208238585949e-27
1.9951254443490537e-09
4.007376529594708e-11
3.305425532724841e-15
4.07601611198631e-21
4.772330143725761e-12
1.0251389837682549e-14
7.866060223336756e-17
1.3221759914618629e-14
3.020698893602946e-19
1.2788374225534628e-12
1.5382788717632577e-30
1.3047564965726595e-19
7.906921185322883e-14
2.458294757241803e-20
1.6816174862990686e-08
7.13037713317537e-15
2.1221276336406688e-32
8.684625171118494e-16
1.1575479471436495e-11
3.990685781105511e-08
2.4004331080915884e-28
8.142425702991841e-24
2.631393107261461e-07
2.2175788866476083e-25
3.4210021525569764e-20
2.2618809972676255e-30
8.849163782801929e-12
1.7252500070531304e-17
6.881572313410478e-11
0.00039331017371449506
1.4812738522231643e-20
1.4715879823850682e-23
5.554081041876561e-13
1.0574966162345435e-09
1.1948880664606605e-07
4.276794285754038e-22
5.34381008350657e-15
8.680219522639172e-16
1.7676412648862966e-15
9.055876310853263e-30
2.2901623340810256e-12
1.3275990857935538e-10
1.4986545830969533e-11
2.8840066120892684e-15
1.3871548178141703e-08
7.568459887357848e-19
4.38859951809267e-27
1.0919235573160666e-15
2.7065733604681e-13
2.7799766912619796e-14
1.460862227749735e-11
2.980908808605032e-15
1.994725752008046e-08
1.27685524573771e-28
1.6108115560702232e-19
1.5713713874896134e-20
3.673374601008626e-31
1.5823051431468363e-13
2.1755664455158764e-16
5.117867311922902e-12
1.5699540160179148e-07
7.1589688834405985e-22
1.5191339545380082e-12
3.638335169051707e-20
7.362027350760499e-24
1.2478894401116418e-17
6.290620529012521e-29
1.028969689213749e-23
4.4674029064769255e-10
1.5569243383637663e-22
2.1964850247500096e-15
7.179844746871614e-21
1.1807315497065198e-23
2.1390239795382728e-26
1.1384795657466169e-17
2.67065896363489e-21
9.871642372369907e-27
8.611959578636497e-12
8.216131709452851e-24
2.7448621066543595e-22
2.2594497026948673e-15
4.087533629636149e-24
9.732510449556179e-16
3.7764975494907034e-24
8.947721241315314e-28
1.5125971921871439e-18
2.002474925388101e-29
4.280634757426182e-11
7.672994848123764e-11
8.079526641205441e-15
6.682833505740022e-10
7.183335240056497e-18
1.6167601244366212e-10
1.137407054814771e-21
1.9580226041881146e-11
8.400851710354186e-26
8.625691777126899e-14
6.674162168605412e-08
4.935138627235264e-50
9.910903270035227e-19
6.257200778477591e-24
1.307050080228722e-11
1.477537710273435e-24
2.2202245860309344e-10
1.3364641575908317e-18
8.567768448063736e-28
9.317045886373114e-19
1.1184260162083346e-08
3.374939533702809e-13
7.922532083091755e-22
6.855476038871629e-24
1.1166659017629355e-16
4.0892913945412925e-07
1.0064441001576974e-14
2.2425718544555493e-22
9.504244143365852e-15
4.164455059744699e-25
1.5007250916761258e-15
1.1242116377265453e-18
5.363422099521082e-23
1.1593218530134222e-19
3.202560961614569e-08
3.9349789653162714e-24
3.8675943236588306e-27
7.475817127148935e-28
3.686806152591094e-11
2.2763838745688247e-08
4.268976842486357e-24
4.0316596213609707e-16
1.0312710991364928e-08
3.29683504704143e-13
6.295865933027408e-24
4.553825290708523e-08
2.7489895925531873e-26
6.264867128489819e-26
1.9028249102708794e-15
1.5702249367148298e-20
1.0476894589057306e-15
9.754928156315034e-17
4.772389827608876e-12
1.3641240579666003e-26
1.9920257028652986e-12
1.5836535957453565e-17
5.860995458401139e-38
7.46056537843747e-20
2.33121247054979e-29
1.4663108115863084e-09
3.895456550581917e-29
9.78778284118555e-12
3.92825322265948e-19
3.996677398566049e-21
1.7351941255826465e-23
1.231892277591808e-19
2.0352329110573626e-21
1.1416260970933844e-18
1.9537414415646905e-24
4.4809892837549925e-23
6.17824975054676e-11
2.912001299856782e-23
5.9492727758764796e-21
5.625273178475609e-06
4.6453157788122805e-10
3.816152930046762e-14
6.513825680611177e-08
3.687740806977713e-23
8.908122562737324e-09
1.1311892855387415e-25
3.861161977469922e-16
2.3190461682423326e-10
4.944636640370862e-22
5.841267349904479e-21
4.2311458974802644e-23
2.4991668406031386e-14
1.0713142048730887e-18
4.490347142606612e-23
1.133652976693035e-13
1.167152306816636e-13
4.17573134960025e-12
1.031771071804247e-27
8.130274196533454e-12
2.6197374102778296e-26
1.6477784071211676e-12
6.311471597726616e-05
2.1759751362223016e-07
1.3678371412782892e-19
5.2442266294160966e-11
2.9548033974398616e-14
5.372880709645124e-16
7.68607322957113e-18
3.624631406443281e-14
1.4703516999773526e-11
9.176176205091493e-21
3.5177681587341626e-20
5.684423063160747e-13
3.501717480399242e-12
3.862550351405916e-06
6.67894730097044e-14
7.362226999898103e-11
1.760575433737041e-17
7.213695188222761e-09
7.82607685373516e-11
7.468624994684943e-14
4.192644266282933e-25
5.235340519704782e-08
5.3990606792061444e-21
2.487737718699306e-25
2.2157186043328808e-32
3.7514271963661054e-19
3.486194506310838e-16
2.0429483070744178e-29
2.724264968621278e-23
4.656035785215322e-14
2.3587398425710176e-24
1.3002053680170245e-07
6.156801506618264e-09
1.3243897172527816e-10
8.669714728108379e-20
2.7526050901361534e-14
5.4474008052039606e-14
1.3606132875256677e-23
1.7998208511188166e-11
2.4162708905625716e-20
6.45470945083584e-14
5.650400830289692e-40
1.713805045969937e-18
9.460112918061674e-19
1.6031919286469815e-26
1.1118369853924953e-11
9.095318661077582e-27
1.4400770022448007e-12
1.5354586769471398e-21
6.336883534581208e-22
1.2492833857676318e-12
1.4466161579605507e-17
7.383528555393354e-09
1.7415902560027412e-17
1.3543911070961212e-27
1.0309674255810738e-26
1.0351920461678783e-10
0.1870179921388626
2.33855488204995e-10
7.501502359043103e-25
3.734429677589373e-26
1.5166731714532155e-23
1.5056849139516778e-11
3.189634716823126e-20
4.769282431573267e-24
2.0208469605491956e-13
2.0057382233985105e-20
5.02085082996134e-09
1.632803679014182e-32
2.4143378302695544e-11
5.1847622078101496e-15
1.010534623206654e-27
1.938269120834473e-22
1.7857184129937555e-25
1.3840516460473067e-19
1.3663745059985418e-13
8.293914198809862e-17
6.709063669994698e-31
1.4029227128974467e-34
1.7286927956894947e-17
1.9551796069093895e-21
8.64647385547338e-15
1.197828345996469e-17
1.0148827058848332e-14
6.340261710741178e-06
1.4220828482312662e-16
5.146103073338868e-22
6.318104324414422e-18
1.0453742171414632e-17
1.3785042148312845e-09
2.506959838379157e-18
1.7706600787271685e-30
1.4345919024912459e-08
4.538730123966023e-15
5.2162714326668253e-23
2.4810402471104877e-09
6.656166680967851e-22
3.930830188260053e-21
1.063421887829829e-09
2.4428766207031948e-26
9.489650446112885e-15
7.04116622525665e-11
8.361030292176965e-11
1.6544565608251896e-13
9.109633164870371e-08
1.0398038175726365e-12
2.7205285115407175e-12
4.435566081861409e-21
8.435730373308152e-18
2.2200378357692568e-13
9.375733344085544e-14
2.445721470582797e-19
4.1908932981830085e-10
2.1201575153123597e-22
5.905082911672074e-10
0.0003129482225523655
3.356923090518395e-09
1.7115122297625682e-22
5.573452201898806e-34
6.340505662021295e-41
2.023914865719471e-101
8.133727365927035e-20
1.706929621947126e-27
4.2171508698103353e-16
2.52825534273839e-29
3.833623375233756e-27
4.133230370330249e-20
3.174978045863375e-10
5.010555490933865e-22
8.504088526864394e-15
5.382239282705137e-13
2.530695007555057e-10
6.217124556670106e-13
0.00012400011423549783
1.1608456970107823e-20
2.8120391071989448e-25
3.66914905423474e-08
1.0623582509722803e-17
6.907699283890843e-16
1.597213853355017e-11
7.472467715370726e-25
7.341550146672253e-09
8.093961228233398e-15
6.903763313130586e-13
1.8596228258287703e-20
5.408088479568199e-16
9.86244228464446e-16
2.4935197959962237e-06
2.6674233035882083e-14
4.5988554696239533e-10
1.2419503799235559e-16
3.5110006386852954e-19
4.213453150512219e-19
9.37282288834278e-14
5.2783272065046155e-11
7.792545553601999e-30
6.414809082000023e-13
1.493160468104929e-20
6.318407052746874e-10
2.2688026431253688e-24
3.6965275527437903e-16
6.004179122999701e-15
4.528567722523136e-12
4.5733449605024656e-07
1.4270671988719523e-13
2.770896616915087e-07
6.207970387269858e-17
2.610138825672922e-16
7.275360333211269e-31
6.623140152042598e-05
1.7868300226913142e-11
6.6620839650538315e-15
3.8985520933214e-14
2.4231977309046116e-14
7.981339728952073e-20
1.432204459302787e-25
7.36979048950899e-19
1.1350536785736885e-25
7.641391451555547e-30
2.777096376998306e-15
2.8631548790725604e-23
1.4232883735112375e-18
7.520476217894421e-13
1.4636233494422387e-09
3.5597336185397586e-33
5.186834148595201e-09
2.5975113119868072e-23
1.5769649776298752e-12
3.325694837989237e-33
5.29955042796779e-13
2.4197123077442747e-14
4.366405514348067e-23
2.3251116829029595e-22
1.0609093569979609e-14
7.945849366385874e-26
6.838382790348482e-32
8.844150593564396e-23
7.353599976074106e-06
9.891350890911766e-23
1.4252537282662351e-11
3.876310629708553e-23
2.320339419435094e-10
1.0654350767796836e-14
3.91348801725903e-11
2.8420749282089027e-16
5.818736936224714e-10
1.4297438836716266e-15
1.9759055500121396e-24
2.9218493346048716e-12
3.862030110501086e-12
7.938544826353058e-10
3.726872858900201e-25
1.2440897420138998e-08
1.0028790943437326e-10
7.459128173299703e-24
1.5482513664157859e-21
2.5725267594828453e-19
1.1257148631473352e-11
3.787868027558649e-17
9.802333620102419e-20
2.2931428736923267e-19
3.801028068843135e-26
3.6924957613477906e-25
9.961937655834272e-13
5.3575034455304676e-11
4.3229046641227945e-23
3.795896597618276e-21
8.298543428993589e-13
6.326319373101636e-14
2.370433941125266e-16
1.443861357215381e-07
1.2567125121060712e-06
7.27515300045018e-23
4.284556388662885e-19
3.829937138075455e-15
4.545409999882412e-21
1.2291673063369357e-17
6.989625821571674e-53
1.6026675535146871e-21
2.4176526786067544e-18
2.1562590325273943e-22
4.371243451642543e-19
3.3017672651969546e-15
6.55256306535555e-13
2.9032876555119836e-05
5.405978999882669e-14
1.250687368104253e-12
4.392102622701304e-31
8.2465400134374e-28
2.8134436359562014e-30
7.110587969837037e-21
5.1165195350655977e-11
4.884037730689151e-25
4.431844633352306e-36
1.4909860721579943e-41
4.1655993304776315e-23
4.84878909374298e-24
1.8391928416518621e-07
1.3826240117220246e-20
5.25702761913777e-24
1.34144963476836e-25
3.1487570022693116e-16
8.112345941816692e-08
2.251910561093997e-12
5.885104098542889e-17
1.4763547986989975e-15
1.4935944268067492e-10
1.1796473783714834e-20
4.129819584399043e-18
2.525549560428977e-18
1.6619676575766257e-31
6.223663725113846e-30
3.612367240204946e-11
4.161528171440042e-07
3.849556520879293e-09
1.048071937269245e-11
6.462221538693952e-16
2.1845743782883358e-23
2.0661392306710195e-16
5.028273850758662e-23
3.22126718997225e-14
6.83820170600354e-27
5.470883680128334e-18
3.197711927623487e-17
3.440267393096546e-27
1.2233723867766726e-09
2.164530494175442e-12
6.56298192442705e-23
2.6731967767005433e-21
1.2214757053093306e-23
4.0180450066199935e-24
9.529516339058093e-10
4.807322423905196e-28
6.901700057137282e-22
1.1163855774918874e-12
4.552082667405002e-08
2.429779749731253e-12
1.3597639306470837e-06
1.4254172972853635e-12
4.690425225893076e-18
3.581014696198231e-13
1.8860532061732714e-25
9.117980849411952e-28
2.517611666630305e-17
3.165004539286572e-22
2.5021435964490205e-13
2.172582235353412e-24
1.3514663595231808e-08
4.158729109950758e-28
7.265012063832743e-14
3.5611645580043466e-14
1.2952692362947209e-12
2.1535757230475655e-15
4.748980791280974e-11
2.6904722027723083e-13
3.8777252533227298e-28
1.2265989594917243e-14
4.088514751343242e-09
8.185668208853601e-06
1.2449232135189268e-22
3.6477816586560375e-24
2.5243525173773383e-20
1.729878936901299e-23
5.875849855865914e-20
4.091414052403453e-24
1.1396803571284596e-10
3.2716986569211636e-07
1.3311078884398124e-25
3.848362672648215e-05
5.769461471603232e-26
1.995630354487406e-10
2.2331799710022964e-24
5.658491075239825e-06
2.104841090276945e-21
6.930279136423939e-31
1.5721087574283768e-18
8.683311906746768e-25
2.2583027387655878e-05
6.233267086344294e-17
4.883794673045695e-08
7.905515214423725e-17
2.0252708545389694e-09
1.174927377131338e-19
9.700067891654944e-13
7.780879519785551e-10
8.571946317457517e-24
8.763727440122727e-05
3.3841865507064484e-28
2.6690030295269838e-30
1.252820961164267e-09
2.972519968757359e-23
8.098143867081278e-39
1.1908479024255374e-15
6.434915298129488e-09
1.0730851643209276e-11
1.84014771018343e-13
4.527561082708322e-06
3.6575261020022863e-10
2.8745728842375875e-24
4.8015256891644814e-24
5.4758708209345385e-15
1.2809342542295676e-10
3.244718566517555e-10
3.467061410769353e-27
1.4114311548271666e-26
1.2588540165642483e-37
1.7189838045730175e-10
4.182567339175985e-14
5.182514631357831e-22
1.1310239776409852e-20
1.1438006869170585e-15
3.7421297549384585e-51
4.8554529159217935e-25
2.6279291005988173e-11
1.1738789294543174e-14
1.2954649945772717e-21
5.013495319274384e-27
1.508199995988164e-41
9.335590547692597e-36
6.466937317657698e-25
1.0960493761932262e-22
6.51746428642808e-19
1.6498523011179668e-09
4.890031426391089e-17
7.616935322190046e-11
1.4837996259016586e-15
8.266320145106502e-11
3.911916290397893e-20
5.449216803163074e-11
6.888251955594949e-20
1.1275588651698847e-19
8.480552469914355e-16
3.7227181493885596e-08
8.181974505357681e-11
7.378039544537249e-23
4.404549598892346e-24
0.0004746800232248036
1.2547869647933723e-14
1.3933684811458923e-20
5.484210765831244e-43
2.5938933288500102e-27
3.2877488554535178e-21
4.1070479545802296e-24
5.799500408294419e-26
3.249153482010463e-13
7.426012502430734e-08
2.069076307603673e-26
1.1607196785565568e-20
2.092594417865698e-26
2.1077921566837882e-26
8.838234557014728e-23
6.2187693598083645e-18
2.7636461565512965e-24
7.013036626499182e-19
2.57591163160735e-19
9.959053892491406e-09
1.888405146926123e-17
1.7584497402459101e-13
7.006769194836698e-16
2.4764524526432607e-12
1.058757105612897e-33
3.7241056462105085e-20
5.950598749539228e-23
5.296036721787811e-25
5.286606579291607e-10
2.294584837718403e-29
2.753826549603665e-22
2.36903153244583e-13
6.397174770808111e-13
1.1049595451953386e-19
4.179554659492741e-18
3.8702077213775746e-11
4.411541197134676e-14
2.740129085515691e-13
1.0703530633620496e-12
7.404429045789986e-12
8.709924349158595e-11
8.409923531831004e-09
2.6743683132179615e-27
3.980048525950517e-27
5.057175601677594e-10
8.3042610762228e-24
4.23299187030222e-24
2.3626464463220865e-25
1.2215051626851495e-31
2.049563135784254e-09
1.032057604180305e-07
5.43048451931662e-17
4.9955343013307686e-06
1.1545402161672742e-22
1.2391399898968473e-07
9.214727412268122e-38
4.929034214412009e-12
9.197980021141932e-16
7.546535039656337e-21
4.935844965838693e-14
8.876683225707535e-23
1.2680382017869073e-15
4.9106981569724363e-14
1.5467349245049458e-19
6.858449298643208e-43
9.002302608082294e-16
1.2664219361978036e-11
1.4090211613715482e-22
2.5850538746199984e-18
1.0610202620650052e-26
8.842194570674774e-19
2.7365360451251096e-21
1.830241218392839e-09
1.509747595897987e-23
6.825175835003981e-12
6.340380139949918e-23
4.0805777609890133e-22
2.2485640874077107e-24
2.020146799008852e-30
2.266783085840088e-13
2.1207524311403314e-11
2.4266401978095768e-20
7.453448792963892e-09
4.877623506373583e-10
1.3495901175011454e-20
4.778348863264872e-09
3.913753754170298e-27
4.969824035781185e-10
6.508925399606215e-05
2.7480463824115827e-21
1.8185356792887574e-18
5.055969648170933e-09
3.040632669158789e-14
1.167949901758705e-18
4.565202275130806e-31
6.796395755961273e-13
2.1133263777143003e-13
1.4980133132089706e-45
2.4180557414108497e-29
3.4176195676115715e-15
1.4487657697772832e-11
3.5909817701425076e-05
8.542109429716263e-09
2.394961346466175e-13
7.239727144796714e-18
9.08467697801857e-16
4.814039644901367e-12
1.5928491519332225e-26
2.1257979925134527e-07
3.9061665252991023e-23
9.056384058132918e-13
2.6894502468524824e-20
2.943891579640688e-17
1.0812480404054407e-27
2.2294016033857e-14
1.3031596945415185e-15
2.130772758133327e-12
2.1297840742972683e-29
1.5580116179966296e-25
8.706772779086788e-15
3.0163876970492442e-24
5.999727571440379e-15
4.732235874791461e-06
2.339063551728039e-07
3.585465254836276e-33
9.98342162106338e-27
1.6410423567623467e-15
2.6848595815221682e-18
1.4152759912652563e-21
6.449547216519565e-14
1.2217415462148566e-31
3.42698257632816e-26
6.37788697638119e-28
8.640757645675651e-25
2.9732519923435834e-14
1.0810980439749725e-12
2.6010554661598674e-22
3.5181099820023545e-11
1.593872211283054e-12
1.3457239585430862e-25
1.6142847451327528e-31
1.3637759852260867e-23
1.3319455611297928e-20
4.769236897685991e-17
1.1792961052210031e-18
2.6235704803715563e-25
1.7031172321404957e-23
3.158760864399759e-07
6.196694013328031e-26
7.905068226791062e-07
4.872307458125817e-14
8.381052952558422e-24
8.200524071139367e-11
2.989949191333544e-50
2.572285052141409e-25
1.52364931440464e-12
2.270887664516978e-15
1.407077185574288e-24
1.3154655459270612e-22
6.36357618898442e-14
2.3017889628858153e-05
7.883942643848668e-27
4.1239031493168845e-22
1.2970278372918246e-22
2.4043938689720346e-11
1.4761127770318877e-28
4.764152844087729e-24
1.99387242499516e-21
2.774337580080361e-32
1.089406097029146e-14
1.96694162412756e-28
3.531665349561876e-17
3.261416272662624e-14
3.484203250407518e-06
4.461850085729169e-23
3.0664596551501825e-09
7.322233656200442e-27
2.918758414652494e-11
1.7108159721523496e-24
3.820315189805629e-09
4.076782076682028e-09
7.626268354937634e-23
5.198114186934936e-09
1.44672767364017e-26
2.1320169041442337e-12
5.189827771853469e-23
1.0164026820541023e-12
1.315069906811711e-15
4.45810207399869e-20
2.7883067504779707e-05
2.2351790834903886e-12
2.4330734053033022e-24
1.0456527226589478e-15
3.3162445119261616e-23
1.304593809253351e-19
1.4882447470437894e-25
7.904741428627458e-21
2.622052631048009e-05
8.835030401177282e-28
7.42056881944264e-27
1.670005647127247e-11
3.4534874741683305e-09
1.4016402455549127e-26
8.411228248649268e-13
2.515617316394299e-12
1.257805786181801e-17
1.6395999343314713e-22
3.484640343541082e-08
2.44885822107708e-07
1.9064516496603934e-22
4.3517678941796437e-14
9.842741614115117e-11
7.537477265080833e-11
7.727537962185568e-21
3.6227771170744104e-10
2.895304117157499e-30
1.2164445759790343e-14
1.23521650309329e-09
1.0678178323963201e-26
8.544823913227872e-08
6.533359100550287e-15
1.731068761854579e-13
1.1350043414121057e-20
2.0288061697745902e-24
3.400395783068381e-32
4.722089303025669e-12
7.05945719264185e-21
3.374702514358091e-13
1.4354791518305128e-23
1.0996264385074744e-07
5.4074464857529825e-15
6.142002969427636e-21
2.3293169130269973e-10
4.036546028635402e-14
0.0005712327979498253
4.475396407400111e-14
3.8917631913502004e-11
2.372998575766689e-23
2.2166722752685375e-15
1.3416718410805814e-22
6.062928870878698e-13
1.1418019301866224e-24
2.5140378528763074e-12
1.9339376810480866e-15
1.5688083969046055e-30
9.963325281821529e-18
1.9111667639911817e-06
2.038938382290414e-09
1.4384526729489654e-20
6.193358556858949e-20
3.1222663537622342e-24
1.3851897880127742e-13
8.218362363230551e-08
4.7462476101371486e-20
5.173093254579886e-14
1.1316573770092891e-05
3.1596659939879e-06
1.1916594080865338e-09
2.082266219775517e-25
1.6050707634914784e-29
1.0164371057216473e-12
1.3261613276664728e-22
2.39361980211502e-12
2.585657173362689e-17
7.248225975882078e-26
3.6147668721270425e-21
5.319040573094517e-09
1.4046268442150138e-10
3.048544790757372e-23
4.8903450641945265e-22
2.071932363989402e-25
4.921321872341957e-11
6.14926895804857e-11
1.8726802328483983e-27
1.9276568820763068e-20
2.7887094740163797e-27
3.7958317234124337e-26
5.458645331891726e-15
9.05516215940558e-22
7.771425324811088e-09
1.2043598398719142e-12
9.849550088500188e-14
2.4102612189893654e-20
1.1635498362394483e-59
4.262985453366025e-31
2.1035532307114457e-14
2.8549856223055674e-19
3.27238157280596e-14
1.8950103393453996e-20
9.902968443242879e-24
2.268929500116041e-06
1.4955026502672712e-36
9.475838286021243e-55
2.483939939296678e-20
6.000902035382833e-32
3.843433195925203e-39
2.6779731430188618e-21
1.7642994665482335e-13
5.264476130487052e-20
2.9184369939739228e-08
5.960303882490532e-14
1.4608793027961662e-18
1.1485645783551932e-13
1.8738497134694927e-18
4.1409979187883746e-11
1.6016417963419857e-11
6.371638206038638e-21
4.300363916057944e-22
5.805023801109353e-14
9.049865302082292e-20
5.568434614477127e-06
1.0049927219994345e-35
1.780254040714108e-21
1.2383755361975524e-22
9.700132925631838e-22
2.885479022760994e-15
7.54042259620475e-19
5.723128854383872e-17
3.1694113503743387e-26
8.939258169060559e-08
2.3582778578487986e-08
1.5671918770735915e-21
3.34345127718004e-14
2.6407848625778783e-28
2.516571036550786e-14
1.0539737961049982e-25
5.5843651788718414e-21
7.171146878225782e-15
1.4142761511490957e-26
6.751996179427172e-21
3.676718722541002e-27
7.203558462960908e-09
5.705601776593767e-13
2.154026614085144e-15
5.36295798255917e-11
6.295281489879105e-27
6.99495385417764e-16
1.300716626315244e-22
2.0758632496096854e-27
4.210445159593498e-06
7.460571759212952e-17
8.420704742401447e-20
2.114579890265765e-21
5.9742184507448924e-24
1.3494072488223455e-05
7.621391958731846e-10
4.3509671660152e-15
4.679122472044073e-15
1.187456210386986e-16
1.0057637430529593e-15
5.6357647297077925e-25
1.925631124137934e-18
4.9519889440634505e-26
1.2467107148982654e-20
9.026510344117976e-11
3.3698546661746567e-17
1.0148617442865271e-22
8.941183492327122e-13
5.573722418508536e-29
2.864917386907943e-21
2.3109509668295274e-16
7.142661982271346e-29
1.39274781143232e-26
8.031890608526315e-18
1.0291010183882223e-10
5.590458618290963e-17
1.2787005363219001e-09
9.275107321697737e-26
5.25443599462507e-30
2.848312815469511e-22
4.706870624357429e-15
1.6357142753445725e-05
8.60222962968989e-14
3.3413850729806517e-21
2.2417266205480768e-09
1.3218707393118615e-09
6.2464858069475984e-15
4.2676306400894824e-11
9.312043791379312e-15
2.585318804452821e-13
4.5280473526066304e-10
6.50394794830319e-25
9.209514683789891e-19
1.9197525333345433e-11
4.787712542399853e-12
1.2020133045684193e-15
5.70750126103872e-24
1.1153591708314652e-12
8.15780824656236e-10
3.3403074758258423e-22
6.846161676930116e-18
4.368712480619717e-21
6.845789876689609e-06
9.891546130509799e-24
3.396438187578929e-08
9.304634995036965e-28
3.0003015050964365e-09
1.9576009209400942e-11
2.2436640194519277e-10
6.508913427244061e-15
3.927631320452486e-21
2.2548986608949513e-24
9.719814119461195e-12
2.9432290986524736e-23
3.4884148326831484e-31
6.747661355055808e-28
7.043743050392265e-23
2.470802981421788e-12
4.817340731520373e-18
2.839293509707075e-22
1.701084149714279e-21
1.2472802093569886e-11
3.9996814529649404e-25
3.5162672641004195e-34
7.201647018868382e-21
3.0599128105435135e-10
6.340891822484971e-15
2.438001776727562e-14
1.409621224267098e-19
4.5320165989565785e-14
2.0889114896702154e-19
1.5772441640132668e-08
4.443532067047098e-11
2.9800075637830243e-24
3.5758343425796404e-25
1.462355375696322e-20
1.611195824544717e-21
1.7921976536870795e-25
8.882640860737625e-15
2.1599803414718275e-27
9.80280446109304e-05
5.278595871463482e-22
1.5257623784638306e-17
1.2075556472061626e-06
1.0750059444707183e-18
3.155102662428527e-11
2.6851463771017715e-20
4.1069099921368373e-26
1.4468535398724727e-16
9.60961954546133e-25
6.855802251992834e-13
8.49118228031332e-11
2.2309136204769125e-24
1.662403080037337e-18
1.5944276942961302e-15
4.29280872240433e-17
1.8367880787947912e-11
2.3829521656777845e-39
7.911246725051885e-08
9.807630427529672e-27
9.056804729094698e-16
1.51172583575706e-26
1.3009972440209063e-22
2.014068192429545e-24
1.2618219983954078e-11
2.7799434840844e-24
1.433433175008105e-27
4.302808085821893e-11
2.58703785485564e-25
2.2829166226450475e-14
1.3981779221089234e-23
7.640456001872244e-26
8.454358246371324e-13
6.568911057172024e-23
8.235897057092632e-28
6.189695026145299e-08
1.330993317089828e-23
5.160202597650542e-13
1.5096534346200475e-10
9.936416754807471e-19
1.448015954127934e-17
1.07564743166248e-09
3.482796059500991e-09
1.3946254586305042e-19
1.0918625345110954e-13
3.743979774201165e-07
1.8532123674746948e-06
5.020932635480086e-16
1.1449639314859694e-11
5.272228319857704e-27
1.5047922234985798e-18
2.258657206381963e-18
5.538558994602767e-18
0.043991923332214355
2.056616724131338e-17
9.364667512721838e-22
9.70507286568881e-21
5.560224472243991e-28
6.33510850328394e-16
1.0974542191154005e-17
1.6638292841620647e-07
3.229217823443604e-05
1.623443559383155e-23
1.0809040720382371e-12
9.47728629300929e-13
5.695003197915382e-25
1.478460290728109e-15
1.186859921927973e-21
4.600221628474679e-20
3.8452067775516494e-34
2.69727533090348e-30
2.9009933746707763e-14
9.827007648424214e-10
1.354514888114764e-19
8.52885326806506e-26
1.7405402926420378e-23
3.6611633544531004e-09
5.982014310780203e-25
6.396925150515612e-14
1.430194051430205e-12
5.455092553822858e-21
8.816766619436943e-09
3.0430020162635066e-11
3.5017859530358177e-10
1.1422689392637893e-22
1.5026506450029104e-23
6.140942036259622e-11
1.267733175333656e-20
5.236900963821372e-26
8.745816656032874e-21
8.177671498615436e-28
1.941080394964229e-20
2.1518064865017063e-08
6.278332838841453e-17
5.5935092532449925e-09
8.338265421459731e-29
1.4450136937050535e-22
4.957217152630046e-22
2.2335461612024608e-15
1.9437720895646812e-13
9.821269699439256e-34
3.3233008774171807e-26
6.397135001191917e-11
4.0701282957329765e-15
1.4740336704866556e-27
1.133045414081454e-19
4.880833556897799e-18
4.206530552035373e-20
1.1360199851750714e-20
1.3844761795818e-21
1.9499303264200497e-28
9.840188953525361e-14
9.124786514264573e-23
2.6066355324130467e-17
8.772635457459596e-21
1.1728637329660498e-22
4.097035885374131e-35
2.3405496615774444e-12
1.0919363807067333e-26
2.780277160587593e-21
6.19514966201005e-06
9.024860917059422e-12
6.59434047330966e-08
1.156146993255083e-23
9.467852068190557e-13
1.0888297289272687e-20
7.002308477058524e-26
3.03058659881653e-16
1.4425989940842182e-27
7.772096081212735e-07
6.484106842076656e-22
6.797976302287846e-20
1.5284249006608852e-25
2.1197010308868972e-18
7.830805329264575e-26
8.19830977054523e-24
1.0002615958189334e-44
5.651278393115939e-32
9.71971360456477e-12
2.827986516493548e-25
1.0690189162682787e-06
2.5082930093985563e-29
5.5593264818000454e-21
3.1436019652674944e-32
2.90467751404305e-14
2.4222487926882165e-13
7.486063162019498e-13
8.37899463208091e-21
1.4628620490263913e-10
1.8897744935285813e-17
3.4875171902566763e-09
7.644094680663101e-15
5.451273005828117e-23
7.374531981059094e-24
4.4164139984897096e-18
7.4381009055609e-15
9.274876646635167e-13
1.1504896920161718e-23
1.3566632357054707e-13
9.036953204903309e-08
1.696732483262351e-17
9.55681693400105e-13
5.967737225157405e-10
4.620374760959682e-39
8.814976344250928e-24
9.771926798571568e-11
8.679303801069211e-26
6.558949460743062e-08
5.972281249774853e-08
4.599269398836392e-16
1.76183522909642e-13
2.18722819028142e-32
2.900187828935403e-25
2.566874164227745e-10
2.186518132325334e-09
1.7041000686837478e-29
2.133304132384459e-09
4.1052122906872766e-27
5.3070570199634086e-08
0.0024291242007166147
3.911682502008024e-14
1.282588949372456e-15
2.9109224899942667e-12
2.235061876175874e-23
2.5404300115401093e-12
7.851366258526756e-25
1.220214966793813e-18
4.637576519632593e-15
5.494316123977266e-25
1.8595658259684778e-07
8.933062296848984e-20
1.7917056578664176e-21
3.604459317535313e-25
5.90650778653891e-06
1.0148184013009216e-28
1.295722606959845e-12
8.02460095270134e-25
7.429439757635905e-15
3.036844917869966e-11
4.3937834413058675e-20
6.918679872271013e-10
7.397344285824967e-25
5.479474143507621e-25
8.00201118387487e-17
6.690988759911798e-22
1.0639857911943256e-18
7.649435736482474e-22
1.2332719935726724e-27
4.053326776060072e-22
3.081454737373223e-26
3.3498072989908625e-24
1.8965109023262412e-23
1.7970342830576292e-26
6.334022031507908e-08
8.009163583903463e-25
8.919810639538878e-25
8.105213103150069e-23
3.77157759648021e-24
1.3718245762828405e-15
2.5022431509206876e-16
3.099895705068273e-17
1.2793219495825744e-22
4.2230652512433545e-31
5.013728955748236e-22
2.52154252325768e-34
6.608873352175613e-14
2.063914899918768e-22
2.588993318481048e-13
2.125362654060483e-15
5.625429810528974e-14
2.072444229644826e-22
1.3851014633466633e-16
5.660767084223396e-12
1.0283323066549344e-10
1.3570715938884278e-08
2.0771313147533643e-15
1.412569818157536e-12
9.137417692790382e-22
9.960794105014263e-19
9.435991927707551e-17
4.157685236959478e-16
9.635235780217524e-26
5.853274896183839e-21
2.4965462403002507e-20
2.0032051443363128e-13
4.903149099638311e-19
1.1544203826645665e-11
2.499991047057859e-26
6.8202888607400524e-12
7.620662286496072e-17
1.4075112807868348e-22
2.4164538868429816e-24
8.074169148116643e-14
2.6430037278491625e-23
1.1328116494278903e-19
1.159088447664772e-16
2.5145500127031675e-28
2.9633488843961194e-55
6.518284346068164e-22
4.8990501294693126e-21
1.4265352169886416e-13
4.638751154869493e-22
1.7753443770041982e-21
1.126376289904196e-23
1.0122689598006622e-23
2.7045863332085068e-36
1.4170629161193373e-08
4.461775214744587e-25
6.658051337791689e-19
2.2220938007727586e-11
4.835845705017103e-17
6.821617282842087e-14
1.4961738139281335e-32
7.805321505687026e-15
3.680822157168484e-23
4.206302407747153e-26
2.4197246107070645e-09
7.365741898969791e-19
7.5715075657743015e-28
1.2528992742422502e-22
3.0580803985128674e-22
2.7016802047355363e-12
1.614194125016139e-11
1.2444261434555045e-16
7.564863548042677e-24
1.779306269089975e-27
4.869407522447862e-09
3.9006793984863875e-21
2.483086281043744e-24
1.0164702509092341e-25
4.843852747669019e-26
1.467912831968103e-10
1.0635493592104161e-21
1.2582586092014203e-31
6.125608758992809e-13
2.001032019929691e-22
2.760654851866385e-26
9.626167097976598e-23
1.724284945233493e-11
9.139455874237253e-11
5.338968191640246e-23
6.641090634022341e-12
2.698985670452694e-24
2.720242809897152e-21
2.9679762291288154e-24
4.193583914837068e-19
7.929420750165294e-09
1.4792379402521965e-19
1.302786663670748e-25
1.2919479419983106e-14
2.898923515714868e-19
6.402483706293763e-29
9.757233127214561e-29
6.260624455408952e-16
4.425608412353213e-37
2.6124210914535303e-25
3.237440393773125e-14
3.0575144577637934e-15
4.6755782206111686e-05
3.4732900861284217e-10
4.62208974940864e-06
4.2035275013178305e-26
7.660932288329101e-33
4.633352462170413e-26
3.411510864085091e-26
3.5984525005987686e-21
8.253530766901515e-05
4.739478025979821e-23
5.621673568794023e-22
1.032717210570477e-26
2.4534394886973796e-17
1.1181082241750032e-26
1.4072235677806397e-24
2.9392676398922387e-12
3.878427211046488e-12
3.8001138638271494e-24
1.1946040203070178e-19
4.208618297331448e-28
6.368088865946851e-21
7.400991058741706e-15
2.854545689235129e-18
3.470232359544278e-27
5.39704399402696e-22
5.1836617137074206e-14
2.455476585253737e-25
5.0038535304154934e-24
3.6502773862093883e-28
1.556599461182329e-25
1.8776384073283094e-25
8.522132030649933e-12
1.5393029759530308e-12
1.112935023286081e-27
6.307989078359214e-14
9.60601483010245e-10
9.693007926918737e-22
9.388686547807984e-14
4.1390679954755405e-21
2.549298619284094e-15
7.469240759887962e-22
1.6521996988109233e-21
1.944226780597727e-27
6.104603988656132e-07
8.402581208229809e-08
1.0426264471814074e-08
3.9600724037545637e-23
1.6231340889320337e-06
3.649707210848614e-12
1.9020024579817323e-16
2.1152690786275006e-25
1.0018220341721365e-21
3.2191745103522027e-22
5.425068893788641e-08
8.149175035341345e-26
1.3779728310333136e-20
5.302722733462561e-18
1.1273712670741453e-28
3.5817758132255566e-23
2.486922285296712e-10
7.062445596884302e-06
3.263107455937688e-22
6.477579655727671e-11
3.2679224690838e-12
2.907427499918019e-09
5.9917855724890245e-15
3.249969674116526e-14
9.285274789018559e-11
1.0948538470419764e-12
8.217351166166522e-12
1.6612108231200927e-29
9.386607402839749e-20
1.9091535017810358e-20
4.680847282427308e-22
7.812841801487877e-11
2.7121389560691914e-14
2.7978794528399524e-12
3.457749100739147e-24
7.168629415205678e-10
1.6527563850289728e-17
8.249375539142813e-22
6.516419885727211e-27
1.3048316803909396e-22
8.992986717327703e-22
4.3214648077969825e-17
3.1533398233741803e-15
3.1052302731269113e-23
1.1803547370932656e-10
3.786080275862172e-22
5.124079264019784e-24
2.399869741871693e-22
2.4265817020277343e-19
7.731947063062986e-08
2.034502162306749e-21
2.0302605096707198e-12
3.3850922412845456e-11
5.623558685577256e-28
5.356594615613963e-22
5.330361012157039e-10
1.412271320067597e-21
4.415603556648204e-15
3.126350670568838e-16
5.638839232859174e-14
4.970839781053803e-28
1.070385949916969e-13
1.4663096067146677e-40
2.0978329258904566e-15
2.509603122333325e-18
4.822943746633382e-22
3.666364623139073e-16
1.132526376996427e-21
1.2612875984061899e-14
1.0079822746298781e-31
3.16465423130853e-07
1.193684460563448e-25
5.996969868171462e-25
4.390347225945016e-23
1.404254781676385e-09
4.638839484708554e-25
1.2566857467675262e-17
3.7693622100627237e-25
1.6905051959860113e-08
7.810084311267846e-16
4.41975364305412e-30
7.247767216482265e-28
2.0715897133987945e-26
4.630220283996073e-23
2.616040925647948e-23
7.681662612489569e-27
6.608352997461022e-25
1.7908798395125375e-12
1.7367223256099454e-10
1.0825301107476923e-21
4.194653455366237e-21
8.195090535232342e-20
1.2119390468014492e-08
6.444425458611172e-18
3.683460717302924e-13
6.10556672002182e-17
4.181845097085646e-17
6.971197339594642e-07
6.155456216633564e-08
5.012152640837591e-30
9.315563223521138e-17
4.371953354855401e-13
1.9827984525908102e-11
8.12885884919518e-09
8.322817056866679e-22
5.543912013607557e-11
6.860715214065703e-10
6.28260345136207e-24
4.0681516866002807e-22
2.1748885501229847e-17
3.1442019754846984e-17
3.99716757903508e-25
1.6588868253923121e-21
3.560256545318786e-32
1.6095552369471345e-06
3.782731515921274e-12
2.8262566181088973e-05
1.2360159947849983e-43
6.896067954952097e-21
2.5594630687338933e-25
1.4302813508671008e-17
5.508412240568107e-18
1.0670899748502314e-26
7.470910636443586e-26
4.641242179254676e-07
8.475272583892123e-23
3.3961817616739035e-23
3.3835247043518895e-14
3.541622687610211e-61
1.298308762064863e-25
1.5912000213601603e-10
5.857564049817186e-18
9.312856384571277e-07
1.84380792614033e-21
7.271473147228392e-09
2.833593134301975e-28
4.2015961338911195e-29
3.5080151519975727e-14
2.5991763444907043e-05
1.1432016438888073e-19
1.3101738130112562e-23
7.065344486526295e-12
8.548040348086985e-18
1.4648273095823928e-17
1.1711245419155674e-07
3.415417768849887e-16
9.777932616094346e-25
3.4243414120884955e-14
8.883204142407978e-09
5.804100003814748e-17
3.5058300010992615e-15
1.5891304930899784e-23
2.897373340092767e-10
1.6857738040792448e-23
5.890231585716193e-14
6.685774997531757e-11
3.726566304852474e-12
2.3247152478641707e-12
1.0641317386113294e-14
7.143393796591273e-40
2.9464498225195125e-19
5.500698179177356e-26
1.5428384845445512e-17
2.811358677024767e-12
4.28483545160052e-18
6.890820238351717e-11
4.399893685708773e-29
5.672235901486088e-19
1.573164627008327e-26
2.464105917558234e-15
1.2643437519666675e-18
3.164514590671877e-06
3.05880424014593e-08
2.854567398478226e-17
5.0186545220535256e-11
8.781700842725851e-24
1.2747126141130074e-27
1.739955934397227e-21
7.836236798901177e-15
1.9289941043553514e-06
2.8991862645212027e-14
1.3586708440141913e-11
1.1813967237100743e-22
1.1376104502000787e-20
3.188167603113221e-09
2.421303891600752e-24
5.159317107776565e-20
2.4441511982194487e-09
1.2080251325645052e-13
6.108307496404657e-15
3.045839896582535e-18
1.8113810297866547e-09
2.8607140828740733e-10
2.593740856829797e-12
4.943893529931432e-19
2.731637991846091e-18
1.1312232891483056e-15
2.6830557572505116e-24
7.474885160151017e-34
1.3906358582474626e-30
1.5081156819591006e-27
5.371895947111512e-16
1.2448593328149328e-22
9.283492042524803e-11
6.228034800116162e-17
4.3459888905393835e-32
1.307414608988362e-29
4.131395482061499e-26
5.866590824850759e-21
5.235490608971087e-19
4.603587421214745e-14
1.1124428149774593e-21
8.173148753258215e-14
1.7566248865675347e-10
1.2168554999365809e-17
6.137324211324611e-15
1.4513136404074527e-22
7.323131972930697e-17
5.5774823304615335e-24
2.73691474130951e-06
4.515828141333267e-22
4.783327428742015e-16
1.1587228097523493e-12
9.318313673598252e-20
2.3362480886944936e-26
1.8391431585445508e-11
1.0080159098741288e-17
2.2881041066784887e-19
9.08252734433268e-25
1.5964330730227773e-19
1.365244543095975e-29
9.142675959400439e-11
9.446640987374981e-34
4.752068349176163e-17
8.85594246878207e-27
2.387731510513912e-28
2.3482649971639608e-20
1.9935746031731364e-09
2.8097847010823646e-25
7.9360264597211e-16
4.453387810191606e-11
1.5005722727863414e-23
3.4067336393230585e-06
4.954435254677146e-12
1.5415796200289887e-25
6.818901763728173e-10
5.0200886323692615e-23
1.693911199356912e-15
2.1385736807444174e-21
2.166538907505175e-35
2.7936161294485737e-16
2.900379104148322e-31
8.124215737134245e-08
2.35193537504484e-07
9.383646246142318e-12
4.3559717709876217e-17
5.39393999822532e-24
2.3786877761365996e-26
8.136907405829077e-25
6.924315691221601e-17
4.564380528203941e-16
3.552737776880543e-09
1.1358896478764528e-17
6.603319846489206e-28
3.158453845639529e-17
7.529924028170597e-08
1.1260724630158406e-32
1.0273383086402662e-20
2.1604983769449198e-30
1.0046717981155923e-17
1.605843518150373e-19
6.541421408760305e-14
3.3959607588395335e-13
1.0142654837140867e-10
7.492042967302986e-12
5.5576985061418715e-18
1.2436843734399395e-08
4.842273001166068e-20
1.7259598725404352e-09
1.711981692955537e-21
3.0232429725276966e-07
3.028327788605647e-18
4.730936436934312e-22
1.0042337197878175e-10
5.792570577758506e-22
1.2156471662722544e-25
3.0848919918849925e-21
8.078902827873168e-22
2.9214345372233607e-10
1.7994751722781786e-14
7.95658815838607e-14
2.1558791279874034e-13
1.618117881786373e-27
9.541009822714275e-11
2.6091047394942026e-14
1.0796318586753849e-23
8.036213458941188e-29
3.1988668819334754e-23
3.598400820341869e-21
1.0508517837739466e-23
1.6642845766268283e-35
2.7558257742254322e-17
2.0167510893594585e-23
3.0570149866757106e-19
4.916340052621613e-17
1.489347379909855e-28
1.8772447990700476e-12
1.025962508525556e-20
2.072702613559318e-06
2.307354386671452e-06
3.3709189850048436e-07
8.137078911500229e-14
7.314009299697253e-18
1.3205806127489981e-14
4.5196116592249355e-27
1.1335350556621202e-09
1.0707916189130141e-19
6.0851574982600784e-18
1.7165116777220045e-23
2.4683919475859187e-12
5.219209512866244e-26
5.940686090998358e-19
1.1878717427894615e-14
1.6865595672986795e-18
4.462040211505925e-09
1.6637259201999782e-18
8.075330364533402e-24
3.0380465922319892e-18
3.863574898738212e-25
1.278142250926499e-12
1.0180402671529224e-12
3.8580692328748386e-16
6.171957268665116e-07
5.011638550857879e-21
3.737375941715167e-10
7.788048542594943e-16
6.634058226435237e-13
8.743503050529651e-07
1.1063250313726273e-21
1.6880034311299562e-16
7.632311726111777e-22
2.5670148937305338e-26
