0.08184261977641866
0.012975487170661874
0.05654406593062435
0.00021828023299391795
0.006090164857235651
0.008689011934887822
0.001410553276285109
4.918639390039208e-11
0.0019344822538344803
0.002130498286895714
0.011384399396246081
7.373487969323904e-05
0.06811698788690988
2.9662062717460244e-14
0.0006539702513523234
0.19959129182321286
0.00014295414424174652
0.10808898490311952
0.23524033654200657
1.2439173112889282e-05
0.04658123039248692
0.11972259656639533
0.06674366679103283
0.3777797777658342
1.1165532550707723e-05
0.03461171883034786
0.0017743981346160264
0.04493926726747864
0.03702478889595493
0.012254208883303018
0.1776323786786686
0.2586557747264604
3.271401309496478e-17
1.4797493446644284e-06
0.017986617096017454
0.0032564406943583484
0.06372515126937334
0.02923014906193625
0.0009846764053792444
9.133760883414492e-05
0.05815783442566596
0.2586557747264604
0.0012380940927034026
0.05326664869885105
0.042136898919128175
2.210650844791716e-15
0.02117110006217239
0.009029109377618466
0.04925070363697075
0.00036595160287964946
0.8579322797928227
0.004003865774223364
0.041642261382001694
0.0003997009962911183
7.073414739926718e-12
2.1066426238016333e-19
0.4106590219089495
0.9411000400644809
0.006633749994212363
0.013419796906032677
0.16213330402904894
6.109940420543331e-13
3.9457336141384736e-08
8.349558336526638e-14
6.724708937850823e-18
0.016686875035189175
0.17099347706805168
4.600269328769651e-13
0.0015945328379100765
0.05030821967386007
7.064777519825047e-19
0.0015882984772474667
6.49960429933997e-08
0.0017681036551086611
0.5509009780387292
0.010123357155725543
0.006662847948792303
0.03822075986133801
7.008881234463368e-21
0.04446503915104673
2.3085635792604124e-09
5.6139160709150644e-05
0.015566918769213381
0.16702697471771444
0.00012952004162460285
0.010773728519188272
0.0040721246500070776
1.7255715407901994e-11
0.330391986504548
0.0405616467786105
0.0020753225669242884
0.051212084177490264
0.049647072756873634
0.11775403046326248
0.03862462809887435
1.2586721721279363e-15
1.5495775100799461e-07
0.000754372434508647
0.036861236734124614
0.2776942438760397
0.046337081250442544
0.17895683897154585
2.843478347822137e-17
0.00852931969415235
0.17099347706805168
1.1269340371403205e-15
0.019034467839669177
0.10221284580765214
0.004685579712392069
1.3095829993948318e-09
0.000787406550232439
0.00034265871784052045
3.1128812922758163e-13
2.035111981644724e-09
0.0025483240395489616
0.00028971613683947023
1.2871625992727724e-10
1.6419273507255831e-13
0.1834695373184676
0.12117304260410379
0.11362413446201725
0.09899012505669802
0.5927816229267817
0.13249635771652998
0.027881430301543275
2.576992443423663e-13
0.28973414802814185
0.02711441468967917
6.723508278065061e-16
0.06982080195658172
0.004876348381963469
0.03000016621165257
0.5477514236604785
0.19130888841036606
6.067843250112105e-11
1.1470772159461673e-11
0.00337547306388441
9.191911838691288e-14
0.14601710669317375
0.8194370087623057
0.09522519965404184
0.04612864424541474
0.0018612867765807044
0.019680633882572088
3.1875022873166277e-10
0.003343819039939855
6.297890121982702e-14
3.3347459767616728e-12
0.13352944806205724
0.0001081618998452488
0.009637196622118338
0.23569224693149482
0.0046320536394106075
7.44180666777683e-27
8.174909291920565e-05
4.4321119973131644e-12
9.182502378150748e-13
0.002620625813434155
8.67022130765185e-23
0.03386762317652049
0.13705729359836702
0.08525663433199643
0.006523018755907206
0.04198240175779515
0.0037860551106960495
0.005290558398518886
0.004919415308582524
0.8194370087623057
0.14187798805850985
0.03338074795983952
0.03359465098199367
0.05002546126245364
0.15847380686506107
0.8194370087623057
0.009495799725804499
0.24039108710780957
0.0003540606611670765
0.0006539702513523234
6.479252190402892e-14
0.0006539702513523234
5.365437321153312e-15
0.14390072225467268
2.464549453368352e-12
0.005504254379395904
5.896085056844831e-06
0.2527791944254947
4.267994792265802e-10
0.00014817730407982112
5.2702879648693816e-17
0.31750166749883774
0.0001979391609993573
0.2601466998887442
3.0089898708254097e-15
2.3097854113233062e-17
0.00034129882662271263
0.03782146302960692
0.32993584131996034
0.09909273675143072
4.819001848515453e-07
0.1467228089065133
0.0032724161285607734
0.00022532640057818716
2.141662148173062e-32
0.0095440864886539
2.525938136296255e-16
0.033025639524936805
0.0056607033341016435
0.016176802135852073
0.05783584503686083
0.28149123813386734
3.966815596298185e-08
1.6724187275123238e-18
3.278510733287692e-13
0.08722756397591788
0.8224704186697114
0.12406088136484708
0.0047806640480284775
0.004078795947815574
0.11002459916461195
0.08377692446829924
0.08874907917233266
0.15067855425892235
0.11000692782632344
0.0006539702513523234
0.0005964817724641363
0.022436777750830028
8.635131661227759e-05
0.002706972458919479
0.03311599300915739
0.03980990668376427
1.707685540212822e-13
0.012827823923484137
0.11688343777550675
0.0001979391609993573
0.020966041770350337
1.995095051910717e-06
0.4061069390867054
0.01757457994652586
0.023253072586352078
0.0538609309282598
0.06706983660016819
0.0008536699412293521
0.23572662060973876
2.5125132389940575e-11
0.0005097539707041959
0.01340848930970145
0.01811160345322527
3.462509206441982e-05
1.3975785523269233e-14
0.1931366932018821
0.0001979391609993573
0.1337122720227273
0.27946724608073037
0.00879137798709171
2.7155118466280337e-11
0.04225240995945803
0.11376583820586489
0.05274763100127267
0.8194370087623057
0.5551431756703934
0.003888990604402315
0.0008171964226718836
0.059763705192161516
0.0001979391609993573
0.000550619069597532
2.7379390485443685e-20
7.293998416769665e-05
0.10732651166475715
8.167367576192277e-05
0.0001979391609993573
0.04774626909823071
0.0006539702513523234
0.008612866575040323
0.30477937199233185
0.0017279533869847706
0.3062988903465822
0.0003278555244237043
0.025001836315315294
0.00046084572867094334
0.0001979391609993573
0.029704409010953923
0.0001979391609993573
0.019246311207534283
0.0006539702513523234
1.4780262265269876e-07
1.1243915891610503e-11
0.015808267868972027
0.10578268561274089
1.519442774191358e-12
0.15829346901718072
0.6173033289818352
0.009016729921413424
0.3579193017893267
2.464549453368352e-12
0.16792614504848127
8.877123001859597e-05
0.040042127192639485
5.219029583011004e-09
0.06265016561096762
3.014101022896037e-11
0.03238195756424405
0.00015265181055101743
5.974015498595044e-12
0.1690156342874592
0.035834178509825794
0.06796341873138578
0.0271231778105341
8.577493282047332e-16
0.0030138535677117456
0.044877506319023486
0.11662803008790805
0.0016090691383052337
0.004120650654028654
0.007897268400138935
0.0016016322625276428
0.0005017007269113256
9.651131210179574e-16
2.2788405971106253e-08
0.20996872082474216
0.014057190549607287
0.0006539702513523234
0.01754880649361991
8.561513557602002e-09
0.0013804571067785366
0.021191749383899474
0.003914041229896779
0.08857212405512939
0.012008571995922288
5.759420919036999e-13
0.04525639530451168
0.03403142566376843
0.054643587903186054
0.0006957549872002366
0.04253488744754518
0.07464766343780767
0.0006539702513523234
5.49048010284258e-11
0.041936087054775986
0.8273557828099155
1.759472892634128e-05
0.00034792108863289107
0.029777672336190886
5.839067044863455e-25
9.151427486272219e-08
0.28509856141028783
5.584589532561247e-18
0.024614791212119735
8.038112876694456e-10
9.466713662271529e-07
0.8194370087623057
0.002642392272855142
0.007878564287947476
0.00845124497560435
2.5794378813373066e-05
0.0004875428776420672
0.006520527410600175
2.3039641845171368e-15
0.0021453129646825664
0.009129094265782303
6.576803836200219e-14
0.14116029464440052
0.09884252848550373
0.001880692669454016
0.32145444178651417
0.8194370087623057
0.07867590386029111
0.0019673364839786767
5.356742910619121e-14
0.03919179044210009
0.014014350688382657
2.7588472531879003e-05
1.206291114186567e-12
0.0006539702513523234
8.514903821113328e-07
0.014142059156582114
0.002874837735498018
0.09462191363877044
0.27170332529138363
1.0794699310433382e-21
2.461078808001317e-06
0.003166595787483434
0.032993945663593725
1.374175982231105e-13
0.003079585671943396
2.464866198550441e-10
0.0001979391609993573
0.7740445247346256
0.011340329028404612
0.004045549074609252
0.06963984844547588
0.00024729405688900995
0.011292089808799055
0.03479162059007888
0.030821905220352094
0.32145444178651417
0.8194370087623057
0.4025960205198643
0.0006539702513523234
0.03463811646835877
0.015916914323850784
0.0015284849483498952
0.20743770269188344
0.0001763004723219073
0.018693217996948595
0.0011322084853166883
0.16339675476031879
8.23272871063399e-09
2.38258833273638e-12
2.1033977654056503e-06
3.374739530584725e-05
0.006210046084462255
4.46737603413005e-05
1.8632747225142473e-06
0.04421476622832188
0.0001979391609993573
0.5510837314335967
0.0007163626579561931
3.3272569110475565e-05
0.00034319847514392016
1.610772394667533e-11
0.05290433227066354
0.02800267199358456
0.04872218319008506
0.1724561153050831
0.8194370087623057
0.004115824478248242
0.07948882339164144
0.08924587754690796
9.925691933917136e-05
0.010520868851494643
1.4392962972871102e-22
0.08246496406876469
0.17099347706805168
0.06751494261777873
0.0811837209719748
0.3062115995841018
3.4423008619340478e-12
0.00019553033598611607
7.93545894630248e-10
0.08231309463811552
0.006031880345339176
1.3642368218819016e-09
2.4070452638344827e-05
0.0034823009778506275
0.00792535209525874
0.0005324564558010618
0.019892154570866877
0.8194370087623057
0.05855708440381333
0.17898283360713585
0.0016182172111074006
7.423386235722257e-16
2.01121957428201e-07
0.22074805141375584
0.12178819474804911
0.010027376488760509
7.932329168110597e-05
0.08596956526223917
0.0007184952190161307
0.001350093935838896
0.11580141383092192
0.06861573783133057
0.20181612496038462
0.002216970046503095
7.502967656772733e-05
5.49416582167519e-05
2.246352678670228e-14
0.46646670031437265
1.060018578945861e-15
8.039480370660101e-17
1.8484358538935567e-16
0.07453397661406937
0.016002763043662525
0.4445187253311027
4.780306108082956e-05
0.01165803404631844
0.002208020131441406
0.014647612148731719
0.4133252686417734
0.023975045705969786
0.011692735704536506
0.015445522721363627
0.18717387588501383
6.05461960308714e-14
0.0049100061699446085
2.0424146194090647e-09
0.004860195422812255
0.008825122109606504
0.05164955437221507
0.8194370087623057
0.0026853566886995356
1.2387086586836984e-15
0.008110998891092076
0.010728531933531515
2.464549453368352e-12
5.092564138703057e-05
0.001249026134434167
9.063922363345409e-05
2.6870460563642376e-07
0.011926688297393184
0.14469639353724031
0.009299729555880685
0.1570685914376558
0.02105328019332829
0.0033617124246750896
0.028234576388606727
0.08652038762500092
1.9673450496539555e-23
1.5865785159581112e-16
1.5905510011829557e-05
0.06349825193285027
7.586875232141746e-20
0.006819636521107087
8.075971606319049e-08
4.726291064024604e-14
0.08432614553170303
0.11685643622915944
9.622177754008214e-12
0.1434169122153415
0.07580937087273387
0.0961230293587892
1.3346289744999882e-13
0.00014453516915182742
0.008891533269214297
4.0657821957521572e-16
0.04244536108317016
0.16610322935815272
0.029024103238217164
0.0001979391609993573
0.011644391646673403
2.7275860137441803e-13
3.678011468710986e-08
0.0006539702513523234
0.9308119779805502
0.81789020410039
0.008141046236353278
0.006002444298281904
0.016436780353623445
0.007234376360719713
0.025916519301985946
0.007018682524727031
0.010218003023434058
0.04964425859077659
9.62578407965103e-05
0.004050451041656582
4.007973799644136e-09
0.00026331301549440897
0.026791881874575707
0.003914116103725878
0.0796956696344977
0.1294587650239133
1.1012575432016805e-43
0.029553201515720558
0.16116062998442715
2.213524556609293e-15
1.6095041073304388e-15
2.983050945508574e-15
2.162547705058226e-20
0.0172716170269828
0.01018429676905607
0.8194370087623057
0.02319589969136615
0.2232230652950852
0.0006539702513523234
0.10972513148278286
0.0008224728481645398
1.3906313880723336e-11
9.688739141455228e-15
0.015216616084703528
0.003210818486980306
1.5670801921630237e-18
0.002245583731574935
6.417409666094479e-10
4.008734559580045e-09
0.0001979391609993573
0.0001979391609993573
0.013210636591738767
0.02498242174887044
0.03097739799624519
0.006971631088305858
0.09955893954414392
0.4552964010587032
1.4277510980526103e-17
0.2218123965740064
3.132612267147089e-29
0.23648646977704857
0.007225090788543317
0.009053298618056939
1.7720904996511964e-07
0.0833201225698539
0.03149977124043729
0.03104572076192369
9.36770092653538e-07
2.4171841649979093e-14
0.0020923502787357435
0.1434169122153415
0.81789020410039
0.004527527868685932
0.0022128717886704483
0.27799390510676614
0.3046238209745408
0.003769759225993007
1.3015077973321066e-12
2.112886532210567e-05
7.743748236446529e-05
0.0006539702513523234
0.003306891467148699
0.11811611853540338
0.021564306087441042
0.0586402710853662
0.00025994995554952946
4.528351990928698e-14
0.09747483188263804
4.074385356342973e-06
0.0855803871032923
0.03100428996862159
0.0030410851132268713
0.0005639701573222182
0.0006539702513523234
0.00034640338275715443
1.3211989883454874e-14
0.030362176507440664
0.028104002466992486
0.11428995403749226
0.007599810126034945
0.020578053733286267
0.04579450971546383
1.5202230829287492e-09
0.00962891896954815
0.005146220199856752
0.004446947714725807
0.0735235356542177
4.666791953228758e-06
0.0016867806024118074
0.4169326959920452
0.11338290252716704
0.005968470377016492
0.2857463948973368
0.04070347925705154
0.00028292476535586586
1.1407322399308127e-07
6.840042804287673e-07
0.0034062597182538067
0.05984620662572765
0.22422513769813607
0.10344685279527567
0.0008725204225190125
0.013339863315234068
0.022845832348281678
0.014718256425105158
0.08011311930691264
0.027064707966796497
1.5138233023966436e-09
0.003906537066285426
0.018375297469924237
0.26681464922317033
3.105535398712172e-09
0.1322275512737266
4.037907808267999e-15
0.0007988341223759823
0.025184667860948126
0.10741838045033994
0.03313726054454893
0.8194370087623057
2.1750371910934757e-12
0.49773668042875685
1.264112382351364e-10
0.03200238186402373
0.013343376578640207
0.007671899595073523
3.140271658460703e-06
0.028481246339395125
3.111184023985767e-06
0.0001979391609993573
0.6579487373607703
0.028064868900820463
0.34890207567529785
0.03101247435886756
5.0224681750892157e-17
0.0038807074334775552
0.015878024754698013
0.003288510466567407
0.011153124878214848
0.8194370087623057
0.0006539702513523234
3.875436608700594e-15
1.405240464801667e-07
0.0001115089909284016
0.015606258124541911
8.925636271415914e-09
1.5681720073591427e-07
0.0005954471417638512
0.0001979391609993573
0.08270869367338925
0.11972041699412284
1.744766484822307e-11
0.008817327848251288
4.819520000259014e-12
0.008905237359293262
0.010530797660648428
0.10341796607831426
1.0371183981332974e-10
0.07166351675090508
0.0010277234659431512
3.579220467824608e-12
5.125612739778584e-09
0.019852775035823278
0.022766235423371688
0.002522719453298572
0.01590869123391622
4.53303484941938e-16
0.05714773196829899
0.0014826416453078556
0.5101512093143992
0.020694446593987517
0.007977474676885551
0.017819903971615814
0.07371824160162752
1.940133503324549e-15
1.789733964611861e-11
9.425424189537799e-05
0.3000579356540811
0.1566764440340549
0.051432453336340216
1.484816513158735e-06
3.920899851556038e-05
4.585714556711881e-09
0.012815797180756656
0.0037676582257427827
0.0012473609662396715
0.009517340816644581
0.04696506555301833
1.823008232762775e-05
0.11781032431447977
0.00537278595328572
1.5011973363303795e-14
0.19267131343088212
0.0026855631690887475
0.041739161066314916
0.09395767738981868
0.07973220376181979
0.10072849327697483
0.11602751021054741
0.3428877678998723
0.075157360916404
0.07872410670741026
0.01711021251235316
1.6943096700528158e-15
3.3060748222570434e-08
0.009000249984216724
0.0001252271971715934
0.06063419282825677
0.2554557740437677
0.0011352508426877219
0.20323039541434523
0.013615937811706893
0.012351431611108462
0.017206875461520204
0.02533404975333948
0.06367427462399533
0.141694355772642
3.234389945652181e-07
0.0005525876351684472
0.1583635375807116
0.11642077826296235
0.018000042726757946
0.05479909285011103
0.1405652203623503
6.570396600702839e-05
0.0006159771124976069
0.0006539702513523234
0.011921692328684317
0.20526215651831153
3.3754782530556164e-12
0.02595166562046553
0.00018020443138948641
0.0014817803322315914
0.0028429667996615615
0.0002325650966395772
0.0001979391609993573
0.1321329338626498
0.06329934892638897
2.160924485576467e-15
0.00041149970107832605
0.012000921639145533
0.0001979391609993573
0.009726194875672554
4.2928380808183563e-13
0.01816451583770592
0.006040120991726183
0.6670200796973333
7.95289393184159e-15
0.010075154731720215
0.02914015433602476
0.00899997761305306
0.09940942203216102
9.762804657785738e-11
0.5087952986138372
0.000946531775920794
0.006619536102477618
1.5608315160434958e-16
0.003013885538312851
0.04660641583503236
0.23401139979290844
0.0032861983640916567
0.024999152276383243
0.02887840321070569
0.005528090219251147
0.010082380295284315
0.003683269529445574
5.005857769316812e-07
0.002866629539465913
0.0037691250614908045
0.1598466205650135
2.968447149054906e-07
7.558303996852559e-08
2.2518266193607534e-17
0.0009116116001180764
0.1584544502658413
0.23926503432041302
0.11530096373233627
0.004268351083043994
1.0012673041716523e-05
0.243965198371686
0.0001979391609993573
0.010218718376058785
0.020290865905685268
0.004273900913256956
0.030287896937388457
0.043538011206818425
0.2914699676566558
1.6830944115268404e-11
0.00475127181479928
0.004263877656324693
0.00993700915694426
0.14219183220812262
0.3378657657052031
1.9221078514558675e-12
0.0018787123790286726
0.2038784349659722
0.012000209019365882
1.377038018380367e-12
4.1933632545470024e-10
0.002957719895452334
0.000578670990215794
5.0479471627526295e-12
0.004923072042362087
0.0001979391609993573
0.09810659197638273
0.0001979391609993573
0.09503045201328132
0.19920652753866971
0.19767751488589358
0.478165036702318
2.6840164549048568e-12
0.06867667621937734
0.02741747248007198
0.004092157675106288
0.02551910482620326
0.012504876296401643
0.04509661792696474
0.0017147332645646766
0.023266719072162354
0.020937729510656096
9.220903870392155e-13
0.009443620922412466
1.7338483275201647e-18
0.0006235493563487583
1.862395475108884e-10
0.5342374864967337
0.30624463850394784
0.05740590158447623
0.03964995594756114
0.002395161259980007
0.001824116882896798
0.0035476790515301636
0.004378958887704166
1.5630262857483763e-15
0.008714448630697258
2.725068287322761e-13
0.05329275899872888
0.0006539702513523234
0.0448225503564723
0.011029509660474175
0.00755447008214206
0.0006539702513523234
0.07943612031946899
0.039898483865058856
0.001291884322813112
3.5517464202865007e-07
1.8862957255934597e-26
0.1318425524925987
0.0009052216751010026
0.02374805930651346
0.0037029217959243742
0.0020090507746538784
0.002871241332201027
0.029403551154146015
0.00815942606687191
6.437864454423492e-12
0.012507948822394114
0.8273557828099155
0.0006539702513523234
3.2863743000313973e-06
0.08231538153213518
4.296878974827058e-14
0.06933547000774087
0.03697746756809983
0.005562945014794973
0.052220232782998435
0.02547529758347291
0.02222464140057989
0.022444811094417462
0.0006539702513523234
0.4091118417861723
0.022712824602134047
9.354921915414223e-14
0.8194370087623057
0.1298212051110294
6.865041825290404e-08
0.059329499698855426
0.8194370087623057
0.00032245803487932975
0.026779925902619833
0.0006539702513523234
0.0025047366209429434
0.7740445247346256
0.040425634627739675
0.03392528953621632
0.10367268933263439
0.0017611053115424297
0.09849894760656898
0.0644164029036873
0.15313628774896415
0.005940567134070651
0.0009197962127070955
2.569389358681567e-14
0.0018459673375960082
0.03490030558705284
0.001405318501441405
3.778174693681891e-12
0.8224704186697114
0.0379624384061091
0.0006471159178512834
0.004928647420884483
0.42861365670172796
0.011270219770749296
0.0038854050967782605
0.0009329912009206417
0.8194370087623057
2.7199270411836575e-15
0.01814833899759405
0.051837932719695334
0.4552964010587032
5.387229718318425e-10
0.37009601930099534
0.04827441144671453
0.24160851263812558
0.0981122986469017
0.019886810740947246
9.031236464000184e-19
0.9114483667068924
7.602978570080027e-14
3.7866690183215706e-13
0.03966067793273291
0.04602287780173839
0.44858349889797894
0.10231328641748016
5.447934126764775e-17
0.0026293145459955606
0.0006539702513523234
0.10849457492453089
0.19451128903827442
4.7677184672822435e-06
0.22083007678165267
0.027861905507298834
0.10057938757021745
0.22263084970962813
0.024488982301586786
0.006814209967788997
0.04819725368888955
0.02150595182633855
0.10653685537112303
0.0006539702513523234
5.4948146425699124e-17
0.0474932049137161
0.02957013043169552
0.26123280601407195
1.5081222266922407e-11
0.07886980852513546
0.02202676982183319
0.46109700943331666
0.17661031456431267
0.21415685828307546
0.012588943342294458
0.002423158748123058
0.23529329940376797
0.0008184144045692798
2.5511328815042456e-11
9.513677572528314e-06
3.5804542720670065e-11
3.936231476900487e-15
0.0001979391609993573
7.238197319641482e-20
5.1549848938389686e-14
0.0013818220417771622
3.0029847325595427e-12
3.614454064945144e-15
0.12291222952379421
5.963883587726321e-14
0.2188180199666017
0.0006539702513523234
0.005068043645142006
8.256593608686488e-06
0.0022086718720216725
1.3316448007148898e-07
0.012390153937532275
0.0012974470672332211
0.4547315211555277
0.016120910843336764
0.0011323122173342028
0.029825836955982406
0.5111274134516103
2.00646355318958e-05
0.004891797623054472
0.11028239086047012
0.11165669721333503
3.731250851321798e-20
9.610193080528613e-17
1.86448550603739e-07
0.002100316151276306
0.11012596215173062
0.07280495992607636
1.8408235609053497e-14
2.8023348054407745e-06
9.990239114227803e-06
0.26538309246157693
0.00929259070861077
0.002554075835445768
0.07328603532618669
0.014044904800763787
0.04374296602225414
6.253143704147355e-13
0.00375870724420885
0.07944550402662151
0.28716899122891065
0.4174242033197505
0.3124928349856733
0.005689647123536951
0.01147401865340211
0.013012155278021352
0.26255060903296634
0.0039006347052920245
0.1662716173421117
0.010003845915090936
8.54757912988905e-06
0.00041951750991943697
0.26592658646613343
0.0012338938082655838
0.18744923770075086
3.706189911611251e-20
0.0001979391609993573
0.029084982660326043
0.4564631590064146
0.0028528922791500972
3.5812145021941126e-24
0.00021578662224232503
2.8460070662961893e-10
1.8938872931695626e-07
0.04209015363255714
0.014955496551752602
0.0004367191191676178
0.11254349778019923
3.385569767430603e-11
8.713763470124525e-05
0.005499500612176136
0.009676149123251723
0.0009479506562904641
1.505801973699671e-16
3.794938054926915e-12
0.21991695309747478
0.006397789714655673
0.0390095840906069
0.0006539702513523234
3.265274332421336e-05
0.0020637651759243705
0.0449978845101014
7.983251890503916e-06
9.958133375439832e-17
2.3795498054258007e-05
0.13997634580718601
0.05158108529884853
2.1026065062399974e-08
0.0007738750217577903
0.12132673083081258
0.02294183662818927
0.007089202225151785
5.568258553714085e-12
3.9501229024781615e-13
0.02701360942847107
0.0006539702513523234
0.07622731114703597
0.0006374927956905722
0.0006539702513523234
0.012506575749003844
0.04505092350930523
0.001891365076970512
8.119021178766864e-15
0.16863602924507007
0.0001979391609993573
0.0012246149268351414
0.01905752840427155
5.242826464106199e-06
0.1727838538384094
8.020651312651924e-11
1.1550661398937802e-25
0.05534388394906452
0.02385382391836415
3.3630276199486924e-18
2.30777913178515e-12
0.1423346453208577
0.06945516440552461
0.0007740641634292889
0.06375591598611095
0.0001979391609993573
0.08522986589304458
0.0054606781608772526
5.722298741907648e-07
0.021949525840415873
0.03610951052702091
0.05761318145252223
0.005144033413006841
3.757584307677591e-21
0.0009945745875288292
0.0019116930519535026
9.622177754008214e-12
0.11719108509620471
0.02317250725802733
0.0005108351392979979
0.004192017388022107
1.2434187379526016e-23
0.041708631051712276
0.027117707480692754
8.400493288479875e-06
0.0001979391609993573
0.0012298619694900918
1.149164645209052e-18
3.626398819347031e-18
0.009848846065097725
0.05092540881055096
0.08906109199171174
2.344270329900766e-13
1.2210777216683912e-05
0.008095252368446559
0.014155661004020104
0.04452863442420592
8.320156998184231e-08
1.897113371176956e-26
6.4717879315943794e-12
0.00014214668289000074
3.791171884276669e-13
0.003929924488337042
0.03273742778387507
1.2501657499433887e-15
0.10613605601341583
0.2190184425260061
0.009111620921706644
0.02502571328586513
0.2116046149763021
0.0036963020146202107
0.1295500095788345
0.010186792921640375
2.7770597199805363e-21
1.420158812715699e-11
7.798808521959416e-05
0.2629394699687833
2.8275820719278736e-13
4.218918008399818e-12
0.0029147554954822887
0.015262467485919938
0.0010322099775683857
0.1674472986364405
0.014297981182457486
8.811631029292671e-05
0.0006539702513523234
7.93259081429134e-21
0.2724004327720706
7.73277883860207e-11
0.006072820827274274
0.3813853857007467
0.0020346014306031456
0.010934511561795065
0.03855247427091739
0.034892870712242965
0.017076185360953566
0.5246554604194192
0.0704509131328992
0.0009021863652446088
1.1422694517360158e-06
0.28030278598516745
0.03970678939541453
0.004264443917006228
3.819102874265702e-08
0.12175125406366138
0.46337357324912987
0.07632198456837608
0.009969408563617313
0.1923756004285247
0.008683296407771006
0.029807582972527547
0.03814831437085974
3.2595596704136445e-15
2.408066861972163e-17
2.111418465496107e-08
0.0006539702513523234
2.7404561407877837e-14
0.02630157474117968
0.000346779589221467
1.3479195884634063e-15
0.0006539702513523234
0.0004544727927388054
0.010163923810425857
0.01841510149089066
0.06579699382353493
0.11106699218686837
2.2783326695527384e-10
0.04171118301263332
0.022402185813551467
0.0006539702513523234
0.000678138010131654
0.32145444178651417
0.04542417744064787
0.4518510523591731
0.16159013331596184
0.005986138431438287
0.3902577248521766
0.0013188341739585575
0.12303603288786095
0.00018700778738677242
1.9663497906929153e-08
0.0014702393211989304
0.0022053060281868792
9.128832593473246e-05
0.0007191251283235664
0.04829750489005752
0.0006392245346964129
0.03255973772517812
0.00019211957480691323
8.166085975754358e-13
3.7600297518905644e-12
0.0006539702513523234
0.03158456444818114
5.81175255369142e-24
0.30623701530539393
0.060329292045613395
0.20136604434650632
0.03429400965537921
0.006214290238600655
0.15116725549406831
4.216449429531514e-05
0.22982436107050203
0.005152367107852579
0.05546824506399166
0.00014830395492559803
4.538684531674351e-16
1.0391796749118964e-08
0.002173596197933757
1.9126308194556497e-06
0.1354453424146092
0.14576190332142086
0.22650663467545964
2.4779093046414808e-09
1.6492826314029513e-05
0.16954655341318056
0.0001768476690914354
3.729781749413832e-06
3.112519119862676e-14
2.3442616978462104e-13
7.136610246256167e-19
0.42275323718296054
0.019164274278966345
0.08439697736779164
0.01056771191984096
0.07621999846032795
3.616823484523006e-11
0.07508409304372786
2.53331527716013e-13
6.470871738323823e-14
0.007903150679363664
2.4079543172239137e-15
0.0006539702513523234
0.3359591993442436
3.624532709700042e-17
1.0526340771700606e-05
0.00746334373882801
0.0006539702513523234
0.01315280662610881
4.494794222499584e-12
0.05009303210124025
4.553082607689457e-15
0.024502220587434783
2.437733651874343e-13
1.1108923850757661e-08
0.05497408633691346
0.0009676133959675084
0.00026339283595495835
0.0001979391609993573
0.8194370087623057
1.403068739426417e-14
0.01801425153921284
0.05172196035805492
0.12066389658793172
0.0345367809803211
0.01946126145541422
4.838642132450394e-10
0.0001979391609993573
0.05540398944317929
0.027991261135562384
0.021841726871305457
0.31549527217709944
0.7464025241076557
0.07935779461323464
0.19117441704328741
0.0002293652368287099
0.017789984057236086
0.0001979391609993573
0.07581104030060404
1.7273226816774274e-05
0.010671552597283323
1.272290961497493e-17
0.005119047007143797
0.15702780704590846
0.0022904290242888176
0.023913140753374633
1.0785161837988504e-16
8.220845741246481e-20
0.053359809157036864
0.009617115817470361
0.00010968451902612107
4.4205843700933696e-05
0.026977005128503956
1.1894092643154712e-29
0.019499656150642752
0.0933115973372291
0.43966886580594855
0.010157067746822474
0.027324674069629684
0.8273557828099155
0.09861420876473616
0.0008914150135896636
0.019896804019194914
1.209946849796852e-18
0.020776228456439744
4.233429896747247e-05
4.792918152257836e-20
0.6777462676251119
0.13139152792635012
0.0001979391609993573
0.08771528817179662
0.0019269857097327092
0.00553326537472465
1.7504950116095244e-16
0.011035495605770943
0.07332633651713825
2.6770845018115183e-11
9.16391147402331e-18
0.0009729341987456139
0.20535531921259229
1.985480936272426e-12
0.0006539702513523234
2.5537186952952772e-20
0.0008099072683411185
9.81010065851977e-22
0.017249514954279312
0.0003333372848195095
0.027190025388134708
9.27396030015229e-09
0.001400772363968024
0.13230998356716545
0.04008048276944387
5.7305310006202356e-11
7.866574233315064e-13
0.8194370087623057
0.11007609526397343
1.3486818440507272e-14
0.014928221115832802
0.07330220064508479
0.04707595004473462
1.1394423237328723e-10
0.8194370087623057
0.03908619053510262
0.010982937152656191
1.7974656487825865e-15
0.07303216484287384
0.0001979391609993573
0.0906942221282429
3.0091579495017744e-06
2.6206419887495562e-17
0.0009643482491470123
0.006251271017783028
0.10222922042792354
0.06836115375257086
0.01887279290889393
0.00017112224047153776
0.00015237205588723444
0.05984139432523182
0.0072956933034916795
0.00013848423988154033
0.00030609675883880305
0.013574149323682949
0.10355592383845512
0.00012025892252461667
0.0655169356971978
0.04057529924681574
0.002799784573637898
0.003222210345454512
0.0002712210694527373
7.24154739545789e-14
0.0004454517197329504
0.010801615674269856
9.013620663001294e-15
0.000234009589799824
2.6054363375076893e-15
0.10897411254424136
2.1551260846431363e-16
0.0035214546529006483
4.1226353092575163e-13
0.004426577914020929
0.00023874939792264968
0.1524218548620895
0.012758492124696007
0.009025653581744794
8.97324437277087e-27
0.018265216668853716
0.0007512960162287233
2.2913710833774913e-12
0.2325571752411627
0.0005655481134026197
8.045672565343819e-11
0.09478653713211245
2.6589390443378236e-14
1.1818298176751838e-24
0.058152774367649596
2.9165046167179075e-13
0.8194370087623057
0.011921007451688214
0.13444188517407607
0.013574149323682949
0.1521171912223167
0.005000771631592293
2.108444659632485e-17
1.3116517655739995e-13
0.8194370087623057
0.031686768228133225
1.2641608074773602e-05
0.003989698312803381
0.00036172801731870725
0.01386419073974152
0.8194370087623057
0.19435983585573163
0.07992312776179147
0.004971382574252094
0.1633778222385224
0.005391581238494368
0.009756465798525538
0.007315860395316173
2.404045999975456e-21
0.06708158331858109
0.013339951140030048
0.0006539702513523234
0.004282622004675481
0.04191046515838246
0.006833901489583076
1.9890034689838e-16
5.865616522367213e-10
0.00020787363108229405
0.1842644869397816
0.008750236526670794
0.00015198215250148556
0.0028878870641054224
1.4394686344712072e-14
2.680142333272163e-26
0.009138054072521407
3.948573086531221e-08
0.18746165065710896
0.0013299596541621046
4.684578390551265e-21
0.026446699493296064
0.032099858551011724
0.3474227878203306
0.13819225698846707
0.0001903017849993893
0.03142305629524895
0.052944224791611295
0.1358777075446071
0.00028149139489118397
0.0507811589667405
1.006139917065942e-15
0.022500599029890492
0.015669134615070163
0.11774590284488158
4.809243675947083e-13
1.3867955021976169e-09
0.004484926712285201
0.4714802778027682
0.0032965543905236483
0.8194370087623057
0.0006539702513523234
0.06424767337274011
0.05802909761126346
2.8693648531835994e-19
0.025605223362275126
0.06523945641719504
0.0006354442016583002
0.019620052119600887
0.026784535259732345
1.165337571200382e-11
0.001032807017602022
0.17386745530747857
0.046338665472073236
3.435523139165827e-15
0.13013329733822826
0.13848619885215963
0.12779971047830524
0.8194370087623057
1.4452370361679007e-11
0.004247530123938814
0.06988264843925629
0.13101689938420902
0.03395306265149851
0.02719431413973647
0.04291639729799747
0.09192589691093613
0.008951007085133966
0.0002786325556011854
4.8899525591850675e-05
0.024311452337731704
0.043379111719524174
0.005234060130230811
0.00027048285520790347
7.589795585976456e-14
0.19251030502974864
0.0913631606329792
0.00011793596333711657
0.19241014033399395
0.14641084464603793
0.053237602743061746
1.0931609010297183e-20
0.028114359170500605
0.09766281373652358
6.929429674982944e-05
3.668130067322685e-06
0.0011304642822781846
0.03782095064162398
0.0010308586718384485
0.013763001707770839
0.8194370087623057
0.0287014045423455
0.06533348175348243
0.0017516138814082426
0.11273397922879187
0.0010113238895175514
0.00010488472933426734
0.0005595191808286282
0.04442577796170668
7.250962890938863e-14
0.0018609151260134673
0.0027801045903594335
0.015944157611335334
1.1278226295110008e-12
0.1404638666566804
0.013251774963264842
0.012048329725193253
0.8194370087623057
0.032431257516377564
0.00043521833585670987
0.027016922994872437
0.010380205607100772
0.15737695981775585
0.07879193854651856
0.24526396699891273
5.4503231295481794e-05
0.0018021516069742824
0.008416844277610434
0.058687365191492064
0.07633204737705171
6.368436822661843e-32
0.37364495507939904
0.4267194822075335
0.0006539702513523234
1.4315670173980849e-24
0.0032853221071361283
3.164392923512328e-06
5.590806267047536e-06
2.9964519625505144e-08
0.0001979391609993573
0.0032335073078030765
0.0008847801755214186
0.81789020410039
4.529563432518017e-19
0.14880327174216657
0.0022285632729091734
0.13756407262960108
5.13270878649704e-13
0.03353201744251954
0.025492160810773067
0.05281908876419275
0.11333315164214088
0.00985137631560278
0.00023532030607004853
0.014085168973314108
0.00613407503648974
0.007318295149955722
0.03867712856235646
0.03478212315816087
0.0004897066232075955
0.018239668232074832
0.01299991234810044
2.480967938657819e-16
0.010614704690466574
0.008816778316955565
0.0368414132835726
3.828538677859325e-08
0.014315849907017909
0.011978132787489215
9.155089403183162e-11
0.2651973495284973
0.004422423244214296
0.0001979391609993573
0.37385521012817374
0.01228251322685241
0.0005822974829128423
1.634401847187882e-19
0.07980477560981271
0.0002397848322333914
0.0014889808891682382
5.930776421459204e-15
0.006989241107948296
0.07591905425328874
0.025853296644863778
9.68529481170001e-13
1.8105921016644364e-10
1.0542011784315196e-11
0.1566764440340549
0.5197897885245718
2.3797790843944358e-20
0.021060834223957197
0.008780556833545616
0.0006539702513523234
1.2148734947584227e-05
0.0015734136145953712
0.004599227384768867
0.0053939997853643395
0.19536555628753727
0.26428424224362246
0.005475291517274694
5.565091929352709e-05
0.01454266638816319
0.006729231838192742
0.8273557828099155
0.3757806353071115
0.0001979391609993573
0.3926008686699453
0.2223727164215198
1.4294588008249433e-19
0.009989939071300713
0.0757193227940246
0.02654312272782139
2.464549453368352e-12
0.28494452584171537
0.007943925638942344
0.02602231626622095
6.501744160717917e-22
0.04901025063764842
0.017368226244196785
0.0684476003210428
0.15273088593293238
7.655016744615631e-13
9.115667642435389e-08
0.015658623267297608
0.0001979391609993573
1.0767570683358564e-11
0.008441853560832876
0.07699831837851812
7.895771164469737e-22
0.02789769951021838
1.134921293004385e-13
0.04312690469367678
4.655349272535174e-16
0.07253993072506137
0.21271929687806634
0.0037831750138480795
1.601482299437223e-12
0.004032417538132103
1.1423296449763822e-20
0.10366617546332432
2.7659195683218507e-14
1.9152968534155327e-20
0.18762957817649786
0.012251676596922384
0.11893184049088444
1.1236761371488961e-24
0.004433243899478275
1.200425697101395e-05
0.07769688183212949
0.42825044840393744
1.9721861761665624e-06
0.0005859583287453063
3.4896375842424165e-05
2.218536769197588e-12
0.03610314630884215
0.1595177196624269
3.21834188377489e-16
0.11766289284857752
0.00117793075967713
0.001391955626900799
6.53365420007685e-17
0.0037072211171478298
1.7070918194157026e-05
8.871643787300703e-05
0.010565561298815763
0.03765266901918918
0.0006539702513523234
0.12842304688815565
0.00015189879082479926
5.156148628974397e-09
4.696512504360482e-06
0.03887372492123644
1.3028143751904867e-12
0.0006539702513523234
0.13077326413908621
0.0008699093827476808
0.0006539702513523234
0.005463597940656362
2.5741394743797236e-11
1.1077326599642305e-07
0.04537662435151349
0.04537279991820258
0.029402914383192834
0.003359766146072335
8.479457041477285e-18
0.00968759882048607
0.009707509901196244
0.021358576668352506
0.011126055623417373
0.000399316026317661
0.0006539702513523234
0.08263763059954984
0.03402817284353088
0.027388032410131213
0.0038256629255595267
4.466593922829972e-16
0.005669833098260551
0.19362859911690705
8.466762275454557e-05
0.011367284352951219
0.8194370087623057
1.6878587833456551e-07
1.8244281581168537e-13
7.41904269929549e-05
0.26886127828503037
0.030617817248441894
0.0006382910192629515
0.11824708123966383
0.2684145161667834
0.019384145718082113
3.837007668708656e-06
0.08309015895511308
0.23284848131591218
0.0010086679256333898
0.13001549414934688
0.03214616565449437
0.003232174352779083
0.15037575419673693
0.07991720350221376
0.13822469270373006
9.981031960257377e-05
0.008540956152737781
3.053231260544516e-13
0.0536810290072367
4.436613631711272e-16
0.041438914136907354
0.0019839913039731523
1.0027747543960077e-18
0.053730224683562845
7.866289292995535e-11
0.006924637305255998
0.7740445247346256
4.121013389053072e-10
0.0058372743894935615
0.00021617906970934655
2.2404869627265166e-06
0.021718546631911875
7.924847377731998e-21
0.013106921548461279
0.003680163394346398
0.00555676866696947
0.09337992907712955
0.0334492455198232
2.3533028469881325e-14
0.23111011075687315
0.01079672581287517
0.003837026304216442
0.03485249489663787
4.95971112971848e-06
7.898480375624475e-07
0.10998675881413887
0.09118805673282905
0.18213037351358907
2.4899425869221242e-15
0.030096295613088728
6.420474774150532e-06
0.00011154885893338049
5.995062659871057e-13
0.004600005853473171
0.12226585692324904
0.03898565793874697
2.890784911606416e-12
0.03746243565532092
0.009493617116848796
0.041719801504622345
0.082076487077948
0.053690642040687
0.001974152476660901
0.8224704186697114
0.0026397567058639047
2.028297789747785e-07
0.032153270792333585
1.2545648916344334e-08
0.04152382427376416
0.03528733339939801
0.8194370087623057
1.0761833678308036e-21
4.56095615651675e-09
0.05645932501417742
3.5003178522077125e-06
6.0131102093344534e-15
1.7697771672595097e-11
0.011703663340986714
0.01918097510796475
0.008417773907338031
2.0670887925663124e-12
0.001681049709421853
0.016818877454169434
0.0021875030524365737
0.015238757979521627
0.013827919720762565
0.03745988306271464
0.00020005248819620223
0.016385373793194418
0.0010081206169595266
8.415495428362428e-15
0.0067313565911575335
3.4853553362931396e-14
0.042700533083366556
1.3636101419080586e-13
0.00028543108746679834
0.12395163197194226
0.00017132233790842258
0.8194370087623057
0.07347931677698595
0.0072116956760518635
9.566282302939191e-15
0.037851052957727796
0.21243847666987317
0.05216145022479652
0.33210484293096193
0.000627565677125161
0.22455551203499335
0.012139668493531253
0.049440640212296216
0.01572839395272127
2.7262225638775627e-07
0.00046126876616687384
0.011928876008358534
2.0282166862997777e-08
0.19141631094078929
0.2578980198646358
0.0035449184854515667
0.09894889675873847
0.07831062320231735
0.06320716330533972
0.11638245470924938
0.04597969278732306
0.015189696426971832
0.33788745524519764
0.0003253642594451718
0.08629824034604822
0.003988914193432911
0.008560483329640814
1.246783876207144e-07
1.1429296037963095e-17
0.06678477510785626
2.4896504413743274e-08
2.39132055417438e-07
0.14470142150247595
0.04410265090113818
2.1621654472679237e-16
0.003040787152070725
0.01379568994366702
0.019444498465856164
0.002873271969576763
0.023211771715571997
3.932685916738175e-16
1.5199664327406844e-15
0.00040812249969864045
0.00035651591242660124
0.009807242430305637
0.00019678511804697985
0.22074805141375584
0.0006296758994284431
0.018643616300743654
0.01206335240782988
1.6743620383055142e-07
0.04893259796546856
0.17262154662467497
0.09621047535395713
0.002600495981468728
0.004812519847428318
2.7731799437309037e-16
0.021692231610390755
7.111226586001174e-30
0.1999373109010938
2.705512031173911e-12
0.007986316908615745
5.493142902946392e-13
0.003447547307085852
0.0028227233263549306
0.23590222030733496
3.6905389253259506e-18
0.12359215055645945
0.5477514236604785
0.0007539125374843191
0.029474044323507774
0.01563708457528179
6.345544299555688e-12
0.010634135886355978
0.22522756989503565
0.5246554604194192
0.24152168633667787
5.801302805447559e-06
0.8224704186697114
0.11663593340204596
1.5034504896265278e-19
0.051705297653409706
4.551396609654416e-08
0.00019214032241741925
0.0688104781782477
0.1778178008944841
1.3327200299276604e-07
0.0006539702513523234
0.004989687961694375
0.0011040197115875325
0.02588046705807799
0.049814730618524795
0.00010049482430664856
0.057166377026215486
0.003824945199109448
0.0004629127272395311
0.00047464059795776156
0.031973733362825385
0.002797699249241531
0.25145234295573005
0.03717921823485263
0.000932482695240648
8.492062167431456e-08
0.0006539702513523234
1.177113421037582e-10
0.024044228888003543
3.9901443171872756e-11
8.124547777835873e-05
1.6903045231218167e-15
0.02900558239068238
0.0344516501021977
0.007646434380885023
0.004988531370796548
0.00011253201996420317
0.0004879200921596955
0.013873165537521133
0.0006539702513523234
0.022718308205476292
4.085225440361248e-12
1.7103042346956983e-13
0.0006539702513523234
0.00013330690848989128
9.202451169706505e-12
0.003727750152762166
0.05022764439100096
0.00044529761631660614
0.0006539702513523234
0.14905257275716202
0.00849053558510439
0.0038664533570496027
0.00820319964200733
0.02602150286105034
0.0013678321617585168
0.004319636993210358
0.045469729488566854
0.08384892563895838
0.37859304541443123
0.09977813462867101
0.0001979391609993573
0.8194370087623057
0.30544258008739716
1.9518862500223064e-07
0.034902757391724576
0.02882771886535626
0.0005547604488642322
1.4128052247455603e-15
0.17549612709597498
0.017789744562179844
0.0032554908746276795
0.8224704186697114
8.866856086969587e-09
0.18023412489589388
0.0006539702513523234
0.12047701425738204
0.15942622718183094
0.06827444907258118
0.3252678307054018
0.02117958247811707
7.33144742256917e-12
0.012482331509543147
0.013234535502625775
0.10242307960995804
1.1422753616127787e-12
3.0226597081667663e-15
0.05241873098300864
3.2026874319791424e-25
0.0427173864264895
0.08863329871392644
3.924112189965388e-13
0.00464160559698884
0.0006539702513523234
0.5246554604194192
0.81789020410039
0.242457704065079
2.0364409111684136e-12
0.0003150462752617306
0.0016671572701150883
3.8383741333769433e-10
8.857843289965441e-16
0.009017449561212022
0.00017478902315854264
0.002810933506632528
0.11505199623267437
0.006215093049135978
0.0516865384933524
0.15927986123445417
0.027709980940981396
6.734052575687922e-16
0.047359236049041666
8.855254257281447e-12
0.1826940855384917
0.2303317567595992
4.765398109319401e-15
0.0006539702513523234
0.008043947428204579
0.060290261461096506
0.0003752431666843789
0.4134500524540954
7.708515507023465e-07
0.0010629732891550836
0.007187152049967227
0.025712605498699217
0.08020367796759313
0.01857069372894799
0.00022579013957193622
2.862558167438488e-05
0.017586110428627545
0.0006539702513523234
7.867780293526582e-15
0.0002816642164139588
0.02472091170149115
0.264475111248741
0.0004150322088411068
0.022792837460710622
0.08216008840194176
0.00814391517054303
0.0006539702513523234
0.35733372021278104
0.043323942710003394
0.12812285312652322
9.688847489478391e-12
0.21829388891034898
0.11824708123966383
0.4656414656743397
0.0033603053257573825
0.017292241142937884
0.0025784660553735024
0.3730276019461936
0.013936938124035892
0.011557151073420863
0.0001979391609993573
0.1364852630968016
6.903268356524808e-05
0.005323619477665616
0.0051366186617959764
0.024006074758626816
0.0006539702513523234
0.09098158733334641
0.16817331382513726
0.027099056332168383
0.035412093766706974
0.03639321284275153
0.00042990435432554985
0.011926688297393184
0.02570902705602496
1.2551819524759127e-14
0.05676784733675583
0.09615818425145407
0.004340796270248317
0.1672574166231972
5.5154100892047845e-11
0.05045833952522312
0.045577023076440105
0.0010279051488771937
2.464549453368352e-12
0.02222042147205583
0.09011875168755024
0.007120139108603096
0.0006539702513523234
0.002778281226495982
0.2396585424873375
0.003565178325042068
0.07639097173168508
1.2000507363961208e-16
3.136926113103888e-16
8.988363371654857e-09
0.0017547889872635057
0.00256975479613491
0.0038101735335784757
0.016386538740449492
0.0025095452128898136
0.08479915685880883
2.4139087651026895e-20
0.005148846084354082
0.0002721599089032553
0.0006539702513523234
0.023631116956413952
0.005686795884131016
3.3594486311148355e-14
5.768605566581783e-15
0.008123988275082428
0.8194370087623057
8.561513557602002e-09
1.3071449013943495e-12
3.82034603777752e-08
0.0005465266778642091
0.0073208746289292765
0.0053826438767628475
0.03455133155624013
0.008126534821860931
0.0674742554397957
3.4276908040308266e-10
0.011375140799092002
8.160770073931474e-14
0.0001979391609993573
0.004950464102431155
0.38547131167024773
0.0010613241952849056
4.90229852053452e-08
4.5058876118533177e-13
0.015930280517341917
0.0416578662777798
0.006812983311667556
0.07608784948877007
0.21588260177993848
0.050469548053366786
4.1765259888438553e-16
0.044215137547586075
0.04125952804755634
0.49673912815223437
0.007944109258774066
0.003120976558094602
4.7249876870095413e-07
0.19065899528171512
2.0854209671362359e-16
0.015851983677218875
1.6641854675676354e-09
0.004421690086685159
0.12499240153066982
0.14144652376395694
0.07296351015742564
0.0036014667207834063
0.023240674930982332
1.608494398345663e-07
0.006676537685014525
0.01391313689421682
0.6020970462956909
0.17105698609676165
0.14625442172618724
8.11766946644647e-18
2.4261776475351546e-05
0.06565645552633727
0.004252877183710702
0.03509203374880543
2.3533028469881325e-14
0.008592745910244
9.642899258725685e-05
3.6408882556013884e-09
0.03209813958760364
0.1906226585821857
0.0006539702513523234
0.004562499041153256
0.020040834472066837
0.0023001299173125633
0.0026130590539946157
0.4094811041654767
0.014585766477370199
5.759819266147262e-11
3.235675214581443e-15
0.008368101285771536
0.0006539702513523234
5.362457244757175e-16
6.909458516082329e-16
0.02230935677744715
2.23157411691242e-19
0.04627135406865201
3.081715829338075e-05
7.331681492320229e-17
0.2371289332113534
0.00018560984347730164
8.411508325111458e-14
0.032654380863498256
0.06697203532817575
0.00782384342893172
0.038641455834391304
0.17915059914013837
0.06149177728891553
0.23307823539742845
0.09945938476157087
0.8194370087623057
0.019783824341661038
0.050491699798938285
8.570410835492865e-24
0.16153695179375743
0.09433740349403492
0.00023904492973437995
4.291826039730406e-18
0.011217586148713588
0.09728603097636915
0.006349228064824985
0.019342897239871874
2.125346855645525e-23
2.435311433048947e-06
0.0046543297764438185
0.02710350013224172
0.033393183583541014
1.277746940923726e-13
0.03749994192676787
0.07388407479579381
0.018538191463407686
0.020376817350357748
0.039244294896935476
0.11816686429226039
0.02672064163276467
1.9131003071836843e-08
0.022356335933393003
7.057246413078466e-05
0.01104081136361068
0.023349181423370426
0.13160273367803804
0.10517420643625848
0.018963193200721352
0.016979560142346563
0.0826486839840754
0.1900638175798338
3.257678538202914e-05
0.11410457711194551
0.012909338818782756
1.1776595329918372e-16
0.06628970712421144
0.2810680468802583
0.0013136310236162713
2.7546213471430164e-09
0.03324627607427154
0.013574149323682949
1.1338014425145646e-10
3.4916680980590057e-10
0.09591542882852155
0.012116206700533415
0.0070812657682186595
0.27345372468434803
0.004064099379217267
0.00014976846572996143
0.00520657923941954
0.1721555660450612
0.34188014182895576
0.08324433180312459
0.19013058744035544
0.03509377348482933
0.5303995552071612
1.3655342907058419e-13
1.9586161785209813e-14
1.136580742927445e-11
0.22074805141375584
0.06855493489064654
0.04654269494952646
0.0859945698551066
0.11929684436278279
7.751003551197563e-20
0.041858163082252514
0.0091326446522998
0.0023090805374965774
0.03363519255663055
0.0001979391609993573
0.040842223399659594
0.019357267805618417
0.03421440860372838
9.804968554380778e-06
0.3074019997299547
7.655016744615631e-13
2.0559165306976126e-14
0.3690699310778801
0.026686205870230396
0.00046730226738216573
0.00891908273986397
0.10469322956892202
0.012921000295601151
0.11972041699412284
0.00045939897856287057
0.04370292411261566
0.02230125096590041
0.008275405149577952
2.5392948531054154e-05
3.237015647116364e-25
0.045751846288370146
0.41534800619198464
0.026574250389707312
3.8824082971023746e-16
0.026946594841136495
0.020158278302305602
0.04919739451939047
0.1905849874028194
1.024439076272161e-14
1.2513134175620356e-05
1.334476958353785e-11
3.3630276199486924e-18
0.0024211337911636214
0.07003322521421841
0.005225238043832559
0.006574070008131844
4.199997529713254e-09
0.0001979391609993573
0.01770103078461638
7.99256291979539e-22
0.0001979391609993573
0.02874647128121354
0.024891280595056173
0.016367070159997884
9.675664133212415e-06
0.218041633514915
0.030930694777295056
1.5313463927411657e-12
0.00376279673284462
0.042972787846026345
0.003183233735637858
0.1786684620072362
0.0006539702513523234
0.48782219114389097
0.009377033880424712
1.186075077639859e-12
6.530946156795851e-10
0.004172157103624722
8.133528411997846e-11
0.018431094035702866
0.04420211395452098
0.0027190255905087946
1.0736132986901254e-12
0.005320012616187031
6.830370964528115e-05
1.626773439917255e-06
0.04444834901156325
0.0012128970886291174
0.0565379879320916
0.255721215498283
0.10447216164881645
0.00784997140017934
0.07500455194031197
0.005597351276205831
0.06270420286025015
0.0004695645687378437
6.560897223180589e-10
0.03055571258033485
0.03324959400295742
2.628908275363348e-16
0.5009901448683003
0.017361254849968095
1.086608869053304e-13
8.112602926664596e-13
0.1549986420303949
0.0007269007983122522
0.0006782211646913435
0.09381389096014914
0.010696773249669323
0.001782237556014787
0.0979548270872663
3.790582808214941e-06
0.21747061231525378
0.015249671574467995
0.04016269521027403
0.004559361765229696
1.123387948265283e-16
0.11044969191351445
0.0028511085345088866
5.430413868709299e-05
2.0624797584600546e-13
0.0015561200640744311
0.1086378052685011
0.01507704374438228
0.08589542443107628
0.13945909121837757
1.3623377376519932e-11
0.00012382185731022076
1.9763529744564627e-21
0.000590945134463193
0.0001979391609993573
4.746325531604052e-10
3.2300459871177462e-18
8.504099165314945e-20
2.4317879172179195e-05
0.32145444178651417
6.427671005165911e-14
7.313703123788503e-14
0.10727935150320751
0.02861868357498089
3.259084855311444e-17
2.7472835470072533e-19
0.019208270048357345
0.0067359273732161325
0.06782470458045707
0.146686709786455
0.05136596451394825
0.026744996223560556
4.339114426381183e-11
0.09569823070438038
0.009512280544382166
0.04678449710210186
4.781843926455361e-05
0.02568813727868321
0.0021283459527820883
1.4726816749225875e-15
0.03052075240933087
4.9009814359243073e-23
0.14693248114246016
0.013375049903500257
4.2196719880782185e-09
0.0006819233021634116
0.009187050936964796
0.007225816356592225
0.03240431780833921
5.962550570087216e-07
0.4511133247857967
1.6496373289021225e-23
0.0014724469944271401
0.008426727580949624
0.004553217597512694
0.1636966483259876
0.00015946137716607204
0.004613452015828029
0.03899313983483001
4.203743554466201e-14
0.07776928845823676
0.002538375886191213
0.4795892985815528
0.0866321409285944
2.2913710833774913e-12
1.562925723358103e-14
1.3368254983316692e-13
0.012427327523315098
0.8194370087623057
0.00032015330500791665
1.7563857506435594e-21
0.004637835187618304
0.0006539702513523234
0.28975700610718363
0.0013282119526581149
0.00016394335856003106
0.02853409159105037
0.02570302624692715
0.018956766630474853
0.001907996717388552
0.01932286941384853
0.01225634709705492
2.8223235082599825e-13
0.12056155626470301
0.04192128847248223
0.030888132539904856
0.001731225165845104
8.201582396798029e-13
0.035697060150908684
0.1435477153987772
0.03999197337962062
9.02758886020996e-05
0.02129736843132113
0.005219402190394032
0.02068057704077916
0.49952789177740564
0.009163216196093093
0.018034138836965887
0.0015980212758482382
2.2917095525425357e-09
0.0012108542920916815
0.08292859647286516
5.190478743322929e-14
0.005857017204514814
3.687353591578623e-12
0.0002636984783191893
0.0062639099414779935
4.2919314969852104e-30
7.254209864406779e-05
0.006564305717080336
0.00460756430533097
0.10272782627436605
0.0008321133923015409
0.18506618648079484
0.17251512954209797
0.018460820227184087
0.02084036004402612
1.3122387547200992e-06
0.0007431595517540693
0.009045422238507662
0.0006539702513523234
0.019511035264837797
9.099824415301763e-05
0.0918112626945272
0.11089747908131854
0.005094048017968906
4.275457973930149e-26
0.005947888934682385
9.174599743105836e-12
0.8194370087623057
0.24146933033558368
3.9945473778530206e-18
2.2508036772048323e-06
0.0012455496185934942
0.004080021741797441
0.010190918648552648
0.014633422314830419
9.216506301676868e-09
0.3612380081071265
0.029726562239164728
0.32145444178651417
0.005154058417433016
0.0006539702513523234
0.19586990356309075
0.8194370087623057
0.00025372471250651205
0.012845770635633537
0.3155406780548512
0.0001979391609993573
0.01451128014194425
0.0038044711105038433
0.1427743538662043
0.004270729090801478
0.0009219339648442966
0.0865537662802831
7.342098457000029e-20
1.4734042920516342e-17
0.0070162516248800455
4.7088090607429866e-08
0.0009888142671279953
0.02909190862617065
0.0064480496611344345
0.0015248593213184614
3.0015005558331406e-11
0.05158912965969176
0.044302901133226075
0.002827737456064064
0.1871245726384068
0.0006539702513523234
0.007179588829022431
5.089860951661955e-12
0.011540342966201931
4.8699188577716935e-05
0.0028993582718662442
0.0006539702513523234
0.00579350805365253
0.03801500814090869
1.9103760447054542e-05
0.011220813867332424
0.03640905837769945
0.007811062010550207
0.024180701685374742
0.06073210248944314
5.23291425400532e-08
0.024479991078655918
0.1123731142244013
0.0018051330282228227
0.12162776746259892
0.030307078702337988
0.0006539702513523234
0.0052249334479763905
0.00018083930482507005
0.0006539702513523234
0.12307776352636764
0.0013091766316783138
0.00014467568776823663
2.446977699827537e-12
2.0919899048555866e-05
0.00016499483336944635
0.0024609929034075323
0.013780879093660499
5.124874632655932e-25
1.226341231908447e-15
0.00035524861029583265
0.059207976170611055
0.0009554669728692282
5.491814813515713e-07
0.03537657392678528
1.287948824971322e-21
0.20153475317769212
0.020776228456439744
0.5509009780387292
0.1566764440340549
0.021428701489569504
1.374175982231105e-13
0.09846712185955493
0.01671763194010545
0.0005710744905576166
2.711685076134905e-16
7.589795585976456e-14
8.260394543891433e-05
0.7783736312263159
0.014300517611554955
0.33474119532543517
1.9115113312123804e-10
0.023506079926429294
1.3220485842256928e-09
0.0001979391609993573
0.00011555445235979524
6.975556950200042e-07
0.11723818970040106
0.006983800090072101
0.01848459798079596
2.877729697356588e-07
0.3212554710586614
0.0701347494377945
0.00187543685613764
0.01922340720430838
0.0006335237135072877
0.33335924451174626
4.2174903203767105e-11
0.010707944485095216
0.03978509011397044
6.427855103135672e-17
0.00021313819787597416
0.0011413752664569338
0.03542600634948867
1.3139224122173444e-11
0.09053352548498511
0.19297693358824627
0.04967301886279463
0.01744951946079265
0.015701818397093954
0.031893485152403374
4.8693576642481e-20
0.0041071430927842045
0.2304051746831501
0.8194370087623057
0.008232945485727823
0.009481569759616735
0.0010189683935599358
0.045545232150622936
0.0023507892691403643
0.014597861162085717
0.41452610223228914
0.057948212005569835
1.3833448817508986e-16
0.2383037425689627
0.04378786458117018
0.043550613495155155
0.027441962267679063
0.1006818822985418
0.0004875589389323665
0.007384796989746456
0.08758962895664563
0.011875689774270008
0.036838425914526476
0.00242860931921135
0.26331664606695604
0.02215197128651096
4.4099893626083524e-05
0.0004084486287354647
0.01087824532864978
1.825215865222067e-15
0.03062355368387198
0.040650131265900454
3.899319680252866e-05
0.06753887597329147
0.0017372354623878966
0.00017969087747347394
0.029582559645099073
0.09616887851800493
0.1352133224946389
0.0894051440616241
5.977817418796072e-15
0.0012732947276829203
0.0057620626860838044
0.0282959533654516
0.0013901714856585099
8.767687256414229e-16
1.1968632830465264e-17
0.0039209142487490745
0.5246554604194192
0.0062845396655871995
0.029213680969681466
0.002094750766193143
4.971886843256988e-13
0.0002341681431636334
0.0726712665199816
4.701984448072218e-16
0.0025552834165680593
0.00034342429907766915
0.00470727719888398
6.074850115763552e-07
0.019039490396134656
0.10047193647583412
1.4634601510895836e-15
0.02145656411234057
0.04856761384241875
0.029589936914495428
5.479360572133486e-16
0.038313320852418155
0.04080842427732962
0.06392847027772917
0.81789020410039
1.5537649083035627e-12
5.691809586854395e-11
5.7336287530565175e-05
0.09666283731658372
4.997204718531434e-12
0.0006539702513523234
4.570608938843364e-06
3.732252349831411e-15
0.0014085717810724957
4.803127309636247e-18
0.0672279376207734
0.05546591465171798
0.0002862231165695353
6.511885619130463e-18
0.12851562768351468
9.717514919664464e-20
0.00023836670198785795
7.7730420281571e-13
0.0006539702513523234
5.693165196709878e-17
0.01446710911569593
0.0008139703259776188
0.007623156775615425
3.7706236137755267e-22
0.003890946423415439
0.0012868988853993318
0.04671928660083897
0.0065207577802930215
0.0045243441692336475
3.93671403409476e-06
0.0897371422720296
4.55543811328928e-18
0.008133137996108283
1.0341225792260546e-24
0.00023179137283272513
0.012224574355245073
0.07928616169755263
0.07302542804395329
8.931126229760067e-21
0.014106729571714056
3.132785698283959e-07
0.07462239937740141
0.18937233203954398
0.005019981675732791
0.03851219112889117
0.02642610583397987
0.2334929087489252
0.000122687054758772
0.035952403171261145
8.153759676578025e-06
0.006110855473616373
0.016920867118663196
6.46895955621187e-05
0.0010272189675795626
0.01403975897515744
1.0251613322118139e-17
0.0004483115730980065
0.09483315533460378
0.04940642343828208
0.26670196114624234
0.23370277599974837
0.0006539702513523234
0.35041888228787915
2.5942553135394272e-05
0.7475659533486407
7.655016744615631e-13
1.3863139441659907e-14
0.11136527974227496
2.2421778668339376e-15
0.009483709770519766
0.20728018053091737
4.705176558157374e-21
1.14354209439749e-16
7.5138621194535214e-06
5.8959248603623384e-08
0.0002477884459998036
0.004808891582918966
0.003693337571273903
0.0918112626945272
0.0787395227810493
0.09389318627713096
0.12451670971821328
0.2107766953762802
0.0040500141917460646
0.03386838991687067
0.015587595422790208
4.820319859234903e-14
0.8194370087623057
2.049262290032039e-07
0.007127221862666542
0.0002786325556011854
0.1109441604333401
0.13540682794248582
0.09821949913287042
9.463121559537127e-07
0.22137581342577434
0.010724776860669305
1.999235721514194e-05
0.03709628152680759
0.5842043331515493
0.022834053652913994
0.0024971586702330567
0.003283335559630113
2.3402870459052184e-15
1.6730228812160744e-21
0.01424784927629526
2.6286474001421554e-15
0.01728656139834317
0.013440761811433926
3.7962585836290645e-06
0.0010680099852344157
0.04154331792182002
0.005930573924045668
0.15554326969901525
0.0007478645642879241
0.017626173552051646
0.01930904673818114
0.011633502101523398
1.1283265857401629e-11
0.0029871837054190964
0.007096651764846019
0.0032545385560454236
0.04800853120293879
0.16106246270639726
0.007314782784799689
0.24548619682190412
3.0839628447301236e-08
0.03796480843322044
0.04168708912294506
2.2239509947721566e-06
0.2718368571044707
0.010016174543083295
2.0282014262803264e-09
0.05845210630132858
0.07269782129283797
0.05324017895006618
1.4379442853396912e-05
1.758403093358536e-18
0.08231745236080494
0.19192581177816398
0.0025555014160065833
0.02711640308628068
0.10192975364758418
8.074647654026925e-10
0.011357160674196898
0.81789020410039
0.01281126830788116
0.8194370087623057
0.06874134520139785
0.023640978981339718
0.03514070823184484
0.03568521259831907
0.45182469018731736
0.257340492818634
0.0005476666161690451
0.07058815999237433
0.01590165027144725
9.633455109531062e-12
0.005330666914775628
6.298845450038873e-21
0.041668101239314914
0.0159826209926865
0.00015793122548054964
0.009532354626932638
0.003071923654332896
0.004460083394453335
3.33236085313751e-11
0.008865278660929888
3.337635897449595e-15
0.02519600572395464
0.12557543856297776
0.8194370087623057
0.0021517472273142116
0.00021575678054182844
9.27218668486314e-27
0.22086168862195568
0.06331805010685443
0.00698806236744871
0.00021562777698131078
0.0010044466850351744
0.24317866994392281
0.004045549074609252
0.059486072111413546
0.0064970164812146475
0.13937747661910294
9.191504575626016e-23
0.01670073008542161
4.249471082168522e-05
0.0006539702513523234
1.0936767939503588e-19
1.2241917554681987e-08
0.00034912514619541226
0.04141685237024525
0.0001979391609993573
0.0005964262637310567
0.005792726749287496
0.06009090181901579
0.10744582594185603
0.10517665765982395
1.0765611443161475e-16
0.07275159499772435
0.010960594558845349
0.0397622952419929
2.837749282748241e-10
0.010302382501215623
0.04359731361759524
0.28981731273607714
0.017324541444254535
0.1035136817177025
0.20892276035058369
8.411824983024498e-07
0.015385719818004354
0.0007645515195411533
0.00725618371230222
0.0014449440905033475
7.979392412487101e-20
2.6047449720022584e-07
0.03321063221170693
0.020766987436598966
0.05237913833659594
0.0037781241487337886
0.032015914673213075
1.5110519644724503e-22
0.08785932268387074
1.1978366843391812e-11
1.2913411763334318e-08
0.25126933450233596
0.0034766812265751706
0.00010707624282899182
0.11491904939436644
0.007373639960080168
0.12096367990754946
0.13370539579138382
0.5509009780387292
0.0001164422918830646
0.005134960925230914
0.0001979391609993573
0.0015223699015802705
0.020210748899353058
3.365523860935507e-07
0.1666021810313439
0.8273557828099155
0.004407837891143356
0.008328428604236927
0.07147725673455535
0.8194370087623057
7.901690486427959e-05
0.05897357829260898
6.45494767337189e-06
0.0006539702513523234
0.00457186903411382
2.8466986865045757e-14
3.6239152024532895e-12
0.16534974497919327
0.011443976830056417
0.11701470816690573
0.1856744811146614
0.0031933867046299
0.14282110073123772
1.7583294078859207e-06
0.1559833662712231
0.03193592708779568
1.438201266144061e-10
0.004224020469617051
0.003758015028881845
0.0008472108153212421
5.41643815550015e-07
7.100235046284854e-06
0.0001979391609993573
0.001104191416733406
0.005691311110988393
0.025170114491938827
0.012835528117617739
0.019334282634744904
0.003190101464326468
0.0480699903262047
0.04582296100997416
0.008154888936569939
0.10375358816251182
1.4115846101301593e-11
0.046738044156725334
0.0034693219787985397
0.07145105212458167
0.1026527108495181
0.012626448625872637
1.5681720073591427e-07
2.8641486026459804e-14
5.3177752562670574e-18
1.0261657097528423e-05
0.06992429769250502
0.8194370087623057
0.4518334326955931
0.029685032204767647
0.14581757360040162
0.30241186404588943
0.06333132887751224
3.567511647973937e-07
3.6039252840089493e-12
3.7131455769919606e-13
0.0019208460395688986
3.383723487263365e-05
1.778031099810495e-05
0.2107766953762802
0.001985292507192453
0.04998725061210172
0.15361029804913073
0.03723979950384981
0.025472410703454008
0.21991695309747478
0.013459437786211836
0.005492241401633888
0.0006539702513523234
0.00013074224144519006
8.196547813492513e-06
8.953155256600002e-05
0.13204122249809414
0.11000692782632344
7.197221085659176e-18
0.0294529560714829
1.8216579036994622e-07
2.3427331652500297e-19
0.06839305728552977
1.661387243628875e-22
0.0009048445017019108
0.061319039028941064
0.25974190657893464
0.03869463444849419
0.06552060054896554
2.173233536129422e-05
0.014291885704479168
0.0001979391609993573
3.454283409098641e-17
0.0006539702513523234
2.84837257716919e-18
2.5984317844890082e-20
0.009641194807528805
0.002327219167352525
0.0025531825094428457
1.0405745443403306e-09
2.108520944510309e-07
2.464549453368352e-12
0.00025535801464320745
7.907860432231186e-06
7.331041645522856e-10
0.045632237042126704
0.33502349158986444
0.32145444178651417
0.01651837663104611
1.136067107070179e-28
8.258099937123097e-14
0.034860856928964346
0.8273557828099155
0.0006539702513523234
0.0622776446344748
2.871646045501079e-15
0.043568931794577846
0.0001979391609993573
0.04674225660234146
0.008512700625098256
0.0642358686777464
3.562079979030097e-09
0.004886345332942066
0.0005101220363083227
0.014442806155319787
0.05247280306923645
0.008885887077226361
0.00011353313153150909
0.011190975089048929
0.022580801000841366
0.01650812776498589
0.01014656746728152
0.3559375192576919
0.14435714833693145
2.0773067881740967e-16
0.00013495730874687253
0.16221886053777876
3.230092253384285e-20
0.031124640832508522
0.001992376649650132
0.0004099718690188891
3.436357816108004e-07
0.15035454605174506
1.0020024222744596e-12
0.1636594981924471
0.32696165588737297
0.008829393071040489
0.0006539702513523234
2.088534294932221e-15
0.0013885459486489991
5.247698863569924e-13
0.007064052491909801
0.01793479186711202
0.11228789853214056
1.7701226201495432e-15
0.05782968961171328
0.08194315498488479
0.0007823463248635822
0.00040182423041020606
0.04485831548689364
0.003116533264285002
0.11972041699412284
0.015652156155156936
0.007255548828348856
0.002790809893885267
1.2437700686054207e-08
5.9519669931897504e-05
0.04892960911631287
0.042243733161254404
2.83970601368345e-13
0.1541787407521323
0.05991264100105586
0.18271377178548315
0.19014965849533452
0.2103391612807785
0.03201488327925239
4.62786028209683e-12
0.23237353366422
0.09401415376274881
0.014037054773947233
0.0051609230703120665
0.0018491594929973384
0.015989906545329106
6.68235056354823e-14
1.0073766021916367e-15
1.6473733131590277e-14
0.0014379332478245519
0.08459396148687684
0.018973962294665896
0.009575172679975891
0.003382719625242994
6.858286182323569e-05
2.3322962535895933e-06
0.0001979391609993573
0.08007843442566365
2.014389920469683e-10
3.478351563077152e-15
2.1857222419550406e-20
0.005231452086297778
1.1339412619994159e-11
0.12690459274816648
3.3001907783756e-20
0.0006539702513523234
0.020329208978277447
0.06159370953025145
0.15189187166043933
4.509678371495604e-07
0.12482295791271322
0.08773962561130343
0.01654265235258553
0.7475659533486407
0.0003043953002981273
7.007618865945616e-11
0.04350213829728565
1.2446385753776397e-06
0.014343595525199657
0.08250697509714836
0.028810512393535603
0.024692319749075344
0.004220912127930873
1.1996953168640225e-05
0.0185980481736668
0.0005652532141682001
8.693333924275301e-13
0.0001979391609993573
0.0011664184850562391
0.04289064268188278
1.4371504653790153e-15
0.03808413414712948
0.0058774589063695665
0.00012287088867522514
1.8443660822108303e-16
0.04116610831367126
0.06393871964219928
0.4018136983510368
4.546672327563805e-19
7.788331074697518e-13
0.0008691696878476707
1.8451348063203302e-14
0.009972635503193186
0.01772670285552584
0.00030794882388636245
0.0006539702513523234
0.004865055432438035
0.022310085524656763
0.07426163534207768
0.0002391011084279186
0.2712317144533558
2.4738141924330026e-08
0.02645874687298273
0.007560022924180121
0.08717570190136105
3.7386866417808464e-13
0.15199049145160987
0.028576486257198667
0.16250377894014534
0.0006539702513523234
0.03517874150835361
0.026049237155141028
4.83586256031317e-14
0.008449411477079198
0.0001979391609993573
5.809289825256263e-06
1.1178535019767548e-15
0.003282904713257879
3.145519541951961e-09
0.5509009780387292
0.12516805807366727
0.010740471339413152
2.008541107784697e-12
0.001379924450845893
0.015328995056819172
0.06045815015122358
0.07663526028912467
0.004602269260232876
0.06682655672902757
8.199512692105926e-07
3.3222510274589045e-13
0.005242668655461603
0.0019475991208639674
0.2630438451071264
7.322978190621413e-22
0.09145147094381147
0.09156942103259354
0.0121221437457416
0.0006539702513523234
1.3572393457013175e-12
0.07080158990247809
0.035868752074055016
0.0006539702513523234
0.07273718371190119
0.05945645994436359
0.1161967417084983
0.0032137381695466387
0.009328992732378315
4.41761333721473e-13
0.8194370087623057
0.009748012442354676
0.0022618911676366236
0.1442300568955492
0.2135615713548122
0.028064589480838658
0.39768056086608256
0.6624418042019343
0.06835560916729407
0.6680112708499656
0.0006539702513523234
0.06716276572382691
2.831737124519858e-13
9.34018307129012e-06
6.78008854053416e-11
0.0062685923683039775
0.012746359359272753
0.0004681994100031381
0.008111823599715583
0.0006539702513523234
0.09492710432524135
1.7685409177738588e-05
0.0006539702513523234
0.004539114100363256
5.9308504476472324e-08
8.011876642174169e-08
0.012701204709792524
0.04033991059115616
0.0004248243586774034
0.02048616283002783
6.50528699994057e-05
0.0001979391609993573
0.10622631927538466
0.0446576033677942
0.0853853662654548
3.9314310296276324e-09
0.24905759208163034
0.002539442288651328
0.0010577596815537734
3.0606592523083337e-06
0.003442895053570094
0.0006539702513523234
0.006859062113275499
0.28630485362740205
0.18376881801496836
0.07160352259054023
0.00843209461709475
0.022971479711562548
0.00021750260851687576
0.005093096062006206
1.1152877220645306e-05
0.01846372893625405
0.16805263875358198
0.13292035840122068
0.0013144123152947823
1.1695206470792345e-09
0.01940268916429441
0.00037781883630017
0.0006539702513523234
0.027148052284404867
0.0006539702513523234
0.0006539702513523234
0.09510890121911168
0.13729097396009138
6.700694734149871e-18
0.16932316858819194
2.3402870459052184e-15
0.1048905521541838
1.6438338963386866e-20
0.012903951858277482
1.6384168564417976e-15
0.0643801816575547
0.0011176689827349965
0.0001979391609993573
0.0001979391609993573
0.04827407840166639
0.2028983050601101
0.05523058342217091
5.7831055510153915e-06
0.059464989076479055
0.15171131073355537
0.009935854768188685
0.3784595158796975
0.30402396080559396
0.043738276472127365
4.106276758953431e-18
0.07278964942103446
0.04378673905904339
0.03708099133029937
0.06830989220379798
0.013574149323682949
0.8194370087623057
0.030177016948584878
0.19960106253214602
0.0006539702513523234
0.0037936254226517154
0.0001979391609993573
2.350689804638458e-19
0.10688540249293936
0.15102915856612706
4.7249947279637606e-06
0.006142821930490539
0.012721537104187785
0.0005522736135936956
0.014115690120590817
0.0036519100834653912
0.17132825031769738
4.1665951703365045e-19
0.02119777464397939
0.016982186557336965
0.005977052346668271
0.013637919594326933
1.9143900284506547e-14
0.046646293235170465
0.014936725595017282
0.11539991012641311
0.055884551518475614
0.22171599398283984
1.4717585522442488e-16
0.021612656685632455
0.004582032337860785
0.0038098571339890554
5.562266145566798e-05
0.40483991940653485
6.415155990507304e-10
3.473141356911305e-14
0.002088780823429545
0.0011916073878159702
0.00010268085367966614
0.017609959052152267
0.07703134240297604
0.0027792908589750038
0.04666198356999366
8.495562786820856e-05
0.0007450244365732183
1.2695265533882077e-18
0.3617763547252116
6.895963166164585e-17
0.0010604855427537706
0.0828750046689097
0.8194370087623057
0.07378680161142259
0.8194370087623057
0.013906289841269546
0.0918112626945272
0.025598490709392328
0.03180921036015056
0.09038969253144094
7.013748963778177e-14
0.03604698883146903
2.2548686480741242e-05
4.239586176310848e-15
0.11840487742954586
0.013880834452098756
3.582034685809907e-10
0.03253471220884307
6.209997643695434e-11
0.001909914024725161
0.13203502002979073
0.04867587346508654
0.00020471050419769085
0.05568738693974263
0.0009982411352857544
0.05341850213211864
0.025830492023038033
0.6102850245448291
4.3632833850839493e-13
0.8194370087623057
0.0009053935489463848
8.561513557602002e-09
0.007374239562444179
0.013574149323682949
0.03125072354937167
0.4258066016545699
0.01727614701552782
0.0006539702513523234
0.8194370087623057
4.2825838068111736e-19
0.06422397923627089
0.015054421072391543
0.00015645902000804206
0.025059207498851415
9.612066332317385e-07
0.09408391098610519
0.12135762213885304
0.09926639009870013
1.3903096469897861e-05
0.03166931111867013
0.004744258696313598
0.005258707455186783
1.0254783742643267e-08
9.010604039364506e-15
0.8224704186697114
0.0005872520732083793
0.041797334666043406
0.026499054570752537
0.0045112560604390105
7.745696985848881e-14
0.06272073433756473
0.000889179913029339
0.037518921321668675
0.007544185136432592
0.08852976769294106
0.03132439859357061
0.004737805311998633
5.652196984395432e-10
0.005805174389850121
0.03934121936681417
8.430503825434939e-11
0.0015692435215946057
0.15722289169261908
0.006103579252814648
4.486731546057339e-14
0.024026583510738702
0.0021158269941213077
0.06914288555485072
0.0005909251866307812
0.04740805745041911
0.031230963583214363
0.011974769860922753
0.44762248870905996
0.00017465494181369092
1.0650394019551025e-13
0.0042130451696611605
8.298311834456537e-09
0.00015804181585124568
0.000263548666172362
0.1671656164272598
0.007266048172550037
0.03851219112889117
0.02267625657260185
4.980651144930575e-20
0.0006539702513523234
0.11670555154821909
0.08912251733482178
0.8273557828099155
0.0059699811016777765
0.004497680229716052
0.00037970432402605926
0.2020566801203846
0.07463493859841097
8.67145149063974e-18
0.019403441597904553
0.0006539702513523234
0.08565166340082005
0.008865430851355875
0.0001979391609993573
0.007832512710306223
0.035845330531627015
0.5246554604194192
0.02897040311263921
0.0019593987774375915
0.0001407088285634156
0.0005250398423714505
9.797521617734547e-18
0.0006539702513523234
0.030936122295639752
0.002650985009900369
0.08082647473618013
0.007129007342093662
0.012367198494284682
7.664971203851798e-11
3.752960010755297e-05
0.05543011938573565
0.8579322797928227
0.054996179132079916
0.00016303355154958263
0.0356791923832658
0.010554272036326029
0.0002895556900553615
0.04537662435151349
8.860582732820275e-09
0.01929895536076376
0.0008377242345386566
2.836816487510222e-12
0.004173819974235587
0.009312239528638853
0.00041085964664898487
0.012509350165819999
0.150988647958554
4.107405524832121e-09
3.8920915626018126e-16
0.01168162556338571
2.4153793846212243e-14
0.0002462766793716708
0.007722596336199035
0.00015552448078121682
0.0218783538980325
0.8194370087623057
0.0006056288554644601
0.010332705057092741
0.3272604901310012
0.20200689582677078
0.0006539702513523234
0.039029616588676264
0.00098042543880372
0.000299583451371781
3.929404514467039e-05
0.023447995215194695
0.11502037067946273
0.0012217007742141158
0.03380983898329859
0.0040160810079914455
0.0018687092801974309
0.22449500080623963
0.015231317819242366
0.5798049009565066
7.126951432287634e-25
0.005255807323752836
0.4201585304866138
0.2827607149352068
0.0013332166773498133
0.007311195078115765
7.910969755381875e-05
0.11972041699412284
1.5350119406836242e-15
0.4268962672956931
0.17846236796408183
1.8562563416128798e-10
8.37968703375693e-08
0.010662926027527497
6.063035640675343e-24
0.06466521630240732
0.008061893371259605
0.0006539702513523234
0.015343012140629683
0.21342586910216169
2.089448669768696e-05
4.121819952618413e-12
0.0065883267905127935
0.12294382709111912
0.1380056944249004
5.652256410041038e-22
1.626415493739106e-11
0.018039730715517278
0.009949316435690747
0.0037184888683506013
2.5312556438405e-05
8.034386217947407e-16
0.00040692976540859587
0.009833624490716841
0.11748301908928556
0.5510837314335967
0.1002976585566968
0.0715714699346306
0.0006080247175711666
0.01532403541620643
0.14745960585279527
0.050728648316078304
3.504258894740966e-10
0.19187020722995674
1.6036769109855075e-11
0.07739237526652154
2.657077254438288e-06
0.12391405179032593
0.0006539702513523234
5.845297064882047e-09
1.9949102567866867e-05
2.2154161260096454e-06
0.008257958615180971
2.8398958320967454e-05
0.0007793514893653791
0.0022712228869467173
0.030825112016200903
0.08674002500228303
0.3857354319809
0.14910493043540093
0.00010759011991072179
1.7092517895248035e-14
0.03146876895105509
2.1570258129623806e-16
0.011699271613212965
0.14601906119557254
0.04049306234290415
0.00016100655340925418
1.3480575483472323e-11
0.0012009759762346417
0.02539801857846023
1.1139254769281582e-17
0.10290739182362893
0.0170428222457256
0.0011467783810397564
2.730212325335766e-05
0.3812631878661292
0.040426156008153816
0.008903498768413896
0.00034416285268811414
0.0030275832245715583
0.024804009296163842
0.04872004733634149
0.15724543456315362
0.00659926408745104
0.006763523951886619
0.03909286108540666
0.0008632926232676301
4.095613291085901e-29
0.031182503483178525
5.754233474325745e-10
4.212209693470084e-13
0.5009901448683003
0.002446864851355368
2.158405569238238e-05
1.984002892506666e-13
0.07782407589825559
0.19153460876137576
0.05099176869751155
0.0001979391609993573
0.0009693671347199973
0.0002638642700196653
0.05667364230628768
0.02227867911125892
0.716901742387039
2.538170117531997e-22
0.0645840053037791
0.05974348793847141
2.166893274874926e-11
0.019436303547514768
0.055157086003488925
2.4946883301293664e-13
0.0006539702513523234
0.074653120899909
8.511004488974407e-20
5.994398704194889e-07
0.0036265926560331008
0.1898737818190922
0.0031593318960747726
0.00405679953115217
0.002601063369774114
7.538999149073156e-19
0.014740789130601983
6.890489393552593e-12
0.03458212047812461
1.9401456550451996e-19
0.3978986457640252
0.010384949275410556
0.014522397189209113
1.2021866114399087e-05
0.0006539702513523234
1.0564209094707664e-13
0.0014459427433740084
0.0001979391609993573
0.0023344250584877916
0.023898204198570246
0.10616842094090646
0.1569049163633367
0.13055228796983145
0.0002569663365779142
0.04740514092783678
4.763086534892158e-16
0.03171628931029124
1.0901839630639568e-12
0.010366728798186418
0.03382816166808922
2.200276563270245e-07
2.2964366572980986e-08
0.23261861130851372
0.07669995857391088
0.07261205875320163
0.0750791031619824
0.0006539702513523234
3.188225657672618e-08
0.26947716552895923
0.0028813203303228174
0.003422684729280734
0.022983419778885555
1.1580615227140636e-14
0.23202482877631636
0.5537410804007935
0.017923688046085136
9.061291789720865e-13
0.046645163218414165
0.3396893038468747
1.286602027412725e-12
0.08129506692360465
1.6851153760826896e-14
1.274469626295604e-15
0.002329150201012713
0.001478633255846327
0.027269670761969934
8.995903106662964e-15
0.01563598715341217
0.04469065996933117
0.019836934670447805
0.01036816277635666
0.0900556037263236
0.13337480144788932
0.0015662577833068035
1.8555201998613914e-29
4.190059080638855e-14
0.07638986347662186
0.021483063418173964
0.016809254402778525
0.08641015434493804
0.0008451318944851446
6.01670561103677e-14
0.0006539702513523234
0.0050057812925893095
0.0006539702513523234
0.002858149659074746
1.1319580181892886e-08
0.0006539702513523234
2.7060151188219915e-15
0.007923921121723422
0.00815769750083511
0.10290532324561785
0.09123295347136749
0.020393252237204673
1.123379230430275e-15
0.1670151658770916
0.005471163068994653
0.054750334561966214
0.04385602380813547
0.10510782687284577
0.08638136687669551
5.230815367438905e-19
0.09140516393835718
2.138192242914324e-13
5.403308573897158e-18
0.20025506182828184
2.316374620542192e-13
0.034557111866996004
1.9577243018437644e-09
0.23548667932259892
1.0544151788073601e-10
0.11653943179578982
0.03261669543729173
0.026217729167726692
0.003108082980964181
0.01148530772857852
2.2551889206136235e-13
0.05539774262623354
0.018422252296345566
0.2586557747264604
0.34901690480024206
0.33056499601506195
0.004846074994583792
2.431554458076169e-15
0.005586654014879677
0.03394652147334523
0.003934930599450343
0.08500462406680986
0.007365487990688837
0.08122519168901157
0.011666373330391222
2.3560532886915723e-13
5.583741461691211e-07
1.6044207921530488e-14
2.1965841314540705e-12
1.8715747322003005e-07
2.1945052290962738e-15
0.16863073639143256
0.008156620185348818
0.08221982114561939
0.016230838150474686
0.01194228281151185
0.0007507638016973158
4.117602946433698e-14
0.003439858548499084
0.0017673294215287928
0.22084972921882853
0.019487078671295562
0.002219835728895123
0.16915353766228455
0.007804061965253001
0.024497671599019152
0.0006539702513523234
0.0031825096872031013
0.00043097011639887787
0.6579487373607703
0.06887614823627305
4.212209693470084e-13
4.286930547906399e-14
0.01315368883542467
0.026158292318312584
4.3445450059222997e-13
0.0006106137811662971
0.026424906415403626
7.885021282626105e-12
0.15358045993964892
0.38110705102600584
0.22138158925706294
0.028126823287554895
0.011154531214887136
0.08874781475216453
0.0153156248363987
1.2720995211027186e-08
0.001624104434704135
0.00023770623158411898
0.0003445057124714264
0.00024284941079824596
0.006666532004959493
0.015630275940918925
1.1423102168468979e-10
0.03786853420427468
0.031157885021273764
0.008680944420361374
0.017553625047792964
0.14099527759490352
4.444364455857985e-09
0.022346606861993357
0.00520844772107526
0.1233447283736504
0.049771174008931274
0.13927568570814935
0.1205236232791272
0.009186635881183736
1.8324904868514304e-06
0.0042122783082621474
0.0001979391609993573
0.1283629954306656
0.12836922182044874
2.9483449685263375e-07
0.02938132755612814
0.00034523677953065174
0.0002339559505970465
0.0005222006559224904
0.09935819738049835
0.001958297351804901
0.39950205675339034
0.17099347706805168
0.009663927857347918
0.002469336441903296
0.01209614067903409
0.0006539702513523234
0.0010255827078259339
0.29640925892318876
5.593308894227314e-16
0.0037791163290768538
0.00586047673274501
0.8194370087623057
9.581752221731437e-11
0.2640875415852047
0.00217822564279439
0.01622621500721453
2.1755808900964212e-18
0.09582426858115252
0.12216651140563002
0.011851030581481388
0.003921957757032622
2.3043058187144305e-25
0.00704057124236979
0.0011759674586064015
0.1205561117996884
0.0568978785188122
2.0171834706967113e-16
0.0006085507861806061
4.073238442210024e-10
0.028257158676547437
3.1671486727650003e-09
0.8194370087623057
0.0035153242663086876
0.03237965066425926
2.008701038147162e-05
0.10066037858487964
0.04919120970596148
0.8194370087623057
3.541357191727103e-11
0.0006539702513523234
2.9027006801585443e-06
0.006530712962718131
0.14642199785169824
2.5594592518636337e-21
0.03522068873551605
3.0489043682429964e-13
8.652548897431049e-13
0.0022904290242888176
0.27204224593730275
0.0074126115970115265
0.016790238343876804
0.0005428228050725932
0.012978383103216801
0.5867381958130115
0.14626579368036033
2.0638162082575397e-11
1.0809812314615096e-10
0.009629329121576453
1.3105733221580563e-11
0.15590773531715965
0.0014432070439354978
0.0033414592840318286
1.9202646719942476e-06
0.10138217792527568
7.616130109146774e-20
3.4219069239135873e-15
0.7164602313381607
0.09072796475327752
1.737129926004977e-05
0.6191008016300678
0.0013404960065186433
2.0500937821554416e-11
0.03769341175666352
0.10415138177592506
0.04748197591969992
1.4461923022943458e-12
0.027278294413113587
0.0006539702513523234
0.009661445052071229
3.132901041600279e-05
0.0001979391609993573
0.015969784454581068
0.0191102881809738
6.642362485892089e-13
1.284910095702024e-12
1.4243162191672882e-11
5.626980243985693e-05
9.028825187909889e-18
0.027044316564828554
0.31264089401196404
0.5246554604194192
0.017953566894223453
1.0426085102622382e-05
1.113392172885553e-15
0.03145696159648835
8.777474044642032e-14
0.02891701522724834
0.13255984920433772
0.28060819738476256
0.036413496562824
7.044452615558924e-11
8.166392370723456e-08
0.03686937390459718
7.0126496080303096e-09
0.09327770393540497
0.0006539702513523234
0.0004165582625629778
0.09528260379615949
0.02254151539776279
0.008526275724997496
0.031709395424228785
0.03209795926846436
0.04262093714674881
0.0020644406548852023
0.008072678055915864
0.0001979391609993573
0.00604680943811725
0.04043957665454514
5.328445663021687e-10
0.009001241703655571
3.778340676632074e-10
0.11022607860138978
0.00023810399699247082
1.2321603549558485e-24
0.00880863323353485
0.025358630244851698
0.052322052775607114
0.17688986978060228
0.011342762516331739
0.017354121654894174
0.0006539702513523234
0.010278580829739512
0.05159156400263612
0.03588936052351335
0.04686677804044897
0.01937523218165916
1.0759803083259253e-16
0.03697482369297996
0.004609495409138703
0.036522948812025675
0.005823297421232554
0.041516884892584205
0.07626519911224176
0.2041407938081101
0.43986922973658943
0.013679997327987432
0.002289662222524567
0.019422238336076456
2.639726520832141e-13
0.07070659332801572
0.11463825495199598
1.4639290759681865e-14
0.017926875049004847
0.10841955307675369
2.7277219788710202e-12
0.00028048613106341954
0.027072041630360658
2.690453195801127e-05
0.07375572392771904
2.3127850914275502e-17
3.2857404657806565e-18
0.0001530086392826615
0.38574704286534384
0.18530947064671738
0.3556571653800769
0.0002568266317802394
4.5049539811604645e-05
0.0004604971874127335
0.00016570903241522282
1.214411811166024e-10
0.004553901111857517
1.8295055502365196e-08
0.0076937232836987324
0.01445418160881288
1.7045261336178884e-10
0.00430372323053456
0.00946171421627152
0.08785082278090245
3.3876209232151195e-13
4.191009608902505e-06
3.604875459893714e-11
0.16727002705657215
0.042654014126807915
5.14623724237439e-06
0.21558083658682714
0.0003370283909542739
0.8194370087623057
0.00019153180577475648
0.00010995360676367283
5.278705381299421e-16
3.4790938389866963e-09
0.07675288709381049
0.005255704040035686
0.10196121157269222
5.096928606027904e-14
0.016156419567629362
2.0863709443178531e-13
0.0051152213831646195
0.00872608036811133
0.17099347706805168
0.002340561514753832
0.5711656740429786
2.142651526256941e-12
0.003005651492684669
0.8194370087623057
0.07364471931557799
0.1036842035420791
0.0004384802015988684
0.0013835323859696935
0.007762003294204893
0.16360272472749737
0.006195468186369103
0.06966142816945942
0.12985748724380133
0.11868960385221068
0.0046405899014387835
0.0006804089091910464
0.0011731650558942305
0.0006539702513523234
1.8576921845480886e-07
0.07402425508580218
0.00010957295721451734
0.024272559874807254
0.0006539702513523234
0.002206415593519362
2.823519472754818e-08
0.03896528314648912
2.7684178896543454e-05
0.5477514236604785
0.04487452643191857
0.07810043496137754
0.012997883411969715
0.004254686777629719
0.5481583539450021
2.6805268222964096e-07
0.011232775348203215
8.83693167059894e-13
2.024538392909262e-18
0.01211082647301325
0.003870656345938972
0.09334140448586181
0.060737061188118245
0.01238146130559543
0.029334062329905784
0.00021710045522301395
0.15440570780965132
0.008227674177173374
0.01677751177101654
0.19183299396092038
0.006546974503876528
0.01958457882033488
0.08835126327705432
0.04007921883699075
0.02195940005634147
0.0011134328010155212
0.010430983115798431
0.000781542317802502
0.0006539702513523234
0.0006539702513523234
0.14901405357286798
0.06748517116110123
0.049971078085204734
1.845358105358035e-14
0.04602943480777653
0.034721876931109966
0.0001979391609993573
0.13546335690394337
0.07396609032660871
0.0001979391609993573
0.8194370087623057
0.17753364375057354
0.0005106039325548132
0.006865834033873419
0.03395793049317561
2.235630165574538e-11
0.5509009780387292
7.090514957125858e-12
0.02247360565745552
0.04970522853513737
0.00018800076260357124
0.07595550081142197
0.018216579195403426
0.07687004969281078
0.08822751736870549
6.2317201833936595e-09
0.0023930469988527017
0.016014816824951164
0.0015864158374000643
1.5968988593421047e-05
1.0254870630247258e-17
0.20293104598150158
0.015572219862192559
0.11489159865215712
3.7160515807208334e-23
0.0004768723959738472
2.1090076895171103e-08
0.0992842245714122
0.8194370087623057
0.6670200796973333
0.0006539702513523234
2.931135073083993e-12
0.0038733488353576563
0.2734361723551728
0.052888791215296285
0.03099271433181436
5.9409467326301926e-08
3.7176143486166283e-16
5.928484898583907e-11
4.1372472503095416e-05
0.30354975617131147
0.0027191293012412544
0.8224704186697114
0.0013992796781664568
0.2182249038656679
0.11579989649656354
0.0006539702513523234
0.008792732895538191
0.13794111251425084
0.22785800440592902
0.02223141355013668
0.06775903572162711
0.006002986930523068
0.013014655969459402
0.14411873932612884
0.11100382863395863
7.367775583823084e-05
0.008893013202434134
0.0043311862810127295
0.0001979391609993573
0.02517090117327724
0.0264406859020446
0.4552964010587032
2.170964073500618e-07
7.663605538145692e-05
0.11088592986527246
0.3448204028249266
0.03341693176048079
0.01968507119529262
6.375013891607204e-07
0.0006539702513523234
0.053145688307444434
0.16464462780094793
0.02984219242319129
0.031301859789075584
8.8401781640938295e-16
4.464865761840207e-17
0.12373184728330866
0.011188970998311436
0.018709606682896895
1.1332582170767376e-05
0.1151422073661812
6.024625852414412e-21
0.019925308383890616
0.0010679867446395513
0.08824966420403164
1.210400133306403e-05
0.46675094959675195
0.041349836175365674
3.348276496258106e-06
0.000560137036221736
1.8385658409334426e-19
1.9321405268655167e-23
0.14725047659549936
0.11379944841473928
1.9698882036247033e-11
0.0172699620912274
1.1586670282410668e-14
4.1367964333923965e-05
0.052064440595904316
0.020195672928593256
0.8194370087623057
1.6275991631956086e-16
1.2295294356601222e-13
5.828857528140965e-16
0.020273700042375373
0.006073207836749276
0.0006539702513523234
0.041140132221020524
0.011318846950019171
0.16131683443516387
0.0017902130147387611
0.018634170486585815
0.0026935405995878376
0.1273904711914488
0.07442452833726394
0.019406297107419368
0.0119225291347999
0.01739834137303262
0.007380731282480278
0.020891555689904903
0.017114574809573093
0.0009178722436818911
0.01074514662433591
0.003720026701592452
6.209947833929304e-13
6.12794558732604e-12
0.025160349299535367
0.19749137167759703
0.0166940581571071
0.001086760860175675
0.81789020410039
0.06982346362991439
0.005824914778783313
0.0016890357525217968
0.010195130601844182
5.877122391883052e-05
0.0001043535963663112
0.4229585537480589
0.004400615673955562
0.08533961589702979
0.008015210399356439
0.0006539702513523234
0.004917754466417845
0.2517995368048062
4.059674917006144e-10
7.025706088153521e-15
0.01964961590258374
0.21108806106391106
0.05377703588790401
1.7578056297694133e-22
0.013283222282212546
0.004908756425985539
0.8194370087623057
2.8603126745516903e-06
3.808537673358636e-11
3.833960744608359e-05
1.9323718122206434e-15
0.010240580769456553
0.01726633239864499
2.8594717950244e-09
0.21007803070936681
0.08906109199171174
0.28339234249558
0.0126065233452144
0.6586452373550377
0.0010542602591872424
0.19782466264882934
0.012425783269838998
0.013839545106593331
0.09611145171041556
0.0008716781099551683
0.4730020383868209
0.8194370087623057
0.3059051297074049
0.1169530881455924
0.008455542212635891
0.001853642810140105
1.2567626562994291e-17
0.0015573932626615561
0.13564897352603428
0.012194796975763533
0.013034433413154467
0.04035002868785664
0.173598309355232
9.675715797700034e-11
0.07427523537281366
0.003813036327773551
8.606631665591022e-21
0.058507589928336046
0.81789020410039
0.45570064235430136
1.3211989883454874e-14
1.3211989883454874e-14
8.94834906716704e-05
0.010769744708751805
0.8194370087623057
0.3170151247849421
1.2364296377708027e-11
0.15600444337137753
0.8273557828099155
0.11748068363132888
0.01976950322470361
0.005572537303068783
0.277299251573372
0.005077515904033834
0.00541490755085852
0.0471791950168469
1.583073105722417e-05
3.667882533388604e-10
0.2408489864775447
0.003405498169242881
0.004074721773518337
0.002557912344295457
0.0112747238757817
0.0006539702513523234
8.824811182180106e-13
0.007666231186989614
4.283989579953242e-12
0.21885899340748516
1.748115373269761e-07
0.001069002395932232
0.007508673358859367
0.013715165989728488
0.02467220076217055
2.5381970802566475e-05
0.05694414410218185
0.04963892112444697
0.00601517293609606
0.004007014827942816
0.04959363522283624
0.0004402119126425604
0.0005899133169347383
0.0001979391609993573
7.746896024353676e-17
7.02655292668373e-21
0.03974204880478135
0.0009191860624579541
8.23841416235421e-12
5.8997854758560155e-06
0.10822172015864505
0.4401956511438625
0.005354893471765816
0.02828557394031276
0.0019163207302059788
0.002439442789940216
0.0005294193411269365
2.155343361508201e-25
0.04205925719814927
0.00015518456829618309
0.0055816719115598275
0.033249876001255216
0.10941238434049212
2.4043958838791362e-12
0.00784807893985795
2.6385557381500532e-21
0.7140891224615851
0.08016599894904618
1.6721611170762205e-09
0.0014796316318180227
0.014603480316009963
0.04937009322528925
0.011649295071298527
3.692810681561146e-14
2.926201324715768e-09
0.047915872765553265
0.0001979391609993573
0.005993653235424083
0.002479437598225252
0.020965860398596204
0.00037216007075526955
0.004613622537630402
3.5432287823822105e-07
0.2737811373000167
2.3402870459052184e-15
0.4608086951540001
0.01951905046151514
0.009215094223149995
0.11758956188556015
0.13928218701557718
0.25465610515483444
2.1136020920926974e-05
0.06106220628895377
0.040491671415484785
1.710282312526166e-13
6.228139359291657e-14
0.018859249457581002
1.4304889631227197e-09
0.0001979391609993573
0.15984725384550558
0.005976432086105272
4.152643824829983e-16
0.34420393409232497
0.06376838826792136
1.7735262713686788e-13
0.3645764307412396
9.858790192253535e-05
0.025917447553228622
0.003116246625252673
0.027618461334058635
0.0020141205962743713
0.2224585614557073
0.007695525423101007
0.003194652363900112
0.029815241283550873
2.2481692347359325e-05
0.012315214035385396
0.00810724291219786
0.0023189552249444816
5.0036021843710654e-14
2.0610948010852295e-07
0.0023642283522863302
3.3036518298452943e-07
0.008017731840567857
0.5797765134868882
0.006010049613828783
2.0470745640936835e-11
0.03524266884170068
4.5086676912866326e-13
0.021396181634199568
6.253972039963021e-06
0.053323411907183704
0.020971177694619893
0.017706305686765456
2.464549453368352e-12
0.12406030586720902
6.959629654240882e-14
0.11354398072850116
0.0019126690229268027
0.008485848506230841
7.584150860333708e-13
0.21632373481209402
0.09403726607881731
0.00304181598440878
6.4231046838996825e-06
0.004013761273611797
0.1435718937967602
3.2559113635536113e-10
0.05278195042726042
0.005247254259935837
0.8194370087623057
0.02804014535108641
0.0006413353713287195
0.05884802846400821
0.0877311983688646
0.018876173998417185
0.017985422009508412
0.008837950609584255
2.4847169223848525e-14
0.04682734639538493
0.039801991900125976
0.052079581101426964
0.01411812939091989
0.020523346287413733
0.001625959377547272
0.015548967860496147
0.08474834542422337
2.5153268562364704e-09
7.655016744615631e-13
0.011683763315256335
0.04064319978422313
0.008878916011196699
0.11754432140414403
7.14300171619511e-25
0.007122661723121233
1.442304533880711e-09
0.010529054390911046
0.01415002076065397
0.0001979391609993573
0.004613484173117375
0.33246248707232545
0.03675245530233863
0.0367830386593333
0.0001979391609993573
0.2590349062670097
0.00012623736327387319
1.7259413076552488e-07
0.0074983005008627535
0.0006539702513523234
0.004138437025237201
0.05015567835400169
6.551991064740175e-07
6.101594225553139e-16
2.951023884026821e-15
1.1830239673622958e-13
0.11155022628066526
8.357069424296188e-20
0.016868743937133335
0.81789020410039
0.013195722051948657
0.022557507007770983
0.01959906480305881
0.004104962688077252
0.7033870065009026
0.013583221966272194
7.674681387660527e-18
0.0020017719651658295
3.99335321476006e-15
0.01744951946079265
0.0037297442055324254
7.72563006738441e-14
1.3760381719210953e-11
8.511004488974407e-20
0.005181033446232777
0.03168093409133451
0.0006539702513523234
5.868299357554145e-06
0.029914431607585404
0.03018685631435148
0.010293262400413653
0.81789020410039
0.0001979391609993573
0.004449397628761294
0.021738506936380717
0.02467105331468833
1.0133679735391916e-12
0.04480658569892704
0.5625867793868942
0.02131648410732012
0.04496786926339433
3.92840575852051e-14
3.761045167012977e-05
0.0018692695452120758
0.5477514236604785
0.13249383761368083
0.022743900410417146
0.15561084968246575
1.8655648502787564e-09
0.002706972458919479
4.103580039252565e-16
0.21622958269431125
0.0006539702513523234
1.7070952765569975e-14
0.023184026559570747
0.019594538974684873
9.076972411521649e-14
5.3100066850859614e-24
5.422674425877968e-09
0.0825388833782581
0.11425665854758904
1.4182206509583003e-18
6.460624303856005e-15
0.0378549495546144
8.245153674818317e-07
0.03531097451648091
0.4096094541088685
1.4766501516894597e-10
0.002118322641872117
0.10142526882424431
0.03652288947096467
0.026503160806391295
0.005684669804757755
4.524896017850705e-05
1.085154195159946e-12
0.08486365719122724
3.4398243444493095e-30
9.706603290153957e-05
0.026222800871137767
0.10981444832865409
0.00852584816218752
0.0775764137388042
0.06570751710193147
0.0002831356388225837
9.84372533244619e-20
0.033119319623748256
0.00023456125840983638
7.815660991947748e-10
0.019895640774321332
0.005280386281659897
0.0006539702513523234
0.05650182297441289
7.114597019465624e-13
1.991881444190205e-13
5.557484635413741e-06
0.0645840053037791
0.22171599398283984
0.0022220742297426183
0.09492148962353143
0.002219835728895123
1.686824892915754e-11
0.0004872810715740271
0.13660702057970153
0.012284080232072404
2.932720246951979e-05
0.033390383926995885
0.0918112626945272
0.05029594275840558
0.03735754781997443
2.4614533246986086e-10
0.018841517364481586
0.003658556923481587
4.565896002757091e-12
0.15443326658599763
0.01973612882551321
2.2377924493152623e-18
4.38825614907839e-06
0.11592598187913364
0.06962713846718664
1.5114813856444589e-06
0.14781770633591587
0.13504721663549488
0.00030725854217279053
0.05562732540403873
4.306725326041591e-10
0.009397500653634818
0.08507399423198514
1.9809396370871683e-17
0.00048698368667778996
3.9952486385128176e-14
0.027483590432155956
0.0001979391609993573
6.7952123994984284e-06
0.025724245985646668
8.864818896291944e-19
0.0430670886351104
0.03146731361624078
6.228693792774379e-14
0.12785448673920882
0.5180532036296632
0.04006733035490057
0.0047118208834008996
0.004894224301343035
1.1717403451456399e-17
4.001876052248053e-23
0.00966362907754359
3.626970406009938e-19
5.31014696107808e-24
0.0009516801579085615
0.049675811474104326
1.5491449106438775e-16
0.010565561298815763
1.6059049211696974e-07
3.581704218046464e-08
4.470537384942606e-19
0.004433243899478275
0.020876633042663517
0.0001979391609993573
2.2280331684576257e-12
0.10468629490344822
3.9360165001729925e-08
1.01679033161614e-05
0.001588065611466849
0.00013733048593926006
0.26043122227475424
9.660435136103648e-05
0.015941777963196145
0.013884440306280743
0.1097761883488784
0.024578886082466868
7.474665011823542e-15
0.08431310036910772
0.0002783678045788496
0.07369398261752158
0.00011929892951084362
0.005871033819253024
0.018901777096339778
0.0026063910653388173
0.09927868187308678
0.01101391680202337
7.99858713347303e-05
0.03681271102919048
0.029425847049204812
5.964678419296439e-05
0.0004629186482840621
0.013012642565558546
0.006814879859423791
0.0005628796260772825
0.003279778674324198
0.07539338646082294
0.10084937398054022
0.06361994742610844
1.2717502728350115e-17
0.10137278361566929
0.011142619466500124
1.5562660336124537e-14
0.0011895791996132873
1.2537833999548836e-19
0.1421753450140714
0.6802262777090261
0.00554163582615529
0.000321495869418854
0.0073143079218665474
2.4872159336028033e-14
0.01593174506312523
0.08866565837667517
0.0001593111540260903
0.0006539702513523234
0.003632598127190856
9.596292165566887e-08
0.04556013502061207
9.324902025469836e-18
0.019341003583521695
1.0624691390566121e-09
0.1358913945356534
2.503053183959148e-16
0.1138596009487241
0.3231212410882911
0.1099002331227223
0.007114071563855382
1.2402044223630006e-08
1.214411811166024e-10
0.13916546979222694
0.0010643177574455422
0.9589429439720902
0.006050483224708374
0.8224704186697114
3.390251626126732e-15
8.580761791488948e-11
0.8194370087623057
0.012175682291529759
0.0608086146708544
0.0016746267279460492
0.0010921306562274313
1.044071668665798e-05
0.06512365810340187
0.15808003205502455
8.590675495107125e-16
0.159116110084061
0.11305965085789312
0.08641679914032406
0.31285614342076623
9.481064101041508e-13
0.001540668854276124
0.0036771244967670658
0.0001979391609993573
0.0001979391609993573
0.3790167956882584
0.006630142331749036
1.6787084821867775e-14
9.975581690462238e-21
0.12297896137329281
0.81789020410039
0.3511902220282966
0.0020215626416142177
0.03211185536908757
1.626211357714146e-17
0.017255012951538622
0.026140868823110553
2.0899088236134298e-17
0.11114852153125465
0.0005172429664870961
0.024202843534485204
8.102599697262172e-07
0.026217729167726692
0.8194370087623057
0.11456544856903922
0.1730901790480722
0.005227919623983501
0.017684127363753466
0.026690706099680363
0.001077466548986469
0.004235937592319806
0.007822736043607944
0.07454316524961198
0.24883348618981227
0.05976922195311134
2.2526029541369277e-05
0.029196134481512814
0.00021823690597593302
1.1988666812235991e-12
0.13386848571765467
0.0210456506228495
0.11389729750089955
0.0001979391609993573
4.82121222243023e-19
0.3719468785558249
1.9071409017839213e-17
0.00874318741983702
0.01157315607641712
5.662389614338266e-13
0.049845221761874586
1.1554054874334625e-17
0.00081096892228308
0.0002462844150045029
0.0017902130147387611
0.006299717581564294
7.244013636686702e-07
1.5612253575940735e-17
0.0005115963741858768
0.0016092035580932973
3.710099019756561e-12
0.004562499041153256
0.8194370087623057
0.0073466301132332715
6.542002158153278e-16
0.4591380415215927
1.6840148058607305e-07
3.475902124236066e-05
0.29223748475667555
0.02089007242560785
0.1415911244197031
0.00023281752362424557
0.0006539702513523234
0.0001979391609993573
4.2285089697192425e-13
0.09073722078975478
0.04429412919413207
0.04194524390601306
0.0038354807170491697
0.008288669140454136
3.6309192939243055e-11
0.16774422428588573
0.0007073070702645315
0.09731425155294085
0.0013418041557388405
0.18050021191613652
1.1606338238389785e-07
3.021401951079269e-19
4.995114983313761e-12
0.016881308287748212
0.001063142313050055
3.559176867447972e-05
0.064885303460486
0.0005345448290525117
0.028434001699080308
5.77697874348871e-12
0.0006444342877653941
2.8112082614194533e-11
0.0008849153202564635
0.0006539702513523234
0.00013426885493015084
0.478165036702318
0.04026515710849482
0.004722891456339494
0.004558312269653764
0.16813854279274776
0.1338338366223782
0.5477514236604785
1.645647314974857e-05
6.702809907943997e-13
0.06154572722470594
0.8194370087623057
0.03480551421108268
0.023746444158226326
0.037681399312220365
3.747512141521908e-12
0.0006539702513523234
0.008905237359293262
3.5279291018536944e-13
0.001213118213500285
0.14099658098648793
0.043566809639058436
0.0003523753178486115
0.1287581623270032
0.04857609540732892
0.009278218038591246
0.09256456563533488
6.428343106384266e-05
1.9051271643902574e-05
0.04032765739178908
1.252897439285797e-05
0.06158436976733356
0.009086650554228989
0.001473437927568983
0.0006539702513523234
1.029868513005696e-08
0.0027981594594694075
3.740684795998445e-06
0.054089606090793885
0.03021864644932659
0.8273557828099155
0.004494127342342459
0.025690783249228726
0.019452808605421975
5.889684005131425e-13
6.499481150399626e-10
1.5948458543705567e-05
0.02134003658361917
0.017602341255233134
0.008712730668667956
0.035060572146351464
0.0006539702513523234
0.5304670191239789
0.0031933867046299
8.663693229054857e-26
0.06799372488243798
0.1192982527744978
0.3786262851763435
2.1988425277153002e-15
0.05406738095886173
0.0028410082398500104
9.514185823584464e-11
0.00044941519789522554
1.0779684821259356e-07
0.006183369780407849
0.025101327607227737
1.1084358986819285e-16
0.0008696735135740846
2.3472190299199887e-12
1.3864410853498174e-11
0.007969785549485834
0.0063917240077977265
0.12634476085893426
1.9097137220194086e-12
0.007658606605738105
0.020909371417851964
0.12313172256909155
0.38756436496571434
0.0864820003373521
0.2502265278165659
0.004040846558965467
2.29707479205982e-13
4.501780565361606e-09
0.0001979391609993573
0.02173347346635368
0.08787288801263135
1.1081170912755504e-19
0.00033379690066942936
0.03654846079635312
0.32427540922101494
8.261181644165738e-19
0.14228943075107325
0.24577963156305382
0.046737520831627
0.016145492176984022
0.0015662269040592437
0.03759791529270796
9.804964940959914e-06
0.1504213255167479
2.7837032284618456e-09
0.007443836710511751
5.0076344470865384e-20
0.0034441920176650487
0.15983772672113877
0.8194370087623057
0.045958823477364574
0.01051586720474733
0.8194370087623057
0.02652120689334825
0.03313606287451476
0.000642916248003646
0.044877521881924974
0.81789020410039
0.007283795705893345
0.017794053472535525
0.053167580386143526
0.29854602891189247
3.9678463499973716e-08
0.011291064173469628
0.001560178021466463
0.03276673505824333
0.05664719351182769
0.0006539702513523234
3.1727410494218743e-18
3.4024315661495566e-11
3.668735186243348e-14
0.32437016132607094
1.6032119970227625e-14
0.04794817434046651
0.032066080607465956
0.2980603302926605
0.1190289342194942
0.45082987804043395
2.283030845497875e-09
0.024993781588177475
0.032171731035224006
0.01043461387491759
0.004050885331289278
0.09513257645551997
2.0148605612270767e-20
0.03405262017835541
0.007973591037502873
0.21444781678162528
0.5509009780387292
1.311878027831938e-12
0.30604378339363886
0.0007717271635983257
1.1267376064312782e-13
0.04053643341193025
3.476531745149068e-14
0.2829035164921452
2.45747964432672e-06
4.198814476190099e-14
0.05219278515918644
0.04071317285640667
0.004102303862982858
1.5138233023966436e-09
1.7500256857690125e-44
0.003957739291181955
6.529821936199828e-05
1.797243507305863e-05
1.2754865897079065e-14
0.0017263905704503909
2.321106300879311e-13
0.027160773944551186
0.03381767530126265
0.07821829291333415
0.04625626608392234
0.008276397449102088
0.03858283171086422
1.1118307295728659e-05
0.042955213104266754
0.0005470977874398875
0.3061397464275923
0.0003111640042545501
0.05671647574245154
0.007565398747223654
0.00891692508125635
0.2165756019968194
0.025598490709392328
0.001418191904505802
8.983318870695094e-05
0.02128352868941385
1.754109802551149e-14
0.004259085607361834
0.008031269568861762
0.005437110854869701
1.3075170885752253e-19
0.7740445247346256
0.0006539702513523234
0.0001979391609993573
0.0042867277571483325
0.0001979391609993573
8.75758456497238e-05
2.220144466793087e-12
0.008801369477591569
7.768684803301435e-10
0.00035538658746746103
7.996338689195682e-13
0.09139306866002528
8.567103475930179e-08
0.00022040740030453143
9.941402452918945e-05
0.11104172700774312
4.352051331664564e-18
4.67893775784948e-15
0.22698723573306978
0.00033813795086812953
4.263928995967414e-10
0.0951444657839368
8.60555804261666e-09
0.17158920773419106
0.005175142665285182
0.04064835558266108
7.942269383560361e-17
0.015733466727055556
8.664926628625018e-18
2.0973054234296847e-12
0.01648759835736202
8.516048651792375e-13
0.6861587075579015
0.0369267186904174
0.003405529186155762
0.0009315007388523144
1.8240370202498486e-11
0.25727585914085627
0.09584038284364339
0.5111274134516103
0.10062087426336369
0.045772650548098426
0.013574149323682949
0.06688372140732804
0.0006539702513523234
0.001298719671454826
0.022792238830025013
9.797993445627916e-19
0.045884997189746944
0.3535512544492237
3.4878049597506857e-07
0.3553830218643446
0.5246554604194192
0.00044575129441651177
3.4531708168531957e-16
0.005196181925396677
0.0006539702513523234
0.009221091030158335
4.478624542305154e-18
0.08708851431743803
4.5643257386131463e-10
0.0009690169623954322
1.0439227939200312e-06
0.007441947873816811
9.234135507001295e-09
0.000836521136628695
0.010408832410410556
6.728888789081245e-05
4.581896661487517e-13
0.1477365400555819
0.0024989435883529627
0.8194370087623057
0.5026052232354206
0.004172952027691258
0.009009933805163657
0.11835081425871884
2.554178881884269e-05
3.543249178732698e-14
0.21381893211729858
0.0040123687018426835
0.0001979391609993573
0.01751508747027094
0.03109494303022875
0.04343911090902308
0.03588601888528327
3.0929047625384353e-11
0.001408470121631089
0.003981313686789723
0.04118851595506656
0.3695396482744364
0.0001979391609993573
0.031802904935892766
4.66903099458818e-05
0.0017079333743119651
0.4501821349230312
0.002323620998184467
0.050193717786071235
0.08898207813794465
1.8390141357468015e-15
4.221750167250961e-11
8.524760630997968e-09
0.11266400304490935
3.2653479323489374e-17
1.3696337355139713e-18
0.00011042261538163128
0.07165193125005581
0.0050686472703739835
0.07581931144521549
0.030220684154604573
0.019155280744904503
0.016417602165252152
0.2727058097916909
0.027147027579408532
0.0918112626945272
0.17798601475789283
0.0001979391609993573
0.121180460089227
0.0005584516313738558
8.255975286581444e-08
0.0002786325556011854
0.0067642719948891265
0.03130656571153122
0.0001979391609993573
5.706849433578531e-07
7.170102796999523e-15
0.31644050839546556
0.00018448529491504935
0.09449079665745155
0.0208416281877004
7.520021569409896e-06
0.0009110066307891104
3.3404278964281447e-09
0.10192658485911735
0.06177286002919052
0.8194370087623057
5.1187280072738845e-17
0.002309432082095265
1.7548847902315835e-12
0.011319582103527792
0.0008583723811271077
3.484587226291704e-07
0.041337084934063385
0.8194370087623057
9.555832691351274e-22
0.001267248934904909
0.00014255672353134276
1.1752696703256034e-06
1.3839472355828092e-16
2.141219543509899e-14
1.5470430332650462e-11
0.0023983403899079507
0.00018200048092812112
0.0003990900567723242
0.005015847045053518
0.10810207827118463
0.07179263873252932
1.205616519933495e-19
0.025976246031498056
9.682389458306663e-16
0.0027046973985710384
0.04628876511644401
0.012576694710273043
0.011233930670410786
0.017656771740803025
0.02969858194889606
0.4075099015227657
2.283030845497875e-09
0.5796181500942111
1.374175982231105e-13
1.3211989883454874e-14
0.0020574160968434008
3.7843848618724713e-17
0.27887042440199705
0.06384196022378186
0.0006539702513523234
0.07224544133617325
1.0652407484451683e-06
9.450665449271766e-05
0.04111051194289702
0.2046712084697646
0.0001979391609993573
3.626197948928903e-13
1.2476033256265736e-14
0.01089547877188765
0.01678506532809043
0.01503221006158
0.006846959246365388
0.045282761847251995
0.04845395326842079
0.08054222143758544
2.27667465384863e-10
0.8194370087623057
6.845637513586115e-05
0.0030954357805965983
0.025150148309279974
0.011742473321801117
0.010467407171269276
0.082190034169285
0.040243540000002354
0.033325723026591376
0.009307334498380958
0.012311968195592344
2.8081601288927708e-08
5.346155344071258e-11
2.7770247584765995e-18
0.0004200026033182764
0.008111993548483498
0.0031018455833171643
0.0006539702513523234
0.022889373037153906
0.08690391066882697
0.018524183888303108
0.1353727328952603
0.0004934544340191513
0.0001979391609993573
0.4241997754073761
3.845360508969301e-14
0.022934389116272363
0.00048283853272983337
0.0012540783631904326
0.0018636701511898196
0.05929757219917242
0.04795483718008133
0.0006539702513523234
0.18613561357236033
0.011307834221657499
0.0001979391609993573
2.2589043978218732e-11
1.0358788302928428e-13
0.0168194097356553
0.007584997132843219
0.0006891444559600729
0.004701504990649403
0.19212096153630906
3.6451039310574165e-05
3.450010725028318e-05
0.022994465625632815
0.0030412981460647788
0.2563357058782056
0.0017627047754955243
0.003219956909553641
0.04482892538330674
0.014375841504674088
0.11384845063024501
1.1243915891610503e-11
3.5934225109311046e-05
0.004045549074609252
0.008433730653243598
0.005171021119712367
0.1440255504258265
2.126001358178245e-18
5.37400183405778e-18
0.0852466662855977
2.384060055360073e-16
0.0770312032196685
0.0015335981873877396
4.612462643391482e-16
0.012245511748650994
0.16433003883796005
0.05546824506399166
0.006135739446772096
0.0018272473054550984
0.002224379432977335
4.768126793848458e-16
1.8860129459285854e-08
0.0006539702513523234
0.006687173305741081
0.0006539702513523234
6.067478318875531e-05
1.296779521949454e-21
0.01713669589931311
0.14292141150647328
9.167911089789107e-12
0.014656139989297523
0.007277223063769817
1.2485823442280852e-05
0.024639841124194074
0.5106790517220562
0.000208557889273632
0.0027855506489574133
0.0022054935649099693
0.8194370087623057
2.5020206099595173e-19
0.01611842413540951
0.02001387497526649
0.02148443409390475
1.5400282311359234e-15
0.3332507016272779
8.553488778204685e-15
7.418511925166262e-07
1.4594582604598314e-16
1.3880618579357984e-08
9.879038520269647e-16
0.021221632636062582
0.003904557433563327
0.0017516584336101123
6.599332027614792e-05
0.03970428599524773
0.02836756546535911
0.02522155480080819
0.17099347706805168
9.9658819383577e-16
0.056277569661784606
2.031709980660203e-15
0.81789020410039
0.0002401699551400744
0.12118899769619063
0.0001979391609993573
6.725476071044309e-05
7.684147988345739e-14
0.05293752899094173
0.0036641329313363584
5.318413381106153e-07
5.647388903540857e-23
0.007308172090542301
0.008937321475026882
0.0006539702513523234
0.003326122230425138
0.012441335475777507
0.00016267852387485523
0.1926006980907834
0.0001979391609993573
3.1939035397828274e-10
0.14697408151384472
3.816499140033608e-15
0.00790539423134968
0.1868958793422147
0.01574133474561311
0.005706981094952823
5.758832176827585e-12
6.2317201833936595e-09
0.0006539702513523234
0.003027190889498271
0.00324854514541111
0.0002786325556011854
0.10293395331008526
0.019406912076865613
0.0004701781183488024
9.440889390495422e-05
0.00515439383584293
0.0006539702513523234
0.01663690326869226
0.10859647754043955
2.464549453368352e-12
0.0006655708892192499
0.002715222420187163
0.0001979391609993573
0.0014574310677402278
0.061079078007377684
0.0072885402762854256
0.000830259015588003
2.1838758039782472e-10
0.013433643386379698
0.00016926732617548922
0.2286223859077685
2.699897616053536e-16
0.0017493443953214135
0.0001979391609993573
9.807414945312427e-07
0.0006539702513523234
0.005746192753448325
0.08963591573933175
0.02959121386336441
4.257221566004567e-20
0.031427700910757465
0.005748742839880743
1.426870801945896e-13
0.013612399278860075
0.03675713494325839
0.12643357713270445
9.126207393418511e-11
0.006169565150332064
5.184021961145767e-15
1.5146467231372218e-11
3.275837654077625e-13
0.04051070246858271
0.006190232158400811
2.8986481982868737e-05
9.365603708404635e-20
0.0021445771719165725
0.2934904456208439
0.0737962694430744
8.942856117091942e-12
8.329798309936374e-07
0.017072498403934988
0.020852445533406372
1.443691071653447e-06
0.0008937292326892388
0.004986399264795376
1.541698509485311e-21
0.022887726361813826
0.06970302122383111
4.995647583699088e-21
0.07952394630720873
0.0008263272843604494
0.010837309713641786
0.056004883190173424
0.015169928949109223
0.10628848623024618
0.014581585172878955
0.8194370087623057
6.049431555335429e-09
0.006400848894626662
5.2377062770125804e-05
0.0001979391609993573
0.00010882567770943794
3.7946331293384707e-14
3.71501743991882e-17
1.1898247320773579e-32
0.5477514236604785
0.0006539702513523234
2.0245942048779216e-12
0.09643309550011749
1.5451900964291832e-11
0.12006830584598467
0.2381164238843172
0.8273557828099155
4.4571790140437205e-07
0.004236030470257806
1.9681039645917136e-16
1.1353892956552734e-10
0.0011881113972133366
0.09518303416696357
4.180917712877307e-22
0.05144098984125031
0.00630375989904139
1.533521268902465e-17
0.0008672313875526597
3.8096400417023165e-14
0.23606197394365047
1.701345501612538e-26
0.0001407144875207708
7.102126607563167e-05
0.03230635062426341
0.015753290063373365
0.0005350659222924147
0.0001979391609993573
1.042104836009231e-25
3.0752816060953954e-21
0.13370408028318037
0.015664949443425776
0.2824112325644131
0.0006764180344099096
0.013983626309077013
8.63488326210869e-16
0.8194370087623057
0.005795588191108467
0.28578557557626455
0.21932887906036072
0.3324652359341815
0.17410357462102832
0.20541670795110167
2.5928763626907916e-06
0.0008145174481345024
0.011809700023406311
0.1274134432811035
2.1697348503365702e-20
0.017775830604939584
1.2953970133247147e-13
5.379823381306005e-11
0.041858163082252514
9.157822895633877e-05
0.0001634545560358671
8.996078879626015e-16
0.003422008896123017
8.024569836910225e-13
0.1012897110972431
0.23146570514315631
0.16240022208785396
0.005103750266482682
2.4153793846212243e-14
0.04299330855144409
3.535361853570324e-17
0.0001979391609993573
7.226136050485524e-16
0.01191407870988096
0.044420699221489376
0.24647219186171193
6.676588625464528e-16
0.0018892651641114616
0.015455881764758539
1.1576607214157498e-05
0.5203253934854991
0.004713556932532462
0.07889884852929734
0.00458300578474337
0.0006539702513523234
4.398698371575548e-06
4.976007554636981e-15
0.004296204590958714
0.0018714568223575138
0.0008407238141423742
9.826389525084102e-12
0.14915771698153435
0.010293958935513436
0.029324944503065442
0.07315027559943847
1.5354695465332364e-13
0.08835154041188674
0.026783597299402433
0.004881493153613886
0.30890553503951873
0.03988348869170882
0.010598557988427511
0.0042871814707347855
0.0028435027759361464
0.02521685175146437
2.9381073267065263e-06
0.03393185051526254
0.006575012216733511
8.878908696913745e-20
3.992279720614636e-05
9.16391147402331e-18
0.18024060727368588
5.370497898826724e-19
0.008639617956967438
0.001965792336203101
0.0002642947420706273
0.00817125230736677
7.45386941639252e-19
1.984431558687184e-12
0.00782650121429751
0.02522655469671945
0.00012750670614390607
0.03670929103266304
0.012748577456028642
0.12462903653593776
5.728186494555664e-23
4.4384222576568207e-05
7.283674098777619e-13
8.688700838561242e-15
0.2065120216992395
0.01204682588915302
0.026197887123613484
0.000509958679510496
0.010915308568341112
1.0950069864161693e-07
0.013574149323682949
0.8273557828099155
0.015814173365450275
1.1319204181486226e-17
0.013435210060496298
0.014243759356875638
0.028595646861085754
0.5509009780387292
0.00026250175242585383
0.009600450951340959
2.4166645734887183e-06
2.0782978494471854e-07
5.270072760404624e-10
0.003225091531569267
1.0866469939385016e-15
0.01654387317060019
0.0011862751114602057
0.022790814969311842
0.02790911171423671
0.018457352801699235
0.27915500825727185
0.019271570387958827
9.463813930575028e-05
0.10311924669681927
0.0006658003358644435
0.006032258343358835
0.0036245304920374025
0.09884167009940174
1.3456918896848163e-19
0.04784212073267855
0.05924859524854435
0.18724768150885254
0.029960993173261875
0.00024000183061583346
0.004202242592248766
0.005767967016577527
0.2777621931186565
0.8194370087623057
0.04175981299577198
0.005747578374369651
1.1826049155197948e-20
1.5073622478840513e-10
1.1667664889243633e-05
6.068270884346994e-13
0.0006539702513523234
0.0007789499146203184
4.702380677957187e-09
0.07972414009575081
0.0006539702513523234
0.0033341019157805823
0.02574547523128261
0.17719899391360058
2.16829713913064e-05
0.03517349512352472
2.3533028469881325e-14
4.479725821375085e-07
0.25404594039065886
0.22534001089242603
0.03422636453311266
0.11064167320422741
0.016398093339077116
0.0045155316103936164
0.0006539702513523234
0.09039416444206938
0.0046309814145875094
5.743060863887808e-14
0.4313120850859412
4.8099783736916454e-27
0.0700796862094517
1.9734117492765823e-05
6.278043620435437e-11
0.2432760044799787
2.3616935247788117e-10
0.40132432674144997
0.01620224681013172
0.003869338094888876
2.2180580832504622e-10
1.8978707151260043e-08
4.4354909073316604e-21
0.0019450014641103626
0.005119891383665445
0.01772848989755399
1.5959236079002754e-12
0.008413347540908505
0.0012794592225182772
0.01703954450211848
0.024376914339737894
2.1949357416591225e-15
2.0213735452792773e-07
0.0001979391609993573
0.11575398939931705
0.81789020410039
0.007152313957651368
0.0026666223890848854
0.03587105074528855
0.03401188755337631
0.02601769912961321
4.383456357109593e-09
3.1384185554616056e-20
0.004147589002989274
0.008975118366578333
0.00013878121251612553
0.5481583539450021
0.0019142483195235956
0.0006539702513523234
8.568313206130627e-23
0.0031396504149159335
4.202003299836136e-05
2.6170530934950946e-14
4.739762429728932e-11
1.4615206800064545e-19
3.1008678658717536e-11
0.01107879991674556
0.4522654588568625
0.06383639201284064
0.21629645863459523
3.57527323969781e-05
7.252332521541775e-24
8.25132470825537e-15
0.029101044521718133
1.894965124598963e-05
0.005294745499847828
0.011730355692481048
0.0018667953324635572
0.10689987472680297
0.00033249069854639137
3.2516177898739306e-14
3.1421978097091027e-13
0.054406291598940684
0.0001979391609993573
0.009807194273806974
0.06574932606471598
1.193694996151167e-11
6.345503407832458e-05
0.029956334551162745
0.009951016488086559
0.14773532715865847
1.3287217446714284e-05
0.0006539702513523234
0.0017252033480106093
0.8273557828099155
2.063376671969235e-17
0.013574149323682949
0.016488632145078785
1.134262122692543e-25
0.0014579699765374932
0.01322259239980361
0.005858514519458159
0.017276401279237796
3.912913915055248e-15
0.0030413628995973785
0.22086460137503652
1.1598977149561374e-06
0.23702024675293787
0.24681985986100555
0.0866148880803193
0.009718089228829831
0.002349876631630615
9.256059488903817e-19
1.4843441261495392e-08
0.19003353919980667
7.930646856407445e-20
3.0621821576581235e-11
0.10003459198607868
0.18637016321069205
0.0009102747811676076
2.9271537474994733e-14
0.0002875143592016155
0.1830888328666118
8.309634422750522e-18
3.290818643531561e-13
0.0656213962065344
0.03651426535023043
0.018888914321837782
3.005374863007944e-13
0.0028698204733969648
2.1367790228673648e-12
0.0011329018365715273
6.68783068166485e-10
0.0005037751291640961
0.015411566030292034
0.0006539702513523234
1.0869741600096887e-08
0.04677306898263087
7.377823703040895e-06
0.2200349720919557
0.06432373024450946
2.5505724124239814e-17
0.02249011670983644
0.018619910110119306
1.7824811758895735e-10
2.415690985581956e-12
0.008173658192168885
0.000923257613007683
0.006722455207391623
0.0987507825316937
0.0012844441450559976
2.0151527943285145e-17
0.0001979391609993573
0.2744148557003773
0.04160995216041682
0.2070959425387784
0.009256264795215068
0.07696311675542042
0.102382921377473
0.05861658926297174
0.3712545960190794
1.4497337496415783e-06
0.004282702854187209
6.1833608537992835e-16
0.01273596899878715
0.008724453054703662
0.8194370087623057
0.01271897236992527
0.026306367323472312
0.044214519934251614
0.04268805108786064
0.004409936910532447
0.012857963306553566
3.032752572088114e-11
0.0006539702513523234
0.1970327529044318
9.319855232141671e-05
8.113096680922188e-26
0.0023510197016862904
1.1168021418040746e-09
9.787076101631004e-05
0.0023311125033395434
0.06205657097824469
0.00035595470149395896
0.0038132057474214442
0.8194370087623057
0.02930361143803442
0.07358962833880672
0.004718376426155829
0.003918825480250493
0.003273810369295829
0.004957580267883562
0.06717598114748222
2.567923365679071e-15
0.8273557828099155
1.5227770289414145e-19
0.11601730607747185
0.40697690278970894
0.7740445247346256
0.03355737128561286
0.0032110262429481296
0.03711032890954347
1.0423122552979909e-14
6.168177875815828e-05
0.07822235194917455
0.0006539702513523234
0.11768904525052083
1.5974940146383002e-05
0.012508697435803047
0.20055164634863842
0.006502074767932976
5.834397578980279e-16
2.091627631237963e-13
0.04115300932832077
2.532257862903777e-14
0.020810260644833267
0.0006539702513523234
0.5940268383442212
0.13413942633955414
1.4918487312568645e-05
0.0006539702513523234
0.3610421056216936
0.40238246794198346
0.09408391098610519
0.0001585581613681371
0.06618343603851241
0.013027796126355656
0.041511705668023646
1.4613403799834082e-05
0.17405755939182083
0.002031444306499482
0.0006539702513523234
1.2166203036564909e-17
0.004449504584925556
3.1355463931671972e-24
0.0001316479894456522
0.0030929622432554482
0.005361332152078043
0.009283976780139144
0.03567892273814747
0.020770015890942413
0.3817677665682136
6.8593814427268644e-12
0.0006539702513523234
0.0006539702513523234
0.030033997955531105
8.346676595597774e-07
0.10697158520951981
0.00019278149969369
0.2736462732600591
0.30319611783754574
5.671743629529763e-06
0.3812631878661292
0.1102204890331153
0.3919809147448844
0.0006539702513523234
0.003854418768312462
1.2772204576287149e-06
0.0319726840591394
0.02211269817438212
0.009042411598379882
0.0017909496965331773
0.03570399724413166
0.11112129889813302
0.008457202500550364
0.00744438479983971
0.09521158556069965
0.0008833306310041605
0.00015816288498263516
0.09713765513322814
0.036090952238761104
0.37243237608114554
3.731281418171543e-11
9.919626480489889e-15
1.7089643139989495e-13
8.27114150675502e-14
0.024999414409533346
1.377617282087948e-15
0.005597903979710717
1.2355820350416502e-12
0.022764580381325117
0.00028933733689048466
0.004884723650125474
1.6067677485852771e-13
0.006214758552458453
0.010347517648420346
0.006760667309394439
0.001882707270621519
1.2120003074305385e-11
0.011801814960569425
0.0005704244439899707
0.0001979391609993573
0.0010657622109600598
0.01837752522553378
0.0032534032621410946
0.0006539702513523234
0.004762418434583066
0.01760912546823019
0.04791898323982204
0.0038822123354953853
0.02228190371692732
0.027789780053312573
0.006944315633888168
0.024023792175841576
4.074033167350221e-12
0.008345121287215082
0.20541403801032937
0.00010460549359679432
0.009492237954743863
3.0612948857261205e-14
2.5572017518963725e-17
0.23970043935245403
0.1933178570171247
9.757955458222808e-14
1.6586216942265207e-22
0.0005363970482086691
0.002642252905746767
0.1084692190341352
0.08392500579094665
9.267403674993179e-05
0.10927592492390575
1.0754795609317155e-11
0.31264089401196404
0.8579322797928227
3.9698333973378454e-12
0.023634401017815228
0.012734509806803731
0.4393507351953989
0.0023433243804911186
0.0918112626945272
0.8194370087623057
0.8194370087623057
1.2198324294504166e-09
0.018943709331359776
0.029145568213789972
0.010923924207611646
0.8194370087623057
2.556883673630202e-13
0.9411000400644809
0.023643787863137866
0.003468011011395992
3.8547171980710673e-10
6.046083716670962e-15
0.0027634218152540746
0.003997080285356077
1.918891032018033e-15
0.17205943150120925
0.0005636607451212593
0.0006539702513523234
0.025255723100943154
0.008243851988834944
0.0012680079438349779
0.0017162978017301461
0.10081982436144497
1.0651274034670738e-13
6.453961138975162e-14
0.02062337202573998
0.05351830427775906
0.13005779252257008
0.0001979391609993573
2.3294195560962073e-12
0.0006539702513523234
0.010697921289821222
0.2301461752404804
0.11287035114212607
3.099984642634008e-12
1.6666524800571123e-20
0.0006360979645557317
0.03515159486045197
0.05457032826811475
3.970464272069401e-08
0.013303518311480462
0.05757052757903732
0.8194370087623057
0.1586841757101411
0.04734866810956181
3.7210897544558286e-18
0.0012035022348019823
0.024195875594887423
9.340366766069916e-14
0.0006539702513523234
0.0048292096565605725
0.3934949455917472
1.1536913946529013e-10
0.003273575203926601
0.0017561319834125122
0.011668813377474314
3.588411795175379e-09
0.06362311468346891
0.0013443675120052567
0.07006994615935948
0.38724549123194707
0.02270000101690338
0.012911380755978521
0.0001979391609993573
0.00989423047364328
1.1251412991237914e-15
0.014366123145319808
1.6616737016963435e-20
0.2744935169336326
0.002598382900220897
0.014750422196733863
0.07904972527378476
4.421493706307457e-09
0.0001979391609993573
0.0382961339050685
0.17923764525894276
0.04443646891311759
0.002857362189418687
1.253818187276919e-07
0.0880131830327007
0.0006539702513523234
0.81789020410039
0.004818832361637599
0.003567459768622383
0.10478731590415453
0.018570876062581676
1.8334391934691493e-08
9.903935208556109e-05
0.011218498934989779
8.392016178763675e-05
0.0007860686646959496
0.19155508568120594
0.002915004203002363
0.008243664789910116
0.010354804850851877
0.0023430148958236744
0.5477514236604785
0.016463959410137712
0.2061096868890342
0.098806303494679
0.07812964309143429
0.018924694710765515
0.02095424950302978
0.0001979391609993573
0.0046101541354694004
0.14706487749630712
0.026861221387593687
1.705886820043485e-10
0.00015531210567459555
0.0001979391609993573
0.08207258283229515
0.026936178810571754
0.07680238806953023
0.024506337103596138
0.007472553353820631
0.08434492541318939
0.13685250112523278
0.003640693526571281
0.1225106592529206
0.003636998519997007
0.017908925021647523
0.009788675190459818
0.012518774931030461
7.81199143552244e-05
9.359550189129935e-09
0.003629382158693695
1.2090707883748872e-15
0.00754948217454562
0.8194370087623057
1.6191102131174854e-15
6.188858222245538e-11
2.482091205375372e-16
0.1487548734166454
6.293873919458752e-13
4.018871094539681e-12
0.21179554677709606
5.46839496709947e-11
0.055220980021378305
0.022399065983487013
0.002117365161644134
0.6020970462956909
0.00021486135825546598
1.1154066095948738e-10
0.021548682882858286
0.009381933363002607
9.081896264774863e-10
0.01421263622217838
0.0918112626945272
2.6185277081473855e-05
2.6702493361219563e-19
0.053721594280711174
0.4413598154323704
3.29980766946281e-20
0.041666995994543266
