4.572102426832226e-13
5.788393725482817e-10
5.862231026806158e-05
2.0962802687106404e-09
9.580922207031181e-08
0.0001874929089838061
1.0248654236067276e-10
0.8408981561660767
3.598231881649746e-12
2.6902258295034563e-08
1.3644886696668482e-09
4.189740616919617e-08
0.0002707085234801043
0.6971200108528137
0.9372860789299011
9.00464800996557e-06
2.7019889440615716e-05
1.6921437924400485e-07
5.947964488804677e-06
1.317899828116769e-15
1.5534757733815254e-15
1.032536109644554e-05
1.735066392984704e-08
2.1538213992056974e-05
1.8670808362579798e-06
2.767982164410792e-09
2.589746706057886e-09
4.8637360082351524e-11
4.565603181192507e-07
4.728911501462796e-15
8.151857183010647e-05
1.134470367054519e-06
0.36247169971466064
0.6720494627952576
8.460809629801464e-09
0.0007599409749100075
1.8934846231602728e-05
1.9362768255558483e-10
3.9260442642192065e-05
1.0210368715773825e-08
4.3740123354569376e-11
1.134470367054519e-06
2.27734272911126e-14
5.407213336845109e-09
0.6960846781730652
0.5486443638801575
2.4925339284796517e-11
1.1622243111775648e-10
5.248967927352427e-08
1.0716712787652454e-09
0.5528241395950317
1.5967168447879613e-12
5.4174516880230185e-09
2.316956679659634e-09
0.9372860789299011
0.301128089427948
1.820316780455782e-08
0.9372860789299011
0.0024999964220698122
5.474012279988599e-11
2.832348793441498e-09
0.8408981561660767
0.07013189514361566
3.6076141244564896e-07
0.23150929808616638
2.1792696118125294e-10
0.3639342188835144
3.166161499443073e-06
3.9146547613915374e-10
1.3875755670657255e-09
0.3336687386035919
1.2139409798478123e-05
2.1459802362516618e-13
0.0003019584147353679
0.5821930170059204
3.584452115438373e-10
1.6526529037061782e-11
1.9576226818744604e-09
0.6605135202407837
5.176929827867324e-07
0.9372860789299011
1.0478629527002466e-08
7.900349702764844e-08
1.175513832520985e-08
5.143297284577411e-10
3.1987864363216843e-09
3.446409731977909e-08
0.9372860789299011
6.383980862954918e-05
1.0256818362996199e-06
5.660609951833642e-17
1.1332411051971293e-09
1.2529107754198931e-12
1.0912397015454958e-07
9.573670494368288e-08
1.0210368715773825e-08
4.546044294611039e-09
2.5038923162192214e-06
4.904963796382892e-15
1.9458227511538886e-11
1.2517298065208282e-07
3.9881151196271354e-13
0.5099443793296814
1.348876663342485e-07
0.3639342188835144
0.029894484967652346
8.242085943188689e-13
5.577122376743408e-07
3.452420729734033e-05
3.6246171102890015e-12
1.1739943381756914e-16
1.352951743851515e-05
3.166161499443073e-06
0.29438018798828125
5.845996977381106e-06
6.343834235505448e-07
0.9372860789299011
0.8408981561660767
4.969485849323745e-06
7.928717287292097e-09
9.851717734779971e-06
1.909597738347971e-13
2.655731713806493e-07
1.2293161245925746e-08
8.54286641612775e-07
0.6321133375167847
5.757691757842686e-11
8.291985327417499e-10
5.0306045021856294e-08
5.924361104461221e-09
7.257614510102436e-09
1.9953593575453234e-09
0.459948867559433
4.684316659939092e-06
0.4859231412410736
1.8749975984934726e-13
7.065655560656851e-08
2.411852422864676e-06
4.956327506318391e-08
0.8408981561660767
2.754148521460471e-10
3.158851960125663e-08
3.8930393483463377e-10
1.3038110477945854e-08
7.977877046894554e-07
7.120148660138132e-10
5.736642537463791e-07
0.9372860789299011
3.592829671804501e-06
2.0369194540496773e-14
1.3377996096975168e-10
2.0613667555384615e-06
9.78647684352011e-13
3.255830293297435e-15
1.8819457754330849e-22
0.9372860789299011
0.8408981561660767
5.371818581516808e-08
0.23150929808616638
1.7686843721252442e-07
0.0004333747980968363
2.1742447064655264e-06
7.451696015673063e-14
6.554799242309747e-07
0.00020614637207671293
1.0132887283342382e-06
7.266164667871663e-11
0.8408981561660767
0.9372860789299011
9.92361600932843e-05
9.115381077714566e-08
3.077817091453154e-09
3.2152392752436054e-09
0.8408981561660767
2.0653362497915976e-06
1.1002525383967683e-06
1.186858813140047e-16
0.9372860789299011
0.27385497093200684
0.9372860789299011
0.32362592220306396
3.5046577479180396e-09
0.9372860789299011
4.69774205507887e-06
1.394285724510785e-12
1.508666850406101e-09
0.22264990210533142
8.007701487218412e-17
0.6605135202407837
7.190231425848547e-07
0.9372860789299011
1.0428766985032783e-08
0.9372860789299011
0.312208890914917
2.7846244731082274e-15
2.4101360262032437e-05
1.062990426488612e-06
2.047105761215105e-08
9.663626140247933e-15
5.6458311360972434e-09
1.0945734400187283e-07
5.245746922859999e-08
0.9372860789299011
2.516896684822889e-05
0.9372860789299011
6.678505609238875e-08
7.190229278557232e-05
6.204109996783835e-05
1.0615636733296466e-09
1.007631962212684e-07
1.724296683597208e-17
0.9372860789299011
0.00012600429193024268
6.807852561098658e-06
0.8408981561660767
8.263656228958691e-07
4.9063685880379566e-08
3.197716836590669e-07
0.0005664503702876892
6.46287223146766e-09
4.873943541346412e-12
6.833029072389715e-09
0.8408981561660767
0.9372860789299011
4.251347640901642e-06
5.0268486806657745e-08
0.17419585585594177
0.9372860789299011
0.5099443793296814
1.9966030644090165e-09
0.5821930170059204
2.9476883459162153e-06
4.1278954905594904e-10
0.9372860789299011
5.177319136944108e-12
2.0937513221264192e-06
0.6960846781730652
0.00011455523954353041
3.278895342407573e-14
3.4174460446448144e-08
3.437745659042863e-07
7.245845772495464e-12
9.569371102543588e-05
5.211238454249072e-05
6.679546554915369e-17
0.8175554871559143
0.007855535369857196
1.439079108292358e-16
1.0454424785160062e-11
8.118114394729152e-08
0.9372860789299011
4.760455337174258e-06
1.15845915554763e-05
3.676325454567608e-12
0.4408397972583771
0.0002887041476979048
2.0319575524485946e-10
3.142941368574946e-06
0.8408981561660767
0.05866045132279396
1.3124655298947258e-05
5.211238454249072e-05
1.530358984732773e-05
0.9372860789299011
7.030061036054133e-13
0.29828816652297974
7.134915894000531e-06
1.0436637646783656e-10
9.879310953972068e-05
0.9372860789299011
5.385379129730767e-13
0.9372860789299011
0.27536895871162415
3.581278888527371e-07
3.304285554388882e-11
8.019526512030861e-13
1.0141095816907844e-17
3.581232028212301e-05
1.5482826623074673e-10
0.9372860789299011
3.297987925163926e-08
0.9372860789299011
1.007728694410062e-08
0.9372860789299011
3.8489246993585105e-18
0.4669843018054962
8.954653308864973e-08
6.947360342570011e-06
0.4859231412410736
8.546019466191149e-09
1.279464484036886e-05
1.7997795929349505e-09
5.477852901666989e-11
0.9372860789299011
7.757635283053485e-10
0.22202226519584656
7.826709361408539e-12
4.733719021135611e-17
9.867081487123546e-07
0.07013189514361566
0.22264990210533142
1.0208416946887635e-09
0.03816322609782219
4.4419487739672055e-07
2.1814228367208581e-10
0.6960846781730652
2.634303268948383e-06
0.9372860789299011
7.516695360960398e-07
6.979032552477894e-12
1.2988294777195802e-06
3.437488879295003e-09
4.969485849323745e-06
2.894664630653124e-10
1.6200852449428117e-11
2.9833066488771906e-08
0.19771964848041534
4.511875037404284e-12
4.668080488170327e-07
2.3777027090319886e-05
0.9372860789299011
0.9372860789299011
0.4859231412410736
6.303610905233309e-11
5.730594225773194e-05
3.977929776569517e-06
1.8102382463357344e-07
1.6413313322358955e-08
0.9372860789299011
0.4408397972583771
3.648096663774497e-09
3.23921320205447e-11
1.5270945033057557e-09
0.9372860789299011
9.092493440545863e-08
0.9372860789299011
0.9372860789299011
5.310803777586016e-09
0.8175554871559143
5.7043543153683916e-11
0.6960846781730652
1.2555510578123354e-11
5.810230878318189e-07
0.9372860789299011
1.2485984207405586e-07
0.08796379715204239
1.781595065339459e-10
0.9372860789299011
0.9372860789299011
0.8408981561660767
6.101430306954851e-07
4.329995773049765e-06
5.167576001072712e-07
2.5289750073823414e-09
1.619659697337482e-08
2.3412428706799425e-08
4.601979224462279e-11
6.931049437581398e-15
6.4799835785971906e-06
0.9372860789299011
1.137756457383662e-07
1.9136240278461665e-08
1.9105388985169598e-07
0.014598200097680092
0.8408981561660767
1.3461928550222771e-10
5.640008479257215e-08
0.9372860789299011
3.21518521789357e-10
1.8720868246677e-11
2.1774645038552253e-07
0.00025230377597411813
0.9372860789299011
1.563554580944314e-11
5.792047484843655e-13
9.405224177404832e-10
4.52847163320262e-07
1.3871362516981076e-12
7.977877046894554e-07
2.2403818012821893e-18
0.5837261080741882
6.410751664948371e-08
0.6971200108528137
8.531296169659775e-09
0.9372860789299011
0.9372860789299011
0.5486443638801575
1.9475777127560254e-06
0.014598200097680092
9.764815858384748e-07
5.731015155966317e-17
3.874132568483823e-05
1.0445565825192567e-05
9.219873169925671e-08
0.014598200097680092
0.8408981561660767
1.842288575527826e-08
0.9372860789299011
1.3591063321765108e-06
7.130438344053301e-10
7.535981384217642e-09
2.416643062165504e-07
1.0526069468249852e-06
7.282388358409918e-11
2.114318139127138e-18
1.912792794552348e-14
6.711056553299586e-08
0.0027782544009861965
0.10273124277591705
1.236075759010534e-07
0.3127537667751312
6.159818979298735e-16
2.888142825952915e-17
3.5983830714481145e-09
0.9372860789299011
0.6960846781730652
9.163847359731105e-11
2.6757502688307533e-11
6.908608193987166e-11
0.00014319661442516564
2.5401932997053194e-11
1.7298490298239137e-09
3.930007910694813e-09
0.00015056294632141449
0.8408981561660767
1.0897354946398246e-05
1.0068438610219588e-07
2.7142222963451597e-12
8.1293555649128e-15
3.399333410500659e-11
0.5486443638801575
2.4572871642919255e-08
0.3639342188835144
9.318136616171032e-07
2.861794350311862e-09
0.0007193527715035285
0.9372860789299011
7.7672809308465e-09
1.1896675830669793e-05
4.022627978671216e-07
1.87278673919674e-13
0.8408981561660767
3.3810437501631385e-06
3.2037698783778288e-09
8.311310009787323e-13
2.0991233380248743e-07
2.811602718181538e-08
0.8408981561660767
2.7794377427981394e-07
1.1094795684617225e-07
3.59154895112329e-13
0.9372860789299011
4.1731456698357953e-14
1.3725859506405255e-06
1.9349723915154305e-09
1.5756138898287177e-07
0.9372860789299011
1.6442978829340242e-12
2.714790392750758e-10
9.11771286416766e-08
1.9139263384114998e-09
1.2166454500666804e-09
3.6819460214117257e-09
2.12115687633253e-07
2.3986736852893515e-17
1.0382757701374474e-13
3.500867920303318e-05
3.990758910820114e-10
0.9372860789299011
1.5982363008633812e-07
0.04032277122759709
3.0500417596396637e-10
2.5342593453988503e-06
2.2635897490601644e-07
0.9372860789299011
1.0561444409940078e-05
3.452309540837942e-09
3.6703716307642315e-06
2.0890843488229878e-08
1.0007347535437375e-06
5.1757349553395655e-06
1.0349944337447245e-13
8.425120256649337e-07
0.9372860789299011
0.3671954274177551
0.9372860789299011
6.946115608607938e-07
6.6664659699569875e-09
2.539505729983759e-13
0.8408981561660767
1.1072719649469681e-07
0.5486443638801575
3.6582904122923545e-08
2.770606020985564e-13
0.9372860789299011
3.821213644904433e-10
0.000353271629601859
2.4718203830268945e-07
0.5528241395950317
7.920587716770516e-09
8.669726597255872e-08
2.730244956448661e-09
0.007855535369857196
3.278874997014068e-06
6.106003594265277e-10
1.308323830764474e-09
2.2023418296305878e-10
1.44910999576843e-06
0.8408981561660767
3.492320159367132e-17
1.0662554804115137e-06
1.3725859506405255e-06
0.00010398755228185865
0.4408397972583771
9.013909345344077e-07
4.3487513831627517e-10
1.134491184590317e-07
0.6605135202407837
3.10922449800993e-05
1.1543354665798065e-09
3.3370000629370957e-10
4.4490149330266263e-10
3.683972847708723e-11
9.834100849327447e-11
8.60272964440642e-10
1.6348996866559773e-11
4.326799520601091e-08
5.935437992676761e-12
0.9372860789299011
2.13355468043385e-06
0.00027527513437739713
3.069895514541814e-23
0.9372860789299011
8.624652381326609e-05
0.4859231412410736
1.8354667467292924e-09
7.063560991443941e-16
6.235035483338355e-09
2.0148388979168333e-06
1.0209651819109647e-06
3.4009876460559646e-05
7.913145664632583e-11
8.10965372902483e-09
3.5052960181642755e-14
3.2132838683588785e-07
0.9372860789299011
1.0906601932294814e-10
3.6420461271953793e-06
2.4057361995243555e-07
5.301831341395614e-11
7.4656099918298116e-06
0.08796379715204239
2.132163241840078e-09
2.043788365226632e-10
0.459948867559433
0.9372860789299011
0.27385497093200684
0.3972313702106476
2.514717121160029e-11
1.819604281882725e-10
0.8408981561660767
4.845407887643465e-10
1.3327208497274038e-05
0.9372860789299011
1.1484621074086004e-06
3.2517887482080753e-09
0.5528241395950317
0.0001243691185370284
1.6280280656520962e-11
3.3601354938909984e-09
0.9372860789299011
4.0812519297273984e-11
0.22202226519584656
1.3902014525637666e-11
0.9372860789299011
0.9372860789299011
1.0925111656473133e-10
8.754501253011133e-06
0.00013344523735103926
0.9372860789299011
6.202371016919741e-10
0.3336687386035919
0.9372860789299011
0.2938322126865387
0.5676635503768921
2.510435000424908e-18
0.9372860789299011
1.0929197396936862e-09
4.059024038596695e-12
4.4636982074216126e-09
1.810736005864074e-07
1.2931609173765242e-11
1.3717258984638652e-18
0.0034122654452694
0.007633220283630171
3.10922449800993e-05
0.4859231412410736
5.821767338739725e-13
6.326206709068232e-12
4.137260487961939e-09
2.346897390421316e-06
4.937274522799472e-05
0.9372860789299011
8.570396861148825e-12
1.1369853452831798e-11
0.9372860789299011
2.9046049991430147e-05
0.0008205946167581003
1.7731863297643887e-06
1.0821825648628814e-06
4.86926329285016e-05
0.6971200108528137
7.022448727874981e-08
2.0903329794548895e-05
1.9340230149588537e-08
0.007855535369857196
8.846438579142597e-07
1.1622243111775648e-10
0.9372860789299011
2.3455829468013092e-11
0.9372860789299011
8.756186400870843e-07
2.705968603787064e-07
3.270689059256813e-12
1.2722907294408139e-13
2.879541549843128e-06
9.042046289844273e-12
4.014619694673296e-05
5.7439091421569584e-11
2.8878925734800507e-09
1.7275217922181094e-13
3.451378069898077e-05
4.3275626288293954e-06
1.0463790830591856e-07
0.5671029090881348
6.400790551773168e-05
7.426823180648362e-05
0.0002261965128221688
0.0001153277252327905
3.2841664590300024e-16
9.348019587858782e-11
1.5511662668956382e-09
0.00018049982284441013
1.8132143594765659e-06
1.6785037762309137e-06
7.259763028384711e-09
1.3975913993682427e-07
8.027952296683589e-10
3.793039947397057e-12
5.228306554936453e-10
1.746689947051393e-05
8.497170263796815e-13
0.5528241395950317
6.0459641551619554e-09
1.0769545332831144e-07
1.0264956849366089e-07
0.6605135202407837
4.633763512913729e-10
1.2142596298679975e-07
8.885469359459054e-08
2.2417518954921262e-10
1.180735436309653e-10
1.3143674050999312e-08
0.8408981561660767
0.9372860789299011
5.829732978607912e-08
0.0027782544009861965
3.2403448170292315e-06
8.34195696840496e-07
1.2475790632114549e-11
0.27385497093200684
4.4604906120883226e-10
4.4400394656323954e-11
0.9372860789299011
0.15601447224617004
0.0002247543629262938
3.433109740265949e-08
2.3075101178999374e-12
0.2508141100406647
1.1388062011018816e-05
2.0657414160160056e-07
1.4836538094332183e-06
1.8935012027401365e-08
0.8408981561660767
0.9372860789299011
0.00012600429193024268
2.8314454688925758e-11
7.460894280330524e-11
7.610575726034203e-07
0.5528241395950317
0.07013189514361566
3.260690781396214e-07
0.9372860789299011
2.3311247424831372e-07
0.21754395961761475
7.19293900970986e-07
1.374544618665554e-09
0.014598200097680092
0.9372860789299011
7.826894942087318e-05
1.4584183449950172e-10
0.5821930170059204
6.217513983852939e-11
2.6862895024099283e-09
0.9372860789299011
0.4408397972583771
1.9333138679915016e-13
4.025983105124413e-08
3.060553061619888e-08
9.06239369281393e-10
0.4859231412410736
0.1379120796918869
1.2803566836611629e-08
8.346927987415128e-05
1.327972993206518e-09
0.00034539576711806956
1.743291360293477e-11
1.8806035266630958e-06
0.046023886650800705
0.9372860789299011
9.014954119635524e-13
1.2342107358370598e-15
0.17419585585594177
4.650826360771019e-14
3.135891150146024e-08
3.49167678002128e-25
0.4859231412410736
9.793988241154187e-09
3.881419136429203e-12
3.2843954451208253e-12
9.982490394295384e-07
8.758160415394747e-07
9.390343450616208e-07
0.00010930948014220206
1.4517818532690877e-05
1.3556108111030145e-05
8.119695675965736e-07
1.6182229612072804e-06
2.357259682479459e-11
1.9864876113844163e-07
0.00034864282027886255
0.2938322126865387
5.5584598828642456e-11
1.8964681480014385e-13
1.1849758455096659e-09
2.652685880992289e-09
8.960560545494709e-13
0.17419585585594177
6.9293064644431994e-06
0.28108516335487366
3.221096032741634e-09
1.0226878749288383e-13
3.6782886290253597e-08
0.0002588693028543558
3.698316961918524e-05
3.8982070113452733e-13
1.4874633561125438e-10
8.332092362147402e-09
1.783070451525461e-10
1.4611647874793778e-09
4.621563449725923e-06
6.916567952373352e-10
2.7501452808700774e-07
3.0949246760594774e-10
0.4859231412410736
9.720953371045138e-11
1.45915144676906e-09
7.504343773551796e-09
2.471778123350507e-12
5.458040477764035e-07
0.9372860789299011
1.1393385205805195e-05
7.727194158830018e-12
1.735066392984704e-08
2.4292812206086733e-08
2.109014276931918e-09
2.465437134546413e-12
2.1423174458979922e-11
4.7826701642910536e-08
0.9372860789299011
7.846707267496462e-09
2.4365440326313508e-09
0.9372860789299011
2.495199525780771e-06
1.4454279569461192e-12
0.9372860789299011
6.484295589796509e-06
6.376540772761228e-05
0.6321133375167847
6.237941595285964e-12
7.26455842006549e-11
1.2672071706826103e-10
1.3305669947772895e-10
9.945618168974018e-05
1.8310376551394425e-07
8.377191493617953e-05
6.281647411036855e-06
1.6051147981492006e-08
6.326331245942963e-11
0.36871790885925293
0.17419585585594177
8.894054836844888e-10
1.89993995428107e-05
0.4859231412410736
4.033578923740058e-10
5.7124428853473336e-08
5.743442771963793e-08
9.766215864970745e-08
5.5650834452519236e-09
2.9973262484184882e-05
7.874675537634761e-05
3.6165515260225264e-05
4.150915048474361e-07
3.4846086250319937e-13
1.257958666687069e-12
5.2510194593459913e-11
0.9372860789299011
7.883861848630312e-08
8.361198990934945e-07
0.4265030026435852
0.003056356748213109
1.124140780818158e-11
2.814611339405323e-10
3.5938332389947563e-07
0.9372860789299011
1.5939192752009385e-14
9.575883611387186e-08
5.591411069456371e-09
2.5907310456542005e-07
2.46591337329191e-09
2.2129708175355675e-07
0.5821930170059204
3.510633621927468e-10
1.4636896539039967e-06
1.3825685998268577e-06
2.225594700313272e-09
3.3815936153561963e-11
5.211238454249072e-05
4.630551813726954e-09
1.8347285602852988e-11
6.343100827936285e-12
0.8408981561660767
0.9372860789299011
5.315536462348342e-08
2.540067485783875e-07
0.4491548240184784
5.426008019094878e-13
0.9372860789299011
4.091152742335692e-10
0.9372860789299011
1.4455255120015853e-11
4.5727893245550363e-10
4.2704353411433e-12
0.16480763256549835
0.9372860789299011
3.747003158907936e-10
4.477738586849644e-13
1.4543651602939128e-11
2.864667947020703e-07
1.5011446381299279e-07
0.9372860789299011
9.375912538886107e-09
1.2408790931692327e-19
6.192314173996244e-07
0.5486443638801575
1.8840735864918042e-15
5.315536462348342e-08
3.099939045892466e-05
0.5821930170059204
1.6378759857229828e-08
2.0940830532527083e-06
1.3954854666516477e-12
4.5810205064765016e-07
5.992107772553956e-10
4.970380299504793e-10
1.714365326526919e-09
0.0007211938530345027
0.9372860789299011
7.994605840720836e-10
0.00020317752072078374
1.0321866825079242e-09
0.9372860789299011
5.9198476113709017e-05
2.588289308104198e-07
1.6461646434415513e-06
0.9372860789299011
1.01503588652172e-08
2.589513348973859e-10
8.302763961487873e-09
2.388595400767661e-17
0.5099443793296814
1.5078700442586768e-08
6.191955445275994e-09
0.3336687386035919
1.8848461551519544e-09
0.9372860789299011
0.0018318515451091956
0.9372860789299011
4.707556035828494e-06
0.9372860789299011
1.8605613900069073e-12
0.8175554871559143
0.9372860789299011
5.3873567370456265e-12
1.450066700254387e-11
0.4859231412410736
0.6960846781730652
7.137466684767161e-11
3.4818195493245657e-07
3.30624002014929e-08
2.864767460616137e-07
1.6870003775737272e-13
4.253643062573985e-07
0.9372860789299011
9.43310954046608e-11
2.4059260274847673e-08
0.014598200097680092
0.8408981561660767
1.2368060123407806e-08
6.35030678278198e-21
9.343874925098435e-07
0.8408981561660767
2.546920466186555e-10
2.3625173769115177e-06
0.9372860789299011
1.057815868301001e-07
0.5486443638801575
5.432566207840744e-07
1.3149557886345962e-10
1.196905196554202e-07
2.8013355282925758e-11
6.3147283072118594e-09
2.733266120530403e-06
8.624826512194031e-13
2.752517687673944e-06
4.609327144206873e-10
8.282015239062645e-05
1.1234048192574223e-15
6.013033764196781e-11
2.2022986436958036e-13
0.8408981561660767
0.8408981561660767
1.7980913825976018e-14
0.9372860789299011
2.637172692044689e-11
8.044470615606124e-08
4.912481603358332e-07
1.3233714318908763e-09
5.296496946101077e-07
0.8408981561660767
0.5099443793296814
1.6697951736763494e-09
2.501186586601091e-10
0.3336687386035919
1.2059323537699215e-09
8.902773503324805e-08
0.9372860789299011
3.778482310648777e-09
4.292752515207505e-10
2.593977618082814e-10
1.6889134639819536e-09
0.6605135202407837
0.6960846781730652
0.3040960729122162
1.3981676949078384e-06
4.375907784694395e-13
0.4408397972583771
1.8072394006660532e-06
0.8408981561660767
0.0006919220594722644
0.9372860789299011
2.612262086633956e-05
1.3248544574274586e-06
3.166161499443073e-06
8.625388643639818e-07
7.857088834513654e-12
6.747062021295976e-17
0.07013189514361566
6.667670339945701e-09
6.384238048311421e-19
5.895648763851059e-07
0.5528241395950317
3.747283340541889e-12
0.9372860789299011
0.9372860789299011
4.96812556671083e-06
3.6505714326469453e-10
8.165796902839755e-11
0.9372860789299011
1.6323025813655195e-06
1.387811216726454e-13
1.1681172877656005e-06
3.570512678455994e-05
6.3973724612288944e-06
0.0001524106290055534
2.750536765457871e-12
3.520141489185288e-06
8.050507504126778e-08
1.1554374174111852e-09
6.131116507003873e-08
0.8408981561660767
0.6960846781730652
0.9372860789299011
0.3121021091938019
0.17419585585594177
3.4578678669964145e-09
0.9372860789299011
0.8408981561660767
5.2887909033353136e-11
0.8408981561660767
0.5528241395950317
0.9372860789299011
9.448560895605109e-05
3.26111802312154e-13
3.5629649092922427e-07
9.723114547089716e-13
4.174551694540749e-08
3.714905603695208e-10
0.4594095051288605
1.3760956413343132e-08
3.6751592702919e-10
6.7114898459789655e-06
0.5528241395950317
0.0003051399530063087
6.439716678538338e-11
3.6099442206272354e-07
1.735066392984704e-08
1.1622243111775648e-10
1.0210368715773825e-08
6.037757908502793e-11
1.8169243969866105e-08
7.344725202160901e-11
1.852223213965411e-11
1.1033565399719588e-06
9.83332093176371e-07
0.0006689301476382675
9.725106312634546e-10
1.1367402464025978e-10
3.6107543576595835e-07
1.2176767921361959e-11
1.054837483666328e-13
3.7423385341686385e-11
0.0003295013963957
2.3073584681738296e-06
0.9372860789299011
1.3577544028737617e-07
2.2732673055310837e-15
1.7450669420976558e-08
8.035251136693492e-10
2.8232793025862195e-11
7.197191694583372e-10
5.732489810956668e-07
2.484620314571374e-09
3.899164000951993e-09
8.375761907179668e-07
0.6960846781730652
5.880280581186981e-18
3.6473487615458314e-06
8.84958831435917e-10
3.823672704356178e-11
0.5837261080741882
0.9372860789299011
1.1313044285684004e-10
1.1681172877656005e-06
4.977156532783054e-13
1.294604879631686e-13
2.721084082044082e-09
0.6971200108528137
5.736642537463791e-07
6.611108461748172e-07
6.04945894325677e-08
2.9770807046044128e-06
3.357482684143722e-07
0.22202226519584656
5.4721219223024875e-18
1.0916219940639696e-07
1.1766836708962873e-10
1.8622560810083197e-06
0.5402647852897644
0.8408981561660767
0.44854703545570374
1.4318741047231052e-12
1.1438383840778634e-07
0.9372860789299011
5.257146669747153e-06
1.719010312668367e-11
2.662302052620689e-06
9.928636763725464e-12
0.01629061810672283
1.8721998110644215e-12
3.366229407671491e-10
6.30123666970174e-12
1.4990896448178963e-19
3.2930498379705953e-10
2.580158915024401e-12
1.0567448375961301e-08
1.5559691461088237e-08
0.22202226519584656
0.00025369856881381935
4.686829178944403e-05
0.9372860789299011
1.4365750302887058e-10
9.450019206686151e-12
0.9372860789299011
2.8984015171591074e-07
3.427184117503409e-06
3.5414136488250813e-08
0.6605135202407837
1.520816863013474e-09
0.9372860789299011
1.4049488343328906e-11
3.155620532262446e-14
0.03816322609782219
8.01369196847556e-09
0.4859231412410736
0.3838696777820587
3.131808995823774e-07
0.00030147895201619243
0.6960846781730652
3.166161499443073e-06
6.085908328264365e-07
2.432012376686176e-07
3.2257095644526637e-09
0.0008024166201686638
0.9372860789299011
1.239038965319612e-07
2.9562818856392175e-09
2.544946250048808e-16
4.822909404039516e-11
1.4218793302374826e-08
0.9372860789299011
3.871699307509574e-05
0.9372860789299011
1.388128214283951e-07
1.2342673264977352e-05
0.6605135202407837
1.6238052408104828e-08
1.8785285897754914e-13
8.361173829670709e-11
1.9262073634003305e-10
1.9952972123324977e-12
2.861794350311862e-09
1.9482826300138747e-11
5.542117982012586e-14
0.9372860789299011
5.22313308650994e-10
1.1622243111775648e-10
0.6605135202407837
1.8276471568350024e-11
1.5869930269525797e-10
0.44854703545570374
0.9372860789299011
0.9372860789299011
0.0003788737867510514
2.4126467649578463e-13
9.813609728254186e-14
0.6960846781730652
5.810230878318189e-07
0.9372860789299011
3.0839554422814003e-10
0.9372860789299011
2.336878710276914e-07
8.17660258111267e-05
0.5486443638801575
1.4622154143457076e-06
8.758160415394747e-07
2.5470055514538805e-12
5.885698021021523e-09
9.892390193342656e-07
5.280807084604929e-10
1.4758265328028743e-10
2.9477618799183104e-14
1.9471373413324457e-10
0.8408981561660767
6.08192260692253e-12
4.404588005377518e-09
0.9372860789299011
5.704006612631756e-05
1.12298579323087e-08
1.3265028172497182e-09
7.203383500556606e-08
0.9372860789299011
7.415943349654031e-07
4.9302676940907676e-09
0.9372860789299011
0.6605135202407837
4.2338780443784426e-08
0.4859231412410736
8.34849984681016e-06
8.011308021247255e-06
0.00019324206102363237
9.939594665121249e-06
0.00014147490406680047
2.4836395017691003e-08
1.8408126858450876e-10
0.3671954274177551
1.0550523788713814e-12
7.233618528533871e-06
3.133375979128704e-17
1.5083617980604285e-09
8.970990782098835e-07
1.970506994490816e-26
3.3088443372627675e-10
1.3454022841178663e-11
1.0008325040979224e-07
7.761673051918903e-12
4.26069184848469e-08
1.9598380663592693e-08
3.674486592134296e-10
1.2247709012399384e-10
3.6272471762497144e-05
6.9293064644431994e-06
2.9303592642066967e-09
4.1987568938485214e-05
0.9372860789299011
0.0007121107283052055
2.0623487751306856e-11
3.986183820043508e-09
0.9372860789299011
0.9372860789299011
3.0992393857883844e-10
2.7998766406453764e-15
1.3661610415399474e-07
4.620414565489096e-07
4.297362885538754e-11
0.9372860789299011
6.589340108808182e-05
1.5447305948307532e-09
0.9372860789299011
9.434272125921118e-10
0.014598200097680092
4.371764026631653e-06
1.1622496624869561e-10
5.620602092756489e-10
3.816340567170416e-12
8.969995449272925e-15
0.00018949664251019887
0.459948867559433
2.0099569632683994e-12
2.902184711168103e-15
0.0001993955823226035
1.2524832151970495e-08
3.1054339845926947e-12
1.6768898377260158e-20
3.800287291368492e-09
2.1488353165953948e-11
2.1273691307677106e-05
1.522737021774825e-05
0.9372860789299011
0.9372860789299011
0.9372860789299011
5.024760254945057e-14
5.810230878318189e-07
2.792220889248392e-06
3.2993966804855857e-09
7.102169662860603e-07
6.496139945894408e-10
0.0005680922470868432
8.775659776696268e-07
3.684963408743878e-15
6.264574327355895e-07
3.351913429590239e-08
0.007855535369857196
4.022761502025012e-06
0.9372860789299011
0.9372860789299011
7.458418399233054e-09
1.3442166709390825e-05
2.0973365326534406e-07
5.212871902813962e-09
6.973133904907968e-06
1.134470367054519e-06
0.22202226519584656
1.6397443231296634e-12
1.531264644428254e-14
5.649543652931973e-10
0.537726640701294
0.9372860789299011
0.0010723147739672406
3.136552515150817e-12
1.5138971508182285e-08
7.043939466595464e-08
9.453601865237321e-09
2.26506713185751e-05
0.9372860789299011
4.213852643292618e-09
0.9372860789299011
8.930753810705341e-05
0.9372860789299011
7.257614510102436e-09
0.9372860789299011
1.2833821029759427e-11
0.9372860789299011
1.8934276340408361e-06
5.172934313422657e-09
0.9372860789299011
2.0148161362768074e-12
0.9372860789299011
1.031089117609507e-12
0.537726640701294
4.28460827201455e-06
0.9372860789299011
0.00010864182774904092
7.493347520086685e-10
0.312208890914917
7.808503465337067e-06
0.9372860789299011
0.8408981561660767
3.4728562491775456e-08
0.00012600429193024268
0.6720494627952576
2.906987021598965e-11
2.9481505590938955e-07
4.5682115421848057e-14
1.266001575279426e-09
0.9372860789299011
1.6889134639819536e-09
9.335937265028384e-08
2.694210439380311e-08
2.723187792999532e-07
5.9517155904252086e-05
1.0975439445436504e-14
7.74254569192871e-08
3.4941022461376493e-09
9.692891899212561e-10
0.9372860789299011
5.204070757761156e-11
6.047084641569227e-10
7.237936626297949e-10
2.1090792147362254e-14
3.4335495892953913e-12
6.486536028103826e-11
3.166161499443073e-06
2.4835035761385224e-06
0.07013189514361566
7.26455842006549e-11
3.0113468154189702e-09
5.879590349263347e-07
1.640574616032486e-08
1.6323025813655195e-06
3.634051338132484e-10
5.810230878318189e-07
4.7270542699864886e-07
8.347933755077937e-08
3.3539493978239484e-13
0.0003859180638533482
3.3510853201375146e-08
0.8175554871559143
3.0229188784565353e-10
9.646801944554608e-12
7.092929562436913e-12
0.9372860789299011
0.03816322609782219
2.9069883666041285e-10
0.37391090393066406
4.228329790652609e-09
6.181211374573869e-07
0.9372860789299011
4.032572413526222e-08
3.3752242412522364e-08
1.5128443365701386e-09
0.6971200108528137
2.846524975157237e-10
5.8557175364663485e-08
1.264373358240538e-10
0.6605135202407837
1.3936068156104422e-07
3.25802734144357e-06
0.9372860789299011
0.9372860789299011
0.21543624997138977
1.5978765689573832e-07
3.240057618742113e-07
3.1752890875759763e-06
1.5358169990473612e-10
1.8408259893820274e-10
0.07013189514361566
1.968421652770945e-08
1.5103671206469436e-05
1.7682273152775895e-08
7.977877046894554e-07
0.537726640701294
0.8408981561660767
0.0001294646811915953
0.9372860789299011
3.223649011325453e-06
5.5569123465036415e-09
7.592699377924785e-09
0.9372860789299011
0.8408981561660767
1.677419742213803e-08
3.9048010560427165e-14
0.20736366510391235
1.6374413212574794e-08
0.9372860789299011
8.281796567760533e-08
9.034763597491941e-10
4.0964121715796525e-10
3.1603700016046854e-08
7.229184781402447e-08
5.944549551716773e-09
1.563894021222103e-06
3.09915475006554e-12
2.901894725113406e-13
4.386186705614837e-15
9.668268483011336e-13
1.5436271115595822e-07
6.036085409689335e-10
1.511159540380508e-09
0.013574149323682949
1.0991238220666674e-07
2.927233559184036e-10
2.234721875838984e-12
2.2499163138717963e-10
9.872000924179119e-09
6.535172412429963e-14
1.095556916850891e-15
0.4859231412410736
7.189089214607342e-07
2.9624513985226503e-07
0.5486443638801575
7.200718519660551e-07
0.41651004552841187
1.317658186254926e-15
0.6605135202407837
1.220472988528024e-07
0.9372860789299011
8.234757951541795e-14
5.832165780709559e-11
0.000251324301996408
4.602483125671402e-16
7.78775596042007e-08
0.9372860789299011
2.114347178934774e-12
1.1806621780437097e-07
0.9372860789299011
0.000275005411927662
3.931480511656166e-11
0.9372860789299011
3.665449847326515e-08
0.9372860789299011
0.017089147730637855
1.6010179344244926e-08
0.5528241395950317
0.8408981561660767
1.2047272365148804e-06
4.1804893509888406e-11
0.013574149323682949
2.321044037176185e-05
1.499428467980349e-13
0.3535574972629547
0.9372860789299011
0.8408981561660767
2.124447567469954e-10
0.9372860789299011
2.2107344791954634e-07
9.864655390912713e-05
3.8677235274789505e-10
0.8408981561660767
2.636825973994114e-07
2.87033699942687e-09
5.115242756466584e-12
2.5282223361992278e-08
1.5151597445185245e-10
1.7022213691035027e-09
2.654319683842563e-08
0.3317919373512268
1.16735993396644e-05
8.896876054789198e-09
0.9372860789299011
0.00019083203731860992
1.30048242513641e-11
6.823897786179004e-05
3.166161499443073e-06
0.9372860789299011
8.593698607460323e-14
4.3640957556444496e-13
4.938712201256339e-05
5.6395760187699665e-11
1.0972958128361505e-07
0.27385497093200684
0.3601546287536621
5.211238454249072e-05
0.00040376804346992
2.708178449421203e-10
4.078142818739429e-11
0.9372860789299011
1.1680051667652902e-06
3.5598236080572325e-10
1.2019012565099446e-14
3.0313965352384157e-05
0.9372860789299011
2.7106859654694882e-11
5.585334529566944e-13
7.496943630830785e-05
2.0332590297303897e-05
2.028409126408449e-09
0.6605135202407837
1.0526069468249852e-06
3.322189610642775e-07
8.275986876982932e-09
0.9372860789299011
0.9372860789299011
1.8318849149184376e-07
1.2153629471119802e-07
5.299613429035801e-09
0.8408981561660767
0.9372860789299011
2.4893341704427473e-07
4.130870233895551e-11
0.4474148452281952
2.613528037501593e-08
2.8340626335735665e-07
9.133481497342812e-09
1.0364298823884124e-10
4.632936842974969e-13
0.9372860789299011
3.618314090071072e-09
2.975377548005937e-06
2.511501960708795e-09
0.6605135202407837
2.6588575978900185e-07
1.3350862108147026e-07
8.43627942370693e-07
0.8408981561660767
0.9372860789299011
4.110367211831305e-09
1.8642330691153503e-07
9.623513792449696e-08
9.380115466536571e-09
8.57142723721156e-06
4.219587050205971e-06
2.674676647831068e-06
9.900265887903806e-18
0.9372860789299011
9.741008373313443e-11
6.490352084295393e-11
1.44910999576843e-06
0.00020828427187314917
6.232032822031046e-11
3.166161499443073e-06
9.042136385090358e-08
1.9105087540443303e-09
2.0088137944336806e-13
8.332409075808162e-14
3.0396029167677016e-18
0.9372860789299011
0.6605135202407837
1.5973188957681497e-12
0.5528241395950317
5.491299922138488e-10
4.202970140664474e-08
6.113493849803886e-10
1.9298123279409865e-07
0.0009692306220856242
6.304662942967429e-16
0.8408981561660767
5.41237382252433e-10
1.665796954466575e-11
6.476880640791779e-07
2.1640843045422357e-07
1.2776509205185794e-10
3.5315070339092445e-13
3.052456165188177e-10
1.4290862028615105e-07
0.9372860789299011
1.8586745666752233e-06
7.61254437310863e-09
1.9046881561507996e-10
0.4859231412410736
1.0114465420784448e-10
2.6125373936418382e-08
9.60599954377336e-09
0.8408981561660767
3.497631436493491e-08
6.307338788767915e-08
4.56705920860223e-09
4.638599608467375e-08
1.1565116406878986e-05
1.1754115189484876e-12
1.7071431848251783e-06
5.973245665300246e-07
1.3557619669865884e-07
1.6725029871459547e-07
3.1087998858669486e-09
3.8007015333165187e-13
6.366407485680094e-05
1.3557326548757096e-07
0.4322049915790558
0.9372860789299011
1.294604879631686e-13
8.282015239062645e-05
0.0005657187934328886
3.8359410536924044e-13
6.573441945794467e-05
0.9372860789299011
4.786381761147503e-08
3.1960316006921912e-12
0.4859231412410736
0.9372860789299011
0.6720494627952576
7.874750506080785e-08
2.8004434461478826e-08
0.9372860789299011
1.3031449497757798e-10
8.165170299467565e-05
1.0898043664627656e-07
3.3306011544965915e-09
0.0004104293351679042
4.076642428985994e-07
8.504830045702478e-11
4.531470050207213e-09
5.4113493665789896e-12
3.499554992352067e-12
3.487555045466791e-10
0.6720494627952576
3.9486707521454384e-08
7.4812728191487e-11
0.5486443638801575
2.5900026363191945e-10
9.368396837458093e-08
1.557453230442637e-11
0.0027782544009861965
1.1360173730076694e-08
5.8048672142182354e-18
0.16480763256549835
7.67002002075626e-11
3.035233715449244e-06
0.9372860789299011
1.0418910682549574e-05
1.6521730809257246e-12
0.3022008240222931
0.9372860789299011
8.118232906314971e-11
2.335980641912156e-10
0.6720494627952576
0.3639342188835144
8.805183776954479e-08
2.5372794780426178e-06
8.44195054360326e-09
0.9372860789299011
0.9372860789299011
0.0001868204712981436
0.17419585585594177
0.5671029090881348
0.32717329263687134
1.713663874888443e-08
1.0222465213665084e-10
0.9372860789299011
4.939411572805014e-16
5.649886453797527e-10
0.00020291003156598653
1.1072766648491252e-14
1.2518969586514098e-07
1.4690870942523852e-10
3.214083227581705e-11
1.871874597404291e-09
5.315536462348342e-08
7.257614510102436e-09
0.8175554871559143
9.217965675535416e-09
0.9372860789299011
1.892655608875127e-08
1.253507810436503e-07
0.26810118556022644
7.721297741549963e-09
1.9746512659163605e-11
0.0030240030838271908
0.9372860789299011
0.00011380650302431548
4.012889344359736e-07
1.0611905742942728e-06
4.238749611825109e-07
6.168438509488276e-06
7.95314934303433e-08
8.768642957948616e-08
6.463304639592766e-10
0.8408981561660767
0.0027782544009861965
4.468967058022741e-09
0.9372860789299011
0.9372860789299011
6.079425182059461e-09
1.750353096346442e-10
0.5486443638801575
6.0459641551619554e-09
0.5099443793296814
2.7980379942334158e-08
9.741824730643656e-09
4.015760355531025e-09
9.308688505767943e-08
0.0038592148830426387
4.178221867470042e-05
3.427184117503409e-06
0.0004104293351679042
0.6960846781730652
0.9372860789299011
0.4141811430454254
6.127533359783393e-12
7.88660332289069e-06
0.6960846781730652
0.21754395961761475
0.9372860789299011
1.876341633316091e-05
7.709813293745164e-07
0.00018239557420799768
0.9372860789299011
2.8495634559579905e-16
1.1402044125424374e-06
1.0611905742942728e-06
1.2697536591477946e-13
0.0005102074420045635
0.6960846781730652
3.335097275262488e-06
6.088160981544358e-06
3.365808562095422e-06
0.4859231412410736
4.001813189755375e-09
1.2630673342854402e-07
2.1985818711659594e-09
0.9372860789299011
7.871457666709785e-10
0.9372860789299011
3.2015295099932867e-06
1.8657263115223293e-12
0.00032258566019201587
9.23199610645537e-22
1.0455993132431966e-07
6.193034550255288e-05
0.9372860789299011
0.4669843018054962
7.990010765450581e-16
0.9372860789299011
3.166161499443073e-06
0.9372860789299011
1.1948390548633143e-12
1.735066392984704e-08
1.808807110702359e-06
7.667893768840848e-08
0.38796308636665344
4.26436220263835e-06
6.248990646391886e-08
0.9372860789299011
2.898005869124408e-07
3.7331688813175194e-06
6.29644917959027e-14
0.9372860789299011
6.9293064644431994e-06
1.0163576597458483e-08
4.433364216532436e-09
2.8585552784276854e-06
5.8378928596665195e-08
2.6320277929888494e-05
0.06747851520776749
1.8007773801120438e-05
3.179233862662638e-07
0.8408981561660767
0.9372860789299011
5.9961170110809544e-05
4.277876030017811e-11
1.1232684291790795e-06
1.487583012449243e-10
3.3008261132914274e-15
0.6960846781730652
8.410789089814242e-09
9.792434036065487e-10
7.440157222634596e-17
1.1762139248800489e-11
4.4277402925278094e-14
7.143648470416211e-07
0.0003342227342958402
0.00014167955346915362
2.446767422986869e-05
4.735835360069526e-08
1.2875247011352629e-11
5.7704278317843534e-09
2.9662956753281834e-13
1.0634116096634966e-10
0.9372860789299011
1.1148252412380465e-09
0.9372860789299011
2.7307768995472167e-08
3.993855786153761e-09
0.5379326939582825
0.00027994934875950894
1.735066392984704e-08
1.6757522092333378e-09
0.5486443638801575
1.1283029411409394e-19
4.680506716230897e-15
2.989075804495637e-05
1.3856595699274278e-08
2.0330287243124277e-10
5.810230878318189e-07
0.00014167955346915362
3.364827225209393e-11
8.069895610445377e-09
1.1606571660578157e-06
1.8449095900061667e-09
0.5486443638801575
0.6960846781730652
1.0210368715773825e-08
1.1461390215955824e-06
2.3708382094798793e-09
0.4408397972583771
5.2218587519349275e-12
0.312208890914917
8.063437386862543e-06
1.2991235616293939e-12
8.285049821351554e-07
5.810282715498766e-09
5.803142777222515e-06
2.8070242503157577e-05
7.760872577219735e-08
2.3831254279164534e-12
0.8408981561660767
4.325038266253416e-11
0.9372860789299011
1.414013467140574e-07
7.61284911467049e-09
1.2715960797898513e-05
4.26436220263835e-06
1.0846592680235308e-09
7.595289919445225e-13
0.8408981561660767
8.375815695048739e-05
0.00016624374542292906
1.0314392967148651e-07
6.980652658556803e-14
1.761140223808941e-07
9.299397518959734e-06
0.8408981561660767
0.3040960729122162
2.6585005190011254e-15
5.6772670412337235e-14
1.2630673342854402e-07
5.178250860529679e-07
0.8408981561660767
2.906966501556531e-08
7.3452263375116356e-06
1.1628207293094155e-14
0.9372860789299011
4.415194174543386e-08
2.873557409508354e-08
1.2862509176143314e-05
4.882002711065479e-10
1.637338035411483e-12
5.078006051591291e-09
1.9833808711426158e-09
2.9123540272305945e-09
1.2307977588185167e-09
0.459948867559433
1.2680171133345531e-09
0.4859231412410736
1.7854600689575858e-09
0.9372860789299011
2.629309000568107e-06
5.545549496840774e-11
4.965045039516456e-10
0.8408981561660767
4.273498308659205e-09
2.129136460079972e-07
7.093428146098269e-06
0.00020540143140736694
1.5831919052858266e-05
2.563478514984888e-10
1.2871665076700605e-09
4.510303399503566e-09
1.0814560756160874e-08
1.9930267593576383e-08
3.734298048362972e-11
1.2480817101815284e-05
6.944237263035747e-21
4.259363269737989e-05
3.2245340442299395e-12
7.245651178210956e-14
3.3400890076115465e-07
8.102542155452008e-07
0.00021438016347661489
9.385008985232994e-08
1.3375669534191873e-06
3.083224769098125e-07
2.1721379517794188e-07
3.7290096902627844e-14
8.25569074920837e-07
4.832168239109296e-09
2.855573017579949e-14
1.0663231684329936e-16
3.9720074229410966e-10
2.942155590724237e-07
0.0021421193789299925
0.2516244649887085
2.852497492338784e-10
9.322660300475962e-13
3.960643012599994e-12
5.641108341371836e-12
1.0940131571545106e-07
0.00010864182774904092
1.3208889107655565e-08
1.5684144405712841e-09
1.0502845340742338e-09
8.83824914590117e-13
9.002902430024191e-05
0.6960846781730652
0.22264990210533142
1.4380069783051494e-09
6.141024027830261e-18
8.12158650728343e-11
4.805046713386835e-10
1.3725859506405255e-06
1.28271484255456e-11
3.0774386985225487e-16
2.654156160658906e-07
0.6960846781730652
1.0437854871469057e-09
2.697719985486629e-10
7.596389183533314e-11
1.1167240645119989e-09
3.0117553706728065e-06
0.9372860789299011
2.0715619157491805e-06
0.6321133375167847
2.0837203460460692e-06
0.9372860789299011
4.1617541851719865e-11
0.8408981561660767
2.8806686326959876e-09
2.4035286353828553e-09
7.652854261345986e-09
0.5099443793296814
8.830510496849116e-05
0.459948867559433
1.4011293847739644e-11
3.497245962395014e-11
1.3344147456938264e-09
0.6971200108528137
7.74844697967479e-10
2.697719985486629e-10
0.3671954274177551
1.2216999238217772e-11
2.079023200879873e-11
0.8408981561660767
6.314351785449519e-09
0.6605135202407837
6.7458078786654565e-09
7.347532888505913e-11
1.0018144627514586e-05
4.691655207928637e-11
1.111279006971285e-09
0.9372860789299011
0.9372860789299011
1.6178306404234003e-05
1.932977801659329e-07
0.0016025169255558217
0.00011043267263184317
4.110757802608491e-08
2.6960327804953995e-07
4.1323003207118084e-13
3.6601501039505065e-10
2.841866958048907e-16
1.2681060625475323e-09
0.9372860789299011
0.014598200097680092
1.4101404544129866e-07
1.2150178636526828e-07
6.211848311653085e-13
0.9372860789299011
5.315536462348342e-08
4.7631408341876866e-08
0.8408981561660767
1.2901598630869278e-09
1.0210368715773825e-08
3.860190086844447e-12
0.0004457165091446756
2.1054972536905823e-09
7.23753692491738e-10
0.5528241395950317
5.570187046867885e-11
9.413501300973322e-07
0.9372860789299011
1.300315291535379e-09
0.9372860789299011
0.9372860789299011
0.9372860789299011
0.22202226519584656
0.9372860789299011
1.3032213942454248e-10
6.882977039683829e-10
2.4365390525493713e-12
0.9372860789299011
2.35286554110968e-10
2.092239920455925e-06
9.324251132028975e-10
6.001355250715132e-10
2.2481366448934864e-06
7.800419862015936e-09
1.4242242702337197e-06
6.826907078268409e-07
1.6506913728946994e-08
0.4408397972583771
0.00010864182774904092
0.9372860789299011
0.8408981561660767
1.0690390885731255e-07
0.9372860789299011
3.325814695406473e-11
1.0852113854212474e-10
1.1989859758391538e-06
0.01629061810672283
2.0296684534863136e-09
7.740755046645529e-13
1.4985660127191117e-11
0.8408981561660767
6.205855289182452e-17
8.589553737699442e-12
0.9372860789299011
1.9971920220678343e-05
5.188830023163894e-11
2.737043815304681e-07
4.4490149330266263e-10
2.717677610212182e-10
0.8408981561660767
1.1622243111775648e-10
4.931419771893989e-13
8.384818369314948e-06
0.4859231412410736
1.0803308440282016e-05
2.756459909202709e-11
2.019943416989582e-12
1.4463649942129148e-08
1.3188259440934925e-05
0.9372860789299011
1.1786887586879375e-12
0.9372860789299011
0.3671954274177551
0.4859231412410736
3.147337818787211e-08
0.9372860789299011
0.0003150462752617306
9.45885114184296e-08
0.9372860789299011
6.857984314609855e-08
2.2606832193757953e-17
2.0994753376526563e-11
9.442312428708706e-13
2.530447232171382e-09
1.0995533383790735e-10
2.294715165185013e-12
4.464801399991648e-06
2.9710036703947775e-09
0.00020317752072078374
2.4429087321344244e-06
3.714801040351884e-08
1.2842855611917195e-06
1.15845915554763e-05
0.44854703545570374
0.9372860789299011
1.6411246148230662e-14
5.3163675550110833e-11
1.8357950176704258e-10
5.144376327682432e-09
1.2720262739256969e-22
1.2707628726126263e-12
1.7014131743452058e-11
2.2983709567977355e-10
2.727136947639594e-07
7.923800743133729e-12
3.75176676118771e-11
3.8494280674927576e-09
5.248167636430399e-15
0.9372860789299011
1.1303687729694957e-07
2.34970609468965e-08
7.820629530140257e-05
3.426261855424245e-08
1.0839634346691007e-10
1.3459769605545605e-08
7.401821098701992e-11
0.0005102074420045635
0.9372860789299011
5.8419207326422925e-06
4.933950776301904e-10
3.5981486179994067e-09
0.9372860789299011
2.8417114775561505e-12
0.6960846781730652
8.654102996584956e-08
4.2005004232282145e-09
2.6933254708904896e-07
3.929440735765899e-09
1.0523646972475553e-07
1.0705609977466047e-10
9.458718160036074e-09
0.9372860789299011
1.6498917045406414e-07
6.903268356524808e-05
5.052634691182624e-07
2.055211982848604e-09
6.9293064644431994e-06
0.9372860789299011
4.307468960851166e-07
1.329763232395747e-15
1.7445047979955342e-09
7.129206979508438e-10
3.110275165920352e-11
1.663440954727854e-08
7.920587716770516e-09
5.645556885363452e-10
0.4859231412410736
1.388128214283951e-07
3.630191588735036e-07
1.447457397072327e-10
6.774966749376741e-13
9.177260046631637e-06
4.493280827790498e-05
1.2649001231448576e-07
0.4669843018054962
0.9372860789299011
1.1042191258443714e-08
1.7501703670424958e-08
3.7063148612956423e-09
0.9372860789299011
4.080425344447627e-10
5.185591639999798e-12
4.284250757536398e-06
5.828100465003529e-06
9.100752556937482e-09
0.00026397460311109345
0.9372860789299011
0.22202226519584656
7.67404817879284e-06
1.991617960185803e-10
3.987708083780279e-08
0.00044708975784022234
2.5064127602408623e-05
5.962741772787168e-10
2.2778644255196088e-07
2.939621027579776e-07
0.9372860789299011
3.870554645210866e-08
0.00022933110091988908
0.9372860789299011
0.9372860789299011
4.1482779636443004e-13
0.8408981561660767
0.4859231412410736
0.9372860789299011
9.347575200890552e-17
2.3522100971132988e-08
0.07013189514361566
9.987407837102758e-07
1.5528318410611164e-06
1.0172774454663459e-07
7.460992282179827e-05
0.9372860789299011
4.282824287800706e-09
0.00018949664251019887
0.9372860789299011
3.0034673634486806e-06
2.1543789827923386e-11
1.1164637446237707e-06
0.9372860789299011
5.3302985677781295e-08
5.637905844380422e-06
4.493063119991771e-12
1.772682001123613e-07
1.0210368715773825e-08
4.948193178214623e-07
1.769311301864043e-11
0.007855535369857196
6.102550969376471e-12
1.514758977374022e-11
3.162901923468432e-08
4.0726792868508305e-05
5.211081992705574e-05
0.00010864182774904092
5.0545065412559683e-14
6.388036468743047e-07
1.7218260945330648e-14
0.4141811430454254
5.245980763036894e-09
2.3297945005221766e-09
8.558291540463678e-07
1.0614067027098814e-05
4.462147221027648e-05
4.579170188286694e-07
0.8408981561660767
1.000986066289842e-06
1.9599826364990983e-12
0.00032258566019201587
2.3906902385924227e-08
8.758160415394747e-07
0.9372860789299011
0.003668333658908618
6.356272758738085e-10
1.762500819095095e-08
1.4476408903465117e-11
0.5486443638801575
5.1431270817586054e-09
2.404041949592461e-11
2.7501258873145014e-06
7.78722578150173e-05
0.22264990210533142
0.9372860789299011
1.2823261272300558e-09
5.3790647896075757e-11
3.986523358832346e-06
2.1819882883825784e-07
3.810574191705561e-09
2.8694993270195163e-10
0.4859231412410736
5.315536462348342e-08
8.739213398491629e-14
0.9372860789299011
0.3317919373512268
0.5528241395950317
2.8583864497368457e-06
2.6960327804953995e-07
5.887934434838561e-09
5.354064236782278e-10
3.032700574407084e-09
7.195419440537353e-08
3.0399309602399137e-12
0.9372860789299011
8.507186223224762e-12
3.7225730430740346e-11
7.90474125529745e-15
2.445543852803977e-11
1.1050836420592519e-08
4.482804861702791e-11
1.0028815186693543e-06
1.735066392984704e-08
0.8408981561660767
9.571637905227394e-11
2.5265288250762004e-08
0.33278536796569824
0.00027527513437739713
2.898689053490365e-09
2.0179692021699938e-05
0.3149445354938507
1.5537646772412453e-10
3.9336006800588837e-07
2.65047454016076e-06
8.579175042149252e-05
0.6605135202407837
2.0784302247744904e-10
1.8687576572191464e-08
3.5850566310031076e-09
6.953692736043802e-15
0.9372860789299011
1.1370468668162822e-08
0.9372860789299011
2.375383259577899e-16
1.111866370043884e-08
2.6872032848084953e-08
3.6868994585573824e-07
6.803845131151302e-09
1.3535159374622315e-18
7.067382593800185e-09
1.3120571347198665e-14
3.5784805001610514e-08
1.1694268225236403e-12
4.937427623625655e-07
1.1193292922866415e-07
2.5709147497981638e-15
1.032806198594062e-09
6.091896866071754e-10
1.859842661733479e-07
4.5806179749761335e-06
5.951905983435039e-11
1.2672839328792036e-10
0.0001243691185370284
2.7152344502787447e-06
2.194305734420217e-11
2.7470714576268785e-05
0.5528241395950317
8.392068486635852e-06
0.013574149323682949
0.9372860789299011
1.6785037762309137e-06
1.6451700462631863e-05
1.2545384717187727e-10
8.516215860790232e-08
1.4511407311155105e-09
4.1572808415796324e-07
1.0127358594117486e-10
4.484418572327523e-06
1.1064712567724364e-11
2.3450463273364778e-11
2.2542071506575813e-10
3.3133629313806854e-07
9.821417652273295e-05
4.5522922480137086e-07
2.703601556546012e-12
1.735066392984704e-08
0.9372860789299011
1.3725859506405255e-06
2.6549223180582492e-06
5.966994244909654e-07
3.10922449800993e-05
2.2038690417722256e-11
4.159039759250897e-08
3.166161499443073e-06
2.497146267942527e-11
1.7065734086894678e-08
8.46175313199301e-13
0.9372860789299011
2.9770548314336165e-17
8.834154820678586e-13
3.1637736768141155e-09
1.787006902370004e-21
1.0470380947683593e-06
0.8408981561660767
0.5528241395950317
3.029405851691101e-13
2.5192224539532404e-09
7.614177984890292e-09
9.99892669475761e-11
1.9676969715473724e-11
4.595119968578503e-12
0.21754395961761475
1.6207808705821677e-06
1.2702165836784063e-10
1.6324942232846788e-15
1.4729616727908825e-10
3.560156947634717e-14
0.6605135202407837
5.44194376728044e-10
4.304226791620639e-06
2.3748554324836267e-09
0.8408981561660767
9.010927753619817e-09
1.1619978743818786e-07
1.3673689441926178e-07
4.6019862963691256e-07
3.987708083780279e-08
1.5429157702326785e-11
9.109893852349525e-05
0.6960846781730652
4.489526020424949e-19
3.3811632609166684e-10
3.166161499443073e-06
1.4135017510435378e-07
0.9372860789299011
0.9372860789299011
8.19435123592456e-15
0.5097178816795349
0.9372860789299011
4.4105215259148397e-10
1.943012879887077e-05
1.0251170930397524e-14
2.829962585293168e-08
8.57755814614849e-06
1.8554543584381165e-10
0.9372860789299011
0.00013753500426422996
1.9475777127560254e-06
2.7409833534695137e-11
6.613851704837182e-10
0.9372860789299011
4.986103139428724e-07
1.351898486982368e-08
1.317710764175623e-05
1.1025315958388198e-09
2.7456605716169913e-10
3.166161499443073e-06
2.124485115023941e-09
8.839895187358333e-13
4.980768587878443e-09
0.9372860789299011
2.1496395916209038e-16
4.494281471618617e-11
1.5884564024714208e-12
5.758094625608111e-09
1.1732720975596196e-07
1.6797940056018603e-07
7.698626647366115e-06
9.2143258830062e-06
1.713545484620936e-06
7.813379152575356e-12
8.544598972475277e-06
1.8469127811800916e-07
1.8693908065982354e-09
2.9151389401929193e-13
3.6177929855036894e-08
4.839229444481992e-11
1.6489803482288614e-12
0.27385497093200684
4.505521347235643e-08
0.6960846781730652
0.6971200108528137
2.1361716398817077e-08
5.227426688343802e-09
8.918746336806708e-07
6.895786125042574e-07
4.898337481385642e-12
3.613625663316732e-05
1.2315821545414909e-05
8.406476339212922e-14
3.0404425243730824e-08
1.7538377425419203e-13
9.931245100131355e-08
3.243633626809102e-19
0.6605135202407837
2.0005754074249294e-07
5.04354332912691e-08
1.9393626507642243e-12
0.5528241395950317
1.6299977481797796e-08
4.027208499118186e-09
2.653550953414088e-06
1.2283630932240824e-06
8.194092276799872e-06
0.05862479479045945
9.139892822074657e-11
1.0210368715773825e-08
4.476757320171886e-11
0.9372860789299011
0.9372860789299011
1.8647221760472496e-07
0.060071904212236404
2.948705444641747e-09
0.014598200097680092
0.9372860789299011
0.32362592220306396
2.2932355736340657e-08
3.15925361206573e-06
0.6605135202407837
0.6720494627952576
8.521968131420778e-15
5.930805193242717e-09
4.4933901789479565e-11
1.3805195983531818e-09
6.282618743019643e-11
7.096246510265017e-07
0.9372860789299011
2.993916460617148e-10
1.050820663498474e-09
5.383367834207905e-11
1.3365742538863447e-21
2.0316085275974903e-07
3.020693627530318e-07
0.5099443793296814
3.880963636351883e-09
0.5206727385520935
1.2305425533441794e-10
6.961718742203677e-08
2.392342672473102e-06
2.3369287111912732e-09
1.005916358850252e-12
4.952502286238708e-08
1.4332482142080503e-05
4.660707025270967e-06
3.2205225692826985e-08
6.711056553299586e-08
1.4933232246329276e-19
1.0083664190118038e-09
3.097652485170432e-09
0.4859231412410736
1.0471847607914748e-07
2.0401915878593414e-07
1.8110699719859189e-09
0.005810324177200058
1.0574242237075081e-07
1.728706447186773e-07
1.0063012058004964e-07
2.124421903093473e-06
0.9372860789299011
0.4859231412410736
0.9372860789299011
2.268476771024613e-14
0.8408981561660767
7.232963478500588e-10
8.787110057677517e-19
0.00013902443246200513
0.9372860789299011
4.0317673712569424e-11
1.0518612783438648e-08
3.1934760623410505e-10
0.00012600429193024268
5.0346292443418135e-12
2.588323481569711e-05
4.774101784927658e-14
4.2838834152831773e-08
6.1256617928566604e-09
0.9372860789299011
3.1239512146550245e-12
6.5935064747767824e-09
5.3465303130017986e-12
6.21496055608048e-09
4.4490149330266263e-10
5.246357602189206e-05
1.5948685236158214e-07
1.4170100847424714e-07
2.1531439237658412e-05
6.44767160650098e-08
3.8303975463309866e-10
6.92251059083927e-14
0.6971200108528137
2.650467300810434e-08
1.3082281146168773e-07
1.915394561373196e-12
0.4859231412410736
2.6130230701854134e-11
1.0730123914363171e-13
1.6889134639819536e-09
1.7672461458909802e-13
0.9372860789299011
6.094422815753608e-09
2.5006971714015925e-11
1.3522608651886076e-13
1.2378257659580044e-08
1.4747048225739824e-07
6.126160386401411e-09
1.009473069292716e-10
0.21754395961761475
4.446554337266194e-09
0.4669843018054962
8.659037148384125e-09
1.2401202792660288e-05
7.156126501456207e-09
9.350789038463089e-06
2.6033734898019123e-11
0.9372860789299011
3.4305199879781407e-07
1.1259246424558014e-07
0.00025230377597411813
0.459948867559433
6.561462662084754e-09
3.255830293297435e-15
6.136507641303777e-07
0.8408981561660767
0.8408981561660767
2.565370101308802e-07
0.4320957660675049
6.106744469401286e-10
1.8073905907254795e-06
5.487025838157458e-05
2.6674512364406073e-08
4.881529760063731e-13
0.07013189514361566
4.347145562961386e-06
3.101261173406695e-09
0.014598200097680092
0.00020275855811642784
0.9372860789299011
4.6897226726407773e-07
0.8408981561660767
3.433109740265949e-08
0.00024188585130559625
2.4194942715577203e-08
0.9372860789299011
1.7773702810917066e-09
9.700555610626106e-12
4.22596574233525e-05
1.6075946042264061e-10
4.757167436535484e-09
6.495684291036499e-09
0.6720494627952576
3.986683090771884e-08
9.692891899212561e-10
0.3545757532119751
5.040219193501154e-10
2.2099359053940985e-07
6.292420862045156e-05
4.784582842984608e-09
0.8408981561660767
1.9027254186439572e-11
0.00010224846697977606
1.4428743219760607e-05
5.2820018415204345e-11
0.9372860789299011
2.8769056135046834e-09
1.1303687729694957e-07
3.0859611276441477e-09
0.002795152768539307
0.0008264597094070755
0.9372860789299011
7.0148855114162945e-09
1.7818222875422704e-13
1.4167743340503114e-12
5.481757072280892e-14
1.2464181829071628e-08
4.159039759250897e-08
4.4775344120926466e-06
7.12965711210455e-09
4.543184108609628e-08
1.85001922788273e-06
4.592125999815025e-12
1.9782216060089743e-05
1.1394488862585144e-05
9.300063812146218e-05
0.9372860789299011
2.8163448254346147e-11
4.4955751522596156e-11
0.9372860789299011
1.645765387522142e-07
1.9550334307167706e-06
3.239391384728295e-10
0.9372860789299011
1.2486654922185536e-11
2.1935881454381246e-08
7.812177554846659e-14
4.655981237576855e-06
5.810230878318189e-07
0.3880550265312195
8.112348207384591e-08
1.096928944570138e-09
2.436646425543998e-14
0.9372860789299011
1.5999105032489458e-10
0.3505622446537018
2.6421801874650054e-10
0.03816322609782219
0.5821930170059204
0.17419585585594177
6.629427576124397e-11
0.6971200108528137
1.215453512465139e-10
2.6612174272255365e-09
1.216240230318386e-07
0.9372860789299011
3.166161499443073e-06
8.851642285802481e-08
0.6605135202407837
1.038753524283539e-12
3.392602348525601e-08
1.735066392984704e-08
8.242047539198653e-07
0.6960846781730652
0.9372860789299011
2.173042036832242e-09
3.240057618742113e-07
1.4957842080598704e-06
1.3175091864055415e-18
6.468122486910678e-10
0.9372860789299011
2.0163398052423387e-11
6.504406184585907e-06
8.124299006523691e-12
4.812852870460047e-07
6.849116068000084e-08
3.032411940297323e-09
0.4859231412410736
3.35343111776349e-10
6.8261665857325815e-09
1.6399087670443698e-09
6.0946846044862386e-09
1.8498224066637014e-07
3.044456951194199e-13
0.9372860789299011
7.092105703754161e-11
3.810018352883622e-06
0.00012133416302175697
0.6605135202407837
2.8185758089366702e-11
2.9945552057101772e-09
0.46176663041114807
3.08942885446135e-14
4.866208024704967e-09
0.8408981561660767
3.454877507641981e-12
7.999486369018798e-07
2.1918515150329716e-07
1.411774332343135e-07
6.482434228946224e-09
2.3877353664779574e-07
2.3812754695038316e-09
2.652865924712151e-06
3.0897937051442294e-06
1.0275520577070544e-10
1.971160463967308e-12
1.4673443857968343e-07
3.4912551433681836e-11
3.346166751704902e-12
7.567857383246551e-09
2.401738733096532e-10
9.94558127640114e-09
1.9012794834007445e-06
3.5373522879451277e-08
6.2903312522484474e-09
3.954824810402494e-10
1.0634303518257387e-07
3.1119238929633695e-11
2.299945974431482e-07
1.6663688795497116e-08
0.0021421193789299925
8.717534992747823e-08
1.2771872985333813e-07
1.7736711589664903e-06
6.696946674869847e-10
0.010808814260273136
7.287047056171354e-07
2.691873302304329e-09
3.3354162283914407e-07
1.5335463336696679e-07
5.8306539361341706e-06
6.292438365881627e-06
1.4800508204249372e-09
7.063576694151823e-09
1.948207326957653e-05
3.2476502670950276e-10
0.9372860789299011
0.3639342188835144
4.449703410858402e-07
0.3671954274177551
5.144134562761845e-07
3.724827592440974e-11
1.6981208863275107e-08
1.1554374174111852e-09
7.106489426152767e-06
3.7209738599642365e-11
0.9372860789299011
2.4769085188687e-09
4.738500559473214e-07
3.5630384807512183e-07
4.2470772436867655e-14
7.137262947602707e-06
1.6919744016765213e-07
0.6960846781730652
2.6030292218507606e-06
3.4607436304186503e-12
1.494873869178349e-11
3.166161499443073e-06
5.544493976839855e-11
2.276561483959626e-08
8.092304633446416e-11
0.4859231412410736
0.07013189514361566
0.8408981561660767
9.606891351298809e-20
1.3073747198207427e-08
0.9372860789299011
0.9372860789299011
6.649130656382909e-11
0.9372860789299011
7.525547904468348e-14
0.6605135202407837
2.3313831800592796e-08
7.652055069300129e-09
6.264235131712235e-11
6.561294396331495e-10
2.043611406953688e-11
3.7510888554091105e-11
2.9144400131937517e-35
0.9372860789299011
0.9372860789299011
0.6720494627952576
1.3509228035893962e-07
0.0003688160423075267
1.8308159653423515e-12
0.20736366510391235
1.3386873852840748e-09
1.497809305107379e-06
1.1408689847667107e-07
0.00021582104441981623
1.0761497118250479e-13
3.132036056017401e-10
3.0780942736138365e-11
0.5395190715789795
2.4252898488085503e-07
5.810230878318189e-07
5.050174820972377e-10
3.833222372741758e-08
3.724188196252505e-06
4.146505119725671e-08
0.6720494627952576
7.734825831330347e-08
0.4859231412410736
8.480606833999129e-07
5.479906530738045e-08
1.6695492619906583e-05
7.378918585991491e-08
1.3784014516109274e-09
0.4141811430454254
1.8319468425567786e-07
1.1080448278045685e-07
2.344465306401658e-05
3.4415916110153342e-06
9.988952919128538e-10
0.3481692671775818
2.7375575023224472e-08
2.4764606061571825e-11
0.20736366510391235
0.9372860789299011
0.8408981561660767
3.0854005816691597e-10
3.2128860978150296e-06
8.926262769230748e-08
0.9372860789299011
3.8123492943320824e-06
1.0585549255502204e-10
0.014598200097680092
0.8408981561660767
0.459948867559433
3.800247193108937e-10
9.67976124053469e-08
3.6233836302504024e-07
1.4638017126794224e-06
5.534599887044465e-13
0.6960846781730652
5.661739909370599e-09
5.8959248603623384e-08
2.0750312905902252e-07
5.311602760081834e-10
3.2669957111842487e-14
0.00025230377597411813
4.00190202734621e-06
2.412497237250042e-07
5.508192270551179e-07
0.5099443793296814
2.793385838829305e-07
1.0539071701407898e-07
1.6845824031936148e-09
0.5528241395950317
0.8408981561660767
1.8916954057286745e-13
1.4892472144302329e-05
0.9372860789299011
4.758590017315906e-11
8.111372726538713e-11
5.369939971995577e-10
1.1445287547858447e-11
2.5813996245781057e-09
3.102180434065676e-08
9.970020971007348e-08
2.214031921565081e-07
1.7874874987163243e-09
3.5440944750696636e-08
0.0004104293351679042
1.5783780055439561e-07
1.6323025813655195e-06
0.6720494627952576
4.3353393023458e-07
0.17419585585594177
2.68542353503656e-07
3.642855797704998e-10
1.066082301502018e-07
8.896366699784556e-09
8.117252302260602e-10
1.7032599133585102e-12
0.00015687727695342244
3.0190874660944075e-12
4.263526179219475e-12
3.384620988987504e-10
3.225328150404451e-07
0.9372860789299011
3.7880298125269964e-05
5.7321127669967326e-05
5.559955037647349e-05
7.103614559421746e-08
5.274051391643542e-09
8.497424527578827e-13
0.4859231412410736
0.16480763256549835
4.975810491056307e-11
8.303154364428772e-09
2.314078729325963e-06
9.910081177141405e-07
0.501878023147583
0.9372860789299011
4.0337278812742315e-10
2.8945771900681466e-08
4.879079755843042e-09
1.8194235931992771e-07
0.5486443638801575
5.211238454249072e-05
1.5269662103692204e-07
2.691335820552421e-10
1.085030857250619e-11
2.5229685960268695e-09
0.44854703545570374
1.6574914103480922e-09
0.4859231412410736
8.433119793734709e-11
0.8408981561660767
8.813711020651434e-10
4.3818271131793354e-10
6.283531555226585e-08
2.651341951794209e-07
4.647900898576561e-12
2.1330709897902085e-07
4.305465528464296e-11
4.2221162315271856e-06
8.629034135749143e-08
0.10273124277591705
5.833595308254785e-09
0.6720494627952576
3.071776123434824e-12
2.9482406804210464e-11
1.1606695572085278e-09
1.150625256790166e-13
3.775631847062251e-08
2.741606878628416e-10
0.4859231412410736
3.4821790230353324e-06
0.3040960729122162
1.0526652530302728e-08
9.158744184872587e-11
0.8408981561660767
9.948285759383973e-07
8.636041140870903e-05
2.4257566388249035e-06
4.2435527439225506e-10
5.390893332694571e-09
8.435762699498786e-05
1.53000563356268e-08
1.9900546557447868e-07
3.041387485077164e-10
0.014598200097680092
1.3478139070077996e-10
5.416908339977512e-10
1.4910890756295418e-08
0.9372860789299011
8.875962104600049e-11
2.5248249243188854e-17
0.9372860789299011
0.3535574972629547
0.4408397972583771
1.9324894980462333e-05
3.665643157273428e-09
0.9372860789299011
0.9372860789299011
7.635059478769105e-10
1.7358862758625725e-08
6.872015623071125e-09
5.9070142174750785e-06
8.758160415394747e-07
9.371539322652065e-09
2.7469369531756856e-09
8.36408804828683e-07
0.9372860789299011
8.109724782031177e-10
2.700718606940571e-10
5.828159945509468e-10
2.8870665041227327e-08
3.842355843736458e-10
0.001150940012266825
1.187358580944016e-15
2.888885960964754e-09
8.052146347556541e-11
4.107450296763747e-07
7.829464054532339e-08
0.3664238750934601
2.1382402696564598e-13
2.3138896010499134e-07
1.3732096591526085e-09
2.9597478920156747e-09
4.410437585391733e-07
9.906769429978164e-09
7.294778407336283e-10
2.166608543829667e-08
0.9372860789299011
0.4408397972583771
6.376540772761228e-05
1.5322556370163706e-10
4.574303606744992e-07
1.9307174295232644e-11
8.154811286623087e-09
9.878648852386196e-10
1.7210727692666753e-06
0.5821930170059204
5.204753998260429e-16
1.1950041339315443e-11
0.9372860789299011
1.301779887657236e-10
1.2709584259174456e-10
0.22202226519584656
8.772536914080308e-08
0.8175554871559143
2.8248699493021507e-09
8.644983831343761e-09
1.1783574326487394e-09
0.8408981561660767
1.2100513137019166e-07
5.386068130780133e-07
7.427528283674164e-15
0.9372860789299011
8.897580379113353e-08
1.5950286981790483e-07
0.9372860789299011
1.9193502985730992e-06
2.2270971649451968e-11
2.239589998810691e-09
9.906704004415646e-09
2.79820479916271e-13
1.0854383209005528e-05
3.3595563348748823e-15
9.112679881827001e-12
2.51081914302607e-13
0.9372860789299011
3.777533723289317e-05
2.2291843859215443e-13
1.1560435896703022e-11
1.495695946370338e-17
3.467882570447436e-08
0.9372860789299011
1.2080472075456569e-14
9.566591095973053e-07
8.46568857920659e-11
5.168347127268413e-16
4.7505208354607224e-07
5.532600429035826e-05
5.0904639042799356e-05
5.453255080247806e-08
2.527193315719968e-13
8.571368811911205e-13
2.2366977890778322e-14
1.3234481659551686e-10
1.2896946190391914e-11
2.176898346982971e-07
1.439057970340267e-10
3.445778395999271e-09
0.07013189514361566
0.8408981561660767
0.3165520429611206
1.4931054683596608e-18
1.849512642869655e-08
0.8408981561660767
1.0013819141483838e-05
1.693885695387147e-08
8.712759816391895e-09
6.02287893896998e-05
0.004061551972511762
3.562730581417993e-10
0.9372860789299011
0.9372860789299011
3.971931007226992e-08
0.9372860789299011
0.9372860789299011
0.5099443793296814
2.794993078693045e-09
1.3613789969965553e-08
2.251993493613671e-10
3.1966988631740388e-12
2.587723299424405e-08
0.44854703545570374
1.695529658545685e-12
4.997398252530386e-10
0.9372860789299011
1.7043831302920716e-07
4.1008283497062426e-19
8.654102996584956e-08
2.7013656154587106e-05
0.8408981561660767
0.5379326939582825
6.7114898459789655e-06
0.0003173148703661272
0.28108516335487366
6.575418775016358e-08
0.6720494627952576
0.0001990454827236206
2.9240792133550125e-11
3.671488459089911e-09
2.900206281609898e-16
1.0877682289610424e-08
2.163660273021682e-11
1.7822820307574007e-08
0.9372860789299011
9.83443764433311e-08
0.9372860789299011
0.4859231412410736
0.060071904212236404
2.5477350148690163e-09
5.341907532666219e-08
4.96798007178136e-09
0.9372860789299011
5.821167987150405e-09
0.9372860789299011
1.067560714903983e-06
5.850544515570273e-09
0.9372860789299011
7.925342615501176e-07
5.444601549217117e-07
0.014598200097680092
2.613528037501593e-08
5.810230878318189e-07
3.166161499443073e-06
5.415425820590828e-11
0.8175554871559143
0.9372860789299011
5.971023615838958e-09
0.9372860789299011
0.9372860789299011
0.9372860789299011
1.101447373940738e-08
5.67356440968064e-07
6.200905393735674e-10
0.4859231412410736
3.173761685604468e-13
9.86736998999377e-15
2.9174820031968023e-08
5.928945997475367e-08
5.486640269591556e-06
1.9885883139381978e-05
2.5562454248663805e-10
3.708645688303119e-12
1.3275485610476916e-10
2.862438260252196e-10
2.680149323418534e-08
0.5821930170059204
0.8408981561660767
1.5523614797854368e-13
6.6472840254474e-08
0.5528241395950317
2.1896075560864994e-05
1.7821134198305227e-06
8.52743392901611e-14
0.00025230377597411813
1.1238496800725068e-05
0.9372860789299011
3.92366118201251e-06
7.341445701465078e-06
8.950251244781247e-06
0.9372860789299011
0.8408981561660767
2.2816978071847307e-07
7.874675537634761e-05
4.693964256250946e-07
6.926126267754472e-07
2.5430674385690345e-10
9.492512046527663e-09
1.9078294024370642e-05
3.1013353214166503e-07
2.525484935405185e-07
2.483659820027235e-07
4.619445238729182e-07
4.437806953448157e-10
0.21754395961761475
2.1361374893764568e-07
1.8272225094864667e-10
3.354153239437852e-07
0.6960846781730652
6.895325168964332e-12
3.141963597845451e-07
6.798190381354697e-16
0.0006689301476382675
2.082379637553574e-11
2.504519495525559e-12
5.012873956997504e-07
3.1324386896781625e-11
3.6976266017583087e-07
6.697385895616187e-09
0.9372860789299011
1.2282565993008829e-08
6.194658796954101e-09
3.654598912372682e-09
2.2786475800051045e-07
5.5185706176184295e-05
1.0046047183447963e-09
6.482678098918456e-05
0.9372860789299011
1.4537262375466493e-05
1.6443118075351218e-06
1.3087834791080551e-06
2.710646763492964e-13
3.781740897402887e-07
1.1619978743818786e-07
2.524327601877372e-16
8.716944304559011e-12
0.9372860789299011
0.0001604440487300479
0.9372860789299011
0.01629061810672283
0.31893491744995117
1.5083854809946175e-12
0.9372860789299011
2.5649495049073926e-10
0.0023097492611084272
0.9372860789299011
3.155028875979452e-08
2.939378680095124e-10
1.3926377251657537e-07
1.146876252006566e-13
2.8148406485614393e-08
6.240791722442803e-11
4.080163351974027e-06
0.014598200097680092
0.0009036674591652444
3.2684909359474374e-07
1.4818184106679716e-05
2.643509758450278e-05
5.665096961113919e-09
9.073193821892518e-09
1.8019821359793564e-08
4.3771012013285604e-11
4.250975113577658e-06
0.16469204425811768
4.781117642622104e-09
0.001759049337777159
0.8408981561660767
0.9372860789299011
2.7802094542312567e-16
9.10735779481933e-11
0.3639342188835144
1.395782682714634e-07
1.7606106206254738e-17
6.233460266014288e-30
0.32821789383888245
1.7329954725312482e-12
1.748042160332154e-07
1.2245147215631843e-07
0.5837261080741882
0.9372860789299011
4.446858429315187e-09
3.0313965352384157e-05
1.4084630098686085e-06
3.367884989422583e-07
1.7845624161236233e-06
0.9372860789299011
8.016820296979564e-12
7.479838213802857e-07
1.7258055837891236e-12
6.363882372175733e-12
3.71427791488737e-07
5.186553344094206e-10
3.944398789697676e-08
1.4312931911521978e-11
8.50789071241242e-09
0.6960846781730652
2.1546698292883106e-06
2.2240315973259004e-09
5.321805382204661e-08
0.9372860789299011
1.3985400397248316e-06
4.089997907643998e-05
3.922450481759754e-05
2.1622868274493053e-08
0.9372860789299011
1.2192416671499186e-12
0.9372860789299011
4.216453343522332e-05
0.4408397972583771
0.5821930170059204
1.5623389095702699e-09
4.150765246090057e-11
0.459948867559433
4.233563568727613e-07
4.519247286717923e-08
2.5671048875156456e-12
3.527584424390568e-10
4.843805410294881e-08
1.8225464886492345e-10
8.00403095189567e-22
0.8175554871559143
3.940522102225588e-06
2.100625310189738e-07
1.6060632830455605e-08
5.810230878318189e-07
9.933618945441721e-06
1.293230810178309e-07
6.053431523747175e-07
0.9372860789299011
0.22202226519584656
5.7637636148957554e-09
0.00012763935909574273
0.9372860789299011
6.78073329151559e-08
1.584816256467403e-11
1.1911852494599434e-07
0.00027527513437739713
3.303177465258487e-07
3.0156286298347226e-12
0.8408981561660767
5.660294062787987e-13
7.487838667154966e-11
3.190886550664876e-09
2.2453636705670252e-08
3.623986678204641e-05
8.338027860502063e-06
7.568451281535384e-05
0.9372860789299011
4.545878868581284e-05
0.9372860789299011
0.007855535369857196
0.16393142938613892
4.426288313947492e-11
0.3639342188835144
1.513173204784401e-13
2.325738091704137e-08
3.097226214816833e-07
1.682672880777642e-10
0.9372860789299011
5.6264014728774884e-08
8.263197942501138e-09
0.9372860789299011
2.610107928069778e-12
8.894636968122103e-19
2.575741216395874e-09
1.3942417264899567e-13
1.703818459237069e-12
2.5467200581980707e-11
1.1435290674371636e-11
9.539225677519737e-07
0.9372860789299011
2.1662761089308604e-12
2.696672426952323e-05
7.888621107527869e-05
0.3336687386035919
3.6747105429898736e-09
4.332829210878137e-11
1.6368344336631426e-09
4.19982471962735e-09
1.1262814128199734e-10
0.9372860789299011
6.9342349934447266e-15
9.929374080418212e-08
2.2700938184641737e-13
1.4577397758634735e-07
1.8440197839857873e-11
6.588956476271176e-23
1.3003505170769419e-12
3.0430780435459267e-15
3.8554726827241757e-16
1.7449350357344773e-08
4.961863054600694e-07
3.4974412864366945e-12
3.0899866244237115e-08
0.9372860789299011
2.8207069343531707e-06
4.811116332283199e-10
0.9372860789299011
8.935577683241243e-11
0.9372860789299011
0.9372860789299011
0.3729981780052185
0.0003295013963957
1.15845915554763e-05
8.289814101799865e-07
1.6323025813655195e-06
9.788714135530532e-07
1.4018295883798842e-07
6.732982594802087e-12
0.15677745640277863
0.537726640701294
1.2295275419626502e-09
0.9372860789299011
0.9372860789299011
5.115945380524545e-08
0.16480763256549835
3.0218677093106277e-16
0.0004104293351679042
1.0133169612642584e-08
2.841142497184826e-07
7.21685612510279e-05
1.2026896713988295e-13
1.1776973584059797e-09
1.3601620708809386e-09
3.166161499443073e-06
3.90318070898104e-08
2.137319583257034e-12
1.1400437972182737e-10
8.399101370128612e-07
0.013574149323682949
0.8408981561660767
1.048204733125063e-11
2.1449218950854933e-08
0.9372860789299011
1.9583128734317616e-08
0.9372860789299011
0.6605135202407837
2.1871666096505258e-15
2.7155893165902668e-05
4.090049492466045e-13
0.00023370800608971088
2.0055707764470587e-05
5.317604427644448e-17
6.618404971677053e-08
2.1248563199958403e-07
4.021156092699226e-10
0.24688521027565002
2.0999458909625448e-08
4.351532532371958e-07
7.042035347668495e-11
3.347672065464715e-10
1.0210368715773825e-08
1.671815043158984e-11
1.9328839944839792e-11
0.00025230377597411813
5.9962387672944015e-06
1.5247219569443305e-05
5.888443768661473e-11
3.0579293461182295e-05
0.00021912312647803453
0.0002931836979499384
1.4604156876512367e-11
2.3152269025236322e-06
1.260689274517277e-21
4.331505830910877e-05
2.692592266343775e-08
4.243891208641458e-05
6.056134007796463e-12
2.702582998765746e-10
1.515844253126193e-10
8.684708734644508e-06
2.3757635993453854e-11
2.854294865976419e-10
6.912112554188219e-09
3.510093104704508e-08
0.15677745640277863
3.166161499443073e-06
9.895174264606619e-09
2.5599192652907733e-09
0.8408981561660767
3.34943703063057e-10
0.8408981561660767
3.087503440188059e-13
0.00025230377597411813
1.4533838069885528e-05
2.066390914136782e-10
2.4997534443884942e-11
0.8175554871559143
1.9535216424009314e-11
1.2016631598272436e-19
0.3763289153575897
1.482907975215844e-06
4.336116681573249e-10
0.9372860789299011
9.533640325867125e-10
0.9372860789299011
1.3707642761147754e-05
6.84328788197796e-11
4.731849010870532e-05
1.2893961106169913e-20
4.03891968151764e-09
1.2378257659580044e-08
5.349866068561573e-10
9.697597144125016e-08
0.5671029090881348
0.6960846781730652
0.8408981561660767
5.075142213206815e-12
0.4859231412410736
0.00012778699486477453
0.013574149323682949
6.7200975496058316e-06
0.5379326939582825
5.284250932014406e-10
0.9372860789299011
0.8408981561660767
1.7829068196280691e-10
1.064746703869348e-05
4.93007022277212e-11
1.6591784654961095e-07
1.3126258782164251e-13
8.091253844613503e-07
3.241967544820776e-07
0.007855535369857196
1.5629556636871572e-07
0.22202226519584656
0.8408981561660767
5.8754239367368754e-05
4.394401009670939e-07
0.459948867559433
0.6605135202407837
0.8408981561660767
1.2019882857315035e-08
1.6160315888212948e-08
3.406608816538059e-11
9.596438029749405e-16
9.060586323047437e-10
2.3217521123420495e-08
2.9958015179879734e-09
1.748752134756438e-12
1.872010718398894e-06
1.7608772303632296e-05
4.2218062099298066e-11
6.907141258556794e-13
0.9372860789299011
6.588832568432504e-08
1.6126810041264099e-06
1.5366433814507236e-11
8.389683358469145e-09
1.778634406473652e-07
3.1133498730751294e-09
0.9372860789299011
6.894953458790934e-08
7.089114653252365e-07
4.452277144528451e-09
9.965765155860816e-13
1.1300038348622908e-11
5.273158984249048e-08
0.00031328015494568723
3.2517809444484034e-09
2.7253611255924376e-14
1.6916524507050547e-06
0.00014014991466026233
0.6971200108528137
7.260814802933281e-06
1.0833263892531898e-15
1.010105024984329e-11
3.362814052385839e-11
7.378918585991491e-08
5.783119698556774e-10
0.5379326939582825
0.9372860789299011
4.715940599290583e-06
5.293739205157522e-09
0.8175554871559143
1.8449197247583966e-12
9.92361600932843e-05
9.413006913140228e-13
1.1038663358754602e-08
2.6209564367402803e-05
2.2353562286885467e-12
2.1022554886377643e-09
0.9372860789299011
5.034167209989247e-10
6.538347020553383e-07
0.9372860789299011
8.773829284088711e-09
6.940986102031106e-09
0.3671954274177551
1.0543676254038617e-15
6.392967121953215e-07
5.660944286028761e-07
3.0523803910631564e-06
0.4428223967552185
0.9372860789299011
5.990243753693246e-10
2.9880588690763874e-12
6.284280868329299e-08
1.4659623517094957e-07
1.1877172535036209e-05
0.9372860789299011
2.5326810607521118e-08
3.8839943649120824e-05
0.5528241395950317
2.931248952437112e-06
5.936833945398501e-12
2.8660619613420257e-09
8.994986003009573e-12
4.521703976886947e-16
1.735066392984704e-08
2.2600179530798967e-11
7.019531262975107e-07
3.166161499443073e-06
4.965103916067167e-06
4.2463294325135326e-07
1.7510881002074584e-09
1.6320396823785556e-08
3.761405158897859e-14
8.597016018247176e-11
0.007855535369857196
1.1237006103128334e-05
3.478282146675685e-08
0.5821930170059204
0.9372860789299011
8.47213825234931e-09
1.1869501990475468e-10
3.161056139310307e-08
0.8408981561660767
2.9700830650788753e-10
0.05862479479045945
1.8591399445587148e-06
3.316914206285051e-05
0.9372860789299011
1.970228692116079e-07
3.475562679990489e-07
4.344133501278793e-10
0.8408981561660767
3.8951883778876436e-10
4.0746222026696954e-05
2.433745573343346e-06
1.745050538869568e-11
3.613088922317596e-10
5.695666841262945e-10
0.2508141100406647
1.3147956056967917e-06
8.65439671945923e-07
0.4548816382884979
3.0313965352384157e-05
3.3949483211868596e-08
0.4669843018054962
1.1694271421418404e-08
1.0811228912199986e-10
6.223645875139937e-11
0.21754395961761475
0.4669843018054962
0.5379326939582825
1.157280148942551e-06
0.9372860789299011
2.8070242503157577e-05
8.636228166703697e-12
0.4408397972583771
7.358231564297601e-08
3.8991418473435984e-07
0.9372860789299011
5.6691650392512596e-08
3.782362343074713e-09
3.3193311906505916e-18
6.9293064644431994e-06
2.2599093160364654e-09
3.702176411796992e-08
2.5332324601839364e-16
0.5837261080741882
0.6605135202407837
4.0626943037757753e-10
2.6747155558375555e-08
2.5936141148517835e-07
0.9372860789299011
2.452480789830359e-10
4.093592350469797e-10
6.425033953795484e-12
1.352309972251216e-08
0.6960846781730652
3.3757845720334854e-09
5.6501465580738636e-14
9.27558151131065e-09
3.398711500566345e-10
0.01133635964329525
1.3982153188390557e-06
5.854822317149611e-06
2.764530751287517e-09
0.07013189514361566
1.6055216931773448e-09
3.583020509226824e-20
0.9372860789299011
0.9372860789299011
0.00020317752072078374
5.408097586745689e-18
1.02427724014037e-12
3.1355422896200656e-08
3.0313965352384157e-05
2.307627379922248e-09
1.4539369804383909e-09
1.9846392443099507e-07
0.4141811430454254
2.42138490336279e-07
1.3681603846542655e-05
0.8408981561660767
0.9372860789299011
3.0574621103577494e-08
0.0005570581919680147
1.6002323537342944e-07
1.1669093783400948e-09
1.1722581296559978e-16
1.022677302706544e-10
0.8408981561660767
1.6578321347191994e-11
2.8207069343531707e-06
3.10922449800993e-05
0.8175554871559143
4.734615150509164e-12
1.2029512673310333e-06
1.3038984499444323e-12
0.3880550265312195
6.212308844602443e-13
3.950417202555419e-12
1.8027243777410827e-08
4.5688250928729674e-07
2.2913364037637418e-08
1.0695161667265706e-09
0.0005479715698572636
1.1964907264276398e-11
3.723261720224081e-11
8.631182086184534e-12
1.2130051084684348e-10
0.6720494627952576
7.815421989722105e-11
0.9372860789299011
0.0027782544009861965
0.27385497093200684
1.622960002326484e-09
2.91244108425101e-13
0.9372860789299011
1.4449355922134343e-10
2.1697347479382267e-08
4.284705224992444e-08
0.9372860789299011
3.050366342582166e-07
1.312146258395405e-12
2.392956251127629e-07
2.5344882426297996e-12
1.701709102628714e-06
0.5486443638801575
0.0002887041476979048
1.7488386253511946e-10
0.9372860789299011
3.633032574710197e-11
1.0294204476965675e-10
0.5528241395950317
0.9372860789299011
1.0011713363872531e-07
0.6720494627952576
0.6960846781730652
7.897452741233775e-10
7.867561365050041e-10
0.9372860789299011
1.245964735059809e-06
4.592083761440359e-07
0.6605135202407837
0.00042040820151979607
0.9372860789299011
1.0665829869606285e-07
0.5099443793296814
0.4859231412410736
2.1669806693989756e-10
1.4658939830715636e-07
1.4052289749441487e-08
0.9372860789299011
0.9372860789299011
2.8778261206791674e-07
0.9372860789299011
5.827461706320677e-07
3.0538092296820854e-06
1.615590256311648e-07
1.357784130669022e-06
2.519621365389502e-09
6.534909915989505e-09
2.5737526935430757e-07
0.9372860789299011
4.950498332327811e-09
0.9372860789299011
5.638474199091885e-12
2.5183940487420017e-08
4.4098997108065444e-16
8.954892299940728e-10
4.5308353181238267e-10
5.963279855688904e-10
8.875694426197634e-09
1.4834906131498192e-07
0.9372860789299011
0.4141811430454254
6.280035333577578e-07
3.7089022678836124e-09
1.0307927486894459e-07
0.0001940078738636883
0.9372860789299011
5.991944014476183e-08
8.745784699376402e-07
4.812852870460047e-07
0.9372860789299011
2.4499664257400244e-12
0.21200358867645264
3.4344306139366346e-09
1.1727292789601625e-12
0.9372860789299011
8.614193158356284e-07
7.616568748176214e-13
8.156968989768301e-10
3.4522298920373635e-05
0.9372860789299011
2.236031850859983e-12
3.158760025263518e-08
1.7380600895476176e-07
1.687255550589527e-11
3.3393069264711345e-13
6.278913069173702e-08
8.009094844118372e-07
5.810230878318189e-07
1.134470367054519e-06
1.6858478732878335e-07
2.388715511629721e-09
1.5702892024099755e-09
2.7122268376755194e-11
8.415170277534259e-14
0.3880550265312195
0.9372860789299011
4.453343992280575e-11
0.9372860789299011
9.880540097908206e-09
1.15845915554763e-05
0.9372860789299011
0.5099443793296814
3.675828304098677e-08
2.985011018511451e-09
9.502971690373831e-07
1.540766944944504e-08
1.7794782015207717e-12
0.3671954274177551
5.866699545481865e-10
1.2912968693679463e-12
4.877627606689438e-07
4.6897068111317105e-09
7.93796692448481e-07
1.5228803150190556e-09
0.18879334628582
4.045990399707988e-05
4.026238249942477e-06
0.8175554871559143
4.324635181731603e-09
0.004279470723119516
1.0679177452116317e-07
0.6605135202407837
2.613528037501593e-08
0.5528241395950317
1.6826515371963363e-09
3.502110797090732e-11
0.4859231412410736
6.34942972064717e-08
1.0728954909826057e-06
0.00025230377597411813
7.715147614241723e-09
4.046620596051211e-05
1.134470367054519e-06
1.529329211942292e-11
3.8415815804689257e-17
0.0013775064693288591
3.0512801353156536e-05
3.151026669299107e-08
6.677566173563997e-10
3.6832910099926434e-07
2.27929667251428e-12
6.693265986876764e-08
6.065449599687304e-05
5.7731062730252914e-08
0.22202226519584656
1.8862366555313673e-18
0.4859231412410736
0.9372860789299011
1.8050632879740875e-08
0.537726640701294
4.039419750402871e-15
6.408991310760061e-08
3.567046680873875e-13
1.4160255382588248e-09
2.2704119480030996e-07
0.0003750461939190236
0.9372860789299011
1.9877091999034901e-07
2.251523989337405e-05
1.4201930202555864e-07
1.5026895402548453e-11
0.001607094262330985
3.776851239972962e-05
2.3596583333120497e-09
1.0725494537641276e-07
0.9372860789299011
2.8826364578924736e-07
7.933263113328758e-09
0.15601447224617004
3.915668970802413e-06
0.0027782544009861965
0.9372860789299011
3.618860214516017e-08
5.763396620008528e-09
0.03816322609782219
3.853493467392729e-09
3.239259173732734e-11
0.3639342188835144
1.078995923202198e-07
2.5630571738816098e-05
2.0937513221264192e-06
1.1177861678324276e-09
1.9056761109592444e-09
1.0099155964381431e-09
2.3187890894215887e-07
5.315536462348342e-08
8.144743158634437e-13
0.3545757532119751
2.4934826282634798e-06
0.00024284941079824596
9.541091350853296e-10
1.1766089333124803e-07
6.223948372427632e-06
3.195715432552856e-07
1.4565101868472565e-10
0.9372860789299011
2.947035725369652e-09
4.4606605942964e-05
7.675760071222954e-20
2.2493679122074712e-10
2.253017353100291e-15
1.549661145779519e-08
0.6720494627952576
1.3035910616794131e-12
1.4226815071210812e-05
4.1030593734753744e-11
0.07013189514361566
1.205025904473461e-15
0.9372860789299011
1.4728660578926058e-06
0.8408981561660767
0.9372860789299011
8.924993693753387e-10
2.8973416421265862e-08
1.335298345313912e-11
5.901266138073367e-11
2.2484261723024533e-08
9.195072083205891e-07
8.055192545301402e-09
0.3639342188835144
1.1803716246242335e-11
6.327771492717199e-07
3.307164118551718e-11
0.9372860789299011
3.160282844806133e-08
1.7621529250895982e-10
2.1090792147362254e-14
5.1373729645216815e-09
1.298243587974217e-07
0.8408981561660767
0.9372860789299011
4.1655685034503466e-11
5.798278873755062e-10
1.9479828283444287e-08
0.3071445822715759
6.621578475674033e-11
2.0883248314572395e-07
6.923057012947531e-05
2.224978258791039e-06
2.605733465634521e-13
1.4848338402128607e-09
7.818317389787159e-07
0.0005102074420045635
1.3248355908455938e-07
0.0053924713541776415
7.005663674902246e-11
1.3353799549156642e-10
6.598243807209268e-08
5.366071410056466e-10
0.8408981561660767
1.4880929024862417e-08
1.133535114279843e-06
0.00017461338899758092
2.444077892738187e-10
8.194307351465525e-12
0.8408981561660767
0.9372860789299011
0.9372860789299011
1.0813540383801156e-08
1.2935666264260482e-08
7.723699394362256e-08
0.37697282433509827
4.4886546105191934e-11
2.6960327804953995e-07
0.9372860789299011
3.166161499443073e-06
1.9012794834007445e-06
1.7263888253983247e-11
4.30035499258159e-06
7.678967093192625e-06
2.0251835486908068e-10
0.21543624997138977
1.2444647724356544e-09
0.537726640701294
0.9372860789299011
2.9175658762343534e-10
0.9372860789299011
9.665255523866277e-07
4.9346346293880003e-05
3.4295702483910715e-12
2.4919963424434092e-05
1.0267731602322658e-07
0.4669843018054962
0.4859231412410736
0.014598200097680092
9.405820993409191e-11
2.958271864615055e-06
0.6971200108528137
5.174214106024487e-11
0.6971200108528137
2.4091680981398237e-10
5.940694402540629e-09
1.0582641101834427e-06
0.00032258566019201587
1.799767932156708e-08
0.9372860789299011
1.396394740280751e-07
5.564000871490103e-08
0.9372860789299011
1.622160659188421e-07
4.5283147348360653e-07
0.07013189514361566
0.9372860789299011
0.9372860789299011
4.677731135394788e-09
1.2101617167101333e-06
5.970961167124882e-10
4.53661430282097e-09
0.3671954274177551
2.2956897341232615e-08
4.257516697922002e-10
0.9372860789299011
1.0593770152817016e-11
0.9372860789299011
2.8406453512777338e-09
6.327771492717199e-07
4.373855955425706e-08
2.310944420706719e-14
0.4859231412410736
0.9372860789299011
0.0003243953019231792
7.903871803675266e-13
3.6750122949541414e-06
0.9372860789299011
8.929987933408453e-10
4.948343840387575e-05
2.3421850169137053e-05
3.5568272536978547e-07
3.555334995062773e-08
2.5733325235651217e-06
1.0457816010362152e-06
2.5594641058197607e-11
1.1622243111775648e-10
0.9372860789299011
0.00012851790466793112
2.4190930351295467e-07
0.5528241395950317
2.952828465634733e-10
0.3671954274177551
6.261230100826559e-07
3.895299355643222e-12
0.9372860789299011
5.4324213452085465e-05
0.9372860789299011
2.864667947020703e-07
4.3582481047887624e-07
1.1440034901535802e-07
2.2943018426328795e-10
0.9372860789299011
3.1677323007817676e-07
2.380277859835658e-09
1.0303069750294923e-08
2.6588615519723134e-07
4.664224719980026e-06
0.016488367691636086
2.1574401615445273e-10
9.826945476704419e-11
8.467892837133133e-10
5.473113812711568e-13
1.1317686342157372e-10
1.3653584855468836e-06
3.8319284159824403e-07
3.799283073469794e-11
1.180827664280366e-10
3.613148001408726e-15
1.9090085157920535e-07
0.9372860789299011
0.6960846781730652
3.326467540462417e-08
1.134470367054519e-06
4.393406432362372e-06
1.3477177329633095e-11
0.9372860789299011
1.0622597841358865e-06
2.0101259931243842e-10
9.31548841274329e-11
6.42135765900957e-05
0.6605135202407837
0.6250056624412537
5.97303142609443e-10
2.7472786070322856e-07
3.6258292959345528e-06
1.18514541261971e-05
4.263349300128422e-07
8.600567668126478e-07
3.915453411446439e-12
2.0056723820547485e-11
0.9372860789299011
0.00014965773988049984
0.5486443638801575
3.4983390326042654e-12
3.7964914191806856e-09
7.0575439982829125e-09
9.593298653497772e-10
2.2307388010305955e-05
0.00012014517398419054
0.00012719689469099153
0.0010925168165057952
6.9293064644431994e-06
7.533708069355482e-09
1.6093666928972463e-11
6.265387327124988e-06
1.918648049445876e-10
0.046023886650800705
0.8408981561660767
2.7192590915550054e-08
0.0001010728224293632
0.007855535369857196
1.5917622399933923e-18
3.1767170317789193e-09
1.1696840513670228e-07
8.676529882899766e-09
0.9372860789299011
1.6993522683364416e-05
0.5486443638801575
4.3255939569301375e-05
1.2303471099890394e-07
0.3639342188835144
2.732396146588187e-09
8.500644754044967e-06
0.6971200108528137
3.6422709277807657e-09
0.8408981561660767
9.521051595854482e-12
6.903692328635223e-06
2.1011810985293595e-08
1.5770744754357154e-08
0.0004081062929595033
2.3123764392851139e-10
2.2903755630628936e-08
1.5040792341212613e-08
2.6564076715773875e-05
3.949013904882019e-11
8.691902687591821e-08
8.124102646047687e-08
1.5475806768377852e-08
0.9372860789299011
0.9372860789299011
4.46958949631829e-10
8.858549500429013e-14
1.1421476614754932e-06
0.9372860789299011
1.448902472322842e-13
1.932607080276953e-11
8.428724310414978e-12
1.0007427526242063e-17
0.459948867559433
4.140121572078989e-11
5.3829739830273056e-08
2.3734054458926237e-09
9.174463817366643e-09
2.1090792147362254e-14
2.8888114504298938e-05
4.155077203140414e-11
2.080580204357653e-06
0.4320957660675049
2.0193774406155922e-05
8.925041285236936e-05
2.6270717326670145e-06
3.0564596959570734e-06
1.4958917239176435e-07
6.710795162612423e-08
1.651377607948306e-07
7.760872577219735e-08
7.159354613020234e-10
1.7745671738688114e-06
3.018074528243574e-08
1.4000797070838028e-06
4.85435915279169e-09
2.3921050240034996e-09
1.3389654607596566e-10
6.142820164447045e-06
1.6806672239638512e-08
9.889241830548436e-09
1.660175739417457e-05
0.9372860789299011
0.9372860789299011
0.0001291701522326427
3.139493494805443e-08
8.0940725055264e-07
0.9372860789299011
3.0361035726183393e-11
2.784147450195258e-08
0.9372860789299011
1.4313768765040997e-07
0.0002089989810046309
0.9372860789299011
0.8408981561660767
2.1033614580475783e-10
8.294839387518942e-11
8.838032204692049e-13
7.506683088667928e-07
6.903268356524808e-05
0.5821930170059204
1.2661671507208398e-08
3.9343937348292677e-08
3.5264894974882045e-11
1.1013571972385658e-09
7.652854261345986e-09
1.3049048794900654e-12
4.949486480214934e-10
1.1801815606664069e-07
0.4859231412410736
1.4245552856449798e-08
0.22202226519584656
5.239945087745887e-05
3.3895069716900005e-05
0.8408981561660767
8.413474555962683e-10
8.508476678952523e-12
5.038707599112439e-06
0.6321133375167847
9.875434687711051e-08
0.9372860789299011
0.22264990210533142
0.8408981561660767
7.26455842006549e-11
0.9372860789299011
0.9372860789299011
6.600999948216869e-08
3.6488992821888333e-06
6.252331298103542e-07
2.1755597124513829e-10
0.5528241395950317
0.03928606957197189
0.014598200097680092
8.346090540042769e-14
7.167608594579627e-09
7.0496768522812564e-09
0.8408981561660767
1.8092752421867893e-07
1.9946648201141174e-06
7.713206480765833e-09
0.9372860789299011
0.9372860789299011
4.297447807337919e-09
4.95331306167008e-07
2.391703774241836e-09
4.769302577110419e-10
9.887629159607269e-11
2.573565486357395e-07
2.2641178940981964e-07
1.0502250889875988e-09
3.413691257108205e-07
2.2757862570278143e-09
0.0001322044891066033
0.9372860789299011
1.4680252954935383e-06
9.386414407581303e-13
0.3336687386035919
3.941933269997781e-10
7.43857600362614e-17
8.07153965732749e-11
1.2305425533441794e-10
0.00023678438686098715
9.804431251956379e-10
9.06214570907755e-19
0.9372860789299011
6.695715957384533e-09
1.8182794097432217e-10
1.6800748499058602e-11
7.04815358260195e-07
0.17419585585594177
0.27385497093200684
2.788583887081515e-10
3.052456165188177e-10
5.104660824686381e-13
6.77914121090045e-09
7.3499890650490995e-06
0.6971200108528137
7.591182830405899e-14
7.717268059242064e-08
3.632065248119455e-09
3.395081552697202e-07
7.977877046894554e-07
1.9520259220510224e-09
2.8534018301623386e-16
2.2402673897162906e-06
0.21543624997138977
1.9566556037543006e-11
1.5852252251471763e-08
8.592910722002504e-14
0.9372860789299011
0.6960846781730652
1.7274321612521013e-11
1.7144640177135246e-08
2.2878216813484207e-09
5.406689417900367e-09
0.8408981561660767
0.5528241395950317
0.9372860789299011
0.4141811430454254
1.345453947262898e-10
2.381389155471805e-08
0.9372860789299011
0.9372860789299011
5.2272366305362636e-09
4.836433841918289e-12
0.17419585585594177
6.931917651049172e-10
0.0016408079140123244
1.3415108015426785e-09
2.872398573751056e-14
3.879692245388181e-08
5.348749067154004e-10
1.1361654208139025e-08
3.0057151014699464e-08
1.1622243111775648e-10
3.0908842509807813e-06
3.8256203541901846e-10
3.1360701209343824e-07
4.700652038185843e-17
0.5821930170059204
0.007633220283630171
3.3914962715026717e-10
1.4159607223885773e-08
2.0809816887405953e-06
7.717450750221848e-10
0.4859231412410736
4.2741961892318956e-07
2.4048577860844944e-10
3.197716836590669e-07
5.679812088778707e-09
3.6671844402641048e-09
3.847900748245381e-05
2.163357725056008e-11
1.8361965984427941e-09
1.09203876148466e-06
1.3245837106396714e-07
0.9372860789299011
1.0210368715773825e-08
2.8629785983577964e-08
0.9372860789299011
0.5486443638801575
9.043268182076076e-11
1.2275182687502304e-07
1.9359371790889508e-07
0.3317919373512268
3.34096058929605e-08
3.957956567500526e-12
0.8408981561660767
4.3648756028710224e-07
1.404180940509427e-06
8.586540730774971e-15
0.6971200108528137
4.1274787805501606e-09
2.246513139280146e-09
0.5528241395950317
8.13310981938935e-12
0.44854703545570374
0.4141811430454254
7.030040667882659e-11
0.4141811430454254
4.135702197903432e-10
1.901255569518354e-10
8.729948965160697e-07
3.6529499570774265e-06
3.227003845071321e-09
5.356312448411586e-09
0.5671029090881348
0.8408981561660767
9.815252134112815e-14
8.264125741257059e-13
4.4204586042279314e-07
1.5790874285245087e-11
0.03437034156590313
2.175288873478344e-06
0.0007080168338792471
1.4206461376320191e-09
1.3730076428798514e-11
6.076898278963412e-09
4.7669424878429105e-12
0.9372860789299011
8.758160415394747e-07
4.664224719980026e-06
0.5099443793296814
9.818172403486081e-09
0.4859231412410736
1.065016237455932e-10
0.9372860789299011
0.9372860789299011
8.94834906716704e-05
1.1287231042878994e-12
0.8408981561660767
6.27994191759158e-07
0.4859231412410736
3.730133616513254e-06
0.8175554871559143
1.1264877751545806e-09
2.0014414214821205e-09
1.1622243111775648e-10
2.150824204736714e-12
3.680699746801485e-10
4.979295708633221e-10
1.9938568963480542e-07
1.87867071014011e-11
0.9372860789299011
3.986641588110881e-13
1.0325913596214875e-06
6.560589994376604e-11
1.1639224854822378e-08
4.1725264403976604e-08
0.9372860789299011
0.41651004552841187
5.365620123794415e-07
2.0937513221264192e-06
1.2139230105937904e-10
0.4859231412410736
2.7061041795251966e-10
4.9826945791477227e-08
4.486614717270504e-09
6.091940542324433e-07
2.8129182645839364e-10
6.80198982308894e-05
1.1084858879739509e-06
7.79657714827064e-06
7.026147264042143e-07
1.9133781966670324e-06
2.415727354350004e-13
3.001528393721269e-18
0.9372860789299011
8.32437253069803e-10
4.600016990921751e-05
1.6744494756970812e-09
0.00011940083218081935
0.17419585585594177
9.301567994207239e-11
3.9440037939989085e-08
3.6762461318751303e-09
4.083845531098649e-05
2.559971008012951e-06
7.0575439982829125e-09
3.326679996157038e-07
9.279321996734462e-06
5.810230878318189e-07
2.912394349413626e-12
2.5333488527562197e-07
7.652854261345986e-09
0.4859231412410736
5.0717218003930516e-05
0.9372860789299011
2.6035768502938597e-09
4.159039759250897e-08
0.3336687386035919
1.0018144627514586e-05
0.0002887041476979048
7.977877046894554e-07
3.8983323347177655e-08
4.585974723761175e-05
7.453623779423137e-08
0.21543624997138977
8.460695453414177e-08
0.0008739117814798394
0.9372860789299011
7.33048358723051e-07
4.766703588038651e-12
1.7825469370012109e-12
3.7100451946441144e-13
1.6309815605625373e-08
7.715308989311786e-05
0.3880550265312195
1.6323025813655195e-06
2.973228643132275e-07
1.399551105459973e-07
7.977877046894554e-07
3.8805461961273706e-09
4.896007768381797e-07
5.332784263049531e-08
8.865909492508227e-16
7.841293975571094e-11
4.4198882740343305e-06
2.5630571738816098e-05
0.5486443638801575
1.4087598208304897e-07
0.4669843018054962
0.9372860789299011
2.981811545394212e-18
4.979329814643296e-07
1.0210368715773825e-08
3.0512801353156536e-05
0.9372860789299011
0.4669843018054962
4.5964563716182926e-07
7.277219157948407e-07
2.5965194046994094e-09
2.0735967534661858e-10
9.247257008031696e-07
4.9280747597524066e-06
6.475501338827262e-10
1.127869841213763e-10
3.8473359112426215e-08
0.9372860789299011
5.008282517138863e-16
3.305025292948988e-11
1.351507386360182e-07
3.357789632381464e-08
0.9372860789299011
2.2078849707303018e-07
9.900188539929662e-10
1.2374652602546262e-14
2.9348013831865575e-08
0.6971200108528137
9.520926310325876e-14
0.9372860789299011
1.2456043480075948e-06
0.9372860789299011
8.497479022492059e-09
3.434581266273676e-17
1.943103444387438e-10
0.0002212355632225131
3.6234577408938858e-09
0.9372860789299011
2.7248005371036505e-10
1.7274321612521013e-11
5.3632910878373715e-05
0.0021421193789299925
2.81088673646056e-07
0.012637490908229984
5.307644822193738e-11
0.5528241395950317
1.0150515906943885e-25
1.9692305434795976e-05
3.5972202244345504e-08
2.692903163223702e-09
0.9372860789299011
1.6420241322292324e-10
1.1555364735123519e-09
0.8408981561660767
1.6730837876174192e-07
2.386873999183526e-13
7.652854261345986e-09
5.267317733096024e-13
5.9212408824355795e-12
4.600027007654086e-10
1.3271073930576485e-09
1.2630673342854402e-07
1.064926966830585e-06
1.8269758290011158e-07
2.642914644516634e-11
1.9472111497262742e-09
2.0594862514409783e-11
5.89023464829495e-13
1.048007569734107e-07
2.083081971387956e-07
4.64015010460043e-06
0.8408981561660767
6.154118388908379e-08
2.1150169425979955e-05
7.021228734001345e-07
1.0723404846722724e-11
0.5099443793296814
1.4480795868827102e-10
0.9372860789299011
3.165758548386246e-05
2.190011713690786e-09
0.9372860789299011
2.3576931734262125e-10
1.2944037310989292e-07
1.3754024130650999e-13
1.9554302320665768e-14
0.9372860789299011
0.5671029090881348
8.08408111734705e-14
1.390191004620687e-16
4.467338462802017e-08
0.9372860789299011
6.123123965337223e-06
5.720104844972502e-13
6.94653133025903e-18
0.6960846781730652
0.18681298196315765
0.8408981561660767
4.700252795432693e-05
6.487790773951335e-11
4.217363318057651e-12
0.4859231412410736
1.070990178755021e-09
2.599169916484221e-08
2.995098288496943e-06
6.874011685663247e-11
7.977877046894554e-07
1.5723663485391514e-06
0.8175554871559143
3.030602319745076e-08
0.8408981561660767
0.6605135202407837
6.500723193983799e-08
1.9666753230839796e-06
0.00028008213879590757
0.6720494627952576
7.382291942256068e-06
6.363216986455451e-12
0.9372860789299011
9.85451725651142e-11
8.872634354732455e-09
2.715479306654814e-08
0.4859231412410736
0.4859231412410736
0.9372860789299011
1.3098296276556655e-08
1.7600697019708065e-12
4.004672127148017e-10
0.22264990210533142
0.6960846781730652
0.3639342188835144
1.3672471626140175e-09
3.382874759067467e-09
0.32821789383888245
2.2426614371673834e-07
9.657190914601378e-08
0.459948867559433
0.0001868204712981436
5.3648187748215425e-12
9.778401773129171e-08
0.9372860789299011
0.9372860789299011
0.9372860789299011
1.0803502766678393e-09
0.9372860789299011
0.9372860789299011
4.977734371564557e-07
6.461843887585631e-09
0.9372860789299011
0.5837261080741882
0.22202226519584656
1.1604868617241776e-08
3.6878167726171314e-12
0.6605135202407837
0.21543624997138977
1.653373532162455e-09
8.745784699376402e-07
0.00025230377597411813
6.012193638483e-11
0.9372860789299011
1.1465191163165263e-06
8.282015239062645e-05
1.2273129700499609e-08
3.2758266136639717e-07
4.224460428515222e-07
2.0189249978582947e-07
0.22264990210533142
0.007855535369857196
0.3545757532119751
4.281558060094287e-11
1.1266123253445928e-06
3.4344306139366346e-09
2.9535040246287744e-09
0.007855535369857196
3.641755606435062e-07
2.1127259857425034e-06
0.33371004462242126
5.315536462348342e-08
7.587548157036938e-18
0.07013189514361566
7.446474565809563e-06
1.731095608550396e-08
0.9372860789299011
1.3143781982170644e-07
0.9372860789299011
0.0001604440487300479
0.9372860789299011
0.0002887041476979048
1.5247219569443305e-05
9.246802427872779e-10
6.270407320263266e-05
0.001607094262330985
6.9293064644431994e-06
2.9690272072284824e-09
1.3665355252193057e-05
1.510694492750992e-10
4.5234806050383624e-09
7.20185279476701e-17
0.00025230377597411813
2.7997459361949446e-10
0.4859231412410736
0.4141811430454254
2.140249387410131e-12
1.473232127857053e-09
0.9372860789299011
7.728377590822052e-09
5.227801451310413e-11
0.9372860789299011
0.8408981561660767
1.907779981055503e-08
3.166161499443073e-06
6.914333195840543e-10
1.7664870417643e-06
3.6494950458623595e-07
1.587590874918782e-09
8.602829030019492e-16
0.9372860789299011
1.8043465735956058e-07
3.049863867354109e-09
2.743798497927179e-05
1.9014746073176245e-10
0.9372860789299011
0.0008596565320184157
0.9372860789299011
0.33518704771995544
1.219614961663289e-09
0.8175554871559143
1.6669629338838332e-12
1.4692861777572973e-11
0.537726640701294
5.1374905720081e-07
7.977877046894554e-07
0.00023208612393285926
1.3831069945911646e-05
4.585974723761175e-05
0.6605135202407837
0.060071904212236404
2.9678957650989594e-14
0.9372860789299011
0.5837261080741882
0.014598200097680092
1.9426968087703477e-05
0.2508141100406647
0.9372860789299011
1.512242417781079e-17
0.10273124277591705
1.3725859506405255e-06
0.9372860789299011
9.86500141865186e-08
0.9372860789299011
4.7499330323118325e-07
0.4859231412410736
1.7199963658865605e-05
1.904578890317469e-11
8.203133442016291e-20
3.2624691196765732e-09
1.020251853299759e-14
2.392342672473102e-06
5.014441858842634e-12
9.492512046527663e-09
6.652489699669001e-15
1.6720277497162036e-09
0.6605135202407837
6.826907078268409e-07
8.978573007020924e-09
8.521879026841877e-10
9.275716370765707e-09
1.0176190190148835e-12
1.0280362380804116e-15
1.2025213729864616e-09
1.7564305266561393e-06
1.0090363674863659e-09
0.0008205946167581003
1.3346898329416194e-09
4.95873374207234e-09
4.4482611090725925e-11
1.5909026458455871e-06
1.056737517419258e-07
1.9222415757924333e-14
1.6852684822222175e-05
3.085340986889524e-11
3.612039588199794e-12
3.722476041396916e-06
3.634871123867136e-08
0.9372860789299011
1.0692869349432775e-12
4.191449226126811e-07
2.9303592642066967e-09
9.18949848558137e-07
0.00030147895201619243
8.33294999752248e-10
0.6960846781730652
4.2912792170976825e-07
3.944433043619237e-06
0.2968628406524658
0.6605135202407837
1.6366414346372517e-07
1.1896529151374214e-07
6.835037925103581e-16
0.9372860789299011
1.796637155849875e-12
0.07013189514361566
4.613464881384544e-07
1.7274321612521013e-11
1.457927444623716e-10
0.9372860789299011
6.560957695270639e-11
2.9569731849734026e-07
7.69668221914066e-12
1.283446078390223e-11
3.488330781659738e-06
1.2100043159223145e-08
0.42268815636634827
0.9372860789299011
2.8692652610721955e-06
2.4515184140081546e-06
0.6605135202407837
5.816527843918854e-10
0.8408981561660767
1.6323025813655195e-06
0.9372860789299011
0.8408981561660767
1.5646920654558038e-07
0.4141811430454254
2.8484011497277567e-08
3.235403983782089e-08
0.9372860789299011
9.81745159111568e-09
5.156969497977501e-05
8.962260408350064e-08
2.269798234526825e-12
9.820778430660733e-06
2.051206202190963e-10
4.2772172153913625e-08
0.00016075375579939488
1.1296415145678563e-08
3.577728542870812e-12
0.9372860789299011
0.9372860789299011
2.1089459217422355e-12
4.602703612332964e-05
0.9372860789299011
2.990690903006656e-11
7.439850646745844e-09
0.4859231412410736
0.9372860789299011
0.0005680922470868432
6.500739624884887e-05
1.2952829542634928e-06
3.530461524829368e-10
8.403947115926513e-06
2.4101360262032437e-05
1.0759613607313048e-16
7.946898679611041e-11
2.3084899542436063e-08
4.3141672759142463e-07
0.4859231412410736
0.8408981561660767
3.393410279474441e-06
0.44854703545570374
2.044808070072783e-11
2.650661739380385e-06
0.9372860789299011
1.0980907836217803e-08
5.9961170110809544e-05
0.00011183595544256391
2.289617451466473e-08
1.497522248854037e-07
2.0657070464707018e-09
1.0666732118474033e-19
4.6328485822422255e-08
1.4117855580457773e-14
0.9372860789299011
0.00012093218049861759
1.6573953054808074e-12
4.074928685155015e-10
0.9372860789299011
0.060071904212236404
4.775730028625245e-07
0.6605135202407837
7.242790211933618e-06
1.3088695934873228e-06
0.8408981561660767
3.603884241631674e-08
0.6960846781730652
0.011469773606723842
1.0180204256228413e-09
0.17419585585594177
9.582965104225493e-09
0.9372860789299011
6.561294396331495e-10
7.150174115081131e-22
7.79289683528267e-10
0.9372860789299011
1.2823261272300558e-09
0.8408981561660767
4.3317501260440515e-07
0.6605135202407837
3.0825014448398457e-06
2.336878710276914e-07
4.727236524888431e-11
3.1496782445850646e-11
3.810613286229309e-07
6.4015664433713645e-12
1.541108164047317e-07
0.9372860789299011
0.9372860789299011
0.9372860789299011
1.2477143257804031e-06
4.608133831314751e-07
2.1969250700646215e-08
2.384152157957312e-05
2.8234101995487247e-06
8.25569074920837e-07
0.00034396044303733206
3.1903123135804674e-08
7.893362935794461e-10
7.174887854971734e-10
1.0011459827374705e-06
9.486866345074242e-17
0.0001868204712981436
7.760872577219735e-08
1.0512131354931282e-09
1.4754808529612362e-10
4.845016548853661e-11
5.172630138616516e-07
4.787662692257184e-10
2.4649399645229328e-06
0.5486443638801575
4.6743327353720615e-11
0.4859231412410736
2.2157517346039784e-10
0.9372860789299011
2.734390428217693e-08
0.16480763256549835
6.292438365881627e-06
5.423408375462688e-08
9.315538504918608e-10
5.424168294834646e-10
6.412810430432626e-07
0.459948867559433
3.472682946087176e-13
0.9372860789299011
2.8543278748864026e-09
0.8408981561660767
1.4860995690505373e-08
3.879358269156126e-08
5.0306045021856294e-08
0.17419585585594177
0.9372860789299011
0.9372860789299011
0.9372860789299011
3.6171902553428626e-09
7.138077733177102e-06
6.44376526764742e-08
1.0387612445820091e-05
0.27710601687431335
5.998983608749013e-06
7.32049820125106e-12
2.1808318217371453e-06
9.030821964788713e-16
2.4859073381507156e-10
4.499244546266129e-10
2.674213026540864e-08
6.708593884021168e-10
4.342181620336214e-07
6.0395177912755255e-05
0.9372860789299011
0.9372860789299011
0.0015087863630178888
0.004396908432999752
1.6928416686643738e-11
1.4495554359260067e-10
0.8175554871559143
6.9293064644431994e-06
2.347056068991919e-15
6.08211107204946e-09
0.9372860789299011
0.5528241395950317
1.6799093299217354e-15
4.047880838551774e-08
3.4465129606984284e-07
3.0627698535391176e-11
2.4996710202719704e-10
0.9372860789299011
1.5768561985614535e-08
2.79820479916271e-13
0.3483341932296753
5.6220099344347055e-09
0.22264990210533142
1.1679926638000362e-08
0.32984161376953125
3.9276999375325455e-06
3.6862978923339382e-06
4.504230099116151e-13
2.1090792147362254e-14
0.0017678804855852798
1.1400580543729245e-06
1.872556682047118e-09
0.9372860789299011
5.30921371130491e-10
0.5528241395950317
0.9372860789299011
2.8212136887739334e-10
1.2322862958701213e-10
3.105605410269397e-08
0.9372860789299011
2.3522481791467515e-08
3.166161499443073e-06
2.1827317288099106e-14
8.233656172478107e-09
1.973109264946862e-15
8.758160415394747e-07
5.536076921809079e-10
7.977877046894554e-07
6.480860194434822e-09
0.9372860789299011
5.39916728579174e-13
8.851813053063571e-08
9.728602873851674e-11
4.6174877905448054e-05
2.58232359889728e-12
1.5321766242352116e-06
0.24393899738788605
1.948207326957653e-05
0.0003295013963957
3.360413220224031e-09
3.166161499443073e-06
0.9372860789299011
5.4517842256112e-10
2.613528037501593e-08
5.581315136036908e-10
0.0007086082163139458
0.8408981561660767
0.6605135202407837
2.8536770737295503e-08
6.199927573281068e-09
0.8408981561660767
9.480643219050626e-08
0.01051586720474733
0.8408981561660767
1.17293020858221e-10
5.503237560444402e-10
0.00025230377597411813
1.1715872248618528e-08
0.4859231412410736
2.035412639951221e-07
7.142044528839485e-07
7.286688448562663e-05
1.947088820747976e-09
3.123548427623998e-08
1.1190643482981323e-09
9.748347666375054e-08
2.613071263185922e-07
5.8600269328415696e-08
0.9372860789299011
0.17419585585594177
0.8408981561660767
0.5486443638801575
1.17616721181287e-12
0.5821930170059204
3.8951155401072057e-13
1.2709512305961404e-06
1.445251140015471e-10
2.881519021506676e-11
0.00010076513661956119
0.22264990210533142
1.673002536705908e-05
8.90784568261563e-09
2.2016150813714157e-10
1.2444939310447613e-08
5.728617781734695e-11
0.0013046252514066594
3.638297774195323e-05
1.9983934754877622e-11
6.213444604048034e-10
0.5821930170059204
0.8408981561660767
1.4533838069885528e-05
5.490969078571999e-09
0.9372860789299011
6.561294396331495e-10
0.9372860789299011
2.3311920090914668e-08
2.881695425361474e-14
7.977877046894554e-07
8.758160415394747e-07
3.4210233393422423e-09
1.5901720097239162e-10
0.5528241395950317
0.4859231412410736
0.004232467093903125
4.696623678942769e-09
5.091570050716246e-06
7.977877046894554e-07
1.2382211055071759e-06
0.005810324177200058
1.4328703868758973e-06
9.928512030405302e-15
5.602583396383337e-11
2.2724965546996935e-08
5.006487193645729e-08
1.8451559663717537e-07
5.160172123347694e-13
4.41558869952066e-08
7.06443965469515e-08
0.3671954274177551
3.0165549773131714e-11
4.6843430832474944e-06
1.930314774633638e-09
2.0815735828913209e-10
2.1284324551779353e-07
1.4533838069885528e-05
2.0300221792325932e-10
2.2925060706322772e-07
2.835354875377896e-07
3.3313865622016135e-06
2.9402384065193484e-09
9.503493652474248e-07
9.76583410398698e-07
4.031368079837959e-11
0.5486443638801575
0.9372860789299011
0.9372860789299011
4.931844884346126e-06
0.9372860789299011
1.0806089481025204e-12
7.895539158928354e-08
3.5733758423942586e-10
0.9372860789299011
3.936521018171364e-11
0.9372860789299011
1.2069716087538972e-09
0.9372860789299011
3.413106927652671e-07
2.0224890902655172e-17
1.120912498927845e-07
0.6605135202407837
0.9372860789299011
5.734374607194741e-12
8.784566441199186e-09
0.0004333747980968363
3.528806851556539e-10
0.4859231412410736
1.3338029487359193e-07
1.3385785839989354e-14
1.1102077626298972e-05
0.3336687386035919
8.8594054690929e-10
0.6605135202407837
0.0007086082163139458
7.353720030916022e-09
0.9372860789299011
2.8703266547075164e-09
2.713192549889638e-09
5.182851078329407e-10
7.102044340560842e-11
0.4669843018054962
3.32649075846964e-08
1.8876400925657442e-07
0.5528241395950317
1.7198817418014467e-09
1.259040764805555e-11
0.013574149323682949
1.754250199681528e-09
0.9372860789299011
5.823949880517028e-08
6.189195800331682e-09
8.32437253069803e-10
1.3019124887743269e-11
5.863955275378279e-11
0.9372860789299011
0.3639342188835144
0.3671954274177551
1.465673312962158e-09
1.2755146480716354e-06
2.0714757032041765e-10
0.9372860789299011
1.8511975668503426e-12
0.0001178453796908048
4.098007493335662e-08
5.315536462348342e-08
1.7671243564832038e-10
0.04523519426584244
1.2996522416913192e-07
3.195411896064118e-05
8.152236635299606e-07
4.426527889942674e-06
1.5243380097092884e-08
0.9372860789299011
7.292682518870415e-08
1.6323025813655195e-06
0.8408981561660767
4.9635621285574346e-05
7.111884588334681e-12
1.3873755759988088e-08
2.289532455711506e-08
7.637078589436956e-08
0.5486443638801575
2.3671423157555644e-06
1.4567514998824661e-09
0.9372860789299011
2.540387281484754e-07
6.409597773324185e-11
4.6187920171134025e-07
1.602363028808845e-08
0.15601447224617004
1.3495029591057209e-09
4.026124451050869e-12
1.2280542190924589e-09
0.00013353901467997505
0.9372860789299011
7.346223120939125e-08
1.4948978820172178e-11
2.7031779558608662e-08
2.5979740858431396e-09
7.434287074087601e-05
1.0921128607373526e-08
4.415559220222309e-10
3.166161499443073e-06
5.211238454249072e-05
0.22202226519584656
3.822670074565624e-08
0.0017678804855852798
3.2684909359474374e-07
1.519693987154855e-08
2.9068367381516357e-13
1.6626119334381292e-08
8.779049606804667e-09
1.5950286981790483e-07
1.273180115965456e-12
0.0005503675019022416
0.42268815636634827
6.952958442591185e-10
0.00025230377597411813
1.886379181752229e-05
0.9372860789299011
1.4035050630848083e-18
3.044104932928233e-06
0.9372860789299011
0.9372860789299011
3.1695712614843143e-06
0.0002506200371099016
0.9372860789299011
2.151999859286887e-12
0.9372860789299011
3.4727697946410586e-06
3.515591977562639e-06
9.88129743533055e-13
1.688108191162758e-07
2.045574608368713e-21
0.9372860789299011
0.005086136981844902
0.5099443793296814
7.094219289766803e-08
0.8408981561660767
0.9372860789299011
3.7294174803476775e-10
0.8175554871559143
2.2451098965970678e-15
2.590152334002084e-07
0.6960846781730652
5.769130808534293e-08
0.8408981561660767
5.064383202293798e-06
1.5413201397187952e-06
4.1960474200948594e-11
0.8408981561660767
4.53661430282097e-09
0.9372860789299011
0.9372860789299011
2.8653951563282627e-07
1.2457593928120046e-06
2.581929287581388e-10
8.522595837357077e-12
1.024059958093273e-12
1.2689889041177935e-06
2.8592785808032234e-05
2.3479048070641544e-10
0.6960846781730652
2.4691267038528692e-11
7.209184939058469e-09
1.9713223210279324e-13
6.9293064644431994e-06
4.0102420779836535e-09
8.19584528094975e-08
0.4474148452281952
0.22264990210533142
3.9246415598883843e-07
0.6971200108528137
0.9372860789299011
1.0648809255728568e-10
0.3601546287536621
1.2944037310989292e-07
4.438030259909131e-11
0.9372860789299011
7.652854261345986e-09
4.7477393048874735e-12
3.635060661485241e-11
3.1888118590486584e-06
1.8128065446437966e-11
0.9372860789299011
0.6605135202407837
0.6960846781730652
2.005613153603927e-06
4.837764802109581e-17
1.735066392984704e-08
0.03437034156590313
3.502421467839632e-08
1.7085913679848346e-05
1.0755050371494968e-10
7.652854261345986e-09
0.8408981561660767
6.933760406635122e-15
2.288886863670929e-13
5.354731713585169e-16
2.888410702663496e-08
9.564180609144491e-11
4.375923808589431e-05
1.15845915554763e-05
2.32672716193492e-07
4.576413794291899e-11
1.3861014108227453e-06
3.21140426949357e-06
0.9372860789299011
0.8408981561660767
5.10828344048688e-16
5.595133970839907e-08
9.455104108153157e-13
0.9372860789299011
1.808058544569519e-08
2.94143616299684e-09
9.197794035559334e-08
1.3925721854561967e-08
1.7299321202647557e-09
0.9372860789299011
7.858964926061062e-06
0.5528241395950317
3.809022654465089e-07
7.814231940295266e-11
5.014982305118415e-08
4.814072948806929e-06
1.5015363157488183e-06
1.5406544726673766e-09
0.9372860789299011
2.784119208603948e-12
1.0268511053615593e-07
0.9372860789299011
0.8408981561660767
0.459948867559433
0.9372860789299011
3.864588844233226e-09
9.544292134037576e-10
4.655804801241908e-15
4.6669892476915296e-06
0.07013189514361566
7.761579125841652e-10
5.188570948637795e-12
7.21928144185007e-10
0.00015441847520753088
1.668261528247709e-07
2.85560805377633e-09
3.3084376263780527e-08
1.416980513607745e-09
1.609000275027957e-10
0.4669843018054962
0.007855535369857196
0.014598200097680092
4.498494950655907e-06
2.0510232648121723e-07
1.5792436933312486e-09
1.3556108111030145e-05
1.0058612979765998e-06
0.9372860789299011
6.504471396783764e-10
9.07497844978151e-16
1.321383183394609e-08
1.16735993396644e-05
1.2558346548894382e-10
8.901532646074246e-13
0.007855535369857196
9.148622081330975e-09
1.2906247332253959e-11
1.213579746754372e-07
0.9372860789299011
6.033830053528968e-06
0.9372860789299011
4.8862359922390476e-05
0.9372860789299011
8.319473125410347e-11
1.3885959409578692e-11
4.7484235443525765e-09
9.350789038463089e-06
0.9372860789299011
2.6646318506267586e-05
6.888595363699197e-10
2.896493867047588e-07
0.00016901516867209727
0.6337890625
5.103250474353147e-09
2.178008996003649e-11
7.818316308336762e-08
0.8408981561660767
0.3165520429611206
1.8184496347280817e-06
9.419964174267623e-07
3.236770497264191e-12
0.9372860789299011
1.4765758054280032e-08
3.166161499443073e-06
3.7618171016145145e-05
0.3466669023036957
0.004396908432999752
0.8408981561660767
1.4485960050162456e-12
9.574989418646486e-11
6.768384364541398e-08
2.8500826768729023e-11
1.32338479622994e-11
4.815145059859623e-14
9.78612056330855e-11
0.3639342188835144
0.9372860789299011
8.866469230759188e-11
0.5486443638801575
0.4859231412410736
3.376288889635679e-11
2.5850603542482755e-11
0.9372860789299011
4.554771038583768e-06
0.22264990210533142
5.699253368667872e-08
3.7067067290996962e-09
9.686866137870747e-10
1.808807110702359e-06
3.491559738690963e-08
9.189689776912288e-06
0.9372860789299011
7.745473550820908e-09
3.738167327797587e-05
3.803695455368498e-07
0.1866473295447957
0.9372860789299011
0.9372860789299011
7.605663657768964e-12
0.8408981561660767
1.0584137285551508e-11
1.2155222718881789e-09
1.0734950001600103e-12
9.955431401889513e-08
0.9372860789299011
0.4859231412410736
0.9372860789299011
8.43736400632138e-08
5.78307817547929e-10
0.9372860789299011
5.83966216560417e-08
3.775007476939863e-10
0.8408981561660767
4.185866689263563e-07
4.96402635462551e-09
0.9372860789299011
0.0008216097705528252
2.1012058245261593e-06
0.9372860789299011
3.0257951670461647e-07
2.2795315243133722e-11
0.9372860789299011
4.0353499954521865e-05
1.4021558556746467e-09
9.761823140221915e-06
7.208561075249334e-10
3.166161499443073e-06
1.554881166724704e-07
4.728624392728749e-06
1.0216215085654146e-07
0.6960846781730652
1.1555345230712247e-10
0.9372860789299011
3.182531872068567e-08
0.9372860789299011
2.8378342235103984e-08
6.017724486583918e-08
1.0860676339506829e-08
5.5371048406670584e-06
3.1727003884026994e-05
6.955989433929472e-07
0.0002887041476979048
1.297532592099589e-07
3.12573911367829e-07
1.404180940509427e-06
0.5486443638801575
1.9624283025156806e-13
0.27385497093200684
1.1896675830669793e-05
0.9372860789299011
2.4252898488085503e-07
1.5440492159091912e-09
1.7112452415368712e-13
0.005575211788093615
1.0385855121587068e-19
5.8419207326422925e-06
5.72503922329981e-12
0.9372860789299011
1.2110919625038658e-15
1.3612815060393277e-11
9.899333763806593e-07
2.1115482154391516e-12
9.313605568848351e-12
2.4761842207553406e-08
0.003650668466421
2.4970246269279474e-10
3.947243085014071e-08
0.5821930170059204
8.165026591210822e-06
1.6467056315568924e-06
1.5666146992340295e-06
6.170228813483842e-06
1.332540256855114e-08
5.664522123024306e-07
3.763091333867136e-09
0.8408981561660767
1.1624438484508474e-09
7.272810359561667e-08
5.543759860201736e-15
0.9372860789299011
5.234309053909615e-15
0.00013353901467997505
0.3639342188835144
1.6399087670443698e-09
0.459948867559433
0.9372860789299011
0.9372860789299011
1.982145822775635e-09
0.9372860789299011
4.647285641228066e-11
0.00021962333733258155
0.8175554871559143
5.3789768319924195e-17
1.8802470171729595e-07
3.10922449800993e-05
0.00018606242195224874
1.7211077859416878e-11
7.962593863433476e-09
1.1622243111775648e-10
2.824361052679974e-10
1.2943225915569096e-07
4.2537163496914964e-05
1.701059691974311e-09
0.4141811430454254
1.0816370619947e-07
5.566787141744838e-05
1.6916524507050547e-06
6.734586059819524e-12
0.014598200097680092
6.582029099716807e-10
3.6976266017583087e-07
0.9372860789299011
7.182067628768041e-08
3.165758548386246e-05
3.732544848274445e-14
1.434469565301876e-07
2.5684849947206424e-05
2.737043815304681e-07
4.194655405915412e-13
5.8419207326422925e-06
0.8408981561660767
8.830510496849116e-05
2.840508603538337e-07
4.5828978494765873e-08
0.8408981561660767
0.00025369856881381935
1.2565868222646179e-09
1.424551243926834e-13
3.9059510673164575e-08
4.051717826856147e-06
2.5630571738816098e-05
0.6720494627952576
7.877492036579806e-09
0.5528241395950317
0.4859231412410736
3.166161499443073e-06
4.414799141358845e-13
2.9723699588444333e-10
0.17419585585594177
4.926897224668518e-13
0.9372860789299011
1.728339559542389e-07
4.944551338128012e-07
9.906677792502236e-11
7.131865638441782e-07
0.5821930170059204
1.1324055038109935e-06
0.8408981561660767
0.9372860789299011
0.9372860789299011
1.8785091148874754e-10
9.158606034175863e-07
1.7125557546895622e-12
1.4537262375466493e-05
8.006856754371842e-08
2.344956689240654e-10
3.391000155209797e-14
0.5486443638801575
8.017772468632907e-07
0.9372860789299011
8.191588391518963e-09
0.9372860789299011
1.3314417732907942e-07
0.9372860789299011
5.703666345091216e-08
2.5786572347040384e-07
0.21543624997138977
0.9372860789299011
8.707956862311441e-13
2.691634109759613e-07
4.231700882561624e-07
2.1963745749915873e-09
0.9372860789299011
1.1738570641841463e-07
8.064562395444913e-07
3.336953260340339e-08
2.5630571738816098e-05
2.2870256068080665e-08
1.6760559666488764e-10
3.807902252833235e-12
2.0150095436373697e-05
2.9303592642066967e-09
5.289112084219139e-13
1.863452277453174e-08
1.1428681951013543e-13
1.3725859506405255e-06
5.130785736979721e-09
0.6605135202407837
0.6960846781730652
0.9372860789299011
9.451268417666365e-17
1.0372175515462179e-10
1.4687985150089864e-13
3.0820205578977957e-10
5.486640269591556e-06
0.9372860789299011
1.7487117848969744e-11
6.775387173719038e-05
4.8158187318835124e-11
1.1221977559994216e-06
1.5133829715316593e-09
2.0176663082578046e-07
0.5476087927818298
4.712464148385497e-06
1.2241445516159802e-05
0.00030147895201619243
2.199467238823087e-06
3.62130607565096e-05
5.2361890988275e-10
0.00045151824434969123
4.419734675802403e-09
4.728624392728749e-06
0.013574149323682949
0.8175554871559143
1.8314468504236838e-05
8.46945497416908e-06
1.2648794169247847e-08
2.8035807784334436e-05
1.7889885111843821e-10
0.5821930170059204
1.6415869303282444e-09
4.485042779336827e-06
1.6411099392153522e-15
1.8760228800849737e-10
0.5528241395950317
3.426810403279763e-07
1.0861268530487232e-05
4.394836175632926e-06
1.3147539132784396e-07
4.4490149330266263e-10
1.2764595052014693e-09
2.266222598356682e-07
0.005810324177200058
1.2409336741719778e-09
2.2108571541382203e-12
3.810018352883622e-06
2.1895388242942454e-10
6.902213048184652e-09
5.475648516213545e-08
1.0947543123722015e-06
0.4408397972583771
1.443583977369468e-08
0.0001105096209335454
2.886122423290335e-09
6.921158266021702e-07
0.0004743114732202111
4.889768245706777e-06
7.681091677722739e-08
1.163157178007243e-05
0.8408981561660767
1.4288922680622735e-06
4.7631408341876866e-08
6.014302649330925e-09
0.9372860789299011
2.8262212875506383e-08
0.013574149323682949
0.9372860789299011
1.6120095416916537e-05
0.9372860789299011
9.412915628290532e-09
0.9372860789299011
2.692592266343775e-08
7.835584764602622e-08
1.5732469743836485e-05
1.3611624339738297e-07
1.4896155275375371e-05
0.5486443638801575
0.9372860789299011
6.24470010946163e-09
1.8943642048698315e-06
3.103761670601944e-11
6.172704397555004e-10
0.00010757859025665156
6.480652663276522e-08
0.9372860789299011
1.9135345779927175e-09
3.949379188471025e-07
0.9372860789299011
1.9219395659455615e-07
0.295796662569046
2.937123970438882e-07
1.2559047237779152e-12
0.9372860789299011
4.47442350072187e-10
0.9372860789299011
4.407859525351813e-09
1.598262916173976e-09
4.5156866423269596e-05
0.9372860789299011
0.22883868217468262
5.810230878318189e-07
1.116561886993823e-06
3.297689076924728e-06
4.256097753623605e-05
0.00016075375579939488
6.182647112964133e-08
1.4757031198106052e-10
8.490753895984771e-11
1.2973442643026513e-06
5.8419207326422925e-06
0.002581419880076735
0.9372860789299011
1.884269453718532e-09
0.4859231412410736
1.7671037569814863e-07
5.239089654120051e-07
5.5101236979751735e-08
1.208022608558136e-05
3.780173490133566e-09
2.7824715670853736e-06
0.35957255959510803
0.9372860789299011
1.2075876396993579e-09
4.110594608984471e-10
2.1090792147362254e-14
1.8348271163952887e-10
0.9372860789299011
0.5837261080741882
9.28506420207795e-08
3.744523249355766e-08
0.9372860789299011
0.8408981561660767
6.857984314609855e-08
0.9372860789299011
1.2650862812325381e-07
7.977877046894554e-07
1.2646663976253626e-08
4.239070745440112e-09
5.153315310608923e-08
0.9372860789299011
1.7893949435036756e-10
3.8238237251103844e-08
4.469680143093817e-15
6.322661821008286e-09
1.6889134639819536e-09
2.6729592587723584e-06
8.907782295841986e-11
2.3296667661964867e-08
0.9372860789299011
0.9372860789299011
1.2453590752359983e-07
0.9372860789299011
3.6931797085992615e-12
6.359031986288405e-10
0.9372860789299011
4.615052683543606e-10
1.616769555586664e-07
4.7217279479737176e-05
1.9740331952704403e-05
1.996529894889111e-13
0.9372860789299011
3.404408847959532e-09
0.8175554871559143
3.166161499443073e-06
0.013574149323682949
3.4728562491775456e-08
0.6605135202407837
2.9602130769689837e-07
3.4712442433022566e-11
5.593624582666994e-10
7.13865267045777e-08
4.2537163496914964e-05
1.7252794513189353e-08
2.8796799187939543e-08
6.982689688569133e-09
1.8665484557119678e-09
0.05862479479045945
3.3462319483001676e-08
1.1957372720010627e-09
1.1138640453498904e-09
0.4840144217014313
0.9372860789299011
2.95607751266294e-09
0.37697282433509827
0.9372860789299011
0.0021421193789299925
3.7020605548979286e-08
1.682059562187826e-06
0.014598200097680092
1.1332611123423233e-10
2.3618165702337715e-05
0.04032277122759709
0.9372860789299011
2.3156416714138583e-10
6.193034550255288e-05
3.868504024769415e-09
0.9372860789299011
1.758304547450332e-14
0.9372860789299011
3.9275264463025966e-08
0.9372860789299011
8.99027114708594e-08
3.4107614590988905e-12
0.9372860789299011
0.3639342188835144
9.095945463827259e-08
1.1627893227903923e-08
2.2967922581570396e-09
4.240561244443163e-06
0.6971200108528137
1.389012718341711e-09
1.4024912648008716e-07
0.9372860789299011
0.000153902284046545
4.1332659758858e-10
1.479930491478078e-08
2.0314986700607975e-06
5.725430976533279e-10
2.0770376586394918e-08
3.6995747273351015e-07
0.9372860789299011
3.2473770314837033e-07
5.478527182671542e-08
3.4468032390355894e-12
2.432286914335769e-07
1.1908227284000737e-06
0.00012208046133288503
0.00030243421240721706
8.14199261986098e-09
6.040007509230061e-06
1.6914522868472935e-10
8.393144596345518e-07
3.600494490108739e-10
9.567724381009494e-12
0.8408981561660767
2.4348357588103908e-05
1.4204629973029902e-07
6.9293064644431994e-06
6.953176582579256e-08
2.5956240683486477e-08
1.8102212564683814e-10
0.9372860789299011
0.9372860789299011
2.8259117392442954e-09
7.710681088404256e-06
1.4615583978773854e-16
6.239145620959731e-05
3.029130875360406e-17
3.8270593670979206e-07
1.7807635273617645e-06
3.2575428377066713e-10
0.0013416440827254687
7.313064271175629e-07
0.8408981561660767
2.956957858988392e-10
3.958478201869334e-10
7.402286973089547e-15
7.185904167527782e-07
3.0892129684226726e-09
2.4216300439523897e-08
1.3511791911205756e-13
1.0210368715773825e-08
0.8175554871559143
2.3296667661964867e-08
7.21060416287809e-08
5.028410136541722e-08
0.5486443638801575
2.420309850384221e-08
1.9952919332121394e-06
3.018399593910293e-11
0.5528241395950317
2.0431244630527255e-10
0.32821789383888245
0.9372860789299011
1.0333031156905721e-13
3.0462103293126465e-13
0.00012162313761428695
1.0236428480621052e-08
3.6303541695425175e-07
0.4669843018054962
1.4336458540879724e-14
4.0113048770734453e-11
6.857984314609855e-08
4.431852465877055e-11
0.9372860789299011
1.9627073034392335e-07
3.3250771125273723e-10
2.829481916820647e-09
0.9372860789299011
1.5412159832903842e-07
2.214939631514648e-09
3.241967544820776e-07
5.9104647070698884e-09
2.5267845997025094e-11
1.7079396335951878e-11
1.2060785981664703e-10
4.675402082998684e-15
7.659792177690616e-05
5.729028175563401e-07
0.9372860789299011
0.000153902284046545
0.00014706776883271648
0.0017678804855852798
4.022966020393996e-11
8.626087400071768e-09
1.1369263369294285e-08
1.9286480573426058e-07
1.789619274183359e-08
3.915397389522276e-08
4.785543166101151e-09
0.0002218319402582658
0.9372860789299011
0.9372860789299011
6.81716267626966e-09
6.034465565676258e-13
1.1463338433933841e-10
3.532096936329489e-11
7.715308989311786e-05
1.4018295883798842e-07
2.416546172930595e-18
0.3880550265312195
9.003017447906095e-07
1.9448775905130026e-06
0.9372860789299011
1.310633055780243e-10
0.00011747981964930349
4.389985978087806e-08
3.397065536583241e-07
1.6414222454761718e-08
2.4747490114423307e-09
1.3039272804226253e-09
3.9775806542666444e-06
1.6568103930217417e-11
2.39704500797275e-08
3.4190044777669513e-10
2.1108701489246702e-10
8.028822897760407e-08
1.2692864208312237e-12
1.860565227745438e-05
5.1204342772870614e-05
6.094422815753608e-09
0.537726640701294
8.891048959872412e-07
0.5528241395950317
2.926185693793394e-07
0.5821930170059204
7.9096071099397e-09
0.9372860789299011
2.1895710745744394e-07
6.689401192474405e-09
0.00014968102349709197
0.9372860789299011
0.17419585585594177
2.7154831980367023e-06
1.0900351286643186e-05
1.0450658690591201e-05
0.4141811430454254
2.958271864615055e-06
4.539429334682525e-11
0.9372860789299011
8.951025947435792e-10
2.1508605489429814e-12
4.0351754359168966e-08
0.9372860789299011
0.00010886545948162263
1.503046790592698e-11
1.390262106479046e-09
5.0516000373286565e-06
2.28203305979945e-12
0.6720494627952576
5.6192152788604375e-19
3.041121678191138e-10
0.9372860789299011
1.7549410241260533e-09
2.3697108482191907e-08
5.750928102683228e-07
1.4929189898825405e-11
0.9372860789299011
0.9372860789299011
5.089493516164111e-07
6.926314746785191e-06
0.5099443793296814
5.211238454249072e-05
0.00013843883517835758
0.0006871898141256276
2.8338300105061454e-11
1.9583375035290713e-06
6.123103665500544e-08
5.722341760554521e-07
0.8408981561660767
4.53661430282097e-09
0.5528241395950317
0.9372860789299011
9.440511029664473e-08
6.688339844735589e-15
0.4408397972583771
3.754205382512908e-09
0.00025230377597411813
0.8408981561660767
0.8408981561660767
0.9372860789299011
0.00010039302196378932
1.0029299994018276e-07
1.897485734347206e-05
0.8408981561660767
6.983087102384607e-07
0.9372860789299011
3.5164016892499833e-13
7.69903994325889e-05
2.3673574228464217e-07
2.4836395017691003e-08
7.926558426923634e-09
3.3044039073382643e-10
0.00032258566019201587
4.358056487839712e-09
3.641453928063457e-07
0.9372860789299011
3.1668717650225967e-10
1.2952829542634928e-06
3.4863887382521483e-13
1.217651727003797e-10
7.243319609011354e-13
0.9372860789299011
0.5099443793296814
1.8454289181371032e-07
2.254582571257116e-06
1.9827124395664042e-05
0.9372860789299011
5.9517155904252086e-05
0.9372860789299011
1.5507783529405862e-07
4.249588621230986e-09
1.4129685766263667e-13
0.9372860789299011
0.6605135202407837
6.632544046649753e-05
4.822318705081453e-06
2.9151093900338854e-06
2.2442707057296257e-10
2.7288693141187677e-11
2.416879891907586e-06
0.8408981561660767
7.163455037314156e-10
3.5931796585706802e-09
2.1935865416185165e-07
1.4201941285690274e-13
9.725605706436472e-09
0.17419585585594177
0.9372860789299011
1.821247313031331e-15
0.0002800820191821261
0.3545756936073303
2.3713294028089637e-06
3.14850080830877e-08
1.8830895054402408e-05
4.949101168450899e-08
1.0853527592449686e-06
2.7655923599320136e-12
3.228676449285941e-08
1.0268641810669567e-06
3.086076863221956e-11
7.656105027689489e-11
0.9372861385345459
9.555865482612362e-09
7.253979561447091e-07
5.542221561514773e-07
5.841917249471524e-06
3.347578734184097e-05
1.940143708355501e-06
6.023887007842234e-09
0.000187492936631545
0.034370345410640546
0.9372861385345459
8.019569510009726e-05
5.01274773668577e-12
0.0001718811993684189
5.903616684834569e-11
0.014598200097680092
1.3201753604780517e-06
0.9372861385345459
0.48592326045036316
6.114888506916248e-11
4.032425508529773e-08
8.308000228864688e-05
4.75581231363418e-10
3.7247137281939756e-10
1.0341050089957744e-06
1.1985806975779143e-09
0.5821928977966309
1.0592336834924356e-12
4.2744895597505135e-09
1.7864266502886837e-13
2.1167030421657764e-06
2.1806734647127963e-07
2.7808411575781036e-09
0.45994889736175537
1.1757556769644347e-07
0.9372861385345459
0.69608473777771
4.272242301396774e-12
8.66903731028705e-14
7.592696062281818e-09
0.9372861385345459
1.2404196405471578e-07
1.7559900434244065e-07
0.007855533712796854
2.152752161558933e-05
6.962090287196139e-08
0.9372861385345459
5.13802658988291e-10
2.3572192569785335e-13
4.2823750385276496e-11
9.714067453788077e-07
0.00019911723299509448
2.421090501720576e-11
3.1731303402163673e-09
1.4428302892729832e-09
1.4409571104649857e-07
2.047107745990822e-05
0.69608473777771
0.0003788736718623307
1.7020632885864414e-11
1.0268117905898157e-07
0.44083988666534424
1.3780723684218756e-05
0.3872447907924652
1.570606048584936e-06
0.8408982753753662
0.007855533712796854
0.8408982753753662
0.44083988666534424
1.9256483153997163e-09
0.0034122674509361782
0.48592326045036316
8.559088550660093e-10
8.930751375387686e-05
3.185313221785948e-07
4.761998008932922e-09
1.235862138612769e-07
0.0003225855324376779
8.427426499511586e-08
0.0003173147857713464
1.0224624815497348e-09
7.154103629375737e-07
7.913912493662894e-10
3.093199387972299e-06
0.00025230374616120617
2.1335527452230676e-06
0.3054320216178894
3.940028862427605e-08
0.21629180014133453
0.40614521503448486
1.245841988676776e-10
