5.257793356088663e-19
3.756011921087267e-18
1.8171811396406722e-19
2.3906127396314595e-22
3.541821902070123e-18
5.386035592273153e-22
5.930870340517693e-11
1.4396081793290265e-17
8.445348786085188e-12
2.7323814935828095e-14
1.0821168473608476e-21
5.2078748791908716e-08
7.226665259372311e-09
2.0400552096320713e-14
7.325384443815825e-08
6.240996471452321e-11
4.9639371356740784e-20
1.056711900844725e-17
1.8839773661387696e-08
2.0590913682473911e-13
1.2212091160886206e-10
1.2889298964218526e-13
4.157795171516453e-19
7.315984983807312e-22
2.0847039391226792e-10
4.4814767512271184e-33
1.3892941281560134e-21
1.3390373274526413e-17
5.353183079496744e-26
1.346112383846445e-12
1.6079744737705997e-21
2.5498968836158957e-18
9.340556153336783e-13
2.8966236519811745e-11
1.531272751280132e-13
1.4302592991990016e-22
1.3144686001925197e-27
2.0399929582350173e-20
5.410719649781868e-25
2.576713526350291e-17
4.6151216728806054e-20
1.3357917568319199e-17
1.1859390057551983e-17
1.3068418136725763e-20
2.1512903851341954e-17
1.7305289307750904e-17
2.1311272319446533e-19
4.7820353058143e-19
7.094745063421855e-14
1.4541881205978242e-11
3.7764614655661837e-13
7.875397122960598e-20
3.913149800374633e-14
7.203891766556659e-13
2.983859040033716e-23
4.1651747478391254e-29
2.2819513990578787e-11
1.3848752897845536e-24
2.457810284743341e-14
4.661335712349668e-24
3.2318133782896874e-14
2.316881200069447e-16
1.0808816568871034e-17
8.88197796954887e-12
1.6145203484898632e-18
2.137526171322994e-17
6.856282279723105e-18
1.984266815794733e-17
1.3343501510743736e-13
4.619579773711338e-25
3.84440653851916e-14
6.343633676012797e-16
3.4979705450630195e-05
1.5544158927853775e-17
8.130301947523811e-26
6.372175810918715e-16
4.9057617267823765e-17
4.00893736654614e-16
3.530838002323324e-14
7.296196445531654e-27
4.3707617685627685e-15
9.03215555872221e-21
3.7883116395449064e-19
1.890769369093041e-12
7.453077250128138e-14
5.456659818165608e-18
4.961066313086632e-13
1.226727573013418e-11
1.7929239504446676e-17
6.81002937040939e-12
3.319632410316576e-06
7.45284165520797e-14
1.7624513265310875e-12
6.040303863381118e-20
3.553080310556734e-10
1.3938821854680367e-25
7.157786929222587e-19
2.2443074330974624e-11
5.0459616548268603e-14
3.910564386801656e-11
3.2423640777771364e-15
3.2642726630054245e-13
2.7451599294182343e-17
3.294583293563986e-17
3.094007719432977e-13
9.434796354341201e-21
1.2447681298838992e-25
3.4868353845778205e-24
2.122581925743656e-16
2.9797613806664794e-24
1.757481466954777e-15
2.5978538581170427e-19
1.715737908765127e-13
1.0973120358428391e-17
5.345181917475385e-24
3.368362889493394e-14
5.066935360669564e-21
5.164636984103231e-08
5.806248023112093e-23
2.1493882745599798e-20
9.360825498655552e-14
5.81951260464901e-22
8.608951976006861e-09
1.0344975645362089e-16
1.3050987901076938e-23
3.643461532555e-11
7.548645724545584e-13
1.3304852007922057e-21
1.3260140964845242e-14
2.4154833681309276e-13
1.0728936775225619e-21
2.4356267880746565e-14
2.8370051642377182e-11
4.3260226539354683e-19
3.019000886194255e-14
5.459618865957539e-15
5.516404261514316e-13
3.3050595765164154e-11
7.356258614553413e-26
1.9010995159916204e-15
6.985997714939682e-21
1.8099251236631567e-13
4.457998749688142e-22
2.380946697863199e-15
2.2213386190220976e-22
1.0409364106976751e-14
1.3066382643026406e-07
2.7141145519163284e-13
3.079880207078289e-08
6.992162654969106e-19
8.5414168133776e-15
3.427054467053168e-14
3.7469494886470415e-31
5.077347602584129e-08
3.535189232421438e-12
4.436927644319071e-07
2.5908864653983e-16
1.0310247490680413e-08
1.6093776655464924e-20
5.178491815081664e-18
5.271613962826842e-09
1.5662267166866905e-16
2.223953301577987e-21
2.6454594493996374e-18
3.4041274433379457e-31
1.1327522466128113e-13
2.2859979946204092e-10
1.900150108637878e-16
3.014164990223905e-19
7.015914637326867e-16
9.422528177441641e-07
1.1314583272638142e-17
4.4021082204457356e-13
3.4426331119974065e-28
6.184192058266539e-29
4.119966981045297e-19
3.5857661076828828e-12
8.981647346356031e-17
5.639461847852258e-06
7.114401022852756e-21
1.1422352786045366e-17
2.5611634300535517e-16
1.3177163997409074e-09
1.5258614727592842e-17
4.2077617006168397e-07
3.7956409778698755e-07
1.3693245043407023e-22
1.3195574823722668e-15
4.013772852749331e-05
1.5831173824028707e-20
8.762776234488894e-10
1.1943700409311684e-18
3.7756886921836204e-24
2.921873599524474e-15
7.165357359599176e-23
4.641242843574982e-09
1.376947602350213e-19
4.373783657632812e-15
1.8604305918568816e-19
5.280510122313997e-25
1.0738534129104166e-17
1.0918717453855051e-10
7.655936217272233e-12
1.3117809720497771e-08
1.949751921219528e-18
4.979436819810513e-24
1.7036330750165455e-21
1.456905074455494e-32
7.680858919648166e-18
5.017671775580671e-19
1.3575589125262132e-12
1.1336226164196906e-13
3.769084660427092e-15
4.543895248117657e-14
2.498159595385467e-14
2.8831987320198374e-14
1.3983275255132264e-16
5.34740499101903e-11
1.0592645431061132e-16
1.1612038956413887e-17
3.3624028687494164e-16
1.0212304272742052e-21
1.3858571059169876e-13
7.891140561455696e-15
4.671814746288974e-28
8.479346111767465e-15
5.505987289983969e-15
2.056436160760665e-20
1.4696465465890463e-16
2.0859878994328936e-23
3.0599628370491222e-18
1.881860256806934e-14
3.107038608095593e-16
7.450669509775062e-18
3.9187715530458823e-17
3.7531542433935304e-16
1.7376538049037257e-21
4.530761806756112e-12
7.927425858249519e-20
3.854246483305803e-28
7.166663149409619e-17
5.483624729262941e-05
5.108617489946141e-13
1.1146375160983459e-26
7.752419660951243e-17
1.2569599668590428e-09
1.1941167879530607e-21
1.3185720277594478e-17
3.798601297050718e-10
2.309284727640145e-17
8.742253107036903e-18
7.347571586778183e-25
3.66324035523358e-37
8.195851062443154e-17
5.222046369040429e-29
3.499686275551865e-15
1.735525939274267e-10
1.6836200099133696e-08
1.2871487694740626e-09
5.750646877056834e-23
4.0043909342731447e-19
4.469153244455351e-16
6.062969536690448e-15
4.760591540127431e-15
5.328240357316106e-24
9.893700107977912e-28
7.780125997135308e-09
1.4200515038858404e-07
3.968121220854584e-12
5.2145564956368576e-11
2.2743342916585167e-38
6.09749876110405e-13
2.2224261804304e-16
1.451666835138439e-33
5.23237814082103e-23
2.668870730692082e-25
6.621132876697481e-18
3.484829991916824e-17
1.2255548928028953e-12
1.995044160326081e-21
1.09541945348427e-11
1.2646637888767632e-18
3.3312036832019067e-16
7.583886957937121e-32
3.224730013686885e-12
1.8082895849366284e-21
3.824482587955266e-12
6.687972273760586e-19
2.6935450017036716e-15
2.8856744369924653e-23
1.696937661003586e-20
2.3257150710608087e-06
3.493884005505529e-17
5.5832550931302645e-11
8.550174228696014e-12
6.55447151318167e-17
1.9159324091190004e-14
5.161469146916811e-17
2.5245195545025594e-28
1.1233115726915992e-23
1.5157228561150235e-15
1.8371225756794397e-15
2.8750404814095838e-15
2.5526664799835833e-18
8.868944851496012e-06
1.0064375869191827e-15
2.1329825614149075e-22
8.795898637529373e-18
3.1707946308295235e-15
3.3043602070601433e-09
1.7523747728796048e-18
1.068729901068055e-19
1.0801072274986163e-12
6.464726981836311e-17
6.545400098436891e-14
6.008847339768039e-35
2.2569763667093946e-14
6.317361904152101e-21
3.9775938148292585e-21
1.601229241426496e-19
3.104940635932351e-11
6.2891854262226254e-12
3.586118192905909e-17
8.540130002194425e-16
4.547085140890831e-16
1.367526948184724e-20
9.958504364001744e-24
1.9435317947433152e-13
1.948016616810057e-12
8.878354944315762e-10
1.9125230438280073e-17
1.454182436899461e-12
2.167452385368286e-08
1.1369369089656173e-39
1.2739990487047839e-12
6.056255676246976e-22
1.7037456695514607e-18
2.0347509510451681e-13
6.028920256846522e-12
1.7131376755082187e-22
6.179045003991735e-15
4.148703496066834e-15
8.299318480373354e-14
5.558819182639512e-13
4.81580862137543e-15
2.9981010255483625e-16
5.294203440942435e-12
1.7859341876530162e-08
2.6398803748203145e-10
3.519384620717745e-21
6.19951214128325e-31
5.532116126379373e-62
1.2563733502179218e-12
9.871443051846739e-21
1.2663554667268292e-36
2.695344072410989e-16
1.1844031578668485e-17
3.447073299557256e-16
1.3266545456303359e-18
1.121994467669739e-14
1.3397610111548805e-07
5.097018093790199e-13
1.1940918104412555e-14
2.0910931839289107e-15
1.5868900468255633e-20
1.3547773422965378e-15
1.0997534902045862e-16
8.294956759307492e-25
1.1140489749314303e-12
1.8711937005895443e-07
7.139358576573232e-10
1.4599769468960926e-28
2.9494086022636625e-09
2.444306127300461e-06
9.558217025215271e-25
9.584461079990253e-16
2.8221986102840605e-12
1.4875665804332286e-12
6.398297483487488e-24
1.6034256943966958e-12
7.5843198311453e-19
7.22071438741488e-46
1.0156856198331712e-20
3.7596321195797386e-18
1.3194759784126283e-13
5.068004017882758e-15
3.861503676269551e-15
3.614679427200734e-21
6.676210795252081e-11
9.499966001328521e-07
1.300393649160576e-26
1.0589948501164416e-15
8.516462770131314e-14
1.6942752633203632e-11
1.7295115713131388e-13
2.993888802512394e-15
2.2337692252704465e-17
8.818185801773012e-16
1.7925665501694154e-12
2.85943094627796e-11
6.356565460290861e-14
9.927717925342219e-14
5.2420012067207895e-08
9.368155850237762e-16
1.160223725962516e-16
1.0529975767954936e-13
8.711217577756361e-23
3.207334221224329e-12
1.0560718905067195e-18
5.919344537568208e-23
5.295830682421587e-10
1.8652121706656603e-09
4.021657232801981e-08
1.5904863265354623e-19
1.6876960378407707e-14
2.4010593180188936e-12
2.5468879865088377e-26
8.98794846581131e-14
1.815047416485583e-18
1.4669716057058612e-18
4.389400835561794e-17
3.1244463037719703e-21
2.468026634550644e-25
1.1829803213879197e-24
2.5525117556184482e-17
2.467235285984281e-18
2.7543987525899814e-24
3.2081449324612733e-18
2.139913544119959e-16
3.960260707615507e-18
1.9149989924437595e-17
8.670344030246398e-41
8.4616000105557e-12
6.740207323862498e-18
8.100070865466194e-08
1.833525074533618e-25
2.743060790584519e-16
1.2779796822393376e-29
2.4340798865751056e-16
7.04329340262076e-12
1.4348147237951997e-11
4.5175304359292e-15
1.1529146274338466e-18
4.4118027424239786e-09
8.348120503747819e-14
9.905096963510677e-09
2.0311659470354324e-16
8.664518895975453e-25
2.1947236707676493e-07
1.9494837803358954e-12
5.568294693808535e-12
2.0871947379409972e-20
7.5987291273681105e-22
0.007145878855433431
8.304219452200438e-10
2.4404990098747793e-12
1.4030386123763142e-11
1.2174593324271525e-19
2.6366798175882726e-12
5.921990005226156e-45
1.8295773992984073e-10
3.2080119291986568e-21
4.7332831355690295e-17
1.4761863861253483e-23
3.65514164586366e-33
6.033606019513069e-17
3.477272048943472e-16
3.831042933785072e-26
7.305485366685065e-08
2.8341614030272326e-20
5.715287790477905e-23
8.944191581759518e-25
9.083181153370067e-23
2.3831941562623488e-14
9.986841126675923e-11
1.580189286630067e-24
1.622859191119774e-20
1.6161701138193263e-14
5.078904589087514e-20
8.174308088374721e-25
2.3738290537771487e-44
8.118167561796585e-18
1.876908881313067e-20
3.9610466210539555e-20
3.9319473265320926e-09
2.0960466722398603e-18
1.1435883169398234e-56
4.554532502606152e-15
2.039389453461704e-19
3.6507205248337884e-10
1.8576688608316977e-14
9.325558756921111e-20
2.2719561048014337e-28
2.5206898995205796e-11
2.1492863594012708e-10
6.873441568310534e-21
2.655247650316608e-17
6.758077455920538e-15
3.28985078586882e-20
7.304707045018723e-12
6.85706611120928e-12
6.994764253334746e-19
2.350795363388757e-14
2.4584143594230037e-16
5.32578569447064e-10
3.57543350304618e-16
2.429800323436951e-17
1.569265523186314e-17
2.5300206676557464e-22
2.5554847899215978e-18
1.165477205268214e-13
1.1206547181692533e-33
1.614018608708586e-10
2.611042999657555e-22
2.1008088200048425e-17
9.710773429093493e-15
1.0186938367981757e-13
1.9931673881855782e-19
4.808435422218888e-11
5.411955618109435e-13
1.007438894985909e-14
1.4060327547973429e-13
8.123431617575302e-13
2.7684434252469434e-16
4.385426044048743e-19
6.401606011062494e-18
7.582505925719766e-17
1.1183924588956687e-13
9.845812421726643e-20
1.4748534755525572e-18
3.2550792345756362e-21
1.3177123312510011e-09
4.489508033415679e-16
3.955654362975869e-18
1.1341784057270785e-13
5.855339617147424e-12
2.926494004961918e-19
1.010005191948038e-31
8.291701352098877e-07
1.8278744244969853e-16
7.299731621542356e-19
5.965650968648571e-07
3.5056812865727763e-20
7.561042485134237e-14
4.3922318545098264e-24
1.4004322367570209e-14
1.6681130892283987e-14
1.1019059474228215e-07
4.553697963585417e-06
1.0441154476377848e-39
4.092212480814659e-09
6.207006040004067e-22
1.1392404394759148e-10
1.2675099694153544e-13
1.8638996096382428e-13
6.410194057343254e-14
4.1202661697183046e-07
5.407072428918199e-15
1.1722300407904e-29
7.287373831780325e-12
1.0428115740127386e-20
3.4753094545976073e-25
3.313108322443441e-41
3.0455454508714625e-18
2.585132143431055e-10
3.3670932930497375e-24
5.420133168890626e-23
7.583678797276835e-08
3.5403069282076007e-07
1.8321196718221652e-19
6.079780761272707e-12
7.161386964460201e-28
1.2299553578586403e-17
8.761569634698169e-15
1.0041755567811367e-19
2.6318366241871984e-18
4.521067571354839e-18
9.886914088455155e-23
3.3170206453891894e-05
3.1559457984827165e-20
8.272409395525311e-18
8.82776964915516e-15
1.516810255016484e-12
1.730095196245011e-22
2.0015121984629228e-20
2.0839360742937475e-09
7.454628397934125e-16
3.9304881634954905e-14
4.441592882046924e-26
8.208069831717118e-11
4.997009703378631e-20
6.219894718972257e-12
5.723226282894957e-12
2.1481935339035143e-14
1.553322881660716e-14
1.0350592912460316e-12
3.162341827778828e-12
2.538908438646789e-10
4.9780138941265747e-23
2.5089908391990416e-08
1.657883348684752e-17
1.804000408121169e-20
4.908563287069605e-24
1.6520627182592448e-16
1.701888375559857e-47
5.444829612803922e-13
1.5995442173050352e-13
1.5292665381759697e-09
2.083912878738012e-43
1.6735353175361366e-16
1.955234251855117e-11
5.480254439849509e-26
1.237310277019777e-16
2.3738918961967017e-41
1.1537710743329924e-17
1.1769424920072425e-16
2.5655929976701688e-23
1.1205650447034219e-18
5.6138525471725685e-15
2.731552755405565e-08
2.747759697162156e-16
3.267137098848707e-17
6.328653591198586e-21
1.0047371608662017e-25
4.891102309310263e-12
6.088926817782116e-14
6.16532852696506e-14
1.4112579676030502e-23
2.5175653672804645e-17
4.101608743341876e-28
7.068147860391115e-15
1.7502577448208032e-09
1.4723677990623153e-15
5.4166757015329215e-11
6.792769534768237e-13
1.1978884578858603e-12
3.8045008986435334e-20
3.1331140121134164e-23
7.397801507323021e-18
4.2479804421832956e-11
6.008535541823012e-21
3.1662715965074377e-18
1.2172323941405337e-16
5.904296214611213e-42
7.680894279240538e-16
1.9298391456470482e-10
1.375894738491405e-17
3.4622465333532463e-25
1.432009310906886e-14
4.294760115234798e-20
3.298676182240242e-23
6.113144588396643e-11
2.3610986043449136e-21
6.2744580155919496e-15
1.710244741851367e-15
4.123106550376226e-15
2.2033255047724768e-13
1.5498013729202195e-20
5.686596378414208e-13
6.032422114581688e-17
2.7049028660394702e-14
5.193944098776923e-28
2.032674255781078e-20
3.964801850228734e-08
1.1912104343415946e-18
1.7133532373690902e-21
7.710031315261306e-11
6.622167094326386e-20
3.0323351091757106e-06
2.2687306230140796e-13
2.9404695295299144e-06
5.41961151952275e-08
1.5410455169865385e-18
3.009460982469249e-20
8.481275262403466e-28
1.3294729435689346e-06
2.172113866929796e-18
1.5152041683136553e-22
5.248715363798658e-10
1.9400825508124547e-12
3.8846428693731144e-13
2.0186323228339057e-17
4.007437272743272e-17
1.3894255175951638e-37
1.23393059655772e-18
2.5154172614154864e-37
4.2235096226918605e-20
2.2528466256105204e-09
4.0599766815546035e-16
3.1122187274900495e-16
1.8449229419205497e-16
1.441851443354559e-09
1.0194892144800607e-17
2.8964703872714187e-24
2.7591341733566483e-11
7.074624253587401e-27
1.2853576893996558e-12
8.241597550653244e-18
1.3931986870465717e-12
1.9677941802631683e-14
1.7749085840175837e-25
2.064905461076118e-14
1.0518518253324835e-19
4.535761059747291e-10
6.330450517422935e-17
1.9809584126956757e-22
5.748788523880559e-12
3.087636710143735e-17
6.93166156227104e-12
5.515475064105626e-13
1.2242101359054746e-10
9.933419195270995e-18
7.934003896266728e-18
3.817733730189363e-12
1.3998594083888378e-25
3.948229937597279e-15
6.72571058287654e-22
2.5465640129591635e-12
3.7601875843814547e-07
8.51191477850019e-16
2.021950348123238e-10
2.145391059457211e-12
4.309199131201455e-35
5.513377130411688e-07
1.5936828289819857e-16
1.0693653992906395e-13
9.314839935428653e-21
1.062667156199072e-18
5.5210807396210765e-09
3.0119116361099036e-17
2.8898344185337366e-20
4.724872615155629e-11
1.3080911004568599e-22
9.322172382120525e-26
1.914530756395466e-22
8.749289740224284e-20
6.658243768642068e-18
3.0587440024321655e-18
3.525857426755211e-18
2.6047266171486768e-17
2.798251276074159e-16
5.2038744825583824e-36
1.2863578061887733e-13
2.8763967993660947e-26
1.9263745065100886e-21
5.405666279131583e-19
5.911892916486906e-16
2.1272457609174377e-17
2.9761429067655485e-12
1.0116810224783361e-14
6.918407257478798e-19
3.6004877958713223e-12
4.774216494193216e-14
5.053323811726428e-09
5.611603188958966e-09
2.6989607017579313e-12
8.346341383097352e-19
6.2969579616469e-33
6.662350887598922e-23
2.4364155085260346e-17
1.3066997895603036e-11
9.278436929024225e-27
1.0502901798057191e-08
2.6081951178622227e-10
4.4883760210256104e-17
5.049665401774801e-20
7.885472060333233e-18
4.755450147718322e-19
1.456970829561842e-31
1.2599077679832528e-08
3.760782680177877e-30
3.0437365187329248e-15
4.131455471011292e-14
3.491589001976527e-22
7.117672891208472e-15
1.3259790814635265e-12
6.1070359366831155e-09
1.5655205929637613e-36
6.534247861794772e-16
5.87119007668716e-29
5.2767042295829175e-22
1.873981364155835e-17
1.6037499646212748e-23
5.62705309992733e-08
8.451306662621832e-13
7.495721219386697e-18
5.344537702062392e-13
1.2872126605362216e-13
3.864678468728009e-22
2.6611967180684497e-27
9.025117289678527e-11
6.375592230429815e-20
4.775359311025627e-14
2.8965497704344436e-19
2.7712750375688765e-10
4.9577533788768985e-17
4.841249763590993e-15
4.796315129586677e-14
2.285868164088694e-12
1.3115523952270199e-18
1.3637175140569191e-11
5.981637590647751e-22
3.539461781856585e-20
2.5290261291024432e-21
1.1567320313042099e-07
1.521884593200601e-29
4.999511617551459e-12
4.792278195169455e-07
1.4520338583589722e-11
3.792821061143235e-23
2.731475424677096e-09
3.0568448209686885e-26
1.3964456450546817e-06
2.0642985701293498e-16
4.360680050966366e-11
1.1721078363208048e-20
9.2459034740995e-14
5.38884310268336e-18
1.7418991554252182e-09
6.427147518249468e-20
2.9668385222836077e-15
4.509830345961113e-46
1.53123762763167e-14
1.0625554558839751e-20
4.1619358478016303e-07
5.4166227754699837e-17
5.711348102796315e-12
1.4246386274877177e-18
3.0915864106464665e-15
4.6147504021478065e-12
7.863283137563791e-48
1.5684690040793823e-16
6.173391116604227e-11
1.566042941052947e-18
7.73716606587783e-15
1.8291603066011863e-18
2.3766616947427476e-18
2.1725995783613103e-08
9.18149875882896e-15
5.976342308208504e-20
2.847869969271444e-10
6.450046040010694e-17
1.4347934564519213e-06
4.922076822980617e-14
4.205084949230516e-11
3.0756161865111045e-13
1.4329025432864817e-19
1.5503742381368475e-17
2.280621765343096e-14
3.5300245445621266e-21
4.395682945117176e-28
3.228781455506302e-15
9.171627582779507e-38
2.6677670210274813e-21
8.890339828456602e-15
2.102740150004899e-18
3.836344397647267e-18
3.821698117521118e-16
1.5192908855112674e-10
5.488304883491235e-20
1.630313010673421e-19
2.0516686335199885e-08
1.1122262465626195e-31
6.6690894232697e-39
2.4457884812168274e-19
4.965424094800824e-12
7.785621276055072e-18
2.3359296541026674e-10
2.3502343216612785e-18
1.2105036870865997e-24
1.1412773340552213e-19
7.208476223040453e-09
7.558674569761666e-17
9.65976950962979e-09
2.3256710828003492e-17
4.836802520248077e-12
3.607455152268e-20
1.2986232257158563e-16
2.1205961588499424e-27
2.3069436868782696e-19
8.884816925596086e-21
1.9820723475316465e-11
1.0717160237257269e-16
6.046121625728126e-20
9.976381395685959e-11
1.0293171250196657e-22
2.1899027797591398e-08
1.1141522760619016e-08
1.366267180309981e-08
9.053883241079266e-14
6.694814576670923e-07
6.865583035414462e-11
6.118689235149186e-42
1.5393134982820027e-16
4.829821338984831e-06
6.549774957738884e-14
2.2539030732731592e-18
3.5305468121200344e-15
3.0246914429139166e-13
2.287737028874564e-24
1.3402850513728358e-13
3.5164056341270486e-14
1.6423779915086423e-18
3.7846874681253577e-16
2.7259009655750056e-14
3.65786038881349e-28
1.698264515959405e-11
5.48303365096602e-13
1.0361146580119108e-12
1.6962059329911873e-15
1.5417502493190458e-30
3.8292685236035714e-16
2.6123883780398722e-23
5.949314178343301e-23
2.6467572471254415e-25
3.561176852102671e-20
7.417252768763243e-11
6.624777187809842e-17
6.648976261493554e-20
1.1784726974673873e-12
7.310576948886628e-09
1.8549412980087024e-17
1.285528725280458e-14
2.6284547545511826e-25
9.029996778699808e-17
1.356435552236465e-19
4.9150514332133743e-17
5.801924844500008e-13
1.558948007892778e-17
3.1365822248679466e-17
9.799014513777238e-21
2.5235361670593144e-13
3.3564124838862645e-22
6.046867059432842e-20
2.4515199984494355e-11
6.74285274158416e-23
2.833587868555372e-19
9.127987023415e-16
2.862972389706267e-23
1.2205011055930191e-18
1.1098776978801863e-14
8.21987581356582e-21
3.5000171081649234e-18
6.361892944299903e-05
2.4044106574295603e-29
1.0790125274238302e-18
3.0902354479024197e-19
9.779660519090154e-27
1.6529346627080978e-10
5.821802785769333e-25
2.414788339899244e-28
3.097874537292004e-20
6.2902203840744955e-18
2.6491614914249743e-17
1.52822592869205e-13
5.5006630699755926e-11
3.914090920117659e-08
9.909770122957005e-18
3.6348939959594765e-14
1.1599137575100974e-16
2.3304442842139637e-15
2.5276474368256808e-12
9.207757307270112e-24
2.3973921703074397e-13
1.1523882682260612e-16
2.697145358935564e-26
2.3926181627250403e-23
8.205877992548258e-15
5.41973857399806e-19
3.190060486489827e-40
6.16648765213804e-16
1.4250691243692873e-07
9.745615746633529e-17
3.253889623840957e-17
5.401260389265038e-09
9.77369700442091e-17
2.115777564779358e-17
2.35663735520274e-10
3.963511798169846e-18
6.799247185785456e-11
8.587408109979173e-23
1.9517964529213382e-31
1.8054160495564428e-17
3.5534524865815404e-15
4.617866606795477e-17
6.683884681974466e-25
2.907942330456699e-10
2.246684908825652e-13
1.0630921551476947e-13
6.925278213739528e-14
1.1806525400875315e-14
1.6785425455579183e-14
3.4175235160698493e-26
6.606621129247172e-13
5.527313978262403e-44
2.563450340084921e-16
5.410469440054396e-34
4.623067192442633e-16
3.761602743304383e-25
5.260395999229175e-21
1.46571805451718e-14
1.275537883557479e-07
3.894931078829848e-15
1.2033682069347797e-09
2.0492464098757303e-22
1.6023057458140207e-20
1.463858075297898e-14
5.478491847600373e-08
3.955849953016384e-24
2.923749153181604e-16
5.1775373208073374e-14
1.7867056802023446e-13
1.7729808257474182e-11
8.902204523633022e-08
2.5973078926336257e-18
1.184052225700552e-22
1.0085716220040213e-16
1.190823741452186e-06
2.881875337225683e-17
2.7325295860568246e-38
5.685352200068425e-19
1.2363855684738033e-18
1.0175921611120535e-16
5.992973216666256e-09
1.119169494803124e-10
3.053606415121072e-15
2.0943361712418292e-12
2.5172743359012767e-12
2.207223644102634e-14
7.230143003573432e-19
3.3510713963168234e-13
6.625685330565305e-13
6.434749874170672e-15
1.336365288058439e-30
1.7344407553046365e-15
2.5359285800639693e-11
4.932044981275235e-38
3.583101481443818e-35
6.150332697629913e-14
1.4279403298873896e-08
1.0661426690521986e-17
1.1023713266682106e-18
8.597951958762435e-11
2.8458315911340554e-15
4.797961855475059e-18
3.914825653095343e-18
2.809773100323466e-10
2.0676215170003677e-18
9.986389134347801e-23
6.310238879653058e-10
1.4509552014872676e-10
6.0934111852510116e-18
3.0780128697735303e-09
6.488237163983837e-09
5.860206600995298e-20
3.0098062118527564e-15
6.830798230466953e-13
1.934003955886963e-13
7.456267095858884e-21
1.5830791344025142e-23
2.4203616760902886e-20
4.66844804274066e-19
6.599276665885198e-14
4.575735729886399e-15
2.9146850504164044e-18
8.891206664769354e-16
4.586649801879569e-13
1.848637028833577e-18
4.7112536266382794e-18
1.783726640313913e-17
3.883052933124966e-23
5.454094147502506e-11
3.674756778922586e-16
1.651339699662606e-05
3.067008491675241e-29
6.606991961158575e-19
2.80938781865101e-38
4.5110722661686466e-17
7.763699490857663e-29
7.827105973498778e-17
6.5445576420673145e-18
7.046706697998205e-21
1.1847954576177498e-12
2.916080479826659e-29
2.841077221490817e-20
7.6970660490727775e-19
3.695234013690613e-24
4.126513063821438e-09
5.329306301538251e-20
2.27986727072772e-09
1.6963185104069127e-10
5.883955496553148e-14
4.5142030143323474e-21
1.6319742072297252e-16
1.2001902214883345e-17
3.427658366423099e-06
1.9284829294753205e-13
7.216508466218729e-26
2.2203223286078973e-17
1.0216736532275772e-14
3.0729730079859006e-15
1.6965888836247508e-17
1.0478810985564594e-13
1.9971280614699545e-14
1.0481750585055289e-11
3.1437519076680774e-09
3.8938270864552745e-14
2.9465395285400314e-23
3.4710373964742713e-12
2.0275930722842945e-11
1.3986093470567536e-18
2.3173517542676463e-09
4.2146210621952e-14
1.1634045902946001e-16
9.286556168401123e-09
2.7486562682374026e-22
5.433450407559276e-16
2.8412537202826256e-07
1.0469923426794152e-15
1.3057441135723946e-11
2.3226163538716493e-19
1.903614102273973e-14
5.256966297927679e-22
2.7207280342840243e-33
8.976869481109721e-16
8.104906205020582e-17
0.00012882588352231122
3.02852928737266e-13
1.8983658368864276e-16
3.8122866721996826e-22
1.4954462831644052e-15
8.505217655525696e-15
1.328331678860665e-21
3.592287642777729e-14
2.654937303157257e-09
8.78660346771628e-38
2.8703063536202047e-19
1.491843381478897e-20
1.247710909668701e-18
6.769226885604903e-17
1.9106897222789145e-18
5.344587577946793e-11
1.0827448585935112e-12
8.353503629097771e-18
1.2308530771487774e-35
2.047563191151348e-07
2.886393421856685e-13
1.5681614106095432e-17
4.064035772942166e-17
1.118407462197642e-15
2.5621996705858587e-07
1.06983019591035e-25
1.3469480713468461e-05
3.6792856852152145e-33
2.985176499719033e-16
6.984428986796032e-20
2.3204862706215976e-26
6.103089305739039e-18
9.452937140041558e-20
4.383113220946829e-19
5.236299706107748e-14
2.850078232447387e-14
1.0252138474458799e-07
2.2734507327410492e-20
1.7262681165533331e-16
1.2796919480268295e-25
1.8598858199379068e-17
7.239605045251311e-22
4.357498805427115e-13
1.2537065127861789e-13
1.0960571657145394e-12
6.766035723794011e-16
4.871576695913096e-33
1.5953824222586203e-18
4.911742243232024e-16
1.6712564289227793e-19
3.507808916123599e-21
6.97406921136949e-15
5.163124568769412e-15
1.9069556972480766e-18
2.2995973347856327e-20
6.9133448688027475e-18
1.1875396549152075e-07
1.6716972175054388e-22
4.242199441014827e-10
1.3146962726587626e-47
7.872222569567082e-13
1.9849274597449502e-14
1.1438885146116152e-11
5.816169415158186e-22
7.110410906368159e-22
1.5951268720441844e-16
1.9194917946735345e-21
5.00825823468325e-23
9.957291251773108e-11
2.0173672903183933e-15
7.70058153894437e-20
3.929553724671172e-13
3.836568011665513e-12
3.258170798726859e-14
2.4116378132313476e-14
1.572658215393529e-14
4.601084713990404e-36
1.7615594742650974e-13
7.607848596703284e-16
7.318823064024182e-18
1.3640696376985944e-21
2.8732013805851636e-14
2.135245331161378e-13
8.442115665292319e-15
9.572095748129405e-23
1.5675119874889006e-13
6.459630295312864e-14
5.614195154837579e-15
2.8596931144371103e-19
1.9263463605451546e-12
1.6456472282004145e-15
2.783954587901243e-13
1.7654528243983596e-21
1.1677193501796307e-16
1.6115366528015929e-18
5.584106925084562e-10
6.582471496758108e-08
4.703799514908195e-19
6.678539996344174e-19
1.087511607635078e-14
3.4080649212133094e-17
1.171425946527277e-18
2.349351518162586e-20
1.4505589371801775e-11
1.2267212951089502e-09
4.644201760387684e-21
1.7565481328707255e-17
8.863913571972507e-14
2.883220303435395e-12
6.3723379607533135e-12
1.4952472430754303e-19
8.048424243935024e-17
1.3849060722851866e-13
2.1688690467201637e-13
2.762418268013886e-12
5.813632765608814e-21
3.426044047051949e-13
2.5577310398098067e-14
2.0130841588595642e-26
3.3388183957232784e-11
9.626804951318188e-39
1.180217230387144e-26
6.4856540896617134e-18
8.219949005852645e-13
3.0835548416068215e-21
3.9270967512960196e-19
3.381304184575881e-11
2.2977625320298447e-08
3.639376320986491e-19
5.363715518364048e-23
1.4000585067062591e-19
6.094950741328721e-20
4.8625176644306045e-32
1.9543570892411015e-13
2.412278234488219e-13
1.317373917942057e-22
1.3082478297653516e-05
9.704821836144374e-18
1.1089402953860417e-13
4.919639557562525e-08
1.2324573235730488e-14
1.2524700622499151e-09
2.367438934079786e-19
3.4679945103759047e-19
1.4020931688900824e-16
4.62433563643588e-13
2.442869009452894e-16
8.082045687842725e-22
4.54346648837704e-17
3.439451739735361e-21
4.972650731268778e-14
6.624660250628563e-12
3.2790256709720287e-18
9.098957773488798e-15
1.2594399275876656e-18
1.3002539776335929e-14
8.47481193299793e-11
1.8355588952032625e-11
3.521095475829614e-18
7.166120612720799e-51
2.8315169652980313e-14
7.333315305594659e-12
2.0568281074955908e-29
5.182974281015856e-19
3.943829821177207e-14
2.6904702974342017e-20
6.058706043415443e-22
6.918664644624231e-20
2.5740682213577433e-22
1.760854573866548e-33
5.3452133316131856e-30
2.274418350161372e-40
4.3622652037733885e-09
4.917127430918537e-21
5.4301819600958973e-11
1.4404271511872725e-18
3.3480680155157344e-19
2.892472048992089e-14
3.1568960096324745e-22
2.37837655021886e-13
5.708070959111818e-20
2.2540332047617998e-12
3.5927042916691716e-25
4.443624037332074e-06
1.9600634560463368e-26
2.3185300258683488e-22
8.607303215803866e-12
1.3176810333267467e-24
3.8071738450235307e-31
7.862620844791813e-18
3.228805082115608e-10
1.1468293684945062e-19
1.4502488896858895e-31
2.7307838091064133e-19
9.298077582212286e-20
1.5362784211442563e-29
1.327667166692349e-12
3.636180505749188e-55
1.6186479915043337e-21
1.6161331130689322e-20
3.45815922618389e-14
7.386200879185155e-16
1.2079120132298464e-14
6.126979036922752e-24
1.9174006721067995e-53
1.6543577764074572e-14
5.027424143879564e-10
7.662543640958966e-29
8.471923611219684e-18
8.314331397750789e-19
4.5259540700375505e-11
7.238172129403427e-19
6.639773491074303e-26
1.46544957207716e-15
1.0208673577503691e-20
2.433429425896431e-35
4.7297068885915355e-11
7.445729171453181e-19
1.454168415425761e-13
2.4495788732687654e-06
5.1524300262524496e-17
1.1909190034110488e-13
1.8521837187858712e-19
1.1117881152020615e-13
1.502252590566501e-19
6.361220195713696e-19
3.251478413261952e-19
1.3230025505008942e-33
2.0687545312976404e-14
1.3203078072204918e-05
8.537110139534926e-12
1.3078054423273095e-18
2.5607062762386915e-27
4.127414913839988e-18
6.601364645501985e-24
3.3288266603006966e-13
7.47005107482179e-16
4.338203900108522e-14
3.889596556676509e-18
9.505379314198416e-19
8.444422469337021e-22
2.3042715607937456e-12
1.4700197774274303e-15
2.311179500890847e-14
1.1463425973211658e-11
1.4703840126510857e-21
2.0456472291988354e-19
1.0921069909186624e-26
1.7452137731439618e-09
1.613617072656234e-17
2.4265711610768543e-19
4.456189749973711e-18
6.3636839552085295e-22
8.37274536773265e-12
7.513719116633391e-32
7.078030677725367e-08
5.91627420378679e-29
6.725084879258867e-07
9.832995556828166e-21
5.455718262128007e-16
5.3167756486739154e-11
5.099023779246294e-22
1.4204114543451065e-34
5.5904072967735975e-08
5.275805768949889e-16
1.384972208511778e-18
4.547976578518013e-25
1.911456509660967e-15
8.11184000942717e-11
2.3290318612898627e-20
3.643408183037045e-13
6.940120001826859e-21
3.3711269937498217e-14
2.1070024068057338e-19
7.741421120887589e-25
1.0032343359671248e-13
1.8685705001690342e-18
1.499227782609022e-17
5.923681213002728e-21
2.1093865095099276e-21
8.014896366123938e-19
1.008130977967118e-23
6.013964728972901e-13
3.830558086766922e-17
3.6371342492030865e-26
1.2692720824186767e-18
1.2586348898572892e-15
7.311939131748957e-10
2.754360616001148e-15
1.5975851270676436e-15
9.06585184160792e-19
3.882540776540509e-13
5.237825493549431e-15
2.8217150430134803e-19
2.0223137176318154e-25
1.7468439154944654e-15
7.611484487700935e-19
3.4572488025849264e-17
1.8857395023372074e-24
6.132603384495538e-15
2.4364164721837737e-32
0.0001300093537708441
1.5772256662136658e-25
1.6737955180539698e-11
1.191037896190552e-34
1.8945926976216987e-25
6.248586722624861e-09
6.327192005795245e-09
8.028128409171143e-07
8.35475513798178e-18
1.0389309342958062e-16
1.033195369597445e-18
8.147906997219166e-16
9.466732115364516e-29
1.533372240855677e-13
5.265847214520584e-08
1.156845952275342e-18
1.1806473244943464e-12
1.549021364277289e-14
1.2184325203001598e-40
3.950643566587649e-19
6.850793778279489e-17
7.850576236933875e-21
1.5058574243325996e-21
4.606987509529428e-18
9.826189831595876e-07
5.949646146534354e-13
3.1699843347256014e-16
6.460978400623694e-23
9.86574319969502e-15
1.3782640447875227e-12
2.1300446918697934e-14
6.056149066581443e-10
2.1042401446659212e-10
1.0100148824743371e-22
2.6388999723931443e-12
1.4047575726862885e-15
1.626384189036412e-16
1.4412909275549676e-12
1.071805738460636e-17
4.485215378072485e-12
2.7489026874056126e-09
1.9724831824010514e-16
8.449831418409802e-06
1.746604992457982e-10
2.5399705812398564e-25
3.0739454473193827e-13
8.174063984841097e-12
8.984035587539287e-13
0.00011431981235209095
2.325117388520654e-14
7.703240082678446e-10
2.3351042093106817e-19
7.430020731690509e-06
2.7640420107618436e-16
6.089101680656563e-11
7.903386037904022e-13
5.677339457278182e-44
8.349188628578681e-23
4.096240928109679e-13
1.038078882699517e-20
3.412654201222323e-11
4.889201616646149e-16
1.783747136287862e-19
3.371447484686426e-16
4.014143972086483e-11
7.754597660943179e-22
3.157876243006096e-18
3.710418370709181e-38
8.812758057686573e-20
4.066278458563509e-28
1.802796986027846e-80
7.138908659619866e-19
1.761436226661721e-11
4.4362280349940704e-57
5.002788543640537e-07
2.2414414195570133e-21
2.232228451143082e-11
2.605683094020433e-12
6.726854240692044e-11
6.417293312700615e-17
1.33654663622792e-12
5.862910861117041e-07
4.3111302101281675e-30
3.0557866064156e-14
2.138981890791349e-07
5.2025598060577676e-21
1.4805933513378128e-11
1.213978202661933e-09
4.0291190693644357e-13
6.88642578753097e-19
6.022008279320832e-14
6.902278700920985e-09
1.0745441983972934e-23
8.920628682189026e-23
8.01484637971424e-13
1.9627649534186298e-21
7.970723911971028e-18
2.6407460087544654e-20
5.691777233251868e-14
3.6057004884938094e-07
4.760104929823902e-32
2.9902986487288185e-28
1.6033125864955596e-23
2.8387331413661947e-24
4.01380882032761e-16
1.3741617797267465e-29
3.6850283998716864e-34
6.77541310045936e-22
2.96883224326473e-12
7.012483594713682e-13
1.505864665684501e-06
3.5143075982560157e-13
4.305912219273717e-09
2.754136726391483e-18
1.6419511250813695e-10
3.580185032250771e-06
6.424612008886815e-10
1.6468146469316608e-15
1.8083951864015404e-18
3.0982775522854867e-11
1.4431172347371139e-16
1.2155581371174895e-08
6.062858949903972e-28
9.38887506892638e-16
7.51507840805707e-34
4.66445704564004e-34
3.391362248902298e-24
5.190833624784556e-18
3.3569311115657227e-12
2.3652607414364887e-21
5.009750483597422e-14
9.134971092057389e-14
5.516067219823088e-21
9.711135782182224e-18
1.0115105093609303e-20
2.4838041790038394e-14
2.2375179723948478e-17
1.245307088382047e-16
7.282376165233672e-15
8.091084351582986e-22
2.264818624552111e-18
7.264887871969726e-29
2.1232558584167135e-20
6.106604611079133e-20
2.938275040137161e-17
3.886469109754746e-15
4.9114343436598135e-16
1.662713416226721e-13
4.158130782051033e-27
1.904211248173929e-15
1.4656606936653833e-19
2.4249464110588012e-17
1.2975968211236525e-07
1.8943992177152757e-15
8.632264132569911e-17
6.880672893867495e-08
6.001248462368731e-17
2.820777106395738e-21
2.4443672132009793e-18
5.64977614865288e-22
1.675586124640456e-17
1.5188470567578043e-12
9.14374406595727e-19
1.5204687283442178e-13
2.3793686113505215e-23
2.5491455474245245e-18
4.9132437998476906e-23
9.754112297451612e-16
1.1484029802437069e-24
2.659417120097701e-10
6.8627514553068e-16
5.101838197428684e-13
1.3689169925991532e-15
7.718010578178326e-11
7.04845388316859e-05
1.3398054777892824e-18
7.435968831923478e-20
2.4375855809921256e-09
1.2756285579780349e-22
1.1180406011905428e-23
2.214325565854226e-13
2.672529274986886e-18
3.100273785658078e-16
5.474481699368209e-23
2.5461980195930163e-12
1.465821218931941e-23
2.696458547369664e-06
6.016606541634978e-12
3.0779488407232714e-31
8.863698806888737e-20
4.310175258062716e-24
8.226844802531959e-21
1.8637821060690533e-22
6.470597347670033e-07
4.9553444732505233e-20
2.3150176926914475e-21
1.889652904501831e-12
5.091210078858014e-14
4.880346387859984e-10
6.494343235258075e-16
9.464094608735678e-19
4.682900629695431e-16
1.3694047472747517e-21
4.1193305627481393e-16
2.9783348696662938e-08
8.778465674240604e-18
3.596767382730089e-22
3.1196165290719924e-23
2.8806048542112115e-15
9.934388894442369e-19
2.8837307502424405e-21
1.3424866591508544e-08
1.4952177617857216e-08
1.4359667013636544e-17
3.124883014554983e-16
1.7793056469713003e-17
4.021798657955055e-18
1.4035391477854905e-55
9.399906991820793e-11
8.017115854381919e-22
7.178527168141959e-15
3.2947230416177547e-16
2.0744243671609888e-18
5.030155439371781e-20
1.3475401186493836e-09
1.017166939432056e-12
1.6162334592398262e-24
2.769255937759131e-12
9.190407676905114e-16
1.868479980012546e-17
4.678010972246512e-16
6.56039130498901e-13
2.224972104336872e-13
2.695385148958341e-20
1.4532435378365103e-20
2.0911888653111073e-20
1.241212145809422e-09
7.706176178084136e-10
8.541061562544579e-14
2.418163304437491e-30
5.3581021714859134e-12
9.262747834563381e-14
6.257033693819195e-26
1.898128938710279e-42
2.6637192579495037e-08
1.4659209258759524e-13
8.374872914124215e-39
1.438768435742645e-14
7.858592594596882e-16
6.959944149801949e-11
2.5158895934312193e-24
1.6189015799159172e-21
7.582522591255368e-14
2.022965834667664e-19
7.754219111636608e-15
3.466901081139885e-14
2.721944560806874e-25
6.329684351846734e-21
2.9188626054306844e-37
2.8684465440792807e-18
5.241511213635524e-14
1.5961720352059922e-07
6.011328050502471e-07
2.0453097549560523e-16
2.4400399065298038e-27
5.9073141664972106e-05
2.3551387505144423e-18
3.795152570237662e-07
2.147546710992101e-09
3.57973857706624e-17
2.774955162155478e-20
8.154269570624008e-16
1.6366443976825174e-13
3.474024660016501e-14
1.6053575262190417e-07
8.331119725528064e-20
2.829513253487369e-16
1.8977591671569822e-14
5.4563380751837063e-17
4.274864891640851e-10
8.248845955346336e-24
3.946504709281408e-16
1.2283730078848447e-07
1.597990594458453e-32
1.3673734778971958e-10
5.047828285926043e-10
3.563748384786678e-15
1.2651876489841631e-11
1.9735198114659932e-14
7.512209345577756e-17
3.327035985185535e-24
1.2484329103753658e-16
2.5429456393856067e-11
3.645229195075592e-08
1.4946236116111545e-16
5.917058889152365e-20
3.1368266194281475e-13
1.1615972786705381e-20
1.3690153789246383e-24
1.5456800996631633e-16
8.817278472652802e-22
2.478275010789909e-21
2.251997993119597e-23
1.6507800293155144e-18
5.540725808427504e-23
7.25962387351638e-15
2.492553216574849e-16
1.8304289605523258e-11
2.937046552402711e-14
1.473537407728506e-15
7.92661191749658e-22
8.356990684516238e-14
3.4024257664973025e-30
1.202082251431217e-21
3.1371726193222244e-16
1.742443131935583e-18
3.3722777036273656e-12
5.906756276165266e-15
1.3336271340587793e-09
2.436844896763289e-15
1.1725577579998175e-24
6.525148867676898e-30
1.865953942229048e-22
7.019127560728484e-18
2.258661496221534e-13
1.7682869011980739e-06
9.436225421943471e-13
4.664195063699162e-13
1.040211273835573e-28
9.670935503313182e-10
8.180892349167754e-13
1.2341865073443069e-23
3.194205756877254e-12
1.8499455960719834e-19
2.7981490173058435e-14
1.4239431043350988e-15
3.992067737078978e-19
1.2433585113347678e-11
3.8065419543571556e-29
1.944362170028711e-26
2.3060901311115797e-17
3.091252201370312e-15
8.083723545121033e-17
2.5906950763815948e-18
2.6722324641664787e-17
5.7595106581595e-22
3.205251679824792e-48
4.477597168405863e-11
2.829035235198427e-22
3.3383603436969e-08
1.2996606510669238e-18
7.31714107955167e-25
7.421942870195134e-17
3.916497723120754e-16
2.7782574876807606e-18
2.0699222826377805e-12
4.52719089380051e-24
1.8194570321108908e-14
2.964572996035101e-09
5.74570312147034e-17
8.872229212087457e-23
7.398748838074029e-21
4.9513623529357754e-21
6.747717194765485e-19
4.327825907322895e-11
2.9031175723723747e-15
5.126516821968628e-11
3.1324849667608963e-17
4.0415671214895915e-28
9.096195497877814e-09
1.922880507067872e-12
5.0098911416922455e-12
1.850338776459791e-19
9.657323951024358e-11
3.7002379377775184e-15
9.205273862363401e-14
1.1358096789257235e-17
5.674376127741171e-29
4.0498960774456175e-14
9.680577145385694e-12
1.6695703530729374e-22
3.751568271107956e-31
9.22650940886838e-13
2.3592515684930267e-15
5.6689743906304605e-12
4.879070215334851e-12
3.0983237299139653e-17
1.158472933299208e-17
3.49981832962614e-28
2.644456186759709e-24
8.904575030479636e-20
5.897891304265433e-21
5.427987438227361e-17
1.738998095509232e-21
7.692701224131373e-32
2.0498178883612238e-34
9.562614562500615e-15
3.468422867971205e-19
8.080081322776974e-20
9.483277941667932e-17
4.018481648707347e-14
2.209080166614289e-18
2.404785784471388e-06
3.954424752627487e-09
6.210070449982767e-16
3.979535899800017e-14
2.1971399642402924e-20
5.438462855144173e-16
2.3549920242964174e-37
3.9420480232747316e-16
2.3359899925233345e-22
8.106838034996298e-23
7.183706144733495e-28
1.3728450398828918e-12
1.014133088498454e-17
2.3957824882948207e-22
1.0131301878480783e-13
2.0869399136621072e-32
8.368272221450847e-28
4.556827202329247e-20
2.3400160934731785e-16
7.720112871560261e-14
8.484920201853305e-16
2.256843829080055e-17
1.0049473578006065e-10
1.9638860116532793e-18
4.608433785776347e-11
6.444431840824809e-17
2.416739682811757e-22
6.514669878299747e-12
2.1484347603620367e-26
7.174855298511982e-14
6.760636509418348e-19
7.038902438111857e-13
2.5584567543730336e-17
3.6169975471984745e-42
2.1206287453753836e-12
7.101138450390467e-15
1.2906663690035566e-12
2.9352935621846813e-13
1.9752619894420783e-09
4.699263592849752e-14
1.7730824376470387e-32
2.0974702743629472e-19
5.720393656640112e-23
1.5593666030365398e-18
3.4114061003094715e-18
3.758479781386301e-26
2.712960770440314e-16
2.0923869930087938e-16
3.9559905145512443e-07
6.519291900741166e-11
9.437919036624384e-29
1.0949257726750735e-25
1.2057731104499752e-21
1.4459435542558751e-22
9.408994242408249e-18
5.4677486272903684e-18
1.4497320271105736e-08
7.0423354533120456e-12
2.7126867131702358e-17
8.612107493031138e-19
6.705851184545363e-24
3.4956248940281176e-19
1.5868159207816116e-14
4.628907886293016e-21
4.428611981435919e-12
1.4698396058791422e-26
6.275346931299398e-12
1.083418034034184e-31
1.8914518988216083e-17
1.7072524765652362e-06
2.4246101290428104e-27
7.735252074709354e-19
4.660405487142024e-14
2.6430510030412005e-13
1.6507232971534997e-13
1.7557547566718127e-19
9.168674437691322e-19
3.542864327424845e-15
0.0053352076871173455
5.326012957579793e-15
1.5328770914302794e-22
1.0146045829743243e-22
1.1820823779341025e-21
1.0733791935961407e-13
1.500083434914066e-11
8.100842901495933e-13
3.907629149482605e-13
5.083884195056577e-15
7.144780492095241e-18
1.3322139670836288e-23
2.45596780992452e-19
1.3367123612699862e-17
2.27831252096226e-20
1.5078066387098975e-19
3.18028494221888e-13
5.957095661058343e-18
1.9744122387537166e-21
6.804001698972967e-12
5.299258473677012e-12
1.0098378388766343e-16
2.2319932597897594e-21
7.595877259778465e-20
4.767819344982902e-14
3.023707710625108e-17
8.631075467830803e-25
1.224362980168876e-23
3.989704319217291e-21
8.558449574283416e-08
7.917238632303522e-16
1.9148758502206261e-16
1.2253108559270726e-08
1.4561722925146455e-14
1.2572894609012478e-13
1.2748498384357455e-14
2.4123208865076784e-07
2.7863840324798427e-10
1.8160403591010517e-17
9.222635606404804e-19
1.0051502526297723e-10
5.449359717215296e-10
1.3466392846445436e-21
1.536818515817619e-29
2.6565668403158275e-11
3.267213407402758e-38
1.4580169786005602e-16
9.528285767437646e-11
4.703421282071586e-20
8.371871233873875e-13
3.796115311284914e-13
1.1900508070736783e-11
1.3245809834112186e-27
3.906869214341136e-08
1.3820402887641404e-18
1.5705723061231144e-14
1.0557979041067644e-21
7.997819405831382e-19
4.112069898290331e-12
3.595766150617575e-26
5.443712199578728e-16
1.0602654421035757e-16
2.5640309888326946e-27
1.0256581504620108e-17
2.4398981353346356e-34
1.7903875246065644e-23
3.7673829580475397e-08
9.680599598667613e-22
7.250748234702688e-14
4.373655961553761e-19
1.850154429233619e-15
1.4547961367260038e-21
6.118872723938011e-05
1.0891268223461793e-14
6.505509217009841e-16
5.65719620915095e-19
4.657717598391119e-13
7.460655778051839e-31
7.28067346784539e-15
5.903607209656454e-12
1.6689388669215917e-28
1.6409164574654554e-17
4.925008933029454e-20
4.265216145118047e-15
2.0240363159380068e-22
5.163101726803101e-12
1.197872542811641e-17
3.102381080857309e-30
1.0507797505243514e-15
1.710724294366713e-20
2.974317332518904e-20
1.7504942378291446e-24
9.94588060685338e-16
1.1004342884172051e-17
6.181053048801592e-18
4.446437014310022e-16
1.0213648540339613e-12
7.411284858070458e-22
7.552277109422339e-20
3.7653212143963357e-13
7.374761983331273e-24
5.323298360820839e-27
8.207193411018799e-15
5.3638119786876e-21
2.1547210774750908e-29
6.422965001575822e-17
3.9354131611534645e-15
1.6847739054360878e-23
3.554478122820834e-20
4.885575102315169e-22
2.5927351204203328e-18
2.3923286685179976e-08
2.533149293321169e-18
5.386993798881443e-21
1.592476451569877e-22
5.087589474842878e-18
5.444666489024502e-22
1.5638038314799958e-20
1.413978694792925e-21
1.2734059436276833e-12
1.4885025981077074e-15
3.404172421980519e-11
8.930939760403985e-06
1.4913185474447578e-14
3.04126853930876e-18
1.2623007971749627e-19
1.1063888432742995e-14
9.319012663880251e-18
1.558150377961566e-08
1.2200805389102104e-24
1.4560857513796705e-15
1.471137565978274e-51
2.0985104864674672e-15
1.8127271043157456e-17
3.6954451855301267e-19
2.6086622413000136e-15
5.665170751743405e-13
4.222901728156025e-13
6.375945136884986e-25
2.1733712178012966e-15
5.613463006214848e-13
1.5715188310069754e-15
2.5744413512284595e-26
6.627816695860134e-16
6.512472862306649e-14
4.687105894719986e-14
1.752687526577583e-17
5.878707719207977e-31
6.265208661814997e-20
1.119654085404301e-21
3.4773872405020636e-47
3.403963253165612e-10
6.692878382264439e-15
6.383773953690832e-22
4.5079544974794725e-32
3.3871001231891956e-18
5.5327573774648166e-14
2.832490798170428e-19
6.185951255915339e-11
3.2596730525573347e-41
1.3395571644102377e-14
5.4856905632724075e-11
5.90529903331701e-20
4.263915254725281e-33
1.1024388616711796e-26
3.824028533254812e-13
3.019607176840324e-34
2.5719403861113706e-13
3.6913718436225033e-22
4.1752672696680144e-15
5.403967639153185e-18
2.7521770479543277e-11
3.6891302581212235e-16
8.503528742411149e-26
2.646134098340172e-11
8.1087759684226825e-22
1.5792610139229543e-14
8.740742100744076e-11
3.912257766433152e-22
4.479301815177159e-23
2.7755931514208722e-15
1.4129944048421267e-27
4.1277124492223635e-15
3.3072321424965807e-20
6.114525666573532e-28
6.417002245073791e-05
5.881163330091776e-12
1.1961976327411958e-14
8.566624976555131e-17
6.538761322795883e-22
1.8688450149603474e-14
9.4571685708585e-18
3.874169196040138e-24
6.206712295352643e-10
2.7540542258734334e-15
1.7273798537952912e-13
2.7852455952265943e-13
2.80340256393787e-10
1.9117550498540497e-06
9.757676079008078e-24
1.910677802304993e-24
6.285499668134783e-17
5.1705505315497515e-25
8.674555273216919e-13
6.786441826908792e-13
9.821069179574568e-23
1.5241117193921674e-17
1.300355674400159e-15
4.6223228350031866e-18
7.796205885455942e-11
1.8726365458817262e-09
2.9759762514484225e-24
2.5148312436244594e-20
6.394892636961145e-21
1.2032426306721915e-20
4.479474863113684e-23
1.297694714381856e-09
5.322339560990038e-50
6.235662017307785e-17
6.189642827313497e-20
7.518143934458541e-10
4.87405891406963e-14
4.651561505827644e-14
1.0001222452504079e-10
1.0699769587699594e-17
1.1778891280541218e-13
1.1420058369450587e-10
6.508618530150704e-12
2.059421256648532e-15
3.9922746430717475e-15
4.8331095867280944e-20
5.907466079456365e-20
3.2809851644730687e-07
4.380781997929329e-18
1.1244337092333174e-19
4.666454349338203e-18
1.9438130838197207e-15
1.5842577875556424e-13
3.2549934419238366e-16
1.3403948342920303e-16
7.39962429264687e-18
3.4692799554757767e-25
2.959394820065666e-26
1.2431254399914245e-26
8.51290269397299e-15
5.621048370826216e-41
1.864208807938105e-15
5.854105026139554e-12
3.8669157073148044e-19
4.30418827088799e-43
2.3688992132163437e-12
7.730282046392534e-19
8.316743162371379e-14
1.078332029339373e-20
2.7602110956295315e-09
5.291584213685467e-18
2.138120020905405e-22
9.287522476433698e-17
1.3520191071366466e-26
1.0018223150638965e-14
1.2992966700275401e-18
3.4291778349645745e-15
5.289237573121368e-21
8.534636455955052e-10
2.8747977510582796e-17
2.0503374890491826e-17
1.5123107488451068e-25
5.159884085478121e-15
1.1282036968842375e-13
3.4978241363613853e-29
3.0617165164088473e-18
1.1527443099830404e-28
9.161882535899305e-35
5.5724239701999536e-08
8.188399164198674e-18
4.1799671836833347e-14
5.288437806735889e-11
1.7997707740696834e-22
1.1629478240609367e-15
1.5086126850451912e-17
6.212048309844077e-23
1.442596074828948e-17
1.1202631499513537e-15
6.614323645850854e-22
2.061957532565543e-07
1.2728327995897308e-20
9.91233784935369e-13
6.667580955066023e-14
2.0525899221331283e-12
7.011133602459153e-15
4.3354547528316003e-16
4.222665876264594e-06
7.055275440500206e-20
6.939184826124388e-22
5.029401862079143e-08
1.1446457498642169e-24
1.5903982901922826e-18
6.056561618700877e-14
2.1657300821812518e-09
1.3308550679814354e-13
4.338749376676216e-18
6.275790634526284e-14
7.208433546982375e-12
4.538358360269126e-16
1.734919343052748e-32
4.062930113475414e-31
2.0680659280750323e-15
5.597217389401698e-18
4.495102417143327e-26
1.6233996811508996e-12
1.3258099384460159e-20
2.735064284049354e-20
6.847849344964571e-11
2.4174169009949818e-29
2.472264057530356e-14
1.0673988347344882e-44
8.248898810691493e-17
4.034620781473762e-09
1.2800920038837114e-18
1.612192816013428e-17
7.832636663988555e-21
9.2438749790837e-13
1.8992298019878552e-12
6.057074695183825e-13
5.7011270113581375e-18
3.4330716074218425e-18
5.670017026610742e-32
7.217805479050488e-27
5.405769859728708e-13
7.45976406289622e-12
4.5426590844119056e-14
1.815135473019049e-12
1.0261700327536376e-23
1.9858735969163486e-13
4.99683854841309e-18
1.4351695046483445e-09
7.749317567815987e-20
3.2232002519690934e-09
1.7201989621291884e-23
1.4147840785222722e-15
4.025737848567583e-13
2.537253892583178e-14
2.744730382689498e-17
5.95790285874596e-22
4.99874517091042e-34
1.630880016777122e-09
7.063348880818809e-18
1.9582707034908735e-11
6.667314366408961e-10
1.317829009710285e-18
5.246590343924223e-16
5.59387169042421e-18
1.7502413995025143e-15
3.272206261100047e-19
1.5228281388869975e-10
1.154623503413119e-15
2.4893798583565626e-17
1.8124251714805475e-14
5.346959297544644e-11
2.6546055368506673e-15
3.501846465076818e-27
8.787989247311873e-07
4.549398583946304e-28
1.9556007868549337e-21
3.567975146106823e-14
0.00015538788431226311
6.282185938700465e-14
2.539802638131662e-15
4.601958697685367e-14
5.276652722954644e-12
1.8846464695326362e-16
2.3419489013019985e-07
3.0362221602540165e-06
8.791982553224291e-23
1.4331393144019911e-11
2.6469539239951113e-16
1.5267368066242589e-07
3.327013635130331e-44
3.4739925518189385e-26
1.0096377197499618e-43
6.547438040563901e-15
3.86111495737642e-16
3.2984403035598855e-31
6.945157354478774e-10
7.008057819643377e-09
1.4895750112931032e-18
1.7295628385574737e-10
2.2879480612936307e-17
1.3375071632967374e-14
2.5310962536233815e-10
5.849653574770503e-17
2.440622062885506e-19
1.9967730146230158e-19
9.598303573026322e-20
2.615251451156581e-15
7.664124555373114e-06
2.296214993199819e-25
3.4518376006494647e-19
6.18894186575942e-15
3.3306528259016636e-09
5.216847473124431e-14
1.6567450779095997e-14
2.902782744544946e-12
5.728437103664642e-10
2.747843438102309e-12
1.4762532520374529e-41
9.954515041951472e-22
1.943976927475692e-14
1.5892436194059381e-15
4.8844712724174817e-17
8.738499910114872e-15
1.3607861559911055e-10
3.881949422994294e-18
2.2370479887296902e-09
7.687664215248572e-46
1.5350708602259824e-18
3.461600977837315e-14
2.868386698096285e-14
2.0123326476693424e-12
1.5764106057014674e-28
7.058179969913615e-13
2.167722863742532e-18
2.1696202098633328e-20
4.0497197669928544e-17
8.349667828424792e-15
3.367691484873814e-21
3.1704751115074933e-24
2.21551713818809e-10
1.0618830630923458e-16
1.1184431200291555e-11
3.5937570605005318e-19
3.897670700958251e-30
8.624752435500403e-16
3.4711162025357514e-21
9.957347889135583e-09
2.1248276932058807e-14
8.867741539709675e-11
1.1855277183256377e-11
3.9001359949736536e-25
1.5958944950566287e-17
3.883975471915463e-13
1.320419367392373e-13
2.425715970610964e-28
2.645053579224131e-21
2.071703049552448e-11
1.458358102572016e-16
6.596216320560973e-23
6.341840112355039e-13
1.464823628898038e-10
1.1199611076598543e-19
5.7402681505736715e-27
2.5367564764807208e-14
7.162412819366758e-14
2.1859541460046775e-10
3.331668507059897e-10
1.3284592512497748e-16
9.451338587274582e-12
4.0303418014587265e-08
4.6493847027915227e-10
6.603298957230101e-16
4.862872146509209e-19
1.137655397683045e-21
1.0124411086452903e-07
1.3539892004124201e-15
3.157245893924476e-08
3.571497953624757e-11
2.0409470403496053e-15
1.6325992162222777e-14
4.41927005736407e-07
1.1868740491875825e-15
6.884927246569829e-25
3.1637160092931805e-26
2.0702257375716156e-11
4.749572968402331e-15
1.4562593495289833e-16
5.014717585885955e-19
5.091936647161594e-11
6.0644388379340775e-25
8.819711087148646e-28
1.7517929709257553e-16
6.005192527246884e-23
8.248160219491155e-08
2.285898308885816e-21
3.77348997972695e-20
2.50181926453746e-18
1.2081370107131337e-38
3.3543139424131083e-19
8.53023925724763e-19
1.3241672353780444e-16
1.5506385850968623e-17
1.4242865306377674e-33
2.179913617023617e-09
2.4783709092793174e-13
8.64722309679275e-19
2.7667623127173053e-16
1.50200068397302e-41
7.063832465220619e-22
2.302857804963132e-19
2.2755690617077117e-25
7.592301069669664e-17
1.2045766517880588e-14
7.425186217216703e-13
4.7065466193806393e-11
1.9628379874243493e-25
5.283514252446543e-13
1.757153142515723e-15
1.6658162055560574e-40
6.096834760225419e-22
1.8012114105491084e-05
9.314778187328172e-22
4.3517082515686275e-17
4.966173298339576e-13
2.7220653485074782e-18
1.2770042021841132e-12
3.7208234174523446e-17
9.05215803039809e-22
0.00015803592885713736
2.395486634823269e-09
7.501277196860544e-34
4.720769487029524e-17
4.705167583292251e-18
8.619120868325429e-54
3.459525447006225e-21
3.9274762841691555e-15
1.2158322390374751e-14
9.33479113266125e-24
4.223452565593808e-22
2.791754710836428e-35
2.4260093337237004e-19
3.0358090874200805e-14
4.205029040048284e-06
8.532471289374015e-15
3.5684657693925666e-10
6.54921831934473e-23
2.64400884528049e-18
3.4515510363818584e-16
2.2318518160688536e-17
4.265036883095188e-19
2.4985574367146654e-17
3.902199085930882e-17
1.7489847130900815e-12
2.999831740516134e-45
6.141327849302603e-11
4.91666997127374e-07
8.170203669112209e-15
1.8764047323068015e-17
3.947122846022035e-45
4.492764343435214e-16
1.880078707466978e-13
4.297134310439011e-17
1.4444842603084303e-22
2.8912914777238446e-22
1.1657095695168591e-18
4.9345065784560336e-14
1.3360063207471164e-22
6.863818040980339e-33
1.9739493500514936e-09
3.44883202354554e-17
9.801641685781365e-17
6.080992191455526e-26
3.5394065260897406e-15
1.4473986490342398e-17
2.2198593177852077e-26
6.4805777015400645e-15
1.532036575602802e-10
3.1849923950291463e-07
5.69294221222829e-07
2.134083938091478e-08
2.2441389818459013e-24
2.98651036627474e-08
1.245477236569679e-20
6.215193278846491e-25
7.830599889576867e-33
2.852156835649971e-14
2.032560256914134e-05
1.4632992316504314e-21
5.974528039382364e-26
9.98069556360622e-21
1.6617550696128604e-16
3.321228123522548e-07
4.2374803825976847e-19
3.0533749897989294e-19
3.5004715815824183e-22
1.0517248675712265e-22
9.80001099166956e-16
6.13155726481858e-19
2.702747353193358e-23
4.46204302172708e-27
1.0125768677157782e-10
8.465228286281577e-13
1.3373632768493934e-25
5.4830940977435605e-11
2.3263627464805594e-17
2.1311419521750973e-12
5.074224900294868e-29
4.148628838781221e-26
1.0764193549862109e-13
1.700178971958937e-15
2.8366468856196225e-25
8.929672817714098e-08
4.504398277441639e-19
5.805115510906159e-21
1.4877877841187333e-23
4.9957361123495415e-17
4.708597234860088e-09
1.811641304124129e-09
5.1068571776608336e-23
1.3117887617351515e-27
4.396950048738424e-17
3.164559167685763e-26
3.635438652365693e-29
2.7018615906830783e-12
3.578788361064836e-15
2.216561689707113e-23
2.1926749579724504e-08
1.5680219824084726e-10
3.691868545250697e-12
2.2685266682560015e-24
6.168526473837535e-12
1.354476813333676e-18
3.932930249522634e-21
7.818488520818173e-24
1.5154530688277717e-15
3.5555424217146e-15
1.0209597284628744e-14
2.58262649568905e-10
1.2683928426465246e-15
1.1183084481940966e-14
1.2509519438696332e-12
1.0829059529848975e-19
5.399011227990804e-22
5.664221330960751e-21
1.0874480873504648e-19
6.427711604008428e-12
6.642604603172415e-13
2.4436770086160305e-18
4.1371304768757287e-14
6.1149436311993755e-15
7.768305818733892e-39
1.5224299030853794e-15
2.6407097426126617e-16
2.0734551881989922e-20
2.6031150192145915e-10
1.289168636357398e-57
2.4171527603758883e-14
1.592338019613218e-11
2.7584757277143595e-07
1.0591294780312929e-16
3.111191583681892e-13
4.257879352797711e-13
2.2877711222857162e-09
2.198167896205891e-31
3.2451442046569554e-14
1.2931160357705898e-20
3.105193455819057e-08
7.148391816686897e-23
9.683562875476346e-23
8.555129236194093e-08
4.3202787234879874e-14
1.2219640181054841e-22
2.3996496441176072e-17
5.4662281231167254e-14
7.384520203614603e-20
3.200247301866449e-14
1.2901970021171649e-09
2.8355440030276446e-17
2.662628069721015e-11
1.0819177336683065e-20
1.8262902603520506e-20
2.433451769239048e-18
5.673695626964863e-14
1.148978048735862e-15
4.0859257139868117e-19
3.7108780750585343e-16
3.91351915318902e-16
1.4684268799709857e-19
1.529055912629539e-11
1.381566967945989e-13
3.10378848453463e-16
1.1518667437979935e-18
8.154035148620652e-13
1.1225025157269998e-20
5.697588023116209e-31
4.5276997589710476e-26
5.000725209294045e-29
1.3974669305953344e-14
3.2673416800582314e-15
6.164532781646439e-16
5.033159844230724e-19
1.9067402992176532e-18
1.1454627980524934e-19
1.3009531988290635e-20
1.3781594350232003e-18
6.792564134099298e-12
3.774779213125919e-18
3.893644386241228e-19
2.913577293073198e-18
6.963851238014874e-23
1.8531115265285346e-23
1.7979498367425136e-13
8.94704197962109e-14
3.736911793878454e-15
3.30582156697535e-11
5.2414301714091273e-20
6.948914671515853e-35
1.2986394242483341e-15
2.1689133655786033e-13
1.0136025063754426e-15
1.8315622430301826e-14
2.814773341981596e-19
2.5615527001431523e-19
2.2221574160087626e-14
6.027232907853282e-14
1.4189594005153642e-15
3.3440881195641536e-18
3.1738328737851083e-23
4.4144294569223556e-17
2.6471045963544334e-29
2.941815214190592e-40
2.1591871502558254e-20
1.0020287654405731e-14
8.534117389660521e-18
5.1917036832348074e-12
1.1034923205150476e-13
9.648024048754036e-15
8.899353892192266e-06
1.343681928456092e-10
8.612314212188832e-13
1.627863476108496e-20
5.526996046541943e-20
1.35385364405019e-16
5.2330272102021283e-23
5.3002650436776615e-25
2.6615818039841744e-18
2.0939816524139494e-25
8.70335887894022e-19
4.487412438119713e-16
2.919713889121533e-20
4.04898947437813e-18
7.849104971059124e-38
5.5817658286908516e-12
1.1255401135991807e-16
0.0009086318603923036
5.161518998957702e-13
9.730679882513588e-19
1.5711544368170216e-19
1.5653181542649642e-08
5.115186825713605e-07
3.9881044879179147e-14
5.209411176016391e-23
2.619289056812984e-20
6.479946214098209e-18
2.04095567920092e-21
4.162578902898897e-12
6.039489077642934e-13
2.6136625354144393e-20
2.6321966636179074e-30
3.509747970339295e-30
2.6153033542761785e-21
1.1586481071433506e-14
3.515015048669017e-05
6.076539874515867e-14
1.0343975552914876e-16
2.3395806016024123e-24
4.790052119763583e-18
2.530238224751948e-12
7.424660828839364e-24
4.082323853548636e-27
7.632047115327722e-13
4.34952049098349e-13
1.1043029168897986e-09
3.628789536150159e-16
2.701891919609904e-23
4.941398719921144e-12
1.2042600581911553e-21
1.955596255927022e-11
6.795450155303205e-25
5.493867744896859e-13
4.931974948704835e-10
1.1881963345789214e-21
4.815883201631449e-25
9.841729150423524e-21
1.9214574213014944e-22
2.344874789362858e-13
1.3230047332612744e-09
4.0352496373596487e-13
1.4033453664321607e-67
1.6332354665511473e-17
8.318144113216546e-25
1.0592450969087226e-09
1.3459393808020341e-15
4.945174158937579e-12
2.071730059429726e-12
2.8097536548213244e-28
8.028283566901725e-21
1.0315260079336991e-14
2.6749628253970238e-33
5.344766709984961e-22
8.515683586496623e-18
2.026316312422035e-16
6.624156075769996e-16
1.0071125857999716e-12
9.558369216994147e-25
3.655818505983037e-15
2.545358615960912e-09
7.218887845895061e-16
5.973392315474244e-17
6.613839286224443e-26
4.0830786879749e-09
2.772864819963982e-16
5.3994271828538744e-21
4.148591897992811e-24
6.732773698769246e-22
1.9296090107950482e-20
1.4741376633152832e-21
1.0374274066034602e-15
2.350647701501601e-16
6.198863438465281e-14
2.890663975931583e-17
9.300124963707885e-14
1.3104829416732234e-45
2.532602331566114e-14
1.1381601639317827e-33
4.550351906624048e-16
7.131511043712744e-16
6.631994389062747e-16
1.7823807112344774e-32
4.559920308104672e-13
2.240556462736018e-19
1.6322386278540798e-17
8.3559127655407605e-22
1.146332428116988e-14
4.0985616833222944e-16
7.679293474891784e-14
2.435558874574311e-15
1.4869171136707253e-27
2.7456457654401682e-08
1.4991841145367257e-08
6.37113491348373e-22
1.0462570416614716e-10
3.891149013615902e-20
3.511668629754685e-16
1.4227370995203859e-07
5.376796107860202e-18
1.3694321913147898e-12
2.0056428185019053e-67
1.2472293297502954e-22
6.019487638643224e-18
4.383312666126065e-21
1.1240581124309677e-20
6.151803052154779e-20
6.307905158129158e-21
1.176043229685236e-19
1.6501628795432576e-17
6.898225504031648e-06
3.571237166662219e-31
9.93745275278881e-25
3.0954897179867177e-18
1.0495072415431901e-23
1.9255526115398512e-25
2.3133858096359358e-17
9.319983732211044e-23
1.804098631234466e-17
7.052353737045701e-15
5.551127051916867e-17
9.40853859556373e-30
5.970820294962283e-07
1.3196115240375217e-07
3.830688126577172e-49
2.516777131816877e-15
1.315867732672171e-09
1.2602296622890255e-19
5.0831098171942065e-09
9.094704860460748e-19
3.6307514480890395e-23
1.1469487160168567e-22
1.4086304148370782e-18
5.141831822643033e-23
9.486913083406041e-21
5.525559096169789e-20
9.117928953016921e-17
3.826268267626085e-21
9.401866705412432e-17
7.589961187507379e-13
2.124905892588486e-18
2.467337567218516e-40
4.892554653575774e-22
4.138294808222993e-32
1.5860287592469349e-16
9.133995434399074e-42
1.3892105739913767e-19
1.3683608442670815e-22
4.6181395769653026e-27
1.4161536698470543e-13
9.642714640012225e-25
3.8306239529411084e-11
3.486791605207911e-11
3.984043554723262e-17
4.7508124109213403e-23
5.709133790295243e-10
4.21739765289561e-08
1.0351153458178027e-13
3.228537854115045e-17
1.2527126263256148e-26
2.073255134046432e-12
1.094818571059754e-12
3.055420132235247e-05
1.0073668383765046e-17
9.415751369366834e-16
1.5333664199779668e-17
1.8495165387440202e-25
1.8708147256832146e-21
8.352627794257284e-26
5.595012825612115e-18
9.685255137049349e-20
9.987888389319314e-18
1.2497476200657824e-10
1.8448725795034415e-17
2.031965778912986e-10
1.0557959843147068e-21
2.043422448828821e-11
1.7285615432600579e-25
1.159997818282049e-14
2.926229085517758e-10
7.790167576597997e-39
8.517641250680008e-16
1.4408822795502645e-12
7.7048204452237e-10
4.39933634598931e-22
1.6331142277615478e-30
1.4141222326749433e-12
6.248288772262607e-15
2.0242646007313918e-13
1.9574218731045326e-19
2.7631010513433744e-07
3.1339362192600742e-06
4.190594545125971e-21
9.638971577489777e-09
6.11330271739148e-13
1.8050851154825814e-18
4.854693609325484e-07
2.12493636680893e-26
2.9718302784002822e-08
9.880654713230451e-17
4.3971996572456374e-17
3.002586997692953e-14
2.2321737201409677e-18
9.68996172526084e-14
8.336142613171922e-25
6.6974071277984995e-28
6.038998301984286e-15
3.128034943843864e-12
4.174427009614718e-15
3.657325732744512e-12
5.837615288822342e-19
9.75735684808393e-19
5.523114972629069e-19
5.015631293238582e-13
6.571174410421413e-12
1.0022121136670806e-18
6.8789676767724106e-12
1.9323055743045552e-18
2.7001290748424062e-14
7.775656028811754e-17
9.497359435862328e-45
5.370066620787442e-30
9.008995569869844e-12
6.074089677887435e-26
1.0061580787783322e-07
7.665543901795687e-12
4.139266499528065e-18
2.535748140373986e-16
5.400150246024132e-17
6.548622220230755e-14
7.083813032034846e-21
2.849201361775648e-17
1.9840522860997024e-17
1.9511623959772197e-16
2.821725591884918e-16
4.1571074842796084e-20
7.808132540068255e-14
5.105555498052063e-29
2.6616231847462818e-14
3.7077518983092566e-20
2.883142162649242e-15
5.0525968343503855e-15
3.694238702638961e-20
4.614279707921407e-30
5.381627649590461e-18
4.0355458479663134e-23
8.286126137342244e-13
5.396249442980522e-18
1.620115512601301e-12
7.581937685017947e-18
6.494786785083353e-08
1.2347665192926194e-23
5.396904439598703e-38
3.336126391718264e-16
1.86487008845492e-09
7.918644452739192e-11
3.3548178389215898e-18
2.8895571690837186e-14
2.0095520000006746e-19
1.0825908105595444e-24
1.2195848452649623e-31
1.1045645793703926e-20
5.4958878373238544e-11
1.162761220538638e-11
3.0503963113380722e-09
4.660340643286787e-16
2.296712253972452e-19
9.110879805303957e-19
7.053776478427308e-09
6.064468984215575e-12
1.3707807520824597e-20
5.906113671533588e-20
2.599777144459246e-31
9.032593655082173e-16
1.1789245769109739e-17
2.0445748357124064e-26
1.0898262984354113e-10
1.3861207563743926e-21
2.6002823581951692e-21
8.823610820270817e-09
4.411433905848237e-16
3.373011966630868e-17
2.995227268371679e-54
1.1524205096355533e-38
6.136756308905767e-34
1.1753625820542212e-19
1.2823482884994385e-11
5.506931792983776e-24
1.2311490675810192e-15
6.309581639493825e-67
3.303884626961077e-14
1.7974594683195964e-15
3.694562652822538e-19
3.987305804493522e-15
4.3282711771806877e-17
2.259223277286395e-16
1.0532632348382464e-12
1.68716946475128e-14
4.240788397755823e-17
5.535969081486656e-31
5.709398719770236e-18
2.4518648174731352e-15
4.806621334787205e-14
5.295391735080024e-14
3.3347907406793355e-12
8.395144190242816e-16
3.707231969657466e-14
8.361892678376123e-13
4.428803548177688e-23
1.0359238954889006e-20
1.7420487484551405e-21
7.321239396724748e-18
7.527741176106983e-07
6.66543741170892e-17
1.0341755654698536e-06
7.551577029447084e-16
1.1620961026363447e-08
1.82362389084946e-09
5.363070381560882e-17
7.85604078090948e-15
4.787423146171175e-17
8.617480878819258e-13
2.2075626154320165e-33
3.0377120461021185e-12
1.2125036447197327e-22
1.0790171675332952e-13
5.084342056869226e-22
1.190554574684064e-13
5.4317123580812654e-11
3.742050014411607e-18
1.2741856722777487e-16
1.5552327465993379e-24
1.338323251939422e-16
1.488981371451077e-11
1.1573967868400732e-16
5.1046867623182974e-17
1.9333022088471268e-20
6.405130202199446e-25
9.652866107274696e-16
5.389025701800268e-20
2.5171138652818438e-20
8.128820278455502e-20
3.7210321096568685e-08
1.8409540393825953e-12
3.1473599920690807e-13
2.5415542304867956e-21
1.5572522980306255e-49
3.2334819507090555e-21
3.1263621358544013e-24
7.111621692337025e-25
4.82908876962587e-21
1.1249197034358962e-20
8.152037190717617e-17
9.87661732973412e-21
1.4324283389086733e-12
6.79420402219629e-24
5.383993441041326e-08
1.154880101700783e-14
4.444728900458733e-17
9.321771977773132e-16
1.807166857685924e-14
1.3476803870547258e-22
4.277405000711572e-19
5.2408924497707e-15
1.8761775153232784e-16
1.228820287749578e-16
1.4090191914338596e-16
3.543707152903885e-19
6.951011759816185e-20
7.779944812717064e-33
8.499822309503724e-10
2.093751886697827e-12
3.5544569151611887e-09
2.898898395950611e-13
9.86472813411215e-18
2.971208288247508e-14
2.6357367225800754e-16
1.1727291281915818e-08
1.6624961431226794e-24
4.348521524138232e-25
1.1291606442572652e-11
3.373775598708788e-11
2.0043668088217971e-16
5.723013338863609e-11
2.66056473478109e-17
8.316310508751658e-12
2.6061432829276623e-28
1.1488404467310544e-13
3.792273092832844e-46
8.44233988010615e-35
1.6505309584669e-17
2.4161951643047223e-13
6.1493119933029775e-34
5.2941887279521846e-11
5.067694785582674e-07
2.907045173552575e-51
3.0167531678843824e-31
8.207690319184464e-18
5.62056603647328e-13
5.685308238363774e-33
1.975533536268118e-17
9.617215184275231e-20
2.850066401083379e-14
4.798829771111944e-19
9.186989107815083e-23
2.156504945460931e-28
5.51957746950503e-13
1.882648345986321e-09
5.558032985955839e-52
7.016991292103036e-14
6.741460564928162e-15
1.7222442360957389e-18
6.823336915687935e-22
2.9148980788858567e-15
8.490772480801373e-16
1.661900327763773e-12
3.5913507076350905e-32
1.0089231984126725e-16
2.607315067117184e-22
3.029462231998952e-08
3.0064560123099837e-12
2.551426615171532e-32
1.6041201747669388e-19
9.632161533414598e-18
1.8150645505358078e-16
6.406303317228473e-19
3.3335730380956345e-10
2.026877711226218e-36
1.4678382280616285e-17
1.848327636276409e-25
1.8420786316355146e-34
6.753502464098337e-15
2.1659195064382117e-15
3.326199963690913e-16
3.2957480556108614e-18
1.0216051050374058e-17
9.65462659284757e-16
1.8738604358234598e-11
1.2994539878636135e-16
5.843591024316167e-10
7.742776509050807e-36
2.515990655764597e-14
5.340499437609128e-12
1.3218255086343898e-27
7.001132415594625e-21
1.6820619864301634e-13
8.746700153160799e-11
1.4080815044499562e-15
8.000744284841561e-17
2.1926820949487086e-10
1.6174540043608483e-06
3.185815832042037e-22
3.843554154564901e-25
3.132476564627907e-14
1.9814701315440527e-09
7.053571527296129e-23
4.484982722778578e-18
3.918323020180967e-19
7.506573808674522e-25
4.840315221812738e-21
1.4914918816343138e-17
4.38662412552343e-23
2.1867782079869137e-15
2.8018489196949712e-08
9.84342920104111e-20
9.167314471373169e-17
8.912419488978642e-10
8.494742572502677e-23
2.9698883951309894e-23
3.328619225048603e-31
1.1451187487015325e-18
1.2823618162177196e-19
1.1243199577269824e-22
2.1579195061424317e-24
1.3279791997442756e-16
2.1890507486784795e-08
1.826112926635663e-30
1.8642680253046503e-22
3.875496565902072e-18
5.613937336047763e-22
2.243046993418062e-23
1.7653667074447317e-15
6.620858231694583e-15
2.1392625335009986e-29
2.0841908484869277e-16
5.256144105180623e-16
3.4985766967898435e-22
2.9556941078343726e-22
3.1019366181753464e-18
4.821856325051254e-17
6.048925040611955e-15
1.414039932617139e-18
3.4185000868552144e-19
3.4874392162925315e-22
1.142092173844545e-27
3.2202799314354724e-15
4.641637939514498e-37
2.7571983019112043e-13
4.002907563408405e-11
9.375678853612771e-17
1.6790718059003013e-13
5.030217333670876e-22
6.354690425624133e-12
9.724967127223977e-33
1.881189373934333e-12
4.4880702763806915e-21
1.7942657677976124e-17
3.2748938324258995e-19
7.330884494105697e-20
3.467027937278702e-16
2.8295217897222728e-15
2.9401944374472564e-18
5.682551259825518e-24
4.847929688152251e-27
1.0674176370028388e-10
3.5567466455608416e-14
1.001281681402557e-66
3.7630823377342676e-17
1.709809094111284e-14
1.4907846944057053e-25
7.855069360063818e-12
1.7935243701209742e-28
5.043489946330012e-43
2.115572881588376e-11
1.3447748344283024e-25
2.6503904796990563e-19
4.547504574795806e-06
5.658360952961861e-22
3.8067098499106404e-20
1.1013119098337788e-14
9.280938898169644e-23
1.9845387927188051e-16
1.9354027612613575e-11
7.034976865934923e-18
6.268558838355945e-16
5.790869882982993e-17
3.997399800733531e-06
8.168819340496482e-17
1.3245532768527227e-17
4.163364329068027e-18
3.2769622329267604e-33
3.8141989749691096e-06
2.0372298271049874e-19
6.293947475760831e-15
7.597115019926799e-18
6.391082865240583e-20
2.575631175827202e-26
7.857485479709412e-13
4.8551997570298136e-27
5.35081607334637e-23
3.782856912496272e-17
8.184878504969692e-11
1.8016432705647682e-16
1.412644325459475e-29
1.0157527597777914e-12
2.512846184673596e-19
9.665666427728016e-16
5.0592511925277527e-26
1.427708635636117e-28
1.377080364749231e-11
2.1357316450317287e-23
1.0121870910852379e-11
5.78685450607255e-17
3.0730142168017223e-13
4.876523884884803e-18
1.8893527143456315e-17
5.4165937792772875e-15
5.892784000306617e-19
1.5983291842138191e-16
7.713530078437138e-08
9.640726754875064e-17
3.2974373702137744e-21
1.856269773370719e-05
2.0983157542056226e-26
1.2596040035114822e-19
7.751383310408379e-13
3.280610945335788e-08
4.267286887899854e-15
1.1345565159105545e-10
1.3585295866561126e-20
1.7644933338639115e-19
1.8578499730500536e-16
1.4239063566073895e-15
2.8584017935154953e-16
1.3011463340697588e-18
5.513472476576571e-17
1.2615638455034063e-15
1.4566664790828958e-13
2.406640610747646e-34
2.2069495458829622e-16
3.885699278570297e-25
1.6662585421776119e-21
1.2027621272838762e-18
1.030622968563537e-15
7.124805311387406e-25
3.5143013155809766e-16
3.7718537576869685e-20
8.398995944835465e-13
2.6503648149940197e-11
1.729201292690408e-25
2.3326550109399958e-12
5.414726742943239e-13
3.5257589984021154e-22
1.154324951714354e-19
1.1382097631765373e-23
5.342439587818359e-13
5.69688838328893e-32
1.1143474200451454e-12
1.935341859483261e-12
1.1997119029516363e-15
1.1688506827216327e-14
7.258583162109904e-14
6.8182901205733604e-12
1.4857702489043838e-10
8.932454266720342e-18
8.452759505175006e-14
2.925178071818041e-17
9.446781358333213e-17
2.1522377326854619e-19
3.616877554459865e-19
2.5919514240392426e-18
3.330437848849127e-22
1.7039136659366061e-12
1.0850393232410835e-07
1.113833275352719e-10
1.522558018731518e-11
8.068119382812605e-18
5.107987317388984e-22
2.372814902982002e-20
5.139133952531057e-24
2.325805905442708e-23
1.1000813757611246e-26
1.0246196666553957e-16
1.2819188116403694e-14
1.8419079216431568e-25
3.956360113793243e-18
6.081038314883864e-19
8.199571298372175e-11
1.0388250907433398e-26
5.514813641875375e-13
2.969480508603246e-12
3.690251012548668e-16
3.303911303710983e-29
3.3874406756725064e-52
8.435029782642929e-36
8.768234814453413e-35
3.0830787277506445e-13
1.589942364718609e-17
5.737219192515958e-15
1.3311244562383966e-09
3.0328380910304905e-42
4.164767702616418e-18
2.97415157221809e-21
5.16303728564797e-22
9.411223263982695e-14
2.0631831692523008e-10
2.5206824062610688e-11
1.4191623620884547e-09
2.0655205645013605e-08
3.0729685506760558e-31
4.110006444770633e-12
9.041845884449847e-17
5.673562749407601e-08
7.356208982852967e-21
1.0791961935735505e-10
2.8026117932126694e-27
7.690925884284663e-07
7.593342155101546e-19
7.29410702904167e-18
4.976100633022468e-28
2.9155920201621685e-14
1.25682875624893e-09
1.220688849051161e-15
3.97849146404981e-12
9.944143269493738e-09
2.3054619279839346e-12
6.572930148375547e-32
1.376147667279441e-22
6.3004527005832695e-21
1.0432459365664066e-18
1.7026275275966082e-13
1.0834339786863796e-20
1.2222304235308615e-22
6.0007553673593255e-27
5.900980651211621e-19
1.296913189296239e-14
7.960580618448785e-26
1.6449765337724097e-12
1.2778157465165151e-12
4.596043604357741e-13
9.368664054517462e-21
1.3664695170649296e-14
2.1523591700487733e-06
3.4444687645239376e-31
1.3527017218989115e-40
2.161007510498681e-22
5.770321403097899e-25
1.0903882608100843e-13
2.5397218976381117e-33
8.652491946970287e-12
2.9569538715132302e-12
2.1395722255363595e-20
4.0784065490904436e-32
2.9532800746023976e-05
1.6289579583314942e-11
3.827388304405077e-37
4.3227843823859724e-12
1.8940460730206435e-15
2.2285484364183383e-19
5.098603119564017e-20
1.0298886455141357e-23
4.505107821481397e-17
6.678473138682485e-17
5.5115257717403305e-22
8.541468957847438e-11
7.440135159994929e-27
3.0687693738215115e-13
4.145803984637242e-07
3.4519688465767694e-14
3.025122627036366e-14
2.094873695457313e-09
1.4068383049221305e-09
4.9095228485093166e-21
3.680105101003788e-24
1.2051823901925943e-18
2.4258484726141813e-17
2.7386778503851513e-17
1.2285976519032298e-09
5.97096709359267e-19
2.1224033002891065e-22
1.667675952911423e-12
4.664586083219448e-17
3.623091886287156e-15
5.1364635406778044e-17
1.751045771879778e-17
7.802883205318937e-19
3.066948915195242e-16
3.378431015435843e-20
3.5143619311974036e-16
7.851337088443745e-08
5.622316138629404e-10
1.873035391873093e-15
5.16672633296552e-14
3.308652694156666e-13
1.0552944246316781e-11
6.714343044604082e-14
2.1484117006125338e-14
2.7790892437691155e-18
5.498000160715237e-07
9.285804509830428e-15
7.042376006665058e-20
1.0279795722912213e-23
8.773988082603569e-17
2.8201587352983716e-21
9.095983641011201e-08
2.0589409294511753e-16
4.0054993521458916e-17
2.937403499851529e-09
4.797468257508054e-07
7.367128631090284e-09
1.3052314017497344e-21
7.95284101605624e-11
1.215324479515852e-13
2.2006493592660123e-25
6.042632244669927e-15
5.654312182497179e-15
1.063512374039115e-16
1.1484181131301014e-74
2.1092197993480124e-15
1.121584496857175e-25
3.4846914800547053e-26
9.199697999369992e-13
5.981324900980115e-19
3.8401449228132196e-18
8.945392312106133e-25
1.0911077318646478e-20
1.7463424129639242e-27
1.1021380546665165e-29
0.00012562933680074743
1.1959135289365688e-17
1.2458719160934252e-11
7.62484814539175e-21
1.0235879665484265e-11
7.766994706018873e-19
2.1560688486922277e-12
1.2853067999695666e-16
1.0045237669970016e-17
1.7740225536059745e-12
6.723501775887233e-15
4.7420184441597564e-21
2.7634424484040567e-25
4.5404667826348e-13
1.0974401413053898e-12
1.4345888938509251e-12
8.505314653841729e-12
5.427271148747959e-26
5.1352915651405716e-18
4.5083496423250924e-13
4.216409991871702e-19
5.312269442670449e-16
2.5556888231908106e-13
3.2788207808658806e-12
2.1652267752034604e-13
2.48696873724153e-12
4.379358898827717e-22
1.257940309036304e-36
5.672503885699694e-15
4.383899967256558e-08
1.1104995152546598e-28
1.5854650943438442e-09
2.1148832216283502e-21
6.206971031077563e-19
2.646097248515287e-19
1.9688833869881552e-21
3.0734165973128525e-28
5.273488990592094e-16
1.0285050809188267e-12
6.950499837375578e-17
1.9710346206848376e-05
2.1827050906144202e-16
3.832248700275137e-27
7.666247637779306e-26
2.761308153027394e-17
2.6816005142479693e-21
2.671578941090315e-17
3.618387985845488e-21
2.587877926878368e-18
1.2352215578215156e-28
1.1726225204225993e-15
7.607006826828995e-30
1.7047534688018208e-13
2.4752622410231232e-18
6.748446440328269e-32
4.0560230241659513e-26
1.6200993203317177e-14
3.7490629282175726e-20
1.4737431424953408e-11
3.3559916875433683e-18
6.928728406779445e-16
3.3256180158442745e-20
7.040019219098607e-33
3.38412480282691e-18
9.412639881840843e-09
2.928988901688882e-16
4.019267494063918e-28
1.3035861676768492e-17
1.7973780798641389e-13
1.9074207801273058e-18
2.171488921080302e-16
6.174749833140648e-19
2.9618471554136295e-09
1.2100209330382653e-21
3.3563982980030233e-19
2.0476234544831814e-17
1.32435921615407e-12
7.231332248252222e-20
1.8172299073892032e-24
1.4664245049342595e-15
6.6742942093974e-29
2.621725559530198e-14
5.750198063502975e-09
5.77673831816843e-17
4.956248753154015e-32
3.0625861142269293e-13
4.0106531878602e-18
2.158860682974476e-19
6.377027984429883e-08
6.491221690627981e-18
1.1118662959361386e-17
9.081565602892038e-12
6.427445914851259e-50
1.3866312892294947e-13
9.492676548053437e-13
3.7362518950854733e-22
5.723096570607022e-09
4.323060301734226e-14
2.0236072473879688e-07
9.058627319851092e-14
1.741404320455927e-13
1.843751004837776e-12
3.770606892537484e-15
7.808061692560183e-13
4.972658892285905e-20
7.886578060255615e-34
1.5703004940893302e-21
1.4717480949638726e-15
2.0539364844722686e-18
1.6390665845168816e-13
1.246760885317451e-16
6.164846286515258e-19
7.936382699523971e-16
8.015265372944918e-33
6.025148164553213e-36
4.239315683678781e-07
2.0369567723112432e-17
3.757851563789147e-15
6.198309527693641e-14
3.6267495541523864e-14
4.598326006095856e-21
3.9767911050983966e-09
1.17379826915468e-09
2.770203987632567e-23
4.152014958772769e-13
2.483580908890895e-26
8.359153799914788e-17
7.627556261690188e-18
6.065840853411568e-16
4.0726593130006844e-15
1.5231007156805743e-17
3.945311602590217e-12
1.053538736728952e-15
8.184504595959147e-12
1.0040044675944248e-08
2.0778404615204878e-13
2.352001742276988e-20
1.7637875525944586e-23
4.064834150701065e-18
2.748788893557932e-12
1.7593638278119804e-36
1.6646540244498483e-17
6.833033433250808e-08
2.07663114612604e-22
1.2940387646645494e-13
5.9684740491305585e-22
1.953837247880625e-12
3.507134638447871e-15
1.0434978317749705e-13
1.6285770166851964e-24
7.531620185247955e-15
7.402893888322321e-34
1.2391690278458735e-15
1.7972886295315112e-09
3.6453574045726614e-17
6.969634843201709e-21
1.4464297956834244e-29
1.490751126808511e-20
4.180371466662101e-13
2.1317401014924723e-33
6.627440641943323e-30
1.792124248444106e-18
1.9217781838202668e-16
5.531247045821862e-21
4.022895094107266e-11
5.789433300951815e-10
1.2551439181790455e-12
1.0828160174150214e-18
9.947702381066793e-18
1.9535989920546535e-12
2.454946220753931e-16
5.986770486969093e-49
2.36172949870254e-12
1.0850216073964795e-17
4.289127697365183e-13
3.643032952434956e-14
2.1255772773652824e-40
2.984042725023806e-60
1.8801001637974824e-20
4.566344227006421e-22
2.5780205931357202e-17
1.7010287051158342e-16
4.127314475901609e-20
2.5559117633334516e-17
4.5617456911695374e-08
2.936076616976395e-18
1.9401628419643e-16
9.270251232970716e-15
1.5623699148786803e-09
1.983765703327088e-25
4.3351418926418416e-21
3.1468292640362996e-12
2.1705809094039696e-21
1.2530236835135963e-20
2.0749090247774664e-13
2.2429547287692085e-07
1.927029811787091e-21
6.694227706639628e-32
2.2536073540201055e-13
7.542960840815822e-18
3.645362451498045e-15
1.396441391151987e-14
3.579583275364949e-13
2.847697730246633e-18
1.3207420177911061e-15
4.4184144232195814e-13
1.9431420610459297e-15
6.241618785760605e-22
2.0737465048504548e-17
2.3016332276926182e-14
6.274788286884683e-16
1.7006015550253056e-18
1.2783745459195985e-15
7.978107018627164e-30
2.6553372688210236e-19
7.101910352962624e-10
6.480894520089226e-31
1.3813903208525929e-08
9.59534851737019e-18
3.075612550092041e-20
1.9765149786058996e-08
4.215757074373397e-17
2.0981132910055465e-13
5.122657356508084e-17
9.404507112072556e-26
1.839584875736355e-20
2.088380310492033e-19
2.1997866579650333e-21
2.2305732929076925e-17
1.751800736334874e-14
7.703857703695686e-08
8.235953376705404e-18
1.429841158875419e-24
1.1114755924631353e-13
1.8261113841139872e-10
1.3495198381696938e-18
1.576774018033173e-14
8.215398222822313e-15
1.2102822110415923e-13
2.5311284425021324e-23
7.506693599399001e-09
5.820742200343417e-16
4.024609653651777e-08
4.251739879789197e-21
6.838572432291977e-24
3.5410347290783e-12
1.4958180493458368e-15
2.468734734135278e-13
8.470926558272365e-07
1.6510209651503251e-15
2.403659271192106e-17
1.406738917902141e-20
6.750143803727093e-13
6.526580855247987e-21
2.2118688799930594e-18
1.2867110732482392e-16
5.325422987124316e-13
3.0648986663648934e-16
2.391711055356011e-11
2.80334930197285e-15
3.843880519745161e-31
2.1322352846613813e-18
3.136161415965696e-23
2.61052941209973e-10
1.98211892005228e-15
6.348007654579196e-18
3.818530008650922e-21
9.261557770091356e-14
1.1080035647427819e-10
4.2332730420831957e-22
4.935900622553845e-08
1.0401266569782602e-37
4.2493422477840726e-17
8.856747460914097e-15
1.401622843247675e-16
2.6969344450568094e-05
3.946439188560538e-24
6.613764323554476e-29
1.9639941619875525e-23
1.5148689187540996e-14
2.909272197859965e-14
1.0658505872127462e-10
1.326362447048763e-24
1.2364431425908178e-10
8.885073816489906e-18
3.8733762727003334e-08
8.235302024470672e-13
6.810810607780102e-21
4.5112969161481065e-25
1.2250404691809762e-14
1.7678782188679187e-25
2.540870985065079e-13
2.240096541213847e-51
4.788785985096892e-11
3.226414271547987e-29
2.2691735848764755e-25
2.0203659698897232e-08
5.778294683436485e-09
3.874100575566204e-23
2.0657614066425084e-20
3.482342470763462e-24
1.942029225228826e-11
3.3400458107717783e-12
1.6176621080598805e-07
4.882266248483669e-14
1.4645480104244343e-18
1.1775573485264579e-12
3.951746510848799e-27
2.244365146615708e-16
1.0862394729634571e-07
3.0731720050611715e-27
8.417390445800125e-17
6.628652725595715e-13
2.0492998988137482e-36
1.979334342412629e-06
1.4223062914810014e-26
1.43017172542843e-26
1.5681416460994047e-16
1.755000109283049e-11
1.8512451909060635e-15
9.705143887456969e-21
2.2304704915350574e-16
5.096379416615675e-17
3.3061108891143794e-20
3.2630049036491e-08
1.227858856017023e-36
1.7088798907983564e-18
3.3892671295146524e-11
4.018114722047817e-21
1.4351610936162416e-24
1.0014244882430185e-14
5.0758110079825504e-27
3.890519777629086e-14
4.2326994415938696e-08
1.293519931119943e-19
2.616948282061934e-13
3.6949642947700426e-14
9.621161940012163e-25
1.4484712521023906e-18
4.781937329546003e-19
2.0915725984178328e-17
4.744860475146879e-33
3.1870300912829977e-11
5.557754211073612e-32
1.0520076708065306e-23
1.182233090607872e-22
1.0495474013881054e-12
1.4772930018506442e-16
2.561318602469243e-11
1.1723015803740872e-20
2.784852359196685e-16
3.62228558274393e-08
5.096821724238327e-15
3.114000472982587e-17
1.4611820585695868e-44
5.081662434707088e-14
3.956461563212632e-13
3.519552987080368e-08
1.1646548732058822e-19
5.636321823322692e-14
1.908993161111855e-12
4.969295144176708e-13
6.06310425315482e-21
3.5749947807687817e-13
7.765854584564541e-17
1.0375584784644806e-30
5.720288826983588e-20
2.6404266387352323e-13
1.6531424610152622e-34
1.99145224777658e-12
2.2180488633534525e-14
3.56888927219123e-13
3.504849659275336e-11
6.505143410176943e-24
3.891840870785513e-08
2.2450669186466137e-13
6.074579896207163e-11
8.954582472419025e-12
9.884317102032001e-11
1.539298241666175e-15
2.567492301963985e-16
5.96714091564065e-15
3.4638973222408208e-15
6.341032932233467e-15
8.076653670615964e-37
5.1302810230233986e-15
1.0512363271399279e-06
1.0305220954539946e-23
3.5496221830631504e-17
4.188340353040976e-27
1.845564902660742e-09
1.5720678379722022e-06
2.013247863873288e-14
3.3702544309252773e-15
2.71981387292379e-13
5.322445435887145e-17
3.308656559326052e-17
1.1709998642103748e-14
9.18524862116372e-11
2.3311468311523495e-20
7.553615782747648e-10
3.2208540403508703e-44
8.895047479238496e-19
1.4622270461281366e-18
4.7191067564492024e-17
3.7701364169668726e-13
6.497881381427278e-19
1.9290484786414743e-33
5.472260452591933e-11
2.2118589671455167e-23
1.1868930506265006e-12
1.4738585051679588e-20
1.2058223628208982e-16
2.337266273666149e-13
1.692129482349893e-22
1.1038552852848562e-12
2.4525228968576453e-15
1.1196784679868931e-20
7.465827353753815e-23
2.910544992832417e-08
3.07773831245656e-17
5.261678224602532e-09
5.911434866491062e-16
5.213029117899962e-22
1.8919688265858258e-11
1.2426632023074006e-10
1.993469846895211e-17
6.27711683892505e-12
3.5695018318822303e-13
2.456039321699609e-22
1.2883760927302014e-13
1.8738724250029953e-13
1.2835922480271719e-12
1.071088779222069e-18
2.2461017814596822e-13
3.256704263841739e-13
1.1397684906314573e-11
4.3332202183990407e-14
1.555524422670531e-06
1.4479122808065125e-24
4.8553791715653065e-14
8.923049583796747e-20
7.04887056256131e-27
1.579394952038015e-11
9.266777702933288e-18
1.2483829076693866e-12
8.928240363946089e-26
4.031633224800736e-21
2.2010194574438477e-10
1.955897036750032e-11
1.0408793718810564e-17
2.0788862180163044e-15
3.72444094469988e-27
9.10684958539071e-15
9.813765951934831e-15
1.7234950344529432e-29
3.469597512330499e-21
1.7738041155441868e-23
7.463527643238996e-24
1.0578695546850762e-12
1.8534301033769946e-18
4.316024121659191e-17
8.290964659049606e-19
1.3119459503993234e-10
9.488408321855883e-20
4.720584611369538e-18
3.1903568779680295e-18
3.284547852791262e-37
4.8320839230547206e-11
2.5344512438016023e-21
5.5981464298948116e-24
6.588970085337052e-12
1.9743265991322555e-17
8.315657567530423e-23
2.3207346220020794e-15
6.300391687704243e-20
1.8431357433228962e-16
3.790340581150308e-07
2.7531668446390652e-21
4.688945166661374e-11
5.524752446500617e-14
6.207825436447722e-22
9.79841615438435e-18
1.2569408462455184e-15
5.574785253952019e-20
2.596584244245627e-09
5.130209556465305e-23
2.1097940836829304e-15
1.1923114796351424e-16
1.0224761496687633e-18
4.793387485577893e-13
1.0747190251329622e-16
3.625326960646847e-21
1.3858552024065572e-16
3.2559086092905018e-18
3.3682833123360857e-21
3.909148266141999e-57
7.49011578312279e-17
1.844547811749267e-19
7.122474126901387e-20
4.864924766792157e-15
2.637970070544096e-16
2.294282220624309e-20
1.7330217978654843e-14
4.878821434770421e-08
4.0131202914788563e-19
1.0098464045566932e-43
1.5247220976195873e-17
5.5285712593042245e-17
5.665850059535445e-19
1.1967253002402918e-20
3.5495670237137287e-10
3.543574054368327e-20
2.9291282582582628e-09
2.3242072573406e-24
1.882248344052324e-10
7.37785996883167e-20
1.891222477365787e-18
4.8169043848767904e-29
9.39708306148759e-20
3.430048870623862e-31
2.2283578052987844e-14
1.855820852557569e-19
5.858168781313365e-19
8.672015268286264e-23
0.00014429000218749036
1.369891556647028e-21
7.878848207449616e-17
1.6560633970055103e-07
2.756029826277241e-19
2.4670487071156337e-10
4.472747963368478e-33
1.1513563328809273e-16
6.425820876586365e-12
8.848010622021938e-08
1.3731413284233816e-22
6.273022885936736e-23
8.505351503547053e-28
1.5579297259974838e-23
1.0987520084020625e-24
1.1144398240062328e-21
1.344290362792322e-25
1.1203394010762785e-06
4.740204862459134e-17
1.4076440439939087e-13
1.7378765933085482e-20
2.398885311823112e-14
2.191549452626904e-16
8.002615985219612e-09
3.739253886304949e-05
4.766050919893833e-10
5.185881441761091e-09
1.553833653555931e-21
3.757483064778367e-13
1.099616732878376e-12
0.0001862306261791781
8.813408785874572e-25
1.7650893338007353e-11
5.224800836124279e-13
3.2436028745093024e-20
7.718259481385131e-22
6.940007753372203e-14
1.3251553394415183e-17
4.64552953386775e-13
4.76848481619572e-15
2.665824574184277e-14
1.360011885454751e-42
6.422535129682152e-17
1.0746070795280832e-18
1.830246155345506e-14
7.691591460213741e-26
5.5440647319777996e-27
1.1031612538097625e-21
3.548960134655527e-13
7.832416162491104e-14
5.559378934973925e-21
1.614753600222116e-17
9.133596138438423e-17
6.051831369758702e-15
6.557838923800079e-13
7.757834197807598e-14
2.598323856927268e-15
1.903140252190564e-13
1.9864658195213011e-19
1.7259859442435407e-20
9.745870784050935e-25
3.959147582479863e-17
4.1613448183535733e-29
9.059551423230696e-13
1.9816607763523915e-25
6.549937339990879e-13
4.055957136628922e-16
6.880645213358258e-13
1.1103984140315371e-13
7.325878935398124e-05
5.049820587241186e-20
7.24479585068868e-19
1.558787822510503e-12
7.489231524697833e-16
1.6632483197498699e-07
2.9040913779671276e-121
1.0867728894467144e-17
6.104211727381528e-13
8.273466899379509e-19
1.5079821557511417e-11
2.13695066784303e-18
2.5430267807970195e-27
2.6899934078684367e-34
9.677590503865379e-39
7.49846495214248e-17
1.5645943370465774e-09
1.6192371422862388e-08
9.226437842230962e-19
9.966530475125218e-07
2.6948568649425683e-07
9.260148490370861e-18
1.0244680930411898e-14
1.3230654388094553e-09
3.754258821861159e-14
5.360848718970943e-11
1.2741385319056117e-16
2.3491285472119753e-15
0.00012076562779004215
3.3748867374363797e-06
2.803128120782517e-28
6.8719291901927295e-43
2.81476508196566e-20
3.3713642901705253e-15
2.2712809781394113e-34
3.1126170876086744e-25
1.765411644403299e-23
3.45171209782297e-17
1.8284995233439856e-10
2.718251339098098e-26
5.3501743328778626e-24
7.336421507793247e-32
2.6976233535205743e-12
8.483847335373208e-13
5.778279222874492e-10
5.309011125295274e-18
2.809270996195303e-12
2.22546636432447e-20
1.5279046219288913e-10
2.101297659616156e-17
9.633684400046619e-15
3.674403613280646e-20
1.2847822318105839e-14
4.129659247329501e-14
5.548059871543872e-20
1.4288735302586314e-32
2.182456871004187e-15
4.336537201419079e-25
2.7332866711798415e-05
5.089567930146079e-22
4.502782477582379e-09
5.328486978173972e-16
6.198840057075545e-11
3.1071044480370033e-18
3.7814636566339813e-22
8.42847422954224e-14
3.35368929894047e-19
5.871137317845929e-31
2.111847634829886e-23
1.110228005035814e-19
5.260701133737621e-19
3.7360315634109586e-10
4.504988476947123e-24
8.469868930236643e-19
1.3244850410478347e-15
3.645756116980094e-14
1.193372831310729e-12
6.770188026516648e-13
2.979856426878802e-16
2.8600101048417646e-19
1.5185438379225608e-05
8.780956466227305e-12
8.278407637450889e-18
4.973965999072009e-24
4.2729766576797804e-14
2.04363240287125e-09
6.819024931423945e-15
4.186958400269622e-12
5.458053689713575e-16
4.4119569621988514e-14
5.055728380492057e-08
1.0542753796578198e-19
2.378730841059213e-13
1.6572325559090796e-13
6.061393506771439e-12
1.4440718440032972e-20
1.8212803419441534e-15
4.9128789474854e-24
1.3422058974300183e-18
1.2647902808204402e-22
1.126418197100981e-15
4.8511211183095087e-20
1.1890771038557552e-12
1.6202386094434845e-23
2.8089980959035476e-19
1.6257668789437427e-17
4.766954580713475e-15
4.980063184680931e-13
6.131360651634115e-13
2.4803962936410762e-09
1.6812355994190422e-20
4.466241689589077e-19
1.0037172926600598e-15
3.765940718448006e-15
8.344341549772278e-13
9.102439431760519e-16
3.0183168763718526e-12
2.9046978663800105e-37
6.911273208514802e-12
2.1105990360983215e-10
1.9074908634948948e-12
4.0288979701486683e-16
5.325811522142037e-11
1.2672174287580396e-08
5.540038813777042e-17
1.6627623336240842e-26
1.3958170026916587e-13
6.865580770208699e-14
4.114066524444141e-24
2.3732966464632764e-16
1.351782840637729e-19
4.452059236353782e-10
2.6437775700065818e-08
6.742780451930825e-27
1.9780715049857954e-21
2.961235168849187e-17
8.541249281541288e-09
3.634074019863865e-23
3.2058640697569997e-16
5.326848916177189e-19
0.00012251225800197996
4.328776293457598e-13
8.085699525579548e-08
4.6972758546782725e-08
1.4057549920757048e-09
4.2307745423683323e-19
3.0243330506671935e-24
1.845664209450602e-22
2.5945461322478436e-32
1.1834314582339705e-17
1.4477813614171274e-20
2.7485921514438015e-13
2.481635576932219e-19
4.494919866959074e-11
6.3609517890905195e-18
9.827873706111389e-06
2.0068737639575114e-13
3.6870185992189535e-12
2.319506528593767e-18
3.135353624656402e-14
9.783177047189819e-17
1.3321299107400838e-12
1.2111631858194765e-26
2.397449414105958e-22
2.5100786949729053e-12
2.26459085163637e-19
1.2317940077371457e-13
6.931913920151267e-16
1.0132163726881693e-12
3.34283331650048e-21
1.6070236574572513e-23
3.8888417507585665e-25
1.0779418591683555e-20
1.0055246660536867e-13
9.021597846610393e-06
7.818022360631212e-11
1.8999968670029459e-13
7.361228165253961e-16
3.581284600090986e-23
4.88662426724175e-07
3.462654784059814e-17
1.0153033269526397e-15
4.4380634765316023e-16
8.69622332744716e-15
8.491893732818302e-45
1.3289905484685508e-15
8.24297290352305e-25
1.647711571929797e-13
2.2449547903909655e-21
2.400060781943672e-22
3.3743184769217605e-24
1.7855491525110946e-07
3.6769199893981943e-13
6.3546089389769906e-21
7.309396215744795e-13
8.998724471136047e-08
1.9014267334953356e-06
9.879408160126652e-16
1.8163352230265197e-21
3.233900659858337e-14
2.603346480479178e-19
6.2607793076661e-13
1.3863190830032388e-14
1.0201567875826822e-22
4.9079750155732924e-18
2.6896878350857914e-18
2.6155902862040472e-14
6.370785848943712e-13
8.212737013383514e-13
7.464859432874407e-15
4.2221599092066456e-23
4.86582107758095e-14
1.5209769919341097e-16
2.5597561909472804e-16
5.665470933626231e-25
3.9423758111842455e-25
2.790950073033589e-16
3.7446209375734407e-07
9.438706089138068e-20
1.670077607438353e-14
1.5480635351077488e-06
1.1649343847699086e-17
5.803362184882255e-25
3.267595780814194e-25
5.949297517833101e-16
1.0653657517831203e-17
1.981868338372087e-19
4.8416651834795736e-26
2.0259631556134762e-14
6.025516526326845e-26
7.50318043725785e-10
9.915677751278714e-13
6.466354183245681e-30
1.3877580212191307e-15
7.15275949165591e-45
5.73765260427674e-12
5.777418348492166e-15
2.121021911526564e-08
2.8876877981451902e-15
1.4600294279834678e-19
4.009253340625216e-25
2.3881070235661557e-21
1.6013881202794054e-05
1.6186201498121407e-20
1.1886895622857933e-12
7.746367148970361e-21
7.26606193970616e-08
5.971009721120991e-11
9.635383314491672e-07
2.259257855460334e-20
5.127291934136991e-20
4.603929357884506e-14
5.709720264917503e-06
2.620720688696647e-12
2.0270555203635777e-25
1.0903307001919272e-27
2.22686091975813e-31
1.7669898815539643e-11
1.4791875229853837e-15
3.086128846662921e-11
7.82718917871461e-08
6.442104052743826e-28
1.7602201854474096e-11
1.731214133137429e-23
1.8474572777905914e-11
5.026218678949735e-07
3.538084023444044e-23
2.314107708028104e-08
5.801108971543379e-09
1.8729181332088085e-12
2.8023807135750085e-23
1.3062029294201974e-08
1.2471862264034955e-18
2.586741831615025e-19
2.6713064879456347e-09
6.974116768355833e-08
2.70757288052693e-16
2.131536258563327e-27
8.46141766777774e-10
1.9151964995232696e-17
7.319298688314335e-08
1.6313107833282925e-13
1.869894214240353e-07
4.613396883693108e-22
4.0524086707266705e-18
1.973145667053788e-20
1.4303839564692985e-09
9.910948645779331e-27
7.680822837884986e-08
1.6917689172338623e-19
1.455160657641663e-15
9.248702407807792e-18
4.11961058165383e-11
1.135202989253129e-15
1.5157340333721189e-16
1.3939033223261304e-08
7.716255447523291e-19
6.904595600186712e-20
1.87529565124701e-09
3.870587687951771e-09
4.5367750389529135e-14
1.6915549432998468e-16
6.600886301917301e-12
1.172590857523337e-12
1.9372954083329503e-16
3.46711125280672e-38
6.736717931689881e-20
1.3243341451593684e-17
1.0604718886562885e-16
3.904847211180713e-18
3.944003792407063e-09
8.269741702336013e-16
3.4134178400438567e-18
1.0582759706255052e-15
4.0267240098963417e-13
1.6086047987698944e-17
7.55358431111478e-31
2.5429211268160954e-42
5.678014920266939e-25
1.992109012352878e-19
2.5125890650660153e-14
1.249654384269125e-16
2.330584577706428e-10
1.936361875837104e-33
3.5197257291904676e-13
1.3637865371870958e-20
6.5065708683425695e-15
4.274056265964565e-18
5.3632915094744295e-15
2.989728548013805e-14
3.5889949884233173e-11
1.1068701119944855e-27
1.4152055985899023e-16
5.94705883967834e-13
2.8313295980520558e-15
1.1895317116254668e-18
5.515083510382042e-13
4.864052349360654e-13
9.375862292980736e-22
6.368905957759974e-16
1.8393924432491734e-14
1.898872758058135e-18
8.032070285837795e-23
4.957166970068474e-07
1.497797593295234e-29
1.514335927477774e-08
9.285476605957077e-10
7.406619160545424e-12
5.265907528821721e-08
1.2084092881678612e-12
2.6241205424257106e-10
8.731919039376762e-15
5.0035909519449387e-23
7.454539729761208e-13
4.5131712272428125e-18
1.6832549514754872e-15
1.8492152823067186e-16
8.096744594409077e-18
5.506320687237826e-10
2.4281718030462216e-49
3.532467056121204e-16
1.1448660693838819e-14
6.2326243353777074e-24
2.663631677792938e-21
3.043579694302156e-33
2.914274645937569e-20
2.2876967888209046e-18
5.569810665560246e-13
2.8447231624759618e-09
7.975755327781817e-21
1.4193286567353785e-20
4.1489792491344476e-15
6.799887683525557e-11
1.406957882019394e-20
2.5566096116700224e-10
3.571585958808665e-20
1.9834488571677425e-17
1.3326656704715513e-22
8.824642516452852e-26
5.098038522759906e-16
4.747887042769716e-13
7.0394545585954765e-28
9.514333106848858e-76
2.1389095097415325e-15
1.6221059544280255e-20
8.101304237170866e-12
6.46399821938641e-15
7.674509671902487e-13
1.4267972786749215e-20
2.383111677429681e-15
9.759952442158238e-11
1.222472569634561e-18
4.644893560524989e-23
4.688922204241332e-17
1.0497854989541811e-14
1.5799260064457925e-20
0.0014714319986464848
3.5582133591443724e-16
3.248053026100581e-16
3.863815808706537e-14
3.779279504069715e-29
3.455917811188003e-24
8.251620440025873e-07
1.0574486323139175e-15
5.122810431865533e-33
1.2982720809829006e-13
3.046088396430772e-18
1.067626316396138e-16
6.58885666666103e-23
3.53961072737156e-20
5.717252044977056e-24
1.8484936381974544e-26
2.8389903282383563e-12
8.051387694375892e-15
1.0921638135879299e-23
4.0220410095734556e-18
2.4832627055328144e-23
3.9208588835892267e-22
5.9091448670416314e-08
1.7348351184326294e-08
1.275569649185071e-18
1.1842283865540374e-20
1.9700578421592958e-22
4.674171624981984e-21
5.468993411860637e-14
1.3110765342996572e-13
1.6323693288946555e-27
2.5394424833867806e-26
1.5741827056727966e-11
5.255919534279689e-06
2.2422517671420293e-08
1.0155284963652599e-16
8.785549850067763e-16
3.6334814831603304e-16
1.3035703364003355e-14
1.3440098844727846e-23
6.580576723325873e-12
4.858385335486383e-16
3.478883940097068e-31
2.160357795435776e-23
1.1518569703402715e-22
8.408722475092705e-14
4.964425100158248e-12
3.581896380357036e-17
9.805731426107271e-20
3.161345798091309e-16
6.798584724734219e-23
2.9314019796738916e-20
8.337202008503788e-18
1.0442386507861845e-27
4.478667556751277e-10
9.171218113560972e-28
4.48360614582289e-12
6.971929353067495e-13
3.8046377547910376e-22
5.441810634468653e-15
1.50521423950411e-27
4.624181513100455e-10
1.9149657478204506e-16
2.665396808598872e-17
4.458347574192581e-18
6.968416893427073e-15
2.2844548519309467e-17
8.004846108912251e-20
1.9263477091684947e-15
1.150976352732831e-28
6.98845850495568e-12
9.831867171712914e-18
4.181547472184804e-18
7.50595953060913e-13
8.145855504356639e-06
9.999454768948068e-10
1.0552046183993702e-19
3.096533182486899e-10
1.6495691965644002e-15
8.91830736314686e-13
3.3877570749804695e-26
6.334385865407117e-14
5.819347139685241e-15
9.039460958830995e-14
5.795252138840397e-05
2.9529954112723305e-16
3.3451888068280435e-13
1.896410241215469e-12
3.6283383244496413e-19
1.225850731829725e-17
6.844137971299601e-16
2.2899041228467334e-20
7.232521236515527e-25
7.396027267024538e-17
1.2671259997609621e-17
1.225737269283459e-07
1.2892482524723677e-29
6.561536386440792e-15
1.578135936896931e-16
1.2856943811927296e-13
1.8598373278746882e-17
2.5361944256312e-19
3.6331705169681397e-17
1.6567976126396954e-23
1.2605966131948678e-17
2.322104308871049e-14
2.9028710931862425e-14
1.4244498406236934e-07
2.330154037646051e-40
1.4327180524624365e-24
3.304824175453483e-17
1.0770934389694479e-14
5.211881517207851e-12
1.6030210351737134e-12
1.7053038995092477e-26
7.188714602420233e-16
4.927581117752516e-30
1.757712890809184e-15
7.960287514902596e-06
2.4854868593750035e-32
4.660063992039543e-75
9.744215907634237e-15
1.42280968183384e-08
5.574058529009986e-13
1.2413687715530296e-14
2.2642468854832578e-17
3.7505759047898945e-18
1.6800675999391837e-17
1.0569533296809864e-14
3.731617634745659e-14
4.756688628767991e-16
3.2204496710593486e-14
1.3782909649716106e-27
7.072022392802698e-19
1.908021315759547e-22
8.302957113433057e-18
1.045411969352802e-06
5.3082191095551256e-20
7.84716811017352e-27
1.7328141619449123e-07
2.7354144518199596e-17
3.6045429651298884e-11
7.016133485510028e-16
1.9947762747223515e-20
5.024317926191494e-28
3.8189954666886706e-12
7.56528077951234e-16
5.83188710045129e-38
3.3524282945140173e-12
7.747859108613877e-15
1.1124090565506576e-15
2.1291387303886108e-21
3.3597159325897274e-15
9.488070773572182e-17
4.897682973460743e-13
5.1072239815161256e-17
7.7789662953167e-19
1.4857179000893403e-13
2.043818134093417e-08
2.6421938150969123e-22
1.2496735819365325e-09
5.9108007370515016e-05
1.7855192886710706e-19
1.6611616861906586e-15
2.8278509444650328e-11
5.224764524631535e-16
4.4030386669770015e-19
1.8799254444813043e-20
6.480142966270605e-19
1.9575794904932772e-22
5.946264690210429e-19
5.493794528521492e-14
1.9012190057734764e-10
1.6916124105366832e-16
2.0743228032545206e-20
2.1179798586019895e-14
2.62011586560785e-34
5.919043034318468e-16
4.093145485128586e-24
6.333691110330748e-06
1.03820591806887e-14
1.3864268318642183e-28
3.435580801010013e-15
2.0556162567935034e-11
4.763651663826276e-18
1.030294332822296e-20
8.591077765182172e-40
7.568051019176813e-19
1.3926201584759435e-11
3.1117413644302334e-10
3.7878522208167295e-12
8.64462497804545e-28
7.285703716195708e-19
3.428831389803888e-11
1.7343182189544769e-19
3.5068976866826615e-19
1.3392737238903409e-16
2.1821774748130175e-25
2.7505687675902608e-39
1.9317076471538536e-12
9.956739575732468e-12
1.8620241898975076e-22
2.6108294374877803e-12
1.5991569895580524e-19
4.951663192819301e-19
1.3802515689402296e-24
1.7217989869624162e-10
1.1275245253004553e-07
5.151255033494535e-10
4.1789958255943746e-15
6.315959812181606e-16
9.805668106686991e-18
3.0826062098280984e-23
2.271265314560014e-20
6.368514710298371e-24
1.0905809977471745e-15
1.665303658721934e-11
5.021612901929429e-24
1.7663459835859262e-14
1.6300323466557128e-10
2.9030811774751893e-18
1.4006940841922745e-18
1.3110610889973525e-16
6.0056607725177894e-18
7.727902141321406e-14
9.49248939075219e-18
6.857457007610925e-25
2.5490815306827896e-15
1.2438574957088903e-22
1.1158642306359694e-13
4.489909383559547e-11
7.381177869438496e-29
4.2722583937849926e-07
8.270832425760194e-13
1.9431646957911626e-14
1.5404687510124867e-22
1.1850340382111584e-16
2.5726375177824024e-29
1.9991600477618192e-20
9.766870486145114e-14
3.1270456161741865e-17
5.4751517347015815e-14
1.7884933215243345e-10
1.0562037974376527e-09
3.686901960427877e-14
7.236005297145832e-15
1.6102599696730808e-06
3.1311825444860285e-18
3.042022687638037e-13
1.4774347723987807e-31
1.0549104325160562e-13
3.2189887615243137e-20
6.088451601448214e-16
8.049467980907223e-14
4.777600222175654e-12
1.1290868900848309e-17
9.866587058944684e-21
3.5813096828719235e-18
1.7373771830505548e-28
6.852603698513127e-13
4.4654164912044185e-14
1.8565769439049492e-32
3.5149596563591025e-25
6.819358133276502e-08
1.3530774462525983e-22
1.756357462102613e-06
4.9845404333364785e-17
5.239414691260991e-10
7.582933815345192e-24
1.1015530551467132e-21
2.1902236139353684e-26
3.966401709915996e-19
2.907578517755723e-22
3.5412215569877396e-23
4.915017526632871e-27
1.9326004969123947e-15
3.782400142831221e-20
8.634855612521337e-12
7.424122366808453e-47
6.962175774381465e-24
3.657171800330178e-19
0.0004968898377399083
1.1158762403883727e-17
2.3191132902040304e-26
2.03973437201376e-23
8.280934803346481e-21
1.3950151075101593e-36
5.207692871570445e-23
5.318574868026813e-35
3.089036520776338e-24
7.466191921343378e-12
4.1190194414567783e-17
1.055395099960961e-20
1.5248991283759386e-13
1.1901378682775295e-11
1.87143246632537e-12
4.514128074550307e-18
1.5897471001756923e-18
2.0501188808727975e-09
5.1540589576782205e-11
8.118751607426251e-17
3.069690417978384e-12
5.85797159359385e-11
1.4828734892061837e-08
1.2326767754557887e-17
1.0945795866184069e-27
4.228232195489034e-16
2.1813559695667225e-10
2.867268383767571e-17
5.37957358851134e-23
9.704048134059721e-12
4.458161693814839e-12
3.1656596066350975e-25
2.383259470994471e-19
3.328465964162298e-32
1.7537551618450778e-11
5.926176422551975e-22
2.934179053822564e-13
1.2690776857722866e-14
6.0979936088928735e-34
1.6119402613839004e-25
3.0160587282133204e-24
5.560236113286112e-16
5.4959851926901845e-17
2.605011575903321e-09
6.735577356049312e-29
2.462992802053566e-17
2.4938211424491756e-16
2.5719626500895246e-11
2.1654862124940587e-11
8.711939192953486e-21
9.542268229684904e-18
4.3195486322526935e-12
1.4991076409582296e-18
2.901189393017954e-23
4.335652505454794e-15
1.1456982206912721e-18
1.9443459968146356e-21
1.5797603964404417e-15
9.215521956401582e-15
2.2295848689939773e-08
1.755374713865373e-17
4.8089740579672646e-15
2.2599199537701315e-20
2.149650740539616e-18
2.139062219579437e-23
3.3746274463569543e-22
5.176352572991085e-12
2.733947980387125e-21
6.531055133722202e-31
3.383994195765816e-08
3.702415282365915e-15
1.9142504500096527e-27
3.781586549252608e-19
3.2155520315296043e-07
1.5873116803164588e-13
6.264458272325464e-17
1.1350906828758903e-19
2.1882855633914528e-11
3.5812118669779813e-19
1.1980815919243427e-21
5.047048721673101e-24
1.8027886419946193e-20
1.1848592194657785e-15
2.6556848819339373e-26
1.0570903888564008e-20
1.1786403353464378e-10
5.609942217800686e-18
1.8559966604907137e-15
1.8045316929098814e-11
2.178796913727678e-12
1.2118363027801976e-12
3.9209764168799317e-14
3.270974712888242e-26
1.7298321383829865e-18
3.827560373844267e-16
1.1022094483586399e-17
5.6361458742859554e-18
1.2732881382699293e-11
2.5076088135710985e-14
6.13524054934185e-21
1.2270955431949165e-17
6.143085064032612e-09
3.348994232273989e-20
2.556916289265112e-14
3.043873400901586e-23
3.584787761647502e-20
7.448932628659201e-16
3.1354730683666886e-21
1.9444731204732546e-11
2.3921136855251675e-17
1.9961812448685817e-17
6.273440407492931e-13
4.4996106789519224e-13
5.768646548428337e-12
8.92618433551072e-17
3.4400277748510785e-17
2.297447176584917e-22
1.3593644749226553e-16
5.815236982463235e-11
3.465041158716132e-18
2.4498140131759617e-19
1.4128230822832175e-30
1.1270709167395707e-20
2.517824600129507e-12
4.640941848088648e-22
4.509715088143744e-16
1.1915421845474347e-21
2.2351690289508216e-14
4.903664640415751e-28
2.7115523985797533e-19
1.8714118522377854e-16
1.116416107953513e-22
4.899294052033826e-25
1.2840315916028717e-25
1.4587851590634116e-18
1.1944971061645846e-23
1.1929137059020027e-15
7.034945293311461e-18
7.90924286034248e-14
1.3025924314066905e-11
9.317350929128883e-18
2.270806931017112e-17
3.646261959433399e-25
3.2636680062691157e-26
8.116519775206717e-09
5.276474283896379e-23
1.6324945828797534e-08
5.495648570228275e-32
7.089099535699157e-13
1.1359604929465872e-20
1.9567820976818583e-07
2.5184352159635805e-17
3.781312437522893e-22
1.8931698306927322e-11
1.2241428206347683e-17
4.28966441501466e-21
1.566461485954014e-40
1.7560331583470593e-21
4.1983253704358454e-11
1.0717898217940613e-18
3.868170466360009e-22
4.307541253203559e-08
1.3303177352241374e-11
1.828304098043935e-21
2.4750819012863675e-15
2.4131764950485505e-23
1.1103530061703836e-08
5.109607216698278e-13
7.16577241466476e-22
1.3452862553417045e-23
3.1747481831386226e-20
1.8977963675796707e-17
1.2003410280191325e-17
2.8077586227467793e-15
6.460432344270587e-24
7.263502406285521e-16
7.303134145276788e-23
2.1892235644669542e-14
2.2055348984453178e-16
1.3113833700943877e-10
1.449336235354584e-09
1.7875702116380067e-21
8.343807007085801e-14
1.1900213369335612e-42
6.752725593775456e-16
8.185374294451881e-16
2.444144922214458e-17
1.3325099676195478e-13
2.3756084506962953e-13
2.4183798488330057e-14
4.009749270775738e-14
2.749523585751825e-19
3.042540445457361e-16
5.096017381346047e-14
1.155527898219219e-12
5.113604557428323e-14
1.7291462434616533e-11
4.111489812789261e-19
4.597394156372803e-13
1.9682559746277847e-21
1.5471689736560712e-15
4.604275487588833e-18
4.744275912698488e-24
4.898671712491069e-15
6.189826216865935e-19
2.3292572792287917e-21
1.6867426820894462e-22
7.086465261677022e-17
6.518883985308424e-25
2.2940880888441407e-20
1.1599387445115472e-13
1.792165699595927e-23
1.7809190213219506e-14
1.9397125278807844e-18
5.360033178216218e-23
1.2440860399638021e-20
5.5351674203376416e-17
2.4078017604874534e-35
1.244338571955437e-20
6.715531059834954e-22
4.444894437314539e-32
4.871660145230058e-22
6.509160794914579e-20
7.493246455706493e-07
7.277429176624656e-16
3.713253722331391e-30
2.7178207094660633e-09
6.936496385492848e-12
3.172927414570407e-17
5.966296064092033e-26
3.446404592230782e-10
1.041058485243968e-24
2.434229313000734e-19
1.1231092322078056e-24
2.054737327664195e-20
5.819954397218063e-24
2.8777887855867374e-26
4.846197891742636e-13
1.4437732179543595e-13
2.257987083030587e-10
7.474602463270907e-27
1.819298454624527e-15
7.381181923337162e-14
5.1328879383953786e-23
1.8105390123768627e-14
6.993623473837098e-09
7.584055596744112e-11
5.969144236537073e-13
2.619489119160505e-23
1.967142972549718e-13
2.0974897145492876e-14
2.917073682476515e-28
2.713309321056042e-17
1.4500782353124543e-11
7.968737809048435e-25
2.3380998984211834e-19
6.147120461062791e-27
1.5065724398871356e-15
1.1851361439275626e-14
1.2928853800048285e-11
6.136715436193157e-13
1.2672170782856546e-37
1.4229382709546704e-11
1.1042087335456889e-17
2.5204701164186916e-26
8.276845528964414e-19
7.100155617286417e-13
2.2405593392489334e-10
1.2205228663181981e-07
6.693964408940422e-21
2.9622764075584476e-08
8.923197384454592e-14
2.2703654306349066e-11
3.219969371447984e-09
3.180825936716484e-18
4.757519915831758e-22
1.8323121191072604e-10
5.36805693385498e-28
5.317446069763203e-20
5.876532848320128e-11
5.016295168110974e-07
4.44209843262312e-37
9.398953051302214e-17
1.5697216718516013e-28
2.9727341488362603e-34
8.94900475270236e-18
4.148494183826766e-33
1.7292663531701247e-18
7.198027077126271e-14
2.883478600118343e-14
3.248795825587128e-16
4.178760545737002e-07
5.8110652138567114e-11
3.0706733419751887e-09
1.5596490790086319e-27
1.2306486860663019e-19
3.2338805827994375e-20
1.6077183508082647e-22
5.711897092143128e-27
4.616794092110032e-19
7.88345842084086e-14
4.7637296597106004e-14
1.5625533163873857e-26
9.445416466587173e-22
8.012193263132448e-11
8.156750195803312e-21
2.8034428148295294e-20
5.512265936336271e-11
3.546351697879703e-08
1.3883176599659195e-24
1.3584097186122866e-16
4.827443378651301e-19
3.7324591364692554e-25
9.686800088806608e-16
1.0332965159301768e-09
1.4627303593686432e-15
1.7206250312525051e-18
4.820834080052806e-22
8.292962709275481e-53
1.3474489533287262e-13
1.2544755095103974e-17
5.854887391862835e-09
1.5941636046670212e-19
1.2375551598178803e-19
1.7982919890636083e-19
2.2448130947774427e-18
3.2842500300524222e-15
1.0017821027531902e-23
4.94878099127795e-41
5.397093021338455e-12
3.974361745904146e-14
7.357961170000677e-22
4.020119887241275e-11
1.1145386328947864e-14
2.1677915561790962e-12
1.9729722351189058e-26
3.385902151070508e-42
3.4581990026129466e-12
4.118475301668799e-16
5.066817130373062e-13
3.64138302674498e-16
5.651886260725605e-25
2.0949425249211595e-45
1.9746596256236494e-31
8.102512305164384e-13
2.6435524213494203e-12
1.642814346855023e-07
1.120014821396458e-18
2.0188148141429055e-18
3.358789917624584e-27
1.2441637215285065e-12
2.9378750591606702e-12
3.514802606571225e-19
7.1889018755811e-15
7.678846938609631e-34
7.253224207481426e-12
1.2655121295445193e-16
1.2434228436033295e-15
1.4875992415471148e-11
1.0697110554338586e-18
1.994022988345478e-20
3.833973317338159e-17
4.918863294424806e-18
1.765483542690011e-13
3.0416239664725356e-14
1.5643144095844102e-05
7.724073170392012e-18
1.6697698232170072e-11
3.480724905228077e-27
2.1286883444045113e-25
4.171352003382749e-10
2.714243751364211e-16
9.907565065193624e-20
3.0262642674317107e-12
1.6314425980818136e-12
2.267204584896151e-25
1.3937927032144786e-15
7.848263317620656e-31
7.017148858464789e-28
1.1796441656427747e-22
1.4770262341303286e-12
1.548627832584729e-14
9.573446540143743e-15
4.354860623675633e-26
8.50089997388279e-10
2.6969710346068633e-19
1.0687562259887582e-13
9.599401221056588e-18
1.8637541544022408e-13
4.404647442386925e-17
4.220140982986002e-14
2.5916771609824603e-16
4.1144534326192825e-22
6.274154232174568e-32
1.6781574756929915e-16
1.6936523128063906e-16
2.2885964059479125e-21
7.789978396534931e-17
6.088885048988604e-07
1.1456669917200725e-19
2.9709929049559975e-22
1.4650691253295918e-21
1.0947577264565296e-30
3.327908560674837e-17
1.6075312652219512e-24
1.7963665883374826e-15
1.7356054833209e-22
1.3673465689647606e-20
1.398419006972369e-21
4.0670346017505605e-14
1.2195885537239156e-18
1.6944333411290305e-15
1.844056577473838e-15
2.3771904441771224e-24
7.20187234462209e-15
2.2441104165339304e-14
1.0671335112717794e-19
1.1904881333699646e-11
4.489265121915611e-22
4.993323318223066e-18
6.298473624027164e-09
1.7289598430025938e-17
9.985578357876507e-07
1.3723309141781076e-18
1.7744438238135905e-16
7.443575395150749e-06
6.876378770572767e-13
5.775673029328332e-23
9.187085595257147e-15
2.9307965833152394e-18
9.948523733695225e-19
4.381815590943234e-15
2.558701946753271e-218
2.382417275210789e-23
7.272342461978074e-20
2.213073445201241e-24
1.0992389236972412e-21
1.2186229234688282e-35
9.765915394871528e-18
3.3164829897176683e-15
5.3355508329225286e-18
2.040454862936553e-33
1.7965405795851893e-17
6.665213870211484e-12
3.112333133146486e-14
4.609215263852894e-12
1.3411302409476648e-21
4.1240863921756534e-13
1.0380802293122626e-13
8.04780161212269e-15
2.824085396678686e-27
2.3000498679473463e-11
8.67949497897819e-23
1.5585452209997251e-23
7.145490412288788e-22
1.1819229702050087e-12
5.350176277404556e-58
2.9639313544797877e-20
4.81519179079109e-07
6.421530769063717e-11
1.1420766892091568e-13
5.067785067239211e-24
1.6926903615905901e-13
9.381880939361908e-19
1.7099354209980406e-43
1.104429543919237e-17
5.83810081499691e-14
4.85149240174573e-17
6.197307090329996e-26
2.9247902056418435e-16
2.0860913034095184e-19
2.5133326480157412e-12
4.379619319150416e-13
5.197448438140921e-27
4.163741397446296e-21
8.039258608259415e-14
1.24498353709702e-14
1.8103413305281412e-12
1.2077338214224582e-11
1.9731063675300664e-24
3.345126715052895e-19
7.55578381879654e-23
1.9178251189922766e-22
1.0917561671536109e-24
1.6857270457658086e-19
1.3188522628872005e-09
3.49674245335018e-28
1.5050376631134603e-16
9.917957545760293e-30
4.902535139752698e-23
4.417002954862208e-30
4.020530453043335e-42
7.830894884785153e-18
1.2899995025833743e-15
1.3135311477038978e-19
5.427951456150825e-31
1.0920552110890359e-13
1.2634959698944314e-20
4.83491072829519e-21
4.190245270791027e-09
3.0507093956730875e-13
4.409188785995167e-20
2.6175394370205062e-11
6.828983343352972e-26
7.356301791953626e-22
2.4842863478758076e-21
3.0430562662356506e-20
1.0480667587176394e-17
1.0812951302978369e-20
2.6661978168056272e-18
8.205156829720263e-42
2.8200463539431942e-18
1.0677477833800595e-24
1.796575937759414e-10
1.424357450026299e-16
3.0843159767543422e-21
1.8594694894530608e-08
1.3717132836555095e-18
4.2925213466500984e-14
9.395319061485914e-21
4.1003102745678156e-12
3.832824686697584e-23
1.631573627963863e-15
3.8055597294392046e-26
2.805879753565829e-18
2.594148160762319e-16
3.315351461583855e-11
3.3429651846983456e-12
1.2845156409453529e-19
1.9359269884359187e-18
7.432875033175928e-19
1.0868572387913835e-19
1.3161522148907148e-12
1.5349279555330077e-08
2.697345868013458e-20
7.665546119663883e-09
2.7675618105411175e-11
9.374833164313072e-16
5.33231198251603e-28
8.887222003337524e-15
1.315911641817738e-17
1.693252758632991e-30
2.578975657021079e-17
4.187230402499915e-12
7.971527205283165e-13
5.703276321521513e-21
2.7967833344559515e-13
7.07763820741066e-14
5.575625320113451e-10
1.7243487499268917e-18
2.1014989498854077e-10
3.2893752625747917e-16
9.425000490810372e-13
6.141699010958266e-17
0.001329430911311234
8.96285402071871e-15
2.595718881439011e-12
6.912152715587218e-23
1.5693876971149637e-14
1.910256388576982e-21
1.1521153996143745e-09
6.75815416045451e-30
1.270551370896675e-21
1.2005134787562517e-28
8.333179843238212e-06
4.6912574252327385e-27
1.2658638606481087e-21
1.8922960814691906e-12
8.153748935366846e-16
7.088770259155047e-16
4.521145105891278e-18
2.337112885369518e-38
1.4481185660066913e-06
9.528163293774751e-11
4.518563250008132e-11
4.5322301268779273e-29
1.2360764551097393e-16
4.775869521167139e-16
2.3691980197312343e-17
2.2368475827907454e-22
2.619893343750727e-17
6.996638676200774e-20
1.1826544678549683e-18
4.737964342423637e-14
3.650287054204011e-14
3.1068836481203744e-08
3.2667414901099e-11
2.6820586783551804e-19
3.1285354687866903e-12
3.4549193406609745e-36
2.0439690474131464e-22
2.4055348799547163e-11
2.8968401171949155e-15
3.842104001167855e-15
2.720869873526605e-19
1.1408013610257926e-23
3.971732907861407e-09
1.5090857384319576e-10
8.033481088844245e-17
3.593518547369356e-20
1.0962078697122174e-13
5.579641868720598e-24
2.9850564328929273e-21
2.9860771605862226e-17
2.6220784803373714e-09
9.204649092396604e-39
7.036344057702237e-15
3.6764324196470606e-16
8.168137371840563e-18
8.313556415264571e-19
3.6501535556639124e-16
8.038054821083933e-30
7.452371882546886e-22
3.9014984143228346e-42
3.311564162627112e-20
1.3400754636489892e-06
4.8129283156566844e-20
2.7181226942506606e-15
3.4377565335720824e-18
1.6240331941997875e-32
3.1896821024507126e-15
7.868227581475893e-19
1.5552271712866964e-19
1.1397988343910656e-23
1.459788978722055e-17
2.898810451934794e-12
3.2559859145345724e-18
6.271740052977542e-09
3.419382924761436e-18
6.944013694889086e-21
6.7414697631766e-33
3.5667284572101655e-07
1.1607989715848099e-11
8.746973300351526e-21
3.975091084442338e-11
8.614555471593986e-32
1.984154040729225e-16
4.996358494479778e-18
9.421865390884476e-18
1.445004434804915e-44
2.3378424218375786e-15
1.2493994794221868e-16
3.9814558342840234e-16
1.9705163026250213e-10
2.648919524431021e-19
1.5479988568591194e-16
8.171255586067811e-14
9.728439865988455e-12
3.6194371038686156e-12
5.876545010805156e-24
2.095567217332939e-21
2.1698008584483644e-25
2.8533817747085906e-23
4.02980640882152e-09
9.527648575457765e-11
7.0053939072754404e-28
1.6534533251291198e-21
8.532917533796448e-43
3.1430029130924573e-13
2.4004662465437575e-21
7.891585940412558e-16
3.369655094943051e-27
2.1290398455419827e-19
1.639713166323018e-13
8.577919785551568e-16
3.898890250504979e-21
5.827988073354784e-11
6.762317055370539e-17
3.1056632274182343e-21
8.951436415889777e-15
1.7029882858465304e-21
1.8414789069103724e-19
1.046699069143124e-11
4.7535744435303605e-37
1.066698183513065e-12
3.664859452687979e-17
9.02186438586969e-15
7.03462447020285e-13
9.039843840670073e-25
2.1611042990497375e-19
4.335188544070538e-15
2.3551239768672004e-16
6.352411799227004e-20
8.702737933486061e-15
1.4267481041721647e-09
2.851997957004816e-23
7.991482223823428e-18
2.6834407852641804e-15
1.663194832349561e-16
4.688025109222468e-13
5.880200085761991e-06
1.3013704716441192e-20
6.253672593360128e-18
1.4313085364914726e-22
8.525350775393467e-17
3.2631045363603916e-17
9.165347502854731e-17
1.862379561142323e-31
5.454721082280598e-08
8.401481327256481e-17
2.484002232992493e-18
6.198359944047346e-08
1.973030669299653e-06
1.2964079819864434e-21
1.6693041026869417e-10
6.279422218172736e-14
2.795651983400749e-10
4.9984163211529043e-08
2.192646202739289e-16
1.5914196679751225e-08
4.1025197491106984e-16
5.789426074026198e-12
4.745636851609181e-08
2.64527695576143e-33
2.816338712219143e-27
7.898465317759313e-14
1.8009694633658493e-12
9.308172129692936e-13
2.7240184465560173e-18
1.0130870420600047e-15
1.2275313817621739e-16
4.150361693770868e-08
2.9281107517664895e-16
1.2290170278179067e-14
3.4938920152222125e-18
8.159172208138927e-29
4.558601424231907e-11
2.1019005611676372e-27
2.722690143273288e-16
2.946379873730904e-16
2.149693585124044e-23
6.657750079333091e-22
3.3498521251187336e-21
6.798309959411809e-19
4.094916505121031e-18
3.9106988619889564e-18
5.1697850454935774e-21
3.435640744068521e-18
3.905563218058402e-19
6.572473184739339e-09
1.602352279336909e-11
2.860543963937502e-16
1.0141460070710973e-27
3.2515156398243326e-29
1.903164618926827e-08
2.7127422070337725e-13
1.9236642454893284e-20
1.1294105692208331e-26
5.498347024184342e-17
5.412158595447172e-11
6.878830295392683e-36
1.5154781206515613e-21
1.7614807362222142e-23
2.4128092761945698e-29
1.8834316557557273e-21
7.152255173280802e-13
5.805358955657399e-26
1.0255640479149071e-10
7.657168781882876e-09
3.2842999180736468e-22
1.0349896876336302e-26
5.58000885988749e-17
9.94440904335364e-15
5.8950049665655355e-25
1.7278399489952218e-13
4.507965427853632e-15
7.125972748216863e-15
1.7297286852585737e-25
1.3735555016497037e-22
2.086274834294948e-20
8.116138080807908e-19
8.13801767968841e-10
1.6588652504816736e-17
5.297597060138606e-15
1.5312531089476822e-11
1.8430422642983076e-34
8.434754454494156e-23
3.312534523393295e-18
1.0712809523262366e-15
1.8801045761955035e-11
1.8308917389854224e-19
5.843428691667697e-23
3.890897522507635e-12
3.925978299409502e-17
1.7641443726990968e-29
1.126207453432447e-12
3.20234327473619e-12
2.227343319876583e-19
1.5043861734076126e-19
2.5274747441395053e-14
9.397154423743313e-13
3.250183555366446e-13
3.3865715412768313e-20
4.32156569568688e-18
3.791961995162899e-18
4.070586640552529e-17
7.48285517454834e-19
6.822914084638888e-20
1.0568416189208222e-22
4.1816933116097624e-13
5.757019155446549e-22
2.335420340173132e-16
1.3304172595756552e-17
2.2017511551964423e-16
2.0537662126729166e-09
4.975841703875633e-15
8.730684399172478e-22
7.974143272641977e-10
1.5866609711904728e-17
2.6192866170794884e-20
1.289926097849982e-19
6.428457215835619e-14
4.081802899772336e-29
5.135037521244305e-27
6.070062920937001e-14
1.0003675849410539e-05
5.316901190775653e-12
8.292284569965698e-16
2.6759221097228863e-12
1.5409018023250244e-17
1.0495210504699478e-39
1.716665276277762e-15
3.485857335071482e-16
5.0176744820699685e-14
5.3545263904902365e-15
3.148460810074084e-66
2.5241986515484807e-08
6.750651223963079e-27
1.968014614376279e-15
7.708569235637213e-19
9.169577833116466e-23
9.745170655053276e-21
1.7392247520906605e-14
1.7485597812830867e-13
1.5292488174406006e-24
1.0803103381793862e-18
2.0491971444046807e-16
8.2999348946177e-20
1.1709440351351724e-11
1.1888291582993392e-25
5.281673576102709e-18
1.203856350246016e-18
3.666816622905333e-12
5.7638348335741985e-28
1.8893327191111466e-20
2.703136490249653e-18
2.5432468476457734e-15
9.219675524454307e-18
4.616629963276751e-13
1.0730632674202573e-37
3.485364995696697e-16
1.283696760168434e-29
4.872003824805514e-16
1.1945361475972844e-12
1.7609158177791666e-19
1.1684284981487084e-14
5.0994466642273114e-20
8.873661925917041e-18
1.1533331235126431e-11
1.566161971988265e-14
4.258211709974392e-35
5.596440976228061e-13
1.1902279992862649e-17
3.991913559734358e-21
1.719681296555841e-10
3.0908814293958224e-22
1.7930120718715817e-18
2.8554798226961782e-11
5.153326896442124e-14
2.534236528682761e-15
3.278558758859804e-46
7.165420224138763e-19
2.4178668927947547e-12
1.6479351801774397e-15
2.6049033772383513e-20
7.70204510626433e-14
3.97961701517552e-21
1.9281496253973343e-15
2.3937772612699808e-26
1.7871354749274852e-13
6.078242119052214e-09
1.0940043884959236e-21
4.371551066317508e-18
6.17653254216045e-17
5.284543179634237e-12
8.469531761878121e-10
6.738476172070158e-32
2.1262841634769303e-17
1.0781122148670754e-19
4.770269454537435e-16
1.4479275613418877e-19
5.042873474375567e-16
2.6309463438555345e-08
1.3681580621853987e-24
2.38940832835158e-13
1.9350207315296482e-12
5.9252693086905276e-21
3.538287448957508e-14
6.179039164981304e-14
4.053067637754249e-10
1.2102892137563244e-14
4.997857791528857e-25
5.421624136080282e-31
2.4027798810543136e-38
3.330550145137821e-16
1.0551505788400541e-16
3.695091561693935e-15
1.8118679761499016e-24
3.9482768698297107e-16
2.760843783030435e-16
2.9741085501132478e-09
9.587185298816021e-08
2.1212906275129566e-17
1.98340093856938e-13
3.747495063371819e-19
1.7254953902768444e-16
1.4653672010304157e-15
2.8274299771509723e-12
2.510186058896639e-15
1.7118117119824925e-11
6.706066767426702e-16
2.3962383109925672e-23
1.030089961511762e-20
4.949800121079648e-13
1.3075835047504476e-13
6.150787950495413e-21
2.4882673082735667e-17
9.092679617491682e-23
3.3936637795223606e-15
4.6892140250108885e-17
4.1086549596635054e-08
7.699433345298608e-08
7.059855633441835e-25
1.7583248246993292e-30
3.0614781924552644e-21
4.388154427877922e-19
9.970851834030794e-15
6.175278453173189e-23
8.289171059680395e-12
1.7811884574153294e-12
4.667992078890271e-13
2.1880028191483407e-16
4.4961886982056075e-18
5.303631444205218e-32
7.25225495485702e-07
4.701545221730317e-16
1.4937841724461271e-18
4.731746212728657e-13
4.139976029059814e-09
2.8883302721570677e-09
3.10336878019328e-16
2.44113921665541e-15
4.628979732207007e-20
2.5415214301435384e-15
1.847037888052185e-36
1.4788901197966135e-19
1.9896619976854624e-18
1.1176779826352294e-12
1.6318242417547998e-33
4.3517333479832514e-27
5.408984587727237e-17
1.8698185520105796e-10
8.98489271465905e-19
7.50988605909023e-09
2.002346795567967e-20
3.5741874352140695e-17
3.0705344065828456e-14
1.988371899691494e-15
2.227347856259595e-05
2.8491654374174813e-22
5.072533657997296e-10
1.264088048195028e-14
1.7536560649081643e-07
8.659098082726541e-13
1.9447707606570254e-15
3.333612724008773e-15
2.428459225930664e-17
2.6086408269292052e-11
2.8943184813131104e-08
1.079574999856129e-22
5.6068051713967156e-18
7.607015707339214e-07
4.429387432161991e-28
2.3364601343224285e-21
1.0376141012185466e-60
1.8211665419455872e-18
6.133550110889822e-13
3.6673560567545474e-42
6.9630160905271e-13
5.591558083426801e-14
3.291184149774988e-13
7.51621631253067e-15
5.800523255440185e-32
1.7232700631484852e-20
3.1963723565736198e-18
8.526214821342932e-29
3.811799597941395e-30
3.951800870940159e-21
1.6625668382682062e-10
2.77166772211966e-19
9.198848847632795e-19
9.043250910270076e-13
1.819127925846507e-12
1.6530277404687958e-14
1.0546914074926572e-14
4.2914985185615324e-10
1.8224465319515055e-15
3.168240284411993e-20
1.4736151842934289e-15
8.972985703221235e-28
3.338986493884479e-20
1.353295453571456e-12
3.3834934887324126e-16
2.5795394570767018e-20
8.852687233569017e-17
3.812107829951261e-30
5.427638707206459e-15
3.6333258050466635e-22
1.8660897381948056e-17
2.399324134737685e-11
1.620204659929108e-15
3.1550359150246767e-17
7.432469391306182e-16
6.58722822863698e-17
3.630703156577701e-10
5.015861542406096e-21
1.7148634780947088e-15
1.3239267158918973e-11
1.8933662580165221e-16
3.5265781377055203e-10
1.8561772643857452e-13
8.721575650657807e-12
1.068249166507558e-19
1.939477129545958e-16
2.5555283964031004e-32
4.359291878653955e-18
4.239997892977937e-15
7.091897184647794e-12
3.798530676291274e-18
5.200364814555436e-12
2.832164305677216e-10
4.1470393177991736e-13
2.740080548154996e-91
1.1249246362501152e-14
2.7388699551156814e-14
1.4554050600271243e-17
1.1030568872493506e-13
4.2502510775639746e-24
2.049767761793961e-16
8.491919092041086e-14
1.1651789735284332e-05
1.7884170582885063e-17
5.473549740787774e-28
1.3175062864987587e-26
1.9673228842370837e-20
2.5962148412422186e-18
2.5394453383432205e-15
1.0849880410491232e-08
1.5593298699868368e-21
1.2911378111920243e-12
5.22175200580841e-13
1.0760914854591744e-16
2.1123907072120419e-22
8.725702152503356e-29
4.438113343974217e-14
1.2360156326233408e-55
1.2550083108792046e-12
1.2325920147116012e-17
1.3346827762574419e-17
2.41601302742068e-23
7.111847521418899e-12
8.238636992245189e-26
2.5846146715329467e-24
1.505387540940108e-18
1.177878846804932e-23
1.8882467220746963e-17
1.4828466691456213e-24
7.769846367621635e-15
9.624831662542151e-13
2.0871490538508587e-08
3.787431716034918e-15
9.805709838462135e-41
4.955632288260372e-31
4.542792018527043e-22
4.836348292661146e-17
6.955508788857142e-15
1.491860532016637e-19
1.3237476087018943e-22
5.850404276329494e-15
7.8785238966131e-21
2.3538694555242826e-14
6.767559265069572e-16
5.651143246522738e-15
2.2917428094404204e-20
5.871935072686466e-11
2.0026879832467703e-22
5.357448864936737e-15
3.806316581985093e-12
2.0240791281765892e-22
1.1756965924341845e-26
3.107465522573975e-25
9.81042988929451e-70
4.98102555173233e-21
1.263289120235446e-24
8.359697991495239e-22
1.1850829232178667e-25
4.63903427674809e-16
3.869574310168772e-11
1.93178283820599e-18
3.3746323690566764e-18
2.1811902754773545e-31
5.428995528641178e-19
2.214048976317306e-05
5.936966075801608e-15
5.3100456762085235e-11
2.4493482900491155e-12
1.46676038112306e-13
8.05616868460542e-15
3.3622883065699753e-09
5.663416659365355e-18
3.1610223191273456e-17
1.1385237245477344e-14
9.469028930222524e-14
1.5921980890551695e-20
1.953953177858171e-14
4.418669222241451e-15
4.028103340369223e-18
1.799299840829009e-30
2.9901935551021725e-22
3.645429982625817e-17
4.687131677356453e-15
7.805574025665671e-13
5.603817382443292e-22
2.9910406597967043e-18
6.9727308763257445e-15
8.096125127599087e-22
1.846827963625698e-13
6.32806786185842e-21
1.1500331244075472e-14
5.235891645319977e-16
5.279945437322173e-16
4.1886919877307246e-18
6.278947691524195e-14
6.641145730744705e-12
6.390642013153215e-22
8.582669198389459e-30
3.564053420270957e-14
1.290192113040057e-31
2.380422041705266e-19
8.415711213691968e-22
3.647472422568999e-21
2.7750082628272904e-11
8.7751792771302e-25
6.289770990602388e-14
4.799755665529459e-17
1.7148824255905967e-16
1.475020685614327e-17
2.0229013715488993e-18
8.933594600164473e-30
2.949101229243186e-18
3.780036990151524e-18
3.9803392199032596e-16
9.012494839341684e-19
1.3083607120016767e-16
1.4233185728396373e-17
4.107306543771021e-12
1.21887550824106e-17
1.3483093504128003e-25
2.1697900203077494e-20
2.560554825762994e-12
2.5945582473014817e-23
6.873096297354697e-13
2.82332174260594e-12
2.634846825480802e-26
6.971171298755428e-17
2.0200545080991203e-19
1.6415608307112097e-19
2.542471187423459e-17
1.897523414735727e-21
2.1782127406725946e-14
1.010707358302392e-15
3.4239631286938575e-13
3.180764746662256e-11
3.651945249733435e-07
1.1242392831407165e-10
1.2485964529063766e-18
7.590611232700768e-19
2.193182321339494e-33
7.032015592009288e-18
7.569015265503399e-13
1.3296909546977562e-20
2.100849356634437e-09
1.0558314861512202e-15
9.523862398171768e-13
4.064777026796632e-12
8.980389204509262e-20
8.208032351614482e-13
1.813628977649088e-15
2.7649079673504206e-14
1.2774413771377556e-12
4.854521764038601e-34
1.0807595887557602e-15
1.391230117155019e-22
2.7098046781033444e-15
2.1124786447498114e-08
9.366409180497395e-05
6.927590584113687e-14
2.9107425111660126e-21
1.727522671688701e-16
9.262197453274563e-17
9.007748030460623e-20
1.4331678632710355e-08
4.243685131405263e-31
3.417786769502732e-11
2.076035681184601e-12
3.1801413111794906e-20
7.80195909704949e-22
3.3573819790519037e-07
3.580403892591728e-18
5.008329386649351e-20
1.8715524776292365e-13
2.448019368329405e-19
4.3442276901884127e-17
4.909917226360289e-13
3.3589206286960986e-13
6.5629180266603415e-16
1.3474780875481644e-16
6.511632707417351e-17
1.1794302823958712e-22
1.6535465565608704e-11
1.8733000482042219e-37
2.6255451811695846e-14
2.338096607614732e-24
3.383270186502446e-15
3.988695982152045e-14
3.1121790117528967e-13
4.328590930817783e-12
8.170760509265318e-27
6.352362238257718e-14
1.0869759863836496e-21
1.655441694095205e-16
1.9837995553036687e-12
4.5767105909731505e-06
5.5560196987539635e-18
3.4591559846232513e-18
1.5833713206654942e-14
6.294381004574336e-14
3.70644015591756e-17
2.7935335749583465e-16
7.213578466234479e-10
2.140458639769106e-19
1.7877151995848175e-16
1.0313229943311103e-15
1.4398545713376366e-32
3.6873855782359477e-22
3.2020777046511596e-61
2.120331529637947e-14
2.7515098068937186e-15
2.5723257725311133e-20
4.962825677241552e-18
2.415591263034196e-11
7.615800926394436e-12
2.056874289639284e-09
1.540482667968991e-20
1.9163259022015242e-44
3.0404909625559213e-10
5.0124979745598724e-14
1.7062431933127233e-15
2.945700177330135e-26
1.774171132380567e-12
8.5343251133094e-15
3.673499984644492e-16
7.553786862325729e-11
9.123556212066432e-11
7.426779246032653e-20
7.124970483725421e-26
1.5524578788992518e-22
3.2961405448261025e-32
3.277328098652674e-17
1.475242365103417e-09
1.8266424013132074e-06
6.948347395901766e-22
9.194674830005816e-24
3.3584624015887975e-22
1.3869632358318948e-24
6.368992054253399e-21
2.1501546951140133e-19
3.3500562919382298e-18
2.4006171817123562e-29
9.388178887657037e-17
4.389358179771095e-19
6.9391478158295304e-34
8.983120820468102e-11
1.6874605614918215e-15
5.07930417866955e-15
1.93338455438188e-11
4.1084290564664744e-33
7.334037138722012e-29
6.101163452098213e-17
2.140745714077296e-12
6.06002133044628e-15
1.075198983270509e-21
3.2848146533160994e-18
1.530654559176953e-21
6.755377751502209e-14
1.8011126696341728e-06
8.748665444006268e-31
5.053569596447156e-30
1.2351099612231399e-22
4.607572958724805e-18
9.570476200314865e-11
1.7156994295467172e-20
1.9662443189148174e-16
8.452596790323936e-25
1.0913466022882114e-25
2.1695011299469635e-13
6.809522624148801e-28
8.982624870424389e-16
4.574642738170768e-18
1.2437588864517454e-27
1.0806908431637131e-12
3.3480891967422744e-18
9.966639433673414e-41
5.144368738201747e-22
1.9678796610330152e-24
1.0624592355816873e-22
1.0127017136421592e-19
1.650098793645152e-07
1.4109047951198805e-24
8.64871984083767e-25
5.020316157155643e-18
2.731135275026577e-14
8.554651665239305e-18
5.518156859035252e-17
1.801338310280533e-16
1.630515605318891e-11
1.4495121595094895e-23
3.3068278071807587e-08
3.251324552405124e-20
6.175291234168611e-31
1.3070939179559488e-15
1.0314507200634334e-06
4.896025826727774e-07
9.12612631420845e-16
1.0278277748198827e-23
4.0212908673558327e-19
6.190344870461302e-26
1.6199309234422628e-21
2.504456574163225e-22
3.8578706929573235e-14
2.4867535516380764e-08
1.6835796956048898e-25
3.822136818118256e-09
5.173961388363101e-20
1.7526040689347218e-16
1.3343274057345614e-17
1.5494118242588305e-09
2.9290153875786137e-14
2.488034970031884e-18
3.786196189423934e-09
1.272394127550686e-07
6.752685835809876e-09
1.4248142669814289e-19
3.655488704371255e-10
6.847283294243301e-30
1.0687414511566073e-17
2.431051186650616e-16
4.459156138650472e-24
9.196203908473778e-22
5.9894723546457e-33
8.585658566383832e-10
7.51602613393076e-14
5.25205625092343e-12
9.640501691338185e-13
3.33144829779652e-13
4.35471996215641e-06
4.747375644957337e-15
2.114725727704858e-17
2.9478589337476895e-16
2.014479321053559e-38
6.257772520330178e-11
1.8049369501495957e-14
4.177943092634298e-27
4.567412920737564e-16
2.6140624218415898e-24
1.874347129595273e-15
1.95574033785996e-06
3.94339463516661e-15
7.696199126738195e-17
3.9706438012513113e-16
8.499922320067008e-32
1.898124236715597e-17
6.97920446949971e-06
2.3302389162075313e-09
4.0107687013761313e-25
1.0331203359436944e-16
3.5652289998974253e-16
1.4711030944773043e-15
6.384936331523316e-19
5.3743123045225824e-14
6.3174834415228e-11
2.2069671254678547e-24
3.2261540154675236e-07
3.9651618814839195e-15
3.3064373932093063e-09
1.0817160821796126e-25
9.87767471046087e-16
8.879583154969562e-14
2.634871367721383e-12
3.672252113527138e-16
5.975665107579012e-20
9.935447193380732e-22
1.0881625687890645e-20
1.2894158487789052e-15
4.8393853813448863e-14
7.928788342305431e-19
2.28717007926043e-22
6.647451395149734e-20
7.02425476370194e-11
2.3635211365900573e-19
1.3030202299608928e-07
7.940724466778997e-22
1.1133373939608716e-08
3.274381550587329e-15
1.113502481300645e-25
3.5524898977440357e-13
2.4867564340650152e-20
4.177447709687083e-11
5.283225322460505e-10
3.814602636694816e-49
5.60387281674818e-13
1.8537316553568736e-22
2.2049884187594534e-13
2.3759539781407245e-31
6.916809647234083e-24
1.66544542713145e-12
1.152724840159459e-38
2.8827177248322194e-17
7.227924442261441e-15
1.0463519561329083e-12
3.0129332078693505e-17
6.022420888131542e-15
5.145604275031034e-30
2.42790912581126e-15
5.0097102602788304e-05
2.6975960264511438e-20
2.2025288275304804e-06
2.4569637306384937e-16
9.018471274277448e-25
2.850092795460116e-16
2.707584760520831e-18
6.160340135296555e-12
1.8888972813981047e-28
6.818103650131798e-22
2.886994661907338e-11
1.864634323953672e-15
4.383446736321727e-10
1.2843426281574808e-10
1.956432160925198e-07
2.4049968215038303e-16
4.25437346759551e-18
2.019451171114717e-18
1.2393406888012796e-20
3.663166926988317e-19
4.0888259134591906e-13
1.501890301040542e-19
2.2720528443414783e-14
5.204821143697366e-18
6.406126016237434e-07
2.519841886981241e-36
3.851824623292158e-15
4.3517209427242005e-11
4.593265232455579e-17
6.384359420110286e-14
5.550101920978108e-14
2.905806357315242e-21
1.1691864543954651e-15
2.1815302004611634e-21
2.905268016778564e-17
1.5023767188494292e-24
6.655966998095676e-09
2.4686914145302826e-16
3.261105497582076e-20
5.56051657332885e-06
2.9225361201121384e-22
4.92458965286454e-24
1.7988489082132778e-22
5.269972783652569e-11
4.815055256583625e-18
1.3307837143737205e-11
7.486572348149459e-15
7.105104077782161e-07
1.6530444504982868e-12
4.7897988619666634e-15
4.2139517704992757e-14
4.568095072397495e-12
1.8088047027121998e-29
1.7761796040386056e-18
1.118977673330194e-16
6.54324483090655e-10
8.507827714504712e-19
6.954159049922244e-10
2.6597305273969644e-17
2.1750057081792656e-16
6.613102912370278e-16
1.1207302358151664e-18
2.252797030219603e-23
2.0136692068604904e-19
2.537521450723792e-17
5.717896494944976e-17
4.538369385718264e-21
1.7819374953782933e-13
1.2730572704443568e-32
2.0992793599152247e-16
5.924559130491773e-14
9.351682930807275e-16
2.2655230760202113e-13
3.9335705586361525e-14
3.218823606322166e-13
3.1605137929962028e-12
1.5664220557718754e-19
1.211681783441494e-19
2.143957679866267e-16
2.438688015693912e-14
5.026679179021547e-22
5.1554247049077597e-14
6.694526604905927e-14
4.6157809062638075e-12
5.496887808213624e-18
8.095445944988156e-08
1.569562547140237e-22
4.2391558144550855e-21
1.8411991298947163e-07
1.2521490170988751e-12
6.094908252996798e-24
5.844181811227305e-19
2.9632008300401292e-27
3.0215577078231226e-13
7.36315969033953e-16
2.3590418134830825e-13
2.815600679434344e-32
1.149882670546244e-19
4.479807586235383e-18
4.246872244650667e-26
1.4231010722548252e-17
2.3387310721253656e-20
3.588810357303671e-22
1.6786115214095292e-10
6.839797371376464e-17
9.151608914364127e-11
4.673444555012408e-18
5.501263698270461e-21
1.0915259546711771e-14
3.809205794344961e-18
1.370254460581584e-23
1.8783165505152118e-18
7.021461134130092e-16
1.257721477098432e-18
3.593223667620831e-18
1.983791111704757e-11
1.1231575376749625e-13
3.876454324350263e-47
8.23231628250463e-14
1.5766700710530047e-15
4.325104707558388e-24
7.39417063961411e-12
2.6100323355237216e-08
1.423139057939859e-13
1.5716551568614318e-14
1.55063543358614e-26
4.218261307766434e-26
1.5197976648296567e-11
1.1387569965893594e-12
4.242150420032393e-10
2.6767895425645293e-23
3.921281527578333e-20
3.131603873911065e-05
7.566996737382023e-18
2.454946220753931e-16
5.303298381417744e-15
1.0669655164425608e-16
4.3270123817765196e-16
1.4473894378795477e-17
1.9665606881069425e-17
6.141920945932814e-17
1.0170763652421692e-16
5.641576116329443e-15
9.943619238829523e-15
7.661793978095035e-20
2.2680984185281225e-14
1.7854610848565737e-16
2.390076388206013e-20
9.803987792590024e-16
3.4762805186398147e-13
5.4919454990729553e-17
1.2302399422025162e-13
3.673212529816229e-29
6.990975994051883e-23
3.873085310922298e-21
1.8722490304380494e-11
1.0769413488515424e-25
1.3739830407952932e-31
4.670497423142096e-19
5.628609670193995e-06
5.820585440659611e-18
5.226837637981631e-23
3.910225675744834e-15
9.445503753149355e-14
1.4133742491842075e-20
1.0750834294674327e-11
5.922443637369552e-13
8.578491007331421e-14
1.4253360952784623e-19
1.4659837269412534e-20
3.338321395034022e-17
7.483079146618808e-16
1.0966802087238475e-20
7.411340580634918e-35
7.705931172140161e-23
1.41025444992081e-20
6.648229194879916e-66
1.711105162888948e-16
1.7305525387464953e-16
2.3143031985935407e-10
1.4685691162204743e-25
4.357493098294486e-24
3.5789321693462347e-19
3.083544846313051e-10
3.5857305312808565e-14
4.0418972698597555e-14
1.0441400775159216e-09
1.5235021273749454e-18
1.5832428186122442e-13
7.155965367934279e-11
6.0321561853958085e-21
1.6669026860271053e-19
4.949450021454949e-15
6.694475447193003e-14
8.870731160426806e-26
1.1793736093133749e-15
5.740809854026383e-28
2.8804362018205184e-23
6.265812050162125e-12
9.354991666905672e-20
1.3072475321547193e-18
5.407142342336113e-25
5.946578167437947e-12
7.539382203513544e-17
1.5416140766863313e-10
1.6180420715155847e-25
2.5907706597993844e-31
8.016460606214276e-11
2.5387727981151778e-12
7.639938564592353e-11
6.723314636443425e-19
2.924600268521745e-29
5.207982636878055e-16
2.729729214081939e-20
1.3536505760302098e-18
2.4198517537879887e-16
6.897876125134974e-19
1.1199180059742195e-18
2.814707069112398e-14
1.9650182356684235e-26
1.3692694318717655e-14
2.838736271375448e-14
5.52506538081567e-21
2.215983388831202e-13
3.6858497465254346e-14
1.3390293372737016e-17
2.6719144617044818e-24
5.5402702604069376e-17
6.96113545693287e-16
8.0108197689717e-21
4.794787994531976e-12
8.070135802357776e-23
1.577460466645079e-12
2.168170625424245e-16
2.3048545374969445e-18
3.9222616923233413e-16
9.134566657339539e-20
2.1435942202855622e-35
4.0152053987971356e-08
9.999763837893342e-16
4.779397444917647e-16
1.1028571969905728e-15
7.66332944301284e-14
4.1023871025885727e-13
5.258811460067357e-18
8.0971585293787e-13
6.062990082734227e-18
1.0384132273859817e-19
6.2332965696200556e-18
6.130592968956407e-13
9.203607739336252e-23
7.172322311687808e-18
1.1645923546751584e-21
1.631226526408435e-21
2.819499395862585e-10
5.3985895672014705e-21
1.0203179811773959e-18
1.2501170729446871e-11
8.933570482472272e-19
