8.235219312970141e-13
2.1457731147369754e-06
2.7007535028012024e-14
4.715596488675428e-15
2.1915712302851308e-11
1.1391751636652945e-11
1.6546202704315165e-16
1.0251571329002155e-11
1.870927454479823e-07
1.773813863187092e-07
1.4293959181927276e-15
0.01161686696136346
0.000620029576588633
8.218844121172812e-10
7.519257436194279e-07
7.47552526938722e-09
3.9077917400380955e-05
8.121157533359493e-06
8.83492310423784e-11
2.0823911831545866e-11
0.00022232281465582617
5.281183877162396e-08
4.919760176527211e-08
2.5190773995805646e-08
1.101514705678268e-08
1.4789572339396707e-17
6.330071020382405e-11
2.1444370542443885e-12
1.6701527923835247e-16
4.3052718294487185e-09
3.7106452952044296e-13
1.5094756828617745e-06
1.4346802501076684e-09
3.827203331889569e-12
5.063206305120133e-09
3.9652606804177445e-18
9.929014841884336e-14
1.2393929661295688e-06
5.234471710947489e-12
1.4668331688086095e-14
8.338027860502063e-06
4.332660572006627e-09
9.762569668752704e-14
7.260589127859234e-11
1.4981269189081594e-13
1.7748309920027847e-05
5.507522845786117e-17
1.4407440396837405e-12
3.004272271807583e-09
4.376443178452833e-06
3.2672230020012876e-11
1.6728821270080942e-09
0.00027962910762464605
5.133248875116234e-10
2.711078783158003e-16
7.228266875553643e-26
1.418339235849056e-11
2.1512763903188684e-16
1.9148181673903052e-10
1.5559222029272094e-12
2.2310041912898264e-14
1.1213653573195741e-07
5.941148029982514e-10
1.3363295064422922e-10
1.0805525971429591e-12
3.218141891330572e-08
1.470109466339416e-13
1.4611533667181082e-08
2.937988412699924e-11
7.282029441735352e-14
3.7026884400093672e-09
3.820571395539378e-10
1.0449029369098806e-07
1.0431148413322602e-10
4.071995146885605e-12
8.13509206508361e-07
3.9502293030013436e-07
4.632626087030718e-14
1.844048586270949e-07
6.275532271674113e-08
2.7901171429712336e-07
2.6498651124866196e-14
2.0405053157965176e-10
0.00019058640538100895
4.4308984105935317e-11
4.8633647674922596e-08
5.601061260529987e-13
5.202095035171895e-06
7.232625802101067e-10
2.4910268013126546e-15
1.830088250061121e-12
5.43063858501147e-07
2.62716604555619e-08
6.574663458593984e-13
3.1550497306801225e-18
1.8170046256460893e-16
4.895649746561108e-15
1.1557515486230296e-09
1.0995297570520985e-06
7.37178436064788e-10
1.5306715530637417e-10
2.0698769575998846e-07
4.712017795875869e-11
6.061765829917919e-11
7.658027851136202e-07
3.0442681820423916e-14
5.741056797204403e-17
3.498980156891581e-16
3.9048829010630035e-08
1.8566260385900472e-14
0.0005142868201713888
2.504198413075575e-13
6.139887961956109e-11
4.0233002578241086e-10
1.2446704074913334e-09
3.7689197471911726e-07
3.9840165195276783e-07
4.859974851962445e-12
4.091550081768744e-11
6.355935397650803e-21
1.9967072598570654e-10
2.8824245709166717e-15
6.315151914051469e-08
2.022887556924054e-08
1.0224078668847005e-15
8.33029030223772e-10
1.4644686277858137e-07
9.14467052114127e-12
6.441555777552405e-10
1.3650136690592102e-07
5.151125741082527e-13
3.57711757749903e-05
1.3603145013201768e-07
2.800895723173959e-10
8.7937074397127e-09
3.160725344967108e-10
0.00023633814669446183
9.320677872593125e-07
3.9615719308086927e-11
1.3272747380628724e-07
5.923333860368896e-09
2.656608350839577e-17
8.09614493252554e-16
4.1137318097505016e-10
8.751925929115499e-11
9.604734977896152e-10
4.980414143669004e-05
1.370389723355585e-11
3.079880207078289e-08
4.808210369858615e-07
4.701177261676324e-09
1.3724633757783776e-10
3.1601362808371774e-19
2.1139049195812718e-19
3.637620410648801e-15
1.9148236132854701e-07
3.856283061958691e-07
4.68444209472906e-13
0.00010166899344874608
9.577840367775816e-10
4.60467098291497e-11
2.8949388012412204e-12
3.7338885241740484e-11
3.606402135702698e-16
8.243842807128e-21
2.769441044750496e-06
1.6678530271302787e-07
4.0869538331510965e-05
3.0981781881407106e-12
0.00010620353655691352
1.794308241927246e-06
5.286849779959699e-12
4.745711437433195e-13
4.75190979675661e-16
7.939475650310655e-08
9.992543103667104e-11
3.083847887888388e-11
1.0519878887736919e-08
4.0355759175463266e-09
1.6737453594100953e-12
7.029686886763566e-08
3.5472409014697975e-07
2.2649679248207246e-06
6.570918129299049e-16
1.7778948254892707e-05
1.266599912212236e-10
2.330286871761032e-10
4.932093343538377e-22
7.295443843078469e-19
1.4557205553631795e-14
1.6336489222136925e-11
6.380112876022869e-19
6.042018906973619e-16
5.5198782302130585e-12
4.6868842237018296e-11
9.70152196851303e-11
3.0867190585049707e-16
1.564692898631811e-06
7.060810647215814e-14
1.8328288234699677e-08
6.579681594972417e-07
6.67360066988267e-12
1.2187008044807027e-09
1.498026569024652e-07
6.415750151058834e-15
1.600012783271452e-16
1.4011005601488422e-17
2.764078617048184e-14
2.219061524494204e-09
8.723092991275395e-21
1.014327616820749e-13
1.0477159403479631e-14
1.0755648061141663e-05
6.526849787588245e-05
6.90430996613227e-11
7.630783209017066e-08
3.231492942683208e-11
5.975303952106644e-11
6.138752579398573e-11
4.051107585208991e-09
1.38650454787948e-13
7.1311129769419505e-06
1.2400030757966808e-07
6.030832253109229e-11
7.419748906039751e-14
1.6821914521744528e-12
1.2681523682576817e-10
4.606664178336006e-07
5.0385583654779346e-08
1.280138532039876e-12
1.944337211186412e-11
2.3400477498548327e-07
6.98745907854628e-07
1.2024332694766013e-10
2.8686213715577735e-09
2.732551191931783e-07
6.137675977699139e-08
3.4283401819517143e-12
3.884628234824806e-09
6.774426652077599e-11
2.859041929068352e-12
3.858675742730555e-08
9.068970744336216e-07
2.554988121409482e-18
1.3831297409405295e-06
2.2329055664669903e-06
1.518228194893244e-08
4.0028016990727576e-14
1.062901830538529e-06
1.0496450368418135e-09
1.6947290966037386e-11
1.409191623511627e-23
3.005267078052213e-28
4.70430628312124e-14
1.7714399206297582e-13
1.4390606467620984e-07
3.5708473850051236e-19
3.037966408108758e-22
7.192186435812047e-07
4.572705053353498e-16
5.587416681744491e-18
3.7986061236072346e-16
6.050639548701317e-07
1.803745870384482e-13
5.8859114515251655e-12
2.4776665748407706e-28
4.1878055266684076e-07
2.6383969229497447e-07
5.6682485811787717e-11
2.8269476783525477e-12
3.6930724489806785e-33
5.071137762538194e-13
1.3273635748846309e-11
8.95898248117731e-06
5.913108861194038e-12
2.7168505084809204e-15
1.2936629425432345e-06
1.6763252322216955e-11
0.0002685461645265453
3.2982395280292375e-15
6.58354971410712e-13
9.42851703790848e-12
1.7889249709069477e-07
3.021190237353653e-17
1.0871196878085005e-07
2.2227186937152314e-10
2.649404860954098e-06
3.078008367287581e-11
1.5929118983707636e-09
6.332153985064498e-12
1.7362692235778347e-05
1.1840035519593005e-09
1.7151861651995308e-15
1.41245726251838e-06
6.617572387646363e-27
4.0853030305700765e-07
2.312402998094426e-08
1.6182574574863424e-17
7.367902880007153e-26
5.244734403624748e-17
1.698171947094418e-10
7.995204458069315e-10
1.9904060860606364e-06
1.7943484178075085e-09
1.480930440055789e-07
1.486244029759684e-09
7.54917778269515e-14
1.956209268177292e-09
4.476428915345231e-07
3.455033663392214e-10
5.3441647965400754e-14
2.7034820882854903e-14
2.46770754830511e-13
1.1893831975211857e-10
9.774709330432479e-07
2.097729378446456e-25
3.3028799623463875e-09
6.438707958432895e-21
1.866955295301032e-21
2.8696023422844405e-14
2.7388407115376537e-06
1.2939498499904008e-06
6.419015329992805e-20
2.916963238901234e-10
2.044399665877469e-13
1.2627376702404351e-08
7.746200261253992e-17
4.2530053453885e-05
5.661973293195642e-06
7.101504240367206e-17
1.2753128945896978e-10
1.7579790473627044e-08
4.551274380244466e-06
2.337635895941647e-16
2.158566645305199e-09
1.5950133707434142e-14
2.6325507693181087e-11
8.214754981024667e-11
1.36802992876835e-07
1.2169430998849238e-13
9.185020533097651e-09
2.0390406434220052e-09
1.1024371300982205e-05
4.809353552012993e-09
2.2827533973948982e-10
1.9035805085070253e-12
3.8222075765833734e-07
2.777354316326561e-13
6.333843252538233e-05
1.3779443168478503e-06
1.580166483353963e-19
9.409463437674919e-37
2.5648038563622838e-08
8.195693226026061e-16
8.42991279210713e-11
1.789012721671254e-09
3.268607254919265e-08
4.0376153289014984e-07
1.9528228509198483e-13
1.6505839324530612e-11
4.3035925473949006e-05
5.408589192915866e-09
1.0515589545740415e-11
1.865869187420382e-08
2.4867199314417687e-13
1.7725702769370806e-08
2.0933820377717397e-07
3.063520923377589e-11
1.6459656653642583e-10
9.231254687736095e-05
4.966168639974537e-05
6.947901015111628e-21
6.005976888829971e-10
8.701944501343678e-06
8.226311615715985e-09
1.071556390154649e-06
0.0001705583045715542
1.2591748850528077e-07
1.0285562796748759e-10
8.770823275650143e-09
0.012118999412450801
3.507153263927315e-41
6.649179687041041e-07
1.1260614625212419e-08
7.731748522845438e-09
2.2752774585551996e-12
1.026908652692221e-09
2.1648837365815297e-13
3.0673265692967423e-06
4.151922068678427e-13
7.633666333204152e-19
5.628112347241479e-10
1.0445041183334633e-05
1.4781642981776541e-08
4.861672036381019e-12
3.004319613731776e-10
1.8390767232003646e-17
1.1216783204505887e-08
2.283836972448185e-07
3.6837063317666856e-09
1.5832461731291653e-09
4.591935667962509e-07
9.228838227374607e-05
9.74020372581961e-09
2.0130346794320836e-16
3.872974730516193e-12
3.371289886305188e-15
3.857581861736056e-10
6.560366518101812e-12
8.183171547604077e-14
1.1563703906864446e-08
1.4223622550056586e-21
5.824826635201207e-15
5.184187105576337e-19
2.4669636448262585e-10
8.87369891260095e-11
6.981130837023126e-13
1.885911430565185e-05
8.891936278420319e-10
1.5578857882102932e-12
4.440673478279019e-08
5.559109813176185e-13
3.300569171569391e-17
1.0474731070230007e-15
3.2746780271173476e-11
2.724418794173461e-13
7.435780095912896e-15
3.634841994705176e-11
5.495147804093524e-13
2.974257713318425e-11
3.800475463315991e-12
3.9517579931388424e-14
1.580936873591387e-07
1.64192917800129e-13
1.2259620310859243e-06
3.7345074970720626e-19
3.364539710491147e-12
8.860128015520406e-28
5.727829827102432e-09
4.562643545536953e-06
9.737990600853597e-09
1.0737089266695577e-08
1.8948581140483778e-11
4.859439681041578e-05
2.2694346608208675e-07
4.862069303522009e-13
1.43116748810042e-05
4.047035698343936e-06
2.644163229123996e-09
2.2577693636047954e-14
3.5979189996823507e-09
4.42104181492721e-15
1.6645546933661624e-11
8.346724829601153e-07
5.8013680420716645e-12
1.5128124585213917e-05
6.725986062038399e-06
1.543044788007543e-10
1.279300198276463e-10
1.08555719641287e-31
8.290522410349506e-06
7.388214964846084e-06
1.0815052604074779e-08
9.878535952927398e-11
2.1116448416837803e-18
1.2225166634845234e-07
4.515560272750816e-12
3.328888973834129e-13
1.4200337892286776e-20
5.213601694345934e-16
2.573685031876463e-15
2.179240584093761e-16
9.263088323299686e-14
1.4041944882159206e-09
1.9937905460415616e-07
6.714602451185595e-17
1.585249526262701e-14
4.344336089311431e-09
5.370315558190745e-12
7.07683882650783e-14
1.103794265667886e-40
5.349915317350628e-11
1.7168275748004814e-14
9.323468630503007e-05
3.1072306148825654e-14
1.0692284957562419e-09
7.311630851202471e-34
8.739550206589393e-12
6.848158470844299e-15
2.6804832414840702e-08
5.005137739851886e-09
1.4385112077811685e-11
8.751215460637353e-21
7.963645817974996e-11
0.0007107805717290993
5.929455923201362e-09
2.744750116167223e-09
3.9051095373480494e-08
4.244443358598137e-13
1.8088583344028985e-09
1.1552235220575337e-05
1.9001673130427447e-14
8.437053128513672e-08
7.780357091724864e-11
4.3944615039576965e-14
2.3392267161545258e-08
2.7920278136415166e-12
7.240641687563835e-11
6.737791993712977e-15
1.2630562350883362e-11
6.932258015343703e-24
4.941346632410928e-32
1.8028995191451288e-11
6.419436676960593e-08
1.0330416130164761e-13
2.649726546747282e-09
1.6987179901247433e-08
5.5221121826597635e-14
1.4501232527959134e-09
9.500313974080504e-08
7.5947274497267e-06
3.186383688823639e-08
7.472289586964472e-11
5.912641620848759e-09
1.1074311888816906e-15
1.821756717302287e-11
2.523291337601509e-12
1.7920443577257334e-05
5.879004752293681e-10
1.8697557505147895e-20
4.525725408231209e-15
2.4991282866604576e-07
6.546543975649135e-05
1.155719796762115e-06
1.4732038195623883e-09
8.352344202091822e-10
1.444957452482652e-13
1.3120181981453213e-18
4.448054237041316e-10
3.13095258679102e-14
1.5725116440329518e-09
2.4273393144217924e-10
1.4177114043477642e-09
1.9129180748436195e-07
3.86366884221407e-13
1.404460890459297e-12
0.00011214595199402605
3.5717416761620688e-06
4.553697963585417e-06
1.4224622602618204e-22
5.941110388067442e-09
3.853929527788232e-16
3.717330922929979e-17
2.4242254096686833e-07
5.4467213758890804e-08
0.00013504181875218465
4.49778098594086e-15
1.0414906736642585e-06
8.000339333787734e-24
6.6766466401847765e-09
2.2582387480439444e-12
5.772304997175382e-23
5.472174801390861e-32
1.2408604419127835e-14
1.1183564860320491e-10
3.2131314240293526e-21
2.466779331233476e-17
4.3758786181866406e-16
2.359751472808611e-12
3.973019492654621e-10
6.106763389596093e-08
3.1470917905330365e-13
5.599996541334715e-08
1.6138653960859543e-08
8.738334184457798e-13
5.7180398030660845e-06
7.076799086476507e-13
2.4430170775825267e-12
1.8867929833816875e-08
3.1364941363888035e-14
2.1581058957578337e-15
1.2840763277099676e-08
3.205459617876437e-10
4.05105247386991e-16
9.688220530856597e-14
1.5420005462611455e-07
6.909118728519378e-11
1.00164638365967e-06
9.002254417024809e-13
6.206526825122517e-10
1.0002213232496789e-07
9.371181235163858e-09
1.4422441800683952e-07
6.587331859588791e-09
2.068855642341548e-24
6.428906212022999e-10
2.2540318045336755e-14
2.330229049448031e-07
1.1540799293235792e-14
1.1105883355256377e-08
7.209025568176677e-16
4.960824046321497e-13
1.0852191156689e-18
9.803701176084375e-10
4.3046769393510433e-35
4.9210323789537965e-05
1.653209072742818e-14
0.00083777709116438
1.143372911843526e-45
3.3609731993468825e-12
2.1716745886918267e-07
3.06504187511073e-14
2.148430848086765e-09
6.338786632058606e-33
1.4498758853825688e-12
5.57970373219003e-14
1.355472858010031e-10
1.0196078280581308e-13
7.358869648846486e-10
3.6605518524297383e-06
3.2841704718811803e-10
5.4089007245099615e-14
3.2085196706338687e-15
8.210642285436476e-08
1.5792581100109274e-10
1.4251796080790276e-06
1.0479493923785357e-07
6.279337001708922e-16
4.3419891361142795e-14
1.322233039266004e-23
5.173148749689495e-14
2.201924958010369e-10
2.940104646801368e-05
1.3034510523014086e-10
1.1824149278196875e-06
6.591134377694116e-14
2.7938990784668647e-15
8.561790545191245e-17
3.959606602904004e-08
5.197646665213483e-08
9.724467328266814e-14
1.655583621100309e-11
6.085954911380753e-14
5.530288676001592e-30
2.1124278374173066e-09
1.393720852439102e-07
2.247980291168834e-14
3.8987992235563033e-22
1.613531665101753e-05
5.428876436449123e-18
9.796021766370148e-09
3.7682809523922434e-11
3.733172764068597e-12
3.8917986570634864e-07
1.409453854684533e-10
4.946034259003518e-08
1.7023665097857606e-09
2.4702993313583943e-08
1.5146592957558033e-10
1.5587543017456884e-16
1.9339097784063036e-09
1.4630825588282631e-15
8.807207355731152e-15
7.391156761002403e-13
4.080614356953927e-11
2.805646646655795e-13
5.368632901264769e-12
3.3343647526162138e-09
7.181053472759906e-07
1.4489908422403763e-10
4.2723323167236185e-11
2.4030325321476646e-10
2.7662007884258366e-09
4.536226536354488e-10
3.319931746221184e-14
1.3294729435689346e-06
7.297978863543759e-14
5.71789101760959e-15
3.775029527711341e-12
5.812157260296103e-06
1.3327701593317065e-08
1.089546623372465e-10
2.6964002950013077e-10
8.577352254675659e-24
6.376374829414694e-09
4.378767757365051e-27
4.16080167193239e-12
0.00011569536286751773
1.9515397137865227e-16
1.8359798155472962e-09
5.071079886724274e-10
2.942112330249177e-09
5.1482127456163134e-11
1.7534293959969034e-12
1.412979169674848e-08
1.775218759112983e-14
7.419293358308029e-12
0.00012090371548632109
3.6016398972780916e-16
4.17246896873934e-07
5.471177043979715e-16
3.4452243055767926e-08
2.7928695502393126e-19
1.32112904503384e-08
6.492538057861701e-11
1.3008904175208363e-17
2.805047650740174e-08
6.727484479288652e-05
5.291880487641815e-05
1.3900014930318123e-09
5.248725266901668e-09
7.567109060086359e-10
4.456108337404677e-11
1.364085493031298e-10
9.507909062723275e-12
8.700014224686098e-10
8.855720741603873e-06
2.0043084538733045e-11
7.120335872653138e-15
1.3604843585896223e-14
0.0003784414447819058
3.2640781881292447e-12
1.3550821864429405e-11
1.5315576085598595e-15
1.719247392556156e-07
4.161746080269925e-06
3.689535458420018e-08
1.729634710211126e-14
5.4362717239083865e-24
2.6308782707662007e-07
2.7795845512877964e-05
1.0471767443446743e-12
2.6782927156398346e-17
6.909030823028777e-17
5.763835159474701e-10
3.608194608150525e-17
2.867502214942072e-10
3.6392152829414327e-14
8.477868103114312e-12
4.021999555374098e-09
2.3689093454497527e-09
7.271242812721449e-27
2.356704694533896e-07
2.3198251802176272e-16
2.476069558680644e-09
5.29518064789719e-07
4.53683218893092e-21
0.009637117372237158
4.4781513400084637e-07
3.88502547123576e-08
7.533785238297728e-16
2.664886905626289e-07
4.236470630923042e-10
4.78919553106043e-07
1.60261071913451e-15
1.061736232265635e-15
1.613191740467095e-08
1.3329667718213857e-29
2.3315826896269275e-13
1.0955740197475928e-06
1.1329473418330922e-07
4.097391355363244e-20
6.609762613924986e-07
3.261987072164329e-05
1.3387752924965283e-13
6.677942600980771e-14
1.8332989075922252e-08
2.4108604574659668e-11
2.1869293619018856e-14
5.63375267911846e-15
4.089556693407471e-18
7.233964611328414e-19
4.629887059574667e-10
7.366799297676067e-08
1.4988543806262391e-09
6.963115224222526e-08
2.734523787327004e-10
7.356810753007401e-21
2.359496519886779e-08
2.7579023660627963e-06
6.39096242880319e-11
6.642183002485072e-05
4.62540649848879e-16
3.0851209723948467e-20
1.9492027395342747e-08
1.8176034391713991e-07
1.9764715857482848e-06
2.1056945082478072e-12
3.3485042573027545e-12
8.137672697884788e-21
1.6753371352561472e-06
3.622909573482756e-16
1.562842200922969e-11
7.317139406143965e-14
1.0993824898149927e-10
2.0747926931748602e-11
4.717994338770769e-10
1.2970483933395643e-07
5.04243726678213e-07
4.818194966725175e-13
5.787859737662185e-09
1.8528020494107958e-10
2.1453687281222425e-09
1.1586230630429739e-07
1.0454401247524821e-07
5.519675053710604e-16
8.233774669727964e-08
3.4926132758082824e-05
6.428216934701866e-07
3.520431166603218e-13
2.505835421484004e-07
6.169446922236518e-17
1.0982194011907528e-13
2.6734921993315296e-09
1.240498135090125e-07
4.522751851873748e-11
1.9582027669201667e-19
6.430623026399612e-11
7.254230775359124e-11
1.9255199764775707e-11
6.38882635611877e-12
1.3564985684353123e-21
7.244250623483197e-08
6.690675718661192e-10
7.981064357144124e-17
4.563684919604437e-15
3.969938981058609e-06
7.349942806837266e-08
8.369142489310211e-06
1.327427022844689e-13
5.433852169380856e-36
8.226088459438152e-09
6.594128703078126e-14
7.569427441973686e-16
9.296849838832947e-11
5.4921475032628825e-12
1.3821065821533167e-10
4.1403485229793874e-08
1.063959628548663e-08
6.671557702381634e-10
7.759083543177047e-09
1.0509049310328777e-10
5.608269952980702e-16
1.7238814187960485e-08
1.1288726543952456e-09
8.134116314986137e-08
2.05653000958806e-09
2.6264311187154175e-09
1.0899111907648196e-06
7.181972379564333e-10
5.455008275895169e-13
0.0002197477250140386
1.2431351511178219e-29
1.0819994523985966e-11
3.832344167972325e-10
2.1648270674194436e-07
4.4865133920899605e-15
6.104437898595097e-16
6.145760349564623e-11
1.6983889254282903e-12
2.539002202203406e-10
1.5747483640229603e-10
8.882115788081696e-18
8.791278112149829e-08
1.069251795913074e-13
0.00029177665177172073
3.775687357653071e-13
1.1134308609996161e-10
1.3152275441603136e-06
1.4529674847500536e-09
3.9079569003877065e-31
1.704481127241241e-11
6.75353491310762e-09
1.9400872786859934e-10
1.3227126106216552e-12
7.580648638323973e-10
1.4512007385595306e-15
7.631238143671818e-11
1.2925825108782127e-07
4.654834965145537e-12
1.1459939473556462e-09
2.450408144246627e-08
9.851630401262438e-11
6.625343357302016e-07
6.377639347748278e-08
9.298034603270748e-16
6.180964773956756e-06
2.283836972448185e-07
2.589007261933033e-17
5.282748475511817e-09
1.4161313846628948e-15
5.653154104583926e-09
4.577655704393744e-24
1.666734419274477e-12
3.708652551040747e-06
8.028241080193064e-21
7.851414146391011e-18
1.0230567072275825e-10
5.5991183032050096e-08
4.589547054451251e-13
1.0294557795067929e-20
1.2952829542634928e-06
4.012841916111477e-09
1.9270896181422938e-11
4.4886450670498397e-13
2.3393760647268506e-25
2.1238638188663114e-06
4.2544329635704077e-07
4.726561815491945e-10
7.3590385407971e-11
7.451028950378272e-13
1.3032811876954733e-06
4.116313165598656e-24
3.052061529915558e-08
1.312122953065825e-16
4.595423939582578e-07
0.000737927724813781
4.588260404652976e-14
1.7259364278690133e-09
3.0442960477094607e-09
8.207313322338314e-10
4.0777972614727757e-11
3.53564232376169e-17
1.1684836723876926e-19
1.6348353843584147e-05
1.0297626258997527e-09
8.015626873252912e-12
0.00010800028237318742
7.62505399407392e-12
3.088448491853538e-07
1.063743461401662e-05
1.5672832404230708e-07
6.093749555349552e-16
6.402947333824631e-14
1.8139762440262026e-09
1.8823247344830392e-07
1.3133414632966313e-14
6.012111413415148e-06
6.836588570577201e-13
2.4923245023815336e-17
2.4028235478275414e-08
4.846435352252249e-14
4.166170177264606e-09
5.7863214491361836e-11
1.6466956513618938e-18
1.182318349992429e-08
3.338122669894769e-16
1.8536923309560543e-13
6.054087386154785e-07
1.7552660563916724e-16
9.565679791283868e-23
4.4324200779645336e-12
2.8508245253085697e-10
2.9598896882121563e-11
1.7314255467410618e-08
6.818289905030496e-07
1.842816999476883e-11
8.782780465816733e-13
9.140194295154413e-09
3.196422465985233e-08
1.5499270309715544e-17
2.6678499749847265e-08
7.842168035048167e-13
5.230158619562597e-07
8.643519233227333e-05
3.9314082085324264e-11
0.006677089843872774
7.63264981847489e-07
1.677107242651699e-13
1.1412297002800567e-31
6.381233626775433e-08
3.6629097123174873e-13
1.0908801309072915e-07
3.6209241692025757e-09
1.6107296408759265e-13
1.9675524994525614e-08
3.6376859220713734e-10
3.7975711317449377e-10
3.4336427492466575e-23
4.5382925089018394e-08
3.564939300376035e-12
8.388078390863825e-11
1.2847822445460778e-07
5.032556086556224e-12
2.984046850555112e-13
5.625264573771308e-13
3.221202472182679e-09
4.966806164089045e-05
0.008506957533099966
1.4059057053283481e-08
2.0523941811639105e-10
2.370241264082413e-07
2.3152430486209564e-11
1.490823037781773e-13
1.7149889699808893e-32
2.5744141434971335e-12
5.589924198537495e-23
2.1482550959628376e-07
2.1264368148344812e-14
2.387929756578156e-17
8.912215257003174e-07
2.474413221774238e-08
3.248692902052242e-05
2.3679773064492393e-06
2.3940516015542894e-09
9.030338049250141e-13
7.837697582662252e-10
5.472334039649221e-14
2.0164133691416228e-14
1.1775883771494439e-12
4.4573987917131506e-07
4.918015715639462e-13
1.4044675567192441e-13
6.473940795876313e-12
6.695281091086093e-08
1.3072157272507411e-17
6.029583207185489e-09
2.415191572517386e-08
1.5721565727572984e-11
2.2800654579344097e-40
5.388355980547291e-09
1.7812266107225537e-09
1.5390445678697324e-10
5.433699272159703e-15
6.125375322689275e-06
1.5127335636085404e-12
1.1025341921284e-07
1.3770233715628359e-08
1.3221988168613305e-07
3.024789318425894e-07
2.458919612415315e-12
2.125621357663586e-08
1.3581799458517091e-05
1.2265447060400215e-22
1.1300980959346089e-11
4.7981111210745015e-09
7.456479801396863e-29
3.614806467311929e-24
2.873261752068591e-10
2.8075880183367374e-11
1.3543298579779628e-15
2.0033346833493595e-12
3.0170440784772015e-10
3.296933983181968e-11
1.3418268597690315e-12
5.8300094089508135e-09
4.838972170347936e-31
3.7169606938006463e-09
8.884711307268418e-10
5.013451273639796e-10
9.279373626476857e-31
3.8841744796670396e-08
7.694210084290338e-11
5.230413634887805e-06
5.436912635808525e-10
1.3766998360888323e-11
6.8431301220697244e-09
3.7964825459210968e-06
4.619426692039219e-12
4.2687570270691785e-20
1.4148043901528099e-09
2.1745413345428048e-15
1.632645019130658e-07
3.503393126960211e-08
2.0803029097194938e-07
3.753472972660913e-08
2.0956735789045616e-07
1.4641749310439742e-11
1.6135835474403477e-12
3.745687959687631e-12
5.2181186742853274e-14
4.6514361227605914e-08
0.00014664539140226657
7.426018083862525e-13
6.3345871815452126e-21
8.170018779625206e-09
1.3134826932398147e-17
4.740675480760137e-12
4.824109017276068e-24
3.390144486867158e-09
3.35473940676634e-09
5.190590949806248e-19
4.817951553574143e-06
1.4412576553832176e-17
1.6673171965340535e-13
5.578252931535565e-08
1.2077305590745617e-17
3.777533723289317e-05
1.6969251989190597e-14
2.9326513266801414e-09
1.2874842606636968e-07
6.158691822954035e-06
1.7570834970400936e-11
6.8513784324473255e-18
7.596265305570316e-07
2.6508787504622273e-12
6.841354902388574e-11
1.8209387524052584e-15
7.588732638981226e-09
1.6520317883680255e-07
2.3306766871869307e-12
1.7728668266408061e-09
1.9121270842122019e-10
1.4031604470516108e-05
8.87327697466815e-10
1.2184357755711907e-18
2.981774253365679e-05
1.4637039836427033e-18
3.622840592042726e-11
1.6936761157206418e-11
1.4804903060458686e-14
1.7153844796770663e-08
2.249840929700333e-06
8.974109522398571e-13
2.5523155615285117e-09
7.161437314417041e-20
1.985983781801118e-08
3.564782187072189e-15
7.488777970167095e-11
7.525490255376388e-06
6.203229299649198e-14
1.9979647946771712e-13
2.5449506136680283e-06
2.9957848792103607e-15
1.2415609679674964e-08
1.5698587419879296e-06
7.841367509150141e-10
4.546713431046377e-06
8.810432090014769e-05
1.1538355094114172e-13
1.4957883291375644e-09
2.563868267895914e-09
2.2001802849897683e-05
7.676324708529011e-20
2.0144090072129052e-10
8.1147486780307e-10
2.2244820203109953e-07
4.1908595137526836e-16
2.7196048785974387e-05
4.736947165612209e-09
1.168379308036095e-13
8.51956238470261e-22
3.5383598102511258e-09
3.255600100561581e-13
5.008209931917993e-24
1.6518335309132977e-06
4.7210127071345945e-09
1.478328960923878e-16
2.8842393880581088e-11
1.9690605045361188e-11
1.7866794463989003e-10
5.184371709156342e-16
2.772611179936826e-06
5.640821531122654e-14
1.7977577095877168e-10
3.180503954178361e-13
1.7007317484868313e-18
2.4475572414588706e-20
4.5897455154053916e-14
5.1413631090098855e-15
8.393751355620333e-13
4.34737824983585e-07
5.7202851472503194e-05
1.115353691295811e-17
7.940692928789737e-10
1.0707631137230333e-12
3.6714786005840014e-08
9.602775700036387e-09
4.357498805427115e-13
7.43345150012888e-08
1.4766232361371461e-09
6.765557681535003e-07
6.661277241895405e-22
7.596088841019592e-11
5.9766599194667696e-09
2.3783530193079346e-15
8.826052957420999e-13
0.00041348779879119213
3.6357116698388506e-07
2.567586409215688e-08
1.6663411897931359e-10
2.0133086131536705e-09
1.3804347209447462e-09
5.952245758313902e-10
8.570484216974161e-08
2.0886252477152577e-37
3.897943682300116e-09
4.607261554638171e-07
4.612850817001712e-11
2.7793764550053378e-11
1.465986589084093e-17
7.595784029545013e-13
3.879758683535203e-16
5.9672751151041895e-19
6.535475876291146e-08
1.5301407060524058e-06
4.86561615553557e-14
2.208973363441618e-09
1.2849608618076317e-06
1.351766475640899e-09
1.5126498296807036e-05
1.9811947695327627e-14
5.3547351680267695e-14
1.560072643230275e-10
4.2445066444837546e-10
1.1854136068202954e-08
1.684280342971963e-14
7.258167538379315e-11
1.3102261274118562e-06
4.093174570695087e-14
1.6780240479560336e-14
1.8598223919585498e-07
1.4375763132048998e-06
6.414055080476799e-12
5.620884576702609e-09
2.2437879378132905e-08
5.124595082650656e-10
1.177339689940992e-05
5.659426625120899e-09
1.4453522436283898e-11
1.5199177089769371e-18
3.3992030759544814e-08
7.418407301082733e-10
2.224608238207452e-09
3.446754416843564e-07
2.575473032510859e-05
4.383647000803124e-09
4.8746947796339586e-11
0.001830251565898658
7.424777603461368e-06
5.074078149197062e-09
1.6658077679347209e-12
1.2659541194902421e-10
6.604163792915923e-09
1.4623300201202008e-05
4.02490211197625e-14
1.1498038372523748e-17
5.944334533869099e-13
1.8014389559299273e-09
3.885992345034242e-10
3.806898451923991e-11
5.3410608921124516e-09
8.985779592362257e-09
1.0137769525461268e-08
1.329894526787715e-17
1.6680378711640147e-11
4.0891491515507335e-27
5.892683961128837e-17
1.1068044529424296e-09
3.2631086058572506e-05
1.0689937519361223e-12
5.151138086769503e-10
2.5578057317017117e-21
7.984553770680364e-10
8.639450604508176e-08
1.940988826779112e-06
4.22894089312919e-10
2.0169356582620172e-08
1.7772570924823205e-24
9.644456083730064e-09
5.42818387058705e-09
6.05037846763385e-16
1.7630344373719183e-16
1.4174806137912198e-09
3.0436273507731223e-13
5.711452499349815e-09
1.650109905272091e-12
1.8968782475019117e-05
1.3063463013452137e-08
4.387532739921814e-07
5.6110904834734804e-08
1.2956849950700705e-07
1.066172961632286e-07
6.6633044100642785e-09
9.10884441999339e-15
6.378218745887841e-13
4.135272190805042e-11
3.431653509807265e-20
8.702363712993224e-13
7.63218572353129e-18
2.8458278771761876e-08
2.043334278533067e-07
1.9523936337317496e-09
1.286916300393183e-07
6.38617135469978e-08
4.648218518691327e-34
2.866741424552938e-11
6.276903734350525e-08
1.4792689198118158e-14
3.25506559290612e-14
1.1675857050254028e-09
6.395123670131817e-17
6.838161259379169e-09
3.443916991641959e-11
5.160626939697165e-21
1.700457041987254e-10
2.0678711871111598e-33
5.450040226025931e-29
5.900159303090572e-05
5.815584619615768e-14
5.036984065528285e-08
2.1948335618808157e-20
5.904732820516112e-11
8.349516828668228e-06
4.064034415250078e-08
3.5828943438590644e-09
7.155645828385359e-16
5.670115179008599e-12
2.8247663520893158e-06
5.867032410844322e-11
1.926269031300432e-10
3.917882927476212e-13
3.430254541096839e-10
8.281509452504201e-16
6.038361195504278e-17
9.673200972750274e-11
6.74897562101999e-24
3.8276656331090403e-16
3.270025396604519e-19
1.0448797899725801e-08
4.535648584734743e-15
3.902093755636832e-18
2.4014922849160997e-08
9.663952204859375e-37
6.783017708666343e-16
5.515144863404892e-07
1.0372775698511713e-11
2.5810353823504957e-11
2.2532939070353932e-08
3.9328642454295687e-19
5.776804466376112e-44
8.690805399576524e-07
8.302116107456373e-08
1.9276656781485138e-05
8.204710861908487e-18
4.7415243649023136e-14
7.132234465233254e-13
1.2084227033869553e-15
2.1833084884003624e-11
0.00011299011236565476
1.5901780290477788e-10
1.800506271855803e-24
4.285499422439366e-06
1.5464026851112963e-10
8.776623443930658e-09
9.820966515352936e-07
4.239981284157474e-12
2.1497216092471257e-09
3.940458013832617e-14
1.1058721468371952e-12
8.641151083920663e-10
1.2348635362821912e-06
2.522120024385907e-12
1.325664657954911e-24
1.3686535888436434e-07
4.286524668428153e-14
6.386722803103518e-09
1.0478629527002466e-08
1.6697339307261412e-15
2.5919247417435936e-09
1.9710267504105837e-13
9.93473412746956e-05
1.0622765521277692e-06
2.1933583102840882e-09
1.2847457340042374e-15
7.637049316473142e-14
2.706923181759515e-14
6.054188654512926e-06
6.271763699001205e-12
3.0554717491610716e-10
5.550099832607343e-12
6.847395326101123e-06
1.3789657453345884e-09
4.571869823318624e-10
3.180758725731201e-09
1.1873466941289789e-08
4.890974127965111e-09
1.0635754260300927e-11
2.1506912659200507e-14
8.076116721504538e-10
6.863851784095655e-28
1.3211693205343607e-17
7.156697309844438e-20
5.108909486764971e-06
5.482153847963125e-12
1.4668867710183332e-12
5.4963281858112266e-11
1.5411567831491793e-16
2.2115286528023986e-18
4.713339307722869e-11
3.9437310620987466e-08
5.2645583743025235e-09
2.8084340480488167e-31
7.98321301083646e-15
2.5050110053621197e-08
4.107193532583567e-14
9.588516427114665e-09
6.764758809611007e-13
2.7359308820151456e-11
8.32349154086117e-14
3.1806885470558786e-09
2.5285301063679944e-16
1.0410848070257556e-11
1.023304135569364e-05
5.78253053703618e-15
2.092336600670694e-12
6.80917881777478e-10
4.869202728768991e-17
1.5502814030827607e-09
1.9866333723905804e-08
9.679877123941915e-07
1.0296240933644199e-09
1.1951437309662496e-07
4.875988546297825e-08
2.1952985855212018e-07
5.725862316333311e-11
1.7926156380202496e-07
5.431500253343803e-07
1.24030289431741e-10
1.8831157094392108e-07
3.2443297040565877e-07
3.264786231568421e-07
1.6946203064901056e-06
0.00027295892140133404
2.3510593071950946e-14
3.1888052259771733e-06
4.1491199228999936e-30
7.89081727982852e-14
4.714493493991221e-14
4.3344461217541744e-08
3.9190975227184615e-28
7.115478584344999e-08
4.6833610029547966e-08
3.039827290584522e-10
6.205111421042266e-07
6.175389885839323e-11
1.4571390109554034e-06
3.4384434436017605e-10
1.1908583800566367e-07
0.00011262787613121588
4.8838986021747265e-05
3.1971696000459397e-10
0.0004422654931752461
2.8525544594669967e-21
1.28673656322455e-09
3.853115937713282e-51
3.646986896747e-11
2.857542206863717e-11
1.5797427149408345e-15
1.9900106173170833e-14
4.9127771153573855e-12
0.00014426621338184615
9.546226710825186e-25
2.007257616937776e-12
1.1228201151877204e-08
3.557435136300037e-13
3.323189270781163e-06
1.1901527864467515e-08
6.216553411112747e-18
4.3677819927489983e-07
3.833111583813445e-11
4.601770781530042e-10
3.5642957701881525e-13
4.2604441724617277e-13
7.449164177987758e-07
2.6742842822850526e-07
2.7385174571538247e-12
9.858189357282365e-16
6.096959631801572e-11
2.067690621596295e-06
2.910367157226296e-06
1.4973413032992415e-07
7.159271098221383e-12
3.6133872302372903e-09
3.038737160347784e-09
6.889203116353861e-08
1.906723528095038e-09
1.3513998394179294e-05
9.424079938588452e-15
5.724321457466826e-10
4.13741166441607e-09
1.5803249418793044e-09
1.7845651357206367e-13
6.574282507899149e-32
3.8401882384384327e-07
1.6047532525558217e-05
1.4910920292772016e-22
2.0983955080859958e-20
4.2309889506977605e-09
2.2452870371754512e-11
1.3573068450404484e-12
7.66624655544492e-07
8.40705863862292e-10
1.2266345001002664e-14
3.8113194520829403e-16
4.334942679761079e-12
7.015100072519242e-18
8.525445353605843e-81
9.166343752756156e-12
8.511116293450196e-10
1.3125885260657885e-32
2.3002244613328598e-08
5.359138925952071e-16
2.3338639111215962e-05
5.76597002903785e-15
1.1820426434662666e-14
1.9493345500564436e-09
5.14249781479946e-12
9.060721660859596e-12
6.188391613916629e-25
2.4798725151387555e-05
2.8820081967645074e-07
4.289690974496349e-11
1.8582351556423775e-06
7.590483769737102e-14
3.3722452817250125e-08
1.2489945981853091e-09
6.532832911557909e-08
9.644453420282977e-08
6.587066132030496e-11
2.7844327096562476e-10
4.209135475348065e-07
3.181854484127374e-12
1.5294112385302921e-07
2.6814235651559405e-08
2.1826288101706124e-09
1.2392046885421514e-05
3.1202718852068483e-19
1.0461996754118791e-19
9.426680536983128e-13
4.831124108401259e-15
2.0393539374999015e-10
5.469640600891838e-21
5.96414911330183e-25
3.5397718983366454e-08
2.5126099049002664e-09
8.271621175252758e-27
1.0359342561460814e-11
5.42925652706988e-11
2.5894372102302045e-11
1.8736327421301587e-21
1.1442062895777344e-07
8.277553141130248e-19
1.0361545719196031e-06
6.142640900869926e-08
1.5146845220295166e-15
8.980479511157564e-05
8.25466645223185e-07
2.199521573248242e-12
2.5543647157299606e-19
2.576216354426085e-06
5.389224530894733e-22
2.6393954205468044e-20
1.4258381566406536e-32
1.218957087230356e-12
3.696239452607727e-06
1.27579634929615e-13
3.519536206674249e-05
1.6411246148230662e-14
3.20740967118862e-08
1.7315016962367726e-10
6.379230093667756e-10
1.8879135767304764e-05
8.76086449291496e-13
2.082117588725726e-16
1.6783303256442307e-20
2.3117719738503396e-12
2.0631875665365657e-07
5.1896490701266505e-22
1.1848639000480701e-09
5.989567675240008e-13
1.4694868724560766e-11
8.97443808377706e-07
3.774682079622375e-14
1.153578622988187e-08
2.225171405680765e-17
2.0424433924944105e-16
1.9787586007343923e-09
2.9209552639748713e-08
5.744018647601217e-14
1.9356901954595197e-08
4.259986395221942e-08
3.036708513086093e-26
3.738258594182801e-09
5.540777508097363e-10
1.6156543555472796e-16
6.545782931747438e-12
1.3071515538467399e-11
5.888740638477359e-10
9.692138418418877e-13
1.6046202981549715e-09
0.0003785887162296442
1.5800905776493056e-08
3.318427184495514e-13
5.1206309349610534e-12
1.0143438356121128e-15
2.0719066160300057e-05
7.778429252400487e-07
1.4517818532690877e-05
5.224718167496282e-11
1.252657980935526e-10
1.3146576466492326e-07
8.294566174381742e-07
3.264567314860291e-06
9.75555193659987e-09
1.0685129749347073e-10
1.221390724118645e-13
2.8739093337445648e-08
9.343975969075862e-10
7.043916185873193e-10
1.5002992562897492e-15
4.320825645042923e-08
2.9111323790432226e-12
5.478052979187347e-17
0.00022644394273919278
1.6998039795548246e-09
1.459546025217325e-10
9.342696414175852e-17
4.106335596273033e-12
5.262590291564813e-13
6.864380188526604e-10
1.193300591397537e-14
4.833603493263909e-10
4.9632040036047845e-09
4.378214951920737e-12
1.948510629630359e-12
9.143532568698334e-12
2.576729446268073e-13
2.2954738552382573e-08
1.8864134938944023e-14
1.3263016357171369e-09
1.0573439491314878e-06
8.249629156312382e-33
8.005589396399382e-17
9.711625906309849e-14
6.71196620035262e-07
4.861902199640879e-16
3.508735622427942e-13
1.1082656382788547e-07
5.578841503569745e-17
4.171153934024331e-13
4.788009801099155e-13
1.0089541943073517e-09
4.5293834653956694e-13
1.9363679150701322e-46
1.5168246786103972e-07
7.555858861535749e-11
7.201525535906657e-14
6.835979367171781e-12
3.140075764600717e-07
7.259169300465272e-16
1.3115213994182084e-07
3.732564552968124e-23
9.831182713018826e-16
9.916029326303372e-07
7.67190629944734e-12
8.896507081516048e-06
1.3121627416798902e-13
4.392379363449914e-09
4.70783323232806e-08
1.840751506913518e-05
5.9642520006881296e-12
6.461541152954703e-15
4.530355547112231e-15
2.0821281994056928e-08
3.116156114551088e-08
1.4630538299369206e-18
1.1748417670335629e-07
8.103591535208803e-06
2.0388619965514978e-13
4.692139252018462e-18
2.138544938365646e-07
2.690258770406769e-09
1.1012766955810524e-26
0.00012730126632991577
1.5077831240169155e-07
7.753780799421084e-09
4.1532289491582315e-17
9.593594340218297e-14
2.259733528064319e-07
7.297353720224333e-10
4.660803268326667e-08
9.392343775773637e-11
3.3133629313806854e-07
3.00320466702304e-14
2.025207645327213e-18
0.2685159742832184
1.8990574298895318e-10
1.2004037090311091e-11
2.4773157630925213e-11
6.879842643651686e-11
1.0328467568234587e-16
0.00025201821708559154
6.465885318984787e-12
7.14856795503052e-12
9.454000810379999e-14
2.228300637158135e-11
2.158136685660898e-13
2.602146059736186e-17
6.264719441874102e-09
2.340912666704418e-12
1.6053575262190417e-07
2.0639854462390973e-11
5.757402740568954e-07
4.967192786168769e-08
2.675077825578377e-10
1.9619945931761478e-23
2.1385988250038975e-12
2.2731367485056516e-07
1.0942396301700118e-20
1.2804370774571455e-27
6.779828739284043e-07
2.8979404891248083e-13
1.4981815045416713e-09
1.104025865426265e-05
1.9618503444686694e-06
2.96268851219796e-10
1.8534204937261933e-07
6.284457926567795e-10
2.6177812840852566e-16
8.507903208936384e-12
4.7581798400153e-12
1.4864041211057167e-20
1.0859708736245773e-05
8.234199429938223e-07
1.0079873406435208e-17
2.1274201677735332e-12
4.6862737464727546e-11
1.8614793434309252e-19
1.5867780155654761e-12
6.922920330325005e-11
1.0225793782248445e-23
5.934772142665381e-07
3.1770275016282336e-12
0.00020805329739986673
2.299535692602518e-06
2.6041988760668534e-11
1.1748669479691066e-13
1.586872774458291e-05
2.3600809104826243e-14
4.779161539414824e-10
2.799374680160305e-05
9.655946224956656e-12
2.2438206206777166e-05
6.479009380575548e-10
3.503211929749227e-07
3.8899841316820575e-14
3.1055714020094987e-26
6.8145328718744e-17
8.173428215749548e-16
1.069570210036755e-08
5.5535651188732883e-08
1.0386098488002504e-09
9.786977367407674e-16
1.1434689687774696e-08
2.7820329090070574e-25
1.623947780988077e-05
3.539719913722352e-09
3.564080289250357e-09
1.4053120679727347e-08
1.1669582855893058e-09
3.809237018425027e-08
1.0255813543871056e-12
3.0808004789760255e-13
3.840530494783463e-07
3.093230961349775e-10
1.058219126065864e-17
4.7610726160302775e-12
1.0180595505835107e-06
6.282487669832415e-12
9.24343546236735e-08
3.03587414261738e-14
1.658216329745446e-08
1.3391966481545694e-24
1.024177222668397e-06
1.4448224398543347e-08
9.439689114568833e-13
2.6619350168835495e-10
2.6530771013301697e-08
3.971796629627213e-08
2.062916114029332e-13
2.2063138843909564e-16
1.466824373934613e-12
1.169427569956177e-11
5.977237225777078e-05
3.5772683034405906e-10
6.914613761520359e-09
3.144797907360076e-13
3.768436877254627e-14
9.12494629101361e-20
7.614245485193248e-07
6.549650687685474e-07
1.8326805709186471e-09
1.5328564862331254e-11
5.716972829169706e-10
1.0960223417514981e-13
2.2053801703563596e-12
4.068535969641091e-12
4.278341672230496e-11
5.416990166540646e-11
8.616089326100535e-07
7.147071185122311e-10
1.5631205610247073e-08
4.0899668903753406e-08
1.653040085192635e-21
1.3286983842177736e-06
2.2385410092492903e-10
4.428280043734102e-13
2.373820108331894e-21
1.990269523918758e-18
5.135994171052363e-07
2.4338434049506867e-10
4.584737128649844e-11
7.914684045100828e-07
1.2741966885435098e-11
1.8802122392177582e-13
2.5273193177162346e-14
1.6309070406131745e-10
3.2537250836755627e-15
1.0293222640437469e-07
6.072725121343122e-10
1.6068738025799754e-14
7.978680282297566e-26
1.8385107197062451e-13
3.1929181541623595e-11
2.9909544204059405e-15
1.099577996463485e-11
5.986945065474083e-10
8.164361560407224e-11
1.529549797496058e-07
5.797470027402584e-07
9.216356488831518e-07
3.186710106653358e-11
1.1787903464769778e-16
9.218597222525165e-11
6.011551685600412e-26
1.5042876977971273e-11
3.2598444265937733e-16
1.3924496297960003e-11
6.582509132266151e-19
2.0246112127839479e-07
3.650187013597529e-13
4.646016454452643e-12
1.6529708452342524e-07
1.9740679489005183e-18
5.805550160878439e-15
2.81856360960448e-20
2.147267530196249e-15
2.4028295224082682e-08
2.110886921486203e-09
4.031073448101211e-11
1.704975824358191e-11
2.4820943911913946e-05
1.5004265711684286e-05
9.85639765085682e-15
8.274944940076132e-16
1.4124042008156987e-24
1.6042873408227457e-09
4.948687522896555e-07
4.643713967989984e-06
3.6810943694250602e-09
1.0159710141260637e-10
1.1153282531080443e-33
1.481429501869568e-05
3.5816767849404596e-10
1.3621031180933192e-08
3.723185778268181e-09
1.572020691354477e-07
1.7531686119939482e-07
9.011466635521018e-27
4.614380272404707e-07
1.856474854728115e-11
3.7548769270502315e-17
1.6170594116028546e-22
6.698448411462474e-16
1.7749297666311111e-09
7.442056333034865e-11
6.702039761847251e-12
1.0295313075649175e-08
5.848321548279743e-20
9.4941986802018e-18
1.3122184372807732e-08
1.5044403354652692e-11
5.0100154979824674e-14
9.734741279177595e-18
3.198555146903606e-07
5.466983554660768e-08
2.2289880371856956e-07
6.578751283982648e-09
4.865405164772441e-31
4.617385958907035e-13
2.7199931415418264e-09
1.4076499110407349e-11
2.6510035570056494e-09
5.0145160209888144e-14
2.66758083459496e-06
2.518248420201673e-19
6.1464376931077e-08
4.978019507783355e-17
2.8404571192682276e-09
2.7888432004528397e-12
2.186645055819354e-06
1.4502891695996953e-07
3.4042295269593793e-06
1.3273808589490921e-13
1.2215874543642864e-14
1.5851926717945225e-07
2.0978276585523623e-06
1.4447497833925634e-07
2.8139898826867733e-11
4.9167947572884134e-14
1.1780780006214818e-23
3.291284430040307e-13
2.1055758234694864e-14
3.0167866620313354e-05
1.038101481575609e-08
1.6599691085751248e-10
3.493643309900505e-14
2.78499409682895e-19
1.4373181656867614e-29
1.3435737154506649e-08
5.515571147907978e-15
1.496411893903993e-11
1.4602550370381896e-11
7.361411299548903e-08
9.525270038160052e-11
2.9871432546071226e-25
2.5706958964565644e-11
7.15858886662814e-10
5.294980150893911e-12
1.1875507586993589e-07
4.025993335592737e-12
4.7473066784973715e-17
1.1091054823948973e-12
3.460351929573579e-12
5.468159324441619e-07
5.4909784809772835e-11
8.176656323571205e-10
2.8507330998982682e-11
1.0047966358138372e-06
4.6051495724857345e-11
3.2886247724771695e-06
1.616395099798615e-07
5.24676383480702e-06
1.6715194948482678e-11
8.439138218884689e-07
1.4545034916374885e-09
1.9128208113914868e-08
2.3448669916312953e-11
5.3356897555855e-07
3.614583095179087e-07
5.499984289143427e-15
4.618930675984842e-30
2.1134941867672327e-10
1.6595040991295752e-06
2.7434972782308097e-09
2.7862733979065066e-10
0.00044708975784022234
1.1353070466151409e-08
2.9520065234959044e-18
1.2418184450330974e-12
8.60272964440642e-10
2.432871891656781e-10
9.63103158174148e-17
4.370257358174517e-10
6.00567039537541e-12
7.25292655173368e-10
9.898372583933357e-07
1.7818623074624867e-07
1.4002463406910373e-10
4.3279864157160994e-05
4.1811568707547364e-29
6.410419630724846e-29
1.6081891828847095e-09
1.194971616143419e-08
1.3730306134331877e-06
3.687512486793249e-16
8.950251244781247e-06
2.7750998896864927e-13
2.5004092159808064e-06
2.522867119197903e-09
1.271340286116063e-08
3.328331949938484e-11
2.9639436325909513e-15
4.7188605942856375e-22
2.57697508695031e-14
5.3452238235113144e-05
2.010056407283143e-23
2.0276339000721016e-06
1.1352294792703443e-14
4.986703749545103e-08
1.3809311695209403e-15
1.3287869251406648e-06
3.1296724464078838e-09
5.6393384091558336e-08
5.825789930856953e-16
2.133907138624661e-10
2.121330199704926e-14
1.0276263676545073e-13
1.5384586709561228e-13
2.048068736138018e-13
1.0583517746216185e-06
5.435176599773902e-15
7.895594472574304e-19
3.6258996391551646e-13
4.2168930203179817e-16
7.455251123671872e-11
2.3890319953646466e-14
2.3661222587116615e-14
7.65244587618432e-12
1.3950651358412364e-22
6.295568450281606e-20
2.4020071187233843e-12
1.9162449047206986e-06
4.783921417915915e-15
3.647924545603072e-11
1.2516223381768079e-14
1.5595931369455953e-10
2.829427606523354e-06
1.8514186516047724e-17
2.4774321980122684e-16
9.379247949497999e-11
1.2826459407898697e-10
2.691925907129952e-18
1.7407255396249288e-09
5.334903902787036e-16
5.097927479293995e-09
6.984072145980721e-07
3.5846191229361865e-08
9.788469261877417e-14
4.270292786501887e-06
3.296234620708631e-09
4.837254673416813e-13
0.0002239478481490877
1.6995901753798382e-10
4.3767415187522065e-10
1.0111208265948546e-12
6.337109126768168e-09
3.9892890381689967e-28
4.321542535692437e-33
4.893196109426042e-05
5.597326838788739e-13
3.038279584919766e-12
6.712562318398274e-09
3.3085052067002257e-09
1.715057294053488e-11
2.8314055514724974e-10
7.372013041357654e-10
1.8477306737592975e-09
2.628200414938321e-15
8.339259318033555e-07
2.2947490041010068e-07
2.688378232833195e-08
8.958492717831007e-12
1.2006315881851093e-17
6.455797772987166e-05
1.2413420398796042e-12
3.7837317343836413e-32
1.1846254530431688e-06
1.6457520894842933e-12
2.5841018544521633e-12
5.654558204890598e-24
7.994830732094813e-08
3.476513031512894e-06
2.924703046280771e-11
1.0040146934109442e-19
1.9123603745109533e-23
8.845694408576392e-05
1.6483754064419795e-07
2.6913443052613115e-11
8.83696171981671e-19
1.935159104870899e-15
3.132309755108159e-08
3.062567669825436e-14
2.0583127467072506e-09
1.1034089683540863e-09
2.4242254096686833e-07
2.820506369972453e-13
1.979138440125426e-05
9.589827110961304e-05
4.1075333534748626e-21
3.297763109430328e-06
9.607834872962691e-16
1.7148189240638654e-09
1.0293280931618966e-09
7.23671470879146e-17
1.6698306858468975e-14
1.2457441955898406e-06
4.0441502561895446e-27
2.054095171680103e-21
1.2797601425480796e-09
3.2175293293069156e-11
1.118381090797122e-07
1.461099086519638e-07
8.982200953015815e-09
1.3188793913340422e-09
2.5678467473922446e-13
1.4284501496135026e-06
1.2858087744697363e-08
5.532062196061617e-19
2.0087120557824115e-09
2.966841557221067e-09
4.398026356421377e-07
3.6020121425977565e-10
6.68186986198129e-07
2.735801024198057e-09
8.036966527990922e-11
3.524978646313266e-23
8.812703657289418e-11
8.93852870983342e-15
2.9899568651660435e-13
5.406368240105688e-12
2.679733035225352e-17
6.554780454923948e-10
3.544861533918419e-07
1.3499405871419892e-15
4.285559239841157e-07
5.779877794226183e-08
1.1935613003035138e-21
1.8634243461867213e-09
4.5177936362187174e-11
5.194022512973472e-11
7.010035859599118e-08
3.434508663298122e-10
1.0067643417353229e-31
2.099505366093582e-07
2.506625848368704e-16
2.7864556367944163e-08
1.828506034970445e-13
4.256485199795967e-06
1.0007513552261573e-05
1.8171177957950773e-10
2.5468935293937858e-11
1.5935371445020894e-12
4.547773168183495e-07
4.980902577651878e-08
7.307435845304664e-12
2.1526748012943758e-07
2.9882477797978367e-17
1.5887543971847282e-08
1.7139039845499188e-17
8.873294149861773e-14
2.3389204654691743e-22
4.895181275006694e-11
7.432960111302975e-13
1.919365220861984e-08
7.717967265382684e-09
9.002976837086706e-12
6.065340680771658e-18
1.1116585980330604e-21
2.630213473526588e-15
3.9037363652813614e-07
5.6727225935706163e-36
1.083159868846202e-10
8.1495673522369e-05
7.976525019978313e-15
9.501680729358979e-23
2.4870928998719575e-07
6.685084619546625e-15
5.834713097349184e-11
9.922596852520919e-16
2.459003183401763e-08
2.2493576654041797e-08
1.1795065727524851e-15
6.521808154811325e-17
4.902100856239062e-17
8.937534390271033e-08
3.0279337163742308e-15
1.0585320883774496e-13
3.400044363897912e-11
1.78925663033091e-05
3.049006199518426e-09
3.98007987994206e-10
8.511241558783254e-13
9.725808010054831e-08
1.1493680179902659e-06
1.4137973212083758e-14
2.865043350861336e-25
2.0183641070757618e-22
2.010269420472327e-34
4.446879862171665e-24
3.240424650706371e-07
3.312401926420167e-13
5.804265891870808e-14
1.3864888990657141e-11
4.066109682094804e-08
1.3168111866499493e-05
3.01865604274277e-16
1.7917272889226507e-09
1.0985339962614108e-05
2.742655791519835e-12
9.726916775661588e-19
3.404129779475083e-07
3.273292365843233e-07
5.18241518884097e-13
1.292633423902559e-07
3.215743227795212e-14
4.260491802281647e-07
6.279879706575754e-07
1.3148966266507636e-18
2.2800035318426446e-11
3.861866081441462e-09
3.009726551186016e-16
5.235185518977088e-05
6.81261938940885e-07
1.0371085587349736e-09
5.297384838616725e-16
1.4952278337382113e-13
1.173079408753256e-10
7.922840676794091e-12
3.419610878998443e-10
1.0734486568845294e-23
1.6108090038613489e-12
4.987407236022709e-17
1.0508755957761073e-14
1.0541243439092509e-12
1.2110077109629494e-09
3.706388710718893e-09
1.0967114753190081e-12
1.0489269236156657e-16
9.871244742106388e-13
1.4444736486651365e-09
2.002461735236172e-26
9.648274593594683e-18
1.9762975181820738e-07
8.745985392001226e-12
2.924077216844014e-09
1.9098686184213945e-15
1.0160494127479466e-06
2.1601320825234384e-08
1.0571431376589938e-11
6.054770964992601e-08
5.567556059088612e-11
8.831326830069275e-14
5.2098263583849e-29
3.4242699328991995e-08
3.933431957567093e-05
1.0720642159201354e-07
5.007176098422363e-08
1.8745149235608373e-12
4.884837692079219e-07
2.978473146362284e-10
1.3731883428194902e-13
5.3608008886256595e-18
1.0801064384231115e-05
6.468669822148999e-13
5.931068366045457e-11
3.668117045630425e-07
4.044046107039073e-11
5.513001881060914e-11
8.294548371461502e-18
4.0323796390695323e-23
4.023431694636032e-07
1.413097135578485e-06
3.1345313710406895e-11
1.1397390891778633e-11
1.7974296878950534e-13
4.316881860382138e-07
1.0438644313687963e-05
5.912179171521865e-21
1.1334033694845196e-09
8.472264686220685e-08
5.517527982283136e-11
8.235093051285375e-11
8.357286622497951e-08
4.150505930539276e-08
2.1999119032325943e-12
2.1027382979298844e-13
3.8785065453447e-11
1.433741808259549e-21
4.739797796228538e-08
2.796329397992516e-10
1.072323517994959e-08
0.001372622602719389
4.202034253666696e-11
1.6976169948915811e-07
4.147606128265264e-09
3.4606291465436955e-11
1.5652697491363615e-13
0.0010274905032934415
3.4318200283298326e-06
5.678593525566526e-11
4.853473706102233e-13
1.088107092367425e-06
3.3265605062079373e-48
3.701072796299836e-13
1.2583462535949528e-41
5.102647377973094e-10
1.7621575355181684e-06
2.348914124303621e-07
2.925252896688446e-12
2.4604916861046987e-10
1.6135808102962911e-09
3.743896419397219e-06
7.237419054455207e-13
1.1763534187842729e-11
0.002149846491959119
1.3295935208060224e-12
1.3805286554868588e-12
2.017152310591876e-08
0.00019150379612902294
1.9478268654881376e-06
3.862859761099078e-06
3.799873153867707e-07
2.5691581615623373e-14
2.2645827101840402e-18
0.0007942732532053532
1.1973549522329374e-07
2.9165831386589236e-10
0.0002288820196040486
8.026975559669507e-07
5.154486146596183e-09
4.6503522406772227e-07
9.667945565546163e-15
1.270611061967957e-06
1.5735830144278338e-07
1.2019795011257736e-06
1.8802717500697992e-08
3.331852016397508e-09
1.5452682423571e-09
4.7977482528435535e-08
1.492086857799452e-31
1.08966978960189e-11
1.4958101832956536e-07
2.6142467176086932e-09
2.8092125246542924e-15
9.495586182781807e-20
5.251540902808776e-11
2.1855035747311116e-09
4.576315987038355e-20
6.401300882434717e-07
1.1160379806222417e-08
4.185172186899199e-10
1.0606043480698916e-08
3.532944660316807e-14
8.622682693177316e-14
1.9479812636979447e-14
9.918677057454916e-11
1.5357342574658445e-17
1.9453187534149673e-09
7.684639458679626e-06
4.994338603972639e-12
2.1800012242110572e-11
7.42001793995404e-13
1.002237110478369e-06
2.6509713673703898e-17
9.042207590637592e-08
1.1564006852323913e-10
1.2824979652203737e-08
4.964615137254963e-23
2.123195185631552e-15
8.171543820880389e-16
5.199035190226555e-10
1.095320840508582e-15
2.913834006676e-08
7.454857697621923e-07
5.664617962728178e-14
2.5000622880174502e-17
7.293175570332614e-10
4.839613541802109e-08
9.938859676157737e-11
8.841194145075168e-21
2.5700797792339006e-09
7.371750040197797e-08
1.6089477686641903e-14
1.6867570917320938e-11
1.2683318424064044e-14
3.024666606932282e-14
3.39869668318267e-08
1.3373470350274188e-05
9.749351654988843e-11
2.4598412356110527e-09
1.5081439030897814e-07
1.9260740874211493e-12
0.0002508889298124005
4.715300376378623e-13
1.5177914541626618e-07
1.9624623660974866e-09
9.398348266642748e-23
2.433553123244207e-12
3.7307344641667544e-09
2.2515674734894215e-14
9.276743321200367e-17
7.434284083112662e-08
1.5371679212664289e-18
3.029266843262399e-20
8.251326054020584e-10
1.8278527097855555e-16
1.0952833876585353e-08
1.7291183672633758e-07
8.794324407498819e-08
7.02323221819125e-09
5.970947361376461e-33
4.8385829726957316e-12
3.5410484498540014e-07
8.389262365507932e-12
2.0825348776243733e-13
5.070969676740997e-18
1.5094871694598176e-07
1.824747583008936e-07
5.64020339520747e-07
1.8787291749585148e-05
4.7321361867905396e-24
7.443223520651072e-10
3.139164641470977e-11
5.898324140228677e-16
3.74015943154634e-22
2.0510177744920832e-08
1.198783464579698e-10
1.9316357503860344e-07
7.337580900415103e-19
8.375318807320202e-06
5.8436754234178235e-06
1.0837746713159957e-14
2.861147798299989e-13
5.186138323955979e-11
5.4575821952422574e-11
2.07426941349885e-10
1.798801869688091e-05
3.661896053178684e-17
7.677168515954909e-10
1.8846851025355427e-16
6.235774822118101e-11
5.396599273122105e-10
3.6177737508177777e-10
2.8001307393214527e-25
1.2865148222691734e-16
1.115267695560376e-14
4.516323340415435e-22
1.7898953113694576e-10
5.586263226495004e-09
1.262737679646595e-07
4.9154129845966765e-12
7.004097354752494e-10
2.746509599212379e-17
5.284478153277867e-12
1.1473689928817842e-05
6.3376135167356235e-09
3.099981205970442e-05
9.249489340623986e-08
8.490423813112094e-15
2.4277680177954207e-16
5.259224597757405e-20
0.39366641640663147
1.0190681180711852e-12
4.5546543819461346e-09
5.559647647576264e-07
7.73450865651849e-09
7.658648406033551e-43
1.182031574069555e-10
0.000231134443785002
2.0495253211028465e-08
3.560201559546916e-17
1.1841601350331345e-36
8.891459289090955e-06
6.927256372146312e-09
1.2754947896665498e-10
3.787018429747601e-21
7.902930718566161e-12
1.2369672482827912e-08
1.7132831517167273e-08
2.632826955809162e-13
1.687358083206903e-22
1.1637249736905979e-08
6.847232423624988e-08
1.3454974614943164e-06
3.9374304959907e-11
4.332003137496373e-11
1.5049428465672376e-08
3.104872276592237e-12
6.069692854479744e-13
7.863482405763848e-07
9.234122929442579e-09
4.041679028853236e-17
6.701887797565022e-11
1.4314997293997237e-15
4.436498289824437e-10
2.3743933986533296e-18
1.558425976485959e-22
7.367902880007153e-26
0.0006217382957069496
8.691732861407923e-09
6.65028309362283e-14
3.2932711936319154e-16
8.159252703628657e-10
4.746259294420992e-09
7.648854819503987e-14
1.2552124948853235e-09
4.651093264215004e-06
1.2220808850436508e-09
0.055848196148872375
7.482795410127664e-09
6.157755985636022e-14
5.583933769018756e-17
7.222076927902984e-07
3.894405977350473e-11
3.626794011484589e-11
2.4073693000494185e-10
2.178023098305213e-18
0.0002032008301557
9.902776264332543e-08
1.98234840613946e-22
5.55167781292304e-13
3.839655362124485e-06
1.89933297622831e-06
8.085136912521115e-17
3.2396997352583506e-30
1.2148463677015304e-10
1.5347630923539424e-07
2.430873140064291e-11
1.0219622533658546e-15
1.297992870906382e-06
1.0875438252682186e-09
9.01824269878469e-14
6.934600231990015e-21
3.881122488528415e-11
1.4019855913103639e-19
2.9632981829037615e-24
1.4225871728328542e-14
3.0225669517075804e-15
5.420369147007454e-12
2.843219410316636e-10
2.2647082197844765e-07
9.046762954093245e-11
6.3643812057452365e-12
0.00012537869745256003
5.667235220148355e-16
6.449222858206833e-15
6.36382324606054e-16
8.979095382489219e-20
8.354478936174063e-11
4.959514019260821e-32
1.0964931681871612e-06
1.6445412757729101e-12
4.504953291596367e-08
8.454717699992655e-07
7.522863080882913e-08
1.3581217048383823e-16
5.998547806381028e-10
3.660161912766721e-13
3.6422539202210773e-09
8.782655732292439e-18
4.205201821322744e-12
1.979434325465393e-05
2.760860609155764e-05
6.240695579644116e-26
7.518652530650061e-07
1.120220036297561e-07
3.0438839374146496e-13
4.731849010870532e-05
1.0278842335730646e-48
6.00153785800304e-11
8.698636610392025e-06
4.6726279453199674e-15
2.184716220467026e-13
1.2117317557183166e-16
1.4625794633455784e-08
1.1234640680916673e-09
1.64864603298275e-27
4.746199351815785e-11
1.0469650449803135e-14
1.4665125567378319e-10
8.248686083373492e-15
1.7313065534854858e-09
7.126680618777076e-09
4.753461799472181e-11
5.939324895347865e-15
2.937793851347024e-11
9.401462671329963e-09
1.5782890016538029e-10
2.077494568867936e-11
4.645542614613052e-12
1.5355584038630825e-10
3.630191588735036e-07
3.986574061802724e-12
5.871601106290668e-11
5.196842823545475e-07
1.6724527011221914e-15
2.0809581149793504e-14
4.306394416837947e-10
1.2070684086804874e-08
2.896860632662155e-11
3.4719218962847125e-12
1.0537942473554885e-08
6.045355207172959e-08
2.3831549608949456e-18
6.133311362367442e-08
1.1430875596002958e-17
3.0051609526583054e-15
2.3680537889392624e-21
5.045525674567974e-14
1.609308810713249e-22
1.6002502742970375e-06
2.2477126362116083e-12
3.000785244707115e-08
6.3045745559652375e-12
4.436862272250187e-13
1.92158699512463e-12
4.624008814078083e-12
4.5129166884107193e-10
1.8839434980935935e-05
9.948325668027155e-15
4.4176279077103476e-11
7.66869915099797e-24
1.352439841449457e-15
2.9834134925959443e-18
4.504421072814564e-07
6.443468817520348e-06
2.7638565107077264e-05
5.1044095451357086e-05
1.0457658541404771e-12
5.553527602917144e-18
6.9922999241004435e-09
0.0001504560862955413
1.3084016198423938e-08
7.666728108316553e-11
2.3900520091251045e-10
1.3832001247185842e-12
2.5422378756925486e-05
6.76551560188862e-08
2.8149255224920903e-09
3.1049230316032155e-23
2.9047781193994203e-16
1.914388431962569e-10
1.2162834874767133e-14
2.545902017938391e-15
3.343525771753792e-12
0.000379473889501219
1.8558213325772173e-06
1.0687423144247214e-05
5.896547274861859e-10
9.03483553449822e-08
2.4640741121034605e-08
3.0971810637359765e-07
2.8038992542746717e-07
1.1307985210513073e-08
7.510622608740707e-12
5.690330652387799e-12
6.009198550179157e-06
3.269070616993883e-09
2.804709525561109e-20
8.750478110884076e-08
7.358045988106774e-16
3.271277252635135e-09
4.6559677779206504e-15
1.4939073446114413e-09
1.2070394936112152e-34
3.303322673915096e-14
1.2909847547788792e-08
3.596302471602101e-05
7.65527938579176e-06
1.2908981877079123e-11
3.393598873803505e-11
3.6614647320136053e-08
3.316753468285059e-09
6.708810296193537e-11
7.811904347178808e-19
1.295085200819732e-10
2.6819296882722154e-12
1.8628558044280224e-07
8.143709426301446e-10
2.245316132562745e-12
1.4241512141834149e-11
2.2810505726334253e-29
1.7832961621880815e-15
8.057109645062668e-17
3.2472566333805014e-11
1.1520903302700897e-09
1.349161583309136e-11
4.795907097702997e-07
3.918562454584865e-12
1.2469138148925088e-09
2.099220728233161e-09
1.4494995012562094e-13
2.048477903314555e-19
2.03053660877964e-15
9.438930051243137e-13
1.836833614181826e-11
2.1841300503768276e-08
9.175046195373561e-14
2.341475620222426e-06
5.193536512443165e-15
9.23750048826975e-06
1.0313424433796514e-13
7.118628621593475e-08
2.027369855720708e-10
2.869305930697482e-07
5.035638931592695e-13
5.00471505944757e-14
1.8967527052025253e-12
1.1867010512109526e-18
1.3706786131847768e-11
1.219616934139956e-07
9.842370484121472e-61
2.7429418934617887e-15
3.1078424193305544e-09
6.663285369381758e-21
9.972389703923979e-12
2.8798834149053566e-06
4.243891208641458e-05
7.978680282297566e-26
1.004486169938937e-09
3.087993758049393e-05
2.1359314422944123e-24
8.257023134762638e-15
2.760740583053458e-09
6.381388207353496e-11
3.3000632947072514e-10
0.0005667627499543609
5.804399106954086e-12
1.3136249480035678e-06
1.4365697319498254e-09
5.135534108139286e-09
7.450624345556855e-12
2.4258230784962744e-24
6.31118032607804e-08
9.404842116418739e-13
1.3911606231288142e-07
4.494883904755473e-16
7.487743885078521e-14
2.7548076154769315e-14
7.337424474353266e-15
1.7351355403889245e-13
9.895976117871107e-16
8.112448460714885e-12
2.2802360733721892e-10
1.525667659724679e-07
7.315905424664618e-26
1.0882666575484043e-07
9.01423996559808e-16
1.678491172624427e-20
3.2453182876866015e-08
6.375758254019108e-11
4.2875016134554436e-27
8.543802772086917e-05
4.648948373292779e-12
1.966182929532596e-08
2.0080689319541732e-11
3.2534388790992524e-07
1.1769365610860086e-08
1.405325183229075e-06
4.976780755629765e-10
1.5512586488361286e-12
5.277630106066854e-06
2.7020887108076852e-11
5.870730561538111e-14
8.579268169491059e-09
6.899414717691925e-14
2.3230551536464805e-10
8.589372250099363e-09
4.8386136702050707e-11
6.707023781271163e-06
1.374966355537771e-29
3.3315115115100606e-12
7.737921663113372e-05
4.649911678251277e-15
1.7524385856779562e-09
6.772870602788608e-10
1.415625156379236e-11
3.0836123997226478e-09
3.959015489533119e-06
1.3363219987464636e-09
4.584605027392074e-26
6.258013235269705e-19
5.308985319370474e-10
2.9603257745544745e-13
9.492685870890163e-16
3.174513283287223e-13
6.074216431148427e-17
5.577297249230906e-13
6.815739065618112e-09
3.501312409584157e-09
4.992467615045093e-31
1.9615237490750356e-17
2.087019412692427e-09
9.841388965184946e-17
1.8736331626994222e-08
4.2794463995363826e-08
1.584775718826582e-09
2.653140401269384e-07
4.8811292469841955e-14
3.1746203594186406e-10
1.670531315080871e-14
7.617093861892502e-13
2.4469713020217004e-18
3.7239764897500204e-17
4.5716279209359525e-07
7.071427319735217e-10
8.361758375233113e-11
1.465780627942622e-08
6.229216441757841e-07
5.9093113275416495e-09
3.891783713835316e-30
8.81583412503018e-14
1.5707149377541162e-24
2.5781546670042492e-11
6.63544786124288e-30
0.0026930750079777717
4.667994884042085e-19
1.5233442582135227e-18
5.141930206331204e-12
6.378446193668403e-18
1.3276364999989366e-05
1.2910109985816294e-25
0.3048747479915619
9.638145577267772e-11
8.7929161231142e-06
5.654123387082475e-17
2.3819553628373646e-07
3.612331085353209e-10
4.382697959125358e-14
9.969162960425941e-09
6.961249699328436e-05
1.4295736724223772e-08
2.0179670154922828e-07
2.4224574380892367e-06
4.9405805484236955e-11
1.7890141445760524e-08
1.5178289781182717e-14
9.403847427800695e-10
6.9589358270283e-14
5.6261947367313114e-15
1.136563839812285e-12
1.1291744838717699e-09
8.121157533359493e-06
6.594142190083011e-08
1.262188548514698e-08
2.29167913576082e-14
1.0568749126223005e-23
2.19621488967335e-13
1.0543334144980562e-07
1.0274361697627159e-27
4.012889344359736e-07
2.2529834381903215e-15
2.5945318918853747e-11
3.5823191041428136e-10
1.6128882516221182e-18
1.6472088531535242e-08
3.4628420894321856e-08
6.389495409944582e-09
8.36875218699905e-12
9.238847213934064e-07
1.670629479919724e-06
1.1352375115208828e-28
9.879003998486211e-17
1.313872652485666e-05
7.03777347244641e-09
1.7983355191653834e-12
3.750290122646672e-15
9.785133098595158e-07
1.6669735834688014e-09
7.6185930908428e-06
3.1541458766961836e-08
5.1495266406161416e-06
2.8464016824045394e-12
1.4492501334344366e-17
1.5816002034151466e-29
2.902052974133699e-28
1.0424943316294679e-07
2.852505128676369e-06
3.4350922092024536e-09
4.057775951982892e-08
1.5346304274534518e-11
1.2280700121151695e-13
3.270138609361481e-14
1.0017611490625423e-07
2.768323761879282e-19
8.082990179562497e-06
9.77532864894477e-13
2.7346600602963127e-07
1.8396186130855244e-07
3.264039701716847e-27
4.435573182043605e-31
5.7838725305128135e-08
1.9448251211844847e-15
3.990998689388739e-06
4.109954032572166e-15
6.293380556603579e-12
9.361613480510064e-09
2.3896902920083755e-07
2.2560242543490196e-07
8.423998526000011e-15
3.8117616326755034e-10
1.2078159740524115e-06
2.1796346492370375e-10
1.695259203459298e-09
1.0241409944193146e-12
7.869712410470599e-16
4.302983928648897e-17
4.802605858903047e-08
7.305214660471134e-21
5.939487934953717e-13
6.0936405386622424e-05
3.311717019596015e-15
1.6724629154779633e-22
1.8345105828026364e-11
4.1482967677622e-20
3.4519340330167004e-07
5.01915865000019e-10
2.597181943413212e-07
1.035806903710941e-09
2.8631837967479074e-14
9.619452260151236e-07
1.802966846293808e-29
1.7802177495632852e-06
1.3773270659904398e-05
3.094901137534334e-06
5.3866622550973877e-11
5.170585705871183e-09
9.528811684326602e-10
6.860428021022147e-10
2.513770229691504e-23
5.663042466723509e-13
7.233126553366634e-08
3.721232411186114e-10
1.0488999827391752e-17
1.7107434281399562e-09
5.290385911195859e-12
3.074803402186873e-10
2.841858309250846e-10
7.553732210619325e-12
7.057168014532376e-12
1.5353954702236385e-13
5.550679698144137e-19
1.1481280081459508e-07
1.8130971489073507e-05
1.7172015152229424e-25
1.2539410114981808e-05
1.14953548177661e-09
1.534485393280113e-08
1.0489514305089125e-14
9.2463553820591e-19
3.747123656197853e-09
4.6894219553337475e-35
6.8941833879882585e-28
1.8926934212168808e-32
1.6522540552043588e-15
0.0003566395551225232
2.07084025551836e-15
3.788688306781035e-06
2.6075412807697937e-16
2.7738491653056984e-06
9.952538690023497e-09
7.973969143421186e-10
1.0244206490226649e-09
0.00015262872887677678
1.89993995428107e-05
0.00018833398766329636
1.6688878070894178e-09
2.140621377229773e-15
4.1447284663298765e-18
1.7195746117602339e-15
2.494041017518981e-13
4.094691681066135e-07
2.9240165044017677e-10
8.891277060144564e-09
2.3820562836962785e-11
1.9008710684909182e-08
9.892290291435672e-08
1.2992406002266708e-15
7.779348475962248e-16
5.5322754126384765e-12
2.9281638358270745e-10
5.161357895225251e-07
1.0729418114731009e-08
4.309827510347089e-07
1.2192385187397718e-08
1.7273218448561618e-09
5.1261314914510326e-09
6.17923451282747e-11
0.0001713085042056705
1.2669473603448846e-15
2.90559517117606e-06
9.48138778310827e-31
6.35151493344814e-10
3.246179647934534e-09
6.889994387416472e-09
3.923016997820822e-12
6.510337346209594e-07
1.730136477447586e-16
7.443760036129168e-12
2.100420354862877e-11
4.3725618775234235e-12
3.2316221472543264e-06
5.26126117628881e-41
1.4357485013633792e-15
2.8510645578632726e-07
1.0498167150544457e-19
9.650057140575748e-14
1.0910380041432844e-11
1.542031986206644e-11
1.1550034237766631e-10
7.926309586719128e-10
1.0036211499261343e-12
4.382120955853825e-08
0.0003702963921023983
2.484772124402407e-14
2.3914257843608213e-45
1.9342219939877382e-07
2.189857476150734e-12
2.6305121519073603e-10
2.0839518701299518e-08
2.145443131275388e-15
1.7395477066938812e-12
2.491969363029923e-12
1.1408893858087154e-06
4.0984545026550385e-15
2.973263780999121e-08
8.101836113756918e-07
1.0834860674545829e-07
9.764797285549285e-11
9.948318239357607e-10
1.952174764227786e-12
5.624397987545059e-12
2.203156641812199e-13
3.909251411116896e-10
1.0997324291403066e-08
1.3517095225395692e-09
9.658156481572954e-11
1.1568465347824374e-09
2.5518278704532975e-24
9.82339653371245e-16
2.9682186749087404e-05
1.5037333676507415e-08
1.5462689202595022e-08
5.68919063253208e-06
2.9159107507541433e-14
1.4273779769500765e-10
2.0151120720665868e-10
8.110664251488966e-12
3.44272201059065e-18
3.6763874591695967e-06
7.362153156781076e-12
9.22628377750187e-09
4.03907125966103e-09
4.8449955962746315e-17
7.681937746916281e-22
3.2507841677664244e-16
5.844129784133764e-11
4.672467837613881e-30
1.8721998110644215e-12
2.847878237576837e-10
5.3956100885961155e-05
4.0193920847866126e-17
5.312194483115622e-07
3.056166879261339e-06
6.820194144697379e-23
1.0632364875684906e-22
6.187672667495748e-11
4.5497654568001094e-11
1.943064786142674e-15
2.535363548287001e-26
1.41282594473987e-08
1.6727022272276842e-10
2.3203864856001684e-14
1.7064480926201149e-12
5.654558204890598e-24
2.966312320224402e-11
1.2279342715838782e-08
2.0886252477152577e-37
1.6192964037007424e-09
4.1241034923512336e-14
1.963540388278849e-09
1.8568254405581233e-10
1.2550100970733616e-09
1.413660463502215e-07
3.6186060402931137e-12
2.0384424987540827e-07
2.6096085464001014e-06
1.2801665266823758e-19
2.199749329965317e-15
9.588846939074314e-08
1.2734536475921703e-23
6.4481263966040256e-15
3.686609380285309e-12
9.229358434671705e-12
3.838638102906321e-08
1.9872039875192947e-06
4.4849422821910785e-31
1.3239778363977854e-12
2.3889356326210314e-11
4.6337028591669925e-11
2.2125775414668613e-11
1.5941908184694142e-07
4.2303888459507015e-09
3.1522950927381234e-28
5.75375927891642e-10
6.945425581019815e-05
5.895755967685563e-09
6.887807966889562e-12
7.601436474595277e-05
4.35747092041102e-26
1.0666634555300257e-10
2.3229165220258553e-17
3.6743067740908367e-14
1.193116427326442e-12
3.3882057896487736e-06
7.521696995271823e-30
0.0009534719261035027
2.087456127934133e-07
3.396911276478969e-11
1.3096154592326118e-08
1.038955706263029e-12
4.659409394097573e-16
1.5957069806089324e-08
5.077545562743748e-07
2.3730225050571964e-17
6.594029055844681e-14
1.3449863686668599e-14
2.0027096520680257e-16
3.5240366191976628e-15
3.7991815318843945e-08
8.327608912089444e-18
3.8579287597852854e-08
2.2769403303197085e-06
8.838286504867512e-11
2.2414812398737922e-09
5.069381543733966e-07
1.5639981350649932e-14
2.336054216753083e-07
5.0608497908947955e-14
6.774852545162177e-08
1.1471734254590867e-11
2.3629922932234893e-09
9.509741902778362e-17
4.2207145318753644e-11
1.1849436614211935e-14
2.211456294836632e-15
1.8083077747527375e-14
9.321754498675527e-23
8.546450946086048e-21
5.437747352720695e-13
2.9487596098478173e-12
1.2473299673707337e-13
1.0046292661126025e-08
3.564245510154763e-14
2.036323390862941e-14
6.594698608387794e-17
4.664636632341199e-14
2.7828118648429107e-09
5.209900571448327e-07
5.759981260467293e-15
7.875727976085358e-17
1.174687783206664e-12
5.089416977420576e-17
6.303477041256525e-15
4.4785043982921035e-12
4.70692899307124e-22
2.9627195037316923e-09
4.619445238729182e-07
3.4369539903695104e-10
4.245264066268252e-09
5.068110109103896e-12
8.601782991293902e-08
1.4332888245423826e-24
2.4586157188443494e-07
2.3222557469906642e-12
2.1757951147948033e-07
1.8997216900376023e-13
2.034160302808539e-11
1.1099301357810094e-06
1.6540070444278324e-05
2.3530735897020555e-15
9.005194091780785e-18
2.7312375270591733e-15
8.647307397026216e-13
2.7367326071722007e-06
6.753876606274045e-57
7.695350678345914e-14
3.5498330098146167e-15
1.0816327295548972e-12
6.242973008942264e-12
1.4447856055350858e-11
1.962007159056888e-37
9.860359884970631e-08
1.1205146801189588e-09
7.29865870208594e-17
6.303703356507569e-07
1.9013089634420376e-14
1.4100807836664626e-14
2.2295495951039224e-09
7.812337132043345e-15
2.399372911174534e-07
4.122609702421521e-05
2.1267896551001365e-09
3.8565634966962926e-11
1.2247473210682519e-11
2.5094751430718068e-05
2.1308413380334566e-12
4.785302793114624e-09
5.29195562125195e-10
2.402134038674147e-17
1.8316857856648624e-06
9.845846985636694e-18
2.0262403947077586e-08
1.3939433196945364e-09
1.762361123257972e-11
2.9298917830762697e-18
1.2017629354766606e-06
2.9471816724484586e-21
1.2423914216847413e-07
2.605840027194965e-09
7.95316138408654e-08
1.9225556014301282e-10
6.323474839379407e-24
1.0738227677020509e-08
6.315186092423844e-14
5.424822671326886e-12
2.0352721118150457e-18
1.203594612131559e-11
2.799589996603363e-18
3.035674953461077e-09
1.0312037035005178e-10
2.7299278475663597e-12
1.0129298770304797e-09
1.161459273352001e-12
4.204251031251465e-07
7.340786609573265e-07
1.9247478901102677e-11
1.4853321896294091e-09
3.4124462123439966e-14
5.061625321906345e-07
1.3576521332026542e-16
3.868301225754011e-13
9.141726150187243e-15
2.6805682449763374e-06
3.3373881869689605e-06
2.000299721829781e-08
6.276287604200989e-12
2.8422818299656297e-09
1.8890977070580458e-10
2.7235322247842852e-09
4.130233550622354e-13
5.9837529929701764e-12
1.1560112363219148e-11
8.557488727840804e-15
2.0742866130094665e-14
3.607983561503805e-12
4.685254918156968e-08
1.005786146102954e-27
1.414657661154782e-13
1.5144595487560214e-11
3.038526185509782e-16
1.5316479906018158e-08
6.104966099898818e-13
1.3799635338446012e-15
1.0156615767397811e-13
5.48242189846217e-15
1.5925799654254103e-15
4.421736997704427e-12
1.464793024428698e-18
2.716120504888664e-07
2.587825538232249e-08
1.0904110820638533e-13
1.1178029711712617e-13
7.157762215435364e-17
7.212838660896673e-05
1.7854451251780456e-27
0.00021114871218018614
3.0189332030060536e-07
7.77217684481711e-09
1.1564504951109171e-10
3.5596478114974257e-06
4.712590394288177e-11
2.3562733467615578e-14
6.315180108701814e-10
1.513110936330001e-21
9.858704874162519e-14
6.006416029733563e-08
1.95142889055195e-12
9.334566012046493e-15
7.54212036791968e-12
1.7115204718494843e-11
1.0710255944980016e-09
5.23107773585202e-07
8.792481255413288e-14
7.137624049047973e-11
5.115945380524545e-08
3.5194525971297446e-14
1.1658892888355071e-08
8.41455642210116e-14
1.8395307618619238e-22
1.8129178087968728e-13
6.135329363666505e-13
5.13704929971482e-12
5.508168558700082e-08
6.483415151777414e-11
1.4174683935219539e-08
9.387276947731895e-07
0.00016599493429932458
3.902970895152439e-08
5.845996977381106e-06
1.1496802447577858e-06
2.1353071313089246e-21
1.4548387917265476e-19
2.772484968004311e-22
1.1424292016966577e-29
6.071581927801988e-07
1.9505410591008587e-08
1.437585709247303e-11
7.448702388836697e-08
4.453378202241793e-19
3.4721821691311373e-12
0.034796372056007385
2.2278748858065888e-13
9.581507021350196e-10
4.938461649663098e-08
4.0570416165056406e-08
6.125075705627383e-16
3.0533226833279904e-11
2.1680247179463537e-26
8.375260607811122e-08
2.6392007212821503e-17
4.812852870460047e-07
2.68368401152802e-07
2.2010331522770205e-16
3.112549918202627e-19
1.1811118209059457e-06
2.9399957658705046e-16
7.48280233202299e-07
1.1168509211142188e-14
2.0381603118347353e-08
1.1238459431916789e-10
6.256293944513194e-12
5.2653907473284125e-06
2.4373648963476372e-11
0.0008580313458312477
3.919431394955226e-10
7.447456557460995e-11
5.4758101395548874e-14
8.018660459271678e-15
2.3696076396485072e-08
4.6275713117755007e-10
2.2712584088771862e-10
6.39384554637163e-18
4.063261360626719e-10
6.290128951342908e-10
3.3291673931921323e-16
3.6189576862783843e-07
3.1076317221724463e-10
3.9857006137538825e-11
3.9099550166932654e-09
4.506093838592361e-07
6.170371729268846e-09
3.212044635992755e-15
4.799140559859801e-05
9.995205489512104e-16
2.0316520417013176e-15
1.4784249389642708e-08
7.870319938831229e-29
1.8968455711822373e-06
4.348021209275485e-13
3.6140156975353345e-07
1.334331725492168e-21
1.8795106520106035e-07
1.8022557074319547e-05
5.2620780349784295e-22
2.5944748908757424e-05
1.5557515547998556e-07
3.480156817136475e-18
4.314575846982367e-08
8.22942211207744e-10
8.418312378957045e-15
3.8320097369162036e-11
2.4864140240004132e-12
1.7923696275047084e-08
2.257954540208272e-13
4.211727203247818e-06
3.787116768851183e-15
9.315415176705023e-10
3.622637091246276e-08
7.724079560685717e-14
1.2615376974370064e-08
1.0387979971767662e-12
3.169703307273087e-08
5.687100399540012e-13
7.282202760787412e-07
2.336363124631726e-07
1.7090334066227864e-07
1.2819354834515996e-08
1.3494866621845262e-13
2.564615059097773e-06
1.7377280131892255e-11
8.350888292918796e-15
4.897632678687245e-11
1.919947289447381e-08
6.443113063040693e-08
1.4766842424728469e-08
6.487278514208646e-12
1.818521647900994e-06
3.3042230424869946e-08
1.997917367894482e-08
2.3804740729454987e-06
1.1948287656158772e-05
6.641569767182715e-07
2.2731069542857316e-05
2.4900561123073148e-08
2.979725724734842e-12
3.861755844653872e-08
6.78636356234038e-10
1.2056146312050365e-05
5.067926089980653e-07
1.305081274688865e-16
3.166067841168562e-09
7.396605606933074e-14
4.997457584796489e-08
1.317223600848826e-10
5.433983000958822e-11
5.2414279841429665e-15
3.2627707915148607e-12
1.928599880793611e-09
8.379058257307877e-16
1.701904467518381e-13
1.2135879025290071e-14
1.408881478629449e-11
3.424565692593583e-10
1.0527013951352775e-06
1.4228419396244917e-07
1.5697372195459346e-65
2.0164598066975204e-14
2.167927033436621e-14
6.812252314052647e-14
1.4513643601374313e-05
2.9148745401930217e-11
5.475739269910721e-12
7.530968603430706e-13
7.048339136493241e-11
7.834630406391336e-17
6.492748636314929e-24
1.3408281404945858e-07
4.692329668959539e-14
6.785207824425664e-07
1.8650407435365426e-10
6.212273949998183e-10
9.356550715241526e-12
1.0546445902878588e-09
1.2796013703469378e-08
2.247165622919597e-14
1.1625292471697468e-09
1.9939269448880156e-05
1.0968069117727164e-10
7.868337695097787e-13
1.5481800434314538e-09
5.617273226379602e-12
9.950037463593855e-10
5.854794244496302e-24
1.944474932043966e-17
9.557988315182539e-12
1.1551412217242539e-12
9.164100742223934e-10
1.3291414998641013e-09
1.8122511373212185e-08
1.6882366758233864e-10
1.6626504351332978e-10
2.8969728129165526e-08
1.5248786219157462e-07
8.883506467402402e-29
4.2076945083922215e-06
7.919790326536279e-16
8.598259066613395e-22
0.0001095080482071843
5.976861545581583e-15
1.8082359566143305e-10
3.87910140640822e-14
1.055123768319995e-10
7.889242760747635e-21
1.8097806115640473e-12
1.6006437964515134e-12
6.226812556565063e-14
8.75374721005422e-08
4.5344604011059215e-14
1.4376139644561054e-11
3.1273373252556383e-43
3.857340561591692e-11
1.4057969624494164e-16
7.76456403749361e-06
8.938807152161145e-12
1.0386324441617875e-17
4.0059767991799206e-27
3.898111121769807e-09
8.716842444519121e-19
0.0012589936421444985
4.952502286238708e-08
1.7854451251780456e-27
1.929892859010216e-16
1.332421977536453e-06
2.0261128933107385e-18
2.5409198509718146e-08
1.9613087574876873e-12
0.0004211169718713768
1.3085171089668509e-08
1.5547135694077943e-24
2.3426081492959177e-10
1.8026939845265443e-12
1.3315857247564286e-12
1.407976519542442e-16
2.807861568622295e-07
1.7662802308625115e-11
1.1276411472657233e-09
1.4509940384270407e-05
2.4729245429108616e-15
2.983330286897082e-06
4.2715796088464564e-17
1.5702726893842856e-09
1.7513466156912773e-11
4.845697907922676e-08
6.492463874851384e-16
1.0659011001915054e-12
2.472750375634304e-07
2.020443587111235e-08
2.324098861361624e-07
2.0753581259614964e-06
4.5904190406078365e-06
8.864491127449191e-18
3.9702430022484e-06
2.8943825233268e-07
6.234029380081963e-13
3.067944684982536e-07
1.0274424355028158e-08
1.2654483497354398e-23
2.540270839305597e-06
5.042674701193463e-40
3.7882353443390735e-19
1.3240369231586443e-08
2.3234739022389625e-09
7.163388104780796e-18
1.3408088194955184e-08
5.730587310963151e-17
2.227476767697343e-10
3.5665396293655515e-07
1.3428433845083292e-09
3.603489146358649e-08
2.3764478427468697e-08
2.812013928604239e-12
8.48922458844585e-23
5.183473957545893e-13
4.829664782389368e-11
3.153002768619968e-12
0.00015408539779657908
5.641761293366193e-10
1.2396376595294728e-11
2.5770329199129125e-10
3.529434153952688e-19
2.078536881131712e-27
6.581271900611788e-05
2.853695623967658e-12
7.46436085852844e-21
0.00016030880427421595
2.8260113781714793e-07
6.28175642039333e-09
1.6151449409847434e-10
0.07836252232912955
4.332117466865398e-19
4.067776900585042e-09
2.2455712963390825e-25
1.823989137335565e-08
6.928846883255274e-05
2.1814173647644378e-06
1.714685899015443e-15
2.7275637013614563e-11
5.617980080673275e-12
9.079114962492155e-09
3.381479371388949e-06
3.699542667297044e-11
1.2440547721820788e-08
1.8929455352316807e-12
1.382192233500329e-09
2.505907240349186e-12
4.383898941874563e-09
1.3584602954067507e-22
3.036680581532534e-08
2.845065659942548e-06
1.5570322910002246e-17
2.754788231822653e-13
5.614801555960927e-11
0.00043984938550428076
2.68137798581729e-09
1.0679177452116317e-07
4.63773266971086e-13
4.486953260404376e-08
3.7403376163427276e-13
4.4507356496427005e-07
4.910838500037458e-06
1.2241371661655285e-14
4.865918374446563e-14
1.091681242193286e-26
5.022569447745101e-10
1.3997891521827947e-08
3.1539426800626933e-29
3.548997493166467e-24
7.570278592422766e-13
1.8266076405099147e-05
1.0964703585692408e-13
4.4472525012636794e-12
2.2283938682186947e-09
7.450597067375982e-13
6.420194831231834e-16
2.7117981342808245e-05
1.129687640930926e-06
5.915901330301258e-07
1.0176903587433273e-34
4.7680077936575486e-07
2.732536641947344e-10
7.065710586566442e-10
2.571123681468257e-19
1.2206467555824428e-11
3.1893017005602057e-46
7.31026324687236e-10
1.2462454738319164e-15
2.418154237190067e-10
4.7321741271140197e-11
3.391673469344617e-14
4.098230889007828e-08
9.689360673495468e-17
8.972021946574241e-12
3.507234049002932e-09
1.4930309756505317e-07
5.445210961575031e-11
2.4814132377767434e-21
1.887075766174146e-09
5.4445474974369895e-15
5.3384797845310876e-12
8.7558516607979e-08
1.1789330751111624e-11
2.68252688463844e-10
1.8764209223231098e-12
8.68205239930703e-24
5.915054103469377e-07
9.39067648749653e-13
7.854734086792148e-07
2.457998808510796e-06
1.1698948858890254e-10
2.3938699894858284e-16
2.828869101837611e-06
1.8833585899815068e-05
8.707300408414844e-11
3.7747302441383685e-12
5.781245599268662e-07
1.5560526117320502e-11
5.292906900705807e-07
1.4354534878869103e-08
6.0901902695941176e-09
8.996322939792995e-36
3.714969840896296e-06
1.9022131835545672e-07
1.5113012186124654e-18
5.728400389950708e-21
1.133139293282701e-07
1.8753289900403518e-11
1.7066558360361782e-11
2.287465672779195e-11
3.3997402616483927e-07
1.4200806713172623e-15
5.4644494890937327e-17
4.025439842792621e-13
9.32085169185252e-17
1.2319512554195575e-14
5.119150055765956e-10
3.368843208002039e-09
1.3223604357185098e-08
2.208036569650197e-12
5.894097510610391e-06
1.484850899582672e-11
3.1243962097011214e-19
2.2851790878385812e-10
6.995791859385762e-13
6.874139878801706e-09
7.123246947650154e-05
1.7369545016125468e-07
3.7287889707303047e-10
3.5152840707261545e-11
5.664328836369688e-17
4.691464448842093e-15
3.0826689492694295e-14
1.0385023952801712e-06
2.775860800857711e-07
1.92791712630604e-10
2.3469180992546196e-16
5.7135361535108995e-06
4.325008263199939e-13
1.0420678888342672e-11
6.55075382650905e-10
7.980832314079246e-07
2.099280642361995e-17
1.954085653744238e-05
1.7594560050822855e-08
1.6361007930526167e-06
1.1546266534911358e-08
2.562303957506309e-09
2.8046929649553296e-15
1.8275653604801574e-14
1.1933332326892306e-10
3.009877001960009e-07
1.7180884064946446e-14
7.042993957582601e-12
8.512725823703097e-16
1.3918691603833257e-06
5.490178307845698e-07
3.341888225270778e-08
5.293922990267163e-09
3.1211163273538252e-21
6.284457926567795e-10
2.9480622450952135e-13
3.2908321306791694e-07
4.1956732667340516e-08
7.09586890755255e-21
1.8487261484572682e-11
1.666148431778303e-10
0.00036484050304921704
1.9503590129030694e-05
1.4055770752369477e-07
1.6170234545704838e-20
5.580217244850896e-09
1.4966174665271313e-12
3.4728258983666507e-05
2.5605507536932417e-05
5.168879991681025e-09
1.4941980378680555e-18
2.434700730969174e-07
7.766668112350637e-15
6.605841187227473e-11
1.3067854950882652e-39
2.6991867628144097e-13
2.776578681232757e-10
5.5620081525611885e-12
8.419282673946843e-07
1.3294959300427891e-06
6.8847101688822036e-09
1.12461996784802e-15
3.0522305735227575e-20
1.466745279020405e-10
4.381161932036994e-14
2.620067328816763e-11
6.211855950794899e-11
8.996874453781347e-09
9.883408466446775e-11
2.4829683480914526e-08
1.1808998293452725e-09
5.594268807435231e-06
2.9681811611767197e-21
3.691611207269926e-13
6.4141781311333756e-12
1.5839996346387004e-08
1.0752704054376692e-08
1.9991254554537298e-13
1.312910916681691e-19
8.962177484555158e-11
6.113198980830528e-08
3.6657488404527636e-10
1.1550769881121337e-12
4.106011346923653e-10
5.282484277165349e-06
2.0413466627727443e-12
4.2888683369232295e-06
1.0483362345028746e-12
7.7486241682688e-10
7.149327157835248e-07
8.865088912432276e-19
3.0247314646177284e-12
4.469097561100396e-09
1.7666377910879604e-19
1.5607439293298418e-05
2.0066868561325085e-15
3.928004975466791e-14
3.215312902400623e-07
8.074249119956429e-08
2.253005169958661e-11
8.834429820774398e-13
7.963746707261073e-13
0.00015285297807338707
4.7638695026401566e-23
1.8521197737521144e-16
1.3867915317688523e-33
2.1736901185792868e-14
4.828318884564062e-15
4.150915048474361e-07
1.288878048253183e-10
1.81632858074198e-05
3.317325694117054e-12
6.536420226242044e-07
1.354711761132652e-14
3.342446533210684e-08
4.3331580455098185e-07
8.471297182922343e-33
2.1096341545366595e-08
2.8247466412154514e-07
4.5734049480310983e-11
3.016281832212532e-12
2.7139953733018387e-12
1.741620773629413e-11
6.389825490830306e-07
6.474557907385744e-13
9.66495776713759e-13
5.7210391786643e-06
3.2248336481641306e-07
7.26035853739749e-10
4.6168354608505653e-11
2.701839707233964e-24
1.7640779056659906e-07
2.346124634934196e-08
4.450790191927596e-10
4.299666285578515e-14
2.375286459820301e-10
4.719732763793028e-09
1.2251460358872644e-05
3.997763919275718e-06
6.650414719382948e-05
1.5313851432572086e-10
2.570775251408149e-12
2.426656098870033e-07
1.921235290953363e-12
5.654614184811989e-10
3.6521321413398235e-08
3.268050543363717e-29
3.3997402616483927e-07
3.297288084141231e-07
3.431249074684767e-07
1.1951735979640856e-09
1.262092956592582e-13
5.259218256680987e-15
1.3573880251290555e-05
1.1482187412666412e-09
4.537624801733773e-08
1.0428617447100041e-07
1.9644446886990208e-08
2.5245622414368804e-14
1.201205023757871e-17
1.4404996889064523e-11
2.4081072942436526e-13
1.6990737169792395e-11
6.648889426212143e-30
2.2077675898633098e-15
1.5064687665571195e-08
9.988915230407426e-09
3.7722996467160893e-06
7.882124718983856e-16
2.6440692617815854e-20
1.213439344505826e-06
2.8768810925166035e-13
3.310234964108566e-08
1.2428935730833106e-11
3.934072305089087e-05
3.1442674960693506e-07
8.78572570408791e-12
8.434623358448455e-05
9.156634628645043e-13
4.204339687423504e-11
2.2584616823183273e-14
3.358548320273235e-07
1.9928430704494314e-09
7.006096067071614e-11
1.347102893597808e-12
1.2937755183855366e-19
3.149128353414828e-08
1.240318699009116e-05
4.585811263239618e-11
1.0728962639889728e-09
5.890788089548032e-11
3.217020859572664e-12
7.442410642087675e-11
8.733535274476048e-09
5.532000240836424e-06
1.2690948149962756e-13
1.488691445956864e-09
1.0737350526623517e-09
2.780228776867571e-09
1.7566248833406014e-14
2.4431356109530226e-23
1.6115534817698266e-14
6.492488607918072e-10
3.247890631215074e-14
4.2226758370151074e-13
1.7861236881228035e-09
3.267324025373875e-07
8.426782453123564e-06
6.229077048372618e-14
6.0875911192939164e-15
1.2307740643527324e-07
4.712053704138014e-08
9.231741491373077e-12
4.809833752398294e-06
8.651347604423524e-18
4.4427683886376774e-12
1.4892651313059967e-06
8.129569484843601e-19
1.4562831779767545e-13
3.2569262510788777e-16
2.616585209531744e-16
5.520066395781273e-07
3.715578362060239e-12
8.6698730828504e-08
3.621425206037728e-15
6.668509001634032e-07
4.176441764356967e-08
2.9611504065179744e-12
3.7112578674547324e-10
7.279555413706664e-28
1.4175472341025127e-09
3.3234938683122466e-19
1.1223227349781716e-13
1.0982221894221445e-07
5.437164217776447e-14
2.3737259736326816e-18
4.1797302634737463e-10
5.992940346040982e-16
1.2874842606636968e-07
2.045895579604615e-06
2.2492833461044247e-34
6.208950650408376e-05
5.969373192882092e-07
7.697570478862638e-09
3.3759565702563542e-09
7.54356142115512e-10
6.371432901606805e-11
7.796463156196406e-18
6.039151592941975e-12
1.4584183449950172e-10
2.1643626857205009e-10
1.5027205980998983e-10
1.729103340414968e-09
3.195743628277901e-07
1.0579333550882266e-05
3.7506409928274167e-10
8.080087471486127e-06
6.33967453740773e-16
4.185597299139954e-38
1.4666770856300944e-09
4.6673613112308004e-14
3.3703567791251987e-13
3.781082354925629e-12
5.739483911562561e-08
8.504903964688171e-17
2.1364611814416437e-11
3.5527518667419994e-18
1.3009031512817465e-10
4.7167317609510885e-25
1.742577844378681e-07
2.385800407120445e-12
1.0119136789896182e-08
1.687246790927448e-18
5.1967214936293974e-08
5.930668729076722e-14
0.00010297552179866844
3.727333831710267e-16
1.9463492704193312e-09
8.013052363286319e-14
5.4146683877425236e-11
5.086059237004861e-19
6.086653865749635e-10
4.963872765381863e-27
9.991338531229504e-12
7.152988064385398e-15
2.062623309450539e-13
7.221488966214473e-07
1.7016007907610947e-06
4.537777669214696e-20
7.772244994750642e-16
3.381862617819442e-24
0.00016662034357997887
5.8557175364663485e-08
5.247040928727027e-27
5.073910401438978e-13
4.285806793927673e-12
2.7883224887310494e-14
3.11188376589241e-12
1.9758443041211476e-15
1.1902669680805297e-11
5.457649661265897e-18
4.839243903175308e-15
5.719609121220441e-13
2.5097317875550194e-16
1.689986979141122e-10
3.1382792882432946e-10
2.974726982333852e-09
6.458589272065464e-11
2.245064793474879e-09
4.677038191034301e-08
2.574745011953172e-13
3.739253886304949e-05
3.896130503690539e-10
4.263030351097129e-08
4.217932328969492e-19
5.622773977185078e-09
1.7648809313115682e-22
1.4790227402981512e-09
7.006533801842262e-22
3.9963595315893285e-06
2.839305355139975e-06
9.052522892023376e-13
6.977664640594347e-16
2.510732267040339e-10
6.060678259640543e-10
4.936859087948266e-15
1.8091086415133187e-07
1.9402862687607074e-08
6.23792434647846e-18
1.015691824348192e-13
3.7985408742861927e-10
7.143103985754093e-06
2.645885124768267e-19
4.3744995459165917e-16
7.165100921632295e-13
3.3210661786503687e-09
4.632641580240024e-23
4.398330611777758e-13
1.0984419014734341e-05
1.7642209045920876e-08
7.93309271053444e-08
1.8800318250651012e-06
2.8620862913120815e-08
1.1132175837320099e-13
8.439820796866572e-08
4.2755714557066624e-10
3.655241753709691e-10
1.8264337178195103e-16
7.749515069813205e-15
8.852878594912579e-16
2.0565433593987958e-05
3.662268425122161e-15
6.110929402439058e-07
8.008419886494767e-09
0.0002684471865565214
1.7926165077701247e-07
2.831516995452527e-06
4.0065235102043943e-13
5.973980751893836e-10
2.12115687633253e-07
5.911876798486332e-14
2.0939142872404684e-10
5.185664632421662e-110
8.681117072172268e-11
1.4005076186041441e-08
1.6306286590764524e-11
1.5079821557511417e-11
1.6076515733840415e-07
6.482953506589899e-13
2.47323479377825e-19
9.549336793072807e-26
2.5964219768600247e-16
9.566149431274592e-05
1.2322258670641048e-14
6.781517992655882e-13
7.158407558773188e-11
0.00015453596158149262
1.0106690821326775e-07
6.927291207097477e-10
1.0433043798803757e-06
0.00015109530673443512
6.37518162166667e-10
9.413393192728193e-15
5.669749461447894e-13
1.8519331343446953e-05
4.635423563727108e-07
0.7033035755157471
2.3267890218487378e-23
2.4038128150309207e-08
6.63053182276632e-20
4.944904921270321e-29
4.1936776491095536e-20
1.4389663986336868e-13
5.130214086733409e-10
2.03392448054026e-12
6.29424205365258e-18
2.7124004205639904e-19
2.6631735447754885e-26
0.0032495753320605832
1.4845968907861113e-10
0.0001758807412046823
8.984596162541051e-09
3.281250788532824e-09
1.105401555125878e-17
2.792857008349142e-09
1.4600701417834963e-27
1.7746184511009843e-17
3.133152208492994e-11
1.8001513706228675e-10
6.539318610828057e-09
5.560868232873357e-17
3.2978648460941398e-28
1.5054084510631368e-08
5.913226872449279e-22
2.4605572905885083e-07
4.687892801272997e-11
1.7393052921831746e-15
1.18446135245316e-09
1.8395071283399833e-10
1.7238660307490923e-08
8.505348175815705e-15
2.801074984171363e-08
8.66157141388614e-10
7.269831589943288e-16
9.770979037594133e-15
6.413142483119064e-17
2.6266132090646715e-07
2.135888992525857e-19
6.244439888542186e-15
5.054446476012229e-16
1.1547160734831037e-07
7.774635580037389e-08
5.12333059127017e-13
9.59584599820546e-08
1.501742791743851e-06
4.3491624154529916e-14
3.295272894051034e-05
9.502088528216853e-09
1.707543775836968e-14
1.7892236185795059e-13
3.2924088497246393e-09
2.233287783849466e-09
2.564950867513941e-09
4.680000141174009e-09
4.9880030913217525e-08
7.323085546676956e-10
2.10215769378488e-21
5.003181353173086e-12
9.345974760453113e-08
7.77839538478488e-12
3.0349806513076366e-05
3.2732549563431784e-11
6.883683635316682e-10
5.56849419715644e-16
3.432153230449988e-09
7.985076874398848e-15
7.912931892967558e-18
1.0962755609500153e-12
1.2805037040858055e-10
7.389476527353205e-06
2.453492228123344e-14
1.6209484237984587e-05
1.5736047588102812e-07
4.945035234004375e-15
5.549469384507742e-07
6.528203347443325e-07
2.951250760312016e-20
2.873812426181257e-13
1.1480422747565106e-07
0.00020630169103900628
6.018540551883995e-08
3.617083939668053e-10
2.9224822890796137e-07
1.4037043993383624e-33
1.1493000493545481e-07
1.1796726573759677e-13
8.725772536484176e-09
1.07228007446332e-09
5.01072249693974e-12
5.791000209404066e-16
2.2139477871729765e-08
3.667249812948264e-16
1.0670976168398411e-11
1.2895470337086746e-09
2.732860511134547e-10
4.1236340100630934e-11
2.541493879801856e-12
2.1812147602092013e-28
4.2077326636989383e-16
1.7119371265360624e-13
1.7105472333557244e-15
1.152015058996617e-09
4.628999768605997e-09
1.0449698082492148e-17
4.085544188166499e-12
1.0587625167134617e-15
1.3589596242207945e-09
5.470982919562717e-13
2.70423175839648e-07
4.4693294985627244e-10
6.895326721297909e-12
3.9717319462546985e-17
1.2290338872517205e-15
2.9406845221943043e-24
7.099940931862833e-20
1.7943517772411444e-12
1.1909443385594632e-09
4.522403735803866e-09
1.6827939119584675e-11
1.3720936450444325e-11
4.431060525776506e-12
1.3437635914800155e-13
1.02305028740315e-09
1.133949031402763e-12
5.278069614017191e-07
1.724128637254481e-05
1.313872652485666e-05
7.551275613634248e-05
5.364881872015247e-16
8.759816886465934e-13
7.542538688617802e-14
1.9939832543284991e-07
3.767037515353011e-06
2.301795741076328e-06
0.0015433571906324217
8.633420880359932e-13
9.83590736179164e-18
5.785834512087445e-19
4.1018712448869125e-10
2.4653192576485506e-08
2.2515256581654235e-11
3.0997826232693594e-15
1.3180378695135694e-05
1.87876067336635e-08
7.654480910744236e-07
1.2191351880023354e-07
5.025921862903022e-06
6.269633323271574e-09
2.6941082211666565e-07
3.121796366574808e-14
1.2014873999160229e-35
4.26922521651063e-11
1.7640779583370532e-25
1.3875813742344093e-07
7.001725099295989e-13
1.2056704268504633e-12
4.1504564337235124e-19
0.0003566395551225232
6.577826447869387e-08
3.1892016736317383e-17
7.381852871084476e-12
3.4227631294170558e-06
3.175863560256725e-09
9.189661831908353e-09
9.265197428495023e-15
1.1082932381939843e-10
7.559113180306588e-13
3.679825333707019e-08
4.271857860748492e-07
1.3202389908218606e-10
6.406202989144064e-13
1.523652512775011e-12
1.7432734964041667e-10
1.3729592015887231e-09
1.307534121734319e-08
6.418066744980804e-13
2.0075925734190115e-16
0.0009037949558621771
2.657870277176842e-11
1.0008080601652914e-09
8.524856914543458e-15
3.3736339276668886e-14
1.561996857786525e-07
1.8373854881349963e-05
1.143202705805952e-09
2.0214270725888313e-07
3.9652524941954954e-07
3.4947124170614495e-14
5.186725056739855e-19
6.376460137926964e-15
1.0863211769412355e-11
2.185979582140475e-13
7.536438595864823e-11
3.405191916086593e-12
1.912440180807703e-11
7.73248128488203e-13
1.8521253571935176e-06
1.7628162004638716e-08
2.370926639369179e-19
7.066106216398401e-10
7.019361514532582e-29
2.554714558862262e-08
1.4750319973754238e-09
4.271226594575699e-16
1.9246092913565117e-09
3.5039939560967753e-12
3.162855427486745e-11
7.665765738718956e-13
4.8973111075800744e-08
1.125715250731956e-13
1.146017050537048e-13
6.751473074466002e-13
7.849909906528843e-06
3.6511658808963466e-06
6.139940999291837e-08
3.2100839973531063e-14
5.288797419221834e-14
1.47117471222849e-08
2.411598546773057e-13
2.5550175966340913e-07
6.486763224293487e-21
2.158685292072663e-14
2.8842532661933313e-25
2.2871645948393182e-10
2.1828443948490077e-07
4.9840098220476195e-22
5.586992081060935e-06
2.3670726610838662e-14
9.90573861649265e-12
2.263025830883881e-09
3.0307530682514923e-09
1.5337653839435654e-12
8.677483730082922e-33
2.578530718309544e-09
1.8026081188836668e-06
9.484151378741443e-17
3.1874835642658e-12
6.984242742604758e-25
9.536069445780742e-09
3.5461224119990395e-09
1.0955094277213233e-14
1.04982433939946e-08
2.8688800152900537e-08
9.925611402760443e-19
1.6029458341207313e-09
7.41709615538891e-10
3.3235855122104036e-06
1.0164994231842855e-05
3.735156524607788e-10
7.954377710826228e-19
5.4122270666717844e-14
5.230204106873246e-22
7.756237773644315e-06
2.046302034769786e-15
4.0565886924578384e-07
3.1261593074551022e-09
4.949838610910333e-09
2.68994496525577e-07
3.3630095579612765e-08
3.3482453011537494e-07
2.1866900320146804e-08
1.2291432792352842e-07
1.1116243185007718e-13
1.328725751088483e-18
2.3905681247421298e-11
1.0449113662540824e-22
1.140950060579049e-09
3.756029484388003e-11
7.607889321616218e-07
6.98470821654595e-10
3.2552147691748064e-10
7.279555413706664e-28
1.3747992568726698e-09
1.566230844552953e-06
9.555934816904546e-08
2.2107073945660295e-16
1.7891182924549905e-09
3.026256763695134e-08
1.194443627162284e-08
1.2633637155565414e-07
8.479072122636618e-10
8.699513783863113e-06
2.5906597497578155e-23
1.4737853673447587e-08
3.3419012664772504e-06
1.9255574306057254e-16
2.9949749772412272e-09
1.490219931600226e-11
3.0901824953220106e-08
1.6461508898671766e-24
1.396373573322915e-12
0.0012589936421444985
5.71110322036013e-23
2.362333884741424e-05
5.1251489131819345e-05
4.357656848275821e-06
1.246523040800246e-06
1.0217426900705942e-12
4.0190588890373556e-11
2.965061785379396e-08
8.881636255116127e-06
3.649826015962232e-10
2.47177920980491e-10
1.9053132001477895e-07
9.272461103006375e-06
3.5605169520183537e-09
3.310454902741388e-07
6.226909927740646e-13
2.8734986509623367e-07
9.090216190979741e-38
5.70085197772738e-16
3.0175741302728442e-09
8.843596766352264e-08
2.338079233994738e-08
3.7827045670632444e-14
1.626451146766981e-10
6.862907477729683e-10
8.110656656091418e-16
4.4876168382650766e-20
1.1968283642372695e-06
1.0622406890756235e-13
3.801254782263879e-10
5.524847620571726e-10
5.787908523757242e-10
1.409339282176981e-09
7.748633671076975e-28
3.4589429374581036e-14
7.584965446789372e-14
2.3455759641375445e-18
2.9790728531089915e-05
4.658966937687978e-19
3.70844759473693e-14
1.9264767399349986e-12
9.687818783370185e-27
1.4149149405232343e-10
1.961899714056695e-13
1.1471737744823818e-12
6.32769628379981e-08
2.3562250937539367e-10
4.440582731463466e-08
7.702196034558513e-12
2.9362665006377254e-08
8.608157274192354e-10
5.032427839914577e-10
6.417094141983771e-08
2.686729967928189e-10
3.6283731437893997e-10
2.7668356495210903e-17
1.4675590458510366e-59
5.531371137496248e-11
3.956777905535912e-11
1.6722911729197226e-05
1.4027990785569808e-07
5.54872417477168e-07
1.5256336467794538e-10
2.920140193505641e-09
6.6894001346507635e-09
1.3712034172570764e-08
9.047772215245831e-12
1.8805574445356777e-15
3.729297086445347e-08
3.5440381817981406e-17
1.8707451196933519e-07
3.264935310033562e-09
1.2514569441906251e-15
2.548592062801613e-06
1.2916881623567587e-14
1.0599172098665327e-24
1.6024718339367472e-05
7.202136310146415e-11
1.2275919453463176e-21
3.0461619318402814e-10
4.045441631516719e-18
5.2147387998369084e-11
9.257076521172079e-14
1.1330091564085996e-11
4.9927200670400466e-14
1.1437754299450416e-13
4.673824850507806e-10
1.3307778449592599e-08
3.203661707239711e-19
1.6989997237292113e-10
6.11151801248624e-08
4.176910486256053e-14
1.5356357254111278e-06
3.3903689713117826e-07
1.6476646427463463e-15
3.8271550909210424e-10
4.2045533006750804e-14
8.414493997485502e-11
0.0005411870304897967
1.3405435521338699e-09
1.3222406968357835e-11
6.505833157379235e-10
5.077606305591318e-06
6.13727926178326e-08
1.234625754505008e-07
5.993029222982186e-12
9.795716009492283e-07
1.2764603884665769e-08
1.3281044891234575e-06
1.6226235260708315e-16
7.900423717542109e-08
1.65120495386284e-14
1.0005966695122769e-19
9.053284628781206e-19
4.691786717729735e-15
1.639571134546233e-08
7.02379344733896e-13
2.352102129983379e-17
6.636727344847778e-14
1.4268960376139466e-12
1.1782135988905741e-14
4.249776918502669e-15
3.736472745033496e-10
3.9828268840891535e-21
3.9667251774351834e-08
4.02429933358713e-07
1.9400696186143748e-05
5.87944701951645e-13
1.600208925186379e-14
3.524047415866554e-08
4.17849636082166e-17
4.2398819138278804e-07
1.510241838551612e-11
3.1997772256051515e-08
3.3724444172841646e-08
1.2324758949918367e-12
3.5046619661222825e-10
1.8665766406639738e-16
8.697372419585132e-11
6.777595705760416e-23
6.346821280837456e-06
1.2480966818920738e-13
3.829338239082935e-06
1.813094712052666e-08
4.598798588828794e-15
3.3735037654828706e-06
3.814534499973205e-13
1.0218467096130293e-06
6.451821168104834e-05
2.792857008349142e-09
1.1624711488210405e-13
2.981751524491453e-14
9.071906974921348e-22
6.640985591027706e-14
9.820966515352936e-07
1.071300907843737e-12
0.00022430954405832558
3.987708083780279e-08
1.7547633943194662e-10
8.468234208733143e-09
1.05919395708243e-12
5.658750337275816e-16
6.661390830951712e-16
3.878295386781207e-14
9.222538343692233e-29
2.112008398637757e-05
3.2974994628016834e-09
7.811305171639736e-08
9.003537148661032e-11
5.826582361360526e-08
1.6570374131667784e-12
2.803142134022128e-13
2.549259460562196e-06
6.80698904452754e-13
6.090700807739285e-09
6.097601471282006e-10
4.375225922969e-07
2.915790407963157e-20
3.746637242836634e-24
6.527872132084326e-11
1.8878005353994974e-10
5.997035434290186e-10
1.5485142704115934e-05
2.0966151712908653e-09
2.163165395540373e-22
1.4186911581613143e-15
4.540306966207358e-22
1.05603653828271e-08
3.7170662664547486e-09
5.670932602559031e-24
1.3993228099316786e-80
6.550623799810989e-10
2.289440549326106e-09
1.239825126297361e-06
1.4491590144626971e-08
2.0865816586544815e-15
1.5422080791035354e-06
1.3471598293710708e-05
9.315875199401019e-09
1.5127318155460053e-09
2.9196075878055396e-11
1.1678320263177686e-08
3.168132639210951e-18
6.007048720974443e-12
2.473239496840196e-09
6.7492402159445426e-15
7.540084190541861e-06
1.76022885474927e-08
1.0945469480004767e-12
3.067827097636829e-06
1.050369021204771e-10
2.19408399332426e-09
6.2195024221864695e-09
1.2109306395991279e-14
5.340427033598125e-16
2.0636359232105136e-11
3.149232521435238e-14
1.8687838292092128e-06
2.50426899965289e-09
1.9817256119226378e-07
1.968596901250099e-07
5.339726312253882e-09
1.432590763121978e-08
1.7263739654959677e-09
6.880113908219176e-07
2.57852548061618e-12
3.042555675508937e-14
5.555795934856975e-05
1.1477360281617544e-15
1.1573018535224853e-11
2.173165844610228e-07
5.031107309138088e-12
5.18138471818121e-08
4.4384439745070917e-10
1.865495555893615e-13
1.5421499913799115e-08
7.503491730698222e-16
1.4767120807925904e-14
1.6228968971142626e-12
7.905017563525512e-12
3.7312112878300276e-13
1.501742791743851e-06
1.2376386525123401e-14
1.1561312887768746e-08
1.0964744628377228e-21
5.9117921522568366e-08
4.266165968848101e-20
1.5282035705115608e-06
3.017223626397467e-14
7.845626641461991e-09
2.140247662794982e-10
4.976067865456563e-13
2.8293070394706087e-10
5.902560227324277e-08
1.6698439750398672e-10
1.2819445667179308e-15
0.0001705583045715542
9.396550043586606e-13
4.533012073442775e-05
1.0306834904405655e-17
5.133668846789077e-10
1.0919542979612172e-14
1.3474611790753262e-08
0.0023524126399230433
5.169544672411419e-16
1.3933549059252838e-16
4.873793685242341e-13
2.6691251986755658e-15
2.7514530772703715e-35
7.122774375784345e-07
4.574223313835717e-11
1.1776965937333989e-29
1.0474103260509138e-08
5.102093653315819e-10
3.422387224245819e-14
3.8086160249282844e-14
8.109000202404814e-09
1.8779677920722447e-12
1.0698424179980959e-05
2.8713745267447985e-06
1.3176720265968407e-07
3.411395991927283e-14
1.6235694513413425e-11
7.873296997099941e-08
7.229496632072745e-15
4.3014402385377405e-09
0.00025426823871092547
2.64689647546086e-06
1.5999473914818788e-09
9.410559690771495e-15
1.3447954883434278e-09
3.3470762964810534e-09
8.617311759261023e-11
6.006932768031554e-06
1.3493526018954607e-21
2.9460215974129015e-05
1.1261408049364924e-11
8.151589927085206e-08
2.635192650413809e-14
3.7802384764249606e-10
3.1073197607621893e-10
1.7708543219197068e-18
2.3704304264745497e-09
4.881656759268733e-13
1.0781666345566062e-10
1.7219630108130933e-14
3.389958683663221e-11
2.6348667771874975e-26
2.0603129914897257e-16
0.0010096196860712517
7.517494374574322e-12
7.435301856673482e-05
1.1463546356542159e-06
3.7692736355741104e-07
2.069231534355959e-06
3.177944005260548e-17
5.180246191827245e-09
1.4960604202911206e-08
1.2544362813103336e-06
1.5955451323163247e-09
4.581771392724506e-06
2.9532197639735395e-09
3.045668677862355e-10
9.734889986810879e-06
4.2090974163427187e-08
1.652431483156673e-14
3.576687233375654e-18
6.099376669439554e-08
9.632394964489638e-25
8.000863697047269e-08
7.384726595962407e-06
1.8173561937973436e-09
1.4491011904957285e-20
2.1811129852938613e-06
2.3929794841611695e-20
5.585856747146434e-07
5.948470194636764e-15
1.010840800395468e-06
1.0967477553186716e-16
4.162422576909437e-15
5.760683644421802e-22
4.328662180202723e-15
1.20605417240957e-12
2.1105606932612277e-14
2.4949187986131557e-08
7.120503733815096e-11
2.0962431591558394e-22
2.4374757705043273e-14
1.4216643617931212e-38
8.540888512164437e-13
1.4057195645171492e-06
0.00014195012894554842
4.554069306265827e-09
6.205982666014636e-12
2.0778719819157738e-16
3.316305533170139e-07
7.461161492603714e-32
5.422699766779997e-14
5.670932602559031e-24
2.7623089496556794e-16
6.147484408981709e-19
5.760824095785554e-12
4.188522982100567e-09
1.087937236986811e-07
1.1568786249823978e-12
8.497552113799888e-17
3.960865101487379e-14
3.414990947321798e-12
2.0986379088592086e-06
3.84315881046839e-06
1.3945635222860656e-11
3.908576283834462e-07
3.4578725843556772e-12
4.861672036381019e-12
5.686693175882366e-09
1.614981847823095e-16
1.168114763603839e-07
1.7237716220620452e-13
1.3683369229590932e-13
5.678909366482398e-18
1.3813762728410687e-08
1.4804785001337476e-09
2.4277344220821965e-15
1.4587729292409087e-07
1.0059694288590696e-24
4.5678956013479615e-11
9.221059159212812e-15
1.695077528573843e-07
9.463166128975766e-16
2.223955334119336e-20
6.591863595988208e-18
1.556450239499252e-14
0.0004277378721395069
2.219373254972595e-09
1.4918885940542242e-09
1.3106265996744972e-15
9.842239225639528e-07
1.4523406553061639e-05
4.61347751627226e-07
1.2981109025360639e-11
1.1979841388763866e-12
2.007389451855102e-17
1.0372980555497428e-05
9.50966270839804e-08
4.882854233346429e-12
1.0204407177459156e-11
5.736009050351262e-06
3.157178928048623e-09
2.2222928048152217e-07
1.286545923896154e-07
2.2924493988885938e-07
7.908255990107093e-08
8.123725961766952e-13
4.1506151784197343e-11
4.5469882326402414e-15
2.25988492850125e-14
1.389553506776112e-13
1.7431778593321333e-09
1.1438192146595706e-14
8.019302356271862e-33
3.7682328783245934e-13
2.867882084706604e-10
6.787433941670385e-21
5.978348279415713e-07
4.740264320094111e-07
1.1304487937968591e-10
0.0001307920310815308
3.275471585351251e-11
6.693417799185261e-08
0.0006466215422906076
1.6465034727541298e-13
1.6206588623385264e-14
1.6303566861127758e-17
1.5486319197343536e-08
1.9506430082233206e-20
7.43591445507748e-07
7.153377150778982e-16
2.5504343802866718e-09
2.8263309254071327e-10
2.2505350506398668e-11
3.7264579259692696e-08
7.64979622994707e-12
1.378287204254617e-07
3.4609084638336704e-05
2.137080021315926e-09
4.410943489734468e-13
4.952968726015848e-09
1.491002544967171e-14
5.995401585539646e-27
2.401154737727324e-09
2.752042083337181e-13
3.287724636681663e-14
2.3294713980320297e-12
7.085545817374776e-06
2.7076601916388937e-05
8.688736404866466e-13
7.901434247330532e-12
1.9620060819396565e-13
8.40902663353105e-14
9.967928216169095e-14
3.212770576954771e-08
2.98863883407797e-07
1.2270828141944343e-15
3.747512158648753e-12
3.2295367980861763e-06
8.564413781713565e-08
3.0879394027700784e-06
8.029610441849059e-12
4.043713413517391e-09
9.140089552545208e-06
8.482939673975334e-18
1.229357053596497e-10
1.9102396081466984e-17
3.2411635770036217e-19
7.022652446159123e-08
5.031360606745317e-13
3.109196055549744e-05
2.073116003166711e-16
3.272840734422006e-07
2.6406928770380174e-20
9.882896953887243e-10
8.682038137698733e-14
2.7928638274500936e-11
2.1383264950828077e-14
2.3584522719209175e-09
2.8369612071408635e-07
4.790196371563324e-09
4.20552996383444e-07
9.281915115692988e-15
1.3796934390320328e-07
3.663113297874548e-05
1.5944045963707556e-09
3.7995537934877596e-11
2.8048406822446356e-17
4.022469993858221e-20
1.2654814695515686e-06
7.677823714722935e-14
3.0036345560711104e-14
4.8695654562225134e-27
4.497434810901777e-12
1.4340591469965374e-21
4.5019218339377466e-05
1.191715066746792e-12
3.38599890644288e-14
6.613466218011811e-09
5.972910708191528e-10
4.200030008592105e-09
6.060146139636672e-28
1.0252331638450794e-09
6.907063136748144e-23
6.09555022523272e-08
2.0996115002329692e-09
1.9691260132343844e-13
4.810082743499319e-06
2.063350200641496e-06
3.9915053022888274e-07
2.9468089389206455e-14
1.404369000376729e-05
5.75200068551259e-10
1.8747499910182339e-13
4.403491395575113e-06
6.206477791099299e-10
1.9582028908583956e-12
6.15092950202125e-09
9.132514336163453e-28
9.329364217953316e-11
1.2262533563733366e-05
7.433507437032022e-15
6.545614090895453e-10
3.102319406458252e-10
1.9187900409527486e-09
1.1061505542419086e-12
1.873811328978504e-15
1.4886766249490023e-09
1.8419803126371506e-32
1.5621968523492369e-09
1.3750009414063101e-08
1.892617599239186e-10
3.39988152275066e-08
1.3155431099036053e-07
3.808940835233014e-09
1.1805806956843992e-08
2.439434462651735e-13
2.1512172157215925e-07
1.5398010170748433e-14
2.567894576104503e-06
1.673223032027019e-06
2.2902272187373346e-07
4.956251853268835e-12
5.1449248419814664e-20
2.476064357052939e-10
1.795664719090199e-06
1.9769265849239884e-09
2.34899581706951e-15
4.429652103630869e-11
5.588493616464214e-19
6.907703878111364e-18
1.8650631740449544e-19
4.3261569828384485e-06
1.2914691164606939e-10
1.6982472347958162e-05
9.07531439191077e-08
3.0137349116696273e-10
9.649348996139749e-10
1.3848251010647557e-09
2.5711670391399614e-13
6.732018825569376e-12
2.2266932628194635e-15
1.1495879962347932e-28
1.4496813838337953e-18
6.231295359947074e-11
1.3329667718213857e-29
4.343914941534065e-08
3.3767692489096334e-13
2.0065407064856407e-06
8.54810518180306e-08
1.1712642688230904e-13
1.1972622447738477e-07
7.361264483966179e-10
8.456998846846705e-07
5.969453096628068e-16
0.00016151938369425692
1.807916158732453e-25
1.0818276423582932e-11
3.2084872612051273e-15
2.730942932966396e-13
0.0005865832338611265
6.555673028075436e-12
4.9185616213822656e-11
1.134769123257493e-08
5.2475406522293525e-05
6.261743497020618e-23
9.248178520626465e-08
2.3009970810044752e-07
1.1915419232849587e-17
1.9314389796325103e-18
8.72459782525802e-07
1.3235128955000356e-12
2.6331782194048777e-08
1.968956518407399e-22
2.0173993533036563e-06
2.553476019521348e-06
4.223631447370136e-18
7.368238040882212e-10
1.5347983533964408e-09
5.1601215041891244e-17
4.6617851789223334e-05
2.784855243364309e-11
5.429599937379744e-10
5.353670635355889e-11
1.5137674309384398e-07
1.0161568408342581e-11
1.8926934212168808e-32
1.1369408041982277e-22
4.369637345710388e-16
2.5929618923260168e-11
5.4671377936430256e-14
2.189870646128039e-18
9.260356898920375e-23
4.123544715864234e-13
2.428889787499354e-14
9.718428037955738e-17
2.6168601999088062e-06
1.8886975422765462e-11
4.094500570236054e-08
2.0698976878944125e-11
1.0240742548647998e-10
3.365900902120679e-06
1.0897088065638411e-07
3.3238878141788197e-11
3.784587280463985e-07
4.530238324118023e-09
4.754834299522907e-25
8.818760704233399e-12
1.4125153501364083e-21
8.662675919653981e-18
3.322065052868419e-10
3.5106013858938296e-22
1.2309612133342562e-07
2.6191472385114407e-23
1.3030588861433224e-09
1.2101517134645422e-07
8.327865688015092e-18
4.0908591323445797e-11
3.6728651110288194e-07
6.016351291996208e-16
0.007249047425400279
6.99539319685248e-12
9.261340535266595e-18
3.7225992653531915e-15
1.941304121133221e-12
7.997150489783831e-16
2.4391251731322414e-08
2.288954373913418e-23
7.998577032548454e-12
7.413283886290298e-05
1.3522443104581654e-21
2.462501937497677e-13
1.6588236074062799e-06
4.006308348541313e-09
9.202144316348841e-18
5.992471308609696e-12
1.2402492463188312e-10
1.7464893895885573e-19
5.699546959550573e-13
2.054815890753147e-08
6.879148530906041e-08
1.7082109126988435e-13
9.316223492668545e-11
2.7144613900882403e-33
5.942689774863814e-09
1.5137398627370843e-12
6.636884961516492e-13
2.684563179441638e-11
9.11789109037516e-14
6.505250101835115e-10
2.8809741315892887e-11
2.935490951995019e-08
9.355040836382874e-15
4.346198619469501e-19
0.00013158644914951394
3.95923538702157e-07
3.457140545398151e-13
1.5531390832407028e-17
4.927517145099243e-08
1.7895240209527334e-08
2.220897017198254e-15
2.6876965220934358e-21
2.4067042356285323e-09
1.6736523382987364e-12
2.8271355059274004e-10
2.135079983067025e-11
2.363943609028987e-16
5.445514702616105e-31
1.2234845907452418e-08
3.3848817440933214e-09
6.500242701652269e-10
9.3262943804907e-05
1.7999457924285842e-14
1.844893209276096e-06
2.415183744074096e-21
7.613595625129738e-08
5.547257886544854e-07
1.8742613516991383e-09
1.9082712408134535e-10
4.924396137709292e-14
3.9796908467752087e-07
2.1036891456411493e-11
1.1785376745152906e-11
8.681251884939441e-13
1.074974563462392e-08
4.1182338549613286e-10
2.7853625427880753e-07
2.391498885398963e-09
6.1261714907334114e-12
1.755784086855854e-13
1.4652503534377342e-07
1.535614325352073e-17
2.957529215136696e-07
3.104971315090888e-19
4.216963167885281e-15
2.3603592947514016e-10
7.096531196468564e-14
8.33169802255822e-12
5.556407016892998e-07
3.267474073703492e-13
1.677396283377246e-17
6.363611174711237e-11
1.470796666228287e-25
5.6453019086494854e-08
5.924902635054026e-10
1.39631843453541e-05
8.124550297079325e-09
1.7921872247986274e-09
1.7499972302785628e-10
6.314231908057614e-14
8.283831705579845e-09
3.442148851174931e-08
3.4298597847449025e-19
1.1231678327647031e-11
5.93955004925861e-15
1.392924145222447e-09
8.816873440603286e-18
7.823081244233805e-15
3.0740140997941335e-21
2.0439269382781654e-10
4.553809632577785e-06
1.5730942538915863e-09
1.7762269663685156e-10
1.0137333624891885e-08
1.76340532446278e-15
1.5463622166283417e-17
2.0537955960302644e-13
6.432984457514145e-25
1.6673035271169893e-08
4.2330286583704223e-10
3.539927790798948e-13
3.8397320820531136e-14
2.994349473459241e-09
5.084904999415489e-11
4.462903521896801e-09
9.595497614186592e-13
2.3282507849890127e-08
4.355976344828258e-10
1.1589189502906254e-13
3.995065697012469e-08
6.331430598343394e-10
1.4004347376600704e-17
6.870149492288443e-10
2.3687567920646506e-15
2.2458419489244592e-11
2.08357172563404e-11
2.864864379459686e-10
2.987922781656575e-12
1.831545046594997e-16
8.650982682946186e-13
7.365573365457055e-15
1.9489275192546547e-12
4.4314964578380906e-15
1.0896052565764324e-08
1.6534264363074164e-08
1.6732786248969856e-09
3.4759597153284154e-05
3.9167073661955496e-205
8.992194675783877e-16
5.810604880508364e-09
2.7441474768846333e-19
2.5231030739766833e-06
5.666872911600491e-33
3.3529301575312654e-12
5.550985328988636e-09
3.103619511424437e-16
2.393730094065442e-27
1.3724619213318416e-15
5.46157060953828e-07
1.3977990592176616e-11
2.4649399645229328e-06
4.0446091090539204e-17
7.592889197188181e-08
7.30132797742318e-06
3.8821966695156165e-08
3.54571202388675e-16
3.889863314304018e-05
1.8907355158972362e-10
1.8174339110594244e-09
1.225586071590834e-09
2.1123421942263016e-07
6.791503885095596e-32
6.483536122247994e-09
1.1313311399466411e-14
3.534122409500542e-05
1.4459191720268932e-10
3.5964006546570746e-13
2.8503160079468352e-08
1.181457429825609e-09
4.865425207332443e-33
1.0828554567237367e-07
4.926241070551909e-10
0.0038715486616842654
2.9353017734022806e-14
9.133381014645071e-19
3.6935458312111116e-12
2.101512233105796e-08
4.6634396857088705e-07
1.3585354879788017e-12
1.8625033886082772e-19
3.3561899760122712e-12
1.177099116186666e-07
1.8103413305281412e-12
0.001084188244852249
5.019483266147403e-13
5.219438847970105e-13
9.283268555915631e-15
1.3599837140354633e-15
3.929625175993308e-15
4.009390180506214e-32
3.356108442001495e-11
2.7690834138227063e-18
5.4517804959318045e-12
2.6425767213056816e-10
5.464795020215922e-15
8.220545056059741e-19
4.2529379458875296e-27
1.3360741430136944e-09
3.3411925229913094e-06
1.2923213265389985e-13
4.625949691170545e-26
2.8682722647233145e-15
1.4053087850778745e-07
2.6894224196499595e-09
7.625372666137154e-10
6.59978980142385e-29
8.417384863481979e-13
3.449683278738899e-09
3.1456138994672175e-12
0.0010562818024172217
9.41091902910017e-14
3.342528745915524e-09
5.640823369773776e-11
9.943998918045842e-17
7.491636822427461e-14
5.799113254634827e-20
3.926979100208716e-06
4.575192511263183e-08
9.829776893575575e-12
1.4301829023063326e-09
6.337773128764519e-06
3.83129478806601e-11
3.6847249835438227e-08
3.039348692154804e-08
4.316470869585903e-15
2.636593675195768e-08
6.472755664774851e-14
1.4129090398968088e-14
1.0511026677975634e-17
2.5507482626079946e-10
1.8091086415133187e-07
2.809673520772703e-07
1.8031556463250293e-09
5.681124094763582e-13
7.970680608476042e-11
5.482059043053875e-16
7.588049817940472e-08
1.300372696813173e-19
8.177035525126964e-11
2.0209719465214033e-12
5.43186608037989e-07
7.136005341029705e-08
7.967598108066083e-07
1.2797115435599327e-20
1.0840576173709198e-07
3.123323340352202e-10
5.175125540562824e-16
8.147788038973978e-17
7.882729577336872e-08
6.975060645397952e-08
3.458398968196211e-10
2.5413144982407997e-07
5.4139653955306185e-09
7.327632020795113e-06
3.8963445913379573e-14
8.675046937205664e-07
4.833699168382598e-07
2.8893437473971406e-25
5.648001739161693e-11
7.453208510889805e-07
2.7869340390618495e-27
7.829293086931534e-10
1.8234188205235206e-07
2.6851495451723314e-06
7.195271322768121e-10
2.64165402310932e-05
6.89303981821375e-14
7.136947388378237e-06
1.2224075365798562e-10
2.1868433024690542e-10
2.190777367957286e-15
1.033836459558175e-08
3.068433417445054e-11
9.051687425584224e-10
6.9053748638466105e-09
1.2878424866519146e-11
4.832809266848241e-06
1.5195945581178284e-08
2.6929643675103796e-07
4.5004260693206606e-13
2.1807488757457134e-15
1.798200239967179e-08
7.026973159104457e-12
8.553283059756997e-10
2.506668476040343e-15
5.3639642897336905e-09
2.165794518325875e-14
1.5955021089397374e-14
1.8908732604636268e-11
6.96870579069485e-13
3.1068836481203744e-08
3.8027176657183506e-17
1.320559221343895e-12
2.297705216286206e-09
3.958841736597863e-22
1.014070387958159e-13
4.4181649724859625e-07
6.41003368718467e-10
1.0681696974304918e-09
3.138373719044038e-14
1.1417171652745353e-10
2.9425428948043964e-09
2.150401823910205e-08
9.619328148795853e-12
0.00032461043419320827
1.491546747312254e-17
5.9619509456328964e-15
1.0321063014210133e-11
2.1292156004676785e-09
1.5202719101843297e-05
6.16164558558511e-16
4.1287290201958675e-09
1.2841438288349095e-09
1.1424660666782051e-07
1.4803433012587092e-13
5.885682736021182e-09
1.310745980352143e-22
4.816644452227957e-15
2.0207590526490307e-09
3.932922085724036e-12
5.704313264405292e-06
3.092233700257057e-17
4.1505646288115115e-10
1.6539627591472873e-11
4.6391073366531976e-23
1.2765566074515347e-05
5.974831850558538e-14
5.212897690983169e-13
1.1348527079988968e-20
1.6591559847119033e-08
3.5723184888720905e-06
4.894924057284523e-13
6.016392267693731e-08
3.8125906176897395e-08
2.9770889123428465e-10
2.1965965100948134e-21
4.718260245104051e-12
1.845644967664607e-20
6.594195472756044e-16
6.890021517014004e-13
2.5377627975665656e-20
1.7090117025585804e-07
3.6881999893801055e-10
4.1839518320270096e-13
4.648218518691327e-34
5.021271952910086e-15
8.008840918965052e-09
4.0879949417399393e-08
3.3979081350373966e-11
2.7226249430911686e-07
6.532692790063843e-10
1.3648725898660033e-08
6.118299342363126e-06
7.941917026914175e-08
4.360072503238513e-17
1.1994359946811635e-13
5.19318846396913e-10
2.5720991479845502e-11
3.9516171341080136e-08
0.0002140342864746269
1.634367961272711e-16
5.633154805635644e-17
1.4269989666975938e-29
2.255367977143287e-17
7.85760458400491e-10
7.661855259540386e-10
1.9163194920625863e-23
0.00013500435501136165
0.0014189408977872964
4.0013002358931215e-09
5.104854109853592e-11
1.1231141177895845e-08
9.555835665851851e-10
7.151191687892262e-10
8.979229836091542e-11
2.2327444435320473e-13
2.591767924595943e-18
9.814736053173162e-05
1.802966846293808e-29
7.41532689343094e-07
1.8776503085388e-17
2.5222397041181832e-11
3.973365500386825e-06
6.698230992745663e-17
4.127573033084985e-12
4.4085814952882144e-08
2.11744173947253e-12
1.0787995454539714e-11
9.178562393372454e-23
0.00012561140305266427
4.191217113214041e-14
1.6188084936869782e-10
0.00020630169103900628
1.1503573169922198e-10
3.999057821127276e-05
2.940749050504994e-08
1.086531684051373e-05
3.3748460783002237e-07
5.936340322808451e-16
2.7025563326339916e-06
1.139662145739477e-09
1.0246958409505887e-08
3.293302018133661e-05
4.181676938658078e-11
2.9346815659926096e-07
9.274197069575553e-07
1.501197610325823e-09
9.728301650218425e-05
3.832347801965588e-15
8.922471149238333e-15
5.0447427776654474e-11
6.0439904269768245e-06
1.3460188601941205e-16
4.748929436445438e-11
5.723927797487655e-08
1.4510706515587566e-10
7.2348247430954485e-09
9.121673335896927e-12
6.061524487256219e-30
3.84900064676138e-10
2.417886315555511e-11
1.341090240660227e-09
4.1462837569729676e-08
0.0009111674547159794
1.0962112294133688e-08
7.62419694244893e-10
5.6325322577518955e-08
6.141299255960584e-13
6.2504172305034365e-12
2.3438103316090294e-11
6.271594397613082e-16
2.8456055833496316e-07
1.3522677731542811e-16
3.5168387209612845e-09
4.126747509468689e-11
8.532271727437104e-12
1.8082285263795588e-13
9.316636364871896e-14
3.0860742775105124e-07
2.1631416892747676e-14
3.62201114249686e-14
5.401039600136749e-21
1.9604512348700636e-09
5.1946396906761684e-14
1.0703061086377694e-09
2.2129185773246718e-12
1.381518567902974e-09
2.1332694209280834e-11
1.5834110263092252e-13
3.3941230734168527e-15
4.0626064821571504e-14
4.28888384255933e-07
1.0755003783612749e-16
2.3014310398884114e-11
1.3024418933594713e-06
5.253763266104101e-35
1.5728700070923685e-17
1.996376246307539e-06
3.1296547546511053e-16
1.882341751099682e-05
6.507608081920953e-06
4.966602711006858e-13
2.5446794276703912e-08
6.609939278798395e-06
6.83041013324621e-14
2.2212104348983523e-09
4.122421711316065e-10
0.00045151824434969123
2.6164064179846526e-13
2.4425031086033125e-08
9.408813618532285e-15
3.5145606168126803e-10
6.950096601390808e-14
5.246224609334184e-21
1.0817828001634723e-08
1.929844111518243e-10
2.637825198496634e-15
1.7150174075567233e-17
7.923580580402761e-12
1.736016698223105e-07
1.4029627783138005e-21
2.677613816436524e-15
2.4214619739383283e-15
8.150827113553282e-09
2.4998440364221122e-05
3.4766538211676027e-12
1.9490163084743882e-07
5.41631766707643e-15
1.530456141758246e-13
2.408929930745911e-17
4.817275902312453e-05
4.646365699748164e-06
6.733199104817315e-12
9.517519821267118e-22
4.752021618719267e-16
5.514204127406626e-08
2.2268254966809884e-16
1.1961227839869267e-12
1.0817358362306513e-14
2.840357151182973e-10
3.1002411647261456e-10
8.40694907162163e-06
8.305271614720296e-10
9.129188514837484e-13
1.919947289447381e-08
8.646218828771243e-21
9.55330004565954e-06
3.896814509939703e-09
3.1852630299824657e-12
1.7960892615007147e-08
3.9981169302858793e-10
1.498264506616371e-06
3.3536859772078365e-07
5.453232484629514e-12
8.346121689636853e-12
2.8056226263208764e-12
2.44728891206729e-05
1.5716461197406197e-28
1.196915684871173e-22
2.2999708444851727e-05
1.2067366397703003e-11
1.4437045454213872e-06
3.839375012787125e-09
4.4683778264125847e-07
1.8848501166105818e-11
1.2605574824887776e-15
8.533471525859002e-13
1.817528980412324e-26
5.883119190571137e-07
4.048533780636854e-09
4.667328169482496e-49
2.5888045171957314e-06
6.833758115559111e-28
2.3959812390485285e-06
1.2521926044573918e-06
8.82111221173046e-12
2.3093323663088984e-14
8.626902400420093e-06
2.1321151638124205e-07
5.199226672026147e-17
2.86507947285657e-14
7.435199467494662e-13
4.643843928968643e-17
1.5838682754007274e-07
5.685067808658832e-18
8.621568004539602e-10
3.5479665655188775e-12
0.0005301601121012408
0.2968901991844177
5.625116311065576e-05
7.784390953733019e-07
4.33213719183886e-10
8.379180789648734e-10
4.1969474377314e-12
2.0134499907986694e-32
2.3265932213244273e-14
1.5693766715820187e-16
8.882776919494794e-08
2.923172643067659e-09
4.293687281023762e-08
8.514303490463365e-05
3.69715104453487e-18
2.0522260162930037e-08
6.604706374924993e-08
8.330721706554156e-06
1.7702012597186948e-19
8.991425100494909e-07
6.186149705787008e-09
1.4667509053402143e-09
7.941577324168547e-07
1.238897267590388e-11
3.7763535544823686e-11
3.472941811617429e-07
5.56828190627693e-07
5.843692607561987e-18
4.813314352775521e-13
1.0409042671417336e-26
1.1961922946639622e-05
6.036172875938552e-13
2.406353047459424e-08
5.496805361870766e-09
2.0213472921583593e-11
9.128357092443034e-11
7.819605148097083e-13
4.081485656727752e-07
1.4249320440756493e-05
5.6907176930455655e-15
3.739742078694831e-07
1.0376895173463265e-12
2.9678473220654083e-09
1.090361915156413e-06
2.0718687668168483e-11
3.708704295661936e-08
2.827944642545166e-17
1.9870328067836656e-09
4.576602462228594e-16
7.87421191542833e-08
1.0380624023944433e-16
4.146449914712044e-11
3.775371105548117e-05
1.6270736478324868e-08
1.4668779736334645e-11
9.554657610557937e-09
2.236110057501588e-07
3.5416003292752066e-12
5.026081433464586e-13
9.441250852678825e-10
2.140808615030093e-13
6.38792177340033e-28
7.627747872577008e-09
1.926102652669939e-12
0.01084962281638756
4.984813891356335e-10
7.048313941065754e-13
3.243570997440389e-07
3.957858909501923e-14
2.8193895206563035e-10
6.24829798004247e-10
5.104160611642802e-05
1.1210599490593932e-10
3.526922299590859e-08
1.5253259282451255e-07
8.546809025574074e-26
5.154476934994308e-08
0.00013513530000368676
8.463637414201718e-11
4.023386501860125e-16
1.6976565929361346e-16
7.048799973571264e-07
4.754527273584284e-12
7.156243443564249e-07
5.34931309901955e-15
3.136242543508725e-15
1.289224465598174e-14
6.443079793901698e-10
2.0996146241683985e-06
4.975776765263329e-05
5.335845749807708e-15
4.312156174511424e-17
8.983851853138795e-15
0.00039484394757635655
6.136943041617889e-07
0.4311424195766449
1.5309280754728407e-13
7.2330224174552885e-12
2.8658683252102658e-08
4.119682982372203e-10
7.138077733177102e-06
6.198274964650506e-19
1.127390700016157e-08
8.223379240439578e-13
5.915615989734634e-11
1.9109929907738642e-07
6.171932914743741e-10
1.163224735816637e-12
1.8297821915897763e-08
2.044608112340908e-10
5.71789101760959e-15
1.1022157867290884e-12
1.4179049934151303e-32
1.1717506319803733e-10
3.461825898735164e-12
4.567949202837025e-12
8.841444226116725e-15
5.049791593120666e-26
3.780959731374944e-09
2.1385089491165235e-11
3.0344162075508146e-13
1.985985134605846e-06
2.456427257610967e-14
9.863284360907143e-16
2.171434794514889e-10
5.072953170832149e-07
1.9630928681772163e-08
2.0968144631388867e-12
5.418209053131286e-10
4.023023100594724e-11
5.211931752270969e-17
4.919194139790997e-11
1.5329362923822434e-11
1.7904166639212738e-09
5.226887429215046e-11
6.8014267787201704e-06
1.2788111767096763e-10
2.696976202163332e-11
1.6748471794987312e-07
3.2920914128141662e-12
8.785953969145623e-15
6.774681654440401e-07
2.930242823014529e-20
7.336379659880001e-10
3.6404854615563685e-10
1.2885581093905283e-13
1.5404453822569404e-07
1.6088759786653411e-12
1.743790115913721e-07
6.498940771818575e-12
1.680616731803876e-18
4.7183111888182553e-14
9.475410251131825e-06
3.4746924529789045e-17
2.7171931716412964e-22
1.7324220845048518e-13
1.2676972747521655e-06
3.0401995716077024e-07
2.6206104873263463e-08
3.4923329661398156e-08
3.0415382298238176e-09
2.3376757415096453e-07
2.866674053853767e-10
8.28004097230339e-15
2.3408988875821806e-11
2.1204153945875466e-13
7.339515229711172e-10
1.1850150767467349e-17
7.273634245479928e-10
7.453343406786014e-09
2.8143771461434495e-10
1.3014940097800553e-14
6.163059160776586e-13
1.9347151958802254e-26
2.9280568223187963e-06
8.894041729315683e-16
2.0492390798250018e-14
4.1320468550994455e-09
4.5736746283706636e-07
1.1981069882526934e-07
1.3877602141291133e-10
4.196991225030079e-06
1.758410953908151e-05
1.604285442225744e-12
4.73026624007562e-11
1.678398676723922e-10
1.8582898381200295e-09
2.8505704876267837e-05
9.30829575993289e-09
4.8792998742008325e-11
1.0405227818721226e-13
1.3288348846655752e-13
2.4045878848670136e-25
1.6691833126807235e-09
3.223774069750137e-14
4.3475589751888863e-07
3.151715972936762e-11
1.2122012411530559e-08
1.0147193915064935e-10
3.670122092320585e-08
2.192119859577814e-68
3.1282619627553138e-15
8.178400608180297e-11
1.1577169434290797e-12
4.6662904591886765e-15
1.979044812878932e-16
3.4855502649258934e-14
4.118746656173681e-16
1.581103242439976e-06
5.544247326475775e-10
9.961715220083334e-08
6.992487475357398e-07
4.051776241703392e-06
3.199803417078602e-10
3.4582533490775637e-06
2.0575885203941977e-08
7.904845626818915e-11
3.316385345607524e-13
6.333100211004807e-16
7.945892311314082e-12
2.2893497836246668e-07
4.610320504249157e-06
7.482054187606031e-07
1.1474508145672315e-48
1.5709950311479664e-08
1.5754507017280473e-11
7.461264898979685e-12
2.0562769839991305e-15
1.2846668137373133e-08
6.905393566138265e-11
2.462596796028674e-08
1.118980477642827e-09
1.0850600293787505e-12
1.561679313275737e-15
1.4994617191420533e-12
3.3660119342380185e-12
3.3426377072244164e-09
3.916731682096368e-06
1.2146281854730248e-06
1.6165301519867527e-37
2.348772212466036e-11
8.359242809410746e-12
1.0779392013540335e-07
9.290744409046031e-10
1.447801960349572e-14
3.913197604437236e-16
3.7525941031854153e-07
7.880761344518183e-11
2.455661077948451e-07
7.520463051751228e-11
1.1751877153291315e-10
1.7398662153933464e-06
9.69199571147437e-07
5.19354831099968e-12
1.1116857015913649e-10
1.616297077960913e-08
7.59399984388548e-09
1.930850278576642e-19
9.921349196461985e-18
2.139799286130575e-34
8.007706746183204e-11
1.136216116663004e-12
1.5894048135597877e-06
2.0177695538683754e-18
1.6974899204139026e-06
8.183265180083268e-07
4.691112348492349e-11
2.269370443307192e-06
5.633499603512261e-29
6.021104723809335e-12
1.814726885734465e-08
3.120672115176501e-06
9.773955198282502e-13
1.694842387682335e-05
8.494071610177927e-06
1.0541419709608486e-15
1.5684873163369118e-08
1.8297513051663515e-12
3.1610223191273456e-17
7.703687907848663e-19
2.2097768670477406e-05
3.049457324227251e-15
2.2341846830601516e-07
3.633008450929423e-06
1.4784229079656637e-09
1.324875512620101e-13
1.7899547490150334e-13
1.725863087390593e-11
1.13859976828573e-06
3.7337331001772414e-06
1.694201820191441e-07
4.975261827142026e-07
2.294014299506385e-09
3.4432949746609494e-14
1.133194489784439e-17
1.78560191880425e-12
3.5987079792094072e-09
1.3298782272318931e-14
2.4858137956911596e-09
2.7406405840303407e-13
1.2807002938937357e-11
2.7272497778698464e-07
2.1589602441756799e-13
1.535744368232309e-15
6.893489307785058e-05
6.039514269253984e-17
6.537930408609702e-14
1.652744954397495e-14
2.8316100685201983e-09
1.98718999758093e-08
4.795922100515595e-14
1.6338216650581556e-07
3.338533323804551e-11
7.700019530654804e-06
8.25462878405985e-07
6.78521625519946e-13
6.886175923310684e-20
2.297622439633842e-09
1.504326200139724e-16
0.0001447248913323075
4.2803779040936516e-11
1.0602419616306179e-07
2.793159090027297e-15
8.035734333301693e-10
2.0088338195638163e-16
6.477737620813861e-15
1.5075544164550833e-14
1.0671819357581878e-09
1.6384267748027576e-10
4.7669837061014036e-11
1.3179372647761774e-08
4.5198708708864076e-07
2.3310987672993903e-08
3.0563178547350213e-06
3.305253079821041e-10
1.0904750141101327e-09
3.555503203427632e-20
1.2256457630023732e-10
1.335201103817503e-09
2.968846769983011e-09
2.2981347516700374e-17
1.9341921856676305e-10
1.4800420647297403e-10
3.986066898359134e-06
1.3181616195588055e-09
1.1780007183966049e-20
1.9817978040703313e-14
6.6917428711626595e-09
2.603655951846663e-13
2.100849356634437e-09
3.4235263231816454e-09
4.221939009252341e-11
2.2083767973082405e-14
1.6015286094401515e-06
1.2749211342756597e-08
2.5589439415252946e-07
4.03103336769799e-05
2.4774013728731574e-10
8.6430069954268e-29
3.4005320067113973e-06
1.5562552581836186e-18
1.5564885132194616e-08
1.0773437644198772e-06
9.976703564988076e-09
1.0540890702614816e-10
0.0007258223974857982
8.239727976664216e-10
1.31888868873519e-13
1.255776791323414e-07
1.0120025521118913e-15
3.639861531508996e-10
9.868654553024816e-14
1.343363664955558e-09
2.9542681345120077e-13
6.89196018801022e-19
1.4728689809586063e-06
3.0534457409769102e-18
2.8892306714259757e-11
2.0576702684251644e-05
1.7286103504112823e-09
3.6074830725044216e-18
1.0309128537383874e-07
5.306194477925744e-09
2.97876455196863e-13
7.447643058121989e-10
8.86111793912565e-11
3.2434256239502777e-15
4.106118697042297e-08
1.0536191676608085e-26
1.8415930700130847e-08
4.455115893604655e-09
2.660176905071271e-09
7.707664223798945e-09
3.013389348419464e-27
1.8422264962799116e-10
2.318655322660714e-14
2.0153894745919605e-07
8.074346200382227e-17
5.562424782889743e-07
6.471811505037225e-05
3.9529386860175494e-10
2.3792694132612543e-11
2.1507113318499082e-09
1.0982222679852746e-10
7.113062702861665e-08
1.3364687136291426e-10
3.1891063378884476e-08
7.213578466234479e-10
3.170638423395466e-13
2.5137713527566332e-17
6.936877233324168e-17
2.4772196169420087e-26
9.195042199962192e-13
1.0643021615237438e-48
8.853625736010357e-11
2.659724106273558e-05
1.1521071708497433e-11
4.519219861339733e-05
1.2316197815285291e-05
3.2658222963085602e-09
7.202399048063239e-05
3.8436727309490865e-12
3.005267078052213e-28
6.655176417366361e-08
7.568193049116865e-07
4.82135082095409e-15
7.101632301666731e-10
2.9582317136706514e-07
4.858836915285468e-09
5.427606386816428e-05
1.7259699392655907e-08
4.362180810851449e-11
1.81849109271846e-14
2.2537947437159664e-12
1.7981953124664957e-11
2.258849551989355e-11
2.4588767043946134e-10
9.810255139892512e-07
6.9857558919718495e-06
6.337019006446807e-19
1.0271906511073599e-15
8.638554162266508e-11
8.597182364748354e-08
1.1150756375205203e-16
4.395746946405246e-14
1.1207238237884458e-11
1.0811267981932964e-17
9.179781381303384e-11
4.953337979591719e-12
2.26164510140639e-20
2.695489848417725e-09
3.703562060840414e-15
2.8328151239859965e-05
5.508031654934173e-06
1.100873573976911e-12
7.919583755430752e-12
2.2206430648991304e-10
0.00010516304289478471
9.664661349203972e-12
5.2188196790919225e-08
1.1631985545363017e-05
1.0020157394033389e-07
1.9475058001742235e-06
4.431676930894488e-08
1.540347575015041e-19
1.5064753003709065e-13
2.8099594866813857e-15
1.1537398538633871e-09
1.056327657713177e-07
3.240939631730987e-07
2.3804472107918403e-07
1.0719714896319481e-10
1.3290271325182006e-06
2.636289554618975e-07
8.34052007064481e-08
2.013682313046382e-11
4.540333827099478e-10
7.065137611607324e-23
7.263613751749016e-10
9.110652140612622e-09
1.3800208646236593e-29
5.788668403254872e-13
1.3134432254937537e-17
9.7188102197305e-16
3.925664685167438e-08
2.4889956481115106e-10
7.020007026581024e-13
2.4055744964614406e-05
1.7829435581866324e-10
7.106072520729865e-10
4.901318960003641e-21
1.6686672369457072e-09
1.0026770457321985e-10
1.1000453251001829e-08
5.19530607180296e-10
2.796531447046816e-10
3.3331378913623365e-14
4.004642625263248e-19
1.1674146012163288e-06
3.0497677680092638e-05
5.5830895055994475e-11
1.838828063480222e-09
6.161911902943279e-06
1.1597217051431118e-07
9.075023809310239e-20
1.8032796068632124e-14
2.268727787090186e-17
6.036211991160019e-10
1.5202719101843297e-05
1.0589617532277232e-25
9.149593223653876e-05
3.072064554746099e-10
8.576292086187707e-14
3.384109678808812e-11
1.8723934759351554e-12
8.478288142095908e-10
1.502989778207497e-10
1.3672723142762156e-07
5.846312056388149e-11
2.970677450721947e-13
1.0453984859111655e-07
9.876554109720715e-10
5.226632095173057e-22
1.6078516527501753e-11
6.847901590409264e-08
1.7360052998575987e-23
5.528712227071935e-15
3.736115104561955e-10
1.4058485213651058e-09
7.126443035314024e-21
3.5138584723748324e-10
4.704265971946234e-08
6.784000711222091e-09
4.1086392043994837e-10
5.676882966592007e-13
4.329194907568507e-15
1.645469714785651e-11
1.7733970654910104e-31
1.0954231298587225e-09
8.864965384781553e-08
4.937834325242939e-10
9.755436166504084e-09
2.2011364062990965e-16
1.6700206376730182e-08
7.683889556957194e-09
3.7784059121036785e-09
1.19871257892091e-06
2.4766720742823174e-06
9.86903533873968e-28
5.350688270920188e-16
5.7500416282050956e-12
1.0353179497583223e-09
2.2783191819320578e-14
2.2064537538720537e-05
1.7529152188542623e-06
9.01597427433319e-10
6.216231623618423e-09
5.109340923555518e-07
1.8460603377727386e-06
7.70513256934859e-24
2.0103498413674972e-12
3.159469656679551e-10
8.69108891238425e-19
2.250598523146659e-17
1.052756030294379e-12
1.6351917140583811e-09
3.8427055097533935e-07
9.905634710683485e-09
3.502056700554637e-12
2.7572794503592737e-12
3.5485840136891978e-15
5.0995181340884725e-09
1.1858542478671416e-06
9.556628658849685e-13
6.300596843712546e-06
9.143368813239277e-12
2.7833716730402908e-08
2.4733893698846705e-09
2.6341845655617004e-13
7.880381511849912e-13
3.517193353726325e-12
1.2277536743052224e-10
1.3289455093334765e-15
3.0395022866100742e-09
1.287534796347277e-13
3.2694726165193044e-06
1.5492169450641496e-16
6.192334291622139e-18
1.847088395185679e-08
6.971712176036816e-12
3.2983230799034096e-09
8.543151399016276e-22
3.869689033495066e-14
4.055410069348651e-08
1.2071620753404719e-42
7.840405291397735e-14
2.6489796810975606e-05
2.1791690939648877e-06
9.238223349920963e-24
1.3050928975531223e-08
5.625022356803519e-17
1.8113338727279456e-08
1.2174351458750406e-05
1.4679338331633974e-15
1.2011837174100211e-05
9.640719584548637e-14
2.9201714561172595e-11
8.756544324043836e-13
6.961852370442719e-15
1.9387113906140196e-08
1.4561831028121203e-15
1.9790408359033468e-14
1.658635961460227e-09
1.120229787536245e-09
2.429150874110211e-15
8.097322686045551e-10
5.154255126592051e-09
5.906640647233212e-10
1.4868508522137868e-07
2.5404835880222918e-09
1.664016317717315e-08
9.944026446764808e-09
4.1982237597786613e-07
4.6221474335652426e-12
9.349778348158222e-10
6.167772596451026e-08
4.730343203008297e-07
7.860835467922275e-28
4.5118539273054264e-11
2.5009693855111048e-11
1.2165855367510798e-05
3.289269522455106e-12
4.678588355076976e-16
2.2185436657358636e-08
1.4175183202865168e-09
5.239610591263766e-09
4.009885198208547e-07
8.355409837731997e-16
1.5259991266360782e-06
1.4424822551748613e-10
3.159048765554466e-12
3.4993644004597074e-08
9.925958696750713e-05
1.0045938655776037e-11
6.249271223526311e-18
1.08358680098783e-11
2.1985162069647658e-08
3.4855037752323933e-07
2.2535676666657467e-05
2.0146093867691773e-07
5.610225619226441e-12
2.098072817391364e-15
1.0272575193386942e-06
1.1570782672854602e-08
7.612799694894205e-22
2.3075205557029146e-06
1.637392207706215e-12
4.7366567051594475e-09
1.2241600778437847e-16
4.62233627006139e-07
3.3883257974379787e-13
7.845952136611615e-09
1.333122527712846e-12
1.711175953079045e-13
4.840508477211414e-13
1.410740268857547e-17
1.274738573036515e-10
2.2891542828706158e-07
1.6428142020034835e-09
2.1784808601227e-05
3.193609010168518e-09
1.2064203683331866e-14
4.424486178880412e-06
2.1318741182325705e-07
2.413745734471565e-09
3.4161798957606323e-12
8.663720245497102e-07
8.184042141183421e-10
4.2212990782738015e-15
3.4476742762612707e-13
3.153979399016453e-11
1.3758375412193017e-08
2.4431292972695086e-17
6.876550639735871e-09
2.6596074189449794e-07
1.256817281345915e-09
9.756004623004465e-08
7.672683018983716e-13
1.869294296400463e-14
1.5413347796590868e-18
2.121063710909688e-06
4.0899247823062266e-10
1.373113802094378e-16
6.942410189124252e-13
4.862931588724689e-07
4.394009750746055e-06
9.38584518812684e-10
7.078029810355461e-13
5.116018646713575e-19
2.4940477613107696e-11
5.402436893108092e-12
1.5701376484319442e-16
7.822778356703444e-14
2.744808627331518e-13
1.3022253441102965e-12
2.5816134201776335e-12
1.0387301712994275e-09
5.012974540970418e-07
5.059174588093278e-05
1.0289485667647358e-13
1.1710819491753715e-09
6.971111968560762e-13
9.804917800054077e-07
3.2476617800028973e-10
4.3065376197626847e-14
5.647472868918977e-15
2.983118042912479e-06
7.838532390274667e-11
2.5599355101219834e-13
6.08997036952311e-35
5.636189405254166e-13
2.0468161843492945e-07
4.8747511840617256e-21
8.309118388503265e-06
6.816213510639755e-09
3.719606264147752e-12
1.2313570264858275e-05
9.339721401757583e-16
8.908892872598762e-10
1.6263845634873617e-08
2.0092133451494656e-07
6.956885174300662e-07
6.803448380058323e-15
2.3648025828026825e-12
2.723108324721587e-07
1.0246458186348754e-06
5.915901330301258e-07
2.1795609518270404e-16
5.649491840096386e-11
3.334009047097658e-07
6.759775901954357e-15
2.658112041548048e-09
2.421719777492192e-08
6.681206155427049e-08
1.0066184641400568e-08
6.552628070680516e-11
7.097570097239e-14
6.176942518916782e-08
1.6176353744148107e-11
2.4806097535682714e-07
1.1404210178915175e-06
5.8287997670384916e-09
1.891457206288574e-11
7.820156007323352e-29
1.4180352424597461e-14
6.635406293757049e-08
1.1059725307185377e-14
1.008626053883796e-13
1.41140539505972e-19
3.1902083196005632e-24
7.979765619931637e-10
0.0005076672089741116
1.5913788035692067e-11
2.902267142213775e-15
1.0980983921240096e-09
1.9583375035290713e-06
1.7970901953729756e-13
1.1164077996349105e-06
8.690856920407676e-08
4.4972096864517597e-10
1.7022774277302715e-13
2.700675174995188e-12
4.701089563169679e-08
1.2543292311401283e-07
1.561355657845556e-10
1.099029671916919e-27
2.0765009085206546e-17
1.290129880430073e-08
3.617424075006578e-52
8.562801989643651e-11
1.5422900036781866e-07
5.01040851327932e-10
6.679348211838004e-15
8.99736647378099e-14
1.1306146137340147e-07
1.780824692734407e-06
7.335218111067476e-09
1.58986487692462e-11
1.5267286358489053e-05
5.55301984010341e-17
1.1581723042177531e-10
8.253950455120329e-12
2.8341387636360218e-15
9.429605316468102e-13
1.805698985071794e-10
3.1504310517966544e-06
9.433783846616949e-16
6.329781359714993e-09
5.764699128056841e-20
3.0539297526127416e-21
9.105093300356035e-16
1.1851903842926253e-12
4.2972205427960794e-09
8.887249579444762e-15
1.3324043399392593e-06
4.269153911468422e-10
2.0921027833020695e-20
6.612618884047904e-32
3.670459308857884e-18
1.1172802832411471e-06
1.0219469841862534e-11
3.2915138072326924e-07
4.3360844735170546e-12
1.7823702920008302e-13
2.094395189692748e-10
6.949070293858017e-15
2.9426134992000897e-08
5.486223792716774e-05
2.0115295524734198e-08
5.018293770036059e-17
3.0129026313743885e-06
4.165512418969656e-12
4.2061964427367925e-07
4.185420690773367e-07
5.98343246375546e-07
5.328799603989518e-12
2.4150105109849364e-18
9.14980678577798e-10
1.272560553619538e-25
2.5805948592013495e-12
4.315408267867308e-12
2.4003200860137477e-15
9.648206070011553e-10
6.888441220342433e-16
2.8151143788309654e-09
1.0158025756659458e-05
4.630464420445313e-10
1.2373385940922574e-09
1.908218553557824e-12
1.8908210406328803e-18
6.48030424438263e-05
7.873617008853546e-15
3.200299368608761e-09
6.888408616622502e-10
2.1029203412041096e-21
0.00028048285611850164
5.26113280609935e-10
1.045520275597996e-06
1.346747082092338e-16
1.4868405217517658e-15
4.1086361260495596e-10
1.3429754976118113e-08
6.659106709477935e-17
1.56556320497135e-12
4.5423039363945055e-14
1.6759861601369486e-13
8.856851189820261e-08
1.657529273941569e-13
7.911963364988742e-09
4.769830506663045e-05
1.5541473928164257e-09
