6.481618280194887e-30
5.218657007422143e-26
1.7634989914022361e-25
2.544875492099346e-19
1.7173159633768777e-40
1.8425115542781013e-18
9.949478940006194e-31
5.731015528541755e-10
2.1099791439992282e-51
3.032058121659834e-15
1.6504424098039355e-07
2.9208651105783857e-27
1.7669227254404085e-19
6.130411922731488e-26
7.600750677341428e-25
9.286889846528107e-23
2.0167286332538778e-26
1.480115780043664e-07
6.279126879115175e-13
2.34207406573372e-10
5.482066080067234e-19
6.202510113874598e-28
4.5007166282865426e-17
5.178267410266746e-08
4.5161489467784204e-26
3.4686222042297274e-06
3.7810820569651916e-45
3.2965000126516963e-18
1.727882355156841e-28
1.252036154342033e-31
1.1355873869870102e-35
1.8948769521067784e-28
3.378736586084242e-08
1.9610718556962653e-16
3.725868735863104e-18
4.695189870537891e-06
1.816904338268815e-10
2.2391134057662945e-26
1.0902070090707647e-23
7.0420607563477955e-59
4.044798754163669e-28
1.3865538495193703e-14
1.4711714505118565e-09
3.149057386111782e-22
9.006525080036223e-07
1.9678237591909596e-09
4.902224313470801e-25
8.177369512440966e-22
5.611320821816488e-27
3.0996157001446418e-21
1.4738294134780108e-25
7.799894347827401e-10
4.473330596396489e-10
9.417011293481587e-26
2.5417829747171105e-10
9.008078238941049e-22
3.808600716198724e-16
4.123069439964236e-24
1.0276220795737692e-14
8.265068149373935e-13
1.7717280666604812e-31
8.968373174576046e-09
1.8700860238660038e-27
6.36631619515947e-22
2.662429272019787e-27
9.189730739690507e-15
2.3340028577812048e-23
1.6092309522105784e-31
3.6496475089048894e-33
2.2227756418900797e-18
5.512037383698378e-19
9.63276985440391e-23
5.829678309468962e-27
9.899205859714408e-19
1.941127013832813e-15
1.2803599529881188e-19
2.5955963757946466e-19
1.3533359056607476e-13
1.4480913019354351e-11
3.444152264754382e-20
2.497138147423193e-14
9.153008268692882e-58
3.803428773617513e-17
2.9978800941437867e-09
3.682215980389955e-05
3.546145564837912e-06
5.399276950002441e-21
2.5766958448010153e-12
2.2141987013196684e-25
7.766844607119879e-26
5.9160949334632e-26
8.871658169414487e-41
2.793871258155369e-12
1.5777083630188044e-40
7.113444632519496e-16
3.361172871982263e-26
6.553047670099357e-37
1.6006767055452647e-19
6.27676207805568e-28
1.0564568233007061e-32
5.838021576548382e-08
1.7219364619240274e-21
9.79849398394954e-28
1.986578144993261e-12
1.1866754199819318e-31
2.9605297171304893e-27
2.628537179287531e-21
1.0871964887143905e-15
3.9078202860821365e-36
3.695505765807893e-24
1.125871887087747e-10
3.776763821626764e-12
5.6143119506627745e-22
2.8912405246537063e-33
2.0552810631435947e-22
5.5328303852439695e-24
1.8931178786659635e-32
5.400347012900488e-19
1.1043258663761768e-05
2.1774962525012887e-08
1.323589495813873e-23
5.780756154088574e-25
3.4768211617525787e-13
1.4225833954119874e-14
7.793975754889511e-08
9.833483185655557e-12
2.2211687809285946e-17
2.165277442875963e-14
1.7465807244195322e-28
5.102239298244601e-16
4.790587113339057e-28
8.893704646254107e-30
1.0016224962098248e-25
4.240745771729834e-09
6.682640382231291e-08
5.207589144112733e-21
3.3970239919099256e-10
4.276511345520905e-26
1.7772513760635695e-19
1.9555841094238133e-22
7.754647256652544e-05
4.446263673322022e-11
5.8960776456434036e-08
1.8936737105682585e-08
2.98404472488783e-25
1.1032101767306154e-11
4.968828421328775e-24
7.340140493011233e-24
2.25257275205752e-27
3.7949302509387055e-07
8.195200571470832e-11
1.1150676844504707e-26
1.9904195345341053e-46
4.788670508626693e-27
1.3561937100329022e-25
6.924105762959366e-27
6.573428043718724e-26
1.1095274035281326e-22
2.6686091796014235e-08
1.8765381547536936e-21
4.197555465382573e-31
6.0119839557376584e-27
1.1846260074121075e-13
8.775600756572178e-15
3.233211932549635e-16
1.8417192806566204e-19
1.276882332596964e-10
1.2598609295071222e-21
5.705100984949063e-22
1.6846328194503562e-23
2.7948949760141452e-15
7.996491816703219e-08
1.2694864388473793e-22
9.871176964476044e-31
3.624593889880452e-07
3.0008062373046527e-28
4.939350288813727e-28
9.92694646255872e-08
7.821980008666618e-21
3.619097811256831e-17
3.821311932834791e-13
4.446383643170394e-13
9.097016904744963e-16
3.727663143304543e-32
3.986516245842986e-21
3.480881500757341e-15
7.339418598964373e-12
4.0433854452605105e-20
1.4901407139898152e-14
1.995792926913276e-08
6.0169724149453305e-34
2.0301314541602862e-22
8.227362843883665e-07
4.810713546587289e-15
8.084786072318226e-21
7.385262976896206e-24
4.410255363512646e-26
1.1645095170751773e-12
5.0696717813045744e-28
4.702117683614405e-27
5.900507994559798e-16
8.994986663711309e-23
2.38376372190573e-15
9.270188038982718e-07
5.608290949366135e-14
3.3293719941091033e-10
1.4111583359186805e-35
3.887467857870057e-09
8.199803971645336e-30
2.3416623929206902e-20
6.665571307385243e-20
4.12001214928376e-09
6.004840967722042e-20
1.110525592088114e-19
2.059330394348493e-14
2.461921318476329e-10
1.6669672077388214e-09
2.0197986773938087e-19
4.1766522720077154e-07
2.2556662784642185e-15
2.0388667467611528e-17
1.55206503064685e-26
6.409171893091287e-24
2.223299975467702e-06
3.1008499705783725e-18
7.867644152321856e-18
1.2443258200672635e-13
2.110959537740941e-37
2.460697346736091e-18
3.0296941032563206e-12
1.6363809782127973e-06
2.0577593604387617e-26
2.1854471157604762e-30
2.481444231940353e-26
1.536089418014735e-30
5.772648323308379e-21
2.3298650631308107e-16
1.9913950291376386e-15
1.5135177900031633e-22
3.066746920414926e-32
1.9194240041418658e-19
5.423498094650942e-38
1.3815050298582615e-16
8.476085750614015e-19
2.0663316083656913e-17
1.3588985199228465e-18
5.51863294843972e-18
1.3892244049359828e-14
5.868816878195886e-19
3.1311192747193365e-22
5.77132330028954e-11
2.4940979399569807e-18
6.509535023685063e-26
5.61485545329328e-29
3.165614501820048e-13
3.919300932364284e-05
8.269560194326196e-14
1.0704508673384606e-43
7.273525360441542e-25
1.6611179042731252e-26
3.204685972696403e-12
3.434099795200937e-22
1.051921138283522e-19
1.6302463262532195e-07
3.665627632129976e-06
9.189771461341861e-17
4.924111568047305e-20
1.3414006704148001e-13
8.106242172883851e-20
3.068963040734625e-19
4.0438841321935433e-19
2.0437170252121264e-24
1.289561196273197e-06
2.0387894785384957e-28
6.219322352093329e-27
7.372235397549553e-22
1.5554544108410813e-24
7.78640328175781e-12
8.084064343029161e-22
2.3803882613060173e-09
4.791405550011525e-17
3.0773547452992697e-19
3.8347296086991584e-23
2.094067867096218e-21
1.1936071757077594e-09
4.538590622013205e-16
4.8545737717785706e-21
7.014079912873692e-31
1.0974257737757018e-13
1.7890565193366876e-20
5.917982205993333e-21
4.130783603946592e-15
1.8676995077188974e-31
6.049864085818672e-24
3.6725793799988523e-16
1.485092477537593e-10
1.272690784856349e-20
9.957635794195759e-22
1.8412221421491908e-20
2.195335556426871e-21
2.9386647795905574e-16
2.616365647673409e-25
5.1544955997743976e-08
6.147475491224163e-08
7.763015593625998e-51
6.696091412527914e-13
1.6568820903462198e-30
4.192750528940326e-34
1.5928701622218692e-29
5.6332240744665174e-14
8.202458593805656e-27
5.604849620818289e-22
2.0523431852318108e-07
3.3943887465513175e-29
9.4202983638096e-26
3.364343185194138e-12
2.8775193606207045e-18
2.7794516621124673e-22
2.0288672605584145e-14
5.008733837668578e-19
9.132913116639938e-12
1.1625306188960974e-17
1.0247993708588993e-15
7.150358162991546e-18
2.293716428726981e-21
8.535423006536429e-19
1.0548127929026138e-10
3.530676299285897e-14
2.6343907267544543e-22
5.11779657323184e-22
2.2297630351644136e-39
2.5373282062915516e-23
3.6982147177547415e-35
9.942050203210913e-22
1.6596198554103333e-07
6.015167626073853e-18
1.4983856339434494e-35
1.2467500848823262e-13
3.073152231393135e-53
1.2171686161048177e-10
7.099263332995439e-22
1.5658521719092165e-39
4.051337787042867e-25
6.88402230436504e-07
7.336325779772172e-07
1.5396179353665466e-34
8.482819936479791e-09
7.339650494621041e-09
2.490770009236641e-12
8.108318440493038e-22
6.36048067973928e-34
1.2303859032094186e-10
4.04058975100968e-23
9.338970436714668e-18
1.3278226747239927e-23
6.800903891128251e-13
1.6230173620029384e-18
5.789879689544592e-19
3.3709707765151e-23
2.1060455056611515e-12
8.915215688931256e-36
1.0564582667059169e-20
1.5523662376383187e-18
1.3978946265249556e-36
3.4757235349634036e-16
5.940339872069278e-23
4.419543078300181e-19
6.091660237205189e-07
6.303038190577087e-06
1.9132743284391432e-22
1.0025300868759442e-24
2.4374257939551556e-20
7.953702741294112e-31
2.603431205121922e-30
7.252888023279397e-24
3.2671072777480123e-06
3.560202673466209e-15
2.2698926966220497e-11
6.407059444025491e-38
1.6290416673810215e-09
9.575204322650284e-21
1.240266078456441e-09
1.3109617547456042e-34
1.0729667806775395e-06
6.602101980353343e-22
2.8331504978537525e-20
7.248401931574352e-38
3.289675542002116e-22
2.727078451911512e-26
2.761224998153227e-20
6.7220366612068355e-09
2.15125643056313e-25
1.1478292549091442e-31
6.67446296071423e-35
1.1131399094003962e-07
3.89627275496922e-07
2.1755540516887404e-27
4.737616142721517e-33
1.0035013021092977e-24
4.4232707540984724e-29
1.1352058969887849e-32
2.0945256448726998e-35
4.0846061856635196e-19
1.049837235447112e-19
4.289571922131821e-20
4.926463881564575e-27
9.054668802688013e-17
4.286428023610595e-29
7.901828757798393e-29
1.3534862834535797e-21
1.442512931632008e-10
7.858204277595377e-23
8.55842045992862e-22
3.5298580343815055e-20
7.811323739826164e-20
7.111811828265961e-21
1.592990006265002e-24
7.979224292983785e-24
9.269948491434832e-17
1.314371246016978e-22
8.087358898546212e-33
3.6056451842659313e-20
8.259028650442714e-10
1.040511656364084e-14
5.680350280218831e-08
8.224912225361925e-31
9.301490537528367e-25
1.8491919279168512e-10
1.9477073999086684e-06
3.2475502277483383e-09
8.701529748058257e-11
7.536651349869124e-27
1.869148468603181e-22
4.258147251894208e-18
1.19003308979263e-18
3.2161296520770882e-12
8.90184857812384e-12
1.4745160652891588e-22
1.1926771335195276e-13
4.747063307082608e-24
5.385147436586657e-07
2.3528618338727732e-07
2.5229415824605915e-25
2.4194116250247556e-06
6.47045467627519e-27
4.019267489813529e-09
7.15746260873816e-26
3.136132179653121e-24
3.250025041701144e-27
1.0248891146446383e-11
1.3832003104419667e-25
4.266012617711426e-23
1.568846112785317e-14
3.3071996225494834e-14
1.6002660074407575e-19
5.141435730695395e-21
8.143006139486699e-08
1.62355826761272e-20
1.1196908256202227e-72
2.325918135484105e-17
3.17943661615459e-18
1.828392644537468e-05
2.6896527272905322e-18
3.3561046723421817e-22
2.437968086121689e-16
2.6629436743710256e-07
1.3729768054449203e-23
2.1973735504788652e-23
5.375197000422339e-09
2.8981416869469366e-35
1.5047655532381392e-07
1.389700077011208e-17
9.805420047284284e-15
5.190586625488015e-15
5.404071084478524e-22
1.4802509770835157e-24
3.2403421493464785e-14
6.062136949959142e-14
2.043502047676429e-27
6.391507207570702e-22
7.918211678169602e-20
6.680609746776151e-22
4.642345884454875e-17
2.644388014327558e-29
5.772059368385657e-25
1.5756012518285582e-23
2.127392735880806e-09
3.1150508392281924e-20
4.415643891792853e-10
4.567886039355509e-27
7.894189510837726e-09
1.3668277201717874e-20
4.0959470370047603e-19
6.535694883815167e-20
9.3290318907769e-16
4.745304581751063e-17
3.3569377708943285e-15
9.02632703848819e-31
4.043090777778294e-30
3.7864959881864e-11
4.95564530876684e-07
4.3217243869725524e-19
1.2870908791280127e-08
5.2475066981622545e-08
1.127805233267853e-19
1.6241412466226265e-14
2.4664921308838415e-17
3.9098147520266035e-22
4.54846185797262e-17
1.0184706314225897e-29
1.0270783302799951e-35
1.8195762515157883e-12
3.6745957494164277e-16
2.926737724539698e-13
7.403595052202242e-10
2.0101575342251227e-07
2.906346652682623e-29
1.22400305880419e-25
4.2816776469115228e-19
4.345183891372033e-32
1.1786288489307278e-09
5.688888000120038e-42
3.598994763162283e-08
8.331261458397312e-22
8.68040275254092e-22
5.617161485223987e-25
3.160981100707267e-20
2.8097177641932375e-20
3.33388603309379e-18
3.0464312701644877e-07
1.6750257113868965e-25
3.260683757004671e-14
5.895567242679742e-60
5.214820339885103e-24
2.642109007350495e-27
5.781976612669005e-16
8.66380652533501e-14
5.862889029630331e-38
3.076039598597507e-08
4.181424666386885e-39
3.743808653115169e-40
8.818545536812406e-32
5.48593416353346e-17
3.7060707147470854e-15
6.172332726380835e-24
8.958133108472313e-15
5.367531925775717e-38
6.37541423995559e-27
1.0708774184127136e-17
8.24330906292423e-25
1.271450415669513e-21
1.4809630382702155e-19
1.1466526557386015e-09
1.739280869433146e-21
3.661899346216311e-20
6.285791400913899e-62
1.309646574359507e-19
3.319925536171498e-19
7.816150919112012e-18
3.9641257826517183e-10
2.5812354119833387e-25
8.032416775405816e-37
4.136344182693992e-21
1.635437500401333e-11
2.125752957612545e-21
4.643011120236199e-31
1.4540948690059293e-20
7.483974827821809e-24
4.622500607574021e-14
3.0936244500117804e-15
7.312230484120732e-37
1.6200990795380358e-15
2.9631210763073007e-08
7.865238493710199e-40
3.466688776126583e-21
1.563193815343196e-16
5.634718785677149e-22
4.346146764630877e-28
2.3229215160747664e-07
4.532215346960997e-15
6.997993088094782e-32
3.19857540048801e-18
2.36293850792827e-20
6.3450305327065616e-31
1.7645632179268797e-36
2.6975691839224957e-21
1.1551400805709651e-10
2.481704986342604e-29
1.7120044246757456e-19
2.283664189825396e-17
5.939155149311439e-19
3.8210966455874e-15
3.659051307178972e-12
1.824218442637681e-27
7.80087889153398e-11
4.1595710560319164e-29
5.022379792792939e-19
1.9710039382742495e-09
1.8086869272786595e-20
4.412652411335553e-21
1.1258944035907366e-19
6.050390812271056e-35
1.5458515451334597e-10
4.863467360578137e-25
5.67430073522408e-19
2.866871207058999e-12
3.0585951602521377e-19
1.865958956337619e-17
6.841154954187329e-25
9.714198496566835e-10
3.590404304297373e-33
3.166732584829657e-23
4.90263994808343e-19
3.6631110914059694e-22
5.482718048533298e-26
8.05973192494623e-28
2.0283453811278398e-17
3.0122870317214468e-15
5.849127576316505e-26
2.3986045804424996e-26
3.488877854285235e-13
4.7168618342750344e-32
1.508552951581596e-26
1.9731118487959805e-32
1.5363123484768631e-31
1.557038852174943e-13
1.993638189825363e-25
1.0968835055690727e-10
7.523477665855515e-18
2.675647725932888e-19
9.387548416827601e-17
9.517571808357448e-29
2.2312744259269067e-24
5.775042436894677e-18
1.4743140596123852e-22
3.933310951989621e-24
5.367798017092152e-25
2.1008372459703921e-07
7.558743879472997e-12
4.561098965905604e-19
8.083893431850054e-20
1.3447291398396366e-20
4.098744705671496e-16
1.938790775781424e-18
6.505780247811869e-17
1.6812609946715724e-16
4.501423081720562e-15
3.2379234111937964e-14
2.254085156945826e-18
1.7416650406546636e-32
3.765922272107131e-18
1.8030194621311888e-31
2.4029568035217117e-08
2.986147855619309e-09
1.528893497045077e-21
1.7850972075992067e-18
1.825143530211498e-13
4.54287677122819e-15
3.221478821189861e-10
1.5265886557886289e-21
1.318912758842298e-30
1.298202611368176e-12
1.1853296789782242e-10
1.6109960861185966e-40
1.7894014215579553e-15
7.1350943835651e-32
2.6146559999352708e-27
3.547704323965213e-14
1.5055771437281964e-24
1.3009237833983022e-07
4.6694000294876775e-24
5.966806242509213e-30
2.7206386429504987e-17
1.3693186226473857e-13
8.617923773193231e-14
3.8821642812806554e-29
4.810654857001903e-18
1.3566589240269134e-09
4.405514927934899e-14
1.036608197344499e-11
2.1768720988930065e-29
2.2953338317561863e-16
7.289117451497036e-17
1.607504395126238e-18
2.5455294014574615e-21
3.6656041235771106e-25
4.90123770702965e-34
8.547735850614612e-11
4.328075608397047e-10
5.965802552917185e-23
9.378871595817166e-09
5.3412892293173327e-14
7.684176003497862e-16
1.5212306287835173e-20
6.75781722857894e-28
4.6908935863410405e-08
4.744788984460651e-31
5.474990229692166e-21
5.011984197174923e-27
2.4498340210382743e-06
2.671260845112906e-08
7.383892665157865e-17
4.855061722747352e-26
5.224711739147673e-22
1.0401619962522232e-34
1.0398383608401452e-25
3.069893211317657e-20
2.347894111094064e-13
3.981841338349048e-14
1.3375315677699562e-21
6.918269283480225e-12
3.7422987521174003e-22
1.487840500084414e-25
1.4225109793576558e-13
1.6758809783003473e-22
5.7273269040735405e-52
1.6432632917937604e-18
9.62898694030823e-07
4.6318141656122926e-07
2.309696176212412e-24
3.2512590306106693e-13
6.692426915585357e-15
2.283105925812621e-15
1.758878357647067e-22
7.116188309441779e-37
5.774856863392599e-29
4.18377058503756e-08
6.417821786174405e-29
1.532684229069711e-30
4.326443760873112e-15
1.157312711879237e-10
5.77363044210897e-09
4.382142471529743e-24
2.455135642915026e-21
1.573963093139288e-19
4.79528879597449e-32
1.5256582755380958e-42
3.439595666255734e-10
4.899381807181228e-19
7.03595968037392e-26
1.2205535207871034e-23
2.3758241522724143e-08
4.069999976270262e-23
1.3316165998483351e-08
2.522490120340771e-25
1.124915010785943e-15
3.2499217247066146e-24
1.4086997182471076e-21
1.6990131862538808e-27
1.6825328364293344e-12
1.2025973178958928e-46
1.7668309521131832e-38
8.181908291580286e-10
6.331015988324466e-10
4.680552143027963e-13
3.6175105020216586e-36
1.6920725826846846e-18
1.2880842068749972e-08
5.4925882431913e-19
5.006994973784698e-21
3.480343356536367e-23
4.779371019888747e-51
6.096396376104626e-24
1.705841546410804e-21
4.923451090021995e-35
1.987893295290281e-25
6.673448102605106e-19
4.511619878888423e-21
3.10652574565457e-15
2.3557460795583623e-07
2.2836431742310284e-23
5.300204655083262e-16
1.2566969740246445e-07
4.409736163694048e-19
7.85743765294993e-25
4.2829622018349075e-24
3.108437159578251e-22
8.846695919469915e-14
2.002894106265901e-20
1.4351911851250276e-14
1.6604114434981132e-45
8.282081702327765e-10
3.8732143136918784e-14
1.4009703452683488e-30
2.0330023438312785e-20
1.2214827435679374e-20
8.087382971178313e-25
9.048907206733349e-08
1.4255499692596104e-36
4.758142030556274e-17
1.8406983640944567e-15
1.821325741024024e-28
4.988058722675049e-08
1.2945880829742739e-08
1.632613677543133e-23
1.551781753335786e-22
3.757498507515615e-09
5.297046486757776e-25
1.2717081335071893e-12
3.2835370811872743e-26
6.520275726556699e-22
2.1661985182858828e-23
3.745379228641593e-11
1.6325804570137855e-26
5.8851146511081036e-21
3.1149727514452423e-16
3.427454834946833e-29
2.117945153950651e-15
9.409267974546203e-09
2.437364621631147e-59
3.185661231612352e-10
1.6934148719887616e-11
9.99476546730325e-22
1.949022075711348e-34
1.2472060798614275e-25
3.7007163064043713e-19
3.2420771886459844e-31
2.5915454737639363e-16
5.376379996591544e-23
1.5581830520714876e-10
6.48854460088287e-08
1.8184709776541352e-11
1.837406026149743e-40
2.7680770339540466e-25
7.00641573273204e-17
2.0753687475830672e-23
1.8065611429664365e-23
1.2247054362893485e-07
1.3486191792857028e-11
1.6492742536128712e-19
1.8059546994424164e-14
1.4720098986266318e-24
7.229609734861457e-24
1.493713092546388e-08
2.5961926623565826e-16
5.081102825898965e-32
2.42158578797193e-19
7.497510461460489e-26
1.957645634399163e-10
1.1735265985334293e-16
4.154481307927739e-10
1.0857187318406106e-07
1.509501066748727e-23
5.447203823601659e-16
9.465099410245516e-21
6.031392495403797e-16
3.232884697123934e-22
1.064659188159124e-45
4.0986500185072427e-22
2.0841315611200784e-28
4.6546667333851415e-40
2.419558956995669e-17
9.223473036575676e-14
2.6864356710655545e-22
1.5518857806851326e-24
2.1852342919516412e-07
1.345585238906255e-30
1.3661282038190022e-10
1.0910972699032374e-19
1.865269844313505e-08
2.863699735405834e-29
1.948340245636448e-08
1.2149897241373795e-13
8.584309588423433e-31
4.938874471520882e-32
1.4382147237558294e-18
1.6131333472124517e-24
1.4438391347588962e-16
1.1835874179209958e-15
7.138190577226822e-30
7.6524467173366955e-28
2.5054242832253622e-20
4.8090446678143436e-17
1.286517035663529e-06
3.025491515051085e-38
4.1900969464820604e-22
1.262465503360702e-17
1.3169178690855312e-22
7.293940756075385e-08
7.278891118424261e-23
1.3044892981623842e-14
9.521278895550343e-16
1.2851295090485861e-20
6.592438750689597e-18
1.928464639133334e-08
3.2537532828249744e-28
1.8598609465940599e-13
2.099507475733481e-15
3.533535642330376e-26
1.2173017400014728e-14
4.1948637259036423e-20
3.4891077191470423e-09
1.9058121474477737e-14
2.135625395790609e-21
1.4786517181624488e-22
1.5990196747777104e-32
2.409385234138109e-10
9.3637180094814e-10
1.7621217612126633e-25
2.7073348735925063e-19
8.159103390821716e-29
8.890081288579972e-18
9.893434778051774e-17
3.9133336389915975e-06
5.025705104703109e-21
1.8909782131513303e-07
3.322329528685752e-24
4.32934985277997e-09
7.554455776858714e-15
2.202273661846462e-32
1.499070383563293e-08
1.8826107816858888e-08
1.9010173963101729e-10
9.19532498722856e-19
8.053846516768136e-42
5.1635110960892094e-21
3.395835676347869e-24
9.027550126809842e-26
6.709772035926908e-18
2.4978712406494356e-22
6.899171042375954e-23
3.335020938309956e-26
5.8030068163948244e-11
2.1101339953110486e-19
1.1856656481925845e-33
2.997041540260835e-16
1.0124147384108173e-16
1.562376850755785e-23
1.3576269932655395e-21
8.477388619864649e-26
1.192397283910933e-19
2.346077532795053e-39
1.908291104265503e-11
1.0376197733221038e-06
7.026514473404351e-20
5.23541151109387e-29
4.423274084888546e-12
3.970591143187872e-12
1.7040482822567024e-12
1.4387569799329882e-22
2.1169481690135972e-11
4.569326657163954e-19
4.997153642967041e-13
2.93809942541319e-20
2.2322438020593845e-30
3.833203349031702e-06
1.835573959688844e-16
3.1243228237907795e-17
1.1006435603317243e-17
5.026614349647636e-22
1.810338315232753e-21
1.3333130809354913e-22
1.1322790232476616e-05
1.190669090506567e-22
1.5186769289716008e-25
1.2578527344474005e-25
1.4434425732336716e-13
7.147956477820317e-21
1.7732876301388836e-08
3.405937262112803e-23
2.706017449137555e-19
7.779946631973889e-26
7.645048410177798e-15
5.924126902424645e-35
1.976308456091e-15
3.9422153595676437e-19
1.6251707427166766e-07
3.1521971492002627e-52
4.1276309756313766e-19
4.426603027089787e-25
1.780843869327071e-07
3.845604161505922e-31
1.2683383897635286e-11
7.539175189585764e-10
2.4054235693670658e-43
2.7188015918151204e-25
1.404418410188017e-23
1.6074760160634663e-26
4.835262718318e-20
7.676671877596139e-09
3.1614204291050362e-21
3.8789000650302306e-24
5.970913587292852e-23
1.6919434299240578e-24
3.105209571541482e-17
1.0089576615737478e-16
2.704869182024132e-35
1.795984092444097e-07
7.714078941704247e-17
1.273938455325281e-22
1.1702110773506243e-19
2.7411418905363583e-07
2.1795306089914835e-26
1.8774164182736183e-12
6.024810785320032e-24
1.0818024934765664e-37
4.4254870483193645e-13
4.832432836432566e-18
4.4708062450217864e-15
8.414845311985124e-10
2.7139833468358593e-12
3.007225891651324e-19
2.46142266748848e-22
6.602355180607467e-33
4.074880955428558e-28
8.299487106211812e-25
3.532467990664325e-20
5.479615979262862e-23
5.021202093830533e-24
2.024412944476742e-23
7.98259571964224e-26
4.420128243611774e-34
1.6118605872573575e-16
1.3914505781765082e-29
2.4158940130069003e-20
1.575178966154947e-30
7.941898251662039e-19
1.724224699727585e-13
1.8014165673286408e-30
1.958702623378904e-07
1.6458523690996814e-15
3.5040601824881566e-38
3.0899538975997012e-43
7.064404860134371e-16
4.8867817915954154e-11
4.337795951883947e-15
2.216782756449898e-09
1.99002640397031e-26
7.781869536880986e-31
3.899457818593789e-15
1.0452582651255566e-13
3.4333520977940476e-16
7.317481150639873e-07
5.6286440768642435e-36
5.638737194294549e-13
1.8241107401989918e-18
2.9968376247171297e-27
1.4589292132423508e-17
5.652974238216462e-23
8.144478085840708e-07
4.3606169606251095e-33
2.6068391970816582e-09
2.370821703059876e-12
2.2271488823428338e-26
5.257084761160326e-08
1.6552816024298352e-32
5.197849834665259e-23
3.7471840266226434e-08
1.3139770883465628e-21
3.3286154474836523e-19
7.75718415464445e-06
1.7265278891327084e-56
1.1506822987778868e-21
7.253805340163005e-20
3.170030453928533e-26
2.788840398269266e-21
2.0213529244599247e-32
3.105087936355737e-17
9.909320557420363e-24
2.5255317153801362e-15
1.4357510550562455e-20
1.1753314294737908e-16
1.0436393169892662e-17
1.1026566681551193e-17
2.72202463139959e-32
1.937898471440499e-29
3.322425056702824e-21
2.254074298582939e-06
1.3323995769476043e-07
1.3184217637129677e-20
1.6966881564860552e-20
1.0666322800959172e-26
3.3143148824618447e-38
2.3933455028678926e-07
5.788311083728773e-19
9.50784280406088e-19
4.954700505504227e-11
2.4678408914781545e-10
7.75848334712001e-17
4.366150644986545e-42
6.245262790126493e-14
1.356954520150531e-10
1.2078492248113366e-21
9.979709475569476e-21
9.869695725081183e-13
1.7163711659400077e-07
6.744921153938227e-24
1.5812859504900182e-29
1.699039000172912e-11
2.1425818599854857e-09
5.640883562838141e-23
2.368798085962326e-16
2.4256666169320162e-39
8.077913186710162e-25
3.6035003392199584e-10
6.873597057374615e-17
1.3836588546894183e-23
2.583971563523448e-13
2.1629948279236046e-10
2.4187397668467998e-09
1.7371480951955101e-28
2.320385075979339e-16
2.58224593900101e-40
7.131374999891211e-27
3.859203590801355e-39
1.3147923931971607e-23
9.666796932128883e-24
2.032816121963159e-14
6.170002556935415e-16
2.5219851893701304e-27
1.8188072341397295e-26
8.89973894156163e-25
1.3660928817277495e-15
5.877416507842641e-29
1.2726271393184841e-16
4.376367511175938e-18
4.8724567450997504e-27
2.2106208581561224e-08
5.840448926477905e-22
8.385714825238304e-19
8.088252256571057e-27
5.478149255650743e-22
8.040600030549499e-26
1.9356152664550445e-22
3.0128161194303222e-25
4.5018721059119666e-36
7.481489714349073e-24
2.5720259659328633e-24
1.1021256135662898e-30
3.769802929891049e-21
5.326027661987284e-21
2.0748112009026608e-27
2.403652660942078e-13
5.255832867212037e-19
1.0127679244919088e-31
1.7061676611089765e-25
4.473774094449878e-24
1.3257822163189501e-18
3.7481410636573783e-13
4.932391987712776e-36
7.121734672286228e-15
6.999207387215654e-25
7.867866135749487e-08
2.324211258241605e-26
1.3426905327143555e-07
4.843766472424315e-22
8.528791044680197e-24
4.448037679814867e-21
2.700288127294213e-19
3.324294959089239e-21
2.0706553259798458e-32
5.213406354264189e-30
2.1380002472343218e-24
8.921054264718402e-24
9.095528895270738e-08
7.30188069194268e-07
4.0111939956093566e-22
1.47414023565351e-10
1.901735372267496e-24
2.9302822755647855e-77
2.2441814666777875e-18
9.785173445456792e-27
8.250153319555759e-22
3.145286001108983e-12
4.008765354121716e-06
3.343942394824975e-19
3.742283411806641e-19
1.925172924126986e-37
1.7290916766083875e-07
1.878079055874558e-22
7.70769195424603e-20
5.88669784465777e-25
8.524007356909841e-14
1.8635651250002582e-05
6.950821775265123e-42
6.551366417415467e-08
1.0186991666636611e-17
2.6916780713662445e-27
5.203643708634395e-09
5.575738096591019e-21
1.787183188688991e-15
8.359762096463217e-14
2.7662770874369047e-15
2.97829295225069e-25
2.953767008305654e-27
1.5921476092887375e-15
1.5220085122535867e-19
2.575098204457568e-22
1.3332336310297872e-17
6.156653498441135e-11
8.449466331327707e-21
1.04114791024121e-10
7.465000109821442e-34
2.3164556237553548e-11
3.019350898117336e-07
5.492829888960125e-27
1.245059045931815e-18
1.747638332377058e-16
8.292883318218068e-18
1.1732292187622038e-18
7.686154377253895e-22
1.0027657996351975e-11
2.7566121700069083e-13
1.8677773729370938e-09
2.0838296280619224e-11
1.3651350612832051e-08
9.192570403028272e-25
7.979570947924838e-24
1.2732318398872127e-18
8.548098251319752e-26
5.811739338187097e-35
4.560632706782581e-30
2.011668568615135e-26
1.3001753083170754e-07
1.7447031459194169e-09
3.163104543529973e-14
3.1154381870258567e-15
1.7613728163365432e-08
2.1852179828394735e-07
4.594537073867595e-45
5.6419931729253184e-11
1.3581573385789444e-12
5.04325825561014e-20
2.143911986697594e-25
1.4736780258065408e-40
2.1854601878261326e-11
1.0578202068479272e-22
2.3008023758877684e-21
1.6127474289350305e-33
6.88914079592879e-13
4.855720408229547e-33
4.569213183161953e-19
2.3486114474656195e-17
1.9152943852568964e-23
6.328160748682521e-13
4.583933366832359e-20
3.10871777406545e-17
2.7621559940987953e-15
1.1580745044871303e-21
9.758827578408275e-21
3.321167264862711e-24
2.8435820158206825e-12
5.140761103477358e-22
1.2958277812749809e-23
1.441918872082322e-40
5.681465054080554e-13
1.9367924416739917e-17
2.5463897297812504e-12
4.796445299309639e-14
6.513148077224139e-29
1.310411176205724e-24
3.5787789876779253e-10
1.2407307541844696e-06
9.666627241124454e-30
1.2604200909421997e-09
2.5250205254383948e-12
1.6207902347091802e-06
1.5269320470933652e-17
3.7605658529124255e-28
1.2352299055371946e-29
6.504080893584102e-25
4.206912677292294e-17
2.0107269386348525e-21
1.6698616160891843e-14
4.404516610698625e-06
1.70026057676861e-26
4.067739204258599e-19
1.9888493717428905e-23
2.0759443609263985e-35
5.112888084420196e-08
1.8886029522047528e-13
1.9335695991260472e-24
9.758957377969634e-37
5.3456302403436374e-18
6.253654579429438e-13
3.9450243721879927e-19
3.4765809985479786e-27
6.69382835890037e-18
1.7681627881653663e-24
1.9138633291357993e-09
2.1252469432906263e-16
3.780884743066711e-22
6.1930706294652616e-21
2.4057492636205104e-17
3.514870598515309e-22
1.059708566049475e-20
1.1438927035612757e-53
2.798000173781981e-14
3.731405168941526e-24
1.3538723824153202e-06
6.15130399176441e-14
2.1533071924717253e-21
2.495160940156431e-13
1.976661595239498e-14
2.88227280225623e-16
5.229274979284767e-10
2.1447513312201844e-24
9.847734870716958e-16
1.1840989245635395e-11
3.2367379720228222e-71
5.530094569123964e-27
2.457339358796235e-18
1.1996020482119616e-07
6.612527528824427e-19
1.9007657703782744e-24
2.3606147577725028e-27
6.043161370067818e-26
3.395600263376805e-06
1.7471456697485557e-23
9.403562033771755e-24
1.8263265575495557e-18
1.693942514290091e-29
1.1442278426393832e-41
8.200704695082786e-33
1.7965103032361294e-05
3.293394389732408e-11
1.3861855695208549e-17
6.414157199576617e-25
1.362261941793757e-11
2.8235656442901455e-26
3.905900768902112e-22
9.998451158489382e-12
7.200586204664649e-11
2.265323616241516e-09
8.249312009962415e-26
1.368372467889929e-26
6.922288340235523e-18
2.617639115407351e-28
3.364075378471649e-23
4.043415343459298e-11
4.170456225217964e-09
1.2806668167233384e-18
9.705180209074668e-23
2.3995089107272426e-39
1.0703014533388602e-14
4.649631597571404e-53
3.8136511356184156e-10
1.1011823219146391e-14
3.505697080787981e-22
9.319843488087294e-23
4.977736848249819e-34
2.207351679844973e-17
2.20883976557084e-19
1.0098639872404413e-23
6.35087270849125e-29
8.548286446848184e-35
1.1181609818463055e-35
9.221910128676989e-30
3.8234254568259114e-34
2.9511574882775963e-22
3.1792797071914163e-19
1.8074411171130802e-26
2.649484759682729e-21
3.19792879750034e-24
4.9866164786483154e-21
1.1196458416941844e-09
6.457473592812788e-10
3.4501567240595424e-24
4.139420959102242e-20
3.5105433881820656e-34
2.072295853729475e-21
1.0750270904331867e-25
4.287515618637905e-30
5.979883932901142e-16
3.333524889017899e-07
7.621541770505344e-11
2.8782822151246746e-08
0.00014496260838360697
4.843002298008584e-35
1.8013794896828107e-30
2.2770479572893168e-08
9.625651699727638e-59
5.454050264056685e-32
4.218152602328686e-09
2.1737977952452585e-09
2.6883876166660596e-06
6.338548021637776e-26
1.3168643758058453e-16
5.989993182976032e-12
3.979343987480797e-11
2.8612173251922274e-69
2.17866329633969e-15
4.954589422669164e-13
4.492763484114264e-21
2.8054900611802548e-14
1.3222184459323671e-11
3.3965009504558265e-23
3.3517734676582137e-39
1.784021752135629e-22
5.294214273818044e-26
2.2983054637173925e-36
2.839778860341425e-24
2.3541683204829317e-13
6.922492283395043e-22
8.773208969682587e-21
6.082089430699034e-25
5.093427464149285e-24
2.90398562663389e-30
2.9575192366685786e-21
1.9731914155257427e-33
4.980279098754819e-08
4.075196848230062e-33
9.867868528835776e-08
4.016625721384063e-11
1.2020969593705537e-35
6.291774881467279e-27
9.054440898445035e-13
6.290538892990292e-10
3.1208898268351976e-23
1.2629214492112797e-10
7.845370056999832e-36
4.765284735416317e-21
1.2920064879269758e-17
1.876481030793601e-20
4.575640794277666e-16
9.563591288079362e-28
9.896086912527097e-15
2.3973559138954744e-08
1.0549888435828174e-21
5.991117031081065e-32
1.8824108675141658e-22
2.214796178581803e-20
1.695340204253968e-07
1.053606578994569e-06
7.808751406442344e-30
3.988796028777936e-17
5.256586201936016e-26
4.036015836411713e-13
1.42265597187471e-28
1.866371314465176e-29
1.1629897876914665e-31
3.753189837592798e-24
3.2871596578793714e-23
1.418618876050404e-15
2.544090115275661e-29
2.6012410081466257e-19
1.1214227826855408e-18
3.979816688672191e-21
3.3180306574653734e-22
6.293545584096144e-20
1.4739396270767919e-16
3.533722748124091e-21
1.1518539731199535e-20
1.6940506751439155e-20
1.0203527028111355e-12
2.857909831754113e-32
2.618566295158144e-14
5.486727417108948e-08
7.738003209287149e-29
6.854779563000849e-37
8.359336250896224e-14
1.700546485599338e-08
4.4455740346140064e-21
1.8939558736214426e-21
4.7142688625286725e-15
2.2622197958975827e-24
5.674852321076543e-08
2.6418220944533884e-26
9.565792815277675e-22
9.650402011774035e-29
1.5738385403378803e-08
5.2464512728755077e-08
1.910007378885155e-16
3.3366546561459107e-19
2.8679608737883194e-18
7.7763188190293e-25
4.1234503136833183e-33
1.2412644957782288e-21
2.652552018298721e-13
3.137668664667367e-19
1.0623500856359793e-22
9.142635957004142e-12
3.269156763432492e-21
5.789073112845031e-17
1.5257361186918104e-13
1.1021800575388032e-36
1.843221942497949e-26
3.1226202651885237e-13
1.5471090667145867e-12
1.797519167761556e-26
1.9107092824840352e-20
5.1991929383229406e-11
9.733332306266771e-05
2.995953075928585e-27
1.1091978129312643e-17
2.1854382626175927e-40
5.119894296722259e-25
2.5577725109815323e-09
4.002447311711365e-28
2.323837890288124e-16
6.2922007592822135e-12
6.3642097611323795e-18
7.879845477567187e-12
3.3548834959776236e-21
6.723316108252813e-10
1.1138247812259383e-18
3.4636460760081006e-06
8.085648041228924e-42
1.38787794512446e-10
1.734286691560724e-08
5.182842774741914e-10
1.181071928002592e-21
2.0074735890625717e-15
5.959095852578385e-31
5.855934762596324e-09
1.59482578927027e-22
4.095913371398989e-10
2.9606000288636554e-20
6.429566871811398e-30
2.935799140727787e-10
1.6205477664921272e-25
4.772215893529222e-38
1.424035763198487e-12
1.9266902823794123e-23
2.9564309947673326e-07
2.9304302657295624e-25
3.568366263995893e-12
1.2961110723821808e-12
1.5910090356929494e-38
4.063515753527094e-17
7.363979014812874e-07
4.856646853573786e-26
7.234519078896238e-21
1.7927247567047963e-15
5.792303149318191e-16
1.084554052150808e-18
8.149698881472995e-13
6.748292143896913e-25
4.765367387796664e-21
3.2031131524822378e-27
2.8312729306545236e-18
1.3397609120592416e-07
3.6453790988230655e-15
3.056195976914402e-21
1.2805695875277977e-21
3.691258564321918e-14
1.5361856851803742e-19
5.964266677046756e-07
1.857645791687335e-11
2.072331239420635e-10
1.7750959007463813e-11
1.505005365873001e-21
2.50052663617037e-19
1.928353670599999e-38
1.964452393261733e-07
2.1375602647785243e-20
2.610625235613242e-12
1.772370985634092e-21
1.639540787814669e-12
1.6705540504711794e-08
2.4336403349913983e-23
7.436937920546278e-51
2.777549408575246e-18
2.429068185404731e-18
7.569786897929179e-24
1.083149932345952e-07
2.687498115235264e-32
3.473739641441174e-24
2.320175172906422e-17
1.298522363102999e-08
4.474597159596495e-19
3.0631337610826845e-07
2.847818769505543e-31
1.271538671770485e-25
3.333538521087821e-20
2.1156951517765847e-24
1.1039747974649195e-22
1.0921235889408063e-19
1.2254601039004431e-20
1.294755441322647e-25
1.0897955055142077e-24
6.39595377241878e-08
1.6208923799564423e-23
2.6322754242970646e-22
1.4469237050914026e-22
1.505806960794369e-29
5.273891773773432e-21
1.0354313476609534e-14
2.0916823798803844e-25
3.203733481965027e-44
3.97082448068336e-24
6.378016684249498e-32
4.941013907588498e-14
2.1746778105145994e-11
2.760325903738747e-06
1.5862392670279905e-14
1.6922764741961517e-22
3.1137312703752017e-24
1.6415842736400392e-26
9.259658373268743e-13
6.671799846191231e-22
1.8928159650662917e-25
4.057430989853606e-19
3.1015665557200172e-37
3.0425303529783174e-05
8.477425570838436e-33
7.787273473910676e-27
4.2806543017707215e-36
7.905601059079496e-30
9.033181109407979e-15
2.1475749608645944e-09
8.851636971392988e-27
3.666404222549851e-14
2.5936457207122493e-23
3.5782663595133726e-16
1.0107759581597329e-16
8.85958940810898e-19
6.700577855154202e-10
4.995083727578373e-37
4.4434944692775404e-39
5.277651994883782e-29
2.751273029332111e-24
1.2491723101158402e-07
1.5603824432240533e-07
1.874461111392221e-15
4.6125300417493775e-26
1.3244844720938286e-13
1.1072307828176368e-08
3.145376990442733e-08
2.894772315241153e-10
2.88112848334789e-15
2.8696688752424732e-21
3.001275421015535e-08
1.3141342369274346e-08
1.0915946168889101e-32
3.7611088879233663e-34
9.500251379926252e-20
7.788713718331463e-22
7.73276741762487e-24
4.767625850770102e-14
3.0371885700819957e-20
6.94661795497616e-30
2.0110022115139723e-08
3.341142811516541e-22
7.823809385394811e-10
5.939790455207821e-10
8.863081830986178e-33
1.0785970984179195e-10
3.4481634247222128e-12
2.247891240332905e-46
9.742688300859826e-17
5.569854278941569e-29
6.621845041473603e-18
9.136112233762036e-24
1.7098149424626836e-17
3.0046975705530543e-19
7.714698316620721e-14
1.8417916074863262e-09
1.7107064653324348e-19
6.876527025284542e-09
3.729029344993408e-08
7.3074361042559705e-09
7.093224958234421e-29
1.6492752438796764e-07
1.336658306717243e-24
9.612808244273375e-75
6.975173505132574e-13
7.84831192223442e-14
3.7450319549800285e-09
1.5665483739012862e-18
2.3079680291379684e-30
2.068197647752374e-29
9.989695654121941e-31
1.1985993952513844e-07
1.7196320509841398e-25
9.01824338939666e-29
9.498154990940971e-19
9.245452938223289e-20
5.302922691844322e-30
3.8377092488580334e-18
9.950286881929536e-20
4.0135277252312067e-19
8.866330770501257e-22
6.952926688076515e-08
4.2483424303607083e-11
9.867510164191888e-14
3.695096177569719e-15
4.920881971443457e-09
3.9383314489913635e-19
1.1859424990939174e-15
2.850473945725655e-29
6.115436938765918e-26
4.0784611965146625e-28
2.9338028128840484e-30
1.2043087878303159e-31
1.2009517272556437e-25
1.0209051528993875e-21
6.259966315155642e-07
6.799625377020452e-25
3.3492180359216506e-08
1.6733004796216641e-18
4.544458627384998e-11
3.6856234925243257e-10
9.062550407678969e-30
9.900718367123099e-18
6.87240192767939e-21
1.687838607788633e-12
5.134262920476365e-33
2.4682162174325258e-09
2.532639099312168e-19
4.778429378294144e-05
3.293866739672264e-23
4.767105627365718e-26
1.5824968520585825e-17
5.36602090295922e-10
1.3718933706995234e-16
8.317972355964489e-44
4.9336650926722015e-28
6.635092511378384e-24
4.320699315813707e-17
4.1865152676623542e-19
6.732560226244539e-19
2.175235931846654e-18
3.547728923236453e-20
6.636165246361667e-26
6.636399860632149e-25
3.0096493872092947e-27
6.24325970442473e-17
1.6485128570962477e-07
8.495966880956302e-24
1.6973508346775772e-38
1.880769335482882e-16
1.062639266339809e-12
4.0483152801149095e-23
2.261173850952929e-13
7.897290467868916e-13
1.5591704211391844e-11
3.3538216888978974e-22
8.764775118022726e-31
6.658605256354214e-22
3.669542078011802e-14
2.3345957028873297e-36
1.6080309469695354e-19
3.763750288527928e-25
6.996164395278123e-17
2.741217025538952e-23
3.258768356753749e-31
1.118096544476445e-24
3.7116420089634855e-14
3.717070465238938e-19
4.191625939686707e-39
2.6864207513147617e-13
1.8734576622494738e-32
1.9580366873002207e-26
2.531034356376077e-15
4.376280914560304e-14
1.7111091466749604e-11
1.4678155718352295e-44
3.5358859775444325e-31
2.42320055045072e-22
4.105640812387282e-18
3.025552538289112e-23
6.6896151433709654e-21
1.3938416216092826e-11
1.3603538886321175e-22
8.642686734237576e-29
6.755465014172058e-27
2.2792152813973564e-12
1.33170744962616e-16
1.0997953135958464e-21
4.6153665419589725e-23
1.8072662188356358e-30
1.6303018291762884e-33
1.5965768515431593e-18
4.255307004249166e-31
1.2833826206904544e-11
1.4436227021077915e-58
1.1359626294603884e-18
2.1604437090908022e-13
7.014399739914136e-17
2.4249345145522753e-27
1.7327078908304474e-31
2.4393239558289903e-15
4.688897406025015e-30
3.953256136461854e-12
1.6574046475760674e-14
2.1242285140343684e-29
1.3204098557738858e-13
2.9056871193807633e-19
3.0386318464661693e-16
2.1164282067107854e-18
4.731374232354186e-10
9.182724920632078e-20
4.549555533780377e-31
9.292491985759712e-20
0.0002724806426628482
1.2167338286431604e-26
1.7685831764393936e-25
2.1672606730190417e-22
7.328214437037901e-19
2.1517085204697823e-15
6.786720245644538e-16
1.2076192282400128e-14
4.4620119693016425e-15
3.120426423175108e-46
3.530084947470493e-24
3.3739976292100726e-22
1.1035026163011229e-29
2.5743087128018574e-09
1.3772553436644892e-21
5.803474467991764e-30
1.718781111979234e-10
2.3067460778398787e-21
3.367723016722864e-10
1.8056510901313968e-23
1.12794996600324e-08
2.4622266542464206e-05
7.035253557370389e-19
6.027349913884575e-26
2.940866074567014e-08
4.813144150550971e-19
1.2747047405533354e-14
3.7017116944125233e-10
1.3457100422648094e-18
3.088587949676267e-39
4.029277249553986e-15
6.491225474475076e-10
2.145416675517759e-31
5.644412748732208e-24
7.351472453238281e-38
3.5225127423877854e-07
8.704396050405895e-15
1.644163677800085e-10
1.9521474173616702e-27
5.341089536349392e-08
1.0815773915938101e-27
2.168726933802565e-17
4.189203931567749e-36
2.4803165385153398e-14
2.1409967698739447e-19
6.14211092899648e-31
1.8391425119952695e-27
1.1804469883399312e-11
5.324255919202228e-26
1.2841733783163294e-22
5.687652596495529e-16
4.082956925823502e-09
2.671173205934799e-43
1.3535446917027707e-16
3.740484792815627e-08
1.3512510790547574e-18
4.0597979485075295e-34
4.4507442106275086e-18
3.1846243335539674e-21
4.128081461770255e-07
3.563148731732596e-26
1.6303556316461897e-15
2.7130421169129445e-05
4.116290523705614e-46
5.0273082562973106e-26
1.0129110258718964e-26
1.323608709781228e-31
3.846627412162558e-21
1.8017551951866906e-22
2.8968838878872745e-33
3.9649582636221914e-20
7.118947948990239e-09
7.858597700548385e-08
5.68998433967184e-22
7.526441982798457e-23
1.012341531421461e-34
1.8900773486742252e-21
3.1598379423339263e-28
2.9909056097511314e-29
7.416586095010611e-27
1.5209161100187418e-33
1.2096954307445279e-23
1.984282353605708e-29
2.992216035916746e-12
1.2458898951406686e-08
9.445482477424733e-21
6.1239397538988675e-12
8.739840133402575e-20
1.7322634105391632e-20
2.428597978641027e-17
6.276932008340464e-19
3.479728156431129e-18
1.257398467891595e-13
2.8277586118795556e-28
1.9867116755352323e-11
8.920462202685898e-22
7.279745414507088e-20
9.634858252809662e-15
7.870109989770009e-14
2.2734124759729017e-18
3.2206563454238506e-18
1.2071558447003387e-26
1.074613247968898e-22
4.640625971435804e-13
1.4719714665682975e-26
2.2749480682039933e-32
9.839781813810307e-23
3.623123919994003e-18
1.493671194904524e-21
2.8002849796435425e-06
6.993913643974657e-16
3.0528036321636174e-15
3.3509444594822846e-31
1.9654710148576366e-19
1.2665716187314547e-13
1.765548255150566e-15
5.5115916075098e-07
6.388894110018289e-22
8.88189272782703e-14
1.9904099879419802e-24
8.93685737131689e-14
8.242207451198974e-23
1.0194798576036301e-24
1.8851102266814628e-13
3.206524396955221e-14
3.9323227673519365e-14
8.733031208112458e-34
1.398716758503052e-14
4.431068545341822e-11
4.168940954853261e-15
6.992282556190018e-17
9.337487713214795e-27
1.8605636831343426e-26
1.2676360259078472e-06
1.7387478333576816e-21
6.717014861297007e-07
3.0828652740588966e-22
8.44823413855112e-18
1.5845468378873313e-28
7.96941132140448e-21
1.19929237102019e-27
5.429226057425866e-10
2.6569197929596143e-19
5.0820653100627265e-21
1.938164302330951e-19
1.4847730194952705e-21
2.0066694930170227e-11
6.123717553497267e-54
8.500506031858738e-16
3.0915663908758173e-21
7.95917695562637e-33
1.459132791474925e-08
4.696700997580119e-12
1.3425571863982e-07
2.8683282902054313e-09
7.154596291594746e-20
5.219460646295463e-17
4.4079275495257994e-80
2.0001294598512236e-27
2.1963468688803918e-16
4.570282793923814e-33
8.674648989447065e-09
3.471948525204177e-08
9.376248908289266e-36
3.339126306343054e-22
4.579632163274071e-16
7.060926954245811e-27
1.995341376290277e-18
2.2560789514596752e-17
1.0374974881991188e-50
3.822771485525131e-23
5.906108870169662e-15
2.965427688299655e-28
1.7299414175295525e-16
1.0071761602188289e-09
1.1959800099344617e-17
4.105604838251053e-29
6.259513548232879e-27
8.321584749355241e-16
4.9546423319485944e-23
1.6797942900293997e-22
3.120423040826919e-17
2.8717315898959788e-12
4.416640580861492e-23
2.88271671189717e-08
4.58476648683723e-09
4.008765354121716e-06
3.1506697411445253e-19
6.596500971627205e-21
3.3893702165897794e-18
1.3072672919631637e-19
4.66138644506953e-29
5.37375447135618e-26
2.5937233378459883e-16
3.846231098035925e-09
9.008536331186956e-11
1.7462735524171726e-16
2.9666186744993886e-10
5.234793371115822e-06
2.346942338792576e-29
9.923861956841395e-31
7.922345825069659e-15
5.149229942686921e-11
2.880511575019522e-40
7.531729577333192e-29
4.093675048826499e-12
4.84943405517379e-27
1.9230784837897073e-10
1.2603965258286445e-29
1.5279868565937725e-15
2.870291006355872e-22
5.347331952272914e-10
5.371668121426294e-08
1.9573285883893233e-20
4.215117094296962e-15
9.412110778643824e-18
2.568963012314923e-20
5.798867979126921e-06
8.922015769308993e-16
3.386197383974506e-15
1.1693261050505608e-14
8.40030481226588e-17
5.205514692169945e-19
2.0487693138304456e-32
7.295978641585835e-27
4.801058327141202e-20
2.4337548138175844e-10
3.0527058910720354e-24
2.8753077433376456e-13
6.6886218210313706e-21
1.757135394411036e-11
1.3214975414752567e-32
3.162635444196319e-08
4.66416510930906e-12
2.5586523045002134e-17
1.8025983825135143e-13
6.523688542662077e-11
1.043155132346097e-07
4.595867074147963e-27
3.2663643626552324e-19
4.6560423618082436e-17
1.2537290692089247e-21
6.36188475234731e-33
8.100517423533697e-30
1.1897545881449509e-18
2.24323646225383e-16
4.4059182013766365e-18
6.657673916625068e-38
1.50297042498337e-30
1.9142129232320742e-23
2.7532774720257277e-17
4.293444448958201e-21
5.047972298297494e-21
2.8685764653909884e-20
6.8267738548753115e-12
1.009634582887298e-32
5.2443630398318426e-15
6.323427448231651e-19
9.800128936803095e-18
1.5966938937678424e-07
1.4211324305319457e-22
6.037763028172169e-24
1.847811378388514e-12
1.8413885835135054e-20
1.0781068737378528e-10
1.0062378305432623e-20
9.039402199177713e-22
1.2459288362685956e-47
2.9038821573533486e-09
3.3527193338913415e-13
3.758264818758437e-08
4.6294791314157825e-12
2.135292981401976e-25
5.700209150299236e-15
1.0763163473518019e-20
5.1165488633540144e-17
2.178242226801327e-15
1.000768133251539e-08
1.1902593090001734e-06
4.4024393087110106e-35
3.691650262519441e-15
4.761841133017521e-31
4.94094637586388e-22
9.386572553263021e-27
1.0054176917191663e-36
1.9711348940388814e-18
1.3487680942963461e-36
1.3504617472181655e-36
1.15034305337883e-15
3.012122948828021e-16
1.364225259632122e-16
1.0521841807531631e-26
4.9786070546182555e-17
6.151332743272681e-34
6.728919331766849e-12
7.543680777781792e-37
6.273936549699558e-26
6.744601671662573e-42
5.442528094992187e-12
2.6595837834953667e-32
3.4557730702273795e-29
2.910103751324472e-11
2.1286886167734636e-50
1.0536548109437612e-07
2.324127462283835e-21
8.096979796394505e-17
1.4201643163549582e-17
2.576935935691581e-16
2.052815306377482e-32
4.044307297747191e-19
2.721191950604131e-25
4.9751490829408015e-22
2.2369277048882142e-07
1.930634107079664e-24
2.415090849774442e-10
2.7470992828539214e-20
6.632912592102253e-18
7.351027839863501e-50
8.987426436111436e-19
2.079760866176021e-45
9.722877972970089e-11
2.380526843752195e-12
1.4534752564764327e-20
2.7237882907228975e-26
4.6465999291956486e-11
1.4582121321524446e-10
6.242160286732415e-07
2.5081774769414463e-13
9.483832244070657e-22
1.060682331713576e-18
7.167846865136294e-24
2.373397383652877e-26
1.0952188260034475e-10
1.918845937227618e-17
1.727656452352307e-08
1.4958950259838453e-10
7.719686071865393e-32
7.106030764268554e-10
3.198190021886372e-14
1.302502480131206e-10
3.108969447022223e-09
7.513553162122979e-29
5.966232127054443e-23
5.263085468765395e-32
1.4283387746929638e-21
4.987404711045559e-10
1.994068191453764e-09
2.1295778754474167e-18
1.1120575868755603e-35
5.6672571759036845e-25
1.2591334998990888e-10
6.76570236019762e-25
1.0029738176196724e-19
6.170549340828707e-19
7.452815783921635e-10
8.568752714361674e-13
4.046585914392032e-33
5.932940980948203e-08
1.7137549890629451e-12
1.0919802279349388e-19
1.1352919207539672e-10
1.2889557351670103e-15
1.1860680525300511e-27
3.140850055702976e-26
4.914274561035114e-24
9.318864853944134e-17
3.4841239040772805e-20
3.131751365681562e-12
1.219914849686519e-16
1.2634836743532423e-11
4.892146746563853e-28
1.1893667449195994e-12
3.2639822917922256e-08
6.067864338116594e-07
3.279062577585388e-07
2.166900066397471e-06
6.212358529550984e-25
2.3220636154856721e-10
1.0725411386093296e-14
3.3660695080333324e-24
6.054241752127155e-20
1.2912249304930203e-10
1.1974181926071593e-08
1.4272819594491807e-17
2.062192286192117e-45
2.897308162020158e-08
4.6061327277780993e-17
7.2882581359208e-25
4.862864698724873e-31
1.8722706214115687e-18
2.720296885846603e-23
5.759671786622476e-22
1.0466569894011214e-29
1.1877881319814996e-29
3.759915008489743e-26
4.276371045777706e-25
2.2782686412660852e-33
3.041624682487774e-12
9.632939948174211e-27
1.6646954266749448e-09
2.829288228575296e-16
9.16595701474672e-42
2.9186184748984433e-20
3.5698608852567583e-19
8.76177495204866e-25
9.090496481926444e-25
2.0126480646114465e-23
3.6422253242867904e-31
4.4997124508327335e-24
1.606024188338655e-07
2.000999794515006e-24
1.0005540493094811e-05
2.3578908602737224e-27
8.020972293199426e-37
6.289897694439645e-26
9.72424948234206e-21
1.2807366145268111e-21
1.2154606823602029e-81
4.512689061815926e-38
2.1377390871969812e-31
1.2217464132268822e-21
4.386957441188263e-25
5.480539651090565e-18
1.0467181367035615e-08
6.212173187801809e-23
2.303662218810301e-22
4.992969447285033e-22
3.409905154798018e-42
8.778589703966626e-31
6.672738503938016e-09
8.389055780382477e-09
1.963878652534195e-09
1.5564052196091166e-43
8.40536055887906e-19
2.59373858921971e-11
1.4879384617305254e-21
2.104813726475867e-29
2.1819656357164148e-41
1.4746175493966477e-14
1.3457102018647094e-10
8.770803722495833e-18
1.6627404230226656e-08
2.926913606943425e-15
1.3400599985776879e-05
5.567141928346578e-23
1.6941231704509272e-24
5.890480326145169e-27
4.383586697990238e-27
6.451492310766188e-13
3.315384116840418e-25
1.5787460408020644e-31
3.742501617286506e-20
3.4087634649164423e-07
1.5340449994448332e-20
7.971171502823365e-41
3.00186762010628e-27
1.4805973430984184e-26
5.291456762373295e-26
1.1045031942778714e-21
8.0179579424416e-21
8.248609433903255e-06
2.598017207374007e-30
1.4554334335729167e-11
6.940135197368667e-29
9.584970298842797e-14
3.5268719803994655e-13
3.215293393942204e-22
2.520616486821757e-34
5.953784293200938e-10
5.471192825100463e-16
3.7581006764131586e-17
9.187160876479278e-08
2.200393595605034e-12
3.3320478652880462e-28
5.5610720881306615e-34
5.5987173689261585e-27
3.688217630342391e-06
9.605664192144526e-13
9.094252045602559e-13
7.293603021434133e-52
1.442040872341619e-29
3.880187309244648e-53
1.121884351901955e-34
1.1496121602740308e-23
7.886058879210389e-28
1.7560612993752852e-26
8.190043502592711e-34
2.91728500930746e-17
2.981096907616903e-12
1.9866432269549585e-16
2.018986945605508e-50
4.223797202356702e-21
3.133481075686638e-29
1.1488802638409902e-26
1.18802703169491e-40
1.9825288925249483e-19
3.564363576671287e-13
2.4869010022972003e-16
2.449411122871794e-23
1.054504662898742e-35
3.373767308132744e-15
1.6675814732005243e-07
2.0538218081304458e-21
8.037873679020691e-17
4.841554613384818e-31
1.1386771216083408e-25
2.390099864968116e-29
4.457442638385516e-17
3.914394629385315e-18
6.63097061078248e-18
4.405173456936929e-15
6.615540005453078e-17
2.917094831249013e-20
5.134547728111443e-16
5.069562614539157e-19
6.0351602706390004e-21
8.570935587776195e-10
1.7104056759903228e-23
2.245744421618942e-15
4.57418741783964e-15
8.981132551885753e-08
2.82820621911914e-21
4.45822609012849e-17
1.525274573252877e-23
2.4939590010988034e-14
1.8775751484654343e-12
1.3498989294677489e-14
1.8183154948652926e-20
5.1937083379146e-16
6.962339824410373e-17
6.608866626501514e-09
4.065271953014332e-27
5.784466028508353e-19
1.5375874535421515e-06
3.2525322869668632e-19
5.2709762678988296e-05
1.6347659143777971e-12
3.0063486773519694e-12
6.603644706885774e-24
1.3469141488949202e-16
2.4733912114954406e-32
3.1580240846681105e-21
7.673277894211107e-16
1.1714435889413785e-19
1.986217810971726e-16
1.049618301318613e-20
1.932395350403419e-14
2.00079624597628e-11
8.40437259699847e-29
4.2932398997012e-28
4.848264136246759e-37
9.307461663760835e-38
1.821866392957708e-30
8.615371582048246e-20
1.3852844391463053e-16
3.0714514413465153e-27
4.171529389403447e-23
3.708867425858477e-06
5.86538305345646e-12
6.15878591850228e-31
5.077066860310365e-31
2.0340908698375283e-13
5.988293560188588e-39
2.041747954191336e-24
5.6112515061330185e-46
8.738973559417511e-39
8.564926778533016e-19
5.328022139903647e-09
4.45859873490734e-13
3.174837680368646e-07
5.868961100589252e-26
1.509442083589191e-15
3.9365894025735534e-19
3.221464810980142e-07
1.7680768219462097e-15
4.0630779143155613e-13
1.9236888104594468e-30
1.314808195751685e-41
3.786806517973875e-10
5.94693969798925e-19
1.1931136103486168e-31
4.9269968812988883e-29
7.658530375609429e-10
9.54740054935013e-17
4.202412312820286e-34
2.724901973641084e-26
7.84584482280091e-15
1.2821662816894717e-19
6.357987346405018e-08
1.748788617935481e-21
7.430665520689304e-27
1.7557161137502592e-44
1.834468947575647e-08
3.955135240223308e-09
9.82384589906362e-19
1.4560124306904293e-22
1.0770890073705687e-27
8.329216342208802e-19
1.282645216185493e-16
2.157016666538967e-34
1.5112424216869514e-25
3.87357702604482e-24
1.8671193855108634e-18
3.4590862122531395e-11
3.835871319569083e-22
1.7279106293767787e-14
2.1578611765033448e-31
3.9029780238248034e-29
1.68979837575209e-19
3.771877874149862e-09
9.918313225290598e-17
3.1263603957469677e-10
6.318282553059116e-23
3.071699120752414e-29
5.454833181649652e-15
5.1178489656003164e-30
7.689391712295267e-09
1.4198520245716835e-28
6.0352727307361534e-05
2.9713165016798365e-23
1.0089241681433167e-16
2.7415910980325647e-30
3.026295801959005e-21
9.913760873602483e-15
5.921000185904524e-28
9.197334009370892e-17
3.964975466448708e-11
8.173603923145432e-21
1.698387400000663e-21
1.362030706059202e-19
1.0009964318424946e-25
8.87736290613196e-15
4.0065274429194335e-17
1.643088689935575e-13
2.076703322411801e-21
3.644603865813288e-24
2.4688252462235633e-18
1.299975426414731e-25
8.265800952139749e-08
1.9910290533324103e-23
2.436834475906654e-37
2.6352026113657465e-07
1.9823480385741027e-24
4.759651010531557e-18
1.0393877199031402e-06
1.1111601121013632e-22
5.722902038968632e-39
3.4801643549985987e-07
6.288798103852606e-31
1.8336533080646648e-25
3.123111480203291e-08
1.278265340367473e-11
1.1101860243791976e-07
9.325430337021429e-18
7.559952130373266e-14
4.5653275665132417e-23
2.1599889721907884e-21
8.252979208856706e-18
1.683565021599647e-07
3.5750856979954273e-35
2.790165536745186e-51
1.2808533273285364e-08
2.3173090782048385e-15
3.8981158503367386e-28
5.187890073035078e-08
6.035148246213303e-27
1.9976022935992307e-15
1.3068717884537006e-09
8.007351881671972e-20
5.684068203574014e-27
1.7415971768054384e-05
9.521121931504396e-06
8.33336025509181e-23
1.2659916189939372e-27
1.1761331224209416e-36
5.720671650139109e-11
6.052171733747942e-11
2.975335880087283e-17
1.3571017055095834e-39
1.7189186369023743e-19
3.5197124193721834e-07
8.562792609858217e-24
1.4373519797766556e-11
2.7685178709245057e-13
3.0695435369813543e-15
3.1556591678069055e-24
2.111369738209601e-12
3.824367280905852e-15
2.6452260676176307e-23
3.05116785660109e-13
5.654390804167762e-22
1.045392337052216e-17
9.13459436774728e-21
6.0292238654082096e-30
1.4383574502672993e-09
2.354590247311377e-18
3.5786791225945115e-10
1.1316625706647677e-32
1.0545447071622897e-14
3.927624457180676e-11
2.0347889267264915e-30
1.4394928818724724e-09
1.0095784444463011e-15
1.4938832883051224e-13
1.3218244823453455e-12
1.5549034449484057e-09
5.4587060927573605e-24
2.464121942111654e-19
4.662553089536681e-25
1.8555436573136686e-31
3.1134971402019923e-21
3.956539272169726e-05
6.64436801289825e-16
5.341722035743756e-08
3.3862211603616746e-21
2.9281240093708645e-27
2.4425278686631992e-21
7.760347574407981e-12
3.4490432281495616e-25
6.622524565304567e-18
3.226749741704565e-16
4.962312280281948e-24
7.27660123966005e-09
6.815162186916965e-30
5.633398278742612e-29
9.146971158473843e-20
7.478553275839827e-25
2.476424149730764e-11
2.0740519274547602e-16
1.3962147237234367e-08
4.130713468116976e-23
3.266289581696018e-46
2.513404869773209e-39
3.843198448317521e-14
6.413552587796646e-26
5.544542576979737e-06
1.2365101710488147e-25
3.0436252389880387e-23
4.5684073801320884e-24
1.341609111922609e-10
1.4050433438633328e-38
1.3848126264402015e-22
1.2751125203357175e-36
7.129896970797706e-27
4.823512172188658e-16
3.4043843411120382e-15
4.01516570358895e-06
5.03722210169935e-15
9.981402483396702e-28
5.303605231737348e-07
3.4646568056405013e-25
3.7791633457369505e-23
2.1445827745124867e-20
5.23542696784855e-07
1.7561172951244068e-24
4.974344084800938e-22
5.856732788386905e-40
9.3632937161422e-33
7.335363662177738e-18
2.3429695186386532e-15
4.3802080787780316e-08
1.1094954549650952e-22
8.546066327906481e-17
1.6158276691843194e-21
4.704426506059644e-10
8.039334780329763e-23
1.368961141211074e-24
1.03247803766161e-30
7.758508757015936e-13
1.2139907826405502e-27
8.072861052762644e-13
1.0615276253854788e-07
1.153521065689216e-13
9.510696845518993e-07
6.699764452610648e-25
3.841953861673114e-12
2.5951036401959128e-27
2.3687998777992372e-15
3.977415311651404e-22
1.4901915570665283e-18
1.1923588315340707e-16
3.6057263677018197e-28
1.644977361722768e-08
1.8463627838671108e-28
1.540916026462391e-19
2.678091463344427e-14
1.8255637944691203e-24
1.4691729570749676e-23
1.6006556425829745e-31
7.645187481917112e-31
5.5721750897229015e-25
3.984603078057698e-07
9.902126134703665e-11
1.859563586317137e-12
6.3507269969327765e-28
5.1343805589805516e-11
2.8898297141653954e-20
1.898745749108928e-21
4.128862531243671e-26
1.1826937380112737e-21
8.978758037085629e-26
2.600004337803713e-23
9.852803770230796e-27
8.65548592655699e-27
4.2117528216532027e-16
8.166144593561127e-09
7.176408724600951e-23
5.581464477989288e-13
1.562521427187563e-30
1.4206222985707214e-25
2.855420283628057e-07
4.754747960190784e-23
1.461898010171383e-13
2.1132665894228315e-38
4.440525342641495e-30
2.2219340435521564e-20
3.229419926950908e-29
2.6223759850045922e-22
1.2643023771526626e-42
5.490418516403012e-19
3.2098322664961647e-41
1.1649035505504267e-25
1.0564045413608687e-25
1.3922957595242427e-09
3.147130984374907e-28
3.327322197697423e-33
1.7395498779169655e-10
7.809593614913042e-14
2.5057561645230527e-25
2.0552317854068247e-30
6.80494056722869e-41
2.486849878778498e-25
3.6822683985716014e-13
8.848393445540734e-21
1.706366211278981e-21
1.6285489109004292e-33
1.8276332924916185e-08
2.547405987856201e-16
1.0201589190393524e-13
2.516046199139643e-40
2.284410530147914e-23
1.1128871696859624e-20
1.1472220540793493e-30
1.3108708388354812e-11
8.641136565702087e-20
1.5261579226621223e-11
4.4539453937963565e-20
1.4788672481140605e-12
1.163730543310511e-34
2.338714292650563e-21
6.925301046108745e-22
1.6147243564550817e-09
9.318940486921577e-19
6.05725610249852e-11
1.2325477989245612e-09
1.562773918009464e-23
3.832004024955291e-15
2.4236253440706224e-08
5.0264633961129675e-12
2.093869752798217e-25
1.1998062057133361e-20
1.3589567315305946e-31
1.6396415256202476e-08
4.706140064453571e-24
5.3758103082002094e-30
5.09040339105173e-25
4.9624653310046584e-17
8.298052062104018e-06
2.0100553570602313e-10
3.4898013712581765e-24
1.6007595401856238e-24
1.2988358363827955e-08
2.0902028597047223e-17
1.1782865642941502e-07
2.8535801944693397e-39
3.558205844572795e-19
1.700258727569939e-25
9.067150822645325e-16
2.1026082216297095e-16
3.00270571139342e-17
1.2048537317173854e-07
8.05530281781263e-22
1.0978276197983147e-07
1.0990737176274213e-16
1.7423139415830032e-09
6.867104886315744e-30
4.470286290249083e-16
1.2649373440265416e-26
7.188342964040694e-15
3.84374947032548e-35
5.3091312304341395e-15
3.582165981185271e-25
3.9696817546004453e-13
6.294090536544154e-20
1.2157279715755046e-30
1.6621954871423027e-27
8.291301046953357e-10
4.284633215386581e-19
7.357711359106434e-12
1.469080596764655e-20
4.13810485137238e-15
4.311130378935245e-07
6.976989588675824e-39
8.268005936419719e-13
1.0742927716441628e-12
1.8305190053987991e-10
9.992604488361541e-27
6.415497048206724e-17
1.144671951015085e-28
7.40557236708863e-13
1.9818148113548305e-38
8.033057499683132e-17
9.285905305084767e-39
1.0414913334832761e-26
2.7101100388851056e-25
3.281913497538195e-31
2.958035489033259e-09
5.279382898054383e-21
2.2896768135925698e-05
3.775961294923054e-34
1.8726934557007524e-58
2.93185938576326e-26
2.0424656334050892e-27
6.648996853577596e-08
9.612216321121768e-20
2.7090022329881516e-19
4.705146569581648e-15
1.9752032269622113e-31
1.9948050537792196e-09
4.979704182699204e-19
4.731362382435263e-30
2.255895405401124e-23
2.404979303754722e-20
5.548584909488735e-21
5.95104494779397e-15
2.032590815626015e-26
1.6528814624231142e-07
4.50323023234462e-05
2.361945985169885e-16
1.481026339113835e-26
1.0405003722798479e-17
1.0601243972358307e-21
7.611732807856806e-28
2.172715247672248e-17
6.902520269841521e-07
4.9776270574855e-22
1.480583652729118e-06
7.792835501530797e-15
2.261501471270118e-22
4.614228412449237e-09
6.416039054063651e-14
1.283938336542303e-25
6.970084441159325e-31
1.7529711605620691e-31
8.345139353880526e-23
2.217467265245492e-31
8.516109462820954e-07
6.810849739336796e-20
6.788057828605056e-07
2.595918921689963e-22
5.957804438226328e-08
7.6421070905334685e-19
1.4473213487117223e-23
5.535762434262806e-06
1.8430881661831953e-06
1.5024620104087164e-12
1.4823825394767135e-24
6.084660897989106e-24
1.9317358984365054e-16
6.345086281183961e-21
2.0997686083161394e-19
1.688372346735513e-17
1.3523847419272453e-09
1.2256550405809822e-06
8.315816366614381e-15
3.1712354180730965e-14
6.1914720700430156e-18
3.113687262310706e-10
1.2688513869829791e-13
3.049906033150197e-26
7.227525183212221e-21
6.735942664327609e-08
3.776613987814665e-19
1.3958335150139835e-14
1.8515466577851003e-11
3.442002372794728e-36
1.1662803156382758e-22
1.5707956052950604e-10
3.4251648312639653e-18
7.034528757341043e-27
7.181180275450914e-13
7.338900974657891e-82
3.2498458149583194e-31
3.257050450002219e-12
1.7485441005142415e-32
1.950958875000986e-18
1.461511888931881e-25
1.1137453585256023e-23
1.4901019516865975e-22
1.5364201653436482e-32
6.476978888259342e-32
7.924506536052583e-15
8.934774368075015e-26
3.474178406127058e-44
2.6936398331088943e-09
5.87968803732766e-13
3.2633258663543588e-09
1.3824857405132672e-27
6.080687866532125e-29
3.3952441293103343e-19
1.3109755016452709e-25
1.2785260586113525e-08
6.918866895219938e-26
7.303156052847749e-21
6.468911553193393e-26
3.242387175955008e-27
3.450820645406846e-11
8.326610696381279e-21
6.3512552506702855e-09
2.9802631457614064e-17
1.5921087719412465e-11
6.437517014733245e-19
2.278787661477987e-07
9.12548881114082e-21
1.8181910926211433e-18
4.654819549037992e-07
5.217361018752834e-07
1.2797601381672058e-07
1.3858863368218973e-30
1.2727636024942607e-11
1.668696293363087e-11
1.8029166282023457e-08
4.387850135383483e-13
1.3058059428954999e-27
1.8916014976215826e-26
4.378599578091785e-15
6.929687704292755e-24
1.3026179711581891e-30
3.5013746586136153e-16
8.803034527592241e-12
2.8613070524578633e-45
3.2276352128229666e-16
5.4871824654771e-23
6.627259430994655e-15
7.166183030340344e-17
5.881505485145538e-12
8.829354992794496e-07
1.0339476668371978e-33
5.904050272869734e-12
1.458567978970112e-22
5.8717814221146146e-18
1.217540072105886e-25
6.475126089023093e-11
4.3708864296676054e-23
6.574098318617351e-22
1.4151960605542677e-25
1.5600897246247383e-29
3.4678092345189454e-26
1.0861546287731383e-18
9.724005112536155e-33
1.2465848634078838e-18
1.5847442284820576e-07
1.6348700357817156e-17
5.84932433348751e-08
5.472721872464915e-26
2.1831242064093917e-14
2.993123476079576e-32
2.7789831630167742e-06
1.0798800147602201e-15
7.903302725271584e-19
2.9738887784674998e-30
7.885894342438189e-11
2.5625668956715275e-22
3.1788146084701393e-19
3.695697212620211e-14
1.0007921008461961e-17
6.515624814591484e-09
3.4588768742644376e-17
5.1470162444493984e-15
3.6147500934531427e-32
1.5983341774149506e-22
3.4311468100751044e-24
4.011328689573597e-08
2.5479445916204116e-22
1.6554185977523238e-07
8.242172182491881e-51
1.799484358042395e-21
3.794636598463612e-25
2.696264745269149e-10
2.4683016283675416e-12
1.2635833511357865e-29
1.82497271049578e-31
5.045659205515289e-10
1.4716593016100534e-07
1.587575421336428e-07
4.418785453780564e-14
1.1466839536211904e-18
3.8854944964574677e-07
1.2223262679218626e-16
7.072522108496191e-12
1.3213937671279215e-12
1.303079953563954e-22
1.1657871358075642e-19
4.542927153099432e-19
1.3274921108661649e-22
6.408679254866163e-22
1.152822196863227e-25
1.9496828783505639e-22
1.4392732554446876e-16
4.254164223799074e-20
2.706016135684965e-10
5.546321087307378e-09
6.254864643345528e-16
4.30307926942531e-29
4.01277516642455e-27
9.501032346655522e-19
3.1972930007817814e-25
7.633752048566472e-27
5.009647079617086e-19
2.170944281175615e-27
3.6280722881029e-22
6.403472162515531e-23
3.5903528842859517e-13
2.4678424634300298e-15
1.7759896177471096e-16
6.5510194404719595e-28
2.2510382739603357e-15
2.601627747091718e-28
5.532785328792435e-28
1.539643876970239e-19
1.442056146843983e-32
3.0095987162437917e-06
1.0058807746347974e-20
1.1154982436576778e-10
1.739707672606248e-08
2.526996573133654e-07
4.429757313717743e-08
2.4708445809770367e-18
1.5088443901045746e-06
1.9337854924436887e-26
1.702302547404616e-21
8.378549157437446e-23
3.995398630476058e-29
3.2523094043415144e-20
3.6541048468877654e-16
2.6980898424843305e-21
6.073307159956918e-10
2.1341942310521998e-16
8.068528427048972e-26
2.9793900519883984e-28
9.53550190031035e-23
2.667814214623994e-12
5.344292372623841e-06
7.272211493472008e-30
2.2804496424837365e-13
1.2502482248416418e-11
6.566385290388269e-18
2.859780128609201e-17
1.2813299753187075e-09
6.4085353274374515e-12
7.228044878791866e-19
9.146718557913634e-20
2.167268637566107e-09
2.705905069337242e-15
1.476889705767285e-16
7.136562651891191e-26
7.365573134339827e-18
2.6336392347909076e-25
2.835165036705825e-22
2.929947001674769e-19
3.4028424746409218e-15
1.1461792864938894e-18
2.4311156583575168e-32
1.2689956873254195e-12
4.063635481255884e-32
4.368784148705467e-12
2.5996686524915605e-12
2.6489576857343962e-12
2.687636078785371e-14
4.839049847854877e-29
5.225736914867608e-13
3.836794154395353e-17
7.533346318039215e-10
8.580128050802751e-19
1.1932707853044317e-07
3.165801796799919e-07
5.841619082721748e-23
5.37712085317111e-15
3.4604228207068322e-18
4.592543856818284e-47
1.2283095051574866e-23
1.2471677641520574e-09
2.9551786199346254e-12
1.8702402965381787e-51
6.134269251106264e-27
7.260339098498304e-11
1.3804106679521904e-23
1.7766032014845055e-30
3.564743277842468e-08
5.369180628010245e-08
1.5880948379249251e-19
1.1549923338985106e-20
1.504757161444908e-20
1.7757452933592693e-06
2.5828165804435546e-09
1.1679427900427039e-15
7.079080517249104e-08
1.145040035602183e-27
7.367728782611958e-15
8.168178512802458e-11
4.654939652915372e-41
7.668080961949639e-34
1.2477070564378083e-25
1.886661911495176e-27
1.0905082829961118e-17
3.2388186133193795e-20
8.427512372202538e-12
1.0106528516203067e-48
7.861401728984939e-05
1.958702623378904e-07
9.781151696424419e-27
7.28728427746012e-26
1.6938807701597647e-08
8.425184598578677e-22
2.1711527933622247e-17
2.1170642515327767e-17
1.6709031568385724e-18
1.0953013969423529e-14
1.0308776695967557e-11
7.157444619957393e-06
7.193857221496339e-27
1.814488531646117e-28
3.98498881770893e-28
3.6498602089146974e-16
1.420050164888589e-20
2.364092960239716e-31
9.808074055787728e-07
1.4112038127238297e-14
3.2307697747550402e-18
1.1201163240604221e-07
1.2737202234883198e-17
1.2909174056987772e-10
1.2424216009060273e-29
4.781735656451259e-24
0.00024414482507103933
3.094212861602221e-08
2.0871599070115223e-20
1.2579872535221516e-26
3.172943327601766e-23
3.3485695500478024e-14
2.0134742481366976e-14
1.935575217879034e-21
2.195503217326459e-12
9.137527098851195e-20
9.875020832121721e-29
1.0238141368618414e-08
1.7065711174059185e-19
1.758632446079048e-15
2.644532457026889e-09
7.149247309422953e-09
2.0036975295648435e-32
7.63551452949725e-19
9.597440988837526e-37
9.135068231276627e-22
5.116542180124847e-09
2.9452738998345152e-24
1.7048768756900972e-13
2.4612695151683128e-30
6.13615053523331e-34
1.3067643278381276e-11
4.860555546627251e-15
1.4159624802620253e-20
9.312017265366516e-28
1.2806871348203673e-16
4.341546526463507e-13
1.837652012907384e-20
4.298887644635492e-22
0.00020578702490671932
6.354803039528855e-10
6.464986924189786e-14
8.053555201772746e-15
3.7973084932318947e-08
7.828928385305978e-25
2.2375245322458095e-22
1.0101692744799687e-28
9.370486385059543e-18
2.0363357961862338e-33
6.918134007104767e-22
4.959164496499589e-14
1.6902669856973277e-20
1.1541501486209647e-25
3.7715158434094843e-07
6.949468816474357e-17
1.7979243490430643e-17
7.341020907401088e-26
7.296621388595512e-39
2.8342140722775012e-28
1.2393853721758875e-21
1.0532545376343896e-19
9.781488482024732e-07
4.867187790405528e-30
1.7711739970481257e-16
1.129040700332809e-22
3.434243190498886e-08
2.4490572545734035e-41
2.7675378648575535e-32
3.6319575592161064e-23
1.860432315640478e-05
2.501581509835732e-35
2.206433632659922e-20
1.8612544063572694e-11
2.714164332482591e-48
3.6081322123183376e-07
1.8846627870629904e-20
1.9567077403094575e-28
1.1895585080031859e-07
2.319356595152378e-18
9.278894402355444e-10
2.5588379281907194e-16
1.3912109103080365e-06
1.0659008209008732e-21
2.8081836164673616e-30
1.6296678430727266e-28
9.888457680711906e-24
4.890827758344113e-24
2.3454918385472857e-13
5.561070296586387e-27
4.526502200862842e-24
8.207991723996192e-19
2.274935973045381e-24
1.7978495798203145e-36
7.475659613216722e-61
4.405324685714152e-21
2.154600151982696e-19
1.7140740905421924e-08
2.318470469384966e-12
2.127900127926276e-21
5.980523917119031e-21
8.507392249997533e-06
4.5337472182692306e-26
7.01276597619625e-09
9.456746936489801e-48
7.324808695354277e-14
8.96619584533999e-21
1.8376053386269145e-09
9.492284216775752e-16
8.832688664647654e-34
1.2678362739661714e-07
7.482971094336803e-11
1.5925866996329564e-19
1.0439177575412225e-24
2.403553744661049e-19
2.127467875814903e-35
5.569553374403531e-06
1.5147210717447754e-20
6.4229916976977356e-27
2.4272055465072317e-09
1.7785941512752836e-23
2.6219403117759406e-32
5.908169015752777e-29
2.362169724257695e-18
2.81959050664516e-21
1.6769554375847295e-22
5.5431553081183577e-14
1.0990276230004265e-25
1.9577900504296416e-26
9.045962778239614e-25
5.085472104601043e-22
3.941777359095634e-14
2.1311939480315747e-29
7.675356124242757e-21
1.3459165207218293e-10
2.832054646235974e-21
8.956225635024035e-11
4.658820293105667e-23
4.867415796242144e-12
5.684008110222794e-24
6.35442996578669e-66
1.1298487913604079e-14
4.773842452937797e-19
4.389114851816144e-11
9.933790328480332e-24
5.800971940905688e-14
1.1581688970496873e-19
1.5468954051085182e-20
4.5282088617306405e-28
7.640568518313596e-73
4.296135330175684e-20
9.938564776120929e-42
9.32979888173462e-19
3.6883100830476588e-28
1.9872594653608276e-18
1.067664167874349e-06
1.3239327602382046e-11
8.033013014996062e-24
8.774232256683308e-16
1.760659928214707e-38
2.3527751391171474e-13
3.835551636995814e-07
7.303304154877592e-20
3.016526068178914e-21
2.1524528079411523e-17
3.3640761349619614e-09
1.1754685776343658e-29
2.4792314293538182e-29
4.7529796883006075e-07
1.521184175755707e-17
6.346870845475176e-23
2.591587648151726e-29
7.476709045619394e-29
7.150221956592422e-11
2.9515864442683925e-16
1.0161817595812535e-08
5.627121635952516e-09
1.019929225836349e-06
3.792535762396055e-25
2.5785237552355368e-20
5.0069709231244067e-42
4.514332267801679e-22
1.1130877219137849e-07
9.489396796652005e-06
1.6178534051322854e-45
3.843495077407716e-18
7.725002037683077e-20
1.8858046893122197e-22
3.2968292760206133e-24
3.0043885996653835e-15
5.630764823110097e-47
5.651864896312281e-15
5.855765196382612e-16
1.10613532028311e-37
3.678765747766923e-43
1.2398958303676616e-38
2.9352299218898123e-20
2.9336278603433197e-30
5.801884327795266e-21
3.827242814099792e-19
8.125820074466353e-48
5.841273265972874e-11
4.624473831111352e-16
5.319944165542462e-21
3.5706966178981925e-24
3.0540401587478008e-21
1.8682542280314095e-08
4.754462206642275e-30
7.857426356478867e-35
3.346407287629982e-13
7.351369456642326e-24
1.2417298636071592e-13
6.208156655268326e-16
1.3324426928744294e-47
7.435762901290231e-09
4.892559990498011e-13
1.7274885355295589e-56
1.4226655714906515e-23
5.586470187961976e-22
2.9204859384741615e-32
5.553236634254269e-09
3.4119643733636254e-27
1.0967438208110548e-15
1.2549228546607782e-23
3.7876917545442516e-30
3.139937748731402e-29
1.5455624955817148e-23
1.752658671550444e-16
5.755000077664256e-17
2.4086579223097634e-30
7.095757961435684e-28
7.612831351519216e-16
2.094482667093118e-15
1.123483054896263e-16
2.6752921287340556e-14
1.6346057209442795e-12
1.1732281785682366e-14
2.0932599450251373e-32
4.86686568274537e-28
2.215938744455933e-22
1.3425853936485338e-86
6.166253887379341e-09
3.463760906881947e-24
7.563359186425914e-27
3.3532627403558984e-20
2.0837598493702304e-28
6.0472859078476e-19
1.5072188748877818e-08
5.541397088399221e-08
1.8739759519945596e-09
6.002431888697287e-07
7.259435509299657e-31
3.638110825829826e-21
1.5520347339300335e-18
3.191689286410624e-07
4.399220495862144e-09
2.0971063937209036e-07
3.8947131141181735e-18
4.113170071994289e-14
3.649660735886127e-25
1.2558905726946107e-09
4.0274725686728296e-29
1.6931330083183619e-12
4.061275391603643e-17
1.253048873868207e-11
2.3750765900944803e-12
6.814856674571358e-24
5.056812815808915e-12
1.1818404299643983e-36
3.9050755354794573e-25
6.514913699344631e-07
9.54770893459007e-31
1.250226236985406e-07
4.140241513358825e-24
1.986244764365385e-22
5.357759119100334e-13
1.3133525642105584e-22
5.19309114024348e-16
3.8961849507682705e-10
2.721489506801796e-09
8.157336173471587e-11
1.9500403012440502e-16
2.6897282219182995e-10
6.609164945295308e-10
1.1976363566017881e-15
1.1157020401333203e-27
2.6689753343582734e-21
9.838360101593431e-12
8.139367880484826e-25
7.637052121935602e-26
2.6964477721768333e-07
1.4918363716164823e-21
1.3175328377762011e-21
7.692936136197042e-15
1.952370590759583e-23
1.906499001136069e-29
1.042783913247864e-11
2.503147726124729e-14
1.4998846400840776e-16
2.3256093882769845e-13
4.087589541412056e-31
1.1630407009891529e-40
3.2219542047976183e-21
3.355746769594167e-26
2.5031266089948815e-14
3.2390899991188218e-37
1.2822237729181115e-12
6.0900902524758795e-28
5.335130730436512e-10
2.7575486381583445e-28
6.403690037304827e-10
6.9388185917591e-20
2.6159179388786257e-31
8.552909055464436e-06
3.5495293240684994e-23
1.1623311355697943e-25
4.8536578675824176e-52
3.6926699152985175e-26
4.82317345543369e-12
1.4546656515156718e-36
1.1319460850262596e-27
3.7631735507437178e-31
1.331830373630512e-09
1.4670807100803018e-23
1.1810705086907308e-33
1.6249841333111046e-18
1.8066116432695475e-25
4.9667504387658094e-26
7.222414069192557e-19
2.846983041524861e-31
7.536208624291806e-10
1.7696002034913305e-30
3.359970861407785e-25
1.9845774683364675e-17
2.2882629037570595e-32
3.5796466071434037e-22
1.351048250282738e-24
3.4663289757424344e-13
5.451984088257527e-19
7.223499417981788e-09
1.9105737195504233e-33
1.103513351478996e-24
5.95140897337799e-26
7.853437341080133e-31
4.037016988906695e-19
4.110047454934143e-13
2.1230147927555402e-32
2.956222088090544e-10
1.178414333230693e-17
5.078344141096805e-38
1.3667508541525838e-10
5.32528215084988e-30
6.146001002529821e-22
3.5664466964403426e-19
7.466557953902768e-35
5.446756323154515e-27
5.599017244072866e-12
5.593490839185642e-17
4.410839598741713e-10
6.934385238600579e-16
9.020948534871216e-15
3.134594669342077e-14
2.726599847792741e-16
2.9806608628808736e-20
1.6511628289385144e-16
2.9785408364201054e-17
6.21197285411978e-08
7.147099491185323e-08
5.865166196753445e-30
7.024705144675503e-29
2.2025008904590244e-50
4.25623498845327e-29
1.486343385778053e-07
7.991575204526394e-11
4.090886284806518e-29
2.1242117050821143e-07
4.736114168567418e-20
2.0133551771693234e-28
5.0166196429120405e-21
1.6575373302712288e-35
2.3764507263945825e-19
8.528470334350421e-08
6.137829044973104e-10
1.2314801114018237e-21
6.356051831447518e-27
9.270306590474602e-23
1.6623600189597667e-36
2.6310971867755135e-22
2.210658467185258e-28
4.8195234098464196e-20
2.038310561918618e-23
1.1764542489475475e-28
9.460527101235163e-29
6.711372051518125e-33
4.474141807130346e-18
1.0187928664955602e-31
1.1796491714305257e-16
1.3467211930968307e-18
3.195954497272725e-35
2.7835808113521203e-23
5.988519902127593e-11
1.923362293469237e-26
4.2578765047923465e-10
1.5991472771963484e-24
4.27081513934866e-15
3.2717296849347694e-27
1.476696841964577e-11
7.300560264558343e-24
3.0411243209223745e-26
5.9206720574358675e-22
1.0253066417587631e-44
4.793982895779522e-26
7.924753208676037e-17
3.435821682612852e-27
1.089271199959643e-15
7.887833474864977e-10
3.5632748333086067e-25
1.2744659585533903e-22
3.898502556503445e-14
1.7198731522660926e-12
1.0939120919419342e-19
2.8897404330361634e-20
3.2758508504942498e-15
3.68720783863429e-07
4.72703135384073e-37
2.0260198581604817e-17
1.348983319287845e-10
1.3337134845490852e-24
7.128616977030233e-21
8.907437037286625e-34
3.148280193671089e-15
4.438274423100866e-15
5.363189145108442e-23
1.2662980800255784e-30
1.5043838234309948e-22
7.521792382573177e-30
7.361755706383039e-13
1.094793902242421e-35
1.0623481005232627e-22
3.984974690381499e-13
5.030939119470143e-25
6.070293226592565e-23
1.9707243183846248e-27
8.975932061828731e-23
2.4604803657083414e-19
8.400328188876161e-18
2.04345222343705e-23
5.860582002885708e-09
3.7406634607000024e-13
9.873727489170199e-23
1.7583130546896442e-50
9.523211329659864e-24
4.2739605328501193e-20
1.6140631044393447e-21
4.1324944052165176e-14
3.2730112239088116e-11
1.1674615076681088e-14
5.244887806425651e-12
3.9899710585556434e-32
1.711983270177635e-15
5.6131384748173825e-15
3.3133441992622583e-28
8.125109636152948e-18
4.323797640766384e-08
4.4249726004441674e-26
1.2260594772084155e-09
6.14942675824614e-27
2.904988061093884e-20
4.7323093574898814e-18
2.777288671998597e-20
3.9965487129233226e-38
5.640902217282467e-05
1.1357525601310545e-09
2.0900987843103842e-05
5.810251313243331e-07
4.4227033670608923e-35
5.999843279926571e-13
5.040295815833866e-09
8.211402422642533e-48
7.971690020224985e-27
1.1215998906021714e-05
8.545942849479243e-10
5.5092699038108796e-08
1.4671152756517998e-15
1.0535170335082331e-14
1.8402147744225768e-08
3.5207659688992098e-06
5.066172386128164e-29
2.648408472800584e-20
8.951665252666781e-16
1.864027860675382e-10
1.5121297917990173e-28
3.11500995152324e-10
1.2298164407588487e-15
1.1782190186651467e-10
8.109430078749703e-15
7.81531844434296e-14
4.024970170723998e-23
4.829279614571196e-07
2.0065619228518897e-19
1.936072917837356e-08
8.268522338115828e-10
1.6670546078975446e-06
2.5653753176433865e-11
7.121043318994594e-14
3.985675941945642e-31
2.2891741518795143e-24
3.5397661525486646e-10
1.4888913615677121e-24
2.7780927687440184e-18
3.5108365226241135e-27
8.085674647898773e-68
2.174139480799685e-25
1.603549794563233e-31
1.3727588988134632e-08
4.356028200655378e-15
6.037174284783954e-37
3.630155951871411e-12
3.7342822376725864e-09
9.604276212107011e-11
5.1069765215731565e-21
3.34105284397748e-29
3.4597470434422494e-15
1.179758186385145e-10
4.6106432619525484e-20
4.404066093488006e-25
1.9417884681164003e-12
1.7449639026334783e-21
2.3303052386484686e-21
9.301980688083012e-14
6.187261979690877e-20
1.6578444138936988e-14
2.528193766590712e-05
2.1232757858233096e-23
4.514079613549157e-28
2.639418242079793e-31
6.6291938885596144e-40
6.54102257629541e-30
3.050468462003949e-10
1.310489746200423e-18
2.356513175989456e-06
3.303517885515495e-22
1.3390042513837484e-22
5.846888172414515e-29
1.4005768957009952e-13
5.480811625777464e-26
8.14310821332345e-24
1.0183199023258209e-31
1.7700889098342158e-12
8.897132400724575e-20
5.806318393462031e-09
1.1788744966076866e-17
4.497358544035956e-16
2.987644589449547e-21
2.0291286164187867e-14
1.5508169979781467e-35
5.414762755280733e-09
1.4021155587757996e-23
2.8717585961880795e-15
1.321952379455542e-30
8.396111790819576e-07
3.7045570543595673e-28
5.669585218984839e-14
1.3823812638322866e-19
3.488116655609681e-27
2.3568346233161335e-10
1.7040773900444074e-56
1.318270991563552e-21
3.7914772906313157e-23
2.5960398436119724e-17
2.0980975486080633e-34
1.8412504508121352e-30
2.5636440519632414e-16
5.1154831875433393e-26
7.882796737665824e-13
4.078573139099493e-17
1.5766129097227757e-24
9.192857421743495e-20
3.3325601247353634e-15
9.983183907324119e-23
1.0174757342754456e-26
9.915921688523519e-30
2.3429596921797397e-12
1.6308068781387114e-17
2.992051561101179e-40
1.1153085255905768e-26
3.5202296326351886e-16
5.770561161300312e-12
7.967643963457295e-27
3.96163810057356e-13
6.31904559181378e-15
2.142244512992098e-23
4.245841833670844e-09
7.72778546902215e-15
9.59081263848489e-24
1.264656110394321e-44
1.7117553689887627e-07
1.4655621432112719e-18
2.01551179334048e-12
4.911313894872029e-07
1.407291797125926e-41
1.6035448324653424e-24
2.513720087935275e-11
3.563947842189126e-18
1.7577481241740447e-29
8.585418276316302e-22
5.892427981254608e-23
7.887651230815057e-24
1.1827145007130164e-11
2.052476919872154e-12
1.5593178978957265e-12
1.1236970372713967e-12
1.229429700035771e-12
2.3758039188902645e-09
5.186895032590787e-21
3.8930506960082856e-08
2.19633006592869e-06
4.912662967804282e-16
6.827011386037098e-23
7.368623552569794e-22
2.8541045344763524e-09
1.2990768959679626e-12
3.0624822216858396e-21
7.924852377261039e-17
1.5926224370480555e-07
1.027995468662822e-26
2.084706967177989e-24
3.0383053596893885e-07
5.1908351951153936e-08
3.2589817205635686e-21
9.41397115645005e-24
7.194432753833462e-33
1.4486527278008973e-15
2.746032503538693e-16
7.821121671781049e-17
1.0028182425720409e-17
5.972192452158493e-10
1.319775099761312e-26
3.4499780655345595e-19
1.7264128972875169e-18
8.824026986226955e-10
1.2002550150019846e-05
1.8545687502495998e-10
4.299507423051558e-14
1.0880079100430954e-06
1.7568557891574243e-10
1.0183611412078759e-20
1.4272334222211783e-12
3.104504401869209e-28
3.979586112672116e-12
2.1016338875766427e-05
9.294059536284882e-34
4.498099898111672e-08
1.2832784302299937e-21
3.0977198794721645e-25
1.6562200540613396e-23
9.735255369664919e-06
1.3278468467336972e-28
2.9579450244748346e-10
4.027014239046031e-30
1.320557110791434e-15
5.135439318137746e-09
9.063101229354881e-11
1.2205029365841807e-23
5.909121612288838e-23
3.3455849910626395e-13
9.526616084613743e-35
4.3065549097036744e-24
1.727899003777817e-06
7.710188786920967e-08
3.80758268731513e-08
4.540108126051762e-21
2.974586563337299e-36
1.6482989323166623e-48
5.4831849201804334e-11
6.037726586749895e-35
9.034555895889965e-14
1.1372241637410415e-45
3.3266145484161645e-19
2.1468577661204998e-20
2.97938896122316e-31
5.3460912152540755e-21
2.2235410968770648e-10
2.388515859674107e-17
5.659628246278372e-16
9.011152918890283e-19
1.751440897089268e-14
3.915350106070404e-18
1.1407175679997921e-05
2.3844063646975363e-14
8.701339557771925e-21
3.0177268118498947e-27
8.13624550576917e-28
6.201000952656695e-13
1.6270425668147584e-31
1.2603046654074083e-41
3.0196879131513674e-20
2.7050593433571378e-28
2.0048493977783043e-25
4.592627563686495e-22
1.3643016269752664e-19
4.493139987353387e-06
1.1724969356485932e-12
4.4882654273478365e-20
2.2197267805518496e-07
5.462751109042032e-29
1.0373531373931701e-33
2.4203791679646593e-20
4.318538318504745e-31
1.3824427837333018e-13
1.3703142094932547e-15
1.8653301597858375e-24
3.4867385239445726e-17
5.795267840652124e-36
3.114091861207271e-10
3.4413863860354953e-23
5.83813239807926e-12
1.2001441172333713e-12
1.670451474457013e-11
4.134621110499466e-34
9.441065258142886e-16
1.9541744471855867e-12
8.00348790321978e-12
5.21624163518568e-28
9.551897487999746e-10
2.9446176541903143e-20
1.5065916641160547e-05
4.4004346539596766e-18
9.225527514108693e-34
1.0669974704734255e-08
8.033750180693841e-23
3.4954487368523186e-52
1.5600396754523153e-08
1.2495355270636369e-15
1.3135816802963128e-28
1.3910088786226598e-17
3.834975056269484e-24
7.229721045999637e-27
3.386679850265558e-26
5.757405184229019e-23
9.839334193511332e-20
2.0481818435782855e-28
8.593431605186962e-10
2.9552296202122735e-20
5.403837389858452e-24
2.345152679330181e-12
5.6517677121293043e-08
1.2600044011761648e-29
1.1698386688838564e-18
1.3476412371086751e-24
2.4085984582253226e-21
4.622849219118982e-22
1.2921971462888462e-11
6.222852386872406e-23
5.16888864272467e-22
5.14081566698171e-25
3.104424948661152e-08
4.435679012356517e-19
1.6045353736588028e-13
1.2735339947964052e-29
4.412683837593871e-08
1.6076332174707845e-28
1.0362442347258844e-42
2.1612492234540027e-19
5.291022029598621e-26
1.88818124322145e-07
2.1833436881272643e-23
2.4548253722265813e-20
1.4890854775772178e-15
1.8586961795017745e-14
1.8586961795017745e-14
3.78589470548473e-21
1.7273831041090428e-45
4.659285945785754e-19
3.318369187011648e-41
6.901398659393912e-12
1.3495537290195052e-26
2.2166637275561438e-23
6.069148590798987e-30
4.1885050063718145e-30
1.640967106154414e-20
1.0446932350478403e-21
1.1206835839614343e-11
1.6512664911315788e-22
1.1989369041224666e-05
1.3789045840890286e-24
2.189802419746615e-20
2.8153460329954106e-13
1.7512959190260286e-17
1.3435493127766362e-30
7.460628379226087e-15
4.2938889462167495e-19
1.7193133540388768e-15
1.4752173664826776e-11
2.0889994816057608e-17
3.6899271426746396e-33
1.615366060725288e-26
1.0530338308297573e-12
2.633683222888367e-18
3.5965030505338506e-17
1.0015504833878866e-41
9.787667826050054e-16
3.6369994620719517e-22
1.3280316353756034e-14
3.3598264889733727e-19
5.6651748649322074e-09
4.686937562291986e-12
1.0103329369740824e-09
6.124792328460054e-30
6.860432897697977e-05
7.86399756796603e-23
7.368435384408288e-28
4.162623385004836e-19
1.290900274596568e-16
4.868268387064845e-35
3.173291519667674e-06
2.2784490054611328e-18
8.220455422817587e-38
6.745594239370371e-20
7.0107347264584e-10
1.7636758583017057e-07
5.159864901738913e-17
5.076957367840695e-07
4.864154112471719e-17
7.478755024918792e-05
2.615822185075184e-20
1.1060131990463226e-17
1.670781370595338e-32
6.938761346669726e-09
5.572053675840526e-26
4.989816244143073e-15
1.5665489271990492e-13
2.8273990202952495e-13
1.0350808135563922e-12
9.08374592840629e-06
1.2487875139227598e-23
1.3605746325580172e-20
3.4491196507707615e-33
4.3364431415747566e-12
4.112563483897295e-09
4.878654874101482e-19
1.9918236447130275e-14
6.119663520069081e-24
2.150826776411029e-09
1.0031334147194852e-15
3.3794083172779624e-40
2.620309795279682e-31
1.4048394122609575e-25
6.188762157693409e-19
8.145311980221523e-24
2.1163435821822123e-17
1.2836647353145605e-14
3.966639163718634e-19
4.3812508281664495e-16
2.5659822149330635e-35
3.315384511396525e-28
5.769128578773021e-16
5.923310822698965e-29
3.683053145118001e-10
1.1082087621317456e-11
2.687915630912949e-19
4.778053537756234e-23
1.0030473860104149e-24
4.013542603967607e-18
1.3887571127654536e-24
7.982118618598858e-08
1.7591747554133778e-25
6.540379466225329e-09
1.5375480408845308e-09
1.910778096995394e-15
5.688406671243262e-24
8.96245484400245e-08
1.2998854431611942e-23
4.2440894516952266e-15
7.099236234154732e-17
2.7693288524277077e-12
1.0835151023480656e-08
8.330569409793083e-20
8.242534709332783e-39
5.270970456543449e-23
9.65148826549096e-41
1.178386195316797e-19
2.2285601490543486e-11
1.979167497677753e-34
1.2826246278656355e-10
7.475337553333986e-16
1.94088029262747e-19
1.7046624744512828e-28
6.399163824422303e-23
3.823410196417614e-19
3.083663247682077e-13
6.465964415805117e-06
1.9785723636363502e-06
9.611496216363921e-35
1.4137806943675252e-11
9.206646488992322e-25
1.2653389295631284e-16
9.37953598846431e-15
8.081700377976843e-08
1.9563535418038684e-16
5.339437584373616e-18
3.3986685644567036e-22
1.3221869677215776e-11
1.3164086217918755e-06
2.341886196733976e-33
4.1301571630749244e-07
5.432464736337074e-44
1.3961839156446124e-12
4.498429289099198e-26
4.515233620828154e-29
5.370393323254155e-19
2.0538211162718136e-21
2.8504638054667514e-11
8.695432279915988e-15
2.1798584938086193e-21
3.565938357082338e-13
5.264075003960444e-40
2.1681487482780855e-13
5.100915260007048e-05
1.2231478465298872e-22
7.600590887209288e-36
4.3557810194779747e-17
9.535468406394103e-10
9.514156021589116e-19
4.78891570618325e-20
2.4781871023805956e-20
9.230117947412278e-21
7.502906159703869e-21
1.5156098584968374e-12
1.359408665085652e-10
4.2258514713910344e-20
2.0305059242694133e-10
1.1543803115045036e-27
6.384882212218891e-32
8.991764629757687e-16
1.5887565318675037e-33
7.466597432951848e-24
3.2307847707827513e-28
1.584446750806988e-15
1.0391185329888675e-11
2.3874618635400595e-11
3.1963086987612437e-15
2.9095137231642115e-23
3.313001160701076e-17
1.6791560807448123e-20
4.265399139050365e-15
6.732367237776199e-28
1.022370493073008e-28
9.610065927500484e-28
9.41891576779062e-23
5.393042277483857e-30
1.5272513823598079e-13
6.962608170439655e-26
7.662840181266908e-13
1.575229675931745e-22
1.5309433639795202e-16
7.939041829257503e-05
5.121154832454221e-11
6.575818106569193e-38
2.660987526002018e-10
1.7615133078496464e-30
6.889876791241927e-23
2.0741061826870098e-14
3.7639888857494013e-07
6.854637125213626e-23
2.013757900601851e-17
4.018657128321518e-09
2.9133735835408054e-10
2.0503198837880276e-20
3.681246082922467e-22
2.854538106545748e-06
4.441320381263056e-24
2.7202517201432687e-25
5.686703257408039e-22
1.2044688324804062e-35
1.5683896219098479e-34
3.5631232491344063e-22
1.955208111613657e-12
2.508583426528548e-19
5.0426676777554145e-11
1.4539987209950277e-16
1.7870441449750198e-09
1.1675908975591215e-19
8.156185228954302e-30
8.820109309677296e-15
2.767525329912627e-20
7.943093365785746e-22
2.3698482458849496e-07
2.112842776162185e-28
3.595968876733164e-12
5.981606803354129e-22
2.251271601319029e-24
2.5669524937262697e-14
4.419408479457077e-14
9.324221946601538e-14
3.500955163245249e-21
1.6482238822184306e-13
6.442076730347478e-67
1.5677399199252644e-23
2.5430494175495283e-28
3.697742353838573e-11
8.051892347325087e-15
8.128401581426127e-10
1.0945523170912046e-11
4.105926725318236e-10
1.0167736464237946e-10
3.449326421615339e-10
1.3822917784382163e-16
7.920105699455843e-10
2.96907502521658e-16
2.2784021626483025e-28
1.3411964587948941e-17
2.329122682069271e-15
6.707578013115379e-28
3.600354984425849e-19
2.400921032797906e-20
4.663260164114289e-17
4.003035922688135e-25
1.8260798591162775e-24
2.494872560944338e-38
1.0564204499178147e-16
2.0860830681924006e-12
7.884240770451095e-23
8.816396541001483e-09
4.409233106347741e-25
3.4584361629711194e-23
9.596623655297654e-26
7.196614542149857e-29
3.3570260830214203e-10
1.3814211229319814e-21
2.895828711108179e-24
3.98571524339042e-15
9.559346967175577e-31
4.693915486894638e-15
3.912542027889105e-22
1.339698122326758e-12
3.9082616688257935e-31
4.751626473541104e-05
4.1310973856855634e-19
2.937347824430143e-12
1.3052842991615274e-20
2.817193850623658e-13
1.296619741412063e-12
2.701291195263951e-18
2.8599602313230136e-14
4.070156037030104e-12
6.678758103005258e-30
2.7757633887930367e-22
2.8189315908437032e-08
9.393648040101864e-29
4.836043012740229e-13
5.427969646030712e-07
1.0198892140910185e-09
6.121725535989869e-12
1.4440521899715936e-22
1.6500402300865539e-10
4.0521608903215017e-22
1.1125624560870934e-22
1.6267389125815564e-13
1.910673080672459e-13
5.712503359983462e-41
7.807683859747079e-12
6.768246488991907e-13
2.801827997693513e-19
9.584133333658848e-18
3.4040367037608526e-13
8.8371729367647e-12
2.490075892068391e-21
1.4973148861593714e-08
3.3593502444474804e-51
1.3983188010502372e-12
4.8764580771790295e-21
1.811378569165691e-08
4.327966116705628e-18
2.600745222428368e-10
3.012033381963783e-22
1.0080413618287926e-33
8.824199500472241e-16
1.446767029281347e-28
6.823318807329914e-27
2.8132600746520427e-18
1.865561691402219e-14
3.842589822735097e-42
9.954760112210238e-27
1.2764903319993888e-29
1.8685040680952612e-16
8.707215456358753e-27
9.575752262208809e-39
1.0258859617826298e-23
3.185357884891978e-09
1.340628964057663e-22
2.651943298732827e-26
6.930206619970786e-28
1.8253142952251213e-18
1.5262811754961185e-09
1.6940331802259513e-10
6.546225420680825e-29
5.991864223283685e-19
8.525084841564419e-14
5.170600040126617e-08
2.2615316267672687e-09
3.296666831096905e-23
3.262466221337184e-12
6.604671399133369e-21
9.495248304106246e-31
8.468287969209846e-20
2.2109410826644438e-13
1.3943433464991811e-25
6.067744120760346e-14
3.6217290390843816e-60
5.39427349071333e-15
1.7794887555839924e-30
2.0169919660590204e-08
1.8272903807973335e-12
3.4496363523002852e-09
5.3172306854736355e-34
2.334780218518185e-19
1.4821131725525438e-18
1.4089884287557969e-11
4.451717249118609e-42
8.291029533374038e-14
2.209907637141805e-13
3.6867657590675964e-27
4.628349385864578e-13
6.531516088797085e-19
1.3092439213903027e-11
7.2975633194842105e-25
6.512464506741392e-22
4.115767525262369e-14
8.880112816000882e-10
5.045781239827724e-27
3.6257620903806735e-20
3.9488418269976194e-20
3.607364517932265e-07
3.996388487513375e-30
1.0909818784943304e-26
4.879144693191534e-20
1.188776148350378e-22
8.170954148179941e-29
4.0969472459025516e-17
1.7604183595897774e-12
8.979153652003238e-14
1.2302294962611152e-20
9.686020043152876e-12
1.041225111629225e-18
1.911942008412955e-22
1.55269295243917e-11
5.3105581525893484e-42
1.0120171963863168e-21
2.2233047021521657e-14
1.2203795600979314e-22
4.2502519392588425e-20
1.6001914594183396e-06
6.969163159902807e-24
1.9751151185617545e-13
2.6135834519362256e-34
1.115745710465998e-29
4.5004868319654726e-13
4.924783391975043e-07
9.516762290127276e-11
7.414126460718052e-20
4.975078264757965e-37
4.612531049218705e-22
5.761886688411259e-69
5.388613981557223e-14
9.483190038268986e-24
1.0257098486780324e-29
3.85358645637739e-13
1.9956809382525034e-15
3.943186509228769e-11
1.062340714668834e-28
1.8364395532692598e-06
7.070622218190897e-28
8.794264958026861e-33
7.330600633596073e-26
5.67581164995889e-14
1.324516688046968e-28
7.316772711090268e-11
3.2262332744249357e-25
2.8768211365243843e-22
2.832122533046934e-19
2.662169927180351e-10
4.6431805162631453e-08
4.9289714928076766e-14
9.656266539522712e-25
8.784328590946199e-13
1.2809738438036445e-17
1.251932874671337e-05
1.2317244362186755e-12
1.6864612442255686e-08
7.829003138938147e-10
1.0068006733644818e-09
1.3866708885868092e-20
1.5140816037016557e-28
5.603657541190525e-35
1.9417613781652857e-14
5.648073317108073e-50
2.650214891153129e-09
6.180479070387592e-30
8.548926519690886e-28
4.501455125657265e-24
3.6448650916558485e-20
2.510737556035237e-18
1.0070762907076245e-21
1.0652561669572002e-17
1.4403704905112324e-38
3.4763326494899226e-23
1.0477928812514835e-09
1.074481809818008e-16
4.8196770769769e-16
8.005217173895166e-23
3.277461115037687e-10
2.8662918487178176e-19
2.8806517477520506e-15
1.644896111297026e-07
3.501063497513761e-22
2.0757482832652026e-09
2.63060919976436e-41
7.594359954313117e-07
1.113000884397679e-17
3.477248524398465e-11
5.0705850229936e-07
1.5722824937584213e-44
3.726716009866571e-08
2.869806422245605e-12
1.6678939327308624e-26
4.4382562383146695e-12
2.4800228781901725e-25
4.747829725947929e-13
5.6895203355317334e-15
5.479714862191568e-23
1.0777035292010914e-21
3.9619645817148836e-07
3.3752115252950616e-25
9.885426498339343e-08
2.5688186818110424e-31
4.441017172279165e-16
1.3904936818549125e-33
7.392153570943806e-20
3.5014255778888374e-18
3.7394105980359244e-07
1.0917900582036735e-12
1.178171098197065e-19
5.342465059841772e-19
1.3078179573289978e-25
5.466909899496715e-13
5.842611545794134e-19
1.8039519489504796e-39
3.1301350717859644e-20
3.719160709357095e-08
7.010752073007873e-13
4.527484687325216e-24
3.454210114043735e-31
6.596986381639746e-07
5.61640125718875e-09
2.7744670259411337e-22
1.1950701440729764e-22
5.229787553365248e-11
1.456197416636071e-18
3.5198413437591456e-14
6.0769720430674e-13
2.4306619437955434e-23
4.7956202267194604e-18
1.3155716037329715e-18
7.982140111482011e-13
1.711739432318771e-13
4.6552778423085956e-54
3.157889368050571e-07
4.3295963344759525e-27
5.8520592182790425e-46
2.511462001895164e-23
4.971997937964902e-11
2.097995230636633e-21
1.555400320616034e-11
1.7369205017328176e-20
3.8299902121162125e-21
1.1041416253832246e-08
5.24731108176969e-24
1.067156370663909e-10
3.8433301297523113e-47
3.604412776571984e-05
7.69476046999957e-43
1.946386897174487e-40
1.9931673452198744e-24
1.375561128652079e-26
2.762357031517043e-26
5.613589642405646e-32
1.0054410365589586e-30
1.4812429506604461e-25
1.0759964510797206e-10
1.6320083391653155e-20
3.3034235777438523e-16
3.5465001167593194e-29
1.1385188108742173e-22
2.6839493032909165e-14
4.684450151955855e-06
1.1769830171668432e-14
2.093962129253655e-18
6.84990630304777e-21
6.927660177300063e-24
1.1964516486858323e-42
3.989476479338697e-23
4.833400199475269e-08
7.180562541329426e-19
1.773579304336716e-24
2.914848186960323e-16
1.2477527045015997e-22
1.058453207955711e-28
2.687394277114935e-07
1.1255772995243036e-14
4.198177103530092e-20
4.955181403392219e-30
1.944331175755499e-34
5.7346299481289175e-34
1.9316361121684737e-24
2.099095750988713e-15
4.9126199539915865e-26
5.784374452227038e-14
1.7024492098165772e-31
8.804851451041598e-20
2.8293137714046143e-11
2.199801228856171e-09
1.9411440575035427e-13
2.2301197931131336e-11
6.017449325188358e-13
2.4627284613743164e-19
1.947627944786774e-27
9.232101810301127e-20
7.103042458610184e-32
2.4255202428158992e-17
8.566183654160386e-23
9.966413044319642e-23
7.033451609267298e-30
8.909006004149553e-24
4.0895767486347745e-25
3.3573984065257646e-36
2.8927388096579585e-23
1.98547127652513e-13
6.892207828859537e-26
2.3381460029498785e-18
7.330666717634126e-29
1.096638907753607e-18
5.099576931817884e-12
1.1397753875669035e-29
1.3564618533259534e-25
5.33350704623221e-16
5.487226286119184e-29
7.033998763530277e-27
1.8956630194403382e-20
7.063252018881929e-16
1.4200192116878027e-07
2.462712440319119e-08
6.196388356751627e-19
4.381324880446276e-07
1.8493438898454232e-23
5.731986620590899e-26
1.4891445007393078e-12
5.686281870850896e-46
8.479823759834558e-30
4.058335397476262e-74
4.1257348909790747e-25
7.003988319187847e-18
4.8131388114361206e-27
3.5046275353575805e-26
8.510951167960697e-28
1.0389241781889372e-19
4.365618113383837e-12
2.0018212512711788e-16
8.243031902629716e-14
4.677539174175075e-12
7.528123336066042e-21
8.470907709658889e-16
2.7850379756025037e-10
5.030274511400899e-39
1.1154636303755961e-35
6.799336559837811e-20
4.082898241054322e-28
7.268350968491841e-19
2.274728766337494e-16
1.7716340933598211e-28
4.532125310220367e-30
2.1451253482817167e-27
6.350011040889903e-15
3.2428668190314513e-41
1.002525463179421e-09
9.537992171955395e-18
1.2218709860870899e-19
1.2956271552337818e-23
1.0678068233326734e-17
9.283516408006936e-27
4.409894294749025e-29
2.8331433111696826e-22
7.890905064316354e-10
2.49298267134108e-46
3.3184243889647945e-25
9.245355528476663e-17
3.6107770493903394e-31
2.6870418647773982e-36
9.768098045844877e-16
2.9757578444238014e-32
8.040828207963774e-22
7.026277353046513e-29
4.2816224575785e-28
1.1669585489839072e-20
1.403737049844944e-24
8.064222949804372e-21
2.1815619703690425e-30
3.6544492297119683e-06
1.9154636672366617e-30
3.189426607429717e-14
9.015371890554442e-23
7.728827158983341e-19
1.1454780026570414e-08
2.637194236116775e-14
1.3281879543975462e-20
2.3847746749135934e-21
3.343605544963658e-13
2.809084462836589e-05
1.8388728860061777e-22
9.331953414042902e-22
2.3371521230836407e-20
1.4950699239381195e-05
6.916761365000214e-45
1.2630727210705035e-08
1.4546775850193325e-33
3.8602879792281056e-10
1.5339224776427083e-19
1.0047236281242445e-23
2.6322219290032394e-21
1.5362658489078615e-09
3.675942432979867e-10
3.9939948082707366e-14
6.472311204413536e-34
3.662036148754061e-08
1.3692626624595864e-06
6.422284616003974e-17
7.264974096003269e-32
3.4804660148036203e-20
5.682293835446932e-29
8.971410665320059e-19
2.1694346091459884e-26
3.1572608440774956e-26
5.701444327593681e-19
3.3299417834202574e-15
4.2202429540270975e-13
2.8943885036312117e-17
1.5655286219643896e-29
3.5782536645036845e-17
7.204711893088171e-07
9.633457749144546e-20
1.2166361893144813e-07
1.4113520541490687e-23
1.1172285109732143e-11
3.5685883015815835e-18
1.9891479880472522e-26
4.19488528059092e-26
1.6739146918324467e-24
2.8430252727436978e-09
4.222458709100092e-12
1.291290877753502e-15
3.485423196665694e-24
1.6125096971843755e-26
9.453329152071396e-22
4.2090476449200237e-23
1.1323149224840766e-07
3.044426279768349e-22
2.964597247472064e-18
4.299783819889155e-22
1.916944879027531e-19
2.0938432745649104e-24
5.6369315839269354e-24
3.8844748015572794e-22
1.0546658311157278e-30
3.602872132977382e-14
3.360585353322569e-08
4.9079201217799064e-30
5.052469971204445e-38
2.7561639743877777e-38
4.478404237504723e-07
5.7538954187575e-06
4.2600040719261105e-05
1.260901120096318e-38
2.32322934101932e-22
3.023343199250128e-25
7.066302391058181e-19
2.2533057291010025e-10
2.602321662286893e-13
2.6410248264684947e-10
3.2736016099006154e-21
1.4362928372457715e-20
9.697501382468932e-18
2.1429658159931002e-19
3.123807273105057e-22
2.809229209770437e-13
6.063801150923965e-09
1.3058534166988463e-30
5.085512955463877e-07
1.0863539282053877e-28
5.670666011874201e-10
1.0094010737122227e-44
8.695423877392656e-07
8.264521661724655e-17
6.862923971613005e-12
1.8326623744378361e-34
1.7501597288378986e-27
4.0139998924461533e-19
3.424634481914776e-15
1.4552318653196183e-20
1.6963263309562156e-19
7.606995891971968e-27
1.9492948267048504e-18
1.0525428919626848e-39
3.758085750020087e-26
5.167177209909666e-24
5.360453256192863e-34
9.62303183302482e-19
1.2081772874314136e-28
3.5564260689976615e-15
2.562952128745902e-16
1.0226774749672776e-15
2.3167887924168254e-27
3.384224692652207e-26
1.007112813845649e-31
7.986215930867428e-12
9.485343141525804e-38
7.406901566204578e-15
8.202818831226001e-36
3.0371561081015796e-10
1.5703057562027001e-24
1.8958932492276613e-28
2.200430058273653e-17
8.628281637556493e-25
1.835012910205989e-11
1.2992316982145686e-24
1.1593804166384667e-12
3.850966886082851e-31
3.8000494224815877e-17
8.98176359650724e-17
2.9890060731167967e-19
1.7102128198082437e-13
1.9046952923731855e-22
1.7182501414799534e-19
1.392114180997866e-11
1.7194902687864617e-20
4.669404199382685e-27
4.7066879373888756e-26
1.0052555230239658e-19
2.872957081339978e-19
2.5090088396968546e-27
1.0095961734289014e-13
5.5968503031629366e-27
4.9539779102681975e-24
2.733314337195448e-22
3.0250974220335235e-22
2.7962200248474356e-16
2.8037093289001895e-31
4.2308516358571535e-20
2.4988793558511476e-27
7.024907435396112e-24
9.60225543759619e-11
6.996164395278123e-17
8.894954194139199e-24
1.4159307806913266e-06
5.136695916912002e-18
2.0188593754024353e-24
4.243245603992754e-06
5.163931116146187e-31
9.496883153405518e-28
1.6994390341333014e-08
1.1733368080505207e-14
9.032715182664883e-14
3.1816467749063377e-27
3.5346235474682236e-23
1.44202948143835e-09
1.2178433670620892e-13
1.025227637886762e-24
2.733132299167504e-40
2.412654387681914e-27
1.696235750669346e-10
2.0825763603770015e-07
2.486152816795942e-27
1.0128098187831977e-33
1.1900954901467575e-30
3.418822438663633e-10
7.305966332878163e-43
3.584874745322185e-27
1.5919896183812255e-10
2.018896208456188e-09
1.0202518632056805e-16
1.0236839109354595e-14
8.602573443795042e-18
1.2237650952353487e-07
1.5052471361075596e-08
1.344292966028714e-07
7.776990560475243e-23
2.433340975565909e-07
1.602101289606194e-15
1.134629081122077e-30
7.163422711019703e-35
1.4021338616949375e-26
8.826479037737445e-13
7.0807637963976435e-40
5.853915604008215e-06
3.7484705102898314e-38
5.397686835931871e-28
1.5153284325990224e-09
1.1633774298559379e-26
2.972011360015526e-27
1.0190219989324847e-10
6.783653560082103e-06
1.3078551932108977e-25
7.195995207925957e-29
3.9394738756553425e-12
1.3807751636778442e-13
8.084899735889293e-11
1.893922623515878e-24
3.323443810258675e-44
3.251287791679028e-05
2.7606873146778517e-28
6.142950184788226e-28
1.4437038883462037e-27
6.4023446923617704e-18
1.5615573117773202e-18
8.841469139716206e-15
1.8759113988035227e-06
9.670658489727701e-26
1.4270537666765434e-13
1.5766684102522883e-19
5.0384193029038495e-45
5.754182148861508e-10
2.6772968235597133e-15
3.211630962588508e-19
8.551221825247541e-12
1.2605284431401817e-16
1.3702622913588584e-14
5.173343859984132e-33
2.39347304094899e-17
4.4630195529246805e-26
8.745935896049642e-16
9.380408159064884e-30
1.7203145589169075e-15
8.685033481608781e-08
5.09014082679015e-06
1.1380386762810361e-19
6.9289861343729735e-12
4.961234799375972e-08
1.4699183250933524e-21
5.48451648842536e-07
5.850227763530021e-17
3.3557150425336734e-07
3.490232026084921e-14
2.268385899451648e-09
4.04930143139557e-34
1.160617821133129e-28
1.0924230316894093e-07
3.993395214775191e-15
3.1114927107687203e-26
7.333356746230181e-08
2.6545485459778295e-17
2.858896433064169e-27
2.4216104690709855e-23
1.0995371978101468e-24
3.408879523555266e-15
4.378664668634089e-23
7.43486374997103e-12
7.29024273715168e-24
7.683922032790618e-30
1.353439276936318e-32
6.283297908569481e-09
1.9736802276310888e-22
6.672875166293578e-17
1.5130320731609539e-09
8.41916935630484e-36
9.543188052794103e-16
3.4563439184820325e-23
2.688637013307092e-29
2.3366889580316347e-25
1.1786674485962772e-15
2.7864633034301194e-32
2.6154722181391633e-19
2.9281144737210944e-35
2.82444954387014e-23
1.5011870401191208e-31
6.8759703148672e-22
1.5517227654259157e-15
3.1296546273127726e-25
1.3041963272536716e-26
3.1062059747417627e-23
6.406466806304304e-41
1.836954910561712e-30
3.6753618482911755e-11
3.3313238458493476e-20
2.109372561707604e-18
5.04458999011006e-35
9.14918730300207e-33
8.98277809529373e-36
1.3000849693480224e-29
4.382575788292439e-25
9.161944197513488e-09
1.5316634015645466e-11
8.166320904146633e-07
3.45775804727098e-07
3.7992211573330703e-20
1.2277474779389673e-19
5.633907739763768e-59
3.920125962657239e-17
4.555360898605252e-27
6.154501530859131e-07
2.4214337980322385e-33
9.094528325663177e-38
4.7085509575626835e-30
3.0173704020486873e-13
1.9045027450857972e-11
1.423559241839312e-11
6.74349909777299e-08
2.5797810807047828e-11
4.501982245556059e-07
1.3861260994202582e-28
4.016141837506785e-18
1.4149276435605876e-13
1.2492683896317826e-16
4.793245059674502e-08
9.639933852824352e-22
5.387772941039432e-26
2.535345634462784e-22
3.3107447408830037e-20
4.042150507114397e-32
7.874687097388823e-56
1.1610392330116994e-35
1.1323167443352275e-08
1.0922943026495782e-08
5.348359646906829e-07
1.8725573528499423e-25
6.884183305980878e-09
1.1901171458038142e-07
2.1073972403307245e-41
3.0539941069670896e-13
6.02423979207715e-10
3.94537618655871e-15
3.4338016877376984e-24
3.6442090827705606e-08
1.4456747827569831e-18
4.244353706709267e-18
7.343093790283112e-08
4.144794481805266e-08
2.5818194215963127e-23
3.2946608573759966e-08
1.185946118255227e-12
5.047210475591534e-16
1.3035858768347503e-14
2.889156673087383e-20
1.9589382486273076e-07
3.869100261450048e-06
4.697995529015004e-29
4.492684891297756e-32
1.3151417596982577e-07
7.065381305141464e-29
2.784510840178466e-26
1.9350943892090247e-07
4.143503639617876e-27
1.1648591239286291e-19
7.861005726178668e-09
6.300228728729718e-11
5.893326585838394e-08
1.1644299347848244e-20
2.942355327362594e-22
1.032961741570735e-35
4.9828865787154635e-21
2.779696443257824e-21
3.742768079654432e-28
2.4993672122957295e-15
6.909561664525519e-08
1.0870853186846782e-07
5.608955299535048e-07
7.378226508107692e-21
8.891692684005846e-26
6.075904901379083e-14
1.325494813798424e-17
7.813696590100132e-28
9.470682244588106e-34
1.4499092860006692e-16
9.510783035577539e-30
4.483428974316839e-21
8.245064584233735e-10
8.11618239495064e-31
1.3453374968673766e-30
1.8304581260452473e-10
2.7743642454288946e-22
3.788067507212265e-36
1.950499036209233e-13
2.7237194928754912e-30
5.185088404998453e-33
2.977657118389285e-10
7.764100515357036e-25
8.55116787590702e-17
1.7634706836191185e-08
3.585971673597635e-30
8.673762356751602e-32
1.1254498152164936e-06
1.0895568153086607e-34
1.1084445258184746e-29
7.224401918678676e-10
2.0994524679942795e-33
2.0367436300396164e-24
6.259453294996684e-22
1.9351795480645066e-34
2.8705058739130364e-22
6.385431192566774e-20
5.160999184275e-35
7.300319050205974e-12
1.2331760070594212e-22
8.507167620527822e-23
2.2399050288961465e-08
7.749060799298813e-26
1.0561129295340683e-25
6.227035579853758e-12
3.401986111486836e-07
1.1167747826453412e-32
6.731948158513882e-09
5.997386751507062e-13
5.525447599079139e-23
1.002734738846042e-08
2.8023086867073167e-25
1.7009809304736758e-19
7.236930638160017e-29
3.8714823978085705e-25
8.073962305984359e-26
1.102061267536695e-08
1.0248632074711475e-07
1.0663949327803072e-23
3.0442251234103684e-18
3.67629782249382e-23
2.2605772340974208e-07
3.552431467378739e-24
2.0754533314936883e-17
6.362998039079954e-15
1.1371788831020567e-22
1.8885997121960203e-18
3.50643635238679e-26
1.1381704660563752e-26
2.922209408233345e-06
1.2597442003074946e-55
6.13827589452297e-09
1.0129917885603681e-07
2.000064975743701e-08
3.4993225406727974e-19
1.58159256683397e-11
1.5382068913472105e-09
7.545608043275091e-18
7.782906196815659e-14
1.4506029667358585e-18
2.6675103987995937e-32
3.3668882565572285e-21
1.5998617369702913e-21
5.2487692794372526e-08
4.970760708785835e-21
3.7390602453017813e-16
1.1389904218414881e-38
3.712864571802222e-36
9.6385423630101e-22
5.45120227175032e-14
1.7336508888933722e-26
2.0772267740131373e-20
4.012668888658103e-24
1.0029023214324978e-21
2.1570711108431666e-20
1.411322809637202e-22
1.3617959760235824e-15
1.0278942956742353e-18
1.964245609516743e-18
1.7315474740898892e-29
2.849363584270641e-09
9.262099889537957e-60
4.073643260101953e-23
1.5121160896918998e-27
3.821700544965804e-27
1.1567404555653589e-29
1.302029067371254e-13
3.0713602149628554e-13
8.6130741033109e-23
1.0193053254947884e-24
3.299721447180395e-12
3.899141221751448e-14
2.8180456169544866e-17
6.857337093426105e-10
1.3135427994444773e-21
5.944475511713623e-19
6.75710820240458e-08
5.496924711716942e-23
8.070499255311035e-15
1.659380594616904e-27
5.865156267773599e-08
3.83573960888695e-07
9.605722593885863e-33
2.4451180789150916e-28
1.0618161643819538e-18
5.724552368386958e-25
5.1927080819180816e-20
1.876865433553008e-20
3.202820825417483e-12
3.298817923948942e-22
3.3828854959527125e-16
2.5378143400398286e-26
8.848107685111524e-08
1.612352992330301e-20
4.457132912775688e-08
5.268522634345432e-28
1.0536099379550851e-18
7.108612173253563e-13
2.1019140222438668e-41
2.231957950884313e-16
1.0639031269913271e-29
6.596620559160373e-08
7.185632790105165e-18
9.873173607037434e-20
2.0304420566540256e-07
5.43576681983281e-32
3.832989372078626e-13
1.4195760609939697e-07
2.6029673623819012e-23
1.9659989762313732e-23
4.072906098367776e-28
1.2235420515992833e-34
2.4352951477459056e-22
9.987253054534408e-27
1.5909186107880642e-09
4.414963571055825e-05
1.6186258052049974e-18
6.528740413839499e-29
5.784052518188054e-21
4.7504956074041715e-39
6.398974368414446e-16
1.532302073993408e-23
6.55743465454845e-17
2.220315552879948e-33
8.171427873969268e-17
4.63725249522641e-12
8.573550111873695e-13
6.045962740960282e-36
3.2667258553232993e-39
1.3542709515738454e-40
7.066701901993683e-61
9.520181526079266e-20
3.8132323090688266e-20
3.660061669923395e-13
8.414833917552975e-25
1.6619305609866467e-25
9.259389783718029e-20
4.394235667487483e-18
2.105420200092841e-19
7.400762531176911e-09
2.5792892584232512e-12
8.000142977462432e-22
3.781494592263557e-25
2.0351644398953142e-26
2.3386886578806573e-16
7.211176933666941e-20
6.3920821087655194e-15
4.883909076785927e-06
1.0386319273236704e-46
6.819286166460268e-15
2.713917748385389e-31
2.782209577821223e-32
1.6836188572862867e-09
1.3735851887002493e-09
1.4778809018781858e-14
1.7516407837188767e-25
1.460978089447278e-12
1.2073829057662367e-19
1.351527747320419e-24
2.8986507393543325e-18
2.270634894667147e-29
2.7305715129805147e-17
3.3066240574192486e-26
8.222178736088023e-13
1.484756917758096e-27
3.353259640953872e-16
1.2304958457452027e-14
4.977289240983951e-07
2.6149341009379906e-19
2.4495729100159477e-27
2.577683055144268e-31
2.5287227291283134e-24
7.11624760309173e-11
7.435796115987593e-10
3.888633773768193e-27
9.43297457816766e-10
6.367450390633392e-43
1.549409346681135e-19
5.397460398209246e-26
3.9541306231975535e-19
3.803626971697277e-12
8.318583483529978e-20
1.0721769812862371e-13
5.08021500205011e-23
7.158699570009912e-19
2.8505560473421854e-20
3.654800013769999e-15
4.283756000369725e-08
3.19204084928531e-26
1.4432202381995424e-22
6.676416572426747e-15
5.6571540861873744e-30
1.626880884322635e-25
3.545780815419012e-29
5.292983533993004e-20
2.2027438584985513e-45
2.265534427809693e-29
5.426425882521596e-07
1.3400657860922607e-24
2.005555986752979e-18
1.2579700534731646e-33
1.3990604157116603e-11
2.4428653014371306e-13
1.663513075597752e-19
5.425785835142479e-08
1.5030580473696171e-16
3.2517170583133436e-14
3.2837944524685014e-22
1.8974433729200476e-15
3.87135776508434e-26
8.587101368097563e-09
4.674154548625879e-34
1.5762354770791672e-35
1.1225001873994426e-30
3.8779454493832927e-38
4.3582872797861624e-20
8.934307451408883e-35
2.658595930213739e-26
1.083103657732215e-07
5.890526772840132e-27
8.488438477872258e-39
9.059312068690342e-29
1.8111954867239712e-23
1.4435987069309e-20
4.250947976885769e-14
5.1673554856062796e-12
4.335139359620347e-26
1.104248694898071e-12
9.931276872599197e-07
1.2926507076620262e-15
1.6568081317519923e-28
1.78404656631839e-21
7.770522470548145e-31
4.106613958498179e-11
3.315426396472192e-08
8.255036011467147e-06
5.648780014817058e-24
6.061768637212284e-08
2.1440015497304095e-08
2.5922059403443593e-33
3.398375706945555e-19
2.118365174002496e-05
1.1330979965294989e-23
5.103239152791834e-37
8.760050028635224e-15
7.341520072822977e-19
1.3986964473124111e-08
4.3583868822718354e-10
5.413229481176719e-07
1.5959212499054107e-44
4.923030015135721e-23
4.40753984023499e-11
2.0034339542756874e-24
1.1867606932092459e-36
1.5835727230390908e-29
5.182340349541079e-10
7.047911004222819e-16
2.1908682548973815e-12
1.0547105987698248e-62
4.8058780325629865e-09
2.8424452780633683e-30
3.694709868218329e-15
6.78597849523431e-20
7.531873904796825e-06
1.4967650364332797e-18
1.0640421418011381e-24
5.999785669058892e-16
4.861208986251836e-25
2.0310511029653383e-26
4.830772858659426e-06
3.794513125399407e-11
4.420513039530516e-21
6.98055035513659e-10
5.298574562002804e-31
6.583770222645472e-35
1.1138182403984601e-09
4.332648832216462e-25
9.193493220637472e-24
1.51103937141118e-14
1.7923972525758483e-21
2.58201703355158e-09
2.0921792741870605e-18
1.4951506249853047e-25
1.4493989503731746e-08
3.584730068078256e-32
1.4966820631906378e-13
2.1704660040798366e-09
8.492820325893113e-26
5.170341384283807e-41
8.641620029254056e-18
4.6869123581462595e-14
1.4431974043579282e-12
2.56552588427042e-13
4.7882087380880935e-29
4.651236621578806e-21
1.8037862077812893e-05
2.2373939076980226e-19
6.220746798028418e-18
3.77605676873083e-41
1.1095768579796252e-19
4.105394059037811e-10
1.5831301171121766e-06
4.070425028219724e-07
9.267483483273432e-34
4.501530468049465e-26
2.930153169951415e-44
9.75320263358299e-15
5.92232875942368e-28
3.2048943224625964e-31
6.993670602601043e-08
5.923037545790512e-18
1.708459327436904e-20
1.201953409271579e-10
1.916413004294123e-12
4.334513633921775e-18
3.3021091040974663e-15
9.044183721606254e-27
1.504213085023135e-29
2.304380519114147e-15
8.37260571683797e-06
2.0953840532315393e-16
1.8444137887002437e-38
2.2824298283087128e-08
1.206492264488479e-10
1.0684183953142769e-15
7.784750245142022e-18
7.243796298622369e-10
5.397754348744569e-31
3.216904703671843e-33
2.336953834729432e-33
1.704992917387241e-21
3.1134759960898203e-34
3.9009861544594187e-07
4.6597451921483604e-27
3.417396139018337e-09
5.13833034121914e-29
7.161652833097019e-27
4.589925718432747e-24
8.679879951459949e-13
1.2192889131823974e-11
2.4203840119973712e-23
9.932902371321775e-24
1.1055313898267766e-21
8.139905370621271e-12
4.483855307665042e-60
8.427869663061278e-08
1.8111230986617018e-09
4.64975698394754e-21
7.958880219188577e-16
5.286795166783485e-24
3.232563997446145e-28
9.712459755179186e-17
1.8389441813490477e-37
1.06674106623993e-21
5.991537627189405e-28
3.927615896446161e-08
6.27246075532495e-36
3.0949922535277815e-26
5.402615367232073e-24
8.394885374636179e-19
5.6683234395451466e-30
1.2833361128768493e-07
1.4488525793627413e-19
6.109088659472249e-24
5.054536418011578e-18
7.163686002042119e-31
7.087982300303277e-23
8.289326288347741e-16
4.909481298600584e-41
4.3605685053838314e-10
5.675797476045386e-25
2.721328185363441e-13
6.650384404412183e-11
2.0490242624160295e-20
4.462404001300613e-17
1.1117903963155684e-13
1.571800536877979e-27
2.7908863761303367e-27
2.4744959461103883e-22
4.308351372211102e-12
5.499953106212363e-15
2.6596106463401614e-22
9.168803723826689e-31
7.029016755398363e-08
1.6781798217680658e-08
1.3269397583021197e-23
6.148406705429354e-26
8.507256685974762e-35
8.856204803974897e-21
8.759468668325247e-28
6.659585680251066e-11
4.014289890824796e-24
5.963173701681707e-07
1.1690873270469645e-19
2.4144014031634015e-14
5.229624555940347e-25
2.9210201868542733e-14
2.6592097100479297e-14
3.7554366752322425e-14
3.380452141891482e-59
5.260688532983389e-19
3.344205480654372e-26
2.70529202646578e-29
1.1470593389968514e-31
3.688125962920906e-17
2.2179733111471508e-20
3.4724115431632767e-15
2.6388797748938734e-18
5.352284517092747e-20
3.185207942924093e-14
1.5032486232916675e-23
1.6430781012407672e-25
1.070330977406714e-21
3.998937992074293e-14
2.828786251339357e-09
7.137091053301233e-30
9.799117586322508e-14
5.7870077262459465e-18
2.9388711386076846e-19
4.703354974324555e-11
4.058102841837512e-44
5.4178559524002475e-14
9.24030771452063e-19
1.221014645889719e-15
6.1571223471929984e-09
5.655270018368998e-29
1.4295624806651678e-19
5.583318165330597e-29
8.960628684811125e-10
3.679662186828525e-20
5.8854753746511164e-27
4.475322284416578e-22
1.6143241721260182e-07
1.070134442671658e-59
1.3038257776137762e-14
9.562608274913923e-27
2.5783987653069647e-16
2.0541220412075845e-19
4.6883334710249814e-21
1.4191850936339736e-39
4.727549754806993e-13
3.0953528694041734e-18
9.928057104889595e-27
3.313785344575079e-14
2.5569228776747826e-08
3.578569137003938e-42
1.2786305711960423e-21
1.1704342308402307e-13
1.9548570208217713e-22
2.8726208695729677e-32
2.6860696852942328e-40
9.63348407276538e-41
3.1687277018994505e-21
1.655328389069935e-27
4.341387965822828e-27
4.996882787052166e-20
1.2564459277454029e-26
1.2016967193199552e-10
9.89917486984447e-10
1.1807516830655006e-29
3.035778845362002e-26
2.1762044387048097e-21
7.600880300320204e-22
1.7737369258654409e-12
3.321846407902757e-21
1.5161400731070108e-18
1.5229972833469959e-13
8.137968606631873e-23
7.096976323760454e-09
2.2799888512152997e-09
3.070831440883337e-13
3.7089358533271926e-32
2.4452012397650707e-16
1.2800445611073646e-06
2.4095564170748456e-09
3.0071833628397337e-26
5.676665339705953e-10
6.230300838017352e-35
1.0975987050858994e-23
1.9359318404028096e-10
2.2386563567037593e-37
3.5296347780015385e-12
1.410165263641824e-22
2.896145589287953e-14
4.976395880520543e-06
7.794850029631984e-29
1.4461859369758373e-38
5.346503439059055e-15
4.6624551489336116e-21
8.104466186532705e-20
1.2333734762526484e-19
1.0783940484794971e-35
6.264572810429019e-09
6.359461546683898e-16
1.3117789731201808e-36
2.7479130473700894e-19
2.511812229525027e-14
3.246595116444909e-19
7.770892126832394e-31
2.650199772311391e-09
4.531334655447934e-25
1.0550806262571452e-15
2.0585344711667927e-20
3.145582928356718e-23
7.643146306331964e-26
4.6054435608724593e-32
6.035872876261251e-32
3.2656926326060643e-08
8.390763009442961e-21
1.4882517616137342e-27
5.318909607562007e-25
9.209892505944614e-09
5.027005501446233e-15
6.527696910664306e-20
1.0477025927177188e-20
6.361634453394538e-26
9.615071146928446e-20
5.797144737380287e-19
6.905925084829103e-24
1.5647080719586387e-09
2.3699844040382548e-23
7.137025770402678e-09
4.513384370777298e-15
3.8475584030594626e-34
1.4715913217468365e-09
1.2175937056746539e-12
2.3914415854793034e-20
2.494446651993175e-35
2.273318983228401e-08
6.169869255772178e-35
3.80619293454248e-20
1.1939286669198958e-17
4.157282193143103e-23
3.511314084803494e-09
6.457115805579247e-16
1.5211493074705852e-49
9.758511473776047e-16
7.837141208912077e-07
5.040120504031513e-19
1.0125205751930011e-29
1.1252031877537041e-27
1.6015178805271353e-17
2.2604525486216672e-08
7.771347863596076e-34
3.657996933089605e-25
6.728149135837083e-23
8.4807462425258e-18
3.383866488065258e-22
1.0926880130877966e-08
1.9724405233974964e-25
1.2005162095038925e-12
4.268022406029779e-34
1.8402309320520855e-33
5.866461795648534e-26
4.62329174583012e-09
5.969411667481016e-18
4.515140984122537e-07
1.5253615511371057e-44
5.8434753941807197e-08
3.596699084467115e-12
2.3197338263051643e-13
6.019201952339174e-19
2.2546225943146724e-21
1.385050678658479e-09
1.3762402123784232e-18
4.3042036364939055e-12
2.0769951309753774e-13
2.8260034798392604e-09
6.870911119751537e-12
1.2142723494607136e-24
1.5814294133599628e-26
1.3782970371500135e-30
2.920884931764634e-07
1.105532979410378e-32
6.580893661219961e-18
2.197699175679853e-19
5.343659684740518e-21
1.3385371976180969e-28
4.6767970015862404e-30
2.9432633844176583e-32
5.486265517444124e-23
2.849334010313727e-36
6.76131437729568e-25
2.8740246116725494e-07
3.901351830900469e-16
6.705411311080366e-13
2.9740029627288856e-16
1.0083491218119912e-24
4.467158090383299e-17
1.3922584247389047e-19
9.982214405677437e-29
1.1470473029726562e-12
8.861963807911804e-07
4.4849061346429695e-23
8.502122023118304e-18
1.5711497270085252e-27
4.171089242814539e-24
1.37106249978525e-23
2.789254260912992e-24
5.2839385099052354e-11
9.515063714720216e-36
1.6692219323434873e-90
9.1877249005509e-31
3.831144751279092e-14
9.984097483592413e-30
3.112869471016822e-14
3.104358181111917e-20
1.7182526680172806e-13
2.844635539633609e-17
3.8138687188904005e-29
2.7136447924515777e-15
7.40071098307693e-27
3.1392574400366997e-41
1.317087213384851e-16
1.295493407649063e-16
6.868217937497359e-22
7.917536660788863e-25
1.1288971612073847e-52
4.328554019866067e-28
9.80782894281757e-09
7.605231197708954e-12
2.667414899570448e-44
2.116515084110278e-17
1.4800592463572634e-09
2.2732011452090196e-25
4.349678827622685e-24
5.307247732682254e-28
2.6611809165355245e-09
8.770909868799045e-23
2.074191229502676e-15
5.515777094573401e-26
2.91111442247766e-17
6.818515564982961e-11
4.007047530086728e-14
3.526608515113873e-14
6.151821564908369e-27
3.124628962193235e-24
7.417146113919813e-26
1.0447066282417543e-09
4.176177896663805e-11
4.167769326787269e-25
1.7680999727268655e-10
2.0590925231268646e-26
6.567474427558951e-12
7.301015874335009e-13
3.2129884018972265e-41
9.141086905347777e-24
2.354927521325249e-25
3.267604006594126e-30
1.0398851862248321e-17
2.0683545900979049e-19
1.576754174065643e-22
3.563477936998147e-19
1.1722331426460107e-25
1.1551142604679728e-12
7.189534243293339e-06
3.1659145431385546e-21
7.735594308861688e-28
6.841553715787953e-23
4.850067413929659e-24
3.767808790120918e-09
1.076414213928382e-17
6.460227065274775e-13
1.9556803245857345e-13
8.2708922745788e-26
3.84772362467954e-27
3.997827410160482e-23
8.574650956486342e-06
1.1715539416464912e-24
7.705596403792775e-13
5.557522221887965e-24
1.474988752014224e-11
2.6841646344689126e-25
9.259650183410393e-22
3.105285737556216e-23
1.0564700615251257e-14
3.738118636349781e-26
8.173602090952818e-16
5.5180178867885754e-24
8.216594187409872e-10
8.743225154455364e-12
3.486542291102429e-14
4.378481123372813e-08
1.630077053357565e-17
9.431438842074001e-30
6.0490789621627245e-30
9.893187340177154e-08
3.44927746230215e-21
2.3342137325551373e-11
1.0717099280520725e-30
7.229019356767386e-25
1.0656435876601462e-33
2.69256185789691e-27
1.4248444189139102e-22
2.7339093002265577e-24
2.1088369968611686e-20
3.664935208187523e-16
7.552553554298914e-20
3.412739529964271e-07
1.1432033984925456e-18
6.685372433603831e-49
4.135506819561414e-18
3.1972433930186263e-08
1.5297367551083171e-18
1.7922468990700769e-28
7.887968774262865e-11
1.1800832935405552e-34
9.629050958304158e-30
4.161138063012019e-29
3.622790068957811e-25
4.800470752110528e-19
1.6326583648426415e-10
1.0380513468814008e-07
1.2656195486242303e-05
1.004955934410994e-24
3.964057596808655e-17
6.61833236014272e-29
1.0523137617367692e-19
1.8805702052446674e-33
2.2229298250566e-26
6.633242901913403e-10
2.3553234869200435e-21
2.6635475172549456e-11
1.209184456798478e-18
2.0642965483503195e-30
4.648062530288118e-25
6.846166981792215e-14
5.299967795889098e-24
1.2645224599504094e-09
5.582512129690962e-12
1.8146318230247977e-27
4.7639203978821583e-17
8.055967291594102e-27
4.59926198534815e-33
2.975775494988424e-13
1.4184428410227184e-31
1.5035047721214167e-30
6.328762218447851e-19
2.684117918024531e-22
2.5531492727560343e-17
7.815833579818055e-30
4.307956697147016e-07
3.9526857968427417e-16
4.779890760278938e-26
1.5079219184501433e-23
3.32816206822237e-18
1.5039844365013465e-07
2.5547980079971213e-31
4.807252447118046e-16
4.2088224436436555e-32
1.5199675480187774e-19
7.598326508440477e-11
1.079996950600758e-08
2.5373273421052333e-20
1.1538996276073252e-31
2.110348631293329e-07
4.778470524818614e-28
1.1858705017390232e-20
8.913364862565061e-17
5.59581730099459e-23
7.971457185481596e-12
4.631936861360047e-19
2.9756517406993454e-17
2.950077540520071e-17
3.1893144711250697e-13
1.043565051788554e-22
5.91271167471578e-32
3.126525587536327e-09
4.837799005967265e-20
9.820936695176839e-10
1.1547325487211315e-11
7.994046452639799e-11
1.516343993403409e-06
5.856892887041823e-12
7.844623325450268e-25
6.8457777824892845e-31
3.306181868415823e-33
1.050498578882826e-14
1.3412166795992086e-13
8.597784658338044e-12
2.608224880672062e-22
3.4769261394375937e-39
3.973652253293592e-26
3.766168582018139e-24
5.441849401343905e-19
3.771778738369297e-21
3.513228858833259e-19
3.7503535770352434e-24
4.206996531069633e-16
1.696275520625189e-12
2.5885547918395298e-19
1.885591793357598e-18
3.568353833350598e-14
2.796789223138617e-22
2.680028071270736e-23
4.3605681621139e-22
4.583310571621342e-26
1.13737193692592e-06
2.3788500407066812e-35
3.913308242349013e-12
1.321739448194102e-42
5.182159969790276e-20
1.1874117066620172e-12
1.1102314322675884e-11
1.1490048843112723e-09
4.9701317223340014e-24
4.841769156425837e-17
7.895513280889239e-17
2.960995346831987e-23
1.1609761223467115e-27
2.6008288740705887e-08
2.214182351487057e-25
4.059339357685954e-06
5.8334008115647e-13
1.2548213024868745e-28
3.4618885891947585e-12
5.941391590730234e-30
2.5416337772604478e-05
3.053634154267795e-32
3.883207342286175e-24
7.395376269348999e-13
1.4143748618213236e-17
3.113146005746299e-09
6.455153583014542e-18
1.3129001923016093e-17
5.704777008129134e-17
5.0179573638182226e-52
1.3394331322408768e-13
7.686637089958412e-17
1.4468193488288028e-07
1.1183988856179528e-27
7.927853979263357e-11
1.6146847473379973e-23
9.950548944963509e-20
9.773649634029588e-20
4.556116282056607e-05
5.26451316559822e-24
2.2220506788758628e-24
1.3161682305501826e-13
5.241191219744497e-19
3.712762728062455e-39
2.9145459515042365e-13
4.64396306208922e-14
6.972422816013307e-10
3.4389233464275815e-39
1.0200353667471099e-26
5.362704978608421e-30
3.2461755755252452e-21
9.893872442238687e-20
7.778380078685903e-10
3.060130421235397e-10
7.433165542555151e-21
2.10751348298973e-07
8.567138116016101e-18
1.2363536718990982e-21
1.611795936411492e-25
8.930613781525759e-07
1.8486304343190442e-08
6.43998624268979e-29
2.562445718814771e-09
5.089688153730334e-19
1.7235875826908578e-07
1.2448921243565606e-23
5.398335363946632e-26
4.17017856350848e-21
2.1983098253713868e-07
4.774654967802071e-10
7.787179328999344e-29
1.0669111806683449e-19
2.422871261128723e-10
5.493947972451247e-26
1.7203936910847125e-17
5.366530614993599e-32
1.15264323836939e-08
5.309866317003861e-07
5.733031309442674e-26
4.282704804152403e-55
5.666426647313568e-09
1.9694253481872358e-20
1.904542813600589e-20
6.33968884166995e-26
2.1597403919554485e-26
1.2686583912844008e-14
2.569708338695901e-19
1.1560717482040152e-17
4.37634864862943e-19
8.515228153634515e-06
1.4116959243302776e-17
8.538544298430587e-19
2.5890458933353285e-32
4.49548964451026e-16
6.843780316336694e-06
5.344061696157544e-07
1.5919444377596346e-15
7.222541384946532e-10
5.933642539045726e-13
4.356627069509562e-19
1.1420278514791802e-15
4.619114103975582e-16
1.3567589698588505e-12
4.502256566754717e-14
1.9162907343764873e-20
1.1630646652427208e-22
8.133395564540725e-16
2.6494353883878617e-16
1.6458262837980233e-11
3.833346149270499e-08
6.470697584659653e-31
3.436628380658884e-06
3.0245224904972117e-23
2.734167090502241e-12
3.673017454695131e-08
4.9567201089522576e-20
7.910908205088382e-28
1.249510752901082e-29
1.3784621635169525e-08
2.5452484006088842e-34
9.34033979470787e-22
2.7230741268650943e-21
8.441216018817109e-20
3.065961941102528e-26
8.338445493129686e-17
4.3467083829469855e-51
7.401774780263356e-30
1.4957648748571413e-25
6.642239916708123e-31
7.771090603132428e-24
7.855785309023522e-34
2.670060737936857e-09
2.2843093321008353e-11
8.628502463826203e-28
3.787322192185648e-22
7.177407935273433e-13
2.5949147989323514e-08
5.0976393831074746e-33
1.0362892661651293e-15
2.5857830831799767e-24
3.260635596963297e-21
1.4383527842065949e-08
3.182633456716958e-17
2.4651302734810187e-20
7.571756305763512e-24
2.1206475505851737e-24
4.367841825369201e-27
2.8469594506484876e-15
3.0454355322529177e-47
3.8501553687969456e-20
2.264752402233154e-23
3.559996530056193e-25
1.6141724711301892e-12
4.777646103440426e-09
3.3310266175208985e-21
3.3710551908261254e-13
3.555567384439122e-14
7.801961323452461e-13
7.731624707156444e-08
2.858371302927487e-16
6.48737133455012e-22
2.7804689247401575e-32
1.6180214884866514e-13
1.528393849515535e-05
1.8833914152301065e-20
9.996307076809696e-10
2.1653138451448856e-19
5.71223968137199e-11
5.18452051942641e-26
8.51939584209593e-17
1.1286894145605368e-06
6.78971090995615e-30
1.0696507162616072e-24
3.812681704700984e-37
1.346885981408409e-27
1.5701588091171743e-09
6.11939781132754e-22
7.129094929220438e-33
6.7090975697993435e-15
2.283171249598242e-08
1.741996621326893e-15
1.0203457476857373e-16
1.4418206847974372e-15
3.9284974912933365e-27
3.212536334737401e-14
3.1949104178195895e-17
4.5418427437749087e-41
1.9212838485573644e-28
2.2706746230645647e-22
1.8425443337172971e-28
6.8735917051386015e-15
1.2333969418283244e-14
4.7575289168807386e-14
7.839485104922483e-25
2.8984838868843883e-28
4.0027889501058286e-22
6.997234817070588e-27
2.4807079203806517e-29
7.523964940678625e-15
2.2197056774187328e-08
1.553932984917181e-22
5.203471426927082e-17
5.754212051561452e-23
2.792323073129846e-15
7.479286805579178e-39
2.0132692997167887e-40
2.850008484646552e-22
4.745777729501117e-09
6.727828623187555e-07
7.220652941233737e-19
1.431686984732297e-18
2.487914684160827e-14
0.00029998947288849775
4.4916046020308154e-10
3.2017554330295173e-25
6.308921639319153e-22
3.177806896842172e-25
2.3292573446201043e-05
6.460402833003149e-22
6.142924086241269e-21
3.654485775467478e-09
1.2990024588862846e-25
8.215693445901562e-14
3.3910889717334953e-25
5.2016839693915544e-11
2.3253325401321186e-21
3.959580069815196e-26
7.041216916334842e-10
7.840235770451603e-07
1.0046021369228394e-28
1.122944686880119e-39
1.9435023797890404e-08
4.307342674117235e-25
2.379936204034846e-16
1.3230742548768604e-25
2.8033536750769415e-17
1.9192161417597437e-26
1.8976014330981677e-13
3.169433116127981e-29
3.988469739548691e-37
2.3701419407135527e-09
3.8187794888367055e-08
4.6789997765473495e-24
3.44185108859073e-25
2.0330165467477514e-14
5.740403124112447e-16
3.884071035814834e-13
2.5552972006876456e-34
2.0178631854741696e-20
1.4265840135239352e-10
1.0128826582454347e-09
0.00012220955045580845
3.3706204798497223e-12
6.09442410568615e-14
7.514826013998352e-07
4.737596931220781e-09
1.5735339052822621e-19
4.364396320594377e-31
6.808287791630488e-15
1.5172891003065767e-33
4.4122956136495954e-11
2.6658214951158474e-28
7.40963601307222e-19
1.2674669831750542e-09
1.3852377018923019e-22
2.550968422722338e-27
1.055767860290383e-10
5.847488344118246e-59
1.9790344052095347e-10
1.279220066222553e-22
5.532391494769038e-10
3.1083432685395185e-08
4.1560371965609416e-09
4.017408422962265e-12
5.525442005823331e-12
2.5557551108202136e-36
6.270096300609788e-18
1.2281444973059224e-06
2.9940988946411394e-37
4.4272251092217695e-20
3.705592853636017e-21
3.2822515841748905e-11
8.654403814646361e-24
4.105029720130783e-27
9.940273671451085e-10
2.549743913767299e-22
1.1715429066020434e-11
6.126218964428657e-26
3.1638383124220313e-10
3.989717912910883e-23
2.6582597303115595e-28
3.6603667305737184e-18
7.549043774645184e-15
3.84620838106139e-12
8.666971179912803e-47
3.5732939607808374e-08
5.314777798908022e-14
2.1188085599276696e-23
3.1049362363934295e-10
2.336843759590204e-08
7.752067479459701e-22
9.267355692623547e-20
9.604865466388183e-07
2.0867425858927803e-21
7.175098291540583e-13
1.1578619757928115e-17
1.6609141221700123e-20
1.3510659484275493e-07
2.7224140800691286e-12
2.5947764444183113e-14
2.1684723846052216e-25
4.353235087381459e-10
2.5897808441064087e-18
5.6694222424210906e-11
9.064618879212851e-14
3.2242016822181e-14
5.292553098438146e-13
2.4961505245941705e-11
3.476283575169043e-14
1.9490466572199606e-13
1.240826382987725e-06
8.727399889917952e-09
9.602932408517182e-15
1.0189848700988566e-20
3.936320647869536e-15
3.5234815250109495e-36
8.387635707522135e-19
6.724891409366429e-29
5.0533141304446157e-23
8.839911718846974e-07
1.1742028281514463e-27
1.2732207149543882e-18
1.7446935238370458e-07
3.1428650123967385e-06
9.640566535193806e-14
9.02027010385223e-38
2.2230892426527e-27
1.9729006925935292e-35
1.1018932614040513e-44
4.848948385981692e-13
4.8043866174210136e-29
9.530536498496875e-36
1.7614673381546339e-25
1.0304881801502556e-08
7.55279263515623e-15
3.0727149651645795e-44
2.48449506014971e-14
1.8378455787943154e-30
4.3536297340712146e-10
1.8684638792638906e-11
3.1976990098484517e-26
5.103304835796094e-21
1.4899865761246432e-26
1.2403109022199465e-07
6.380142700292908e-14
7.86761024161342e-15
1.3611246956652983e-09
6.833863281451637e-06
7.005257135603649e-23
2.4010588952023887e-10
5.303790881100028e-31
6.708433922230306e-31
6.40025084946581e-11
7.079948078738195e-08
7.857086763956619e-18
1.7505101393888296e-37
4.884263292057521e-31
5.344453949098419e-29
2.6338274815991895e-23
4.721562587424948e-37
6.8535773761910404e-15
1.3672260051029677e-25
1.568170880137482e-28
2.554913518018741e-28
3.367218887840492e-08
5.3024865904307475e-25
3.878007030991574e-34
1.3442122326615513e-28
7.873891941799369e-17
3.7730372802743484e-21
1.3468925422498943e-22
5.27285808569029e-05
8.134204402786911e-12
3.9339375732788053e-10
8.09091907194823e-29
5.63092661305688e-18
1.3731489584998457e-24
4.114341571928533e-08
1.351142928478377e-09
1.7049337930282652e-07
7.655126373229221e-23
8.932297634970994e-25
4.060195575683169e-22
8.381511330255308e-14
1.9552362163038446e-28
1.0835947026147726e-10
7.812530435853934e-27
4.1992332580062013e-29
6.394654833737717e-11
1.0454374963351936e-08
2.519108845800744e-26
2.8269513654037866e-19
7.148727698542157e-14
5.407191545620886e-06
8.848569262462984e-19
4.8321846493475924e-30
1.900643914158266e-17
7.719436131991265e-32
8.790530562445792e-13
1.3481866148292299e-15
2.405555313781095e-35
6.0313326160695885e-18
2.677852157494555e-07
9.981049757210881e-09
1.3890947878160885e-33
4.0998394607220246e-33
8.518535294425219e-26
1.2394531013708015e-32
2.5475600929601485e-45
2.839815444876896e-17
2.409748866028101e-12
2.7051233910172436e-21
1.0032939214331207e-16
1.5441985462364835e-26
6.830478087884336e-13
2.787169497834725e-10
4.1537320087967157e-07
1.3712908739495505e-25
1.53426519450354e-18
1.1658101155772878e-30
4.2978184931217896e-19
1.8755014768116914e-22
7.044428880851131e-22
5.354513834906287e-07
7.253197484751482e-07
5.1476353594451585e-21
9.438994865582299e-31
1.448462041506176e-09
2.5170835305319605e-15
1.013443793404965e-22
8.617790016175583e-30
6.7764839148146715e-12
9.368238960446528e-17
4.395326160316908e-13
1.0649238175917159e-22
1.433252779382728e-32
5.705149944668988e-22
1.8447933043907445e-14
2.704486861621083e-21
4.794961453056161e-16
2.6580798666205968e-20
2.6873597953225333e-17
5.472693517613176e-19
1.0718051514527935e-10
3.988546102007473e-15
3.3181076243905004e-33
4.681899356749217e-07
9.664692155228152e-18
1.4090723798494737e-20
4.395165997106933e-23
1.1789163631073234e-14
2.273589697429774e-05
6.014399570156312e-27
2.6684574247228713e-39
2.6062809896605344e-23
1.9901233374290463e-27
1.6289071750482815e-31
1.1926499281920125e-08
1.113871369453089e-19
1.3203690204457528e-16
1.5102759410548638e-10
8.019717243824257e-40
8.257828529522748e-18
3.6958293540877124e-19
1.0675968236435387e-17
5.549276053133377e-13
3.5371640274353765e-32
1.8623068529479744e-21
2.487478558280102e-07
1.5384251026982431e-31
6.098537120295394e-09
2.601576177510257e-13
3.4865935728842573e-13
2.61362349498874e-15
7.912806375126209e-19
1.7707523824572527e-07
2.5124762746315576e-17
1.6630738140927567e-21
6.483512499435332e-20
6.3770150987342375e-25
2.1628497531278854e-20
1.5090908367931757e-07
8.33859500785136e-17
1.670480979923364e-22
3.1014497292297586e-27
6.283790904121976e-34
2.1366978252033736e-22
2.6360124897513447e-53
3.7788309239887817e-10
2.2113560070103042e-25
7.270806716404144e-08
4.2160818341415646e-20
1.596432024799738e-11
9.580836824212718e-13
2.0548827679350808e-23
1.475767193557092e-09
4.123553124035251e-08
2.8587996320518944e-23
2.384830766234026e-20
1.260963393244961e-11
2.6926859885260384e-21
4.7952445202266624e-21
2.779816303046594e-07
8.611449514186614e-16
4.626335678418642e-28
2.115709900283865e-24
4.2297948055341706e-20
5.995795331704069e-24
2.480861376526623e-09
4.954518009081278e-15
1.79198098071938e-19
3.159292562552041e-14
1.7576309525045776e-14
2.663405342834166e-10
2.366100856843631e-10
1.3778558877442579e-19
3.421485310345225e-14
3.0283007429156177e-12
5.709288149861043e-34
1.509512571682386e-66
2.881018302134508e-18
9.446964480990725e-28
4.700227699918297e-13
2.1622312814314663e-12
1.5257095698528156e-06
1.3196078306238584e-15
4.760031674552741e-17
2.5111783079673747e-33
4.830224491519042e-22
1.225693619715206e-13
4.815346034368123e-09
1.838397866925946e-14
7.037453261583706e-33
2.381652965040706e-27
5.964560641492241e-26
1.5143410189111614e-24
2.2497140522342676e-17
1.174431551694992e-14
7.046480880399406e-29
8.600530283119933e-27
1.5468089398051162e-12
5.574697417682431e-47
1.8391568534421183e-15
6.307344082574349e-21
6.886363039759253e-26
3.862368047558453e-17
2.5882624518814495e-13
2.6341065818260838e-14
3.621584154757103e-11
9.71747265949171e-19
5.730111265091941e-24
3.469421148228668e-20
7.589549908455565e-16
1.6494699352860348e-15
6.051551528342606e-26
3.5533034014055294e-18
1.9742742167691748e-29
9.376555905568588e-23
3.0555938576741936e-05
1.4193071743653754e-17
2.736827123854408e-30
1.3500665718726397e-18
2.1140580612256943e-30
1.4551665675813639e-09
8.909023168851736e-53
2.0446306166193215e-24
9.668110429603415e-12
1.3892237567932872e-21
6.248145846944997e-19
3.434625281378833e-19
1.303607909141539e-05
3.3561406623124477e-21
1.4079045191364952e-12
7.589856503260034e-24
4.7529796883006075e-07
3.033453929229674e-30
7.553887192937113e-15
1.0791720889564003e-22
4.167675813561557e-31
1.5081626200804723e-19
2.8770332320949142e-21
2.7326911292316354e-28
1.479302663464208e-12
1.1719527143311865e-17
1.3882568630229943e-26
3.058615775085194e-09
7.297725532571403e-27
1.634961375433068e-06
1.5640207164991032e-18
1.0368142793641681e-16
8.10046810754829e-17
1.3431969147605752e-25
2.0856183362338814e-18
1.0781840147870167e-12
6.064915544312908e-22
5.197782986842659e-19
5.222869026500811e-11
1.0987538613188476e-16
1.363259941137133e-29
4.1044702174792155e-16
1.0612790698240433e-18
1.2678941967597254e-16
8.531829195582062e-07
3.86164517333684e-27
1.484135816443826e-21
1.1725670609469406e-08
3.9755111699435837e-16
4.951302654484396e-18
8.561050972922142e-17
1.9773483800272774e-17
8.055296417460302e-20
6.860248613695004e-16
1.4576822184780328e-26
1.1758177821510072e-13
8.015760391348529e-36
3.6150953831158044e-24
1.712391705884155e-13
2.0817662030146233e-19
4.9586735712663527e-29
1.091371808113131e-15
5.901012985632905e-13
6.307475980338852e-28
5.806368468715433e-22
1.5378553426224596e-26
2.567281676916546e-18
6.643306214666224e-22
2.395662519104255e-23
4.69077129417298e-32
9.381055877911677e-19
4.342807610434183e-12
5.973889165740616e-25
4.757659137535255e-12
8.190509459319265e-30
2.3356761825298784e-43
5.264113568021622e-37
3.551491286111238e-17
1.3819558996056935e-20
3.2775794634682785e-13
5.4349144291196665e-11
2.4480363331944262e-17
2.2496127982287235e-17
1.412365437754205e-28
6.025256346337216e-13
1.0184352760482643e-09
1.3592811983835108e-16
1.1493355350483675e-09
1.1792364989854894e-28
2.607212177866454e-23
1.168678317328752e-21
1.2965314609995264e-32
7.995596149437794e-13
1.3712971451299198e-31
4.142144088261049e-32
5.2830072958689044e-09
1.316985160236349e-21
3.005137375666334e-08
8.310308766159713e-24
4.010909605931214e-23
9.838017936512562e-21
4.9476520489441054e-39
9.653209437296609e-14
3.5582862849314634e-20
5.326962813395114e-25
6.852252087843684e-08
8.72306257296537e-15
1.0858918277298294e-32
8.025385803223324e-20
3.563708920271281e-18
1.662155511264437e-19
1.089370187714724e-14
5.94133038543259e-15
4.916841629015368e-18
4.409988952493649e-14
1.5497927152803055e-12
9.347598271859435e-25
7.552658045453102e-30
2.7451910198246193e-43
7.510046126499725e-24
6.091595176050992e-18
9.010342620009786e-21
1.4228121961342628e-15
7.230361135427906e-38
4.523375835118266e-49
1.5242978615864345e-27
1.5173881077059023e-18
3.055617281847069e-34
1.9089271287816018e-21
4.322978210545942e-28
5.729371425942633e-05
1.1825734621826298e-05
7.971174446555759e-47
2.4213569467253848e-21
1.5967686870772772e-19
6.75558432125988e-20
1.5038150987486116e-24
2.4364232211580367e-20
8.463572309899646e-12
1.9105443537861484e-10
3.127376803599588e-16
3.934563445878177e-25
6.665615802320771e-41
1.6791756659609647e-18
9.129672975199427e-21
1.3361543567276986e-18
1.6557657208181664e-18
2.4962808803415015e-22
3.261895135984441e-20
4.6966368905704036e-20
8.712650576349469e-44
1.179954835708723e-26
8.04495219819429e-20
2.5911965998351904e-22
8.438572623060654e-10
1.2101521590144228e-24
6.010539528151682e-13
4.222570518581419e-23
2.0820036715260694e-07
8.249028207451237e-20
2.0347062891981104e-15
7.042724209935992e-08
8.345417096813651e-10
3.9839314517713643e-19
1.799853884619828e-21
1.2969241687770138e-11
4.598794176921551e-22
1.1592472528134992e-20
8.9564261846686e-22
2.456689078717453e-27
6.182512442505179e-29
3.150929592634653e-24
3.0541720411223886e-15
5.780603794160274e-20
6.16619943089995e-38
6.164389715811419e-12
1.4729893979650602e-13
1.4993473270786745e-16
4.1259898244222036e-24
1.5471228371975987e-15
7.581540940833653e-47
3.001726703589964e-13
3.105409320446965e-40
1.444588902448593e-13
2.5085276067216067e-09
9.332260461263135e-17
7.040974915310444e-24
2.0886272174207286e-07
1.9558814397375528e-19
2.3463027576973252e-11
3.6090517067679306e-15
1.4114441608083957e-10
1.2614903619992217e-22
4.5619061660849745e-31
3.776173251629411e-14
1.9535184911766868e-28
4.184351401175898e-26
7.542747739678426e-28
9.067666968024954e-24
6.80722131510596e-24
9.346333904630346e-30
5.724013753373367e-17
3.73887685106895e-11
1.6277144750744737e-52
4.757774151934157e-23
7.784335955914433e-32
1.78266107255274e-26
1.7883387418585133e-17
1.370470085168131e-12
2.8636735463199614e-32
5.877323763460049e-13
7.792524844825206e-30
2.0849018948430447e-12
1.4283969846117718e-20
1.58442155814968e-23
2.3335183664371945e-18
1.1720359300405121e-27
9.499477602099092e-10
5.981822285815799e-33
7.432523967874e-08
1.1944677817139074e-06
3.617116832641592e-18
2.1013718462684148e-36
1.034731907198838e-25
5.990943057227923e-28
6.854589426244551e-13
1.5856859386759976e-44
6.602358478623111e-22
1.3440377404347943e-25
1.916639458835648e-26
2.017938245881859e-23
1.3487682108820937e-30
1.949559138961951e-25
9.873583331096052e-32
6.274783871772333e-29
1.1630374388977686e-23
5.2119675523010596e-20
1.416090644882405e-16
1.0789104576036562e-17
8.2016113572648e-29
5.880330242762624e-27
6.872636117562044e-18
1.5870642009734878e-23
1.1306103925493245e-50
7.782238275422143e-09
1.3633029517449854e-45
8.7990618341004e-10
4.926557983485597e-07
7.614340627593699e-25
1.377038132092534e-12
6.838885121774052e-11
3.8202946949695485e-16
1.3165091881422293e-21
2.786910325024871e-25
1.5004601679098078e-07
3.021326751731105e-38
5.786303654887921e-20
2.144506876086186e-23
3.2544114523928476e-09
3.2465654074666906e-19
4.535249858079399e-36
4.6030902314156275e-20
6.842805697539442e-24
1.913254963333648e-18
2.968535773016223e-19
7.270219507644978e-12
2.1183182656267468e-12
5.022214593157547e-08
9.689933906552125e-20
2.9856532348855567e-20
3.5814455494269897e-10
5.5584479534296035e-27
1.5154937078335571e-22
1.8954743944737087e-20
2.196343522256224e-12
1.6420051094389276e-65
2.2749819137937543e-06
5.322580261736427e-09
1.243880196580708e-39
2.6217517358047277e-22
6.148981806178674e-24
1.4292800249182503e-18
1.0271124181227972e-19
7.734260441362173e-19
4.584441574328704e-25
6.271837684910151e-16
6.85018071856645e-13
8.11523761988161e-27
2.580968340698421e-07
4.006545553795245e-09
4.307904387377629e-39
6.564288573995896e-32
8.077715842362109e-20
1.5714828086251267e-49
6.6354101073023e-23
1.2022976051602061e-05
2.9239010671003193e-36
2.797362096745652e-40
4.557893275810562e-22
7.678213927621673e-11
7.331330354405192e-11
1.407547698677111e-17
3.841210133279756e-16
2.16055027802857e-21
2.0769483302010118e-12
9.610499245586305e-30
6.399417943359688e-34
2.877742308591114e-25
6.154925516911852e-12
3.027315366033406e-42
1.2995607863882213e-09
7.333473842639224e-34
6.435980635303839e-21
2.0139903995526924e-20
9.495653614763545e-12
1.3186334003824358e-11
2.002829550686588e-15
5.1997883025992483e-17
3.0272985968927913e-18
7.28955108228595e-18
7.159564995915709e-20
1.847732959358102e-15
1.3833790902152124e-34
2.782504501328018e-35
8.784177575125507e-28
1.2847388666526246e-06
1.6066815958103372e-36
5.2405006490449393e-23
1.7815015534540103e-06
2.4064658644119238e-12
3.5466675534328067e-19
3.583556972646139e-09
5.242253818706294e-25
3.517806175932354e-06
2.209466988746281e-06
8.668708101528842e-42
1.5352459549411558e-26
2.833374260208962e-08
2.22783643445696e-21
8.154002358828839e-15
2.489182258314063e-07
1.128359569150404e-28
9.98778441367614e-10
1.1766305759343913e-16
1.2344256614094506e-28
1.1626524141847064e-33
6.2316578238372696e-30
2.477133226464359e-23
3.418649565664165e-09
3.080308447115765e-21
1.1904603126274933e-36
8.527869566662417e-23
2.5729859876581106e-11
2.0909970591929584e-26
2.067743055481175e-08
1.1158613877737702e-19
2.782939309354268e-23
3.865233723646816e-17
1.0517394678128143e-14
1.1910340530479378e-21
1.4227324425633355e-10
1.7885086253147785e-22
4.514260881237278e-33
4.377214645490558e-32
8.15561859554977e-31
6.4103971714539645e-21
1.1781218409125065e-33
4.757819192683412e-19
6.2080813751300494e-12
5.2663221865207767e-14
7.181363038016377e-07
2.397773936627818e-07
8.025794603756505e-25
5.225666913406746e-29
3.336146221637853e-10
8.223760331228979e-29
6.471122385368886e-13
2.895174290103076e-21
1.2699032871166856e-07
8.514597759016561e-29
1.3471521431596603e-10
6.442457944991206e-21
2.170837878172723e-20
1.1066660728501616e-29
1.443256287206983e-35
1.9514864523999274e-23
3.810176759072014e-17
1.3371083218813073e-24
6.618755391258212e-11
6.472431506055372e-25
1.6263912755042838e-09
1.3633153229428446e-24
7.128075975581771e-36
1.0283058843558526e-13
5.851532262412314e-12
3.666590800263434e-08
1.5240622659175752e-42
6.225733639014136e-30
1.0335115138844813e-09
7.595615130557833e-48
2.3528647441306373e-09
6.123630230724293e-07
7.916421965573333e-16
1.0559238620478161e-16
1.2095839674958229e-63
1.975855066358613e-37
3.6773311789525224e-13
8.628838887061105e-20
1.564986300895189e-29
1.7919476869895766e-11
1.237918206839347e-27
6.317561377899582e-22
6.544515331531681e-20
3.773504116896323e-07
4.6951142377819617e-23
9.688251870181135e-11
2.4214732721052516e-16
2.597071744769568e-13
8.57573713058337e-15
1.8193942767937373e-14
6.541486198332874e-24
8.462869920945039e-06
8.198815160129698e-12
1.3443581036582928e-21
4.249286637103702e-22
3.968189217246613e-08
1.1290526528399349e-28
1.5598260810483524e-27
4.0909435102049346e-19
3.1806408350982726e-30
5.041575442484651e-22
2.3168403521860905e-16
4.71523278690572e-29
2.117895719829923e-29
9.240144127567563e-17
1.712950039643181e-19
8.968972834240792e-22
4.5532080216697014e-17
1.621238254697143e-18
4.5463211291658574e-14
1.9241965683456426e-23
2.348741235762444e-10
3.5663945571795607e-20
1.4205755338246963e-08
2.6803416074565772e-30
8.093721246724112e-27
2.9033355551568047e-25
3.2533501123231787e-28
3.0704012320845247e-12
5.156423015580102e-10
5.289855815603005e-10
1.8086499553474397e-08
1.1710197378571158e-06
9.502327982370286e-39
1.7497509537177215e-06
3.2145704634572544e-29
2.0562797034542283e-24
1.177354840973149e-07
6.805861029708269e-22
1.1279484644298817e-40
2.0054953269387835e-07
4.742912171149269e-43
5.1295305497824105e-09
6.945742174860877e-17
1.072728103350184e-09
3.1339828798503595e-05
1.3765408416938803e-24
6.714716415360638e-20
2.0596503834813373e-07
5.3045823636430556e-18
8.832174388014085e-10
3.8896859670962584e-30
3.4033973034948145e-17
4.8173864471690766e-08
1.3449178073055428e-20
3.0077925447148473e-24
2.6301082077202265e-07
1.1345950689685668e-20
2.620336800863446e-08
1.0203275524706043e-08
5.731432336135524e-19
7.681527519071541e-10
1.26975670457546e-13
6.27208329328508e-14
1.3010020992627744e-30
3.312474941943661e-14
4.109762425955276e-18
7.944611379269748e-30
1.129215075758451e-25
7.557131682506205e-26
4.838087984035483e-08
5.2101068620158925e-21
3.729124055656939e-14
1.3600236274878155e-19
8.113293427063453e-08
3.3152663386166686e-13
5.390792482641823e-16
1.8531635302675577e-53
4.596918059993682e-07
5.981562753085773e-09
1.8802901931832566e-23
3.793133023427849e-22
2.7365357583997935e-07
3.159831873315623e-19
4.87424660217485e-27
1.0422589804726679e-22
3.0747217060726955e-10
7.941032228150968e-11
9.745678658111821e-26
3.6154082411716815e-10
4.1598335063088155e-21
4.837773730528145e-19
1.4930595491973435e-23
1.7985472749138962e-12
7.241702599457488e-22
5.167034220979089e-06
4.652862025411259e-11
3.808826577442569e-11
1.7860195094003422e-28
3.0644361159159206e-05
4.468253893690081e-26
7.963679169023008e-16
9.032595457820453e-11
1.2294769519171905e-25
9.568773803433044e-20
8.450572601033445e-28
2.177464893332683e-25
4.0805127884294567e-10
6.693288492018587e-19
4.242272671456786e-09
1.038100752690474e-08
1.547446417854746e-22
2.5565379431054084e-15
9.811270290460873e-09
2.3317634757732245e-35
2.9624907312713328e-30
2.0067284900266395e-44
3.898998948749666e-16
3.8436806470848406e-25
1.0832830765961987e-07
7.465372163764994e-07
2.4811977817944037e-24
1.6808297509849017e-29
4.835945016500192e-10
5.838973070362121e-09
1.2200310605645271e-06
1.934860481425834e-17
6.03748087309138e-15
3.4103875396300863e-22
1.3332539137341786e-11
9.538492769902798e-22
3.9943421712279904e-27
2.4500459360824517e-07
7.843379561790181e-22
1.6139915420511736e-20
1.5081154097057162e-20
1.4569234140739555e-23
1.2061486171561884e-19
1.9402431492171757e-18
1.7601502246279549e-22
1.3006727213688946e-26
3.4450673940905394e-08
1.857703742802685e-20
5.4616064255310295e-42
1.7103961586877694e-15
3.9738915651469905e-09
3.4879302040077606e-07
3.1191666015493954e-43
6.652485302686623e-11
3.603735400811532e-19
4.907715883425465e-20
9.349066393444265e-15
2.389764136010576e-19
1.141988641100562e-14
5.888954724813013e-12
2.3450935414189925e-16
3.117411196567598e-17
3.541553999541441e-14
5.469705007820648e-16
6.968843896655934e-23
6.968843896655934e-23
4.933422086028736e-21
8.444958988493368e-23
1.18267782244873e-09
6.961679615758315e-31
1.5833441668027111e-13
1.2488726833204912e-24
3.653443538413606e-08
7.52290506700535e-08
6.8303473132275685e-18
1.5056172035743238e-11
4.4400247367828694e-16
8.026523130588769e-24
8.069568899661918e-12
8.870647131844052e-15
1.2877391141600896e-07
1.557772549621806e-09
3.444894897884181e-17
1.5447957779758203e-14
1.4814184375356116e-26
3.646231888800957e-22
2.8665337798721805e-14
7.844064889259543e-11
4.410417065925983e-11
1.4921860706418416e-14
4.376827931813828e-13
4.262471974099478e-28
1.3627004438981568e-24
1.0539279603635875e-19
5.589245962985614e-22
5.51943271132757e-27
3.7141497369252286e-14
2.4111821753389684e-17
4.5555866486017186e-26
3.369755388781782e-26
1.4736038493636468e-08
2.359847530617987e-12
3.0556315783705108e-15
5.813683272698937e-18
1.84363296253213e-12
4.082524329020695e-35
2.0389802159059335e-12
3.293158296672882e-12
5.258936743595488e-26
2.5350547149464736e-23
1.6269031179625924e-12
3.2491175222123115e-18
2.854724451464319e-23
1.5547708210866385e-16
6.702177218140929e-32
4.7929049023840956e-12
5.6005674518710755e-21
7.530029836440952e-20
6.821470289427438e-26
1.9153353742345603e-07
5.6794371096030895e-11
1.0923695126018434e-36
9.851291806260691e-49
2.5526510409661887e-08
8.485787417330375e-14
4.682243545362824e-10
2.9346447403202594e-12
1.121763189281503e-09
3.6803641828866956e-11
1.3750091598645821e-07
8.00339295414066e-24
1.3829982641447201e-18
4.1230582884981135e-19
5.212362377660006e-24
4.370635758955618e-11
2.6711795044877475e-06
3.6654961673389744e-11
6.463611873979052e-23
5.255640333496241e-13
5.21493130808398e-10
1.4667058006006172e-13
1.074610351991681e-07
1.5064003554660876e-32
2.3050458395248272e-12
4.062664104748495e-06
1.897703230224027e-32
2.657431000729468e-20
2.4537214074334096e-31
5.169335070493598e-22
3.9829070670773946e-10
1.4249730816760354e-15
9.749710993716775e-12
5.647270891634184e-23
4.526740814039005e-14
5.02046018913791e-25
7.058785277795516e-08
7.916537332985569e-14
2.158051559991213e-07
1.2366258694038098e-29
1.2082069406830865e-20
1.3284972895900129e-18
3.413020747742208e-15
2.4132135894653293e-21
3.5919710697475965e-21
6.337179788713621e-10
6.282781228363092e-27
4.411242154178961e-12
6.97464553097852e-43
1.3837257928061569e-18
4.308855537939869e-14
2.1616206025314685e-12
1.3524825506118107e-13
2.6084074822861706e-16
1.5801735895119377e-23
1.0636602593743842e-43
2.143811174417319e-16
7.500194590377326e-12
7.694364008014566e-27
1.4261886300015805e-34
1.8203994557715117e-19
5.076659317523473e-28
2.832485083861107e-37
1.7411814397563974e-09
1.3750456400790984e-65
3.1268983632979657e-25
7.761816720840666e-37
8.024492084019506e-14
8.660129439325061e-21
8.437573478060744e-16
3.50292957503854e-16
5.4174650901901833e-17
5.447791015568792e-12
1.280349043193561e-30
9.797850250946036e-28
3.8873139516833545e-57
1.653619242431323e-29
3.3568900527344767e-21
1.302278738270266e-19
6.958707711468585e-24
3.040179634951388e-17
2.511376248390664e-10
3.9057709150367544e-28
3.080734845799471e-07
1.6060378838277088e-14
1.0988363403040489e-28
4.3619673986306645e-08
3.883896136420119e-20
3.4440681896558696e-19
1.7346740272595602e-25
2.6151651801428377e-05
1.0443838791172185e-07
5.700525013712206e-15
4.215379765718767e-21
2.1306509131001524e-21
2.8359508606165643e-09
9.998775072863235e-32
1.0826599561963546e-20
4.632974378630851e-07
4.406998598237942e-25
3.362560739005803e-24
9.990362348138061e-24
4.726805068970678e-15
2.2775421401248303e-12
2.0538511410678848e-14
8.019332600091035e-27
1.2520272767201595e-09
4.610835718690571e-12
1.3925470319652488e-27
3.045732271503265e-18
3.3093566959728666e-14
1.852252924411995e-17
1.2162548257695112e-35
8.226049286289993e-33
6.610515256578402e-35
5.726491355967148e-23
7.687278800342626e-08
1.4428139441428238e-26
5.9128547305813046e-36
3.273159390043315e-27
4.348082188016091e-26
5.067643779244955e-15
1.3533290674971291e-17
4.760533863030154e-28
2.9203897218285807e-06
1.0955696023802918e-16
7.75713872458987e-32
1.196619652505103e-13
9.224595768691487e-42
2.8018726125289358e-30
6.330723912031158e-33
1.772023856810085e-26
4.997729414442265e-09
1.2450633593726829e-13
1.207260351880547e-06
2.2468823393640053e-09
4.3579428567161985e-10
2.2066079037076217e-33
2.6957792674759088e-30
2.4670941175863034e-07
7.334153350616017e-20
4.421359521149876e-07
1.5355409054013044e-18
1.5730311198484387e-14
7.885100511667116e-15
1.8283654777884027e-09
1.4072736739594978e-15
7.611399298522777e-12
1.0757507236896382e-19
6.747201307785158e-20
3.3482969116252662e-12
5.045419260613921e-14
4.2171704997891946e-17
2.7255721495501673e-16
1.7030920639334462e-21
4.743613849824721e-24
1.9586761055085648e-22
6.41969951222626e-07
3.1005697857732936e-29
8.370702880821372e-29
3.674594057323463e-10
1.042531929049415e-10
8.801407931958556e-09
5.167362321884669e-07
4.751210469692716e-18
1.9690284096846468e-12
4.29187571316813e-31
6.132525658365384e-13
2.758099926953526e-23
9.55127265260906e-22
1.41069971272239e-11
8.402358760122363e-11
6.510354447888608e-15
1.0914000988320901e-07
1.0716025915527796e-15
9.612525655771158e-10
2.0569187808765384e-18
2.9608848441402777e-22
2.618437617539419e-22
5.459361519123995e-32
1.2083651628618482e-16
2.920598991491514e-19
1.3469004440596179e-22
1.1669102996506302e-14
6.46422432204039e-18
6.07349817864299e-08
2.0016830179281354e-15
1.0348371656467857e-15
1.924375652811893e-27
8.035555781166213e-20
3.76172695255264e-10
1.8808222232670185e-10
5.155186228250762e-05
6.07036739051946e-09
1.726501122914961e-21
2.178711585825302e-10
1.7488133593225416e-10
6.747736678357525e-24
1.24777085815713e-34
5.881102858307424e-13
7.306464638498196e-17
1.7167118261722127e-09
2.3157326038415346e-25
1.4916385140549865e-25
4.5165744543813844e-07
7.712779377492097e-19
1.8957980314798415e-11
1.1487697842958002e-07
1.9280235151624518e-18
7.160810897142966e-27
3.07344572983803e-09
2.2307195407379994e-13
1.14293364943476e-09
1.7393328322179817e-20
7.429699253122717e-26
1.2178697489856246e-20
4.5795482098532975e-21
5.229295345401495e-16
1.559121647988269e-20
1.5650515324030522e-13
6.037101482923349e-33
3.53651581116933e-08
9.123704807185005e-12
1.4199101756158701e-21
1.2756179269307956e-09
3.117633639527117e-11
3.2654936695095635e-21
1.7861206762336944e-13
2.043699771343178e-16
8.742998303780012e-11
1.504613936684477e-10
1.2109051446075291e-17
8.529641212970134e-16
2.1111342480614718e-20
3.695066670101132e-29
1.1426092720517602e-09
1.445539270571749e-10
2.4239611912628013e-09
1.2469392912351497e-11
2.558044264092165e-29
1.939830709398351e-07
5.68396344262093e-28
2.8783505422157163e-22
9.767181328504612e-24
4.5521264366636974e-30
1.5636403574806589e-28
3.9344524524708914e-19
6.59838742236142e-17
1.4098270734067058e-14
2.1360722197580903e-18
1.117431915615576e-25
6.211597534551533e-16
2.266754251910497e-14
2.1466536821573745e-06
4.404812086801751e-17
1.4455950187662292e-15
1.0636454880745056e-30
8.46867298665272e-10
4.4247938720677406e-43
5.465517825206674e-12
1.6400957816000563e-17
2.048658137435277e-21
6.95911759429756e-20
3.3577663873404506e-28
8.814471413663826e-34
2.5908431878834312e-21
3.778970053420545e-23
9.9009707625252e-27
1.0085998627392477e-18
1.1425970049413402e-09
1.9055286941423426e-08
7.541928354769402e-28
1.9629698792209553e-18
4.07520505453711e-21
3.750013275286989e-36
2.572578388856954e-26
1.7307971427864463e-22
1.7601766486262662e-09
2.7919385632137225e-07
6.193560535127157e-29
2.5643072818724625e-19
9.007267307687405e-28
2.069670563439414e-11
1.968721869758817e-09
2.3408634744789798e-11
6.833780827592155e-35
8.808053693645899e-17
8.683611026864801e-40
4.666975667568737e-16
9.74976872080186e-19
5.171578324523584e-17
2.757733699703045e-19
4.570515034523318e-18
5.673431338742719e-07
3.2435466270856593e-16
1.7430387553957126e-07
3.8040484756173884e-09
1.8824464363486449e-07
2.856378800869983e-23
5.77211515411201e-17
1.3910232868515888e-19
2.579047057650975e-16
6.089691501079253e-20
2.7560230596488685e-08
7.897697905382435e-19
2.385087448786946e-06
7.084141011843952e-24
2.002860119340181e-06
1.0836690633569425e-09
2.166273409637957e-17
1.1491293239909058e-21
1.874515881892607e-25
2.7303714104035273e-06
4.144803850724328e-34
1.7097929402864408e-21
2.290468964283051e-10
5.8113027420650776e-18
2.9298326989192615e-14
7.185128679967562e-26
2.8531230624026544e-17
1.2194892279312036e-13
3.849715703626952e-10
5.441464358163603e-20
4.629893365594558e-12
1.5232453972463674e-07
6.66421386825697e-19
4.039226059253935e-16
3.2226313462432547e-09
1.5760616618492435e-30
1.207897514005394e-20
2.28755944969255e-15
9.997299248833083e-35
6.030732689993517e-28
2.757472681778197e-15
6.413019253089507e-24
3.986195613504657e-12
6.815577251381392e-16
2.859340690517234e-08
2.6290274976945946e-14
1.1785784024570177e-28
5.242098792591299e-08
2.0480357417490778e-07
9.390887861790775e-17
3.637967442184041e-28
1.9918681549444368e-20
7.571614972455923e-57
3.685074034469062e-15
7.535362175271127e-22
1.2182416480283058e-20
9.702111742793734e-25
2.5884270956957443e-13
1.9825673214531062e-16
2.566193131999779e-48
3.995704456735819e-15
3.0206236209612055e-31
3.6982802064689256e-24
1.714316631700153e-22
1.3618826520155494e-16
4.110472043558556e-21
1.4791960524259654e-23
3.393834581680877e-22
1.9766122327006922e-18
1.1204142204257655e-10
5.650937150935394e-20
4.274212271422812e-06
7.874498043571764e-11
7.075101231732409e-35
4.120982273388329e-06
3.713432356962011e-07
2.025435593750384e-12
7.846143854446949e-08
3.7261037838329472e-31
4.673058062177375e-08
9.967216499149083e-15
4.793204053704382e-12
1.327565174893047e-07
6.510304531826168e-19
6.935469200217318e-20
8.71186582548816e-09
1.4211963629410489e-21
1.2584231028245473e-22
3.2266070465537573e-19
2.0107288281008963e-17
5.521793614795603e-13
1.5024846832443553e-10
6.308828464609177e-33
9.09008725017543e-17
5.07588436433219e-23
6.784256535781805e-31
3.7349750202177628e-34
4.330995433453952e-07
1.69297182254684e-13
2.750772064760164e-06
5.553042492198866e-16
3.912458781254327e-16
1.3666028836208747e-22
2.5838066723165184e-26
8.353868720836333e-09
3.912111488723671e-27
9.64449852123946e-19
2.3408507973475028e-09
4.01887020614967e-10
1.655647412201648e-36
1.4879386920295229e-18
3.366127609175592e-16
5.446854373700801e-22
5.917928890582337e-15
1.985532069417549e-19
1.1551528622222853e-10
4.081024326854389e-15
6.531528553135201e-19
1.431397773879554e-10
4.360159007108165e-33
4.644549036259075e-15
6.264140999339209e-13
1.1773113977997252e-20
3.632681027485507e-15
1.353965947882179e-25
7.581249259686249e-17
4.334025372820624e-21
8.906598279794745e-17
1.0626254396270767e-07
6.098890741994151e-13
9.476378162687003e-18
4.8401104897607045e-33
8.735037326863535e-34
9.892069471506231e-13
8.157772404490572e-41
2.683368459808683e-25
5.889824720156528e-55
2.539778593791657e-25
4.325652324229081e-21
1.3091285437346298e-60
1.877541840443239e-09
7.26235407381947e-23
1.1261190931302503e-38
4.79918252993895e-12
3.9555784393520176e-15
1.4053524867253229e-37
5.143611329349677e-10
4.119912327124916e-15
1.365249609011426e-12
4.406470931090573e-20
4.564049536404986e-25
5.575919489117651e-07
2.253556795233271e-10
7.604483935826075e-23
4.306890363347925e-10
4.516514936496207e-25
2.3444857759240582e-27
2.147865960994964e-06
1.0416857347165867e-43
2.9449033004880654e-19
6.840486499672174e-38
9.04563783262679e-22
1.181314457818538e-21
9.571807008303302e-22
4.070848653440135e-32
1.9951978081553673e-10
3.994107598368763e-12
7.540500808010686e-25
3.122800833643533e-20
1.1456375517308837e-17
5.384789228783797e-24
1.4440865057466651e-15
4.141021346735401e-21
6.439434949528148e-22
1.8793853537873837e-06
5.156967846649894e-27
2.3840146747025216e-09
2.3273263802727299e-07
2.127552148851996e-18
7.396685511789564e-52
1.880014616955596e-16
1.4590920586657775e-07
4.5187738376523107e-23
6.044788968020273e-14
3.9836127451160086e-19
2.2800916110461424e-13
1.8349545159580826e-19
6.178012855656558e-11
3.164836590693742e-09
4.150030715564316e-09
3.23981233586366e-11
1.7667314699762826e-08
9.32969939816868e-26
6.002027254888585e-19
4.6721121456881423e-35
5.515659308092403e-27
5.071093543512929e-40
1.0084291046570019e-12
1.4020338651574328e-10
1.967650285918755e-21
1.4354174218115765e-24
2.0058847143804712e-10
1.2871052842310178e-33
1.2691527858625101e-13
2.351089997621717e-17
9.219368585818542e-25
6.661289707503179e-20
1.1283269020744687e-20
7.170647225958664e-13
4.81700462104692e-25
7.048917808851644e-44
8.221715988731217e-13
3.1649905553455567e-09
5.766470324413843e-35
2.2507619757057614e-26
1.1532360460772695e-20
1.7858856098543363e-30
8.135596172978626e-10
1.3825551570559253e-10
9.437800706069558e-07
3.36402831783106e-20
1.720015222623839e-19
2.0325466007166317e-13
3.487294910139728e-11
4.943171586870443e-31
1.4241245540079483e-29
3.0833837717755045e-07
1.5333816686283643e-12
6.318448479866993e-12
2.1834199318644224e-18
4.1518428342390094e-20
5.912346047989222e-26
5.364141034072196e-25
2.7492419622055458e-33
4.3135701820340455e-11
9.43433076644305e-15
2.851972860981505e-17
7.019291943653331e-12
4.738936126113443e-24
6.204462101570812e-29
5.856506335110359e-21
1.451750760786345e-17
1.8260667168608946e-22
8.023638048078153e-20
1.4965559917862107e-18
1.4813347422955608e-49
3.0515795711795633e-12
4.1990296995175623e-22
1.581527596392043e-11
2.689995397029924e-12
2.2173133550235077e-12
2.828902390284719e-13
0.00018173005663528065
5.2188713049324734e-12
2.4975942152459692e-14
4.239254202395792e-10
3.3852631016775983e-15
2.450451884142376e-25
5.025252832201141e-13
4.647018472076435e-25
4.7031111601253243e-11
6.976321141271891e-32
1.6113565012441187e-11
1.6083371912077265e-21
3.3399520890317475e-13
1.28513486839731e-16
4.19954629777767e-10
3.679283696978871e-40
8.494370848007383e-33
4.5721678046023395e-30
6.143560402412675e-26
2.139265643690556e-07
6.635151268181826e-13
1.1856051535281648e-30
6.5632005777802776e-24
1.896188043558113e-16
2.657309844696471e-22
3.869323866574714e-41
6.036400088751725e-24
3.0084291499950146e-26
9.44269481559192e-52
2.882800043235061e-23
3.4715980426426755e-06
2.20548288133766e-18
3.468724102092727e-07
1.4898077510338375e-11
2.29985077138416e-10
1.0763971882405212e-29
2.4196627884683344e-22
4.760408898125953e-17
4.255318695597637e-09
1.6042596639375585e-23
1.4423016092855512e-07
5.2891932990824974e-20
1.2572515519162595e-18
1.856322713119078e-19
2.0238475537168874e-17
4.7433012509537e-19
3.3945739247727707e-13
5.657959894355414e-06
2.654756119462567e-11
7.041586947098966e-41
5.03744868883058e-27
3.531717220116156e-32
6.798343523754831e-25
3.182533761736524e-27
1.7484080005158648e-13
8.480828759067425e-08
7.057471761326471e-35
1.547315676346913e-25
2.0801570373975752e-24
1.0137924482630487e-39
2.6451557904960823e-13
4.947896874734965e-28
6.011202208881666e-26
3.8983330935537685e-08
3.131613689859879e-30
2.6395011539920375e-12
5.20585919204924e-09
1.8487030680159287e-38
7.703750603759054e-33
1.5208487812502551e-05
1.0249045995929378e-41
2.408362878850652e-18
1.2681254841445922e-09
3.443842764086261e-15
1.4117719350239603e-16
1.705298635120368e-14
4.9044969153103445e-26
9.998719518655346e-10
3.2078077189497195e-19
8.298785823361207e-11
2.941257009429289e-18
5.368313290133679e-10
1.0123541997290093e-08
4.9357636984668245e-19
6.858722618343164e-11
2.6753969690832683e-22
1.6981181106580377e-14
4.255870226716807e-40
1.0213339435583018e-24
5.140014988038054e-19
6.499045650241026e-23
2.4635440545435053e-24
1.2874600026867532e-22
1.162198721215872e-15
2.9722817685944694e-19
3.705025010252411e-39
6.341999352134901e-21
7.822136885391706e-25
5.610668459543762e-17
1.3863104199846088e-26
1.3099324415488323e-19
5.953087215660867e-17
2.5772007121265852e-08
3.492561189523313e-20
4.4180381891405775e-29
9.663967207873829e-24
3.096464416198322e-26
2.3514690686834677e-21
1.7518391378911104e-14
5.316366464415475e-12
7.1219135874946e-18
1.6308598949677754e-14
3.1953136086696044e-10
1.6597158753701155e-23
2.868805854134508e-07
1.0768393643432049e-11
7.808521466448226e-18
2.320556813030391e-24
2.268403983580449e-35
3.326136894243494e-15
2.4844093545356053e-09
1.3499639410458465e-16
1.503539878253812e-08
7.107582919150843e-30
5.906353681249747e-08
9.142294478727738e-10
1.3143478743047086e-11
1.0557132386083538e-23
1.131653973988576e-08
3.155085778416088e-33
1.2727421092720727e-31
7.979895561086579e-10
3.125443798167364e-27
1.1092489236667778e-20
1.5365321039208503e-33
3.581834968735986e-07
1.0063966269689379e-22
2.6970887949601516e-16
4.257086550565033e-21
7.715100489090779e-28
5.879185816680546e-25
1.1053621464450729e-22
2.667821975583019e-28
1.47299272824124e-26
2.430261264441033e-21
1.872886871816516e-09
3.685343683646384e-24
3.287132154795625e-12
2.9042759258614797e-22
4.0076681925973914e-26
7.896101385623372e-17
3.5984667572462854e-27
7.949585900948427e-16
1.4088941829948039e-12
5.0840106675342474e-21
1.6190803139430814e-16
1.1829173498581092e-20
7.894794072012655e-15
6.606095509751484e-35
3.2907138191041684e-20
3.226907752874395e-14
2.512906055622756e-10
2.802250873901993e-14
4.2519387813420974e-14
5.74285199290424e-53
1.7841188956056117e-08
2.770155341293958e-29
4.9479122743018015e-17
5.787768117882127e-23
1.6493611175132122e-09
6.278123187724571e-40
2.297534315538417e-32
1.0796597570058791e-19
1.9273375427012183e-12
6.081659164959266e-17
6.912753902065253e-12
3.304402041925299e-17
2.1038799462757278e-17
1.502132131341831e-11
3.769612690277461e-07
3.7365368841554764e-06
8.256494892453992e-18
6.325617125161565e-26
2.699899085028401e-14
2.1451894090568377e-29
2.8000669351389942e-49
3.142573782482447e-05
1.8024400716483648e-14
3.043590067487994e-21
1.1285555638183538e-16
2.8258281256609827e-21
1.2104382062992435e-19
2.31432785330575e-24
1.6909795639183867e-17
9.094150760466258e-40
1.1091490478442744e-19
1.7758966101258934e-31
3.894041709905013e-26
8.000556080965518e-33
1.7756589965519908e-09
9.100388531782597e-16
1.8039415385594357e-07
4.533280072189562e-17
1.7604745310786217e-22
7.23921206010725e-29
1.4059210781659767e-13
2.2805774504487823e-23
6.548243888885717e-24
1.979247558467277e-13
5.980683585423885e-12
1.0582208663809489e-11
2.5082828955954213e-09
1.288314901507592e-19
1.0347852782773996e-23
2.2490123098514936e-29
2.584175735951883e-13
1.3871957186917956e-18
3.0254643348181625e-23
3.208056296200636e-11
7.159116787665741e-20
8.015300452222288e-31
3.1863870248198946e-35
6.634755170050198e-29
9.090897959329907e-26
5.686556844163607e-40
6.3929510830213314e-27
2.4034319681291777e-13
1.6047511246390402e-26
1.0001701290602658e-33
7.332486532327832e-26
1.7203026692336757e-15
1.4184582904316676e-23
1.4345427857586204e-11
1.5300809435545547e-09
6.504679585217126e-07
2.710002429811557e-19
3.970132820874526e-20
2.0476276670285202e-06
9.577161889825943e-06
1.5421887086581206e-06
3.669875428854797e-30
3.809481321416356e-36
1.0154962088499481e-25
3.0141950655568116e-24
1.5544635252097144e-24
7.632808173116904e-23
1.6110627422752552e-15
2.0676488434494344e-08
2.2249867619572808e-13
9.407577975311974e-31
7.241177369680763e-29
2.970524667227933e-21
4.22648118744534e-24
4.282738609151145e-19
6.117187267085742e-10
4.3242987583679946e-08
2.906732135493358e-11
5.3853752394596476e-27
2.951737495068349e-12
2.583402800397121e-22
1.282009188889178e-18
4.773452457039204e-10
1.011577433080657e-09
3.9398309209591296e-26
3.892333133350163e-22
2.6778754574821824e-20
3.19333957599921e-20
3.538106312461564e-22
3.684848191393842e-21
7.34743778515983e-22
2.347957022041415e-16
3.796951957939973e-19
4.433097240505419e-15
7.0265405327678075e-15
1.251672450018992e-15
5.233243405465556e-27
3.363202456331336e-15
3.318508479378507e-14
3.6470045818210496e-11
3.908973789710537e-11
6.78546932317809e-26
7.827177235773437e-16
1.6947780323963703e-30
5.656653202737865e-21
2.960953654918263e-09
1.0303922363008122e-25
1.7180591392603394e-29
4.236721059753924e-27
5.715473223208488e-06
7.300210173998931e-15
8.334554271935387e-11
5.522979891366957e-12
2.9015865954222638e-18
7.161704749680553e-16
4.563544133835485e-27
2.524784247229967e-09
4.3080857164034344e-07
1.5871556880255722e-08
5.9300905127156284e-15
2.8328775764982544e-22
1.4933446047539288e-10
7.677826991474212e-17
2.991685223435649e-22
3.0533970417718287e-18
3.348860696678434e-22
2.186788609315568e-17
1.206786053718034e-38
9.346857636255395e-25
2.903189755084894e-17
