1.280666699746155e-13
4.328748870232299e-16
4.868374378137419e-21
1.8297367790741632e-11
2.489085165066852e-28
5.922995679315929e-10
2.0260255162462556e-17
5.1551257595237157e-23
8.610027188172572e-22
2.1190535544133232e-11
5.144974742310364e-11
2.9723827570339263e-17
1.7669227254404085e-19
7.424989074265298e-15
8.566208416903948e-11
7.911478382002438e-19
2.284720738269283e-14
9.162549153331955e-16
1.0721905589437648e-29
2.143994409761894e-22
1.0273401475082024e-10
1.5600938780582178e-17
9.233731491457015e-13
5.178267410266746e-08
9.054812265453831e-30
2.342770971290557e-18
2.5849090835680507e-28
2.7402881602896236e-10
2.4794121956542606e-14
7.163272300335132e-18
8.536285851197929e-29
2.504614449394353e-19
4.1108975495241065e-23
6.518267872237929e-13
5.3452920448257064e-14
1.6754962732044722e-09
8.904345229108525e-18
5.716352184669584e-10
3.584408338761402e-14
3.061493260595669e-44
1.5564973788360366e-16
4.293314991437465e-12
9.83390998765228e-17
4.0717734460828856e-18
7.599723009399916e-11
2.8051975270327e-23
1.1057886314435637e-13
1.1787777742943304e-14
1.4145400056225685e-28
1.366179449256492e-14
4.553994029198034e-11
4.026846495847725e-15
1.1876310211375418e-11
6.527827151272012e-13
4.20447539993063e-19
2.3082838149922995e-18
1.187973151656464e-12
6.766666584639793e-20
1.0202024838431752e-13
2.3787712177326976e-13
1.3526979870736932e-22
7.902030323755554e-16
2.990721222527889e-13
5.033506547275448e-15
4.3332496776158225e-19
1.5469460183031984e-11
6.314567384721964e-17
8.464283907286079e-28
1.475526141965913e-18
1.1041438186942506e-29
8.728230431078103e-11
1.1006708406998028e-13
8.638834951890157e-16
6.533466136624194e-11
4.0581574973513186e-25
7.719445823476404e-14
1.8111527939252214e-11
4.526805702014631e-21
1.2087795541268629e-23
1.7624207744323616e-10
2.3408120200472283e-08
3.013857776199639e-36
6.501060024096737e-13
5.733161995984587e-16
3.682215980389955e-05
1.6742977878344354e-07
6.983148371998216e-11
1.9716663760137944e-09
5.61267486165751e-22
1.5469944177357212e-16
5.11417590102359e-14
2.3385812277437132e-33
7.995120469415014e-06
3.0149915560686172e-31
7.965577096718204e-06
1.4658932607453486e-21
2.9387392275134923e-22
3.0072790926550727e-05
4.516387007406165e-17
1.4506387948985526e-16
8.849386262956021e-10
9.838437491651787e-15
3.5206734762722274e-12
1.612369639982239e-05
6.723851161779107e-19
2.985982797457828e-17
6.433666210194483e-15
7.186049577987949e-16
2.815723777298489e-15
3.818711380521186e-16
1.2354959407536296e-19
5.116739436880127e-11
2.055289985960847e-14
6.788638508184019e-30
5.11152880699699e-14
5.372132759994574e-11
1.9058581417951438e-06
1.0931079764515146e-09
4.493926668781885e-12
1.336601162937004e-15
3.822460068668193e-18
4.320224558083295e-22
1.7222293011663497e-14
7.52876465754232e-13
4.5410188262938644e-15
1.9895457483791183e-12
1.4609032559051445e-15
2.1019401725395552e-11
1.3632030734646265e-24
1.5524572583644594e-14
4.879314268817114e-14
1.5838000425657227e-18
2.636672639533805e-15
1.8483073866144288e-20
9.38825819187069e-18
5.323638158344316e-12
1.079521277256179e-15
2.912274665896358e-21
1.1704038217948808e-11
2.585515247418561e-08
2.9253045314150565e-18
1.1389890140070382e-13
3.301304939448942e-18
3.481405872546579e-09
1.920923158146109e-14
1.4360955618342145e-24
2.752004018694974e-14
4.563532790647074e-22
2.4510703705253423e-14
3.478986088326583e-33
2.3411666478810266e-08
1.0997698056356933e-12
4.9422811798462705e-31
1.5813957370496303e-12
5.033619811005682e-19
1.5953993959043205e-15
3.3928857435258376e-17
5.1381560659765744e-18
3.154657266087991e-11
9.447316319698687e-10
1.6859437027849174e-29
9.601166929141737e-20
5.947744154230806e-18
1.5748070286454199e-09
1.3621027013196462e-17
4.245314169388677e-17
5.684492396534142e-11
2.166355517793527e-09
6.544633675516729e-26
1.2318721615146864e-13
6.1951378829488035e-19
9.262367763696442e-15
2.1904290391934192e-17
9.403599942070391e-27
4.9994016823204616e-15
1.1315392544151204e-13
1.623422215507543e-23
1.8278618826504055e-19
2.0946477192934593e-07
4.568132468389331e-11
6.001920151652228e-22
1.6692333641188906e-19
2.7531368891138232e-28
2.2978892451628354e-16
3.4108119181322106e-10
9.616274626063761e-12
1.7773947924901011e-16
4.453409273244991e-20
3.263068298378942e-16
4.954688368371824e-16
2.2956421946410847e-12
5.56801671280714e-14
1.7507039993110324e-09
4.047805052660552e-13
1.801258072999563e-14
2.1048930810994126e-18
3.169594278439459e-13
1.829403974690521e-18
1.78915191035501e-17
2.1094311780117774e-17
8.196096408603677e-13
1.5815648121481793e-10
2.3939054027240232e-14
3.777461023388226e-15
1.8730659565304563e-10
5.203364732794095e-14
1.638892284858226e-33
5.239898344981713e-16
1.3293589402559997e-20
3.629728980006355e-16
9.864171349361047e-16
1.2332719329025507e-19
2.7865967068777495e-13
4.713306202511863e-16
1.2754110342187036e-11
1.486007585085981e-20
1.8427457162348577e-26
2.6258081070952464e-16
9.705216813763904e-10
1.2846050437577745e-12
4.375923996734491e-16
7.990209889526578e-12
6.931635707613123e-20
1.6643499108944754e-11
1.912825415486009e-11
8.436143791913755e-13
3.090655689917417e-19
8.42920204805704e-27
6.0143620699669126e-15
2.6881773037257893e-20
8.498597602428579e-10
2.878876575275926e-14
2.6529878321855318e-15
1.7089089054235556e-08
1.060431568269944e-17
1.1194478225721508e-13
3.067991830338904e-13
4.312637805106892e-21
3.50867977024269e-24
1.7977835644664628e-22
3.8366072311255647e-13
5.740077554022529e-43
1.3841793614161536e-11
7.501015093197876e-15
4.062132281327071e-15
5.225348709536486e-15
5.120580185173021e-13
1.4188990422825835e-24
2.504477700293231e-18
1.5559899770233002e-29
7.932251823921526e-19
1.448874340538411e-07
6.486008321215436e-23
5.722155983097537e-17
4.347009252937802e-11
4.155177568237889e-12
1.1872626567770207e-17
2.321198877318258e-33
1.7019043422943387e-20
6.220938306479019e-16
7.578221366589468e-10
8.49547774759216e-15
2.63959562826974e-20
9.409252285014616e-14
1.651826581702492e-10
1.4312473204954956e-07
4.771130822959288e-06
6.46127937061239e-07
2.800607768010582e-19
6.276742080668531e-25
1.9041266099555885e-11
6.234794342794371e-16
1.3326383802932948e-16
7.42795906375717e-21
2.164094250654311e-16
1.1405862582583791e-14
0.00012952906643896186
5.124648977308302e-19
3.6435913949056525e-12
1.4128330566723791e-21
2.9373752337769706e-17
1.8271354721684944e-17
1.555048507409633e-18
1.2256288994026372e-16
7.172757673576815e-25
1.972546755222654e-12
5.689692455236037e-09
1.4745636221694172e-19
5.906762164550961e-13
1.056699128442886e-18
6.37238111899886e-13
5.495974800065877e-07
2.3292261185111015e-20
3.419533341093192e-06
2.86023998760501e-14
5.624885969697118e-09
4.617997348289809e-14
3.882665367485496e-10
1.5634240073181762e-17
5.1359856383843064e-15
1.0380681250782246e-10
2.7709638534920946e-14
3.741928541489699e-15
6.71794860123597e-10
3.1831098285830715e-15
1.3864536134373656e-16
5.886645608974035e-30
1.083593108258156e-20
4.128440273060095e-14
2.543475396784933e-21
8.177572631951309e-12
4.815081117434547e-16
6.015455764680526e-12
4.5514299347616823e-14
5.089585945894085e-18
1.0084202964655283e-16
5.60268104626203e-10
3.9834589255106423e-20
5.071982423129712e-24
3.593242493938378e-15
9.132913116639938e-12
6.587783983931839e-14
4.568037409264112e-15
1.730230607839528e-14
4.507694744683265e-13
2.463326773752328e-16
8.326985780820636e-16
2.9437078348623395e-20
1.475182782036311e-14
8.293996274044631e-14
1.870420383372735e-24
1.5020540895114851e-12
1.0732920581468098e-27
1.2394238643628913e-18
7.511523492328335e-15
6.120196234227697e-15
4.271827355926324e-26
2.647837047639651e-23
8.104056820749009e-39
5.3564110064135956e-14
3.330626197771135e-16
1.880375429506439e-31
1.8417266580231908e-14
1.8125947502184873e-09
2.7701974072659446e-12
6.788025315013887e-07
3.904689311334318e-19
1.2208037176660207e-15
5.2139709971098315e-14
3.8455811156670715e-12
3.633500142762996e-25
4.9351309728982556e-18
5.5633456836896e-10
7.534176536075233e-11
4.063406687257481e-10
1.7989438410852976e-15
3.715372150632867e-11
5.092658291113734e-14
4.0468076104489395e-17
4.050737165189973e-18
1.3937909485223925e-24
1.2344881393705205e-13
4.603385643362395e-18
8.667543143142523e-25
7.807137108080935e-16
1.4941151620584146e-20
8.777317248781947e-15
1.8411473094098084e-14
2.8653535994640074e-24
3.101219649678576e-06
6.768095615805814e-13
1.4961475283322772e-15
1.0144569583347315e-18
1.9001667588684794e-16
8.184645096731507e-14
4.29867148814108e-14
1.5803898367883083e-13
2.4476421488160393e-22
1.511299641500368e-14
3.35776913578627e-19
1.7702576770873132e-29
1.3274077233618146e-14
5.325724267942675e-09
7.661363415916864e-13
5.176144810924272e-22
1.7815764873423587e-13
8.949284401472064e-21
4.9768032583024735e-17
6.102369194928784e-13
3.0361098573829167e-10
4.6691607635268776e-12
1.012566073394205e-13
0.0005969753014068019
2.5056946137845105e-22
7.552523283473141e-13
1.4697166564866932e-06
1.2173352319343236e-28
4.346309628349446e-35
4.357581446942172e-25
7.9461228706469e-16
1.376582258520973e-19
1.9004430651821222e-24
2.864770969671191e-15
7.197893929434853e-17
1.6563108781726128e-14
3.397152310731898e-21
2.060719153636309e-22
2.026349465047352e-29
1.5155543245158393e-16
4.412583295921522e-15
2.0264123017272325e-21
1.6573107093542321e-15
1.277039810149034e-13
3.141272575926685e-18
7.49574986240631e-16
4.553805623275813e-17
1.1011266964104339e-30
1.0943451877260893e-21
1.2756713638916244e-13
1.1653346623460572e-18
3.015784301225775e-22
5.656784871803664e-18
1.417632976697135e-13
2.6887649221286103e-22
4.227820084885433e-09
1.212178588851266e-14
1.9799120448945798e-33
1.479908665730569e-22
4.330648241008201e-15
2.3530116571540618e-12
3.4397998428862535e-12
1.5698205371145698e-16
1.6696292210910937e-14
6.961607248485315e-06
4.667316204506424e-10
4.963619461820962e-19
1.3080449495795214e-14
1.063180307847707e-18
9.399125148636015e-10
1.313722812171259e-24
2.7353477324680623e-08
8.024776492805137e-14
9.562030169589175e-10
3.96195657022754e-13
7.030958042680432e-21
2.322235467066849e-17
3.666399813705289e-14
1.1489889314586409e-11
2.671667464069051e-21
7.437905762977135e-22
2.5673478701023185e-17
5.46103811834991e-17
4.605384703007149e-12
2.3658155268044113e-11
9.37699801103528e-13
2.6312150033671372e-08
4.94953856374025e-16
5.425305024954761e-13
5.457344336668107e-20
3.6810879973110706e-14
1.7806436628664189e-12
2.7088703340886143e-08
3.429096944873014e-16
8.386987125450979e-11
4.450693495029258e-10
8.026198199975608e-16
7.53544982138315e-10
8.587854560979575e-16
5.375197000422339e-09
2.9899728069836237e-29
9.620976342842121e-15
9.37946500800731e-08
1.1784927784101218e-20
8.634581079606934e-16
3.5458828890051756e-18
2.5010601279609588e-14
3.745328295595048e-32
1.949998671592858e-12
2.6332376735512593e-17
2.071858117026828e-12
3.958928713786323e-14
5.600856200408963e-18
1.4575770244847113e-07
7.667020195363362e-18
5.4945270361054784e-12
3.190173423774875e-14
2.8239345927012117e-22
1.6050893901805345e-11
7.26997262572727e-15
2.4654658465848813e-06
1.868768877134861e-17
6.493566684822246e-18
1.2372235366696224e-10
4.3286814037031804e-16
2.5136735118591484e-12
3.122775385899294e-15
1.3479219448722302e-10
3.656244221981453e-25
7.477631152876925e-19
2.878796952321756e-20
6.611217732866777e-16
8.68135160009163e-20
3.7056676499841084e-12
1.2543594525444258e-14
5.269295571998216e-15
2.4426600011172062e-24
2.6275088749396946e-14
4.3152543917516565e-14
6.292513407748002e-09
1.3553984821223826e-25
1.6133626435175544e-23
9.351042315885508e-14
2.732630005043049e-06
5.977925399412675e-22
2.2057587176427892e-20
6.363735576016234e-13
1.570222136303508e-17
3.6559822961935725e-17
1.96118169717566e-05
2.92243644053918e-22
5.366286974972426e-07
5.856564595759888e-45
1.0471138716092651e-17
8.033708351874222e-16
7.609867787402933e-08
6.782841701046382e-14
1.1562863009389403e-12
2.330515055009945e-19
7.350860203476636e-15
8.096743049694684e-20
1.8178064203036972e-10
4.432933601368002e-12
2.7432836739937624e-41
4.490158561162378e-26
1.1628842561807333e-13
5.781976612669005e-16
1.285159857538354e-16
2.0718071140787766e-20
2.189936160223662e-15
1.4257002320589405e-23
1.6019181047062296e-28
5.328598095567376e-19
7.248747814113895e-21
1.0129747557567903e-21
1.9831659994666355e-15
3.548105035965015e-11
3.4838724058576904e-31
4.576036456886918e-15
3.9145830160527446e-12
4.260551892716387e-15
3.51337637146563e-23
6.086602106448907e-20
1.0399376580660815e-12
3.582587096965773e-15
2.1717853603157216e-13
9.089995110343766e-32
2.05035490275751e-16
2.7623019431449344e-11
4.838639174278932e-18
2.976274379025673e-12
4.408317412792548e-15
2.3790429883606236e-34
9.3303068603825e-16
3.0086723849470663e-24
1.3231278744148266e-25
6.401972285086604e-26
2.677436622635024e-12
2.670844298372208e-08
1.5740959722140347e-21
1.642839466060936e-14
1.2218871812635839e-28
8.659801733397176e-09
9.279167396824814e-15
5.4820525672515375e-19
2.023721679585682e-08
6.196350811541185e-17
6.023214621249278e-19
6.126701606304722e-25
1.2973642392990329e-08
1.7122930683229698e-13
2.711250975340396e-18
9.072480111599519e-07
2.6953052506489973e-19
6.626273701189001e-21
1.629706473364185e-17
4.665072877113892e-18
5.557512848016232e-19
2.461135070819288e-13
9.016845009149147e-17
2.757128028561936e-13
2.944313907681541e-18
7.315046769337882e-15
1.596186857298069e-19
1.294312353809841e-13
2.1981024034521433e-21
1.2546196415618843e-17
4.381145065168753e-14
2.3417391336368158e-20
5.6147396497794e-12
2.9329586086236536e-13
1.2924924941120804e-15
5.599357940217265e-19
1.5513627247882145e-14
5.927262333743232e-19
5.258186206531657e-13
7.31606959235906e-11
7.072077502491728e-14
1.959684062242114e-15
2.4244721486197827e-16
3.26666113745588e-13
3.3295075373340244e-16
7.623977105155384e-19
3.6536653381930237e-10
4.954392817880038e-20
9.123535541914574e-17
1.671205102114817e-17
1.0052878230416812e-16
2.6466978214521406e-09
3.2816473501061054e-19
1.972751118465013e-15
1.6893743606065745e-19
4.100360200244976e-28
3.052980755207427e-16
4.288625744282962e-33
7.374568998541676e-32
4.720624931149805e-24
3.5224969939935614e-16
3.7783114322400323e-23
6.453161906444368e-13
2.582814640696246e-25
1.6630018978490466e-20
2.0780701334324028e-19
7.308866787795565e-16
1.944130849847081e-16
5.099509292864309e-11
1.961591436070639e-15
1.0319478052012506e-16
5.2385133019912785e-11
4.823187069159191e-17
4.708871454864702e-16
1.425761075402802e-14
3.413013187663504e-14
2.144874405270603e-13
4.929993966996449e-09
1.3360138742121563e-19
2.4250528352308607e-19
1.3736374000023038e-11
9.81459341916983e-27
1.5852574744433734e-17
1.5250705395303523e-18
9.003143975564101e-18
5.172886125381326e-13
3.320452241584569e-09
7.052327892028941e-15
2.731498139609724e-06
1.2463654651458683e-15
1.761712363114589e-10
8.177389861688477e-25
2.8959580029730676e-16
1.79410118021624e-11
3.386479167840014e-17
8.291048743387069e-23
2.6493575712360045e-14
7.526102332762029e-35
3.7914806133511755e-19
9.60180957301824e-15
2.7832738131255987e-20
3.7315450692709455e-18
1.5268353517079357e-13
1.8777027937939952e-22
3.382110196560681e-10
4.776885323686187e-20
2.4699467611279056e-11
1.3710419396885496e-14
1.3861605650864214e-13
1.2454911298702718e-23
4.830414208411187e-10
2.07616779444352e-17
1.6646114161621227e-15
2.386193309948242e-15
2.5910825919363185e-38
1.528313995299588e-13
9.201737289865656e-16
4.344550673193538e-10
1.0879266620409247e-12
1.6243552055035996e-12
1.6644642306832644e-19
2.6723614811220747e-13
7.754374486031852e-20
9.388794314866769e-21
6.006937282361257e-21
9.265179840004097e-13
2.1296011155973142e-05
2.3653043270565545e-17
4.94514563355169e-17
3.17417283384472e-12
1.2331220901543888e-14
2.2474643468850457e-13
5.252857906847546e-20
3.3656215289023876e-06
1.4488610280151957e-17
1.759231095473854e-11
5.517810947560109e-06
1.6850045961659835e-15
6.821903554147027e-25
5.487675256120605e-19
4.110236310250719e-11
2.418316907614831e-15
1.1190869883023306e-12
8.468828397298517e-13
4.523720721668184e-15
1.0898682986913289e-12
6.827974544145158e-19
3.319240751188069e-05
9.235119959529676e-09
3.5772653811791195e-47
5.527621115299058e-18
4.313268693975425e-19
2.9245981525726286e-11
1.1671362835853873e-10
3.2301209784228004e-19
8.08457514367428e-21
4.622970910617971e-14
1.0378355545999883e-12
1.261432697375944e-21
3.1010611872591544e-13
6.119327784901179e-13
7.178156812821486e-27
6.508508666715445e-16
5.356999614080442e-10
3.001287144483865e-16
1.248148501985689e-19
2.2012010907392964e-12
8.372078089090202e-15
3.0523245392225097e-16
2.0059453284545663e-20
7.733801876210423e-27
1.7855655993382189e-10
6.661144882049149e-13
5.399376087335483e-13
1.5433311073858044e-18
8.715013147000379e-14
4.985666842038955e-06
6.526297571911749e-14
1.5720747678916923e-23
2.1543572596384994e-16
2.1301802828706922e-11
8.550510977250864e-15
2.2643087196574317e-16
2.558444468232848e-10
3.159196502664567e-34
3.0479362626262804e-16
9.283432096282947e-16
5.665109901802848e-18
1.5050431551144642e-16
6.022653492209713e-34
1.506107001153637e-12
5.174738116087144e-10
1.095458362454042e-17
2.6678055425732338e-15
4.823226755717787e-16
1.15609650486679e-41
4.4432364431077075e-13
9.880349329540163e-19
2.089978108864135e-27
9.287773516393142e-18
1.0506147795243027e-13
7.520354917893997e-17
1.6568604623640472e-34
1.3549010421580681e-14
3.3453215072870527e-16
7.834319408487375e-11
9.322634760667145e-18
5.173242543735541e-09
9.401973619510443e-17
4.9170873984529815e-15
2.7741809720108865e-14
4.707037421088077e-12
7.995431167384252e-16
3.4991461965320004e-11
1.137511674131621e-33
5.362362698358016e-18
1.54494203283551e-06
2.340479633459703e-20
1.6832050633829883e-13
2.5092168225919273e-13
1.2475407765164361e-14
4.739127540100841e-13
1.1842702643861776e-21
1.8511175288383467e-12
7.486234179063255e-24
4.216643544758815e-18
2.901210241855877e-14
1.7667398070307148e-15
1.7025064566291368e-17
1.2948984794533232e-18
2.0835322367524293e-22
2.1987664489313646e-20
3.0620145943238545e-23
1.355881330430015e-20
2.357904241988791e-13
1.7050323437941066e-16
2.8211402119595046e-11
2.4687538585173565e-21
1.38946079710792e-09
2.5928204039206825e-27
1.095805219782448e-12
6.052410152398392e-11
5.870029140894656e-16
7.74873572111794e-49
6.158901915329721e-19
2.5220293449679513e-05
1.6689383023613803e-16
2.258067194752228e-19
2.3620017244846167e-11
1.3366600662060958e-12
5.9074829538189e-15
2.0156580677227246e-27
1.9216624451620402e-16
4.124415387333173e-34
5.772279235692163e-14
3.8596874552857194e-18
1.1220883500263913e-36
2.5635642718673742e-12
4.6885856821250794e-08
4.2094438331833374e-11
3.1836152398361166e-21
3.2310638161073503e-15
2.9230424246910313e-12
7.451731317364786e-17
3.980553329694378e-18
6.268040097071029e-14
7.297826860456303e-24
4.938637380466498e-15
5.333989185596512e-14
3.365482776445573e-24
1.73994574090184e-11
3.963375922405232e-17
1.246116066212517e-13
8.141700834512928e-12
6.869616502581717e-13
1.3532279362122626e-20
2.5924097426716646e-12
8.141700834512928e-12
6.410664680143338e-21
2.223747932007087e-12
5.144422476058009e-13
2.4940936512282876e-16
2.4546203203531185e-16
1.7958775548999145e-11
1.548268290245085e-17
8.762241968161854e-23
1.1740444426963173e-20
7.733013228520865e-17
2.3581558301608154e-17
2.3128530920354824e-16
1.316277708227532e-19
7.244190824938855e-20
5.130429315139212e-15
2.452322296891024e-18
1.4636559304067877e-18
2.3088328419880572e-15
5.5010654628176054e-14
3.691092724070019e-24
3.2636793898194354e-14
4.170199556253299e-14
1.8406783736542074e-13
9.495074170864719e-12
1.7612612333620687e-08
1.488978257852788e-16
6.59604426183505e-11
3.233722641672307e-14
8.1237013650185e-15
5.432788205252605e-13
1.238376960078998e-20
1.0574254752207886e-14
3.9587794219626955e-15
4.259669518480876e-11
7.293940756075385e-08
1.0168267579316067e-13
2.0346717550067664e-13
8.596104121775e-13
1.577386871046987e-12
4.856113619844813e-12
8.897159064301894e-16
4.5957206722806036e-18
2.327027726863725e-13
8.03795814092505e-10
1.3877479703381155e-14
2.37901878503636e-10
1.175031739192286e-23
1.9227684602769115e-13
5.894178429992517e-10
4.800145804381496e-12
1.645902896906555e-13
6.228897563060162e-27
1.0969463605039078e-23
1.8334764194862204e-20
1.3108610923613837e-18
1.292763329811796e-16
4.06562770549874e-12
9.759024401240537e-32
2.7752364670321183e-12
3.2130464393562526e-12
2.4118494568747075e-18
0.0023663365495109334
8.990375596407081e-17
8.058804328298995e-15
1.7409190647917963e-06
1.2007743345409432e-20
6.408734670537955e-14
1.6868213327575515e-15
3.426768105965831e-14
5.613867333188872e-13
2.585486383483168e-30
2.3740215454204646e-19
1.99330468195802e-15
9.776825978015212e-16
2.2828229615409677e-13
6.948205868180096e-15
5.739140183006951e-11
7.934648679546613e-14
5.173439149647575e-26
7.582670710875778e-14
9.450892401691975e-06
9.086367773254332e-08
2.3370299789082164e-10
4.427197170328096e-11
6.005209429813488e-13
1.1760668224728585e-19
5.313418930400007e-17
5.269242181093661e-15
3.878406315262601e-21
7.359075159186571e-11
3.720115941648757e-17
1.926409909893735e-11
8.022821314875178e-12
1.932748814633424e-19
9.723661477856313e-14
1.2380926952639447e-12
4.503736861818284e-16
2.451232395998062e-16
6.667907237731648e-19
1.6847201945877836e-13
2.7410154845592627e-18
3.1710506067940947e-12
7.155027837248113e-14
6.282796287686066e-11
4.484590824418135e-19
2.793731468696102e-18
1.2475522398257622e-15
5.129404425811558e-25
1.1097809528173433e-16
2.8887621866952493e-17
4.638748336201725e-22
3.0369827615946478e-15
1.1749924369994167e-26
3.306744764975503e-14
5.797635816085681e-14
2.0077433843429085e-16
8.493074985060989e-17
1.0272711498018645e-22
1.5004032726979938e-10
1.1731150258952542e-22
3.4896071959000345e-11
2.9959795653114476e-13
1.3723182111959637e-16
2.918209584864228e-19
2.3747905481837103e-18
2.8670166686503974e-16
9.589882995338644e-15
3.261951016503266e-25
1.600336194755377e-15
1.1863233600631134e-19
2.1688415398648095e-29
1.4526332453231296e-17
2.7507845918770503e-13
9.193076181443643e-14
1.6258668726734706e-18
7.73405307926587e-12
2.1174987702516506e-15
5.494065361013766e-16
2.350192291326538e-13
1.2514364648125718e-29
9.523791250060626e-14
4.431688678473416e-13
1.461281677888957e-27
1.1110917348593901e-12
6.281243370276435e-14
1.493411397500266e-15
9.292184048710908e-13
3.2384180942726204e-15
6.784926553705566e-16
9.826561124397253e-20
6.708387142397938e-19
1.7347374183109071e-15
3.2580323776650363e-11
3.872017740113025e-21
3.5602253326678773e-10
3.190060956247266e-19
3.245467626692053e-17
7.17845301441568e-14
9.877465586625091e-07
1.7947741838890862e-26
2.3176618523796462e-11
6.181246452164046e-11
3.0852233399078655e-09
8.515666447126884e-09
1.578448084060475e-15
1.4722322256518808e-15
8.688867831025682e-19
4.845291197245559e-25
6.645492911804785e-14
4.75790316461167e-19
9.850925127719455e-18
7.26190201659687e-18
5.115577749664846e-22
1.1556930772210727e-19
1.1882376520680066e-17
1.0625215102857448e-21
2.7258460085614055e-20
1.0868314720618684e-22
1.599365474651968e-22
2.7943352667601303e-16
4.328285202386345e-19
1.5265780945180038e-24
3.899206821678541e-12
1.1068766141426859e-17
9.933774734388675e-15
1.1151372965531686e-10
5.636346281944164e-07
1.3918168878070382e-09
1.6280944075665176e-14
5.205675366154636e-16
2.5530545765854494e-17
7.543724308101458e-15
1.2553615005983936e-17
5.061357076273162e-12
4.438752117008757e-15
6.115658739175235e-13
3.2979396440260146e-29
5.627110637617087e-11
7.544285380691198e-20
1.2636674915293405e-13
2.4145438024176604e-12
2.4137931121350634e-21
2.1071326282927113e-13
7.473539182187135e-24
5.902221099374581e-07
3.1068704815005374e-26
2.899699285963023e-14
1.4961758795005369e-30
1.7969104276662412e-16
9.371849634493555e-20
2.4613988159743662e-15
2.171326870303848e-28
3.164367986860962e-20
1.3307681683933327e-11
3.064339679859948e-20
4.390858592424957e-13
5.258080767542016e-13
2.5249017199576924e-14
7.276041462739631e-25
9.151251404673903e-16
1.3331359207696182e-41
4.458765498844002e-12
2.0644323693484136e-07
2.6132896141307426e-08
3.916613105100499e-14
1.2742662805682417e-14
8.328471356963746e-14
5.324319645238076e-14
3.2304269103163546e-19
2.211807652847631e-25
2.6688542725817746e-08
6.138554798587091e-09
3.817381126949741e-18
7.514455241107785e-15
6.231722091377998e-13
2.5614019485749762e-30
1.5012607613292866e-27
1.1571887290498445e-11
9.759592035297447e-12
2.1736349628363202e-13
4.39754093107171e-11
4.436916145600357e-18
1.3468380523356857e-12
1.5667491229409148e-22
2.6390621084630398e-18
6.611000040601744e-12
8.29926934898247e-33
1.0237865160303522e-12
4.543502774744912e-26
1.0684906293032663e-16
1.0268214207039285e-12
2.3396201298632537e-17
4.594614788754816e-12
4.5401971917490815e-21
1.8153493546903892e-17
3.94699287453715e-16
7.390499928913016e-26
2.216531355068501e-12
1.6602873859186566e-37
5.783210544108147e-20
7.104101790163694e-23
2.788670442641175e-17
1.0815392130573595e-39
4.1951038838704646e-13
1.95907896952338e-11
3.75397265265293e-12
2.3108285531234672e-19
3.020205620120301e-10
6.80493787949559e-14
1.8666657046554708e-20
3.884904179599405e-11
1.208611033360956e-12
1.1315791181175052e-17
8.493952099230925e-17
4.501709347295725e-15
2.4793168694247528e-23
3.0836621707867442e-24
1.834589683878041e-16
3.9016442504440964e-15
1.269642732038951e-13
1.3635710197115004e-17
1.3409769030462144e-18
2.2114920388740533e-15
4.991538472286085e-31
4.242777540775975e-23
2.381327050499166e-16
2.2068100858956345e-11
1.0286400508975802e-15
5.3102667042534025e-20
7.514023951765898e-07
1.0647665782206033e-25
1.3003425994414866e-14
4.488701050356254e-28
7.74381829314796e-33
5.577801590318816e-20
8.659675131832848e-25
8.472390603025009e-13
7.100427412431534e-11
2.7217883083985443e-16
1.2181699851738116e-12
1.9558418760991224e-12
1.9518600854334893e-08
1.3411701018177097e-11
8.378094142322846e-14
4.180927925094693e-12
2.0984171946409275e-15
9.641636791629283e-16
6.709710010906062e-19
4.784787390448823e-21
5.034754927541314e-13
6.40636166040808e-14
1.1220159067765128e-15
1.4533783877893077e-15
6.467623377714915e-10
1.2318721615146864e-13
9.062153428959648e-52
9.857250621458166e-11
2.1089144592171452e-18
8.170329099010711e-22
1.9792220066054307e-12
8.084642733961421e-14
5.758118722609221e-16
1.2310673422399816e-17
2.635255902182883e-31
6.130687048452897e-15
1.4686322143228084e-20
6.499515649955426e-19
3.3462471621134374e-22
1.6265318841537934e-28
2.0471602225889748e-14
1.4365410678321622e-28
6.120914810558312e-17
5.677777464659213e-17
9.41131296782627e-18
3.9344069141226494e-13
2.5208588228086567e-05
1.9044458358126604e-20
4.180303841657893e-11
5.587283862970363e-13
5.943512392761029e-19
1.1991148892463033e-13
5.529412012453863e-20
6.328445526763148e-16
1.0289439925233548e-10
7.445125973853294e-22
5.959047181304072e-14
2.824608874472562e-13
4.38758661638951e-22
1.7736568560843113e-08
5.054914781886867e-17
4.846116894979253e-12
9.987061427549677e-20
1.044717270025219e-11
2.1574535722055964e-12
8.965085981292567e-11
4.734629900257247e-16
1.95108012169517e-15
2.2181451443147523e-12
9.463774237901946e-15
1.0533120157526928e-17
9.463013457569433e-11
1.3651350612832051e-08
4.412128854944968e-17
8.229881235053103e-21
2.8724750554982295e-09
9.552739178825193e-19
1.222125435307174e-13
4.40298484301191e-20
2.7214310836636582e-24
1.1727952190203465e-16
2.1036444297874415e-09
1.2753099899162277e-13
1.6698180967386142e-30
2.835052615916209e-14
6.775451892982221e-15
2.1362778571965782e-52
1.4991252009123917e-19
3.5018261103033803e-23
2.7563349876177507e-12
1.0995883116122123e-09
2.6070610581386675e-24
3.7042188062659574e-13
1.6698836419718254e-15
3.825365558769701e-07
8.316066973240169e-17
1.2637624402247658e-09
3.5853143097178674e-21
1.0273189934604116e-11
4.5797446617948067e-10
5.1879159430888875e-12
3.5498412233511915e-15
1.0254850261611867e-29
2.3115746435298158e-23
1.0049974490660274e-29
2.9485379378964836e-14
9.017759384493393e-08
2.6870530785044705e-13
1.792745251694203e-14
1.0563125020482006e-13
6.871110269213854e-15
2.8734275993242703e-27
9.968914408545757e-20
2.374668979416299e-16
7.732281492620853e-20
5.393184955859361e-09
1.3296513995071357e-19
1.1793865310417968e-12
1.809697236371212e-14
2.376910948801785e-15
4.76060531049749e-19
1.0667142405224206e-17
6.676788465050225e-14
4.8728020431725547e-11
1.848930521577816e-15
2.8099426852331502e-18
6.691201034504217e-10
1.1380366114344854e-09
7.008824380270128e-11
2.023952711578636e-15
1.0257275353370448e-13
1.0610083267486282e-13
1.1227787711258527e-20
1.3865260880571166e-11
9.504113066662698e-16
1.5085743900183585e-13
3.4794833290286154e-17
1.7474130633906255e-11
5.0002939020115594e-17
1.8450915211607016e-26
9.149971265973153e-32
9.372915357309242e-16
5.123232159809581e-15
2.5865245471620075e-09
7.035879093208468e-12
1.9782047220327584e-05
1.7989503342927876e-17
4.5023041725055036e-23
7.299029245839975e-13
6.703999432597392e-17
5.084838229464239e-14
3.306315667910381e-33
2.3942105234641444e-18
1.0796761735116106e-20
1.842847925948709e-21
4.237229111879942e-19
1.1497330757293607e-17
3.6704480141420103e-17
5.301367580199211e-05
2.924993916603802e-17
1.5584969578609882e-25
1.7388984507787175e-13
8.703200649352602e-17
4.2847138999943244e-17
1.8863014725976442e-21
1.1840989245635395e-11
7.010468439801825e-48
5.737253329429954e-16
8.627790983303451e-13
3.6113651407859685e-19
4.607009499325592e-13
2.993040035209877e-10
5.127274496088855e-14
2.0900031074163424e-39
4.54543600620048e-10
1.035576946392653e-07
3.4406681312644353e-12
5.740053203840885e-17
4.0348954572812514e-22
1.367942487298538e-31
4.296116772402054e-20
6.299177089030108e-15
2.7919039497298437e-14
4.789320303458976e-19
2.632858127859919e-19
5.615248978543694e-17
4.9637724351904847e-17
3.8512613559244043e-11
4.425520698567587e-07
8.832232973308299e-15
7.173552799026476e-14
1.649080354619151e-13
8.993330974701924e-25
7.159173459342818e-12
5.691309846956443e-15
6.374899301542001e-21
1.5488748641594017e-17
1.3713307815044138e-15
2.221726604684407e-15
8.458664817376427e-16
5.530434079051671e-30
4.976579813185662e-23
4.5213177952974626e-42
3.8389688146773524e-22
4.4278999680679e-28
1.563693789255114e-05
1.334945620053823e-13
8.290068658243985e-23
1.7037114604402997e-11
1.1668442316990805e-10
4.126471050674211e-20
1.6600674066162983e-13
1.4846456345911377e-24
1.9363555415351913e-22
2.0746069882971737e-16
5.861035986612589e-15
9.469909915833073e-11
2.753588794391864e-15
8.892255696418584e-19
2.903010353968068e-14
6.10935560988038e-18
8.2557946211608e-13
7.255681397749535e-11
2.282985645729425e-16
2.5985045956753997e-15
3.7461207520291834e-13
2.8990715608057514e-20
6.691103147519936e-17
2.7094777150992585e-10
1.8448996466582457e-09
2.0215713687928435e-07
7.878429080891619e-16
6.065892770438484e-16
1.2449423087105876e-20
0.00014496260838360697
2.871193212663136e-20
1.800160157405278e-08
3.8986124133011367e-16
5.4627961115333e-57
1.9039517048284942e-22
1.0087897167945182e-16
9.63436357032977e-16
5.8451031079217095e-09
1.0713689086135355e-17
1.2539277073367467e-15
8.051406390625875e-19
5.721356950274217e-16
5.036140939475537e-15
1.6550058395233968e-06
7.766758080676514e-28
7.347359817848594e-22
2.006650756939098e-23
4.8230197099282484e-21
5.110882974767282e-09
4.283799764828273e-15
5.919367966447033e-19
4.82106141050385e-16
9.568971958125272e-14
3.6373893562232173e-14
4.9593087924697095e-12
9.092290612137253e-15
1.57902689729746e-14
4.545853402966486e-16
1.6125142509224987e-10
9.718068646892444e-19
1.5909836580564554e-18
1.4757407193217693e-28
4.980279098754819e-08
2.2590428458716587e-26
1.1887114868426082e-19
1.375607579879363e-23
1.7101075549853344e-18
6.009568789670966e-15
1.6806293887154167e-18
8.065516342031146e-13
5.3471835500880215e-15
3.529271558973834e-11
4.1336406293714185e-20
1.2349797355712013e-14
7.275225090730238e-13
1.3637775430388557e-05
4.096959222826587e-12
1.2089313440576465e-17
8.307114693661413e-13
6.071138266961326e-19
7.793449499824872e-13
1.0791347254400286e-25
7.70814003599317e-15
2.7322412106630166e-08
2.5825654844928798e-20
6.818672169193808e-15
1.48537004282631e-16
4.954956277321475e-31
3.822244487376653e-22
1.8122212034233822e-23
2.571657765036255e-22
4.857768015322365e-19
2.727772422751086e-24
6.61624665534439e-19
8.663014192577959e-16
1.148511265657866e-23
5.71108245003561e-22
8.631756825018316e-18
8.163661316101878e-14
3.6472203024342363e-13
2.2635033176697005e-05
9.759130701264956e-13
4.8528490256287066e-30
6.230011843661458e-32
1.0304286854150129e-19
5.162831810141102e-16
7.978325119852681e-16
0.00012897190831783444
4.867147686928621e-13
1.103396179849915e-08
2.549715924060989e-17
1.1544708420163445e-20
6.12183231402736e-29
8.458421301790089e-14
1.3850297417594252e-17
1.751504955766209e-33
1.5556437926181465e-13
6.351175037943556e-07
3.833616477835974e-18
1.7765000879322606e-16
1.7501492819161534e-08
2.7484895998052777e-16
7.211616336013369e-12
2.0163266107311025e-27
5.616870558338306e-09
2.929493645690636e-12
1.8508089879523644e-15
3.4754900249122143e-19
3.7796135514652176e-19
2.0329735238040067e-11
1.0748198056974877e-17
3.0238286899188726e-16
1.955616936665369e-17
2.521104164429467e-13
6.4651113211721785e-09
3.333404892499732e-14
2.117604054934297e-21
1.236441088274504e-30
3.9082347243444155e-17
6.049303873753912e-13
3.2625195961427367e-11
1.3925744151245715e-06
1.6663918055964246e-40
9.560637029923054e-15
7.972161703762553e-16
1.6473152282244557e-18
8.335748901307183e-16
6.659999667038909e-40
7.065043340211682e-13
6.014666327512562e-15
5.159686435976579e-12
2.543092240201415e-25
3.84830216432298e-18
1.2764786398245433e-08
1.6094387233070403e-25
3.2898400010769397e-10
3.657780999558082e-12
3.383522440010469e-35
6.796529923876916e-10
3.3388974578874743e-25
1.8876873261215914e-26
1.3780345990917268e-14
2.432458075987758e-19
4.724020011701564e-11
3.654079965071929e-21
2.2753098933452494e-13
2.0781122763847756e-15
8.91281653294491e-12
2.4115432522157412e-17
5.753481828639154e-09
2.474672497863653e-19
4.693972414407437e-12
7.486276723124018e-20
6.4325915125452415e-12
1.5503794827526874e-14
1.1798453472855578e-09
3.1743181533536883e-13
1.0852777671212084e-10
6.392333926486802e-18
1.53647368801487e-10
7.987629776349367e-29
3.69735071163165e-14
7.363979014812874e-07
2.601121098435727e-10
1.9706829715439695e-10
3.4259938764657517e-32
1.5400700275276324e-10
1.5257925947430398e-13
8.907363098666397e-19
7.155242676448184e-17
2.6192822819983685e-11
2.6257982112064947e-50
1.1083087566103803e-24
6.592784367761261e-15
3.733144887723138e-10
1.3266228547479577e-32
1.4853556423566744e-12
5.6336947341597363e-11
1.7623230983098207e-19
8.870343041446985e-12
2.315870967820628e-13
1.8342172549989464e-21
1.7750959007463813e-11
9.029098801770231e-15
2.747813089032212e-12
2.1080276608462886e-23
2.9081372443598167e-17
6.514717990346661e-15
6.687379621291697e-09
7.149970187440228e-14
2.794185259962243e-21
1.1407972736288274e-21
2.3070860696871297e-18
5.002619903099928e-38
7.507848575451947e-16
7.809463793225711e-05
9.936034222122041e-14
9.100403161265505e-25
9.577177489749699e-11
5.491730731418122e-15
5.8367597171418035e-09
3.9285298256706725e-16
4.050288913139235e-14
3.357184319499475e-14
9.631582893137751e-25
1.2770384412700393e-08
1.6414266152268764e-10
1.0986234288794614e-16
1.0669837125724383e-13
4.4373781744696794e-15
1.996586832190303e-05
2.6983755508238104e-30
6.255889428906063e-13
4.99511914126733e-16
3.737214745089157e-11
2.404298709995772e-13
8.07398908847744e-15
1.164715075703311e-14
9.211293121541749e-10
6.536991422797513e-16
9.243817234231601e-05
2.4250081373599936e-34
5.1727455593997315e-11
6.800305852672517e-33
1.143111657026223e-19
3.921957475882557e-09
4.1390936924662255e-17
2.03000114291214e-14
6.727526385623576e-19
1.7173403642047999e-10
5.556129831119289e-14
1.6762563419522552e-20
2.2590142403349927e-10
1.8386495461747692e-17
2.2038436576188357e-26
1.6961041785605407e-10
3.5471428302935016e-10
8.32062319098758e-27
1.1913991898549557e-14
9.663095159579653e-19
1.7807022871014386e-19
1.9785499149091758e-28
4.9048989346377466e-14
2.340466038982175e-08
4.660904576746927e-14
4.9744556907728306e-17
3.8963450555182654e-15
1.1038830687937686e-21
1.8174884249485447e-13
1.0425408886739835e-16
1.6026933415698548e-12
2.812781847720657e-17
1.718733292830071e-20
2.8427407327713766e-09
1.9537203945962996e-17
1.9158071896546835e-08
1.2791326050943212e-09
7.683937925158944e-25
4.724105655615041e-11
8.637757471110661e-16
1.1574194394730835e-21
9.667002379297843e-25
1.1017626487960424e-14
1.882068291618141e-15
1.1909452932956108e-10
1.8597933312096805e-17
1.4451107523063988e-13
6.521330817623714e-16
4.894396793764971e-15
3.841297516040694e-20
3.6105867622587125e-12
4.952440042389068e-12
5.600132563634543e-13
7.943344438928813e-17
8.768360345735308e-09
4.404728219208108e-19
5.727074407123944e-09
2.4781460053308775e-17
1.4157165130493322e-17
6.102058763840149e-26
2.619090325991431e-19
1.9340384198546236e-30
4.923493950292332e-24
2.0800398789601073e-20
1.334463734043022e-13
2.2986582749188406e-11
7.47729453598325e-24
1.9337001537456763e-14
5.639814742502464e-17
8.284528199956633e-19
1.9304548254821834e-11
7.854099141972427e-17
2.2223390590454977e-17
2.1608507254450156e-09
8.8177955330956e-24
9.81282335292162e-17
1.6959829818605008e-12
3.270427522931556e-64
7.511053914701142e-25
4.192601599544667e-20
1.4047608705186471e-21
3.468123104944509e-18
4.861796266488332e-13
2.6059543236124622e-20
1.2928267491799866e-13
2.3162656647961745e-17
2.3804912648193374e-16
1.5357537038403172e-18
2.4251958126470263e-15
3.723336222303359e-16
1.9827762327367864e-19
8.286384851369606e-15
3.864318948772575e-14
2.063191306757248e-21
1.8012781598152625e-08
5.277383665505716e-15
5.356698603581345e-10
1.7351152855007663e-37
5.161286542851901e-22
1.4555895530575903e-11
1.5654920197910786e-15
1.9248095893167545e-06
1.8349219001984356e-21
4.908205042074242e-17
7.888311285370323e-21
1.4410957933452725e-24
1.2130621149327852e-20
6.026526231475667e-13
2.1544370888607753e-15
3.1388697376557705e-24
9.477362876940872e-08
1.8599618962715152e-15
9.686445706477072e-10
6.941640146974173e-23
1.7780173907493355e-20
1.825938654715283e-22
3.803419454887326e-15
4.1852095789855735e-16
1.0426349538378573e-09
2.9328093161049265e-23
1.772172215370912e-13
3.4269768319225334e-20
4.018565964255973e-12
5.349672720737409e-32
1.4491865053885987e-19
9.793601918761942e-34
1.8403822192493535e-17
2.008425850879467e-14
7.785046023190879e-40
2.1549170843350966e-24
6.501152574424904e-16
2.292616524058796e-23
1.1715684085695913e-24
3.4566186321513384e-07
2.933803054860649e-08
2.1650413732478917e-14
6.370494001259862e-14
3.183595153878257e-11
5.576510717072032e-23
3.1070624393111187e-31
1.404825920917477e-18
5.582514972345099e-16
5.860415018340724e-09
2.9201790047072346e-10
1.448874340538411e-07
2.2512798391141216e-14
5.056197164169106e-16
5.613555602728173e-07
4.745763887299234e-26
1.111426461507057e-13
5.403475429622607e-16
7.47463434716615e-13
7.705857802364641e-14
4.1912897673727153e-22
5.028963041077452e-16
1.3275074037363786e-15
1.1678373823279112e-10
3.062668235360033e-12
3.0160937741858617e-28
1.343914456128174e-14
7.118413210304477e-08
8.92714532084249e-11
2.093510442266734e-32
1.259321845913039e-16
4.734742696655011e-21
1.6314487074304039e-15
6.061965231849379e-10
5.127736644885888e-13
4.456479857004692e-09
1.093119835433703e-23
4.1046619854595085e-21
7.618936348426905e-10
1.3798242458891738e-12
3.959101178332059e-12
6.913478274922832e-16
3.09875164655124e-10
3.3675470401934515e-10
4.1924627900730944e-10
8.747355543729393e-10
2.2911706343548314e-20
4.29097261984743e-23
1.1049330497078518e-09
3.1023525368134885e-14
4.2252452691562945e-11
8.563870909621537e-18
6.124446920920124e-10
5.317172488375503e-20
5.407072567488972e-15
9.080957776839581e-56
3.2336322359858473e-13
2.4633986563312656e-21
5.591603771874298e-25
2.729277753647992e-15
4.5396135237755636e-20
1.5821227976019006e-17
9.308291662617567e-19
3.5926907923427676e-14
1.268360032976429e-12
4.676727333675998e-21
1.0590292467720429e-10
7.723668929771204e-11
3.525786410203027e-20
3.587315569511491e-18
1.5302136465558861e-15
1.6763802424770742e-16
3.8304805295991416e-25
1.3764946318344626e-17
5.873871894989107e-11
3.5358947596390425e-16
2.962260270978016e-20
2.0041727576490475e-14
1.4657496858431904e-15
2.0436642107167553e-08
2.4473092863635407e-13
1.0987343971057818e-09
1.4759109721795094e-11
1.2287142502955978e-32
2.0464604714610084e-10
1.8914111257641853e-29
1.2468142668599298e-13
1.6920885380787088e-20
4.077689226272711e-15
1.0355574193572205e-32
8.780205383619433e-21
1.7771267039121945e-05
1.0340444865881347e-17
7.924575914691524e-18
1.7246594438123995e-19
5.929081400119202e-14
3.453563226027614e-13
1.8124614129822715e-13
3.5352706394049767e-16
7.828940992259244e-11
4.271094519635671e-10
1.1984738108414657e-13
1.3126066387802111e-08
6.21930242731853e-30
6.439488650922524e-25
1.0599478663981328e-18
2.2210849919056664e-29
5.326429203253425e-18
4.7038840121202976e-26
2.9274280834554184e-18
2.767570256627885e-16
6.317562605874451e-15
7.422457581448912e-19
1.830255097486923e-12
8.472952337109298e-09
1.3726392616753775e-16
3.0956338572180187e-25
4.80125327080418e-24
2.1788411764794694e-12
7.445949994970683e-22
4.0598426589640785e-12
5.944651374067577e-17
1.5465335920587402e-24
6.770336527297763e-32
1.3252248229631793e-07
3.9349613234315334e-14
2.9741949355678082e-33
1.5293460372499945e-26
1.076148384111529e-14
4.709557343771867e-12
2.574305889688327e-19
5.0825268766169266e-15
3.8923931306168555e-13
8.763312871609281e-07
4.1918478196329813e-10
1.5375496031825681e-16
4.3505611696984264e-13
4.430491848619974e-42
1.6956610571258947e-16
1.9816565083278277e-14
1.229449909581229e-17
1.8035205563987992e-13
1.764975664814399e-21
1.619116844081583e-19
1.3717300292488644e-17
5.00649141843304e-13
9.85288302566212e-14
1.2261396444800887e-16
2.7541198829861254e-21
1.218788360316137e-25
9.639851509800903e-13
8.825271120714159e-23
2.2994791818723887e-30
9.140400568239055e-20
5.417748799904823e-29
2.897028506629527e-13
3.285827663320872e-26
7.535931473643554e-11
2.045667191400811e-13
3.0027032433507222e-21
1.7510440419895062e-11
1.804537344763572e-20
6.545419491944468e-13
1.020585241213097e-12
4.623837644277231e-09
3.696606128859641e-10
2.289015115028948e-22
4.33832592755951e-16
6.294059232777506e-12
5.864439886191299e-13
4.022052931878556e-15
1.3766919956536005e-16
1.1666795139545445e-13
5.4836417934399e-13
1.4339649537450083e-13
9.511314061880008e-13
1.310862766157916e-19
5.2655598860237745e-17
6.339738828514743e-11
8.158449466926084e-20
1.9704099832829617e-18
1.1111543066605546e-11
2.9738491184135453e-15
3.321705662046518e-14
1.1091194179116136e-11
4.767705073796174e-13
7.239018537464926e-20
1.9003395326288712e-17
1.2816294340977054e-13
1.472872664798017e-09
5.132577420820385e-11
2.502463709904435e-14
1.856863505902631e-27
2.6253019034044373e-16
1.6130549786227135e-18
1.6411937829761732e-17
2.471949407107365e-16
2.5325813350889546e-22
8.408126911395934e-09
1.9229073032303554e-14
3.913609167980988e-54
8.088269353171096e-22
5.710425874640106e-11
5.2585344448776296e-24
6.919065969925877e-10
2.3209240939387403e-14
7.516538529826988e-20
8.371535571700253e-13
4.7426457903945366e-11
9.776144142739369e-15
1.506220558900916e-19
2.671837525237538e-20
2.0294849684069436e-16
4.924005787262891e-09
6.973292996108755e-19
5.2484512027746686e-17
5.2371619290228473e-20
2.048948189320945e-17
2.064289617533486e-10
2.363990860694455e-14
2.198945673998619e-12
9.238541928140767e-33
3.986805275348657e-09
5.990145586189091e-18
1.582732466047974e-28
1.0348067470805101e-15
2.6269149120748364e-18
3.7472333037717647e-13
5.4019008902839195e-21
6.688953893259794e-27
1.883488360400996e-24
1.5066885290570404e-47
1.3392501793037971e-09
5.1919410952123104e-14
3.7751577344171566e-47
1.2913258737469816e-23
1.3009490210297053e-18
2.6761583735612556e-20
1.2995631664138332e-16
4.611780005755267e-18
2.0443998765896646e-15
2.9990823544680534e-16
7.109670026869478e-15
4.642504178794587e-34
2.449593928136015e-19
3.325050764974599e-13
3.2947536391695648e-21
3.6736283668209805e-15
1.9937002743089692e-19
4.637531948931272e-13
1.3397311088961616e-22
8.261494922776429e-31
3.281954072913882e-07
2.40764167035633e-10
3.6013992280108202e-12
1.3502227388853208e-11
1.4898856652903074e-13
1.8258041872072874e-14
2.6502387872622616e-19
8.01222301312667e-14
8.084642733961421e-14
7.712601941666559e-10
8.114062756042141e-25
3.258395718347659e-08
7.363861582222149e-18
5.519711154976203e-22
1.0131279501784857e-20
7.364474775471696e-12
3.863166417989872e-09
1.5445445089450086e-15
3.481431782462952e-07
6.225978979056461e-24
9.664734791180747e-12
6.317999742841474e-14
1.3282088011349303e-13
7.06986171815689e-15
1.092825798830807e-09
5.32522300161017e-31
1.321892071566982e-16
6.63205120213273e-20
1.169236900899258e-14
1.136864016829928e-28
1.8698645088760285e-17
2.423237551644061e-13
2.288761868333751e-19
2.786529372213042e-13
1.517317299629039e-18
9.974093260933652e-14
1.6152749376442627e-19
7.779589654437062e-15
4.567224694564589e-13
6.391000887629252e-11
1.744752538412337e-11
8.719555045770542e-24
4.202064595530361e-21
1.92303716720544e-13
1.5195609072722016e-14
4.2968603004379415e-13
6.164708738783062e-10
2.9164560705720727e-10
3.0839712777218635e-17
5.170632239073839e-10
4.959089696307188e-19
3.2562066861545653e-15
1.9382475897895115e-10
2.713720066661516e-20
6.748182721335936e-14
7.269911334698091e-19
1.8548273262767493e-10
1.6810989498944836e-20
6.869775929702821e-17
1.7893791839411796e-16
1.3866662504193044e-13
1.0661950459916673e-11
4.658764854833625e-10
7.597330488464981e-12
4.3133039684623826e-20
4.855707312274299e-20
2.9576101975375615e-10
7.08780737100577e-14
5.8346734033340464e-15
3.1356493339955084e-15
7.05286863330897e-17
9.256474326770952e-18
4.168760894534618e-19
9.655847943799692e-11
5.862032670551644e-14
1.2384573891149889e-15
5.579208742619996e-13
4.1225977148152055e-29
5.2443630398318426e-15
2.6714258012893676e-31
8.162564922539738e-11
3.662986141417699e-12
6.391236106070042e-18
1.6742709446745308e-20
7.431619266224093e-26
1.0257850090229429e-19
4.8738662954489647e-08
7.537085093725346e-16
5.420422385548071e-16
5.70900988172723e-19
1.2542266136286773e-19
6.3449052120153795e-15
3.180359984450404e-15
3.670767247772978e-18
6.16945165225593e-11
2.517060425508648e-15
2.2219960351854605e-25
1.3335717380039446e-16
2.7298804519493114e-10
2.0125476591543578e-28
7.380808608176867e-18
1.2974588322902302e-22
3.538017455115805e-30
5.005732398917243e-11
2.2769207589931207e-09
1.0633469994920226e-18
2.7713775549392465e-11
5.257287681163319e-11
5.555871701061304e-25
2.4009470013637137e-19
2.889708202580349e-11
1.7263849053255502e-17
5.5064341923412996e-15
5.5937309966406315e-28
5.249130348430287e-10
2.0909705244356853e-27
1.4038806310469985e-12
4.643903830580494e-11
6.05488556370923e-14
8.216407359183351e-37
1.1195643883656163e-19
5.134021017317398e-19
8.800629951106075e-26
2.898917938108525e-20
5.161292817793407e-46
7.437460456511368e-20
1.9234076116444766e-16
1.480236857571073e-17
3.7823455721993323e-11
3.267146756495918e-08
2.1012244859938648e-18
2.284143708802947e-13
2.8896273313312217e-18
1.120894142907601e-07
3.291536008225173e-13
2.4523206953257872e-17
4.745812125868957e-20
7.595907271351022e-16
1.6514600514430173e-12
2.2966999165764754e-39
1.364118119694624e-11
1.3983892839960189e-30
6.182367103732557e-24
1.9544372863069592e-19
1.829602137854744e-07
2.9657003911499605e-17
6.84495549898554e-15
2.311066337954376e-16
4.912096353077595e-19
6.353838221288861e-32
1.749496530286854e-16
1.3583621596215008e-34
2.0241988224964004e-16
1.945544027929001e-24
2.3385536805424553e-17
4.0128985048094354e-13
4.987151281490897e-14
7.503218343477997e-19
6.304673836534339e-12
1.2951315207765234e-14
2.146170537405656e-20
1.302502480131206e-10
1.1566279938833865e-11
3.6484914882165907e-13
1.5483115894856744e-18
3.02024713829219e-27
4.611356260915554e-17
5.51003914536114e-21
5.640467905861628e-14
3.383938641457037e-10
5.460413100466296e-24
3.709146942168508e-08
1.6164429506707992e-21
6.596766675968851e-19
1.5012935192042878e-15
1.7922235059575143e-11
7.452815783921635e-10
5.145804220987176e-20
2.0932617796522775e-06
8.746772994351517e-14
1.0653442342283613e-22
1.0740100810513415e-10
3.0598083352244502e-24
3.346957678717492e-12
2.385888267776899e-16
8.533930037220928e-14
1.884197573852173e-20
4.621182200770627e-18
3.416809044367086e-25
5.72827516400839e-16
8.626393197248491e-14
5.292051437446114e-15
1.165596549827881e-09
2.763987653141124e-13
1.1519708538210706e-21
7.380930207591855e-23
8.645659132601132e-15
2.2506212726146236e-18
1.3231728341367383e-20
2.5374332986134394e-10
1.0435656385732205e-11
5.419339709553728e-11
9.550417946458506e-11
3.00006786560058e-14
7.7438084405241025e-19
4.4507119029970125e-15
5.070913104448135e-33
5.9867244580432436e-18
3.324444171760183e-23
1.6237547799267038e-20
2.9086302281907604e-21
1.369155003795939e-05
3.0559236772095097e-18
2.0553888326477275e-16
1.5318644612065407e-19
2.5453130466445377e-26
6.589223979165683e-17
1.0863189987600671e-15
2.8870735132408334e-25
3.1787019929998044e-19
5.343389650994462e-19
1.9039780200752387e-13
2.276216191468987e-20
8.961356511309105e-18
1.1731819595709774e-08
3.378370529888465e-18
7.083820670057949e-19
3.829906078357901e-11
8.737852126560389e-16
2.7891449704564048e-19
6.617404265969384e-20
1.5775830928087421e-15
7.857491147310552e-13
4.804782801287079e-18
2.4385245793843617e-14
2.3719313859180026e-20
5.61319232006516e-09
2.2108896551077125e-11
8.790161231279814e-14
7.463015172295196e-74
3.9476346193486235e-33
1.1254012748767126e-16
2.5596301613252e-13
3.854029739700358e-25
7.130044348438868e-14
1.6945797712433618e-17
4.20717381728155e-14
4.8465779837341757e-14
7.350119217319666e-11
4.0946339783476793e-20
1.98084306343649e-26
1.506887732738928e-15
1.2487798711480726e-07
1.4281238272655507e-15
2.8855187100515273e-24
1.816862390588488e-11
3.398053750959516e-08
1.6190177718153655e-21
5.940640588690782e-16
3.58712559241055e-33
6.538776361676372e-23
6.250412556701357e-21
3.869824193947825e-13
4.1128510365531525e-22
3.625204240996571e-11
5.600099125809285e-13
1.0255281218617064e-18
5.478163413947672e-17
1.946890798558108e-09
1.1073402507757867e-23
3.0826563232438803e-25
4.3038383465029863e-10
1.2537286731594852e-19
1.3269968001362483e-08
2.5218688195381013e-19
5.976769995377621e-13
2.9650339179025016e-14
3.17661107082211e-11
9.456825499367294e-14
1.0210874962136947e-14
4.832196681153905e-13
3.0371212554715322e-15
3.338747574834227e-14
2.510742494725715e-10
3.59016677834671e-15
8.04740587002851e-21
4.606491646029064e-17
1.5955575527640155e-21
1.1025109563691393e-17
2.5193743400837197e-19
5.5337132489433294e-15
2.0701203500446454e-21
2.7495600367191038e-42
8.253932567416436e-20
3.2646700442583336e-13
3.320618482896593e-20
1.534235223045761e-22
9.081657777271419e-14
7.364309450893861e-22
3.9641900095657074e-16
5.9387871203908294e-15
5.857249318668294e-34
6.096676408314987e-17
2.4527369678722157e-17
1.164620280930424e-25
5.3646378434861546e-15
2.6840755796113704e-19
1.9493543252892845e-17
4.987151281490897e-14
8.650862969726671e-34
2.0018151710932853e-07
2.638540746146005e-11
2.566349857247228e-16
1.7708353019244215e-14
1.5165775384927243e-37
1.901245880535385e-15
1.7400390476396532e-11
3.548587076460291e-20
6.8803137463124595e-12
4.339739867131126e-07
8.030157333398801e-15
2.302928199656522e-19
6.843954383594618e-10
1.0395556130769963e-13
1.5268185012859644e-35
1.213416157832045e-35
7.845819829391772e-12
1.6500841843854864e-20
5.5793094358239104e-15
3.0727493753540952e-06
4.163318225358239e-09
8.693684558288465e-13
3.574233117775881e-18
3.029601786193089e-19
2.042851379930827e-13
1.5388002454050222e-13
4.85750175517765e-34
5.053150079172894e-13
1.3712128582456668e-14
7.104062513826341e-13
3.559970072040599e-16
2.4072454860736984e-23
2.612784534050639e-19
2.9579212587354173e-09
2.3778230200126266e-14
1.3802742200553977e-09
5.687297447280024e-28
1.682792811702628e-29
1.4339837884539964e-11
8.817950375149351e-15
7.118091260715243e-07
1.1773547696476801e-12
7.261018456150855e-17
6.12288292467721e-13
3.091541106681093e-10
1.5375874535421515e-06
7.214079692659703e-13
1.3650893694651636e-09
1.5438779967898595e-17
1.606367496251329e-11
1.6924126521062398e-21
1.794099084207477e-18
3.869241685575054e-12
4.243163633014192e-13
5.833473494960531e-09
1.4341225457340244e-14
1.8613170157014937e-25
2.676226061149642e-13
1.8960610898159815e-21
1.0356254227019057e-17
2.7812651315332852e-14
2.900674980873111e-19
1.0216057969121923e-40
1.1427264951885269e-29
6.884431194002314e-24
8.631337494086195e-23
5.097367513666768e-12
2.2540582022017145e-22
1.4515816217095077e-11
7.25075282816225e-20
1.1575265473265494e-07
1.71076692160497e-25
1.7386268230851525e-25
7.207715169986777e-15
6.368148054818123e-14
3.0487309684880344e-14
3.660202577958457e-29
1.76453705124377e-42
5.128055103661419e-12
1.0995694299615129e-20
8.806265934204803e-14
1.1524135577617799e-14
5.954625821397419e-14
3.4749831332170526e-15
6.66627669724941e-14
5.734014704822556e-14
1.2573237896815213e-16
4.128546968422339e-22
9.868889760321362e-27
5.25353096139535e-28
1.0711802669903354e-15
5.896891480372674e-23
3.83754667419921e-21
4.418950109206021e-09
1.2736750480059036e-14
2.5074104051789275e-10
1.3201543589676678e-17
1.2247120714269991e-34
3.589893726878474e-12
2.4304233013853145e-16
3.69589043185498e-12
9.98652885153035e-12
3.4323603118816845e-15
2.694799007464791e-18
1.2952960551831823e-15
2.8100120851419472e-12
1.4855480178209614e-16
2.7970823656373684e-18
2.4272768155203654e-14
7.82106345690832e-10
1.742073695319696e-28
5.172721009073553e-07
1.748442644799789e-16
1.6366832930305146e-17
4.091185127546801e-15
1.1179054592426565e-07
2.292383355605764e-19
3.2958850052225898e-21
5.6504348978553995e-24
3.519055291800106e-30
1.2930292700195757e-36
1.2094098324414462e-26
2.551566243920488e-12
7.727042291177262e-31
2.3054893810571773e-21
4.521274254106254e-12
1.4945706963335814e-14
2.8822171985574905e-21
1.1051341768773685e-14
9.903219746860731e-15
2.0319798259334583e-12
4.4437408484931505e-20
1.388765961827144e-16
4.770146488848714e-16
1.4228597315113767e-07
6.051409320759185e-14
4.690110766563016e-16
3.076924895401336e-07
6.831728427563049e-08
1.4796817067394985e-17
1.8057873147828784e-13
4.698404632405702e-13
4.362303477244591e-37
9.505960418091406e-18
6.98722861398717e-09
2.4184067202796976e-14
6.489023864921497e-09
4.325033862990155e-10
3.862315940419869e-10
2.4840155835197113e-16
1.1531841012568763e-11
1.5964643498855522e-19
1.4418487481418233e-17
1.0196133084657028e-15
1.3813039467699348e-35
1.1457509925052812e-15
1.6223765262201436e-15
6.3563648502886305e-15
1.1298844482900815e-17
3.4801643549985987e-07
3.9768337736909453e-08
4.04052118280992e-15
3.2624110911439776e-12
1.1638590055170627e-09
1.6087409201623793e-13
2.644535273913009e-11
2.612273234190982e-10
7.134143076347822e-14
7.441612932951248e-16
1.6918116333705294e-14
2.270096257813579e-15
2.128319023769459e-14
2.2427234828728704e-20
2.1942596158624845e-17
6.007026683852932e-13
9.078445809559281e-17
1.0658882789499463e-18
1.8854855023622166e-19
7.670663584220974e-25
2.6141052929229513e-17
2.0946477192934593e-07
7.479705321534724e-13
1.100497384412496e-12
9.85873005570564e-13
4.016326383083812e-06
5.543669490809281e-16
3.607209741655725e-26
4.187167430422621e-12
5.50055608839021e-20
2.856378428067263e-10
9.744687368678661e-14
2.5377291054004057e-07
1.7741841500018575e-17
1.2041761875853842e-15
1.3735165994637751e-24
1.666485279650397e-24
2.1660655594557247e-21
1.0607008937851503e-18
3.0989977084508236e-11
1.1784016040233209e-14
1.2330049286707393e-22
2.684588784765246e-22
7.56633800037765e-13
2.1265599117944542e-14
6.271219447588133e-11
4.9353937614975554e-23
4.577975719125397e-17
8.459868001678936e-21
3.9126732515729125e-10
2.1338487286256144e-19
3.660286265156225e-24
2.6310444419453832e-18
6.106571153685948e-19
1.5307730054130288e-18
5.165053204389423e-10
5.835366662590194e-25
2.978127212231142e-20
1.2097427103935562e-17
1.6368282076466353e-29
2.600921546397845e-10
1.1323769510753005e-15
7.537825390371472e-20
2.5314284510470073e-09
2.2172042083947615e-12
5.580421241957802e-07
5.84478825451387e-17
2.3640123433591994e-19
2.2284268642905064e-21
7.738439155088731e-16
4.12838401764192e-09
1.943162097263949e-15
2.248798207912757e-07
2.6194201421540906e-13
7.407225331374873e-20
1.2652947522336868e-17
2.469641634086153e-13
1.1470317783929466e-14
7.732897097277486e-13
1.366772761692833e-06
4.25688180387532e-22
8.084631908644791e-11
1.4952980232393834e-12
4.996193328482643e-11
1.5183491847265743e-30
3.8203193381574414e-12
4.2782019672048515e-19
1.3390861368556505e-22
1.6077624486791444e-11
9.873586665892611e-20
3.0484432139823035e-13
4.809751580239364e-18
2.527400306361687e-26
1.2291464448312848e-20
1.238675942299945e-15
3.448835073458847e-25
2.3032912216881243e-13
6.805863963672084e-08
4.493584248981419e-16
9.006970721639893e-18
1.560114078720684e-10
2.5501338904723743e-13
3.233293356795011e-15
1.1413095244151906e-13
1.8470667898381893e-20
8.729776034503774e-14
5.007799858201999e-16
6.388972489613154e-15
2.8721132137980204e-15
2.4740172058138746e-23
7.641959622879994e-13
1.3424874369554456e-12
2.6424929302991264e-20
1.1854987232499957e-13
3.058455626456284e-17
4.37635405281027e-16
6.201339559282424e-17
5.835867337387719e-17
1.7425481455533392e-28
2.6359440548519497e-16
1.150167361858807e-16
7.074658715163994e-12
5.42992001505828e-09
6.781119834602323e-21
9.414411470554986e-17
6.902764899280712e-13
1.7834470107223305e-16
1.0261182346612368e-16
3.0429447225455896e-26
9.301540402234889e-18
3.414110581885855e-13
1.6983502519807816e-10
1.9963031707059462e-09
1.3412323662043327e-26
2.937665907885992e-17
1.4846114704546897e-13
7.726989276146439e-14
1.6856045713931032e-09
3.0940081182504306e-12
1.5224086047090537e-17
2.515716204047514e-10
1.179659097139245e-19
1.347659704007289e-27
4.7712127173608925e-14
9.011222040648154e-08
8.079416103806954e-20
2.725102373716831e-23
2.2062170141301906e-26
1.7423088751187052e-06
4.5233778549717163e-13
1.5105634318813933e-09
2.7378234781490355e-19
2.840131449534296e-14
4.417165647476448e-15
5.038757343732128e-16
2.1738132057948984e-15
3.7141483393434805e-09
7.272097580121164e-12
5.445515771386377e-17
1.7640796957655563e-07
4.269628334158124e-35
9.227549187407834e-18
4.14393104058238e-11
1.1021101817754918e-05
6.341787931159497e-35
1.4860210057253244e-30
1.056723965779438e-14
2.186236499108553e-21
2.495756074423661e-07
1.9263388435964214e-24
2.6132153640210646e-21
3.0643106902374464e-37
2.925188546403293e-05
7.643095735812918e-23
4.7969517814408214e-23
5.81296854030157e-17
1.6784247034879902e-18
3.17447538851744e-15
4.000149526544327e-18
3.2664538331895575e-09
3.643742309266233e-20
1.007181618871746e-12
7.2025336737643495e-06
7.33905340807367e-16
6.356667689555191e-11
1.2900659961606066e-08
4.625440796675562e-07
2.3743360020492075e-10
1.3912699028037357e-18
6.946231053551737e-16
3.6690237800045266e-13
2.769063355273899e-10
1.4911736371293605e-26
2.3803467914754556e-13
1.7601804599224907e-08
1.2487558875202625e-20
3.8993299731339086e-19
5.500695488777259e-34
8.777952222532771e-23
2.8545236154115155e-06
4.45696913050237e-22
1.4923555277149568e-33
9.774771870451014e-37
6.298654249426933e-19
1.964758050357649e-15
4.2384116394092165e-17
9.096434142582155e-15
1.1212650008303424e-08
9.151096717352666e-24
1.0237069832557309e-19
5.393867630778475e-19
5.902833447998336e-22
2.8549771523945978e-18
2.85951662656511e-16
1.651414913840365e-24
5.309254043346016e-16
1.757448279194462e-30
3.398147597281509e-14
3.4934062525882468e-09
1.5478514090574768e-17
2.140545339072812e-08
7.864707109918327e-16
2.85486060250723e-11
1.1016270782412532e-15
2.0534315472746526e-09
2.141964924993867e-24
1.2719381978935767e-17
2.591808561629268e-15
2.1415684817083825e-13
4.3137238207715725e-21
2.8516881418146344e-15
9.033308120451508e-18
2.8034062004738084e-19
1.023854806617997e-17
6.845804853659902e-15
2.4976039854394743e-18
1.3889777490250745e-12
3.15327146694832e-18
7.179373790250705e-18
4.2860658691228614e-10
9.491547686256213e-10
1.178848583024062e-06
4.417479480600882e-19
2.124700039941456e-11
3.838338849058293e-21
4.620939947434686e-19
1.0802259899831219e-08
1.158435583368271e-13
1.0705614081362216e-25
2.963806317256917e-24
6.94983150111822e-31
1.2232067127639478e-20
1.0695939819157296e-14
6.491376666186565e-22
8.323935721684476e-15
6.189931069349997e-08
5.147931235355104e-18
1.3295915453446225e-18
6.288476234813826e-19
1.72120041877994e-17
4.8058711708539896e-18
1.0199924357657034e-17
9.132008048350438e-21
4.658009205332508e-15
6.859862150711613e-10
3.6672213471592543e-40
1.4808568452072347e-17
6.745535322869675e-12
2.273648283518145e-21
1.0140418567520392e-25
1.5886215995598358e-30
0.009085435865553715
1.605979015209982e-22
8.230936973765949e-25
8.510885303403048e-28
9.070583006232843e-31
6.648996853577596e-08
2.4661616303298347e-12
9.591025623216702e-14
2.198993021592324e-14
1.4473573126914357e-17
3.3601980350586495e-17
2.843910415721149e-13
2.0878965345972512e-14
5.185713074388669e-15
2.3005816363424222e-17
3.0019643198122274e-15
1.5930895454434925e-12
4.0856017305661665e-16
7.711916413831175e-07
1.2303902301534755e-15
5.202043455825948e-11
1.8119785247324236e-16
1.757202345362306e-19
8.806451701910562e-16
2.4262076723416466e-12
2.4542180529661605e-06
6.645436901006396e-14
7.037881320736399e-09
6.161144323266314e-10
1.3956866699618025e-09
6.416408014180475e-18
5.43208838152976e-20
1.0764887083267473e-09
3.6787809585313133e-19
4.98039827344928e-26
1.9752297870917334e-18
2.4857211231148633e-15
9.28491695480869e-27
1.9560717029543048e-11
2.6204438085392455e-22
2.6061635299368233e-14
1.623273990287101e-20
1.4002782944266288e-19
3.037978420118371e-09
1.0967064801342763e-09
8.824088220830585e-15
3.1034261313400406e-14
8.270713779884157e-19
1.1633444049921904e-15
5.198764999231112e-20
4.326925088456642e-15
2.4260082230687552e-11
2.072746467201679e-11
1.6366502710789813e-16
1.511885026494321e-20
1.0820084191265641e-14
1.426617795919097e-26
3.357643774070367e-06
3.6622574288078614e-14
1.024628572942775e-15
5.413147986733308e-23
9.05184908171902e-20
8.060616710399415e-21
1.0085925580331725e-14
1.2661789450155875e-12
5.956173915704028e-16
1.4262958563666235e-09
2.158657805793079e-18
1.0746551933880322e-18
1.1496174397719601e-21
3.836433948780041e-12
1.7469586671945486e-13
1.4523987990442094e-21
8.322964367195964e-64
9.01657856730708e-16
6.905470405566808e-19
4.870114137379202e-18
1.7302466460735177e-26
3.2654810407205644e-11
1.4214865542837047e-12
8.379081150066243e-16
1.54285936802447e-26
7.620839610025575e-10
1.9690247208722365e-15
1.0229578732793224e-18
8.713009174542855e-27
6.020105715504206e-18
8.740092247118556e-20
2.2458496487923364e-11
2.2644624140885543e-22
1.2480975808513191e-15
1.7060790990336142e-16
5.792099090758007e-14
5.257444479648036e-20
3.700873605388557e-25
5.218239996726899e-17
2.904938777073748e-19
1.83070669825579e-23
1.8909038108673043e-08
9.581159043973247e-17
5.737892164354707e-20
1.1587389594519563e-05
1.653570603742523e-08
8.921799218429434e-20
3.711029040461368e-17
1.7771595949032567e-13
6.294422495579782e-07
2.6265489774400764e-11
7.691598457718439e-11
9.976052114461652e-16
1.0760492818331788e-29
9.29067280590554e-19
4.413842750391564e-19
1.9261006570913949e-13
9.219011049367463e-17
1.0344109552934422e-18
2.426714839455427e-13
1.6165303235159138e-09
4.837865169248515e-21
2.2828104856389346e-21
9.747757764943627e-16
5.658231037293505e-11
4.000157398960091e-42
9.184084460312224e-13
1.2532102070382608e-19
5.1045671657639917e-26
1.7362146221374335e-17
1.1961213054154494e-19
8.237359943106931e-09
3.053293307288496e-19
1.7471648415120467e-19
2.3944731402878386e-17
0.00028163848082614004
1.6916255208673515e-20
1.2265470550716061e-11
1.0623203471959171e-14
1.0252017450966234e-29
4.46978569988591e-19
6.82502895379273e-27
2.5449527148718807e-17
8.459905951042653e-09
1.8470665295815147e-20
9.088268802539003e-18
1.5847442284820576e-07
3.1477565453327696e-14
7.068646188612249e-19
1.6323136565309916e-06
1.482546752446243e-11
5.18240672822304e-16
9.481445128796165e-16
6.715910278171559e-16
1.3500018862626706e-23
3.468132929060776e-20
6.847841171911987e-17
1.0850735537062826e-15
1.1832440104146224e-16
9.36025111798164e-22
3.785494975215922e-13
1.0443176509761022e-12
8.803421014353067e-10
7.926086373699235e-09
1.0294426646106384e-21
5.0265545220729765e-18
3.09913706450054e-17
1.7728532283149249e-15
5.540532720924773e-13
1.913252406865528e-21
1.138406242256268e-36
8.403276552095509e-09
2.8488362312339396e-26
6.450039110649693e-30
4.043133005509044e-18
4.0213018344768824e-16
2.4205070472043186e-29
3.2736159251040744e-14
1.1812547524840802e-08
2.286914923365894e-21
2.9941283065391536e-25
1.0079647055889833e-14
1.5040276626520786e-14
1.4725314215185818e-11
2.7650932634165935e-09
6.03523592305963e-12
5.650763248741538e-17
6.4754894451426526e-21
3.1104751981095893e-18
1.3132981725392987e-14
6.353015440382019e-13
2.5894767797240394e-21
6.094455658602842e-13
1.7979753782219276e-09
3.324312539891015e-15
7.661602019262676e-19
4.097133195956784e-19
3.827194004102493e-11
2.462912281568734e-46
2.0822009657731907e-09
9.26453512832358e-14
4.0742026842376205e-15
1.2290248169881825e-11
9.269843608103446e-18
4.3802555340010114e-14
3.0634139319228133e-13
7.10392274380482e-11
7.008472112306579e-13
1.1312323225500072e-10
6.574196090963193e-13
3.93950913071016e-27
2.569900178157401e-13
5.143183799750281e-25
4.050188894034845e-21
7.280496683304047e-15
1.035224357143815e-16
1.0987513085743183e-10
4.60403427774424e-17
3.9255603400610117e-16
2.244502423294086e-19
2.5836927065340885e-09
7.977087312696508e-16
2.6122231615445485e-14
5.0151237208463854e-11
1.364760529212081e-13
1.5227289591750878e-17
8.852780743681927e-16
9.623003173858485e-23
2.408185090180235e-14
4.8473812693982884e-11
9.519554243752304e-18
1.8998577345489407e-14
4.5394531324382064e-23
1.365365085247123e-15
6.161907928122019e-26
1.1348943643853553e-13
7.858147789915848e-11
1.1118887280844672e-30
4.244407001996715e-20
1.8837157336355706e-13
3.0041475070522857e-15
1.2647133113830565e-09
6.972340793368645e-15
1.390355526882553e-16
6.450220008078859e-15
4.802713604865813e-06
1.5881441005256595e-10
2.716975421493588e-18
1.8843163185794837e-09
2.450488354802857e-20
1.156393576072552e-17
5.268285594122158e-06
6.83956799201303e-10
1.7321639091779094e-13
7.483721478693331e-18
7.825116442454859e-10
7.499158409763586e-19
1.215854649154318e-19
6.684328331357579e-18
2.4452674925747246e-19
7.84453488711804e-19
3.046103731343488e-15
1.533032058984113e-23
1.2727299879255856e-28
1.171565218746806e-22
1.0669932769794466e-26
1.8277487584880133e-06
7.753603303347398e-12
2.7790019644764846e-16
4.645566552356647e-17
6.804200566545489e-20
1.5558371799700466e-13
1.234379913370875e-25
4.7604286137582575e-08
6.175809400699242e-32
3.674420901704172e-13
3.816380634324729e-17
2.547654116636942e-17
1.6814941003693362e-33
9.207094293749976e-18
7.012354949440306e-11
5.775127203372203e-18
3.203285708972928e-21
7.808521796741191e-19
1.523347505782292e-16
2.1027969765505267e-17
6.730648379046576e-13
2.743953998086005e-11
2.1384214126114718e-23
3.297467743939549e-16
9.86751275244031e-28
2.3746653546534594e-15
8.312782670196277e-46
1.0362139585800125e-20
2.9208970374752577e-19
1.5070098224857233e-12
1.7270636537586994e-25
2.2242362564932313e-22
8.133365312294891e-25
2.326724202171299e-17
8.95716248786728e-12
3.634517278138445e-22
2.7894878120207257e-39
6.098316760167202e-09
1.0625215102857448e-21
1.5363611610144167e-16
2.0004339875182702e-16
4.176965591201057e-14
1.9065775222470526e-17
7.928162428308303e-16
4.3715153774116443e-29
8.377323623080821e-11
1.9013642791552712e-08
3.89992451483209e-13
3.326567911282675e-23
7.762087054797663e-41
4.568287686578007e-07
9.35763075067484e-18
6.710199167193188e-16
1.0212754899769696e-24
3.404154217565393e-27
8.17250291422467e-13
1.1172251708813485e-12
2.4838911183428052e-15
3.4960554897996354e-12
1.957204952575816e-10
7.071052749314725e-17
1.2815560960612447e-20
2.590501629391472e-16
7.359080517421389e-07
9.690352579461063e-26
9.513883088824848e-17
4.4523844553748475e-18
3.4906073212176204e-05
1.2454877206530956e-13
6.2180873362135465e-18
1.0716656311474674e-11
2.315593046543408e-13
2.2227820531743936e-09
1.2821379091167119e-20
3.881258333642251e-12
5.010611013859003e-07
4.822039040366264e-15
1.091418790805893e-17
1.839382721239097e-20
8.928768259500944e-23
6.805306348150742e-10
8.07561989408005e-24
3.865928082126851e-18
3.7738437181092495e-19
9.330634155832687e-10
1.3323140931107823e-06
5.303742690370098e-15
6.607256592608352e-24
4.160091063380181e-25
5.705903587372852e-08
5.142507201574385e-10
7.036310006589881e-20
2.070823265463388e-37
4.341546526463507e-13
1.2957641909746016e-14
5.5689283502367595e-12
9.344090313766419e-08
1.4427539059763217e-18
2.2187817621421675e-07
2.0796078792798723e-16
1.8261125788411604e-08
4.0186383643631356e-24
2.4935092211036463e-15
2.6293860183655974e-29
4.623597100145931e-08
9.326263027942686e-22
1.901618284381525e-05
6.961607248485315e-06
7.968950017193568e-14
7.628412617767844e-20
1.8904876815785514e-08
3.642759481108234e-09
8.853177895698617e-11
3.4121893472105746e-24
2.704266595167467e-26
5.7755538770746685e-15
8.475915216651984e-15
2.571573853599189e-17
1.0921775056285087e-12
3.018181353511729e-16
4.940264329593498e-10
4.111029198442395e-18
2.7493390121924398e-17
2.0192029844174557e-28
3.325957579463044e-27
9.828092931218894e-15
6.288679467695286e-15
6.000465592622373e-24
4.469359628786296e-13
1.96105515122043e-17
4.896335700226745e-34
8.364689267222279e-13
2.513467619174809e-11
6.963910866930265e-21
5.009896499690471e-12
8.335446976859418e-27
4.2415096921078965e-16
1.396879847333812e-11
1.3912109103080365e-06
3.606949790740387e-13
7.352322987100279e-29
1.4048266761043246e-13
3.54624622151977e-23
2.6957295201397537e-08
5.300226651043997e-10
2.621032635184501e-17
1.8262441994654233e-09
4.2658608110759995e-12
6.274933768886816e-20
4.1187445564920775e-18
1.5881047703393959e-27
1.9662409906822736e-08
1.6088558798055194e-16
1.0259585765183301e-15
8.209123735063912e-18
1.2853722552785592e-30
2.8625862308885467e-18
3.871771466114405e-09
5.016123672957704e-22
2.159607427070735e-33
1.3693861566951128e-20
1.0310067738688689e-28
5.2967088042354884e-17
7.501611346876199e-18
2.2814648166005392e-34
5.788146543694151e-22
7.815082040153824e-16
2.306680463029393e-13
7.217929205060798e-13
3.171134678327362e-15
3.5934598117806493e-25
2.1426409956351903e-18
1.3047144430925284e-05
1.7884126544548013e-11
6.174098355437238e-10
2.4272055465072317e-09
4.1651341313891775e-33
9.157392062553016e-22
3.072993672060391e-14
1.2913344807951591e-10
4.748391712971842e-14
8.099897838781513e-36
5.443587986101164e-10
1.3028823164879225e-16
3.400159511737545e-27
5.185678406502001e-20
2.880730635964636e-34
3.941777359095634e-14
1.3053370733324002e-14
8.708430419643108e-18
3.323428003025271e-19
8.268409495836051e-13
2.8883466072442053e-10
2.3140158092349154e-16
2.466846076803997e-11
2.489180439615805e-20
7.633714970196608e-25
3.50257541291405e-20
7.928421047280287e-12
4.389114851816144e-11
6.448749046852281e-13
7.147469007059409e-09
6.9434859733343465e-15
5.13836403653488e-07
1.803065094965033e-23
2.0811411605372262e-41
1.1443956702077576e-14
4.823004282049835e-31
6.769357735756149e-23
2.0050432534556407e-22
8.900887488703362e-10
6.534285588017387e-11
1.680159082596042e-15
6.742329881724953e-17
3.664171033104867e-12
3.483016079873237e-19
3.380442199222014e-27
6.421098068013796e-23
1.0896385810523364e-11
2.6408013533284317e-19
1.0557650494381268e-15
8.758346512434485e-19
1.1652915173780243e-15
1.4023651691379792e-22
2.9060079860854893e-09
1.415174729650044e-12
1.7548928665577071e-15
8.607203440846965e-20
1.5291029601468466e-23
1.2378663623078563e-18
1.407228469478777e-20
2.395288331217298e-17
1.602182829548731e-14
1.0810540999874241e-19
5.912503009851069e-12
1.5940171851211275e-24
7.485913779819015e-16
1.1205458922135508e-13
9.997468534808482e-12
1.754066255164377e-11
2.0898107541571676e-38
3.401278364767076e-11
9.700085110930806e-16
2.8573918524571506e-29
6.415789104186108e-14
1.0200384988555236e-17
6.4590972455159565e-43
5.316747765232597e-23
1.938644284406979e-14
6.448013159939168e-12
1.0634411397370807e-27
4.760716918663217e-49
9.035651926117445e-18
3.8610825798349724e-17
5.253294668988636e-13
1.228471837993393e-16
9.646677842385218e-26
3.002691250614831e-23
7.22783876631818e-09
1.2514774032609345e-15
1.8303191135571806e-22
1.002623982528623e-17
7.672407495075042e-20
1.6289692284888005e-26
1.865503812100904e-21
8.323435029785247e-17
8.07413585729993e-07
6.502751335597798e-23
2.356912269276418e-11
1.3750572570154504e-26
1.0518369971365354e-16
1.491976064699659e-17
6.966941911914558e-39
1.119886647512161e-14
5.503035418002832e-18
1.1806986544687449e-15
9.5757639988517e-18
7.272760496669587e-12
2.118632433666546e-08
3.368906069347841e-06
1.422489410954336e-17
1.322011742193425e-15
4.862663167140767e-17
3.5901002713231035e-31
1.191896619662411e-18
3.387324645818795e-17
1.3498339145485602e-18
2.345748383029456e-11
1.4504244785135946e-08
1.5130136688884974e-30
1.9148170953379572e-10
1.697972118709409e-11
1.3276154343086814e-13
4.781987098403506e-21
2.0814213624199994e-10
1.0168825521185852e-27
1.702114295735049e-85
2.3867742922852945e-21
3.1573112436941057e-15
1.1166791111916853e-11
5.0513799646113627e-17
1.1397446019673214e-14
4.626948957955642e-15
7.116904656628656e-16
5.542599398952497e-14
4.138813833443698e-13
4.901476298371965e-19
1.1306252625240948e-17
5.663621314298541e-17
3.939746087007716e-16
3.223038821808157e-22
4.399220495862144e-09
1.6124407836092839e-15
6.020990154880265e-16
4.055457197554013e-15
6.3930105051763846e-15
2.610901689094726e-22
9.618291951837026e-13
6.425972906540286e-19
6.97435697241382e-30
2.592010245679424e-22
1.7680838162337775e-19
1.4759675350424605e-31
6.673830991589289e-20
6.983904317048147e-20
4.5852291143536425e-21
2.5011533605659104e-06
6.484902818347838e-23
2.860033725211735e-14
7.455178895733438e-16
2.1605565923369277e-09
5.042315243568424e-25
1.0967606566546081e-16
3.6964861003825385e-14
5.814155623298544e-19
8.427368674906457e-22
9.139014451904159e-16
1.137413701528989e-18
2.68280126942349e-19
1.4509096762284185e-19
4.533266518522151e-10
3.8804232314997942e-22
3.6723573740465215e-19
7.99539206384194e-16
3.4484837980819554e-16
3.704804900153866e-22
6.278216336197079e-16
5.288797938771453e-14
5.284826533882773e-11
1.2148902472060319e-20
2.0984145776497105e-14
2.3616981137535654e-24
3.4809842688823228e-06
2.0575412204306598e-18
7.233984587859918e-14
9.41986915311977e-19
5.738065318011765e-26
4.443967805202625e-20
6.275066679819167e-20
1.2019882567501359e-11
4.0224867738291705e-23
1.1743545228323447e-26
8.470133950859468e-10
1.5564478948907296e-16
1.0681770582637134e-12
3.558539663176743e-27
1.1371606135823143e-14
4.781779081065454e-17
3.8567590947406664e-18
8.556216784802928e-10
5.060591806395782e-14
3.14888489135689e-14
5.2817366651447834e-43
4.802543509214891e-19
8.814622086905615e-19
1.2099263597281368e-08
0.00016379716898732913
7.097705822756975e-16
6.648571784774562e-16
1.4188290980852764e-10
5.5170568235672794e-21
2.238521540374585e-15
1.7146447917478856e-20
4.2620852127169446e-11
3.009986899229659e-16
1.7558530504801921e-10
6.433077099822977e-20
1.1360238155403186e-18
9.857341103157313e-11
2.188733532127863e-23
4.73092700233142e-25
4.1806801386711185e-18
1.1728890004286699e-11
4.103648844962088e-09
2.426685068426314e-18
6.496779844888453e-18
8.830719559536269e-29
3.009310678115727e-12
3.8467850035678604e-24
1.660092172758874e-24
4.1301296827425353e-14
1.937385485755307e-15
1.1798745443958361e-18
1.7747808530597686e-09
4.59377216764358e-11
2.19655713753757e-29
2.5669392465382596e-25
9.456596145594812e-19
3.263897953802931e-27
1.0827298049631887e-39
1.012604729529554e-12
1.0909797325105419e-10
9.183063365307305e-21
1.2229827862133307e-15
2.649366615414146e-17
1.8923129846239407e-11
7.470877008930244e-16
5.17873109752127e-15
4.8489298981110046e-11
7.497448670859082e-12
4.3911133330888154e-29
3.6098699507568396e-06
2.026516117053268e-14
1.6315489148456845e-13
7.238375920809106e-19
3.070945546678092e-17
1.3506752100883442e-13
4.407431147341548e-22
4.029149361158089e-10
3.3175598616534185e-22
3.869030923019658e-12
1.3761353189074905e-19
2.657669520347573e-16
8.48002032132915e-19
3.7666206867082526e-15
7.648014801886089e-26
2.0183631488727587e-19
1.5716107048708085e-18
7.0862966075819345e-12
2.674616478544799e-14
2.967708208480265e-18
4.362110892326015e-15
1.855785889386925e-27
1.4317709259158222e-10
4.748602635833897e-16
2.7195751078955765e-17
9.996238970388963e-18
3.8202732045032654e-12
1.28422311525789e-17
4.6459155344670386e-24
2.1002406521721321e-22
7.890811397357307e-25
3.009987708699461e-26
9.121482793541603e-13
1.0180758474106428e-22
4.211396405795445e-11
5.5381182167034356e-17
3.319097586814228e-20
5.110308182246809e-19
9.025971191060993e-11
5.520352105767931e-11
6.482467637343665e-18
2.216837941969207e-10
8.63040679212027e-27
1.923294114217381e-21
4.366426287489282e-17
1.099847672380206e-27
3.6854430188277845e-12
2.746901727906871e-12
1.7638107386821246e-16
1.2102615165207096e-28
1.1195723497284087e-08
5.550536807241966e-16
3.491938389800825e-14
2.579972987894946e-21
2.7553998361463622e-25
9.98779529609076e-15
5.163237440231434e-13
5.1746999643862444e-20
7.120179804625321e-16
2.9433737483431243e-24
6.151543406923632e-12
7.113740834905157e-17
1.6884797921886253e-13
2.0788950081054594e-18
3.4520184676915896e-24
1.6396369244517657e-10
4.662145549159233e-08
2.984345416894662e-11
3.669466052240592e-27
2.0843264851414864e-13
2.7974650207267456e-33
2.1528318400883004e-08
1.9811443335055075e-23
1.889368669659147e-06
4.909323667534944e-20
1.3621485933900591e-14
1.1331815489037153e-18
4.269836084437877e-11
1.456712260182307e-16
3.625775431952903e-13
7.762460980267424e-16
2.439727441510663e-20
4.996489137538124e-16
3.578136731278095e-18
1.1751566964294966e-15
2.0585938296259745e-14
3.6801215390626447e-17
1.6679241749292306e-22
8.805271106606675e-17
6.423263465667577e-10
2.7254018856454866e-16
8.217335153139881e-14
3.1454462658145272e-18
2.2466208848186528e-11
2.712705569310489e-15
1.0326939188932734e-15
1.724538052932706e-17
3.5224331121901997e-10
9.517734959455161e-19
8.162301030127884e-14
1.5188465809969666e-21
4.661330324071711e-22
7.71806231927759e-12
2.8409522717021894e-08
3.515146270391025e-33
2.0353000206531074e-29
8.029373201333427e-11
1.5614131656988247e-17
9.605683258950035e-11
1.2636209341432014e-17
2.2783932001772123e-21
3.2512736265112656e-27
1.4571810505425421e-21
6.2743622578129965e-21
8.73339956064213e-26
3.957554529450197e-15
1.8588023718624605e-18
1.1109601970069752e-16
1.218144211487862e-06
2.1490861485879744e-15
1.6418232407116785e-13
1.4541710057612555e-09
1.0148087502761762e-18
4.925801238770222e-19
2.6190350250616033e-26
2.9424753719550543e-14
1.210600326157975e-19
3.990565364066021e-22
5.0019741583530397e-26
3.9318059154882097e-14
7.9888481095325195e-28
1.1257244365245601e-08
8.074821037898087e-20
5.166946100838081e-15
9.480013938704942e-18
6.663692460978985e-10
3.054188103435784e-17
4.422050423426064e-14
8.26871332496626e-12
3.184530859310371e-16
1.8175730311972133e-12
3.782649934870655e-14
2.2327913763268265e-15
5.935920021683173e-15
2.7299086346794884e-10
4.5066267700708486e-15
2.0250133970629413e-34
1.3605197283802218e-09
2.2159654371873554e-25
6.266987650458405e-06
4.724020011701564e-11
1.5326553462228418e-28
6.967227348761028e-21
3.2861889654034374e-12
1.5995549651238894e-17
1.6006522589051757e-14
7.489015898567729e-15
3.499728877662323e-16
6.57451624139244e-22
3.29164627478409e-15
5.9346434895343545e-18
3.2230978317895023e-24
3.1955005575281358e-12
3.812479052145183e-21
7.853916203362414e-08
1.3374403960024953e-21
6.297747821920571e-14
4.922024428200297e-08
2.1010346353905795e-14
2.4745573097336937e-13
6.164723590192872e-16
6.377554813609465e-37
1.7632778239540839e-16
4.378035500533646e-18
4.019744638418926e-08
1.746486687491743e-06
3.0456648687092466e-20
7.821979220375053e-24
8.202500713119659e-09
1.1904740247569735e-18
5.137667455872766e-18
1.640424043222194e-22
1.345896552639217e-21
5.387744564681866e-18
7.514023951765898e-07
8.73370998942488e-20
1.1801241265179884e-28
9.975777522598787e-15
4.750435410115938e-13
2.298897052614065e-13
9.33063287946579e-25
5.964440841545225e-12
9.212843195581234e-27
2.6615545325740984e-13
3.114288271366969e-23
8.429099009548366e-10
1.9377560977336928e-21
6.469957013926282e-26
3.557927782425864e-24
1.1785737876222623e-26
6.500203796316737e-23
4.381403127279702e-34
5.558033087394337e-12
1.764112783717156e-11
5.2642620197824206e-09
3.375871428971781e-37
4.0571997846465616e-16
4.825153193665143e-17
3.2290930009512763e-12
1.9622017706986655e-08
8.444168184078985e-13
1.1067055796292924e-14
3.480781230504882e-29
2.463515525100883e-15
9.549346176351106e-11
5.4291317388171035e-14
1.0432558345337216e-12
3.533230461532514e-24
8.039091941077081e-16
6.675090587380375e-19
8.400390741618909e-19
1.792516967889268e-16
9.178595089055726e-23
1.1589450954368175e-19
3.898371726181269e-20
5.41152337288949e-10
2.0470795595953032e-16
2.1583583669802613e-25
7.72778546902215e-15
1.8158953065406614e-15
5.177506679605307e-36
4.1120669206202525e-15
5.7970895154859e-10
2.712278616422549e-25
9.452934841896479e-18
1.408104526855991e-23
9.207661257106258e-13
5.946488405984127e-13
2.3527509673935525e-06
3.29694873564939e-10
5.731224416353605e-21
5.951304319845202e-19
4.710160541597652e-16
2.3475932565152736e-11
3.20851897603764e-11
8.926509544024696e-21
8.823640057898786e-19
4.9548557018401925e-11
3.388226137528065e-20
1.3115486118146667e-10
1.5781619941954217e-20
7.58660109073265e-15
5.789158180759756e-13
2.286368701245021e-14
1.8245601032356848e-07
8.556268797819831e-16
1.9599507289405362e-07
6.186396303873654e-06
2.0003784629505346e-13
6.448534898389266e-12
2.192128972949239e-17
2.252214540806194e-20
6.408999316670739e-16
4.4100087847714735e-12
1.537864333832862e-18
1.2074656996143232e-14
5.44139758769045e-29
1.0384423810577125e-25
8.021418748984785e-17
9.120300215414028e-26
6.175179776896449e-15
1.119373524750349e-32
3.7148384040603944e-17
1.3823201924233307e-09
7.938680035327399e-30
8.064241740974149e-17
8.255922945744107e-06
9.977963919965742e-13
4.0676943531571576e-35
3.8546447539793725e-13
1.5085538526742362e-12
3.5963646489002347e-13
1.037000156011159e-17
3.953582129516707e-15
6.506482772513374e-14
2.9671461557269748e-15
2.2459535144605668e-11
4.443008877420656e-16
5.415215985517939e-23
3.804430633140231e-17
5.095790048621123e-18
5.602213780419812e-20
2.8620156029358124e-22
1.4989628230829581e-18
7.893885119940909e-10
1.2222508128874496e-09
2.24384987723385e-15
4.696196953324434e-13
9.251034291326167e-17
3.753557417091807e-14
6.161158152624465e-11
3.3931873620522345e-18
1.1584551680455032e-15
5.177740953134974e-10
1.1108283648330042e-11
7.142431806590284e-11
9.82309771873285e-15
1.2366987573227272e-14
7.556169836059012e-15
4.757852370241678e-12
8.67137460996673e-23
2.0820053535114088e-20
2.2848705704610278e-35
1.3710927514819864e-09
1.8316487134023784e-13
8.888284302350627e-13
6.273277980660734e-18
7.59074823467424e-20
1.2597166110177704e-11
8.103305664215828e-20
8.018619650293022e-11
1.751440897089268e-14
7.105059004767844e-13
2.091927789740168e-20
1.658118204395222e-09
6.536478330587255e-14
5.5641686927735175e-14
8.620204126707642e-10
1.6165303235159138e-09
7.582431649670723e-12
7.162451918620051e-30
6.047985546650871e-10
1.3059968505903502e-16
5.550087121652347e-19
1.3660521055326779e-13
4.994009681993493e-20
3.4928975004872067e-09
3.7749334715829864e-23
7.724390567981318e-13
2.2197267805518496e-07
5.747356973905896e-22
2.694069034628903e-60
5.2000190210699595e-15
1.1424086120844296e-12
1.3824427837333018e-13
5.696536228436567e-10
5.495319832303799e-22
2.1138502259938986e-09
7.740293781462374e-13
2.142960923655945e-23
7.487325761894814e-13
1.7414677325079643e-09
1.6516624621755138e-20
1.491413649245718e-19
9.642543259701464e-29
4.9170713109764485e-19
7.946835012824767e-12
7.718194430219337e-19
8.653041360942198e-19
3.1389230475062767e-21
4.028431455355142e-11
5.936010153813398e-08
4.502003646666016e-15
8.97563714872433e-08
7.009225188574957e-23
5.687820912436841e-16
1.8390294100692945e-40
8.357802684377826e-17
1.1024488580047755e-16
8.034771588257491e-34
9.27919997818642e-16
4.9438830884113966e-18
2.0821868095681417e-16
5.812125228171774e-26
2.1890415090192514e-16
8.906621686515758e-06
3.371955351430473e-12
9.797349035639634e-20
6.319817364298039e-15
1.8785137279541254e-20
3.3660034101420623e-29
1.7452270488636748e-14
1.5248494794970974e-16
5.131250579274352e-11
1.7872608121920235e-18
1.8171506299214113e-35
5.833554623874861e-08
4.0110411775434973e-13
9.863436589506268e-16
1.8105813482941078e-10
2.072069459568175e-08
6.96061854686819e-17
2.0358653738085301e-13
3.854387982385845e-16
1.384627176140498e-10
1.2401326808109804e-16
1.62255408244573e-20
4.0891470071875483e-13
7.306677968309442e-13
9.043042723995452e-23
1.7839983836793728e-14
7.869156552163442e-14
5.707610145042447e-14
1.0925740404587896e-13
1.3870129474088196e-14
1.3870129474088196e-14
1.0715901985980975e-16
6.100207616009277e-38
6.772683905723903e-10
5.8124812671332114e-30
1.4814679291920261e-19
1.851376690668256e-07
1.548396742857994e-06
1.4587444999055342e-13
2.8932456433616782e-24
1.885760293617796e-09
3.1854712773970307e-13
5.049622823545976e-15
9.071734971069491e-14
5.670766427254261e-14
3.525210903972328e-18
4.042441790529564e-08
2.8153460329954106e-13
2.446187035990783e-16
1.6792221856282274e-23
3.2212244017061797e-22
4.459362127855965e-16
3.775235741750472e-20
2.744806235053749e-17
1.1440939023588893e-11
5.776998663258128e-13
2.784353262550863e-13
1.4815595813556132e-10
2.30987880000774e-10
1.8189246752236682e-13
3.424441934083917e-24
5.026053351521894e-16
1.996479760840158e-33
5.959427626524346e-10
7.519334080296878e-13
9.66356742045961e-15
6.277795847029959e-19
1.3889386088038268e-12
7.08440442431785e-31
2.877808612037452e-17
3.5448652497719806e-13
2.0187956515794484e-13
2.3590955912211344e-12
6.472037974225971e-14
6.9184914895801565e-12
1.3411452341758838e-10
3.108395733418937e-12
2.4211958577559044e-18
6.057863624637672e-12
1.0125263936377909e-16
1.3175579761270183e-13
6.2692604608494395e-15
1.472560456796815e-11
1.372043997476685e-07
1.1639032429498699e-19
2.871078152690713e-14
7.634039591987702e-14
3.461274489560378e-22
3.0499786417141683e-20
1.4024998059141862e-20
2.9020646803812027e-13
8.220069251120196e-20
3.43243731959524e-16
7.538253438112068e-24
4.564306696908867e-14
1.7447839714997976e-11
3.3624840383370696e-12
2.6271886325077584e-25
6.925141287669301e-19
3.019913251501181e-07
2.2165282102679654e-10
5.794120090356278e-17
5.501349565774606e-14
1.7216128641433171e-19
4.866177677412047e-23
7.939756419528409e-13
3.4984609817219007e-23
4.081482961120504e-18
1.245135077205041e-13
2.421484242071389e-13
1.382371194523154e-16
5.048886733855374e-19
2.0722514217028488e-14
4.783606632571804e-16
2.6899628667047815e-26
3.1192048073848216e-21
2.5330662017804424e-15
7.200554225661856e-20
1.3616863831416107e-18
4.732067247598017e-16
5.885442036857295e-19
1.2323950300442144e-17
1.2021141458625083e-17
5.230464496426185e-10
5.798683163870643e-07
1.488737307993805e-15
2.9312744368257166e-12
1.8067056822347288e-13
9.713926803659059e-19
1.1830742443102172e-08
7.414151143364534e-13
7.458034428110506e-17
1.712688244581138e-19
7.93877627808536e-13
1.9295133571661203e-14
6.892857117502193e-17
2.6636916750598188e-18
2.7556505018836524e-17
2.067692581291791e-12
5.0816962592162714e-09
1.5785870273135017e-14
5.818268344020357e-16
1.3677421085162929e-17
6.70059417227651e-21
2.1569132036948213e-09
1.895366756729998e-13
7.610425127114986e-31
7.410977941176749e-14
1.6963921554951394e-08
4.956440012726324e-09
4.988832311160002e-15
6.465964415805117e-06
4.3620544556637646e-11
8.77680531419284e-18
1.5002485089738892e-14
7.622154871749164e-20
1.614649419411215e-10
1.8297399429918108e-10
6.263475149961084e-17
2.6559274370836774e-12
2.8237427208168356e-13
1.3660528447473851e-13
1.636003294965989e-05
5.085207395561094e-09
1.7417339389697885e-31
2.272663037773044e-14
1.5855687052704323e-31
4.3528114273630465e-12
4.2980929691396006e-23
5.7247448864117075e-12
3.4822398478208244e-16
1.472434328802457e-15
2.5276665080132346e-15
2.8356888138967784e-13
1.997694022456901e-12
3.2737385768070555e-11
8.099058527814213e-34
5.380628005063815e-22
5.100915260007048e-05
4.113434890931084e-16
1.0782652944357572e-09
5.320419272178839e-13
1.2568346329484402e-17
6.166032105576066e-06
4.958787725597298e-09
8.528419808424694e-13
8.206359112291636e-22
4.2144442692734575e-15
6.5422611962861205e-12
2.0045990590199202e-11
5.72345794417618e-15
1.5796013796116532e-11
4.7680977288516636e-21
3.3203375591696847e-15
9.292744654768742e-15
1.3988342639521558e-13
4.55868570585894e-19
2.531982356336544e-16
8.368945218249554e-07
1.6881907117277394e-17
6.305787527875659e-19
5.883650718612936e-10
1.0076120679006861e-14
1.0650429711354888e-08
2.955708687204313e-05
1.4701905191771432e-10
2.15890049939457e-18
3.5418097983007873e-17
1.900687863619041e-28
1.0605602943332273e-36
1.7408430976544732e-16
8.584066453207232e-13
4.970722751762762e-16
3.9432201041504164e-08
2.2966657243477626e-13
1.6341744375763998e-28
3.5646066858997395e-08
9.314573379352643e-21
1.407820667530311e-22
4.722492935314903e-06
9.80398298232838e-26
5.66643293925457e-13
5.633415801248475e-10
4.3753144299350023e-17
2.2207413212293434e-13
7.875273740252816e-10
2.0457098160000286e-15
4.0217080956497623e-25
4.049670681275222e-10
4.963248100457242e-13
1.2950180841700463e-16
4.790523948490848e-12
1.2897933508777056e-20
8.808543357870674e-07
4.921132149768115e-18
1.2699512659279936e-19
5.049829115290998e-16
6.523979885959307e-19
1.335265671958152e-15
1.7129722050589947e-40
7.208488347877831e-16
8.056863628078832e-17
8.869929987244034e-10
7.94846628186403e-20
3.584771499618628e-26
1.993201405003657e-15
9.290317374591197e-11
9.909652430864864e-16
1.2126401914824592e-15
2.676327862085524e-25
3.8558827913356574e-10
6.011210221777842e-12
9.315922609684695e-17
3.806490678113323e-20
3.828930851343412e-10
9.569740099939956e-24
4.5883287262714383e-11
1.0313342004359501e-34
1.6160850360223174e-13
1.63401165982544e-17
1.4802838946328956e-14
3.2414958513796123e-15
1.3228209386737575e-13
6.159670314653581e-19
2.2184206652514853e-20
1.5111677551903127e-18
1.358278455145582e-21
7.513753456930157e-12
3.589089294895734e-20
2.104823989713039e-13
6.026034615590455e-17
1.2815870443501605e-18
6.748133577514885e-07
4.07000206039257e-12
2.3870644663754423e-16
1.0194643784881357e-12
2.5362520531573442e-25
1.2692786525460832e-21
3.525890133493284e-23
8.422690671210411e-17
6.459885817810305e-08
1.5181948222661958e-13
1.3666021720220662e-15
7.761675112406938e-10
3.1007198171814576e-08
2.7014653303540815e-09
3.248975895715036e-11
9.018162081677223e-14
6.204535040296965e-16
4.954277370931849e-17
7.918928835257284e-16
1.6800324231622598e-25
8.966363069441841e-18
2.7386225352390907e-17
6.528239983373673e-31
2.79445980317123e-23
4.3720622907289655e-21
1.6415584776042256e-13
1.6928412436184116e-11
2.8257940695316327e-09
2.664785744646796e-14
3.124221089582445e-14
1.7487693841918073e-12
1.5236535865947655e-10
5.471365763789895e-10
8.709238893529067e-16
1.1274898728767753e-28
8.081826048483213e-10
2.6122230940152735e-09
6.505812080199985e-23
3.8606454580288364e-22
1.3050613867378845e-10
8.035405268881013e-24
2.481353654006606e-16
2.5130262004519556e-40
5.441055291779518e-16
3.199476568196137e-14
3.504281878395368e-17
7.472641601994342e-25
2.0520354650580724e-16
2.4328142949619086e-23
7.012819953535797e-14
1.638405068358582e-27
5.5102984063383855e-05
1.0778420701337804e-17
1.2655801860265811e-17
3.720335517971868e-19
1.1402693014229195e-10
2.275590864207387e-13
1.0047989156574795e-35
7.145276793488577e-19
7.455309807221575e-17
8.613918030614687e-16
1.9703988337257338e-14
1.0163342837956827e-10
1.340464516279034e-12
5.531299126707401e-21
4.4164762773307097e-07
3.249278735415263e-18
1.835097269583883e-11
1.329986551894825e-13
1.8046885534007172e-19
1.2526495453866218e-23
1.2613272637152904e-23
4.111832954826145e-12
1.1863388995012448e-12
4.280183819093812e-19
5.230347800575651e-15
1.0592206712750648e-17
2.1976805169505786e-14
3.0655596191716275e-18
6.010494772092898e-15
3.918352983796104e-11
2.0749590919724627e-12
6.632817817882608e-21
5.308943373346703e-16
9.194615868406735e-15
1.291631926137619e-12
8.379404465927049e-13
8.827247942040997e-12
1.121002924719364e-18
3.069350376141852e-16
6.376352709371274e-21
3.4986321003424997e-09
8.129384567856933e-17
4.081392646023004e-10
2.2828086110481826e-12
1.090817779108248e-15
2.5412456670926777e-21
1.8808380832851322e-55
1.436428169526902e-17
2.679151281890534e-13
1.5525571570111116e-10
7.22313995804416e-16
5.212537145734108e-06
6.0203853041331e-15
2.2824481927694254e-15
2.041946921175278e-15
5.686780336400672e-25
2.2189112614644663e-27
1.1758366318535332e-18
2.209907637141805e-13
3.219308101917722e-14
7.510489684009269e-10
2.2876817169177416e-17
1.3335486184369716e-21
4.3204909280102516e-13
2.360613508496345e-16
1.6701967584109667e-19
8.818994043830441e-21
5.4424329039992876e-18
2.8420467792976227e-12
2.283766778803356e-16
8.30326542728704e-11
3.4379625146253694e-32
2.601394732004429e-11
5.923654601156612e-24
6.693828525308598e-11
2.2619338452660476e-27
1.9202898477984245e-12
1.0523207814251936e-23
2.615757417610932e-19
2.6116857755117785e-14
9.44917354746148e-15
1.8525506927861345e-09
4.4732972411709235e-13
8.041824215569838e-22
4.392993822278929e-19
1.0651647613330627e-13
1.236009363539254e-27
1.5326055805303287e-19
5.461399384386276e-19
2.2608900354008477e-07
7.859187608863589e-22
9.095813834237787e-25
8.207324139445166e-16
2.8088647926695542e-12
1.6915106401301203e-23
2.5776400643760624e-22
7.778279121634178e-21
9.956413471409679e-08
8.296734492763062e-24
4.331438108302437e-11
1.2084515458698447e-60
1.3607433131748982e-08
1.5988272601510132e-20
2.7348788998946892e-15
1.5227153370566255e-11
1.3506970124836216e-13
3.241799848087787e-13
6.047861326595034e-17
9.859838631822058e-15
3.794583836722414e-15
1.2747029557138163e-24
7.056961177596475e-16
1.2279173692014333e-18
4.375460552826334e-18
1.3484860151474457e-15
4.393020497996757e-13
2.117114028107005e-15
1.0288741676365656e-20
7.771038320531235e-16
3.840135853321745e-09
4.495660484606717e-22
2.3609089403383137e-35
1.6936996268154427e-18
6.956859423538087e-31
4.707206652914118e-12
1.6292039348229968e-23
9.445720021714896e-17
5.529129029850437e-23
1.3572922799442203e-18
8.012297804460912e-14
1.9662095713825327e-24
4.5357376136195235e-24
1.1739917424576168e-22
1.0441643219452767e-23
3.1149862691928254e-19
2.053842928746296e-09
3.263567877457878e-16
1.2238636095926059e-08
2.7685171106067125e-16
3.890126303921664e-19
7.107090407375393e-19
1.9643184906430156e-14
3.342907525564125e-21
3.170933479089853e-10
1.0477928812514835e-09
2.9085867994531255e-27
3.131955660706862e-10
6.2542675379913255e-12
1.011942646767444e-19
1.8470872940879577e-14
4.729960178713343e-18
1.3595633893411512e-16
1.559134278674991e-08
2.3219802858168815e-10
7.559702668357768e-32
1.0500915794748154e-13
2.086959420013831e-13
6.313187696144537e-23
1.282549858632138e-09
1.1050164665712203e-27
1.693618338961362e-10
3.5082075416826223e-19
7.724390567981318e-13
4.750277266980302e-15
5.99647024346149e-16
8.022488050478771e-11
3.500746474997838e-26
1.4955615546930257e-14
3.6706864006359374e-10
4.7572728884682824e-17
1.5373421913136386e-11
9.01092317265287e-16
4.3559732071704035e-16
1.0721835908264146e-22
2.4919502027528932e-23
3.877044020140246e-14
4.036616766273599e-16
5.100883061059519e-14
2.546954531801871e-18
7.965108510746102e-14
1.9483709919726285e-12
4.7781929493379656e-24
2.791250220981046e-13
1.629911491113041e-11
5.244192148922951e-52
1.2236312165059368e-19
4.364489093525475e-10
1.073783583537238e-18
2.092722456635124e-12
6.199071481573441e-23
6.730592985521881e-17
5.24914818647695e-15
2.862380621803679e-13
2.234833751083713e-17
4.333510353003336e-07
1.0611951075167944e-17
4.061607688695647e-18
1.8404051524424148e-20
4.966665231214023e-16
8.181307848240066e-10
1.2064360566008517e-20
7.548965035655465e-21
3.00566220666997e-11
2.649873862964674e-08
2.1153862207413473e-13
5.915128585230699e-13
1.4083078629399903e-34
1.981080677822541e-21
1.435324404251588e-14
1.850043819139741e-09
2.5819948260532433e-13
4.7595946354413184e-14
2.2452372184929835e-19
1.0442534820516203e-09
1.1293971551862288e-22
5.740608732133681e-16
2.031467093624642e-24
1.7992575853467785e-14
8.8783738895025e-16
8.12237804292766e-15
1.3194564018374029e-12
1.0938441202335667e-14
4.0347428994437384e-19
8.715786689358322e-22
1.9713811333096448e-27
1.4299270886522824e-13
1.9916538171717444e-11
6.087706562693046e-14
7.432100928154551e-12
4.099443859348179e-16
2.507952956447078e-16
2.369199493476885e-14
4.7518214684405235e-15
6.304715005470434e-14
1.526246833083472e-23
3.105579210885901e-15
2.4442511317848735e-28
1.7162531883207694e-27
1.8737457409086943e-21
8.298344098499623e-17
9.036726054782563e-15
1.4232037884737724e-14
2.1959428581150235e-27
3.343230354434159e-35
5.737844452915951e-17
2.619430422430149e-16
8.576448084396758e-16
2.4477891321717396e-20
6.004124686921552e-17
1.5785189542718695e-14
1.764233634038727e-23
2.0039043526506972e-21
8.180681376796103e-15
2.638411886262315e-07
2.401531030867897e-12
6.677017531075734e-25
1.634924033558283e-11
1.5345493282465477e-09
7.078639373357218e-20
2.7670389184006712e-09
6.99380201262855e-19
1.4242632764467377e-18
2.3077541301180056e-14
1.3120749402959883e-16
5.153098546253695e-23
6.289143240810943e-19
1.524661972933302e-40
1.9378262262432247e-18
1.922834222945341e-10
5.027472680632863e-23
6.878388636056442e-22
2.5949126364973354e-09
8.970446262448552e-37
9.211992441611337e-07
1.1208363999212834e-21
2.709354744257377e-12
2.605155692197642e-14
6.701700069191194e-11
7.673922967651985e-21
2.745872344730138e-14
1.1872108671761688e-20
4.86656623838404e-18
5.553261832460833e-12
1.291067526678139e-06
1.5205441434309932e-23
1.1550654769608668e-17
1.6809356021319667e-13
8.830928647484636e-20
1.8887687693612244e-18
5.507241971315044e-15
8.814874099496242e-14
5.541003633457657e-18
7.768146716937898e-15
1.2393355141296066e-09
1.5709280160283622e-17
5.601139678742746e-21
6.346608423984331e-48
1.58197800784527e-15
6.5759728416981566e-24
4.115194971278647e-17
2.973781404770119e-16
1.4149950651893397e-14
1.2282430040658826e-13
3.159980301559448e-17
1.5634511773870509e-15
4.439440884790892e-17
3.366644648298499e-15
1.2692552391197396e-14
6.1658861363934946e-24
3.052490762641416e-19
1.0198311984342773e-22
1.5278126437264828e-20
1.4169651997978535e-21
2.520285233612552e-10
1.1946171488389967e-15
8.688596627046801e-14
3.0850136883326823e-20
2.1434916156240187e-12
4.21813384676044e-15
2.741814653926096e-12
1.1485338253113701e-24
2.1960213282373586e-16
6.8597109831875726e-15
9.371922536876857e-23
9.785381757463854e-11
3.686647942849473e-12
8.311178219589387e-22
7.12852990814317e-16
1.4270278097897147e-17
1.197622125948371e-21
1.1134901585516157e-33
5.6291690601979334e-24
4.589400705620863e-06
4.0771172089733e-16
8.78545892089852e-29
5.84926779491048e-07
6.140642250128142e-17
1.759630643255252e-15
1.3278821127846108e-27
1.3296500057437183e-24
5.916199413700497e-13
1.036785697271557e-21
5.0068044452156255e-08
2.2822801616652234e-18
2.432099079817741e-12
1.7999570040846173e-17
1.1861151300144093e-11
2.564855466734327e-14
1.6349041464965382e-11
3.0274677789240058e-21
9.287805690235683e-34
3.937158300538441e-09
6.681114285390295e-08
0.00010509196402993668
5.918744524578716e-08
7.451747829998493e-20
2.7183056523787663e-32
7.512260018892331e-12
1.621810803511889e-14
1.073538184499016e-31
1.052490093664067e-28
2.6669877905981458e-24
1.9134131548003875e-21
8.408608381975009e-12
1.3231018551368257e-19
1.957874813807832e-19
4.388157046061302e-17
2.7428215193848174e-19
1.2420551566474625e-23
4.6251898544487487e-26
8.568446465825924e-21
2.3555304968332913e-17
4.552984559211685e-16
2.529584529443868e-17
1.9440397617263119e-25
6.926781085435832e-30
4.407871867968326e-17
1.0551745705289787e-15
2.175078458619899e-19
2.700015500447519e-21
2.422186706732521e-22
1.3763603129629437e-19
1.6370260089117953e-13
2.8581990583121386e-19
1.718925478869744e-14
9.65237489382555e-12
9.05290683398378e-32
8.899308780150785e-16
5.328615473104109e-19
6.327571261732461e-18
4.215766977224229e-25
5.447458752674487e-14
9.69580992011698e-20
1.911064699849113e-13
5.533102523538336e-19
1.0786224573260117e-07
7.137815217271935e-07
3.5419808024147714e-11
9.333177224580369e-17
4.883874942961222e-11
2.9790243749423545e-20
3.2243073689029737e-18
1.3483137161588585e-13
9.11292936035975e-14
1.3000437044344057e-39
2.293014208459079e-15
1.9521464419535345e-17
5.553324318129401e-11
4.795076569016356e-19
1.2494122123664598e-27
2.5047110197951886e-18
6.2585944371105695e-25
2.4768646827665136e-14
4.703535271246407e-22
5.54696692238166e-29
8.974838467699622e-18
1.371369906212491e-08
1.7350720136925406e-06
6.442667546918992e-21
7.357731453562636e-11
1.8905177755629028e-17
1.332916138285207e-16
7.335796041651017e-21
3.0151522252740493e-11
3.883031132523911e-19
8.382937180174614e-09
3.0332509293971486e-11
1.6182594706499515e-13
1.1646154916801464e-07
2.5704581524693413e-18
3.505128448112714e-26
1.0165198574249243e-14
1.959746591435821e-22
2.2279127311418075e-19
1.5495904882295334e-19
3.747658103570996e-15
2.0103947708755893e-44
8.542515318016253e-11
1.3044961525006857e-13
3.318079652771603e-19
7.748546682306051e-24
4.152714419893092e-23
2.0846523778209373e-16
5.986321426605472e-15
2.2487743322054894e-14
5.494869936772403e-16
1.288071256945164e-11
2.1784884477411964e-17
9.313281651423329e-37
3.046060668199847e-22
1.7124723504013871e-18
2.3173888086926523e-19
1.8628520555293283e-15
1.0656505545289882e-20
1.0526893637078933e-07
1.0747210902155807e-17
1.2345634925600928e-10
7.011336864470396e-18
6.682584604676824e-17
7.373831199177626e-26
5.691328839236908e-17
1.1811228182898273e-24
1.7751868911758834e-19
1.133212541338262e-12
5.395814114608651e-18
1.7825732773161098e-12
3.986902405748812e-12
3.796898829792234e-15
1.1750825818119339e-63
2.0545787753056834e-15
1.6946213144674377e-07
1.836187121557514e-18
1.6318707659243954e-15
3.496163279040267e-11
2.0127715069171366e-06
2.7420745100603867e-12
7.403692234599277e-30
1.4015571648894058e-15
1.3468380523356857e-12
3.149480167387827e-13
7.171558545965748e-18
3.8878818850039674e-18
4.1392992238586546e-24
2.4209928719502593e-07
1.6136332942069926e-12
9.034129502626626e-14
2.273511256230804e-20
5.620428008019144e-10
3.1637413064726986e-15
3.9820355160554255e-12
7.162941539306875e-15
4.933528126426452e-10
1.3127759407837025e-27
1.5296171929460147e-12
1.6924313617773893e-22
6.095679359333831e-17
3.6903210826101986e-20
1.1678373823279112e-10
9.714555205624502e-20
9.234619356545028e-13
4.3546077941204144e-12
6.983439080005377e-19
1.5708883860230135e-14
6.627166218272395e-18
1.3692747563903951e-19
5.344892443142169e-10
2.6367474385192692e-15
1.0290425650254885e-07
2.8668230020419176e-28
3.0193671388655826e-16
2.6952617379402604e-18
1.5283466507119636e-15
1.0041155921082658e-20
1.1280907588044559e-24
9.38650218238659e-16
2.1059880666650134e-11
3.877651678373233e-14
8.849690710381088e-53
1.0468110196968309e-31
7.610581597792118e-27
2.1892721336830375e-15
1.0927920844323747e-26
2.643667369279183e-13
1.9871380347017205e-21
1.3833209471515435e-17
3.394311401563183e-11
3.006278646874158e-16
4.3411032538835075e-15
7.999982001996552e-14
1.1121116037841161e-13
5.259795744457248e-11
1.068148305151905e-15
1.6086884563600158e-12
2.0058279782564802e-12
3.121880667084214e-13
2.4429121434802707e-22
1.3791414977115162e-12
1.2580641776146052e-09
2.477142041577844e-40
5.853915604008215e-06
5.122275594544277e-26
1.1669404860478062e-17
8.808810913394792e-16
3.6305346226944426e-12
3.0478060310330434e-24
1.3848281801105736e-18
7.322132829781888e-16
4.902950908279469e-11
1.3876157007524734e-17
4.508348181549611e-21
2.800416489500375e-20
6.073176989376037e-12
7.393287281278024e-17
3.5142533733116054e-35
2.0133962741647906e-11
1.3178840255303863e-19
1.2651281217354789e-15
2.7284193593033054e-16
3.828751981823723e-12
3.2551210624952354e-15
4.667339942001463e-10
3.0515240356549387e-12
8.876340062902409e-09
1.574663897060251e-19
3.674203318453623e-13
1.9120278329468327e-30
6.766208746753553e-15
4.67132862901302e-13
3.83532174349681e-10
2.0566556678238041e-16
5.547049365617586e-15
2.460369412362075e-11
1.3608840740851211e-08
1.1921785817440775e-12
5.086001494594863e-28
1.2184620069891508e-14
1.4964433165794e-25
3.8780345333042553e-11
1.1145333286573741e-14
1.98507747271577e-10
3.1828081392294233e-19
4.617142498011306e-23
2.3189054923704517e-24
2.2383751465862647e-16
8.56837654751348e-16
3.0465779477946426e-30
1.457095558389236e-11
1.0778774571048376e-28
2.234593683746951e-17
3.4037880031794592e-18
3.930396031623569e-30
8.48413765949839e-17
6.2952518968582805e-24
1.3413535689036391e-17
3.430948232908025e-17
2.6545485459778295e-17
3.142003595960504e-20
1.309986093380832e-18
5.245230707311731e-12
1.025600348478837e-16
0.00023153473978476669
3.97259119496231e-23
3.949482044079821e-11
3.5179920876849753e-14
2.5576195016014773e-12
5.439518760140312e-21
1.662210090502288e-19
2.9864283420022125e-28
9.843264825358432e-10
1.1235577512771406e-19
4.605989635856497e-15
3.007462919745648e-11
2.4047857668069877e-24
5.344068072840924e-13
1.2225006044068137e-09
9.404297582447942e-12
7.240383829392093e-17
1.2470703655563126e-27
3.3553769552947136e-10
4.036487888149892e-20
9.968124586181474e-14
9.14373303098129e-12
4.036778476420228e-37
3.823033563308127e-20
6.352450800977796e-16
2.418011894206062e-18
2.5074526223417568e-17
3.1987693964767225e-09
6.88082014761878e-24
3.844154228106623e-12
3.1442464406354202e-28
9.244762536491171e-15
1.3146145174618805e-32
1.6806452301133828e-18
3.8922182245498663e-25
8.763820433965957e-16
2.0660799224916603e-08
2.78333982891451e-14
3.128290923901636e-15
1.4611484038578834e-14
1.3483893442289772e-17
7.360535070518769e-33
7.640030710093498e-15
4.358327934943759e-16
2.7009300411222333e-09
1.0907585608753173e-22
1.755305988982374e-11
6.982360733436557e-10
4.3703014598830745e-23
6.346839977750606e-17
1.652491455136263e-16
1.6436674261466057e-17
1.5467611467241102e-15
2.0668817078147234e-13
1.0610009920839319e-17
2.571242403032949e-16
3.424269241107754e-25
6.17103798981612e-13
3.534933030316005e-14
6.608333808457711e-16
2.6161107366461243e-19
2.7538861597605623e-27
1.3740540235163958e-22
6.74807943877068e-20
8.824633620293718e-28
6.578952864768359e-17
1.8319608684362747e-18
4.4149588409664675e-09
2.4322064040990437e-16
3.1890417963055416e-13
7.529032605102179e-14
3.0478045730844644e-16
1.0473226928564382e-32
2.1967199863927084e-08
2.7726938856323975e-17
1.630292221809369e-14
2.8125649451995616e-21
6.753977789078418e-10
2.4912626892234796e-07
2.5967167475992848e-12
1.4133450157802518e-18
5.745448750272715e-12
3.9580918817004637e-19
2.297003218512106e-17
5.8012024106706805e-12
1.6000786973385388e-08
1.6834451333875135e-10
2.5163129959880694e-14
1.4943385212319126e-15
4.359769955574038e-12
2.0200392774826026e-14
9.347083908574206e-25
2.8440995497972378e-15
3.953005278914559e-21
6.122929816008539e-22
2.3629671441906972e-14
1.0168740611089737e-06
2.9244681746353813e-10
4.15978180312993e-18
1.3558488888969437e-07
7.95080233338384e-15
2.9441453104301536e-15
7.212775944394022e-11
1.611675456759224e-21
7.368766298068233e-18
6.711870345296214e-14
6.405756468943582e-17
2.607023580414233e-09
3.237215923788833e-18
5.0038773754959274e-14
3.2449271600087464e-12
8.98142027775506e-21
2.3063543213447003e-16
1.503830683710463e-08
1.5718924360756016e-07
4.010020381177768e-13
1.0148663040514545e-29
9.323923820237867e-25
2.8680533866150855e-22
1.5643954891561207e-41
1.560937456227857e-11
5.95568670836919e-14
3.0653557118015323e-13
1.169588604833435e-14
2.0249864139291903e-11
1.0233231937302368e-27
1.7456838569582213e-24
3.104766868436558e-30
1.2567281588319963e-24
3.224081057494931e-16
6.532022823264991e-17
3.068094205120863e-13
2.8363513049473197e-15
9.711543358931878e-17
1.3564409249439882e-15
9.263813446112612e-19
1.2434381084939558e-28
3.7182652116704606e-25
7.237321836251982e-20
6.16412551609629e-25
2.3494536916787183e-19
3.638884943470143e-18
1.1075762135702216e-27
5.7741132980950134e-11
5.00537525045934e-18
2.0806985403671622e-35
1.7519810432388514e-18
3.239444981156317e-09
2.258551277147596e-23
8.148163889970339e-19
2.1657662407963582e-13
7.655354153379532e-11
1.7138028027227018e-10
4.2017031058647916e-16
2.8769623431238748e-11
7.319380050478006e-16
3.01071915705863e-20
5.943137114786856e-09
1.907292955816373e-15
6.5418263038945834e-18
1.4926989806840437e-13
9.175248167391628e-48
1.0581165690452429e-20
4.7620921447726035e-11
3.043323250152739e-12
1.4218033618369357e-13
1.2526372179901492e-19
2.627786212210014e-10
2.4984942721033577e-19
4.3194973573690127e-13
5.59228722697779e-18
3.5840400823086024e-11
2.996755944449169e-14
3.1719270022211997e-11
7.087326312156575e-17
4.3753285332043624e-17
1.317180679723857e-14
6.39030597545182e-12
3.007930075968581e-30
1.3192785570179546e-16
1.0129917885603681e-07
1.2183017607417024e-16
1.3931827834210638e-13
3.718752026326697e-15
3.572940233058878e-09
3.566539738732211e-08
1.8475163879451125e-21
1.7738771717588015e-16
4.786343903831822e-21
2.684409418241704e-13
1.3270765728186334e-21
4.3435240693027516e-18
1.0635231647105983e-11
1.562109984635095e-29
7.602986877028051e-39
3.105631783896472e-18
1.1945006646167544e-06
7.766384408126992e-16
1.0474111623160888e-13
2.263466729828056e-09
8.009980556348186e-13
6.872130820559347e-14
5.354714730546414e-16
8.570403560967132e-15
9.346707051061492e-14
4.509607842813194e-19
1.7521129085486035e-09
6.71612351290212e-14
3.854084315535391e-16
1.4246836475725446e-51
4.1909065094285604e-12
2.133964330970579e-12
4.7082538031968344e-17
1.274594283441327e-20
1.3623294759814783e-15
4.805067914926227e-20
2.302747874218081e-10
1.5831538372744991e-16
1.2731188987730464e-16
1.1452147413702487e-26
1.963002722071805e-12
2.2791158910146816e-17
5.794442172203198e-35
3.602687745026062e-15
3.4190769954907785e-18
7.62194301376709e-19
3.6567329133828436e-10
6.265551236214389e-14
1.9043486654428496e-16
1.5929955809760277e-13
8.172460928503195e-09
3.6903801187234215e-08
7.946835012824767e-12
7.15591832611638e-10
1.4852146979779067e-08
1.0866413782553139e-11
1.0623095263360505e-15
2.3146117447404598e-14
2.0555808010399368e-11
2.152132709343542e-15
8.274691302212766e-15
2.8207793168553445e-19
1.0641556117273412e-17
2.219508986792908e-21
7.355753282421925e-20
1.9264437880791414e-17
5.474777289188274e-17
5.233182795912093e-14
1.0171621266357519e-17
5.30185976132185e-22
1.0025953812901727e-13
2.628925334424668e-10
8.470140807416646e-17
2.8570045496718183e-25
7.161883595065056e-23
1.4494171689791847e-11
3.5253231285441497e-13
7.918817214679213e-10
2.80151962975051e-19
5.586350398891024e-18
1.1465321368016163e-10
2.3125472784321054e-14
1.1775647829222746e-19
1.0691154488234459e-13
2.466058228939368e-15
2.0601716094268964e-08
2.2075454349187842e-11
2.0063214895001886e-22
6.398974368414446e-16
3.4647269137187666e-09
9.126638267749554e-12
1.1788403096909031e-27
8.079285551758161e-16
7.73805166672611e-22
1.1788886596280885e-14
1.577365462215702e-23
4.991948703825127e-34
1.6063490430244707e-30
9.763674636828043e-38
1.4961312263537315e-18
4.848293765231581e-10
4.2202386437523187e-16
7.800903700989691e-19
2.0551596301449554e-18
7.606806483840425e-17
1.8237144942752206e-08
2.605075877994973e-10
2.947310961922069e-17
9.512163358597166e-10
6.806499913267875e-25
8.679640909504031e-16
5.140827882909998e-34
2.563280262018347e-10
3.7753279712278566e-18
6.601534358800081e-29
4.883909076785927e-06
1.1068213011070919e-46
2.0040284376499428e-14
1.1844218212948004e-10
1.2472541863305116e-11
4.189712109667552e-11
1.547920528100324e-17
1.6259391095034545e-10
6.984044814006288e-15
8.374751058922474e-19
1.911443713853047e-13
9.901183327918213e-15
3.921957475882557e-09
2.9844996181173845e-10
2.2140464122704473e-14
4.5700583006444703e-10
1.7854005386216762e-16
1.1356785912297887e-13
1.1291559674886462e-08
6.283415951801628e-14
3.073073972392843e-10
4.550789785452907e-08
2.3997444699608448e-21
1.7980734003426664e-09
4.4208359929391087e-14
1.2294537425656911e-17
8.649073196073002e-22
1.1644524395078126e-24
1.5331769416461771e-16
3.370868428844716e-30
1.1295028809589548e-17
2.6933476065267926e-10
3.191400084960289e-14
4.1506583779901e-21
4.2137063711512017e-17
8.21380553982995e-18
1.1069808385375281e-30
2.058451428840984e-05
8.220826599150142e-12
1.540852412874745e-22
9.966926264692262e-24
1.1782214432266913e-17
3.830236929133319e-15
5.8381400164953466e-08
3.1595971674444905e-16
4.020755042471474e-14
1.2466690414736176e-13
9.079321986423023e-17
2.0991863804856313e-31
1.2448669856893386e-17
1.7653522020344944e-24
1.3631602475333006e-15
4.3189407910001557e-16
2.023144065132665e-22
6.839205343139915e-14
1.8275207081156495e-06
7.210838112358764e-22
1.0873873952077288e-15
8.87653330731839e-09
3.0369030509178966e-21
1.3787697378903279e-13
1.8003404564487844e-25
1.7129781102378058e-17
6.829896176032164e-13
3.7189149133269973e-25
2.0816864979926477e-26
6.946120943831052e-19
1.9600199857506945e-21
2.592465795379303e-06
2.2663986901398403e-35
8.05325819094628e-44
1.6411258188924508e-19
1.212069452231427e-11
5.311629098693846e-25
4.1810881189564214e-16
2.0974260354850452e-13
2.4670399493157366e-12
1.82392878664117e-24
2.416444198084022e-21
8.075594380646232e-24
1.765168586309032e-24
1.4241270415315206e-11
6.299133115355009e-07
1.8862099938155837e-13
2.563717473955839e-11
4.477918049730255e-18
3.5068387025674934e-20
4.02920514696304e-15
9.444842691880606e-14
5.211831169789006e-11
2.758428213903611e-16
1.195974570652822e-14
2.6968284212567602e-27
5.5627157582283665e-11
1.4731103471403068e-25
1.9139566061115714e-17
5.3182973598668654e-21
1.1662983890524269e-22
1.35350498173015e-12
2.1825217031913674e-16
8.943116269680951e-19
5.54471802741684e-14
1.5194083550433424e-34
5.356803171798863e-13
5.5536599820748e-20
5.421706635172608e-16
1.4857822551554265e-16
3.3530079386269924e-22
1.7905123031484823e-15
1.0554234297043101e-26
1.2650131453429631e-17
1.725297409026054e-41
3.1179655847512892e-18
4.544195280961259e-20
7.071499242619125e-15
2.3610240842441042e-24
5.569259310906965e-16
8.719755891604483e-15
3.248177682205603e-12
8.84960649627882e-12
6.950996161819659e-24
1.9974217998781747e-19
1.0283960895606909e-15
2.9132404152796753e-13
3.5301023832820824e-13
3.111172223723824e-20
1.2903387886736161e-16
8.127647470362489e-26
1.30687799300284e-14
2.631244821283489e-20
3.6631222521488215e-06
1.2253395830060278e-26
8.031155674396651e-18
6.56224948307209e-20
2.8961049090056516e-14
9.839303073683359e-05
4.80440032531881e-15
8.259764294589446e-19
6.037475530884133e-13
2.601364679127337e-17
1.8543817563417026e-17
1.78635914682645e-24
4.6253082442638334e-10
4.6869123581462595e-14
9.524529891664635e-17
1.7937569055495815e-20
3.613606591424747e-14
5.085855755871861e-16
2.435342035718072e-11
3.1353531277504345e-11
7.379922656246773e-16
2.041362228700246e-25
5.029269887505418e-13
9.972756772347396e-18
1.7157052996099691e-18
4.070425028219724e-07
1.413475312536378e-16
3.972860572397197e-18
3.803356417681658e-22
5.605471962284059e-17
8.657673262178739e-14
1.2333748668395654e-23
1.6423590278231415e-18
9.840823428780665e-08
1.723162209425772e-19
1.2223559031882254e-21
1.1441803712467133e-21
7.814998239582715e-17
2.3583217279817496e-14
5.576284566980873e-11
1.0056475096130344e-14
2.656261711389997e-14
1.8889585531066405e-16
9.554048717206467e-20
1.5710155790519725e-23
2.2599685203428643e-08
4.0827403606131343e-22
1.1811805542196841e-15
1.2641490945756904e-18
1.0554408532065321e-19
8.158027250451442e-20
8.570272627693577e-16
2.8220439717034107e-16
4.5068720485472884e-14
1.0126564152811603e-14
2.7575040401271746e-15
6.45491986568031e-22
2.4914226588357723e-18
1.1496513279574615e-18
5.4168329114200206e-08
1.9133159825412545e-13
1.0884708001999651e-20
1.2192889131823974e-11
1.517042512355505e-11
1.2537976818946098e-15
3.4325640749712544e-29
1.1520354103256596e-13
1.5699548143924835e-29
1.2899891456858314e-12
2.3562566649306855e-15
2.582143499618298e-15
5.817076156192035e-16
1.0071323789631843e-34
1.2821416061695127e-19
1.409427911815752e-07
3.535223382510805e-23
9.4028125415212e-20
6.032687667910844e-16
2.9954632940261056e-19
1.1900183765409402e-15
1.882740639409832e-21
2.427154925990164e-13
6.427339287798217e-15
7.691115685903058e-15
2.427838636348974e-15
1.1624586921847731e-14
5.234314347178622e-31
1.1331433311678821e-13
3.7438836934600636e-16
3.463944525955445e-25
2.628156277718422e-08
5.4384955811361933e-17
1.1245370780890711e-18
5.328033992748502e-14
6.33424078129427e-20
1.6349413404229746e-10
8.270250763540815e-09
2.700013890815473e-13
1.1657748969967627e-09
3.866557936843458e-39
1.3037893762670773e-17
7.00787369127425e-14
1.3389302459803867e-15
5.707767657953571e-12
1.840831215075757e-18
9.411239450752593e-15
2.7474414873409917e-15
8.143314359303687e-12
4.369116768056218e-15
1.4502670068774415e-14
1.026723872938317e-15
1.353290448350089e-09
9.70829721760111e-22
1.4945027401382549e-25
4.491060637948454e-16
5.963173701681707e-07
1.655739093807617e-14
1.0559885312896831e-19
2.4110047306485877e-19
2.6883059029879746e-09
2.4472866641618388e-11
1.2039822037312032e-22
3.783332851777732e-46
2.4472328707500473e-17
1.1069133933970897e-14
2.0445822755088086e-19
1.3322117415517284e-17
9.027101649256574e-11
1.872981387097023e-08
2.712994627789422e-14
5.370474895577638e-14
1.126137679410801e-11
1.8000944380345135e-38
1.8529561072086118e-17
4.759198808526788e-19
3.1347714305303654e-15
2.795977592440448e-07
9.643637338447909e-15
8.298217717307992e-20
3.212456002146974e-09
2.9551821802704385e-15
1.824251455886377e-12
5.246642950908462e-12
6.241329412647994e-29
2.7446692644101133e-08
2.7817953794959246e-18
5.020116839250534e-12
1.3785317247604347e-12
1.3936069082441205e-14
2.858292275874981e-17
7.200454489520145e-28
5.643206858879173e-21
5.343448044221055e-14
7.24372932379673e-17
2.2605598186360037e-13
7.440673352123835e-16
3.8353220632582356e-47
7.554410684638007e-11
5.963116670792669e-25
4.491142775173359e-12
9.344829116830377e-16
6.747245640842152e-11
2.2684421347608067e-25
1.4230859172851785e-07
1.2628124922687167e-10
7.217570214447978e-33
6.863353426642217e-16
2.5569228776747826e-08
1.1017190494234749e-33
6.140506923432535e-19
5.6943161950741715e-21
3.0266839270302824e-13
3.449109618606389e-21
7.222921510481229e-38
5.421776433416381e-22
1.0742602292824775e-15
2.0373922100952634e-28
4.6247725257553763e-17
1.6973606417412692e-15
6.849241206585231e-25
6.045634229012441e-17
3.659190061086428e-20
3.267930061586548e-25
1.1927024607713779e-12
5.271762334546254e-18
5.38818421584306e-22
5.448957630343941e-36
2.607731576622317e-15
7.512646838310389e-11
7.319836670194396e-22
1.9813147589571107e-13
1.617392031688083e-14
3.845209147219718e-18
1.0382578016873185e-11
1.47877406532868e-20
6.058716626754201e-21
1.9149076586380212e-15
4.58206335787067e-09
5.926823061741014e-13
1.913832003056499e-20
3.9407250321957467e-16
5.484213294044336e-16
2.293543520011367e-20
1.745692748202327e-25
1.1503870999247e-13
1.0418399826042815e-24
2.1310639061134017e-11
1.9161536041105102e-18
5.096592091209822e-13
1.053742119822672e-24
2.0112695149687097e-18
2.461377288916545e-16
8.607042641842251e-14
1.97633834500121e-17
1.877119081020751e-22
1.3326697761081085e-18
4.421017767938011e-17
8.920893001619883e-20
2.507187364207022e-28
2.888614501175921e-20
1.075538249096084e-43
7.957286010341748e-13
9.356236465499501e-20
4.971136108488507e-08
3.59891787100619e-17
1.9825030837071645e-14
9.733076220766543e-26
8.230965335944641e-12
2.358927691025948e-18
6.082863558115678e-25
1.6264469496231606e-17
1.0754948176975891e-13
8.536808240271114e-07
1.9345985085588444e-25
1.8101816341430636e-18
7.383887975844207e-16
1.5202747858520247e-15
4.002431205985814e-14
2.5615746394871364e-12
5.858745826300791e-26
1.2213249969995953e-13
1.9144968019556165e-17
2.474531358178861e-17
9.926990272780796e-19
1.255643378606862e-16
6.60559756744437e-30
5.115009811184781e-20
6.186666093140998e-19
2.953347870277372e-16
7.71491084051011e-35
4.390228850811805e-13
4.865205106277308e-10
4.30738534423885e-24
1.933855748171443e-30
3.863119348415758e-15
1.7279500603360693e-07
2.2623534699262254e-14
9.128294541837852e-30
3.528283151252946e-37
8.596437081842869e-14
3.4585658295412206e-13
3.365533326865142e-17
1.2131277736657815e-12
4.126785449133722e-16
2.0061309026530485e-13
1.5300514384477036e-14
4.97223139090698e-12
1.9175158446134272e-28
1.2108647631924305e-14
1.1667261985950217e-12
5.415363298825559e-12
6.140243177920738e-17
3.1268418752643697e-17
9.815901504281484e-20
7.351550759740922e-27
3.8420973558390057e-22
6.124988560337019e-10
2.029247904482817e-08
1.825724031287309e-10
1.5657462223333974e-14
2.2281905155049675e-20
2.3547135554527174e-11
1.8301925830409878e-09
1.0969859970956421e-14
1.3803676637144678e-08
4.261597295942621e-20
4.677835908348753e-16
5.497962668385528e-13
1.364462153544106e-22
2.228386008065751e-18
1.4613405305360678e-17
7.347053258068811e-19
7.670947653596138e-17
1.4038511505221617e-41
4.329336361456337e-26
2.920884931764634e-07
2.8508832097942705e-21
3.064330632964238e-13
1.467634697896923e-07
1.2422563640969742e-10
1.9361828132803988e-13
2.3206774100806316e-17
2.009517040776199e-17
5.688858937117598e-17
2.85585206016738e-18
9.578118596376485e-16
7.888856338682291e-11
3.002302840702384e-11
1.3594323317113658e-08
1.8223915882224848e-09
5.76264960357646e-15
3.947195066363731e-12
8.743826413330025e-16
2.8448309757362265e-19
1.2589803994143793e-28
1.912982324247161e-17
1.089794489797536e-14
2.2516381550479115e-16
1.086038989049273e-17
1.4910191551194134e-20
2.6099030066185297e-09
1.591267310877658e-11
7.171326483828467e-20
4.508224091025209e-13
4.7050267071565475e-82
6.419226238045554e-31
1.8983626035290416e-20
3.7274238447092415e-18
3.80268357468264e-21
2.2951474224754356e-25
1.2744611261519397e-12
8.982782265485093e-10
1.161344774442951e-15
8.126149439112175e-13
3.763026597228657e-21
4.409668518251407e-19
9.380573049152449e-19
3.0296850227186756e-12
2.087732445017728e-12
3.1536615747136476e-19
3.091441617293888e-41
7.048401555347942e-18
3.712146628290206e-17
5.97920677532636e-19
1.2521411627469505e-40
1.5562798080533363e-29
7.286900205411018e-19
5.171241773880723e-22
1.4229199588755195e-18
6.357271878672171e-13
6.193390565448842e-20
1.1033311739148442e-16
1.2879905584903237e-09
1.1782813378076637e-17
3.5534793691778366e-05
2.752743456551543e-16
4.1271292198123236e-23
1.2901633797815566e-10
5.840412505607018e-07
2.3373382177168548e-24
3.3322041988766995e-12
4.4968180817067637e-23
8.087516437107615e-20
1.6601531295898614e-12
9.792975832595833e-18
7.558675421244734e-12
2.305115453827897e-15
8.757423222888324e-14
1.0147130061635422e-27
1.5089247781949846e-07
1.5203432921843218e-13
2.4909159913868273e-20
1.8747971375043504e-10
3.014881621401297e-16
3.9686742155407226e-08
2.1252061308767644e-15
1.4636549537878084e-18
6.433366286835442e-22
2.540069286514733e-10
8.011375853184999e-14
3.449619338618661e-23
2.1841397985317484e-11
4.620262750869575e-19
3.2835126654702177e-18
5.865869893893161e-16
1.0702521630813617e-15
2.7114757866935587e-19
9.909819620505766e-28
1.7639687287948853e-14
1.3016907337660986e-14
6.548616165230441e-10
2.2995388811618156e-17
9.724903676912801e-26
1.5350475245770847e-14
6.672103962973057e-15
1.9563940500835067e-18
2.887622837484089e-10
9.864952863577498e-15
1.5891379433862247e-21
5.491582815506747e-13
6.27172501132195e-10
1.6252953507157636e-18
5.252158516166241e-15
2.0888242029885122e-13
3.9897134524693364e-16
7.02036442892624e-13
5.090499871869443e-12
1.8772262006952642e-19
1.2044525919494141e-23
9.937552143223428e-12
4.1571312220102325e-13
4.341192634317914e-18
1.7311887013190447e-16
3.095010236845413e-14
1.2627823988609552e-27
1.6260538523097212e-18
6.824924867934902e-19
3.27784010968745e-11
5.290729172099126e-17
9.325920833696136e-10
1.2331882797907719e-26
2.76629521436478e-14
2.8178109665746972e-11
7.093377562398134e-13
1.3193596593610413e-13
5.104384646153101e-17
1.6303612603393975e-07
1.0721321324155615e-14
1.0996938977818898e-15
4.798074942065346e-31
2.720280640666774e-15
5.746498839031041e-23
2.2814740179921984e-12
4.915080137317023e-33
7.588395557731528e-14
1.1593368560399063e-16
1.2656195486242303e-05
1.8245890662972255e-15
2.3109829697746993e-12
2.4420565028441302e-15
2.2679711994679903e-30
2.900405429011386e-18
1.0550948653177426e-12
6.093989025813252e-25
7.186176063260184e-25
1.8762371164226198e-28
1.895237880422404e-09
2.4182257595737723e-23
6.507128232991946e-13
9.045267320692847e-20
6.596062357697051e-12
7.480745041939291e-17
7.439080789645174e-16
1.5804600254936402e-15
3.3073805098060605e-13
1.2766183370705313e-11
4.3405348068898696e-23
2.3835776149510272e-11
1.1587848900018395e-18
6.47235880785371e-17
1.3518642296613733e-12
2.7599606943459218e-15
4.254957287941106e-13
4.967556941892599e-17
4.763866365101369e-15
1.5663479705443575e-30
7.06553014620378e-19
2.5992008741763365e-18
2.642028151544789e-13
4.349847097612011e-16
4.1771964865297415e-22
4.586946868623237e-11
1.7468599352683132e-22
1.4311411198737116e-08
3.495667768274148e-20
2.1297006207335555e-10
6.559393144474647e-14
6.672515059451149e-12
1.8867056439072212e-20
8.322256619162176e-17
1.5738581291905122e-10
7.298214817438224e-10
3.4626710262323776e-13
1.426607886612151e-17
3.420332591234383e-18
5.21033026034989e-11
5.893014355324046e-07
1.1474131497628193e-12
5.685035924695067e-17
1.2627410823328638e-20
1.5919429759045287e-28
3.9528703140645654e-15
6.930954117555715e-16
7.916250854844069e-18
1.6691375935209672e-19
4.304279911908969e-16
6.550104070715596e-16
2.548567162326321e-19
8.397837600721846e-15
9.342346177521267e-19
1.0421746266697197e-19
4.980247996727239e-12
6.66264960758827e-09
2.9064576540475053e-07
3.170763563748531e-22
1.8889214334642623e-14
1.1808900800828325e-08
5.457407185703209e-29
1.2606510370620712e-11
2.5493547626297346e-12
4.748526283753863e-11
4.4772692627845576e-11
1.696275520625189e-12
4.76350561617394e-19
8.926553289504606e-23
9.699130606998134e-15
3.328143122068874e-10
1.277476964158043e-18
2.3358046715834353e-15
2.5945620578224316e-13
2.3613735851682474e-14
7.805045123632856e-25
3.2941223827435485e-18
4.793916753050009e-30
4.115224040629308e-09
1.1871112033675362e-06
1.4298939887878342e-13
2.675121359969757e-19
2.911565483416577e-18
8.411931157374142e-13
4.790651094391331e-14
2.397844768129759e-11
4.082961646059792e-18
9.074452982847688e-18
5.02863696926366e-10
2.8609100397907026e-13
7.190052456287519e-21
1.70541853305543e-19
4.061028241833592e-13
5.024608490692326e-22
2.889772378107388e-14
5.515254487668939e-30
1.053258704012494e-17
1.8732901110166898e-22
8.206274419809602e-11
3.880136918446119e-16
4.4309659135346795e-16
5.066257980806793e-12
9.302845810647048e-15
2.4296432714712943e-38
3.6154762714081026e-20
1.2770284224344616e-11
6.712907855847238e-12
7.683224789838241e-23
1.7064626385703883e-19
3.224184396007897e-22
8.237969240449432e-28
2.999584895517164e-18
5.473895999161868e-16
8.088983488869737e-08
6.380434882171449e-15
6.279578258891386e-20
7.584032126889598e-15
2.8601082471018015e-25
1.6123120145692484e-09
3.918475077435082e-19
4.0258434416665214e-11
1.9204333756593651e-29
3.576349262064728e-09
1.2460541843399062e-20
3.670658488575021e-17
4.551611667042465e-15
1.4637033557345075e-23
2.0987725075372344e-13
7.582072160354921e-18
5.6604000766177575e-15
7.498800066355461e-14
1.4849358955515176e-17
6.046239214352025e-19
2.064204983558562e-11
1.6495315343823773e-16
3.09757453762323e-32
1.1213702635650817e-20
3.2597075523123625e-09
4.234137843600549e-21
7.53092165543911e-17
6.776404084293817e-11
1.1824413327276508e-12
4.5829709728870586e-23
2.200687727464434e-14
3.6716189351177143e-07
5.288390286250899e-22
1.3162136465688364e-15
2.287103645400484e-15
5.99480594361426e-19
1.0475791958994164e-24
3.836433948780041e-12
2.7512311740361077e-10
6.3077963393220646e-24
1.1075611471777263e-45
2.556180101538127e-10
2.926470850517522e-17
8.151214694390712e-09
7.757582221445037e-25
4.1640123872376085e-22
2.791279738485308e-24
5.5142247715806915e-18
6.993088423993642e-08
1.4694527388253634e-31
7.71219441680777e-11
6.448703952939842e-13
6.9077951190337326e-12
2.9116987971483706e-14
7.9364974755115e-10
3.1870015423544785e-13
2.1366152175390425e-07
3.982408216807862e-08
1.0694058613740999e-16
1.8578177028627922e-07
0.00032555995697184693
1.530205862415824e-14
1.7389473002897177e-15
0.0009086461427608118
6.2470776556468084e-21
1.214384610105892e-16
8.499332960694503e-12
2.2491629197528983e-09
2.7110336112364073e-15
2.4814009040420503e-10
2.345894392454026e-09
9.673504739861823e-23
2.129453537927252e-13
1.1300909938052975e-14
7.24605149695017e-09
3.544738103196991e-17
7.589108546109237e-14
7.584661269788503e-14
7.47076758773915e-16
3.3561063785446205e-19
1.4566947335277528e-35
7.995053250692537e-16
3.547811551273925e-16
1.084410902964593e-16
4.114112397682052e-21
2.4681458894494215e-36
4.9893991998205e-25
6.080974220856224e-10
1.0480087392484857e-23
2.4037417770371176e-21
4.806004017901445e-21
1.5356237311972006e-17
8.323543878874772e-14
5.361655798789982e-15
1.0056690185634558e-12
5.826117061280827e-10
4.074383694465428e-24
4.6272191137482246e-20
5.540248818223115e-35
2.6979011509596294e-26
3.6321164577869355e-14
5.515899370761249e-10
4.088898645650473e-24
6.160741893527533e-16
2.076313509976982e-06
9.68852982346387e-22
8.823076569121917e-17
4.997693720178493e-16
3.1096053024998004e-33
4.4228211388114255e-36
1.1468827693692206e-15
8.842392471367218e-20
2.3082291583228444e-18
1.0198991760584182e-16
2.0025399923429415e-17
6.730113581700849e-14
3.827046077308488e-10
2.341013067788934e-19
5.819104936996056e-29
5.09949207166383e-12
9.362181914615557e-11
3.488188082720625e-17
7.324754544950227e-19
4.927854103092698e-18
3.232493357991484e-13
1.0241732005281957e-15
6.440146212458389e-20
9.429520302734197e-13
6.788144678208411e-23
5.750769356381906e-09
4.8372143691590004e-09
1.1286894145605368e-06
1.7572622567443737e-15
2.052274397868852e-16
1.4478180220013998e-24
9.044008349919439e-22
1.2164875881813544e-11
6.13501485459405e-13
2.54555865332794e-17
1.934545110551708e-14
2.245943829107611e-16
3.0362167619878806e-12
8.969495792541452e-12
2.480120902592177e-06
9.099052692567309e-18
2.7327425180513665e-11
4.478080157556137e-27
2.9689362607510745e-07
1.0838586841322539e-13
1.2121003656620447e-11
5.701361170356051e-17
3.2676748089947923e-25
1.0892445339612458e-07
2.4933598957463962e-08
1.3539241804202538e-22
1.3719822838436684e-19
2.1857431648501664e-14
9.031644642561325e-13
1.44501607333247e-13
7.790117946475857e-23
1.9556193126274653e-16
3.1702914233282335e-12
3.162776094275938e-05
8.838879588156339e-15
1.2862737054452081e-22
5.798196352815324e-20
1.1295622033820517e-40
1.2714418921183971e-14
5.711956105868736e-19
1.2501100493574498e-17
2.4565502921733134e-15
2.330573693164734e-15
8.947976373134273e-22
1.8114108920503503e-11
1.382855056602089e-23
1.809286338903386e-12
4.486412683358784e-15
1.6408925007483683e-10
1.6379468691586106e-12
3.083268286229713e-12
2.3266502043442505e-09
4.0984532964076595e-21
3.1243981624017433e-17
3.725430204817838e-18
9.36674572830104e-13
4.0358941630398615e-23
6.576597772533008e-07
7.317488186424568e-16
7.207548121676015e-18
2.688871321881553e-15
2.0152628127693377e-17
1.8703895462343547e-31
8.724779518487967e-20
1.7236277079051733e-09
1.4356224648007356e-10
1.6686156275545336e-15
7.015506897262001e-10
6.250226517320977e-14
1.9184522963866172e-17
6.766432991065523e-18
8.723718285710501e-26
8.225558655447456e-18
1.308357913916719e-18
5.378464673392271e-18
2.6048658278883293e-14
2.4826123091152547e-14
1.4676694014275027e-29
6.884792234962073e-21
1.962533635269346e-22
6.325096389552968e-14
7.596257566081305e-21
6.356153211812577e-20
1.3155282613696222e-14
6.942077005723662e-15
4.0548650440330426e-11
8.356244561336645e-18
9.75920225931428e-15
4.230211406810618e-15
8.096941430233443e-15
1.2315142294746993e-18
1.5722679579698692e-15
1.0983572636979035e-08
2.4240129323509558e-15
5.311495282402064e-10
2.196727408907625e-14
1.7083361969172444e-15
2.718877564221409e-15
4.084872910691115e-11
9.626708046635078e-34
1.19649959222336e-22
9.785716845001953e-18
2.6184605190593737e-18
7.584598940316875e-10
1.5528740900171513e-17
2.9872228641248507e-19
1.7198030291049548e-19
1.7259269272531647e-26
7.925512385559077e-17
1.6085930248636853e-12
7.477219618289938e-24
1.3912463640061313e-18
2.902517434627414e-22
7.5601471988935305e-28
4.953317789577379e-17
3.3534922620454386e-15
7.075289624853876e-16
5.475120413407782e-21
6.590057033073902e-19
3.453951854655926e-07
7.0899997020560255e-19
6.848047671546748e-20
7.726856295335821e-21
3.0659525080217165e-08
1.7032102395902275e-10
4.2243072934925876e-08
6.0135501588096235e-31
3.889495866770478e-14
6.051504183880313e-23
1.5082227866524439e-18
1.5578618072786395e-24
2.2003103724393729e-16
4.186138315379862e-17
8.313982057715426e-14
1.5159164537501134e-09
1.5953561980265844e-17
1.0724303359205008e-17
9.458104861095106e-20
7.572460284975895e-15
1.2014156987649828e-16
5.805210471912178e-20
2.5130558661042895e-09
1.1097300968389135e-13
1.5885463590724764e-22
1.2100664741909547e-10
4.327926908585432e-17
3.898092324164142e-13
3.576364676700156e-07
5.812558834907769e-26
1.13724793229169e-11
4.360567012612909e-21
3.3904718930453883e-18
2.0272460800065608e-12
1.388072869026253e-14
2.0874042130537818e-33
2.9930702837193573e-18
7.322303493077935e-10
6.917828973040122e-18
2.8363550738459575e-14
2.412048875044481e-16
8.885949460203251e-17
6.662967570941745e-14
3.5108271102532483e-22
5.2959862197410896e-12
6.175311593460294e-17
2.0879310665720433e-11
1.1042082171853938e-10
1.1793239150915044e-16
8.413427622287669e-24
7.464899459684376e-21
1.118510062933157e-18
7.459854978619748e-17
5.323635200576741e-07
2.604463740884145e-26
3.535833202131027e-20
1.4642042271860773e-11
1.4802710802601087e-18
1.2831046852442075e-48
6.114416285539852e-10
7.636869312308483e-25
2.27065697747948e-07
2.5074919077413205e-24
2.064160768869081e-17
3.5978718401432766e-16
2.182068620711036e-13
1.3035040694675844e-14
1.3059270624891067e-12
2.1617334664437046e-13
2.837445145887609e-27
6.364405880734185e-20
1.7985584056721633e-11
2.3166885844189667e-32
3.0947701711067764e-23
1.338934225899507e-24
4.25752665433271e-12
2.4680218660006623e-16
1.046525093477657e-14
9.575835404101367e-29
3.2801958018140906e-29
3.549210978805731e-17
1.8807273355216567e-10
4.097681953071427e-16
5.924971868942648e-19
2.9225383307693718e-18
1.532385752089903e-18
2.8124875155146987e-19
5.150467777206094e-22
6.364354841339014e-31
6.431384808131305e-28
7.073008844845111e-20
9.178778333204308e-19
2.0694792045419134e-13
6.309350796689278e-17
1.9130615869037965e-10
1.2025070772586352e-24
3.9012896667196065e-21
2.6102939272723383e-20
1.7842661531002732e-14
6.147196942533133e-17
4.759261256058444e-11
9.271089859243415e-12
1.657210868371315e-15
1.794681734973643e-15
4.099027323790468e-19
1.4170546189286798e-08
8.838308844860953e-17
7.076998053116546e-16
1.1302147740967522e-10
2.741561927307302e-27
1.3219265993398854e-14
1.7447224608569038e-26
5.2752297798835156e-15
8.002709185541942e-41
4.216799859422764e-15
1.0545165919048773e-10
1.6803491980053299e-16
8.386239893018502e-12
3.412445540268283e-14
4.502575993815224e-14
7.221917868316454e-15
1.3250342629394994e-16
4.740713584659053e-14
2.678971495982364e-34
4.0535643062031114e-12
2.2623534699262254e-14
9.676439303333475e-23
1.2328124446263402e-29
2.2637892056029773e-07
1.9318345447825041e-16
1.4050281440292144e-24
3.696537659138761e-30
9.34429477412953e-13
1.088198793568398e-15
2.810778531998002e-13
1.3694078473553905e-11
3.975410976110048e-18
1.2374871543619842e-19
4.850173489682329e-15
4.5357871747648755e-08
7.420816966468079e-23
5.299487273699548e-14
1.3061926401889222e-25
1.9433927681616145e-12
2.030150698240874e-12
1.9417231852830056e-15
1.864929762875676e-13
2.1131492643590956e-21
2.433815969981373e-19
2.1907252950792865e-15
2.0677131281707637e-22
6.673930580588721e-13
1.4345075315205408e-14
4.246239114291543e-15
2.823362208002293e-22
2.9098442891187986e-31
3.3813976978976724e-17
2.3975502078977238e-18
7.663709686407717e-16
4.6998992828447516e-11
1.862947865058574e-13
7.272449202444494e-13
3.006356268161716e-17
9.974054622591417e-12
8.067048027250584e-26
2.1100123846415314e-18
1.4314325997185883e-09
1.0805763803874822e-12
9.466058950944565e-28
1.7735557968469848e-13
1.6158193985601803e-05
1.009368810229028e-06
5.919974755876716e-10
1.1107874267283464e-13
6.418953478915567e-11
6.77706482742889e-24
3.7963517160408103e-26
2.813384141442632e-35
1.0326242674804791e-19
4.733544241255275e-09
1.0079394357093073e-14
2.157226649173624e-22
3.182268456399202e-16
1.833025445372236e-22
5.8001250692517795e-28
1.136439273233379e-22
4.2742780558224453e-11
3.917589082806529e-08
8.22210121635928e-18
5.274859109713467e-07
3.3676656876199847e-12
5.343868832690122e-13
3.202653981192408e-14
4.4747583149005935e-17
6.009456431633619e-23
1.0385562486709502e-10
1.0176826732916596e-09
4.2788569998808057e-07
2.893274931227246e-15
2.0208154475791585e-11
6.356690206753796e-10
6.429494854696955e-11
3.891762486580498e-18
3.2144787869001683e-15
2.184731648583976e-15
1.8000330358604836e-14
2.4966403111943233e-21
2.5977049981693823e-17
3.0631226108730902e-15
6.689328935835516e-18
1.747984361124869e-42
7.783573908020205e-15
6.074807096014395e-15
7.270806716404144e-08
1.7882767291160753e-13
2.0502644390066844e-21
1.2893870422025321e-17
1.1687728291904579e-12
1.475767193557092e-09
2.362719989555166e-15
1.4977170495672828e-20
4.3046360954944594e-18
7.921388072448463e-20
5.16802267768171e-16
7.433382067092071e-16
1.4312137368630492e-18
7.825701418366761e-11
1.2850371914681298e-06
4.640221110831136e-21
3.4761839326558345e-16
1.843283406068489e-22
7.416019427217993e-17
1.1390664483354451e-10
2.3268656879102592e-15
6.4573857753065905e-25
4.820714966660837e-18
8.835526417823409e-12
2.037364750162916e-27
6.910923070537251e-26
4.4820377321419095e-18
2.90051511342743e-16
7.05561718923055e-19
7.963584059442877e-48
1.3644176625762406e-09
5.454300585111199e-12
4.12496461121723e-21
3.3840089527232355e-19
2.5710258154074635e-10
1.3280686698751867e-11
4.740159437611896e-10
1.284261312980913e-36
1.3016476914905664e-17
1.1798356772723307e-12
4.186765639036506e-21
1.0557693115231136e-15
4.250073017538863e-31
6.283351246977362e-22
6.811509647464431e-18
2.5359630174129905e-12
1.7008069809542116e-27
2.0087510486597833e-12
8.119504915041449e-16
1.7367892558450676e-35
1.2497064160042969e-29
3.736096591807961e-32
7.569174658477171e-14
4.737586573806599e-18
1.3669259379565898e-12
3.3014920193220186e-15
1.0206094196925914e-27
2.281331399881421e-15
9.597125467770705e-26
1.4681107677351035e-16
2.7121594355794527e-12
6.107743987983699e-17
8.660496363712249e-26
6.346025063562694e-13
3.360331493196863e-19
3.0102225622905044e-36
3.4762744169487516e-19
8.883260253228329e-21
6.499897083064309e-13
1.5335805011154279e-13
8.977416596106643e-17
2.5350278211874942e-14
1.7374518031228616e-08
1.7967818754440316e-19
6.537031804210771e-28
3.59706827722994e-18
2.3997055018369835e-12
6.119224356793879e-13
1.0523623971969961e-36
6.373399392894046e-11
4.5951993334853816e-21
6.044609494910906e-20
3.570259221517637e-21
1.795195877952811e-22
2.9060079860854893e-09
4.25971052073643e-20
4.951249384386435e-12
1.0980023756105684e-28
5.156926702606881e-16
6.386667671405019e-16
1.5294620426464607e-21
7.881585884292026e-14
7.841038306359239e-17
9.189719311388462e-12
3.112934219837202e-12
2.919938989465538e-11
1.4619792277562328e-32
2.0931183209212743e-17
4.7121552285336984e-08
1.8900067369151944e-23
1.2314815420373087e-07
3.066769138100739e-14
1.8031724316915574e-10
7.607121842133405e-20
6.929708442326094e-28
4.24457870953476e-12
1.640386604703693e-14
1.4994814974758982e-09
3.05514797750506e-17
6.767649755562246e-13
1.354770976299427e-17
1.8381490347572742e-10
2.6961962909198485e-09
1.117991129119931e-30
7.539428617365348e-13
1.2861642116127322e-11
6.843954383594618e-10
8.357056384080783e-11
2.2318444940506973e-10
1.8005313513697447e-22
2.9937532757749086e-13
1.8005981503952977e-14
1.0093891329729465e-15
4.076832035156547e-08
2.104006035712122e-15
5.651695894950458e-14
3.810360290512315e-22
1.0241627435147904e-15
5.937809828243493e-14
4.174314633269612e-18
1.7651530457383988e-15
5.071297562762967e-11
2.9492014413422495e-18
2.537331035697e-14
6.525451961872103e-07
2.5350565443442103e-12
8.381852203189089e-12
7.280929396195866e-24
6.145209960787321e-15
1.4419781788602324e-15
1.657879864354495e-12
8.818478073026265e-16
5.715551497937293e-08
5.571413742752909e-15
3.6406216180948884e-28
1.4869810605058554e-15
4.53671932001592e-19
1.4435021176183486e-15
1.5556918179887258e-10
6.29861099526954e-13
1.889368669659147e-06
8.815853458886211e-12
3.09304286631866e-19
1.2212356461115087e-18
1.154605656614196e-16
2.690360566289298e-19
1.0746291991150615e-10
9.569978794372777e-15
2.2096478505330035e-05
9.567407594222284e-23
2.8178523506839207e-17
2.7034352983359517e-17
2.5571000532602016e-19
2.9539063178045866e-16
2.4868741743142936e-21
2.2129394179979826e-11
8.676630738912062e-13
1.6246316376377993e-14
6.673870899796887e-12
2.3128763292518636e-13
6.257269244353251e-11
5.604806685829512e-22
5.3122045000608736e-27
1.6495205958530092e-17
2.336631448186747e-19
6.3502121781359205e-28
1.7044765218242406e-12
3.449113359577307e-11
0.00017001793556645824
8.994731349810329e-23
5.4316654324984046e-09
4.0103260420228136e-14
1.2266867939675519e-08
1.2317382226943264e-18
2.8225084738350674e-16
2.7081594502159244e-10
1.8965978736197964e-24
2.7053913639712624e-09
1.3219731192904158e-31
9.076865674820743e-19
6.276260920971734e-18
2.3505772717266587e-35
8.018049696189566e-33
1.5947601320360425e-14
1.4582822146789113e-26
1.0284486018554734e-16
1.1608181390198635e-16
5.57774148193438e-17
2.439437273585819e-09
3.58148599801328e-15
4.521343640913342e-35
2.2084163558196232e-14
1.085439508279157e-07
5.305541641142172e-17
2.512096859899304e-16
3.365496265011213e-14
3.297540860224015e-16
4.363312985906822e-18
3.051514402396503e-11
7.141462855264843e-10
6.76413836921154e-29
1.727750256815453e-17
2.864021852494803e-14
4.394694749737328e-24
2.4119923234320818e-17
6.511853667064604e-10
1.01502925373725e-12
1.179283509685227e-12
3.0743421826467325e-24
7.369700513976081e-18
5.894038538817801e-19
2.7845234527847073e-14
2.0302964939979057e-13
1.1258193842647748e-14
2.514759627789107e-20
3.652126659417074e-20
3.5745485274895567e-11
2.946037959796149e-13
1.924050328290621e-10
3.9487921532198805e-17
8.345417096813651e-10
4.3520030837822246e-14
2.3563636397170798e-15
6.329934605508014e-12
2.1418484873869358e-11
7.14036428561969e-08
5.94167241091128e-10
5.2146316568190545e-14
1.6835940466152734e-17
8.544034596118668e-16
8.998059744384824e-10
1.2456739145931484e-11
2.564654148593105e-30
4.9138019813574426e-21
1.1710363483450296e-21
2.9872455145773e-10
5.275317035102843e-13
4.924435304337655e-20
7.906742005698757e-42
2.826090636458888e-05
2.036049041020523e-28
1.757452438149165e-19
3.5034405584861647e-19
8.58542794160888e-20
1.0407636210313243e-16
3.756191481802637e-20
2.3540146791734435e-15
5.346591175858314e-14
4.350867382721993e-25
1.3072796851283918e-14
1.052857388227205e-13
5.405905564126534e-16
2.0961085041769998e-19
7.336637514061449e-26
4.1378314521810024e-19
8.029154882282938e-17
3.8335333154158835e-15
4.0353607700091634e-15
2.435089033053091e-22
3.704038018910566e-14
6.817330682431497e-19
4.6066786467302924e-23
3.573241618854291e-12
4.855823824521354e-27
3.0907219189773355e-20
1.6006740402042736e-11
1.2443038436306838e-13
1.1705688711984554e-13
5.247931726954696e-19
6.557708914601524e-27
1.7514938503723517e-15
8.045970579626298e-14
5.182493909143563e-18
4.115442947706013e-16
1.1339445267387836e-14
7.183651480903233e-19
2.261623109122891e-22
1.781779495908075e-14
2.366963903343508e-25
7.332409656037979e-14
1.306791686133411e-11
1.9361278831620055e-15
8.054807634035397e-16
3.6872623042805506e-25
1.6385511126306458e-21
6.309893110516085e-11
7.57883804057481e-14
9.176007585453966e-17
7.765037123211855e-15
1.468648931060877e-10
2.2290637973189142e-17
4.882882330540717e-25
1.029533008639108e-28
4.310855570043865e-16
2.2075454349187842e-11
1.8746401450300327e-34
5.3095713865088235e-12
4.7917357032501204e-14
1.3118447831300082e-19
7.571883410023539e-14
1.063845617433539e-15
1.7892047928212055e-67
1.6531406796288706e-16
8.746440396754433e-25
7.062428108254261e-16
1.8380521011768418e-08
2.337405100748048e-18
1.607685802805705e-24
3.6217098931091855e-10
9.254564183675078e-15
1.652840308058863e-10
5.971797660638878e-15
5.970278626757649e-15
5.752799697111088e-28
4.003701418975478e-11
1.6088797442774638e-17
2.429661277193927e-16
6.298301844650263e-12
2.3275041672474055e-20
2.5123223609166792e-11
1.6713263801997887e-23
5.494221139835628e-13
1.233632753194493e-14
1.703074382352909e-17
4.570190654987924e-20
2.236878667215574e-08
9.107191700422732e-09
1.817138239975524e-16
1.543602854541459e-14
1.614512905236639e-11
1.8428003931286258e-11
1.5358056728291404e-11
5.6531793399456775e-24
2.319207263586725e-58
1.4594984362516352e-19
2.7727749005231807e-10
1.6139791881576059e-31
3.0261755787753125e-13
5.701580524584565e-13
2.473685849994616e-10
4.567506335688598e-16
2.54555865332794e-17
1.18926110412761e-28
8.716612102004481e-24
8.292325444858633e-13
2.1018000339171717e-16
5.402562409668718e-17
8.46345688377652e-19
7.418508922954235e-15
2.51226591610539e-25
6.720790333118609e-11
4.112312589123945e-34
1.0522150739442424e-14
2.150160045936981e-09
2.3611121721333424e-12
3.4568452037557825e-28
6.160435868152945e-07
3.847543684595007e-09
5.707870675555073e-15
2.3106204425238946e-14
6.641707230738976e-15
1.7402360308784227e-11
7.542729961978878e-14
8.776607884840101e-10
6.683650424492501e-30
1.581742448950407e-22
3.1846560994300345e-16
5.26228125768144e-37
1.3648500237844514e-14
8.166107741607085e-19
4.3020678588181065e-14
4.1312421431397996e-16
3.078047344929161e-16
4.154907149164885e-17
2.531323340022121e-10
2.4856236494556267e-11
3.4515624800704986e-11
1.4153788996503405e-11
2.8880675061101013e-12
8.293741371562699e-14
3.6637372231361036e-23
2.2570233341657076e-20
1.6410553177229493e-18
2.0661604022837277e-09
7.001691060514661e-22
8.559130666007824e-17
2.2028117238819942e-17
2.4064658644119238e-12
2.843926807638155e-16
1.5153226848303778e-19
4.516169705552819e-16
3.153006645972773e-10
1.0515906845760549e-14
8.704965944833763e-38
8.849605279470857e-14
5.846883596448834e-18
1.9881561442054755e-17
1.1241199974041104e-11
1.9230520663039027e-15
4.126168651662337e-12
2.729582378847371e-09
7.262396311667489e-13
1.4917094663338753e-18
3.8896214784534447e-23
2.3090770723003667e-16
1.2755359876496994e-18
1.5210524711568086e-15
7.658465102510813e-13
1.2191851537776333e-27
9.341099507424984e-20
1.747198595413188e-10
1.5177550987067076e-16
1.4403342414791595e-13
9.14859734425456e-09
2.2491068381093103e-14
4.0940712597102087e-16
5.601729344320558e-10
1.337792719845871e-08
9.167880106753459e-11
4.736416031070916e-08
2.0608570742245684e-19
3.252763570939396e-27
2.074928791737347e-28
2.9814914360162388e-33
3.10109035044045e-20
3.595816022655311e-16
1.6254745508424577e-17
2.0290640532778044e-14
8.594985172682823e-11
1.00698142371396e-14
5.620861927978124e-19
1.847469127043771e-17
3.104588577867786e-22
1.808332579757576e-19
2.4959660481104856e-16
1.0522434524388058e-17
4.403366059571788e-13
1.0435700346243679e-23
1.4067086034876204e-13
8.088437308069749e-18
2.5202043336380253e-17
2.5875377793394614e-15
1.6353626504649083e-16
4.334507401186228e-14
1.4627827847817534e-16
1.012278285535216e-12
4.298223159830311e-11
2.616714220361086e-21
2.5796705831235767e-18
5.4623691071958885e-14
2.7178840163605208e-21
2.254694243198052e-13
4.182025678398997e-08
1.489751534345333e-20
2.6030217491267767e-15
5.94405919420746e-16
1.159434165995726e-11
1.0570462613282593e-30
2.3528647441306373e-09
9.03236652086116e-15
1.4689562827545448e-21
3.603476369592301e-24
5.6246698067554015e-52
1.7960497974604335e-25
3.3907979247901248e-19
1.2053957033744448e-16
1.6297171171302123e-22
1.0492347704951296e-13
7.43683317072224e-21
9.591795850557728e-17
7.108508983109829e-12
4.131047191853959e-08
1.9234013286087994e-16
1.636720769489492e-08
3.046631615202725e-12
1.721392689867417e-17
4.5766989642634784e-24
6.792727652081693e-19
2.932764701902439e-09
3.672141504875818e-12
8.149973417035233e-20
7.901409631074628e-18
3.9222551469922845e-25
3.2968356109496025e-16
1.4766342292274084e-16
1.4598245753636711e-16
2.698179140142346e-09
5.469278555192058e-26
8.018228773560193e-14
2.04360368457068e-17
3.583844798329606e-17
1.466300000726021e-08
1.7747383281804565e-13
3.2237841751135114e-13
1.3401198699649886e-18
4.365908924949852e-19
8.157901410027844e-10
7.992468520489578e-18
4.37556163424973e-11
5.9818821317067115e-18
8.109648211529491e-31
3.4326606821499475e-16
8.61281763186071e-15
1.9422721878746287e-16
1.4787365982942796e-21
8.74192621530419e-26
1.4411778519107253e-15
6.215188071885746e-19
6.277236993143335e-19
2.2237404040791078e-14
1.0978406637856415e-09
3.819436035597254e-29
8.389646885132265e-09
2.2871537528306063e-26
3.9994682265146254e-18
2.157070719139213e-22
2.7444178101588114e-17
4.194636598545238e-29
1.3284189164570756e-12
1.0777037355882023e-35
1.1384119104691553e-17
1.1121507476864078e-13
9.082514674093453e-13
2.9155234113218225e-07
1.7598764667577628e-14
4.739765151717105e-14
2.5536263323557745e-23
1.198704227269048e-27
8.89900582006478e-17
6.714543731447075e-23
6.085831307132158e-11
7.396235866750996e-16
1.901505716096893e-08
2.3260014979906652e-12
3.123030191515195e-18
7.82241151667666e-16
3.2730598608034985e-09
3.7250373697306107e-13
1.941453399793604e-10
6.696508693165596e-20
1.4520302141224422e-12
2.0744460460002278e-16
4.390039014896601e-17
1.9023990100237323e-24
1.6854402551407974e-17
1.9690055978179685e-24
4.305165397932403e-22
3.505115758695813e-17
5.254679951375898e-17
1.248520797494073e-20
1.8088432044850974e-20
4.658403139149615e-18
6.624578864284891e-13
5.641715762040172e-12
1.1951582873394403e-10
3.7127737220581e-57
7.279252046183074e-10
1.671285552361858e-14
9.577332658035795e-12
8.108290448012906e-18
2.9497264409921407e-18
4.026035824444737e-28
1.739856809857792e-19
4.046126512272645e-18
2.242896718417816e-19
3.7501712702212833e-16
4.9641893141032337e-23
4.2543914449043414e-07
5.617765391409742e-18
3.15868421536988e-12
9.707013426963661e-19
1.4433228325267458e-15
8.38414463016279e-11
8.108279975587273e-15
1.4358083799307905e-18
6.114511115754744e-13
3.4108158913033777e-16
2.6775357205954927e-11
7.11617448938129e-14
5.724835152579182e-15
1.6349512275718005e-21
5.626951446480933e-17
2.5391240410169833e-16
3.021063397584823e-24
1.9337270130276895e-18
2.653443713757697e-15
3.6205854703581704e-15
4.242272671456786e-09
1.4043238881274292e-25
3.6569696474215e-19
6.327105401161315e-27
1.7655001745564432e-16
7.487528702077298e-27
5.150447218936828e-21
6.146246959402695e-36
2.902493012790191e-10
8.774756307524873e-08
1.0457482874666636e-06
4.521874308101086e-09
8.0208229786227615e-28
3.0609137494621157e-32
6.576820271880835e-27
1.1188600182340727e-16
1.147771446348727e-16
1.9339514433011415e-17
1.5651986480593734e-09
6.752961927526831e-13
1.9564880044232808e-22
4.402482828128211e-22
1.1405567474231041e-20
3.718380327554949e-14
9.310124605911324e-07
1.8100952124526237e-14
4.228500311203076e-14
2.7354010299280923e-16
3.2347655342883665e-15
2.0396647312365692e-21
5.241680252562415e-18
6.971541585984784e-17
2.2750287950344718e-25
1.6709274044787463e-12
5.9163580532835e-41
1.8072313354351546e-17
1.144801090839147e-15
8.78798023705742e-12
1.6148104276212241e-19
9.153647590397114e-22
1.5076077878532368e-16
1.9754340992465458e-13
1.83212238174798e-13
1.6344314021507054e-13
1.9889337385224163e-19
1.495038937402536e-26
8.677876286058704e-12
7.466821835446343e-15
6.067825139552258e-17
1.3113275784626064e-11
5.2384625225018066e-20
5.2384625225018066e-20
2.6536861686702683e-17
2.7231688919239962e-17
2.1948666312293637e-09
6.598320300200238e-14
6.884035694770204e-20
3.486304683053394e-16
7.515885540642264e-13
6.428862730063195e-25
2.0823128299542013e-13
9.38365651560933e-26
2.7319521086250584e-10
3.0970614873757437e-16
1.1893049226882682e-20
1.0619844367960933e-13
2.332002151583812e-15
4.9465623205553e-17
2.3834245520304454e-12
5.839010459578699e-15
4.4495836664121297e-10
3.044829252085021e-17
1.6129611021859546e-09
7.967599962698566e-19
1.0620298708408519e-17
4.083244384627985e-23
3.9087369058883275e-09
4.4049687380805605e-16
7.533134232088091e-17
1.234184886838426e-19
7.23826456131942e-16
1.678890025606267e-16
8.111452871992081e-12
8.504604619251681e-16
8.15684365316597e-06
6.971505118338901e-17
2.407504254394943e-19
3.393634525786006e-09
1.0757930275648348e-05
7.261559622573697e-14
4.046802543820408e-16
8.055318334303976e-18
6.22081683689512e-20
1.4092236298404018e-15
5.158938895430584e-22
2.6759743436158657e-14
2.2492988323249216e-14
3.6234739167785665e-16
2.200569596797708e-08
1.0326547337750148e-15
2.6865304926896083e-24
3.3708739073431445e-17
4.5515152962546e-18
5.419929047143858e-12
1.996502516829798e-15
2.200793479990845e-12
9.309031130042482e-10
1.019101484000703e-22
1.7019683296079647e-16
3.3371257385871186e-19
2.9633696617459854e-19
2.6999509897368536e-13
5.930269131762179e-13
7.05097392646382e-21
1.4648093117580864e-22
5.1391523407289175e-14
8.589463882313793e-34
1.1794796330284226e-10
1.2916790371330826e-14
3.794967210182243e-18
4.326363854638509e-09
1.8607176981844188e-10
4.3201511625481846e-19
1.349008219092395e-17
2.8049089981747483e-21
2.533587672610536e-19
5.495397182609288e-13
2.2450645898191097e-06
2.4262777263124688e-20
7.31030423584638e-20
9.119207572251365e-20
1.5584787147695173e-36
5.34466593827188e-06
8.998586798681531e-09
1.6005061259432613e-15
6.013262181714485e-11
3.4544106198233883e-47
9.899332786314561e-17
2.3073631002164808e-20
2.7210986520130933e-14
1.0109442582505296e-17
9.797323826285627e-17
2.855408523519616e-12
2.3279817142965656e-10
2.721545147608767e-23
2.2723979000435827e-08
4.146185900515057e-15
5.142002548756084e-15
1.0401146833760789e-14
5.166313070575571e-17
6.807135034856406e-12
1.2504629002439932e-17
1.4027911227141245e-30
1.0498163552297504e-32
1.781638224837969e-17
1.2408467323243433e-12
7.95729500011419e-07
8.273477658819202e-17
6.978516474837085e-18
2.6533228567371713e-11
4.241190304146542e-28
3.21680212049662e-11
6.090999796105302e-23
4.411751421481458e-19
9.274764796605389e-21
1.4344784883591537e-14
6.574277706392459e-19
8.941437243557584e-29
2.2200319282301571e-16
7.467145179953065e-45
3.045667495292208e-23
1.6901409084549636e-23
7.323262078720831e-13
5.899822241307717e-12
4.3196833172565374e-16
3.686647119743889e-10
4.507909683638511e-10
7.550252805968435e-29
3.4748887038509236e-24
6.302490627284636e-19
1.1787216088408965e-65
5.70115495774555e-23
1.9360742420466088e-10
1.045683597507476e-16
4.232506177922417e-20
3.30085699175414e-07
3.813507064339271e-16
4.597366740326994e-18
3.080734845799471e-07
1.8922462364785085e-22
1.2169318886013245e-14
1.4958766942185174e-16
3.3062272168362923e-28
1.7716409266961607e-18
1.5166408256059562e-15
1.0321270531327019e-09
4.449191720940632e-24
2.2067974087872194e-14
1.51267880878396e-14
3.8369919168377425e-14
2.740922749135267e-11
7.247586757830865e-09
3.163024758991381e-15
1.9651121513925364e-15
9.228473866441501e-15
5.621433747767693e-10
1.589721035361098e-16
1.7656445839723227e-30
4.164458913321848e-16
1.571014761009234e-23
2.2015371611258418e-15
1.248703398640651e-18
1.9840013700624435e-21
1.779737830470844e-07
1.7952776825642196e-12
5.323531874252342e-22
2.717317788369959e-10
1.3287105379175299e-19
4.741036802950995e-24
7.033859899597347e-25
5.0862957272392297e-20
2.432111009396305e-09
9.253742423082723e-15
1.9743917027200182e-13
5.2007653348193165e-18
4.809704694231759e-34
3.793986095789565e-25
1.9193943550321423e-18
3.892923915795781e-12
6.341231958759147e-12
4.113267135824505e-08
3.031091764072894e-17
4.851756037710139e-12
2.679091713589419e-12
4.2104650593913235e-12
2.2189080569781692e-24
1.592929027807531e-14
4.6386489527144266e-17
2.6284276359786986e-19
1.207260351880547e-06
1.43236802825238e-17
4.128376102440498e-12
7.440734668134611e-26
2.8405196337824665e-20
6.248533415227084e-16
1.1430578804837933e-15
4.6561601797976993e-11
1.0010226686783831e-16
1.5730311198484387e-14
1.0604166497408265e-21
9.692263340657617e-20
9.306708319992048e-24
4.0542427665237945e-13
8.617989578895873e-17
6.779328283832867e-11
5.3792593193499164e-09
1.0276753248038026e-28
1.7188216117751267e-12
5.017445839109734e-16
3.780561655859257e-13
2.818004516831192e-16
7.106949834050134e-17
1.590530080251444e-13
1.6004576297274582e-23
2.1879810792260382e-20
8.29218645156169e-21
1.7632255611410768e-17
3.56203743337818e-18
1.2206088567621462e-13
1.480797381676178e-31
5.0360247183009155e-18
1.2681042817228857e-14
8.76804909910802e-14
1.0921803972714276e-10
2.646313721789012e-16
1.4359847968244138e-24
5.82514304394137e-20
2.0130141563548377e-11
1.7308112845295503e-16
9.493879171354142e-09
1.1475796628495386e-12
2.082583072481259e-06
1.0435841023951664e-15
2.004818067179481e-11
3.2249169182933455e-31
1.171906307449184e-19
3.3241045194441715e-10
1.1273761996845705e-30
1.6461527116391744e-20
3.1177543356310756e-11
9.660253204859081e-17
1.3371088709255906e-16
5.589174476403075e-15
1.1076451426490621e-16
1.0062885770616761e-09
3.817316713511266e-20
2.787554020726494e-15
1.314564000793653e-13
1.3703099791247866e-20
8.860300857626577e-13
3.2252285102521e-18
4.433302735339004e-08
1.8074852688134595e-15
1.734914383111239e-12
5.128929932635871e-23
2.2989018721091935e-10
9.83299975450811e-15
6.936287135122314e-19
6.840976266720941e-16
2.703793882113221e-19
1.114825894689609e-08
2.824549163742543e-16
3.1978072924878116e-27
1.6597393414391309e-18
2.374032909756037e-17
2.125880282569125e-19
1.0382276985256007e-19
4.703250999868284e-20
8.960249182919109e-16
3.997808133068213e-14
4.6469231037878254e-23
1.9799409368404272e-22
7.983821104044205e-18
4.755973078849871e-29
3.419042340215097e-22
4.439638299381595e-30
3.9415200396612825e-16
3.730655308727108e-18
5.964719581434725e-18
7.577798993282904e-16
3.965154229328638e-19
8.436878084776912e-12
1.8145465733881253e-15
1.0629786622766015e-21
1.3894010920210684e-10
3.657213982430023e-09
1.8148299213812487e-10
2.302196246825455e-09
5.46338482510634e-16
2.104673600921255e-12
5.44048637783502e-18
8.706406671005791e-10
5.789615165567812e-08
4.618182190402087e-18
5.2288287782159124e-14
2.3085218146960497e-14
6.406162645890686e-16
1.6701254083731635e-08
1.7025449437324022e-25
7.29023278407632e-15
1.2153941835808293e-12
5.809424967196306e-12
1.679668282393376e-15
1.1693162629585296e-19
3.046808941074102e-20
1.3136929136947438e-11
4.2086932927809647e-19
5.844342214479257e-20
2.26220341332573e-13
2.5937697279825375e-16
1.2588310719792894e-10
1.0942617223233217e-16
2.449127304461738e-18
1.0287970720372572e-31
2.2146915213998674e-17
1.1323213751186378e-15
1.931276798676133e-14
9.045200746228449e-30
5.682633632095246e-16
6.271450708526443e-21
1.084956257199571e-14
2.729547357115996e-18
1.5781952440265464e-13
3.230912493931006e-14
4.0774711362825724e-13
6.726237427993255e-12
7.54900114136242e-24
3.2064952727970803e-28
6.348705190143936e-12
1.8409313959541124e-28
7.577434314794195e-16
1.0410458342472817e-14
2.4136483557488783e-17
2.109118531142337e-13
4.761138163778344e-19
2.2866057148748727e-13
1.4056347483513443e-16
1.4309132120307008e-24
1.3080666669738673e-18
1.6524301657537013e-15
4.8606025710681164e-14
9.867226649458709e-25
7.849232943422103e-33
1.5698571528102107e-20
1.3237869537566276e-13
5.065375496711127e-22
3.0236867745151382e-18
8.925228793627667e-10
5.0552963677955446e-15
1.7894539696648077e-10
8.910702923673419e-14
2.1106191253320008e-17
7.029696448623305e-24
1.4210557606781424e-07
1.6585439950596994e-06
1.7140644162339642e-14
1.9578519222250817e-15
3.3367582655153906e-12
1.3622741076142632e-17
2.9522389139182876e-18
3.7048293687391407e-11
1.4640655784476914e-13
3.3093722125840876e-13
2.9886815128051125e-14
3.088357499072425e-13
1.1085779025071354e-10
8.30364829357203e-20
1.0078767760799012e-07
9.923921792749223e-20
2.67890844698895e-17
1.4549974398875348e-16
1.4510062996058554e-13
3.9389227836749455e-14
2.935972834974917e-21
1.0883779432086315e-25
8.890976566320328e-14
8.395429859548558e-10
6.908287274161825e-29
1.8395778087501343e-14
1.5232453972463674e-07
4.567001163040645e-35
1.3308688155752974e-07
2.2522454323404296e-14
5.722900013814404e-17
3.2682658868994135e-14
3.0795018523031523e-07
6.287428951099725e-25
8.449602240275896e-12
1.758387667872229e-11
1.1149452802954116e-15
1.1027691623361149e-19
4.627482298067692e-07
3.9064663375778676e-20
1.1256071075386561e-11
7.01036975050716e-21
6.8970415152864705e-18
4.1584396633722e-17
4.307725670416372e-27
5.452440312938991e-16
3.6966818431054145e-18
2.1631368412890524e-53
8.791667912668778e-20
3.997195082109999e-09
1.719354525209661e-11
1.0933428016259246e-11
4.3021312584774126e-16
6.586416903119426e-11
8.648963431374562e-27
2.8542812371285977e-13
3.2066249684942655e-21
1.5848397567485547e-27
4.403095675749356e-10
3.4009337284018983e-15
9.689218864758663e-15
2.259165227492305e-17
3.3824020045729924e-18
4.191586657118226e-08
4.7140776262880985e-11
5.565672773408092e-16
6.036639429259583e-11
2.3955448059948447e-21
3.4001541777941405e-13
1.1127735886882485e-11
2.311076179391898e-16
1.3777621625512189e-14
4.199674730255578e-10
9.391833613000565e-10
1.858233558671785e-16
2.7538423822240483e-21
2.1056670871395128e-14
3.1827283379063864e-12
1.3553263101479413e-23
1.2669946296035125e-14
1.091745438116273e-14
6.695199772678896e-18
1.6005058068897643e-19
2.3491202389990808e-24
4.8484483999909945e-18
3.7441820075117074e-23
1.5230779362903656e-20
1.6273741499139227e-21
2.214952691335735e-16
4.0187813092850637e-13
4.9861444748187624e-18
1.359386070725239e-23
1.0364931447045478e-17
9.977633654452631e-19
4.170988043306555e-14
5.603836209510379e-19
2.4321734512972986e-10
5.67663827598587e-10
1.892402029821464e-17
8.595110317454071e-17
7.954432953538238e-14
1.5221661638469792e-09
1.4258991793257583e-19
2.614730431235596e-21
1.5002620254949276e-18
2.6792461037222628e-11
2.4341396546003577e-13
1.398724886987249e-15
4.868135877138419e-09
7.953224222069768e-09
5.263432806355363e-22
7.744022162997583e-12
1.77370964780983e-19
3.3540017048996883e-21
4.282220690129403e-16
5.040563037462558e-13
7.96645182250579e-23
2.5939514630930465e-11
1.6726224441155085e-20
5.548384576977239e-21
7.581249259686249e-17
9.837896154493332e-22
1.9768321111199655e-09
1.6356115646780738e-16
1.38148985913885e-22
3.4422589993230804e-11
8.426583319561056e-14
4.4080915513754375e-35
1.210369091157144e-21
6.77157782077919e-12
5.652699842031997e-16
1.971228373679326e-40
4.957675541537289e-06
1.5148337270820241e-16
3.824288675445157e-42
3.249643187532233e-20
1.0551127294302274e-27
1.822896327449604e-14
2.0605023574559266e-15
4.4562780161507886e-13
3.4127133019986993e-31
1.2327464988133627e-15
5.258175331695739e-08
1.1367263490922528e-16
5.3734636296813875e-17
6.511922853236128e-13
8.023404895207798e-10
2.253556795233271e-10
4.6239309761987976e-10
1.6288310634542448e-17
4.071131612535496e-17
5.842442260550118e-20
4.8812832999484955e-11
1.2079959676320016e-24
3.235197703986191e-21
1.7975918711421924e-20
1.698786567777493e-07
6.129296550308219e-16
6.027981402305916e-19
2.3593985145199016e-18
1.550725383434766e-23
2.716298197510146e-26
1.602059454539043e-05
2.4330498480666415e-21
2.4229344769817345e-14
1.0477203087891667e-07
3.553925062535434e-11
3.5691269881836357e-12
1.9348874413433058e-19
2.62283530565494e-06
1.4781248140984568e-14
7.559775388352866e-16
1.6816504500050695e-17
7.253252192949828e-16
7.554170485016159e-40
3.2695828613082784e-13
6.1516536948226356e-18
4.327082510388223e-12
3.9062768877533653e-10
6.594535393457759e-13
4.283304561985284e-12
3.8365225233370094e-17
1.0202725135742512e-10
5.394508467969465e-19
5.921469986755352e-25
9.729055540018616e-14
7.876023453520683e-11
3.239974798547226e-11
1.3201930860360665e-25
9.886885900203758e-25
2.709325414900807e-07
1.2969456030955303e-17
1.4103385000650358e-18
9.743126223548257e-14
7.359615971137603e-13
3.034229319431677e-17
3.683009518448194e-19
1.4995651495935957e-20
1.0284097619857745e-06
1.387144241543502e-24
2.5141718956668793e-12
6.791246270024247e-16
1.7473561427336698e-12
1.8336203124062877e-12
7.706141949439812e-14
3.002823979388176e-24
5.200987563083143e-13
1.7665439724406226e-16
5.006659901639873e-19
3.050297732683004e-18
3.2568464074855683e-12
2.424486647228918e-26
1.8913337100610322e-15
5.115522063387286e-16
2.0097142253248004e-20
1.6588559758279738e-12
1.1370154945003223e-18
5.091260623102978e-24
2.4054497334921888e-14
3.843319320102022e-16
9.622538188969343e-26
2.4209928719502593e-07
1.7601989206914823e-30
1.6084085472173332e-19
8.482362110857728e-14
1.2649876482124975e-12
3.800731418890519e-21
2.236668436856094e-16
2.060227162430417e-16
7.157833657538808e-14
3.2832104450616617e-13
7.016252639912502e-10
1.8405174132613985e-14
4.732960455844178e-18
4.861675298730546e-15
3.924073166682841e-16
4.4539055037977255e-10
1.260137542480234e-14
1.2262637843452084e-16
9.350344526354495e-14
2.6704179805100823e-33
1.0483195560270083e-14
1.102084121881146e-08
8.600234400534751e-20
3.9892260134161294e-16
3.653206678532279e-19
2.531722608237916e-18
1.2781408214784314e-10
5.2188713049324734e-12
2.0472662948436776e-24
5.647966826471246e-17
8.624003810597498e-17
4.6140791393737257e-38
9.769135132100202e-15
9.968057038552054e-17
1.2208590190383346e-19
1.121167683678762e-27
1.5542433347305327e-23
2.6325511910165033e-17
5.651376090183555e-12
7.418367211869308e-07
5.813293457499932e-17
3.645654567093535e-26
8.250502280755978e-18
1.6821393365721807e-14
2.3430459785000182e-25
7.4583164345211e-18
1.0755357525314182e-19
1.3279535830493083e-15
1.8372468059235376e-11
4.314198335297674e-11
7.926776258879909e-14
2.0386498793572497e-31
6.365327612063494e-17
1.523704679526894e-13
1.5550136842908131e-13
2.518399574905535e-10
1.5697130041998844e-11
9.384928524865128e-13
1.7842772171971478e-14
4.753459409036048e-19
1.2366102501844658e-09
2.0234950260376053e-05
1.722759462720403e-08
2.618374771676001e-17
1.4920016441896757e-15
6.91315935609942e-13
1.3185685395452169e-14
1.6692789249206773e-18
6.451006740837122e-19
1.1825481124527194e-11
3.29455873316021e-19
5.811804264770351e-11
3.043931599207809e-20
2.60591819035713e-07
4.51816115164801e-17
1.401293599742734e-26
2.5597651222848586e-19
3.001643823953918e-17
2.3713745064157034e-20
1.0961283529998672e-12
1.5222387633628444e-22
3.0390913248544727e-18
1.1885463734289769e-16
3.613680786137384e-13
2.541333101018545e-25
1.2484128951740771e-37
1.0413517770664737e-20
8.432943519506659e-26
6.388936913530904e-16
4.073251426637278e-15
1.5736402878182823e-18
1.0788270559503487e-14
3.9545766857069125e-17
3.6349257523044274e-10
1.309585516379694e-26
2.161560751886506e-13
9.28488644448961e-19
2.929078021931868e-14
4.1940024977818085e-13
3.8154265818633095e-19
3.86115050304692e-09
9.185077071888644e-12
5.611982701180805e-20
2.3909336507213353e-18
2.3832503992006606e-14
1.3579362416514014e-13
9.650967746321452e-10
1.9951336474317184e-18
8.04410095466633e-12
5.094689813561005e-14
1.6561606304836124e-19
2.7927720336456674e-14
3.3150043255901594e-12
5.778130908624749e-15
3.274074726242166e-22
6.0435815257691104e-12
3.526300920334035e-06
1.2474831859406768e-13
8.997476694143775e-21
4.672827019853599e-13
6.682712141663615e-14
2.5055865415918454e-33
3.2781259619300586e-22
2.73222300730015e-15
2.205421552501944e-10
3.6992988112139754e-22
3.3648343931265245e-14
8.527648279217864e-16
3.504073777029602e-15
1.4236331493286448e-11
5.758993018056272e-14
6.973843257636792e-17
8.149038876332478e-36
2.3725466457329825e-14
2.853391390705593e-24
1.5150989733744426e-18
6.229281147825742e-14
9.509547852465706e-11
1.6435429633425805e-13
3.809120868432047e-17
1.562192683585601e-07
2.167229064239419e-17
6.183745736465497e-12
2.6962500495668274e-20
1.0094081875879174e-17
3.4116949137310856e-27
2.865285954453235e-18
5.803891458855467e-09
1.7519664584404824e-21
5.768094040504459e-29
2.977113970373564e-11
4.607717615236641e-13
8.165951024056268e-21
9.89577191643278e-08
3.989802707007322e-14
4.306176381982787e-22
4.692946480723723e-21
5.957345294347459e-20
2.109276139119991e-17
4.395477481369034e-21
8.685720982630891e-22
1.3764012411655854e-21
1.2175901982730657e-16
4.231989362425522e-13
1.3421613923376087e-12
6.321017296009218e-26
3.047189354305893e-17
6.777254594317881e-08
4.156085348300327e-14
7.598452157034688e-22
2.390020787939664e-19
9.759483934801919e-08
5.928566961417589e-12
8.190895360972822e-11
1.6886074028050766e-16
8.724779518487967e-20
1.316717853654937e-09
3.400273841598173e-24
5.725693601554571e-16
1.1969371818263452e-10
8.3994288614232e-09
7.2339925814268135e-12
5.156324236888873e-15
7.685444460639797e-24
8.595710055018082e-24
1.5005294962128942e-18
3.022269912970879e-22
1.2013877553853208e-08
1.0931448809217872e-08
6.003061741593254e-07
2.530422267708404e-19
5.3885211773599844e-14
1.841123616733583e-25
4.063527815444456e-31
1.5200849106289832e-13
5.338161765430569e-17
6.369889922925466e-19
6.218500186019297e-20
6.564750993236841e-16
5.336973582689622e-19
6.151143368787096e-12
9.44750519091341e-10
5.909737213711145e-14
5.748625070569314e-15
1.3078058426390602e-10
8.681400240436382e-08
1.3354873934509532e-13
3.270463709280399e-19
4.552487158920096e-22
1.8203443193961215e-24
1.1230506505759439e-26
6.593692076057453e-24
1.9423703900487116e-10
8.124276676309026e-24
2.497452716738891e-15
5.328404893028023e-12
2.1601642422433333e-18
8.189385513327437e-15
4.514618570322432e-17
3.420768021580169e-17
5.76942426212922e-49
8.03516618005053e-13
1.630412663347677e-16
5.628038142663536e-20
9.978233843383308e-25
3.0269937826217795e-23
2.9694385411733844e-10
1.1951714993870979e-17
3.2730422262787633e-31
9.41498563107866e-09
1.0006541732583233e-50
9.611834745373271e-23
6.124618241876874e-14
2.3803758376263697e-13
1.5502730411244116e-19
3.433312672039569e-18
1.0239267194329581e-12
9.291829318213149e-11
9.390423835652743e-08
1.9818048835866833e-11
1.44682795452676e-26
2.4961029723790954e-19
7.819879942839789e-14
1.9241353285099512e-16
7.853146294099628e-09
6.085623556383782e-17
5.368666497125553e-21
3.9065036852581663e-17
5.783998602029499e-28
1.1349804596472787e-18
1.5906475953828869e-25
1.7915699776388188e-18
3.273769485864602e-24
4.856775127054545e-19
4.481245365158364e-18
5.996883921316695e-16
4.9150788904367435e-11
1.0099899425633663e-14
1.0469952553043002e-13
2.890825242893048e-16
1.4782645177689588e-15
9.605758685727168e-15
5.229140171191281e-26
2.3832659077382825e-13
2.6122272916556184e-09
3.541572974584129e-19
2.522766922600646e-23
8.229292920061383e-18
1.6976978612150367e-10
2.534754689755542e-15
4.7277121029097655e-17
2.2934065426084138e-29
2.9813105125627567e-08
1.5280053727061818e-09
1.2172429506233808e-11
2.0064557815052837e-22
9.483660979706443e-12
3.6312927873588973e-14
2.6469142341275326e-13
6.277535941864004e-13
1.2103184029541357e-06
4.1692555870851515e-16
5.833764132553527e-18
3.1444231817293305e-22
2.01446300751628e-17
1.4670794752705371e-15
9.12409114086034e-15
1.0144087930271122e-18
4.3906008069749155e-16
4.551171218500166e-14
2.1266557023117144e-15
3.531587934236566e-21
6.377351362802798e-12
1.5677197932890138e-20
6.164662565713991e-17
1.1110677819660623e-12
1.0165697223614856e-15
2.9902847376654815e-11
9.248084485669412e-12
4.129461307292569e-31
1.32304371233605e-12
7.211399955217487e-05
2.3187470900646358e-11
2.8936115886150257e-25
2.6429112960644395e-13
1.1539672977027495e-08
3.809426340225631e-17
8.53058621531195e-06
5.265507361170833e-10
1.0269910172213593e-14
9.711198878573882e-15
2.0609062649490137e-31
1.35210257558309e-17
2.2396970779841706e-17
4.1622864133301816e-11
9.24389440678466e-12
4.6913080095247036e-17
9.73372135064643e-15
4.635918224120129e-18
2.7133956987250603e-18
2.8586537818519654e-16
7.075146786151591e-15
4.851976735981343e-13
1.149501140339707e-23
5.03674761309967e-23
4.9982117197537486e-20
3.6904475576361657e-13
2.995382302096747e-13
4.253198710537997e-13
5.155238111409323e-12
1.2804552903951536e-10
5.923178184929311e-14
2.5793467122236937e-23
3.914966887195588e-13
8.873642688543428e-13
