1.8272584263714116e-23
4.5664643290619505e-17
3.645987961828404e-23
6.086508616285889e-21
3.2976892984518836e-19
2.056951242346056e-10
1.1621974108422242e-14
9.489759765525176e-11
2.813391423677123e-06
1.1740819126505259e-11
1.8109887585557305e-07
1.8576257845070863e-19
1.7486217153270062e-18
5.297308559877018e-09
2.3408152049962997e-21
1.0502628655000132e-16
1.1006169874611141e-19
6.809642209233293e-16
4.49185889171275e-16
2.0294554031237503e-45
1.1678751155052005e-13
6.005976773466307e-20
2.969447368100492e-19
2.671631376981026e-16
2.191645388296083e-13
2.1498801337648004e-21
3.505853608017811e-15
1.87671586397443e-18
1.4272058833377293e-12
1.3555300309717038e-07
4.028761292802463e-14
6.143047366748157e-08
6.3569642456999514e-15
4.74562744769421e-13
3.5631104498508664e-19
2.657744793844951e-20
5.474752025140691e-15
4.53960012870198e-06
2.5782561345172343e-10
3.514964172029882e-13
1.177447106680199e-14
4.8128427296140095e-23
3.600804964088293e-18
1.5315587217943414e-09
7.641282905350243e-07
5.11638161609452e-12
1.5628822836876922e-19
7.260651838868508e-18
1.1389960633639994e-17
3.278105543077818e-16
7.119478707583595e-16
3.947033989252805e-18
4.422453522168211e-14
1.3713842675010646e-16
2.523618420748462e-14
3.5257184433919467e-19
1.6079821242282263e-13
5.355482901279833e-19
3.6610133996318885e-23
1.2921655738201494e-14
3.1954020747591806e-13
9.41571826589692e-13
4.370320004637565e-19
1.1591540185521074e-19
2.03565236519448e-15
1.9135118670414133e-15
2.2940747324948765e-13
2.588265992981632e-12
4.201015264996354e-14
1.61329838050386e-13
1.8034624909235179e-07
2.5981186973172456e-16
7.666301321270303e-08
9.853755650605472e-25
5.016112897048962e-24
1.497367520796503e-10
8.215909313209089e-14
1.74082766183165e-09
5.336856102814458e-23
1.3278946281082385e-17
4.969747257939567e-13
5.67400979891871e-12
6.788810533082913e-15
3.7027406985327766e-09
2.326211463545975e-13
2.8206604784568463e-15
1.0534001929107359e-12
7.924324403612196e-09
3.239685694556564e-19
6.687662063223326e-17
3.14335848187639e-11
1.0711698785294755e-22
8.363978299508143e-10
1.263712235080117e-13
7.028699790653208e-11
6.256508564543041e-19
1.2224974320589324e-19
3.998772808725469e-09
8.335275649186852e-18
3.2706578331434564e-19
1.1606893749881296e-16
1.1734146927616456e-10
9.877254945487062e-18
3.493098296746655e-16
3.998562103591926e-14
5.139059061958264e-08
4.953861009978907e-10
4.880037554010092e-14
1.034309820302098e-13
5.426900625091184e-16
1.2888567164020171e-09
5.29131199014969e-17
2.5025274307351356e-09
3.7467287141660055e-15
1.2582460775838557e-10
2.4977960830752924e-12
2.115628809362148e-25
7.051507630267994e-07
8.55255085631933e-20
2.077342967695826e-10
1.182389789844135e-10
2.85693824124325e-16
6.674520087210818e-15
1.4639192661608266e-17
6.494946871587712e-32
2.1052291893394785e-16
2.9538082324555925e-17
3.8460418518536214e-13
2.85476211892808e-13
2.9388452227578427e-19
9.212626699627153e-07
5.349256815135116e-26
2.8030852738957977e-14
1.456854749217125e-19
4.4789699497522213e-13
2.3272761397255134e-20
1.9116727113859304e-13
4.526282024055221e-17
2.9476786362460363e-13
4.661867297978552e-11
1.3572331448028199e-14
1.1264966169620706e-14
1.475835097747268e-13
7.809493425918485e-21
1.799421130949864e-14
6.643461712902642e-15
5.856713326764674e-16
2.0392273609615132e-11
4.508622056466521e-34
2.0883756846439533e-12
7.312010196965266e-18
2.918166745231385e-21
4.009990437250116e-16
7.308487796463384e-13
4.8739674167333767e-17
5.204442089523155e-15
2.8098896589021743e-15
6.767772554181813e-14
2.199035281315116e-09
8.174023242918658e-19
2.18995493917901e-20
5.834079267247169e-15
5.892240705066553e-17
1.0005244817238178e-12
3.443621530973312e-20
1.9713327740781696e-23
1.4196721513984276e-20
7.142714728523042e-21
8.005659514314207e-15
6.318025533576185e-11
4.5207425739085604e-13
1.7900785865281666e-06
3.4676188047192986e-10
9.182027177754412e-14
3.190701274038857e-20
4.514915701590352e-24
5.841838575833307e-15
2.281313938374827e-14
1.177582042071655e-15
1.9988097038953967e-24
5.470475108993457e-11
2.3252400420622383e-17
2.7985081610674315e-18
1.4230857394859603e-18
3.2178706646474354e-15
3.851376500088124e-15
7.541609690203262e-14
1.7308786809318527e-17
5.051262310512844e-16
3.675209191193654e-11
1.8232772813193856e-20
1.1521047653489809e-15
7.871764439747677e-17
4.7617959476224044e-17
1.664346416249624e-13
2.1615256571830677e-16
2.722199422676121e-13
8.485949937722756e-11
1.770473392483884e-25
8.670950869197658e-15
1.7557447775468407e-11
1.1698044894642567e-15
7.714626537793553e-09
6.446156668086556e-13
1.7841253955284389e-12
1.9563078608245182e-17
9.122745273148347e-16
2.3094930982729757e-09
2.325325599150863e-28
1.5196704301450433e-22
1.1946950020281034e-13
1.9550616019097632e-10
8.709521141226336e-10
1.7484430897093624e-14
1.3982302955416425e-12
2.2706759144083675e-13
2.5680954982433612e-11
9.72944018632367e-17
6.785800754140574e-17
5.2565534358061994e-18
6.1846574905141256e-12
2.1781015940726538e-14
2.451199187423222e-13
2.257713953396382e-11
7.451809928547625e-19
1.1228242416622648e-22
4.9770287907499715e-09
2.6938592870735947e-18
1.9138758538475972e-10
8.305368992970386e-11
1.8981508406581276e-07
7.180517741688927e-07
1.4500924311212716e-12
2.1495536752973865e-15
8.402921302483547e-16
4.0320299557572014e-13
4.420599972904607e-10
3.1482808419820325e-15
1.4697798098099794e-10
4.985421817490021e-17
1.0486930888715837e-15
2.4327348626721432e-11
3.854322537410538e-12
9.016030191522068e-12
9.333019922185515e-21
5.547278516016517e-11
7.902034256670168e-13
4.197920851588927e-18
4.9261263904175314e-14
8.797698587916472e-12
1.8522789410013465e-12
7.275470504600693e-14
3.470794438112793e-24
4.518705036694178e-10
7.237468485719965e-16
1.408190719710137e-14
1.4250051022641512e-10
2.8909950913578157e-27
1.7171081863531385e-19
7.981484465779681e-10
5.567624993383894e-20
1.3217412017762459e-09
3.2610218793101724e-13
2.2921254231044377e-29
3.5163670200596593e-16
2.8830589892429114e-12
4.631404914711265e-12
1.6293971156651168e-11
1.9781310306637813e-09
2.5729579755121664e-13
1.351323424735155e-24
1.3553498396432272e-14
1.673839744771683e-08
3.165903206006444e-14
2.416437099903073e-09
4.248795462276932e-15
2.341041200847068e-13
9.274506989461932e-19
6.9593636535755835e-15
2.445542642570998e-16
5.09025753434656e-10
3.6039833432702933e-06
3.8741566714068565e-15
3.583989998214245e-11
1.0913603564921587e-20
1.1489179524244136e-14
1.8355456785046501e-07
8.693378565341758e-11
3.341074553808601e-09
1.735397724760261e-27
3.0689897213608823e-15
3.4389869802733003e-10
3.798426690334965e-15
8.062555637910021e-08
1.4326972137411532e-19
1.2943014943130466e-08
2.8964600105538633e-13
6.67719253357618e-12
1.0428577801323267e-18
1.985006289622449e-12
2.7064478458433627e-08
1.537374814368542e-16
6.502847145300766e-17
3.710956918618029e-19
1.2898571515425748e-13
1.4310554099408276e-15
1.4180975510288303e-12
4.079074520084177e-12
1.2216575822381835e-10
5.200203343442601e-17
1.1529885476006608e-10
1.0689673423102123e-09
1.3154196592241027e-12
4.687733170706343e-17
2.0412130549223843e-24
2.6100600149572594e-16
1.7781689695585578e-19
1.1273002752664909e-14
5.730717918173598e-17
8.999119937483864e-17
2.506949477848959e-16
2.05740673879163e-18
1.7226150451522516e-18
4.322720085634628e-21
1.8304410589610944e-14
3.755601164053652e-19
1.4499016549805306e-08
1.472562680626158e-16
2.289687666955303e-13
9.767457728405605e-18
4.31969742709171e-48
4.82629021250381e-07
8.253349580969648e-07
1.464290142111312e-10
5.887584790435867e-11
1.470023279688858e-17
6.791087836332946e-09
5.427645239424273e-12
2.3479823173730878e-12
1.9113388061208733e-17
2.830849933993191e-21
1.2369261303674767e-15
1.1852681985175463e-16
2.113967128490088e-18
1.0533804303759045e-13
1.6517909511075127e-14
2.2179968710283312e-14
4.571844328657785e-12
9.87853980678731e-14
7.185595674012501e-10
3.6039927061293647e-25
3.615665522433139e-19
1.7796404312507423e-20
3.770392401449826e-25
1.366983514334331e-14
7.4243750504495e-21
1.5271519492656174e-14
5.591101049049543e-20
9.741960648985789e-21
8.710955522707024e-12
8.164064225506313e-25
1.5437807078299188e-13
1.6866306727651351e-12
2.3275308366083166e-15
5.992364878333804e-14
4.2937484147957855e-15
3.0708564459707637e-12
6.056226900756516e-18
1.0265207075258237e-21
2.994943566397926e-16
2.65375089865545e-18
1.8566891997536022e-11
5.3322096284726654e-14
7.354657346540929e-12
6.430199777361666e-12
8.74234963549608e-18
2.6427861812900936e-21
7.73975172055629e-13
6.4713592711278e-19
1.17863816977204e-07
9.801476836522247e-14
8.376743628638032e-09
4.318881756080387e-12
4.77046950617264e-17
3.229325925545669e-13
1.1978084349379943e-14
6.897729901171223e-12
1.3117979581755032e-17
8.316533702539174e-17
3.652785383378632e-17
7.583439199149554e-12
6.183081775251635e-16
7.842671945997942e-11
3.5301445262088835e-10
1.5385873268732784e-19
2.1377226792710916e-19
5.97386339994519e-13
1.3802654862959208e-14
1.7819924878878575e-11
3.2917844930008513e-12
2.5406159870616803e-22
1.2917522435762225e-15
2.294075677395584e-12
7.398620613711615e-20
1.888092928739777e-08
6.162120929688302e-13
8.076423348097721e-10
8.457143774409807e-09
3.1045740099062566e-13
7.776024750182988e-19
5.833710336766756e-16
6.5469329021360965e-18
5.196791949419432e-08
1.655038333925792e-10
5.827486951859973e-11
2.46181717129114e-17
2.007216876993849e-15
4.134075275768968e-12
1.978454387718013e-15
2.1780272461448333e-12
1.9570518930284798e-15
1.4753438277045501e-09
3.736728073690109e-08
5.915109084769484e-08
2.4809792660165414e-11
2.1781072668938553e-12
7.047492303225787e-24
1.965136258755609e-14
3.026635297486298e-22
2.1002802446254632e-08
1.6362999443047344e-11
1.773430985931088e-10
1.3912083166538556e-18
3.821105349755161e-17
1.6529863506022158e-13
8.305332744551359e-14
1.7959192941839505e-17
1.826956943443222e-11
2.4305093146876874e-16
2.7557960636025352e-14
9.509196528136614e-18
1.7461544414236259e-10
3.0671479277160205e-13
7.228650138238593e-22
1.462370184549351e-13
1.343569856813888e-20
7.07372303770126e-17
9.583522285385771e-22
1.2688555931794898e-17
3.239342982122744e-20
2.6562267936053377e-15
7.749517939704705e-12
4.973092673121149e-10
1.0540303621829846e-07
5.835886270385795e-12
3.641207711227847e-08
1.2678134235388122e-13
5.996468971470748e-13
7.37812517491598e-18
2.1363825440134453e-16
5.4309411309046865e-14
2.6856216643109307e-21
2.3074783053196523e-13
1.1911367277960286e-11
2.1645564103486964e-13
7.221249665800812e-15
5.964560410267986e-14
2.863516334422703e-07
7.428948125912767e-18
3.961376427560088e-15
2.629598172852014e-16
1.8521220488520046e-14
1.8138891304516275e-12
3.745021177255741e-13
6.094962791620476e-19
9.154261420704923e-12
5.214206704218613e-21
6.404482868347503e-11
3.2996144928880644e-33
2.3400934472818667e-14
4.565548748017648e-13
2.4148110377564203e-48
2.9511334391262997e-18
1.2798985730186692e-16
1.5752212857098656e-14
4.617088885643884e-15
7.638869440278502e-09
2.4206847424642764e-16
1.1049537704471401e-13
1.38414798321579e-14
3.9864498140531757e-14
1.5409149987889215e-10
1.3596059075156562e-12
3.4597116562687503e-19
1.5055609131186005e-20
1.1062431536624923e-14
8.233682602425505e-19
3.2712881850342906e-14
1.8094160435671578e-13
5.483655766275643e-19
1.2887584994674853e-16
4.228680212087593e-12
1.417838327927006e-13
6.234738823778128e-11
4.56071172653506e-09
5.404007629086258e-12
4.247530636002318e-16
1.3888692972256888e-17
1.1477215274802891e-10
1.726662373513767e-14
3.8468280310294283e-13
1.4047161185847859e-12
6.760878878198293e-11
4.8055427920968534e-14
2.0393901847238143e-11
1.4280490490539847e-22
5.0131766018621356e-17
2.843734530224366e-14
9.7879035766751e-11
1.4037647029984546e-09
8.524406934770469e-16
6.814791808990356e-18
6.463659029552851e-14
2.0310674323577142e-27
9.300115486431188e-11
5.488224925975519e-13
2.316548498571467e-22
2.1704918649673968e-08
1.1369301134964262e-31
2.6270297743989294e-13
3.467724593973746e-08
4.1851211010836034e-16
7.578678171521736e-22
7.361266766499494e-17
1.5569533817267744e-11
8.84800091784982e-20
1.395411272032973e-20
7.405671751357374e-27
5.265350874812403e-06
6.21615156851445e-24
1.4875395107490148e-09
3.116866803784125e-08
3.654928817752735e-13
0.000207146946932784
2.4623564621153e-17
1.7247645198667112e-14
1.000374518087741e-12
4.50090910314363e-12
2.5715864456371955e-13
5.576419961931843e-08
2.887899535399127e-16
3.0391789265839914e-18
5.564112497421067e-08
8.282441258823697e-11
4.968730586685704e-18
9.23077447182129e-12
7.072875176952998e-11
3.6821741520768354e-19
7.341588989480868e-14
3.337785875228509e-24
6.5666470353717e-11
1.3477399889214098e-11
2.527011639592517e-16
7.762027933057566e-15
1.5902822799473893e-20
1.766245971731321e-14
4.400648255883161e-18
3.4860432446521446e-08
6.45615599890742e-16
1.1325759984200445e-14
1.0509016745561743e-17
1.610137724207771e-15
1.1194038765253268e-15
4.9739115845008525e-09
7.948401037569959e-12
3.299252704061131e-15
1.4700571859637304e-13
1.004018634754774e-09
7.748736705676045e-13
1.1921149931752452e-41
2.1522737544901135e-07
5.060634700078579e-18
4.8243859240606153e-17
2.946396523286824e-15
2.1844606374352317e-17
2.867241300801468e-07
2.561059269841781e-08
1.9769918798932014e-12
8.411389807857508e-17
7.539730085686694e-13
8.635329654213566e-15
8.560754777767862e-20
2.443672360262189e-11
5.12181057119885e-11
8.779834043223839e-22
1.9337819056948002e-14
6.716307253076479e-16
2.1433545164114564e-11
1.0057176803287972e-16
4.121362386715797e-17
3.715053776007955e-09
7.885110212079837e-09
2.0007119966665415e-12
4.076427884782301e-14
0.002468428705960979
2.9158580114828506e-09
3.142265094238429e-10
1.860555685869449e-11
2.571038252419558e-18
1.0982566951035138e-13
7.914310153274208e-17
8.913028211981807e-16
3.230046518000734e-08
5.7232494640454166e-21
1.486348194678739e-12
7.239486546738413e-16
1.3528242516641396e-19
5.496688113975202e-16
2.5247569059221076e-15
6.952693143582633e-17
3.256215861511054e-07
7.767120101066591e-16
1.1156509778350021e-13
2.305276657476618e-09
1.2813498862288488e-14
5.359777529777629e-22
4.88599990310544e-20
3.127589243116078e-20
1.1337949527053774e-12
8.437777727575135e-13
2.0734755263214825e-05
1.7812754962462455e-17
2.472969532146081e-06
6.6642691288672e-24
6.491781248189517e-15
2.5129164021814776e-11
5.1091491019642314e-12
3.196177785656847e-12
2.3049709409068534e-13
8.894551987738769e-11
1.1477956310011366e-18
1.4816116543415022e-09
7.930792839411904e-19
2.7790019919185333e-09
4.783556891353593e-18
2.2439606841819912e-58
4.613233549691669e-13
3.718417809040709e-10
7.146932161018773e-08
2.832480626319459e-13
1.7792547635674545e-10
2.1333334408578498e-16
1.90008212445133e-16
2.2734632592721122e-07
7.623344004829314e-36
7.032960125720855e-10
2.997306605741808e-25
6.322739967318488e-16
4.032127044751836e-20
3.840653263618529e-13
5.310488968925735e-20
2.4069752911069037e-13
6.131882685290388e-10
3.3915211145653666e-18
4.630245673737964e-15
4.536740885003745e-22
3.7210050814508274e-09
2.0516937786000114e-14
1.2847694886412294e-10
5.429215177706459e-19
1.004103048229915e-11
4.033454092627496e-16
1.5136604116826444e-12
1.921762467624189e-17
1.3979595671895774e-06
2.1403563966903489e-10
9.04148362708623e-25
3.28856413084951e-18
1.7105848875749395e-16
3.6829650451016276e-22
6.226873159977357e-17
8.14920292985631e-23
4.279899620952795e-14
1.7017827897078226e-14
1.9250390113200533e-14
1.4887708243546203e-15
9.554059343769103e-16
3.3791213459397865e-11
4.588775481875356e-12
1.826618996576948e-12
2.2177789433801462e-17
1.938231418702532e-11
1.6789351010910777e-19
6.928279551390423e-11
5.283272643412499e-12
3.199697007026618e-24
8.22553377979807e-15
6.889860219084235e-16
1.1197053943060788e-10
7.150161752343832e-20
1.1913679442525986e-14
1.7387012132762671e-15
2.3855223811120945e-18
3.6276861808248445e-20
6.810460322834134e-16
7.499796449474216e-15
6.177085682383021e-19
7.220948957803803e-19
9.841430606764163e-17
8.325079530442964e-09
3.146503387965797e-16
8.902087802865956e-23
1.1281474719838485e-14
2.787674954933274e-09
5.978371008320373e-07
6.13593398579272e-17
6.295275325145367e-13
6.560555269526389e-09
1.543139433996977e-12
5.073148309566908e-07
1.966561400089871e-09
2.0521670123767388e-25
2.2453477571907956e-17
7.642915066008711e-16
2.5525264130196575e-33
9.086538549317244e-10
3.8165585087942823e-16
6.434275266112686e-13
2.7979428680154697e-16
7.541125369594093e-07
1.7642696070337159e-13
1.7428244590462907e-14
2.357605548764581e-11
1.0774338485878991e-17
1.5265035730014258e-11
5.798325691050769e-09
1.937020721178115e-13
4.3250991893470674e-13
9.65867214260627e-16
7.819286579351559e-13
2.4356289126624996e-11
4.322030895429666e-12
4.01015075810778e-17
4.353615021221972e-12
3.7314531573107495e-20
5.21426975889519e-12
1.756786503213559e-11
7.321923797062357e-21
1.0720792816426709e-15
2.427397839109643e-14
3.2592190640537604e-10
1.3732506833927567e-11
1.0568986927353254e-12
6.495934754445705e-10
4.6651398302658785e-19
1.2377328476005608e-20
7.258385103883885e-15
3.24533520806511e-13
1.7251646809451712e-33
7.504135806804859e-14
5.956552878999177e-45
2.8908652880607213e-12
7.882633178167376e-13
1.291350463562903e-13
3.041969854914947e-11
1.485532674758164e-17
1.4646300663476903e-15
3.2961732377438285e-18
4.334095772183765e-17
3.6592996726976326e-20
7.900029560499013e-23
7.029801438615603e-16
3.2209631846166445e-20
9.396374562364655e-17
7.609965665926364e-13
2.6282617501676905e-13
1.4939981596389307e-12
2.2277795878057635e-14
6.904240629483288e-11
9.195933978976687e-17
1.794354072161772e-11
8.927424371392454e-16
1.5880469937370067e-18
1.4110198522834241e-14
3.0833983225136573e-13
7.397792560305836e-23
1.328309518943792e-09
3.9691625570533e-08
1.0499624214194251e-08
9.982375962373323e-15
2.8329372328550173e-18
2.545609587179355e-07
6.306876039463185e-12
3.205800464344655e-07
8.973544741842545e-10
5.093804723650723e-23
3.076082336580016e-35
6.191147047684315e-06
1.2081066731420966e-16
8.259217233826092e-05
1.0982072368782544e-19
4.604822075650006e-21
5.454798108205221e-30
9.23397505386187e-15
1.0076531684548997e-08
3.0584264077427035e-14
3.5992786094988304e-23
6.788170478883656e-13
7.081410619268603e-19
2.7501138653934117e-17
6.590957981704564e-10
1.6406890986929616e-12
8.878754423855469e-17
6.823899525020826e-13
4.607952418644934e-05
9.779005299775147e-11
3.866328069565639e-19
4.778687257705887e-12
4.430443932945398e-21
8.065621838808856e-24
5.321399740693213e-14
1.5629944923138915e-15
2.5267483163056667e-21
1.4182375057237387e-10
8.288618727405676e-13
9.99084454960098e-16
2.9623574092432777e-12
5.57311650117375e-17
8.317636001660016e-10
1.9739992975477397e-12
4.8396271572993915e-17
2.2084196346063043e-17
5.2880115293413994e-09
4.051624523682799e-21
1.160646635173053e-12
1.2918167953349915e-15
5.708141819399427e-16
2.351496513601128e-16
1.0134084329797212e-14
2.985625314848791e-22
1.5769852664995093e-13
4.6738489776129617e-20
6.773092895998572e-13
3.033705325774405e-22
1.1643609574167887e-07
1.5925095076025198e-16
2.6897215068109075e-07
2.89590888708142e-20
7.882421562536525e-21
7.947744974564114e-24
2.8835895257000623e-24
1.3123391843720887e-15
1.5816482761068489e-12
5.182653856306445e-16
2.0288686723348097e-06
1.6910941281706945e-19
3.3062159168183145e-28
4.056799493072095e-21
2.9627006596731488e-18
2.6089504261371087e-28
2.199152007671772e-18
2.3876108693451396e-21
3.976989242707359e-11
2.4814244221068574e-15
3.910691234774207e-18
2.1009874349163183e-19
9.558634757580603e-15
1.2443548793853573e-21
2.311792533315836e-14
1.4503416350527937e-08
1.3680162814186906e-20
4.1133263544097495e-19
8.721491098440505e-17
5.117966416581037e-15
1.5090081814538783e-11
3.1327315950506027e-15
3.583570643209241e-11
7.5055064892982e-06
2.379398770243345e-16
9.236472777291852e-18
3.293617435564148e-15
1.834277049115841e-18
3.9531677439222524e-11
7.987567405467321e-11
4.647094326773816e-12
6.620781303842992e-15
3.21364833665068e-14
8.487840439176065e-13
8.103770641431598e-09
4.513783549989487e-10
4.93159134570724e-14
8.713910171374469e-14
1.099977986559208e-14
4.604313018251684e-09
1.4859774561321073e-13
1.5366902207530283e-21
1.1312630583177083e-13
2.3402017807713226e-12
4.4840652053668543e-23
2.9944269390834525e-18
7.282517276677755e-14
2.3529929797635733e-13
4.791300244470738e-11
5.371112973259457e-18
6.800145090450857e-13
2.2766262835666273e-21
8.098741458199563e-15
9.401276503915085e-14
5.717889712294176e-13
1.6733968683123738e-14
6.088229916355169e-13
6.751166078816272e-17
1.0977019381431984e-17
9.513502343786163e-18
5.151134904723735e-28
3.9656274284983765e-27
2.5162672609097948e-11
1.2227455982624826e-17
9.641166607207762e-11
2.2099906345592553e-14
4.0075078245868623e-16
7.201822039362414e-13
3.29871790321848e-22
5.478127018121877e-07
9.847730283997473e-14
2.238912991736618e-19
4.200796276110812e-16
1.1199132247741096e-14
2.1346296782950454e-08
3.911979019923706e-14
4.012550403351673e-16
1.7310980749660494e-16
4.607216841457585e-25
1.3337175518615787e-12
5.113910618997083e-24
2.3414745972925457e-06
4.665702986923747e-10
2.0184127419998357e-22
1.066098559266487e-15
2.842076129469937e-09
1.7655236135011092e-09
9.356636769439265e-16
4.240541629359652e-13
1.946193039611738e-17
3.6419713469663275e-17
8.970982109805186e-10
2.2669935942041873e-14
3.990754125722916e-20
1.029273708167199e-18
2.2344437044599885e-14
9.02762010107987e-14
4.271332790838086e-19
1.8364919292122561e-19
1.126450674909307e-22
8.734773719094795e-15
4.1665664379483124e-15
2.362575234581392e-25
1.877033496082233e-17
5.752802287021468e-14
1.2902189870304677e-09
1.5136952677496234e-12
6.238826046295647e-13
2.693954911106606e-20
4.210484652110388e-16
8.183107317638309e-23
2.4448290431662656e-16
2.182170838285979e-19
3.577081790861352e-16
4.0531277018281907e-16
8.626427793209887e-11
8.156732601338566e-15
8.941600671386156e-14
8.437617933527305e-17
3.084769734141016e-14
6.775149593898553e-10
1.9632619663570075e-21
1.2308780680987734e-19
7.104124110451362e-13
6.957868070586488e-13
1.1608316580357864e-09
6.9789668120117086e-15
4.08871815642563e-07
1.7700240823639357e-16
7.387926671315198e-22
1.0298284439607169e-15
5.496504838619863e-19
1.0466746550974417e-11
7.471904390156171e-23
5.284077885135343e-17
5.1657903448576955e-21
5.160245993265145e-11
5.692494410698988e-11
1.9870417607285553e-12
2.700781468263751e-13
4.903588182029665e-14
1.5982943164790837e-17
3.783499834933925e-25
1.4259817714437183e-13
3.920437643045816e-12
4.2818532420379407e-13
5.27416549952389e-11
9.354764097132928e-25
1.8817838887053353e-06
2.9407470035077564e-13
1.885205862755786e-13
1.9730185060786413e-20
1.959315963553849e-13
1.7585916601741494e-28
2.391313894084024e-14
2.6301631277642782e-17
1.5696103398375988e-19
6.531953330529473e-11
1.997361937018312e-18
1.8149068538260268e-13
2.1655508662469207e-10
2.145330140369143e-14
1.939647087254847e-11
3.1228490579096115e-17
7.194840281223268e-09
3.341708520553565e-13
1.5948755839396772e-13
4.911234056420396e-13
3.4404696153968253e-13
5.120171387145969e-20
3.806354219770302e-15
1.910393083781553e-13
3.433472750515675e-12
3.618467920685215e-06
2.2635925862156712e-11
4.3446533428722276e-21
4.1331809154277225e-13
4.590969454203108e-16
1.0102905396678983e-16
2.9372601577283955e-18
1.1813121006129667e-14
1.2861308565761813e-27
5.050841945026648e-12
1.7396981472944962e-19
4.514430652999506e-14
8.213579122830643e-18
2.2026623938165394e-09
7.068985189036353e-14
1.7542106920227953e-19
1.8361190746643158e-17
4.433913780409589e-17
6.631593678975753e-11
7.996394010007451e-17
5.480285660217988e-21
3.52456961977682e-17
6.00300245452659e-20
1.4906143426281627e-12
9.943258986993214e-18
8.549945928783881e-13
1.8743689543470064e-17
2.177179237051689e-16
2.5568582834552913e-10
3.759003453322823e-16
2.706784455291231e-09
2.055436936131169e-17
8.75267752902245e-09
1.2304354676135603e-21
7.353498403911666e-24
6.052634415813698e-13
1.078426541616833e-14
4.820469572900415e-15
3.239066631927242e-16
3.213184432568344e-13
3.63478767722761e-33
1.365531385551192e-26
2.516973784792898e-22
3.0935967963757524e-06
2.756675364870829e-10
8.283374952218144e-14
8.531147038323274e-15
8.42794626772444e-15
3.705628865734133e-16
1.6274700135843705e-17
2.138121929678418e-14
3.8801265400197325e-17
5.128953512863383e-15
8.552620889288579e-13
3.842227186526132e-06
1.1127758417632514e-12
2.2489792309507197e-14
1.6227784362656945e-09
2.726133701747952e-10
6.821481320763301e-21
5.6728162369328824e-15
3.82435840984308e-21
1.1457711653002249e-19
3.769746281436046e-08
2.3385680476229676e-12
1.1910073714055475e-20
1.4159784025848722e-07
1.0054646393094859e-16
6.03842925307941e-16
1.798388220307922e-15
1.053594756826104e-19
3.702567493931922e-10
1.5097218969655928e-11
1.1847756399213385e-14
2.7869214320066702e-11
3.217855333142039e-14
6.257404080781638e-21
3.91468059991323e-09
4.354106322333396e-21
3.9581711656563686e-10
2.325458303328663e-16
1.2530227349351195e-16
4.727226390228958e-23
5.561993247552573e-08
7.247398006209677e-19
2.5061657805905055e-18
6.012499076703726e-18
1.066161906880741e-22
2.683598756703331e-17
2.1584987672600616e-24
1.393289934758362e-16
2.9352967627059884e-11
1.7096368009263303e-11
6.8755175576653085e-18
1.0408005981101717e-13
9.981387544640995e-09
6.015656885676215e-16
7.549855029321481e-09
1.4028839754725852e-15
6.0670832159783325e-19
1.5156995729074892e-12
1.9208996535887844e-13
2.0790456009185312e-14
1.3179581071812806e-15
6.283007977359705e-23
3.1049166929454427e-13
5.340071474616612e-15
1.3257518855895767e-17
7.47298694865394e-38
7.898798588138377e-19
1.3558063647565887e-16
4.705887964702077e-19
1.7209941142168873e-19
3.3942112753552757e-13
1.8887524449202353e-22
7.474022381063529e-19
2.4563958951412165e-11
5.231741607391098e-15
6.379766295606681e-15
9.420745478471446e-21
1.1620349819117324e-15
2.1525074316348955e-16
4.774819430745572e-13
1.257321460971848e-13
1.5520173736581064e-14
5.5419433432408145e-11
1.1696635031616563e-08
5.072000493938024e-14
4.53752729450762e-17
2.251667404549532e-13
9.560449414960127e-08
1.4190485962623316e-21
2.095986525587518e-21
2.3964101393250282e-14
3.1100414999699796e-12
4.960801282943388e-15
6.774645937001126e-14
2.0679816488648658e-16
3.63768032857351e-23
8.635802385570285e-18
4.959736607584294e-17
1.4848424545517454e-15
2.4907519025098625e-09
3.0936321633184703e-18
1.642216764723332e-14
4.1479156781033886e-11
1.7100030655812685e-13
2.22631087453799e-16
6.88147507476083e-17
4.4263618638724457e-17
1.699689930975746e-16
3.421515819594135e-17
3.633874821992315e-14
1.567328764903586e-15
8.033971601898997e-09
2.033670408623803e-27
1.8093678214856153e-09
4.5276070734999816e-14
5.204611428953555e-12
5.229544862082081e-24
4.637077640703288e-07
6.626664343521946e-13
5.278012235228413e-11
4.255474554061949e-16
8.64846728775861e-17
1.3687925530270857e-21
4.185033739826225e-10
8.770590586372404e-14
2.2493321759984403e-20
2.024929715682466e-16
7.67951624662644e-08
1.4362922249035654e-16
2.753608652026677e-26
3.85237965350408e-13
9.309388482213358e-21
8.1160721089676e-13
1.6134989752751947e-17
1.899459192410131e-16
7.055418499892203e-20
4.046650968022649e-07
1.9919256488107492e-22
5.8661329461092045e-18
6.095363688364849e-21
1.3893692275372285e-14
3.831703505867073e-09
5.994606062587113e-16
2.628694885902945e-21
9.304435231274349e-22
3.0630611544431675e-12
6.283654277555824e-14
1.2157895133457493e-15
3.819227791444659e-10
1.77065740390868e-14
1.2473305569951904e-17
7.605108266697154e-10
2.5854441802073236e-16
6.541033901176731e-11
2.8539546621973177e-15
1.0762750141407045e-22
2.5906978316526077e-15
7.236888125217402e-26
1.9159620522336121e-13
7.545472089722569e-11
1.589488740266032e-10
1.1351640005112713e-13
1.4263656190216656e-12
2.2010671363539472e-16
3.024586878917856e-16
7.814287972221456e-17
1.1012686082730686e-18
9.58474381643166e-14
7.120369229791261e-15
7.368258553417908e-10
3.779059201777874e-18
3.710117813475557e-13
2.6852757961670485e-18
1.7640074382175375e-17
1.2027002323685205e-12
6.265862150285299e-16
1.4017817630293927e-07
1.330803603170769e-14
4.1532822422057937e-19
7.113639607405447e-21
4.348149787692721e-17
3.8455422960953213e-16
2.6809927270556898e-14
3.645250107505158e-17
3.3323704634244713e-18
1.7922496295842598e-24
8.232860711110156e-21
3.448469496380708e-13
1.1387565642321375e-16
7.814110011352542e-18
4.768453246590373e-21
2.138822613533132e-14
1.580109002335489e-19
1.6454755319629474e-24
4.432306493367971e-09
5.888852433237131e-15
3.240192474589221e-12
4.679930301392899e-17
2.283462627155614e-14
6.784297888282401e-20
4.043845890608676e-14
6.614697707351576e-13
2.2929948446997404e-20
5.899859677648637e-18
1.714754749476349e-17
6.798958028993423e-18
7.514928735320333e-09
1.8539156811157542e-18
4.689595518748447e-19
2.819207009433749e-14
6.2895171456644895e-09
2.212050150403499e-21
1.1887229323565442e-15
4.6587865069163076e-29
8.098772344995007e-18
7.650923357331413e-20
8.97871871520216e-17
2.8034035022328865e-25
3.094342393334176e-12
1.6417662102556567e-10
7.231739968138001e-26
2.8761238549903733e-17
1.1023467591941189e-11
1.0796030336310147e-12
2.6703215907160654e-20
7.634088080072527e-15
3.3122301925981766e-15
7.888296161124209e-22
1.3256712821616536e-18
4.3912158707086854e-14
1.1762766037465846e-13
0.00043411117029446
4.726643719268186e-16
9.801697477189486e-13
1.4010169085829805e-10
2.4411730105601043e-16
4.0540285793481005e-19
5.015014542981705e-09
4.203798599860203e-22
1.4370927755319088e-19
3.89658402678471e-18
9.621965796583764e-29
3.007630314079112e-11
5.088871043810088e-25
1.1251400999517038e-22
2.9685110697716895e-10
3.0838098900263506e-15
4.4316122117392473e-16
5.074481630013912e-16
2.138415078152511e-14
6.720337568666435e-19
2.795719282649468e-15
1.7883225950932757e-27
1.081351871242814e-25
2.457476382623258e-27
8.401593331811794e-18
7.981101710620434e-15
1.6190335941927986e-12
9.503673207657685e-17
1.2084757203296243e-18
1.5981972936860397e-11
1.742218060064943e-18
3.2620370106553664e-21
3.885887446171622e-20
2.9008086044011574e-07
5.29008146134109e-12
6.650032079553679e-21
3.1009456542739826e-14
5.673254599367242e-17
4.165180412888581e-18
1.3541469265541265e-08
2.3378166542629834e-18
6.362954008080902e-19
1.5777212742078375e-09
2.7519141948824992e-27
2.971071799081763e-24
6.987041162136977e-13
4.035079409261819e-11
2.8924703955773577e-11
7.05564203905169e-16
8.955576748857795e-18
4.868708074602638e-22
1.902894169965072e-18
4.030106464528117e-14
2.83246025217609e-11
1.4147172945954637e-09
9.870810051500724e-25
1.351042969607844e-15
9.732999084549423e-17
2.485541611305426e-32
2.6719739622529666e-15
6.178883503593271e-19
3.949422973533429e-13
1.8911616947978766e-23
8.547445706672312e-16
1.4575288610675857e-20
3.1595262142544973e-22
2.721618796145962e-19
2.624968481092991e-12
5.621959633530095e-23
1.046808581109784e-14
1.685308380406726e-22
4.326089584027214e-19
1.3756227021148976e-16
1.1191006834098498e-17
1.6052496844684653e-13
1.0187490873728033e-15
4.350852307356775e-18
3.909586691416619e-14
3.6462522246615813e-17
2.417745812092789e-12
2.9228457634038353e-18
9.558716760612736e-18
1.7522458481745058e-13
2.2695459575836355e-18
5.566111661653919e-21
4.807480688719618e-09
5.39087253448536e-16
1.3315427424790694e-13
3.789166611102035e-07
4.141154395959811e-12
1.0661742434773679e-14
0.0005273567208174552
2.6742955127564246e-10
7.079474350724535e-14
3.14675816644337e-17
4.56092273519871e-06
1.191666852309583e-24
4.3509578271133006e-17
2.716022605794008e-11
6.191835692489336e-14
8.489153348029928e-17
6.004397891335373e-19
4.997192379539662e-13
4.251677400280315e-20
5.344117867617331e-28
9.067447764413167e-16
1.2632190598491033e-17
2.471447948411688e-13
1.0004404685398386e-18
1.6611820842384553e-05
1.6675826584076447e-14
1.0323247179448001e-08
4.0316285713654495e-05
1.2174156726568698e-38
1.852045655331798e-08
3.870518426317584e-09
1.8469846360763485e-15
5.494131501086522e-18
1.2272825514581767e-12
3.9453427094865695e-16
1.188139704821613e-16
1.4551170017795333e-18
4.062903306046584e-10
2.1909887892404233e-17
5.886375285774563e-32
8.916777923941076e-20
5.831261709510618e-16
2.7258621551379245e-11
2.9038776567889555e-11
1.381882772921539e-12
6.878855757756893e-08
5.160757550375925e-11
4.954232753066359e-10
7.328348293425098e-20
1.0696934515383666e-14
3.28574529017712e-16
5.408742275689241e-18
4.6513406633995285e-15
2.1927220937188777e-10
3.7164306331402754e-11
5.61809489784623e-07
2.884321154747502e-16
7.7294529841731e-22
1.0696517920516979e-13
1.9986717097866116e-20
3.6353478607163024e-17
7.611897327158156e-21
1.505469913782027e-12
1.2251128973514641e-20
3.0329759628218913e-16
1.149133205632755e-15
9.943366621468116e-19
2.3022232451377986e-16
1.385224492438121e-16
2.0946686226691954e-16
8.641685145645713e-09
1.2331153640762988e-08
7.875109907067219e-17
1.6307755283716905e-22
4.475985187966211e-26
1.248843481498813e-13
3.9304489308296644e-17
1.0504796718230318e-11
3.696982400670215e-14
1.341877066538828e-13
3.363518265613436e-14
1.2795732942110046e-12
5.250124290508806e-29
5.684617127147517e-10
7.371894389739876e-17
1.17999056335782e-19
2.1877031872100154e-16
1.9136973567105802e-10
3.2512536457245706e-15
2.1468168305090958e-16
7.75087247347932e-06
3.181633941486716e-14
8.114767732652718e-15
2.5375084929697296e-16
1.8090092416095596e-21
7.024642209952994e-13
5.791176099774923e-19
3.314965966784301e-09
1.1205141953785382e-14
4.780759002500674e-07
4.5205692817020104e-13
7.382707473254425e-18
5.562172591486431e-23
9.929853078706845e-15
5.460746522133009e-19
8.253067785864551e-11
5.2515176929726505e-08
8.791261547585403e-27
3.0081405827084033e-13
4.850362192968436e-13
1.663969300400752e-15
9.185813042351773e-21
4.0517597182398525e-25
2.3537090327564123e-16
1.5635963642477802e-17
6.809352955241643e-19
5.723716880880213e-23
2.3745532659950763e-11
2.1733054545450368e-14
1.4427251196540616e-07
9.89615460780289e-38
4.425398034904474e-08
6.925277856267229e-20
6.013581849984795e-17
1.210709873824171e-23
5.072488650302386e-13
6.456868449500543e-17
4.942593301386573e-19
5.859679797200586e-20
7.679500448954242e-26
1.4004610689957222e-16
4.280788888594951e-12
1.4098915454451073e-18
5.83628214845795e-20
7.27879819602394e-06
2.238921374025938e-17
6.394593717586925e-13
2.937529477498849e-16
2.2588452882999696e-12
1.4257440721312473e-20
1.1011069284794924e-17
1.7874512364496175e-14
1.4229696821273505e-18
4.002406697235283e-20
5.039955598887134e-13
6.137025882296977e-24
8.524493550400338e-25
2.0969165938096154e-07
3.519566406249e-20
4.311848969304203e-13
7.37258628045119e-12
8.972166634054623e-16
7.368307481908621e-19
7.888556176577785e-09
2.4959190507625347e-35
1.7311012288640722e-20
2.7356967527480065e-17
6.793510136661252e-16
3.87252302425841e-15
2.806781361637889e-14
1.2625676655215878e-13
1.607756954623262e-17
1.861421698127107e-14
2.121001815152029e-11
6.10417345172305e-17
1.1238609083199379e-14
3.4328611684712803e-16
2.6157945474323483e-15
4.468280720107274e-08
2.1426889287295645e-21
1.3325682472289214e-13
3.064823501355647e-10
4.015909343282252e-16
5.59845052998434e-16
1.792978150573875e-21
5.949223539422174e-17
6.51700630139453e-17
3.495138172342235e-21
5.624904698068082e-13
1.9565389079702272e-17
4.958176292739172e-16
1.5063670848511082e-20
1.854714061648735e-17
4.539267187787466e-10
8.530974084272458e-25
1.7302173161936776e-18
6.023040071924778e-10
9.736629217276279e-21
3.8957458774885826e-21
2.1398773392395165e-21
3.6461123520683755e-16
1.7113387866312654e-24
1.4729593007153524e-11
4.372982528319997e-09
7.196306806961387e-11
2.331509004432183e-14
2.3338381980665873e-16
3.3115957088145635e-12
1.0502749710577864e-15
1.3993139890441105e-09
4.564957585420867e-13
1.3458982696819964e-13
2.4351765679708907e-11
1.2949688524672486e-10
2.2503298484961456e-17
5.233554856315784e-18
6.6035836385232874e-18
4.9033630260553286e-08
9.922083806670011e-22
8.02334227158435e-15
3.5254303904448216e-12
3.550811191510182e-20
6.775064041817419e-06
8.52161194696656e-12
2.0898052831575955e-23
2.0766391699049375e-17
6.271475045349284e-13
4.891360928228649e-15
2.0698811174838605e-14
2.3337278412942875e-12
1.617135894303755e-17
2.754644396345077e-14
1.0704127391861263e-14
3.3861909310858715e-20
1.4425104641094353e-12
1.5494426834710828e-26
2.1709947277149638e-17
7.466796553912623e-16
4.223285379969575e-10
5.123898579688012e-16
3.3290807743959573e-15
3.8637221611429586e-16
2.711306967753037e-15
1.2545989488741536e-13
3.6937581597106255e-13
1.6176896882362223e-09
7.797855530777689e-07
8.219583027700044e-20
4.5129930850240864e-18
1.4123292100046822e-08
8.092999287068962e-15
3.926133483722537e-11
1.682296822550142e-22
1.3250932644217084e-18
3.0709151636574726e-08
9.106656976464318e-08
2.0909165261030036e-13
1.7993908224162507e-15
3.734335203761299e-15
4.786545988216356e-10
5.467080542700152e-12
5.941234808354993e-15
1.6716364264068227e-17
7.187939157532273e-14
1.7778934582762667e-12
1.484691444827662e-08
1.6271156736666378e-18
7.2033311320592e-06
5.044267995069411e-19
3.480771812135227e-17
9.289211692989006e-10
4.271611926373636e-17
2.9093890064342735e-17
1.0417797823674537e-09
7.294931090658816e-15
3.486077605490215e-07
4.389896986015438e-07
6.1930757711258094e-21
5.268738416285906e-05
1.3438008717509823e-22
1.2182265029904539e-24
2.1641369938054737e-06
1.6721084245062524e-07
6.415933024610715e-17
7.087621984176637e-13
3.5298818922418585e-20
6.863148948026676e-16
4.53882195031311e-22
5.0280317697243917e-20
9.771438499401634e-15
3.316022313207269e-17
1.4494171563749497e-17
6.067866806952576e-28
4.390559275472693e-19
1.39280968796717e-24
7.837147176587114e-11
3.939545136699961e-15
7.714563754482312e-12
8.753247212146058e-11
1.1339301525363393e-14
4.249187050354212e-14
4.539203085124015e-28
3.84415051627292e-14
7.685772645486588e-13
2.3576940090663207e-14
5.405842869022316e-10
8.961501188276572e-21
1.0796865526544128e-11
2.5580812383692804e-13
4.708722381525248e-25
1.097839537101777e-13
2.0697159018616987e-29
3.8766341679641745e-06
1.695381636289904e-12
1.8424051179843083e-13
4.549782184232526e-19
2.0864036594035783e-16
1.8231744837815085e-15
1.8882258632047722e-17
3.470230258398428e-19
7.973802028269884e-22
3.4782757412923956e-23
1.4657735229903115e-21
1.38030539883772e-20
1.196802716525125e-21
5.482387245699405e-17
1.2749474832647298e-08
2.1486801886798693e-18
1.0430737539531874e-15
1.1723446084581713e-20
9.488713496990009e-11
4.201408387203247e-08
2.17759264113079e-10
1.1821964896132463e-10
1.9474050317510327e-20
8.331025172957563e-14
1.1050885810410434e-25
1.7070010967454677e-15
6.067875420635695e-12
5.989504813410673e-34
3.117453596536312e-17
5.458429730201533e-10
9.940747900103542e-13
2.7832197992425247e-11
1.0564908050652613e-16
2.295223626538088e-11
1.5381971429733327e-11
1.3161392065984854e-12
8.022811635229864e-19
1.0215356985961073e-15
2.516547099469601e-11
2.010511773638454e-06
1.193207304048528e-12
2.2571806715729462e-14
3.868588047090873e-15
6.113213626870807e-15
3.2056260954367946e-20
3.648576817986522e-21
1.9267233771298394e-11
1.2656816203649762e-14
2.7338317716600684e-21
7.21388101665375e-14
2.087707235620519e-12
1.1205519637506598e-15
3.868662801838251e-13
4.4289704853059975e-17
2.9507566973371563e-09
1.155188298503202e-12
5.24198237817742e-15
7.799959099118734e-16
1.0539514924963317e-13
3.4515499016837096e-16
4.16911764429367e-22
1.1712232578087948e-10
7.404522877281596e-13
5.757913375255692e-11
1.202276121382976e-22
2.8531331958062243e-06
6.512135353910917e-12
3.962176696810281e-27
1.3056524442955553e-21
1.052769040769567e-15
5.379110211579184e-14
2.098851774617797e-18
2.103252176215137e-16
1.0253881781671907e-13
4.737514170472668e-26
2.9493066630337375e-17
1.4755393068569173e-12
5.6701205134287514e-15
9.000392746036682e-15
1.4882421818172631e-12
4.447099689750141e-06
8.168766019919529e-13
2.5336832934544503e-18
2.237486275713161e-13
8.734806543174102e-17
1.0675136385840102e-11
6.211107047223105e-21
2.3812560674504878e-14
1.1535311637592928e-13
3.2122652937168156e-24
4.4874956482971414e-13
5.3279424248693874e-15
3.896180109338553e-19
1.4506030635107825e-18
3.405657725513544e-14
1.6202056759126604e-16
5.873657599652109e-20
3.9088910926135444e-15
1.148867131917739e-19
3.2289026680670847e-12
9.23179691880701e-13
7.50535978286787e-19
2.7489839008965412e-16
4.873493472851448e-14
3.5871464324196526e-12
2.2325081336700476e-13
1.016653051433855e-20
8.498961011347756e-13
3.603365463110652e-09
1.1334383136177246e-11
2.621983553156992e-19
2.2574637154065835e-12
1.0959802420429504e-17
9.404929002976874e-08
2.158961495047715e-19
5.879319284943758e-13
1.0791233658281681e-18
1.5458900839985794e-14
7.156267452455329e-15
1.8568948226830524e-13
5.0010986334459694e-12
1.4277610615576823e-20
8.23168752249832e-15
4.6244124557016084e-12
1.8335590546684658e-14
5.7778738999516786e-15
5.953077193741043e-15
4.8312708304611516e-43
1.3405993002293204e-09
1.6655887389341989e-22
8.612161888755761e-13
8.585986436238295e-16
3.9450612282417207e-16
1.2964833762203053e-12
9.526354903584762e-13
3.7732967901710605e-07
1.1001771763004594e-11
4.856751935652559e-16
1.0412008870560928e-21
7.338021920634906e-17
7.877856917948691e-06
3.579861715683609e-18
5.87242029423354e-15
8.154480419570099e-24
6.115689081778113e-27
1.406739262544476e-07
1.0017611752681838e-13
1.663612344556502e-13
4.164123953409826e-17
4.83671040636359e-11
2.0365803124679063e-22
2.1951196206275248e-20
1.3235025610962387e-10
1.6380702344499696e-14
2.064028076479086e-13
6.726520787508323e-19
3.808692493503479e-15
6.62336289849966e-14
2.2042974946471186e-09
3.442903965644725e-18
2.1149667044266415e-17
2.0991234425442983e-17
1.1044341623294697e-17
1.9127782287929414e-20
9.34306467544189e-16
5.673268831012218e-13
2.9611678890388566e-18
1.1587319582967727e-16
1.4429181082994908e-19
4.0076001879198486e-26
3.3400061043516064e-12
2.163728833974626e-15
2.373502494091334e-15
1.3256993220160652e-18
7.652102595238492e-19
8.032750169056255e-13
7.125158367914206e-12
2.5006059568406935e-10
1.1937981300971723e-18
1.6268929177737923e-05
2.0120871651591107e-19
8.727425240663917e-15
3.2845577341739064e-14
9.546712687703225e-15
5.768395845599462e-20
4.981001814885908e-12
1.6650894193082812e-18
3.2928396338488076e-06
7.489510399139335e-33
1.234908326834596e-24
5.544340959215706e-19
1.2819710025603917e-11
3.333524845833331e-15
1.4159179085620836e-09
4.514169581842958e-18
5.691111039759171e-13
3.569172738415073e-20
5.099676485656687e-15
6.810621875059095e-13
1.1934425853662401e-14
4.5030425475060694e-11
7.567108205246486e-12
5.554951185527307e-17
3.4120820004341137e-16
1.0317352797303769e-19
3.0401364426278228e-24
4.87757920670685e-20
3.2098248493375695e-14
1.067337759629351e-10
5.587500992496044e-15
5.926555384499393e-11
2.0859852009862792e-20
8.237208834247856e-19
1.2338492778435635e-14
1.3742877148177316e-10
4.1081301335465536e-17
3.879266657189584e-12
9.0266692799253e-20
4.7235195315337434e-08
4.665057928325957e-10
1.3590113119964594e-10
3.461380018622907e-24
9.093593363691984e-22
2.8500163342963342e-12
1.5732721647490485e-16
6.008587178561209e-14
1.2259328621966193e-21
1.1453414351869135e-12
1.6357876711845542e-12
3.491401608451098e-07
8.952075752610596e-13
9.786819418307181e-12
1.432005601320587e-06
1.3473917059152098e-05
1.6913651170043985e-13
4.1329255593525225e-09
1.4242606577459022e-15
1.970878803216309e-10
8.818322741444309e-20
7.642448909888298e-21
1.937680078992617e-14
9.994621688876759e-17
3.2486488924417127e-12
7.117746994551405e-11
4.673558787364301e-13
2.300833826565402e-08
2.0001584675214105e-16
6.8896372369625234e-18
3.5536763009728725e-20
1.481577695570451e-10
4.1672940760551606e-15
1.0711690939560749e-15
3.3930961565021755e-15
1.4592034862468203e-19
8.527080307751607e-27
1.5390488895403967e-16
1.5723261576170638e-09
5.164939892244484e-17
2.0682016117641247e-10
2.224399520923001e-21
7.769324279774781e-17
4.674334482494892e-18
5.304954772312083e-16
7.10360373173105e-16
1.112204175560931e-20
9.162740490694334e-18
2.4377378883584436e-08
4.5365495596456e-17
1.597457607100228e-14
1.6205358251920428e-09
3.1579256410739747e-10
2.547897242790055e-16
1.3340158468225762e-16
2.427237127684893e-18
1.5775715409229208e-18
3.002625193683222e-20
2.1987656882591715e-12
4.745196605371272e-13
1.0630914120334551e-11
1.9484197612214817e-16
3.4542703268845236e-15
8.990980079104224e-17
7.948505595119506e-08
1.1086499342015085e-24
1.288842423787189e-12
3.02230810361573e-14
2.0800461010584412e-29
1.3759925245696176e-22
4.3582413917989324e-32
2.2798969120916947e-14
2.652308443188813e-15
2.6189898326700855e-11
1.3336904764488628e-17
2.430993523901458e-13
1.162109621817067e-23
6.370931161216243e-32
2.0985086353455286e-16
3.49391416642645e-14
2.3744071215292665e-22
1.0169325492086693e-12
1.3825874664970335e-15
6.909098348049542e-20
3.427870228379645e-14
2.544075372313489e-22
6.916803366608391e-13
1.816554477786302e-15
1.7582718989659957e-16
2.0307961160011997e-13
4.049224668025628e-14
8.894579557395211e-37
3.98082557234872e-11
6.272544768052431e-12
3.7951153842448895e-11
1.488280417129641e-19
1.1995252339968974e-16
2.7372556506036644e-19
1.52911693373084e-14
6.028367696269362e-12
3.613661374316631e-18
4.5212604941796696e-12
6.066788628276247e-20
4.9213360316954495e-23
1.2928580161544681e-20
2.8976793664649454e-09
1.1149781360625512e-12
3.716491217800258e-15
3.052865943329035e-18
1.736976545826337e-16
1.3664818647968162e-17
3.6074683971438515e-08
1.5373922118634002e-09
6.354121954313532e-17
7.680596723395612e-16
3.2206374647104035e-18
1.676059478427267e-11
2.287634098555425e-16
6.027433168658828e-11
1.9799584762648263e-15
3.005394217368577e-19
4.017654704067241e-07
6.468138728550263e-10
2.1069529503756012e-07
1.7147036436448775e-17
7.742444305265792e-11
1.2953325593707013e-08
3.2394167889991305e-18
2.7053946063449895e-25
2.9170058314288235e-20
5.1803822784169165e-21
4.007364502950297e-12
1.196517990608406e-08
2.7943287507977874e-22
4.838038355127847e-10
1.6153962791801604e-15
2.918698862414109e-16
1.92220874732099e-14
3.8932865092470756e-20
1.3953993349980183e-24
3.89030650996893e-14
1.9644931026728932e-18
3.288019900257043e-07
2.519332769651717e-13
1.1193602569198144e-09
1.386679775567216e-18
2.2133247394883067e-15
1.902605782454012e-06
5.024737400802111e-16
3.588349161139017e-16
6.596862684730633e-11
4.756306502035329e-13
1.273937580170422e-20
9.666498283290387e-19
3.5132405334413204e-12
3.0271286283780455e-10
5.197954279375917e-18
4.25320914568828e-12
2.228729675335805e-15
9.097043507571646e-13
1.1990867885344132e-12
1.5924412703975654e-20
8.644555817973309e-15
5.508055349307058e-15
9.357127931570478e-19
1.2976304495746238e-12
2.4811971017611333e-09
1.1280089579889927e-20
1.1986947414028624e-15
5.844071982557919e-14
1.0722006111415754e-16
4.682336886552455e-24
5.245883114231773e-10
3.57717710464715e-18
3.426116108262267e-08
3.7800591628441726e-16
1.5239253191836357e-18
3.226897237372218e-14
2.638753755022182e-09
1.2393319487175624e-15
7.75676735657829e-16
2.5395698655385644e-15
5.587612409021994e-12
3.6372901400694813e-12
5.763853160780329e-06
9.751684581153696e-21
1.603293252727003e-23
5.226253059755583e-16
3.420841560072029e-21
1.6253322955372435e-10
2.502380933436048e-13
1.456978627635744e-15
2.756329578910659e-16
1.5067209668523e-20
1.6106644231565587e-13
2.99328786775682e-15
2.2944284161249874e-21
4.9550429340830596e-11
9.089671737546542e-10
2.560066764446483e-30
8.019024799375567e-17
1.372228476142661e-23
1.6638922180987563e-09
1.0675144258635454e-14
1.2179492822236332e-12
1.1385225133861044e-11
1.9958442087357914e-13
7.205948534511334e-15
1.4457815594696114e-16
5.656222634061119e-15
2.705387432976338e-14
8.677796067275992e-23
4.2367642082582165e-14
1.0585597275751121e-12
1.3979816858765967e-21
4.75738806373633e-14
1.4301759626922887e-17
9.427533538045824e-26
9.16403981946921e-13
1.2061058924476005e-18
2.067778748602281e-15
1.5951770493708207e-18
2.902531275858069e-07
3.9766533193368175e-18
1.9576098796616852e-14
3.1868565332654984e-24
4.795308209606726e-13
2.480748720325811e-19
4.3333107945899197e-17
1.657956051972946e-18
3.123194632281601e-16
6.599654967871727e-18
3.754150313663631e-23
1.6844953804030602e-19
1.3644174575791762e-15
2.4977347767985983e-32
2.1432636220726726e-19
1.3700949394074074e-14
9.72844746046051e-19
4.028445142520154e-14
2.5887801460294133e-26
3.2532591404011006e-09
3.5451299859287166e-12
4.146025877776136e-09
2.9427615695155726e-17
5.8690903945423345e-15
2.3245288905931686e-14
1.5475606962455023e-21
1.3418516398901747e-27
8.882825663770979e-15
3.021578596975965e-10
2.7226679377260814e-12
8.404951886051986e-13
3.5731860349850276e-26
3.0802832162473534e-15
1.19239872743485e-16
6.848673850964785e-15
6.715854517318825e-20
1.0870993952032786e-07
2.3670538586724758e-11
2.856869421156532e-08
1.5036543347232722e-05
1.6664776368761277e-18
1.9199072880795793e-23
2.877496654001439e-10
5.3805693655117654e-14
1.8031788415167397e-16
1.9506699313876444e-09
5.4390725445835766e-18
4.920684789597713e-12
1.7020067822399587e-22
6.209721445985452e-16
2.994872095365411e-10
1.0567730229031584e-12
6.798692959670784e-52
4.9439614015457504e-12
2.906282965146686e-14
1.046415850662313e-21
4.556652397024724e-13
1.2245645605816633e-12
2.0690853900723871e-22
7.381334042773389e-19
7.057383204848801e-13
1.884695878082914e-14
4.4772534614042815e-12
4.3093418764440255e-13
8.160831463814031e-11
1.6964452400753526e-08
1.2810114752943243e-14
5.999622591968217e-23
1.6501765511944547e-25
3.425247618091513e-07
2.0185899154660667e-12
1.746837591874126e-20
3.551460211160397e-15
1.3554252628027232e-18
3.406247182198955e-15
2.8229896838430427e-12
2.6092691420561823e-11
1.2694615424271807e-22
1.7436413695712588e-19
6.191797574804058e-09
5.161096777466171e-16
1.510031079196151e-15
1.4295235394188467e-14
7.576644426664496e-16
2.220178480078915e-14
6.1278992080064974e-15
9.292325802027498e-14
3.624403235979275e-12
2.234009079300668e-12
1.557891888025304e-17
8.513547123187494e-25
1.5953959462163009e-18
9.556670553829373e-16
1.412739629465929e-11
2.091797495546977e-13
3.628421511906331e-18
1.3344067368119975e-10
7.506113197134717e-14
4.791164390238584e-11
8.013938758147239e-23
6.646207158003531e-15
3.552778566508837e-16
9.400923395246249e-23
5.5830904278420254e-14
6.020788051646963e-14
1.921515327702652e-11
5.433032109711748e-21
3.8916437301097336e-20
6.123552199548119e-15
1.103182037584702e-09
2.6863041112043957e-16
2.579606872932745e-17
1.3301208434411e-10
2.175079289008844e-15
1.9223395125676004e-09
4.349815819567523e-09
3.423720564803551e-20
1.3342711423942682e-09
9.680942216106103e-13
2.221702684555519e-13
9.68282284433838e-12
2.901367762222099e-20
2.461983231962952e-19
2.0461359068059993e-16
1.5992859207667942e-19
9.786249402083889e-20
3.0095155751289364e-21
6.645509958785974e-08
1.790966123688913e-35
9.501422999322996e-19
5.392708421691712e-17
2.2767936098181365e-25
6.863137582915699e-14
4.435544504854688e-25
1.6533054194595572e-15
7.16829980949581e-16
1.4886969209306109e-22
1.7691599057299426e-06
8.293151770114922e-27
7.4056203869369e-15
3.717902229320145e-15
1.5022511769017627e-18
1.590189115419499e-12
1.772630949559258e-17
1.7790391028758263e-13
9.305198694805521e-09
3.182522795812798e-26
2.6046489018385377e-08
2.876838783058699e-19
2.244982751753003e-16
7.990115833857073e-19
2.3084221970921165e-15
3.0778161496676273e-19
7.010256980061609e-17
2.3168140517610195e-12
1.0638552165929142e-12
1.7750175456578392e-17
4.016667105701892e-16
3.0903803266556785e-12
3.1080038908059284e-15
2.10655912660732e-13
1.2060602625045511e-17
1.1180409338710837e-16
7.075452394674314e-10
1.4660121581029366e-09
1.0282935126582443e-09
6.018266328984826e-17
1.2367584004937169e-22
1.1110307847882137e-21
3.3643356445596713e-14
6.672868470173471e-19
3.914523049583783e-30
5.571422728808767e-16
5.11046655789934e-25
1.2548167681128889e-15
1.9698842711972712e-08
6.969610975930482e-07
4.581397703968808e-26
8.919205887657918e-15
5.948222730510215e-15
2.897692733150148e-14
7.630166241467928e-17
2.4738182885177034e-17
3.7024955825399125e-15
4.2663737843319705e-21
1.2631337992997075e-16
2.9543286221893406e-16
5.4298232691410905e-09
3.966114315395004e-13
1.8404370320071782e-17
1.4220419574616525e-11
5.90962442144052e-17
3.4888002824700864e-16
2.184654028260575e-14
2.854773236073067e-11
9.776135384223389e-12
4.52631948590961e-12
2.905213181032601e-08
4.1376954964832347e-17
4.710471670670363e-14
2.9758567738594495e-15
3.9668854292158055e-13
5.4815809665793795e-17
3.103074766983963e-15
3.843631773386952e-11
5.79391917676529e-07
3.4599823925076323e-11
2.0029080944393825e-08
4.203078535029598e-12
1.2961008438234797e-14
7.240094308722753e-15
5.179294379698803e-17
9.606194026711379e-20
8.671029022316405e-16
8.884574562540325e-13
3.790338147349174e-21
3.73233819579646e-21
6.537457622206444e-16
2.4145306016898e-19
2.166212415134824e-13
1.8757385795074284e-15
5.466132842704821e-10
9.449012859440277e-16
5.683458649950222e-10
1.1461101180438194e-15
1.646526125245376e-20
5.213464834685573e-15
2.412245226187264e-07
1.1304456874992244e-26
1.7087056566837282e-23
4.782366545461643e-31
9.63019333199411e-15
1.8662885293940953e-15
1.1506873811277406e-21
1.525157900460336e-16
1.363488397300678e-22
6.255016507474452e-15
1.203335285403816e-16
6.098272113998772e-17
1.0893200362941761e-18
2.1673363796834423e-23
1.858318863480252e-14
2.9300070386742873e-11
7.585934323128224e-11
3.812282504326574e-12
1.1741161359209974e-13
4.672428222503972e-32
2.709440072354566e-17
1.1030574726275472e-23
3.256555065610169e-13
9.985702750894119e-17
1.2038396213390366e-19
1.4189271162462498e-17
6.554333312051771e-19
5.346359550454724e-14
6.122485807340217e-13
4.792810827960897e-12
1.2841827198314355e-16
2.4400518296709133e-13
1.7590197264821207e-17
2.4747536826251576e-09
1.5705384804922275e-15
4.272572564874737e-27
3.5789389070286486e-17
3.035008408010629e-16
3.344431973948813e-13
2.163893968183095e-15
2.385757652046448e-10
6.077567320904794e-32
1.1139596202439965e-14
2.1089244196425364e-32
1.4029968424940373e-26
5.6843856727576535e-15
3.3073049856689094e-17
2.9545554973813524e-16
5.8677659576796866e-15
3.6464612039652673e-28
4.251176306508798e-15
1.7226227083587562e-11
5.897609715145143e-15
1.7352578424682851e-13
1.4330109607671652e-08
2.4778887581724874e-09
3.218738491789163e-27
1.227439006670319e-20
1.395368047982764e-15
1.3525710362951221e-12
1.523241440474226e-24
8.702901424412538e-08
8.150479557100029e-08
1.3482741325494701e-20
5.66874095318208e-11
6.396442192394019e-17
4.819041918847445e-15
5.944530253819517e-13
2.207034188920533e-20
8.606654742173696e-19
1.3272070540299173e-14
2.9302053043555636e-17
2.975401533752912e-21
8.99043513099769e-21
1.679375233883666e-08
3.94152223035731e-11
2.998893394196058e-06
2.5182251889739314e-11
3.1030427380094225e-20
1.8809948038041907e-17
3.472511722913231e-15
3.0424843029356716e-41
7.143075635094642e-17
1.0867965605673091e-11
3.767500734663924e-18
6.818394584107453e-11
1.052897940905936e-11
3.905406444916743e-10
1.7655924658260387e-14
1.7362504780787822e-15
1.4986329021430087e-18
7.111011643404199e-17
3.442471285286917e-16
1.5380924198681707e-18
9.091656909758696e-14
8.081521830018226e-21
3.7748858556434385e-22
1.5767879873661625e-08
2.452204804314407e-15
8.973239464140437e-15
6.731234320047043e-17
6.944818578522765e-19
1.8609471796094135e-13
3.660541582653595e-14
3.936635994900255e-21
1.7177454007994534e-14
9.063807885711393e-17
1.5079752159489767e-19
7.169144497519904e-16
2.7326081173882942e-12
5.934481788147809e-11
4.904175440277186e-16
6.8584423182497195e-15
1.8687761462286104e-17
1.5574593577454466e-14
6.343980270285124e-26
1.4944292510138823e-15
5.4373200777871e-20
6.77765616160248e-22
1.5279821615486754e-12
3.081898105687519e-05
2.724001921624311e-13
4.349163256464193e-24
7.943122487845815e-14
1.8323270768750805e-18
2.987998056119941e-16
4.3348714955407916e-19
8.44470700684797e-17
1.291956713932314e-13
1.373843022279182e-15
2.2948625171336295e-14
3.8321701315799107e-19
4.278515926467649e-12
2.4017613902692454e-11
1.9862404517889062e-13
2.2745835443318197e-22
1.4156689168040343e-09
2.6471226908473932e-09
5.8380526156931775e-21
2.618157456512796e-15
1.5016174474245798e-11
6.480927472220679e-20
1.0377933762903148e-18
1.0250045673306873e-11
4.131974687930429e-14
6.842560272147729e-16
6.416761192242129e-16
4.871777690678206e-16
6.343463057569211e-13
8.842383862610804e-21
2.2901330651692413e-15
4.378054947314825e-24
1.6672854393010255e-13
1.4868586746318774e-20
2.4561686630570727e-12
3.8662929643343356e-14
1.4325708781242518e-11
1.186007675352281e-14
4.7189959759918075e-15
3.445028674354302e-12
2.7724985653551e-18
4.403074430673921e-07
1.519469775013689e-15
6.023390074969712e-16
2.405428556269381e-12
4.367541829787019e-19
4.972431461258742e-13
3.9532831870487396e-20
9.851345246489649e-19
1.9742399392077393e-19
1.880297510720484e-13
2.1491945221652167e-13
2.806621630687894e-08
5.2876582244783115e-08
1.3423697667906031e-12
3.4925970716834683e-13
1.1354587700017233e-19
3.931605411459787e-18
1.7103524655156494e-16
2.904075604742896e-18
4.276180375437857e-18
3.421607031831173e-16
1.853473014854786e-13
2.7377608057373864e-29
3.240920037604419e-22
2.016571400188382e-09
4.363195203015517e-15
4.691329419921042e-13
4.582315753860606e-13
1.876482473264795e-10
4.717156413792082e-08
5.803859983289112e-17
5.667035305548794e-21
2.7328974930450253e-43
2.4010580198208777e-10
5.312041448281123e-12
1.1651722289727078e-19
2.8460265677055657e-26
2.379002645162266e-18
3.5473396527847083e-14
6.305184435795297e-20
8.32977255965338e-23
1.9160911772594386e-11
1.2164851943313989e-26
4.5611150774897735e-14
1.9268388738649545e-29
9.287765575936388e-17
1.0429250954982269e-14
1.5369580218757399e-18
7.000101716433286e-22
3.054290714814762e-07
6.777751991048956e-19
9.997253167577287e-20
2.8159562878825787e-13
7.69798134293605e-15
1.1039676705768305e-16
3.058176237016435e-24
2.1325864019581644e-13
1.0142944603067467e-15
5.404197954554266e-25
2.958226342092988e-08
4.661324882945339e-16
7.050609445595801e-11
2.2434606366993082e-27
3.8300277959372045e-25
1.6429295141437928e-08
9.873342944668757e-21
8.105563070525106e-09
2.8362879367994304e-19
6.449654988387819e-17
8.271574587306752e-10
6.257907218325925e-11
1.207987155633481e-15
5.043686575357064e-17
3.7989902344915996e-10
6.682539609742478e-16
1.8669785698844643e-16
2.6676397524532565e-08
2.9916318543556865e-11
3.243837942061061e-10
3.6046780051878276e-09
3.5273990878841216e-16
1.472911989173856e-17
8.386903198638294e-21
2.477872053916191e-12
2.589192387047134e-12
1.1781460992495026e-08
7.650472548865573e-18
8.994543352482515e-19
1.0051908049236365e-17
7.742655611292703e-21
2.8904121947933404e-16
1.7911703334962434e-11
1.167736089679347e-16
4.6500515549569697e-17
6.462375229134093e-19
6.0771573582563446e-12
9.053501925591232e-13
2.810514227191487e-13
2.377901519594276e-16
1.3814584495611836e-06
2.59104710267156e-19
1.0793548324685332e-20
2.9900960732493045e-22
4.796591913683355e-10
7.820046528169087e-15
9.542059531132971e-15
2.7430767311971116e-09
2.3516982465752622e-11
2.1259830079496556e-25
1.2860424407545053e-21
6.657674915043789e-15
5.715191032370955e-12
3.599912365385996e-11
3.0164181522091573e-11
1.7013008715097738e-18
4.0934081580982386e-11
2.4159835306982725e-13
6.644777459214584e-12
5.910605767408174e-17
1.7637531101748353e-14
3.587995094566931e-15
1.4530636530488714e-15
4.829595916082739e-16
1.3364625137280263e-08
1.5335024428309026e-35
9.166208868522255e-19
6.582056340918546e-09
1.2804899768017193e-15
5.66135114707889e-17
1.0429062359752242e-17
1.0540041420766856e-23
1.2023854824383511e-16
7.337288769112433e-10
2.413464310650888e-12
2.3369624516075847e-12
3.4682075321012704e-11
4.675533943682891e-15
1.9664268064514523e-29
2.96843618692186e-09
5.578140809471045e-22
2.705560638424931e-13
2.474444029535383e-07
2.042309833215294e-08
9.864357740772022e-17
1.4599100778021344e-14
9.947013617493411e-23
5.4513450029035546e-17
1.644461520963213e-17
1.7755107046445254e-12
1.7873431025976532e-22
3.577614322832603e-20
6.543650198372176e-22
3.305202938956996e-22
2.7927648576237823e-18
5.746277598914614e-14
1.6759551526737195e-18
1.4637956721894767e-16
6.580298185388467e-19
1.7910534509881777e-17
5.549842318357046e-18
2.845137087120857e-17
1.9966900256252696e-11
1.093547048013744e-13
5.695833666888717e-12
2.011434493356054e-18
4.836567899579634e-14
7.37083170601109e-09
9.802893763545367e-17
6.199357930144025e-22
2.3587143130434296e-16
2.627553110533833e-08
1.1553480506550493e-17
2.783960628884503e-16
2.0584056008640537e-20
2.2443378452360556e-13
1.2804829767561365e-12
6.550367305726077e-15
1.4080116589252952e-25
4.537337030886017e-16
7.881264280097896e-15
5.713476661139912e-15
2.9354190970398135e-08
1.849310898115125e-09
2.8401587683764268e-12
1.9111592036788084e-26
5.845477512120551e-14
5.359567840864167e-15
2.1466380912119693e-17
4.203087847635536e-19
9.963990320867122e-20
4.5485795721278384e-17
2.5593666722263073e-15
1.2016230361050698e-20
1.095760547813746e-15
7.328125937188871e-23
4.061745663187169e-16
3.039647622648992e-13
1.943866497680187e-15
3.086609161356828e-18
9.15675507547805e-22
8.182346855089972e-19
4.992158164700582e-21
6.954081410219982e-10
1.3417774040860198e-10
1.1133425646823086e-08
1.061790909021566e-15
2.2530037910648873e-10
4.7459398655660054e-26
5.466622581058635e-19
9.494059821547995e-14
1.6504323438947142e-07
2.0026724494606305e-18
1.2036616674661805e-11
6.4001196179275865e-16
1.3411035913439626e-20
1.2723490364908225e-19
5.404053759596644e-13
4.8297138950213835e-17
1.6350020057801604e-16
1.6420805088002318e-24
8.860701726318323e-10
2.813488746381854e-17
8.138158316487274e-08
1.8250667116014272e-16
1.6189441927773215e-13
5.5841643078032665e-15
1.0474964638151593e-20
5.096688443501724e-24
2.0709507483538742e-22
1.4530430778208978e-07
5.085870242110667e-16
2.0171672084765067e-17
1.2777359415254117e-15
3.4839132533414534e-16
5.859356716473751e-14
2.2328598474075473e-14
2.0028997792695766e-19
6.593163345248985e-09
9.9080694964045e-19
5.933230949208522e-10
3.4216326326455393e-06
3.3950955371636485e-07
7.061819629992262e-17
5.7470048474334945e-12
1.891645524874068e-12
2.584510739426271e-18
9.741933497238759e-18
3.476592072753361e-19
3.149474283506328e-12
2.2983095343366873e-26
1.087968296778764e-10
5.884590793215475e-15
1.248620537056489e-17
2.421326543348962e-20
1.2328501624788812e-11
1.3119336090218145e-09
7.745773067806519e-18
1.437563629524122e-19
8.461705011459183e-22
1.3955944108413403e-13
5.462486299342652e-06
4.2866369821223225e-07
1.236105249107426e-19
2.0593573558608933e-17
1.7851008076925505e-21
1.0200181532852166e-10
1.0973718539309567e-09
9.254458548185563e-18
7.085476987319554e-18
5.360391050051219e-12
6.165792775208524e-13
1.114836267219298e-12
3.8808794223714064e-19
5.046766146503379e-13
3.968150730523074e-18
4.363389259941835e-18
1.7233907395929839e-09
7.259882482125169e-17
1.1112933794033771e-27
2.68134519670987e-18
4.1106556907721413e-10
1.2558619453323887e-05
9.10753136864993e-14
3.08631889421221e-14
1.4391820179640998e-10
8.14019135808304e-16
1.0786572257638133e-48
1.3702936597466085e-09
4.2540522120991595e-18
7.438881753371425e-13
3.170536338332886e-12
1.5936601240796462e-12
8.89221732623677e-13
3.068167903639371e-13
3.762263453422091e-18
1.1760737252366685e-35
6.448884482029867e-11
1.5523151771369513e-25
1.544720188663369e-11
8.849642578827135e-17
9.461050183285789e-16
8.736168543745122e-13
2.3821077094268618e-14
1.8525532016257e-16
2.424539787883989e-15
2.3834640924945434e-16
2.2231964253673303e-08
4.948876675211698e-12
5.3313788366721416e-11
1.9754715278026346e-24
2.6876543244450188e-11
9.010821811242586e-11
2.4169674615162226e-20
5.674467642675385e-23
1.6089801382463438e-16
3.6882091731071416e-30
1.1395213689368728e-15
1.338717864257927e-29
1.6620591439248019e-12
6.5481409499993805e-15
4.259484562906875e-28
1.4403343798338505e-14
1.271967951968471e-14
6.353330534414574e-07
8.766727838571519e-17
1.3400285983948349e-09
3.0109016116940032e-30
2.371160555008872e-10
7.103345627479766e-20
8.900608154905826e-12
2.613469851072178e-21
4.724107442155952e-13
2.4773164802139895e-21
1.0565971123526065e-12
1.5423450842983602e-10
8.271931506347508e-15
3.477545713992515e-17
9.095097965547347e-13
5.820844318049572e-11
7.947473866948776e-19
8.225442980367595e-19
2.229967342019904e-13
7.985563839949154e-22
1.0617392760991419e-20
3.545016662722725e-15
5.2329084255171056e-11
2.0619385891087262e-14
6.964572074983378e-17
1.6314283952904536e-08
9.286858603087036e-16
1.0572675355493535e-17
2.8383132377196126e-19
7.552033407244294e-17
2.5899939383786303e-20
1.227665507919121e-16
2.633289470800805e-21
6.118632979971351e-19
3.149342199792576e-16
1.0310279840132436e-11
5.307141971317488e-06
2.348077882383253e-10
2.5908629886747407e-13
6.051682962173949e-11
3.736655285547193e-15
7.393441704499493e-07
3.0684900120250473e-16
8.455152384414252e-13
1.2519826383875738e-29
4.509099648242892e-21
6.485454275239218e-24
4.043002174771804e-15
2.2700507988273476e-13
9.138917667346004e-13
5.322100840886134e-15
3.406506398411502e-22
6.485892698187817e-16
5.35681597715808e-20
3.072197607276398e-11
1.8719653272678213e-30
3.105973529932318e-12
2.9147010754807444e-24
2.4674251748488824e-19
4.152453491200678e-25
3.386483612305256e-17
9.837285273018195e-13
3.2083970352640406e-23
5.6639012204223294e-24
1.3077771421940022e-22
1.301568529593623e-17
2.366628657929544e-20
1.4194565543136474e-17
3.649551546358687e-12
8.128191856225349e-23
5.898739940529619e-17
3.54406529329961e-13
1.3838997940291016e-12
1.5290545718665074e-17
4.5785373178914374e-17
6.103788090558599e-12
5.696166788317191e-18
1.1809332531964356e-22
8.489544188835994e-08
1.2554998386695857e-28
5.728715286223025e-16
1.2985978550652467e-11
6.257594183022339e-20
1.630714986247421e-11
2.4137974789140335e-09
2.8377335250941657e-14
9.854294970734081e-30
2.569446708983549e-10
7.296211937769305e-16
2.224562634535375e-19
1.1908608959224737e-20
3.1247376905648896e-14
1.701153249376445e-08
5.856609002183533e-18
2.308255502839619e-17
5.797724869847959e-19
3.0941059403891386e-13
3.3083897914566086e-19
8.320096829995361e-16
2.671544711814491e-12
1.300384757673524e-07
6.228046965813078e-12
0.09349723160266876
5.336154495897219e-13
7.786009877049562e-16
7.643158175815014e-07
2.252170841992043e-13
5.767063465398848e-17
6.641576303884823e-13
7.028382782706977e-22
1.7791816125120245e-06
3.060439233200997e-10
3.3145485794992063e-18
4.261569403987626e-15
1.0167206991731503e-18
1.7457338048505602e-07
7.69705488330343e-14
1.0593624370106674e-12
7.597182227144864e-11
2.8388791474277025e-42
2.4977092543952876e-14
4.4097403241416694e-17
2.697199100888449e-14
1.3202702011980909e-18
7.116669190304037e-13
5.975868188265651e-14
1.3313404054589293e-15
4.846619753589159e-08
5.136306986008196e-15
2.708273512266439e-09
6.46258431699528e-20
2.723522979770085e-27
6.628770938011781e-39
2.8693548091754345e-10
1.5727821587620444e-11
8.0953507423458e-16
1.5003891312327107e-17
6.352202525979464e-15
3.305964021697106e-11
1.9727454187814446e-08
6.405622288146132e-09
1.0556324502870834e-17
1.1913632127107546e-13
2.261805631652783e-14
1.6503314237291819e-10
9.498513939713952e-18
1.7071511898724114e-08
1.144961624796224e-12
8.938902729179501e-20
7.970621101345944e-18
1.218011781490385e-37
8.197521820605468e-15
5.4786876457048085e-18
9.568639735667834e-21
3.434465953021729e-14
3.8958871641744344e-13
2.6743489442274596e-28
2.8725487315306743e-26
3.991702488974195e-19
5.65416572399686e-15
4.01351717857261e-15
5.204416218627159e-28
2.195183448576145e-14
6.154422556134465e-19
3.1665867957709267e-12
7.610011521910162e-13
3.524489697997512e-06
4.994154910136456e-10
6.519521220170483e-09
3.292532626173515e-14
2.2032031136412083e-14
7.0639125677133844e-09
8.510130396940106e-11
8.089071595737869e-20
6.718132167343417e-16
5.1984904650748625e-14
4.222761241008789e-16
1.4298819011132189e-11
2.4479273407201835e-10
1.1989829365293624e-19
2.1077449210812082e-11
4.69753062460173e-18
2.2128511554961405e-20
1.2476729292978004e-19
1.0850196552714259e-20
5.298819136597705e-11
5.352176148521287e-17
3.13110743575717e-16
2.44804082345705e-21
4.754226947707072e-24
8.377743472151787e-10
1.7247110095862062e-13
6.25989306645617e-16
1.1806221770655518e-11
4.7747557993786833e-14
2.2412427515882647e-20
2.121079476200346e-17
2.5001290182067367e-11
1.8459795871998025e-11
9.422587559538372e-15
3.039898292637087e-14
6.369821446845684e-27
2.508993125806544e-13
2.96236826442656e-11
7.601273237069452e-11
2.382762502707072e-14
1.1623825088550396e-10
2.02167287479614e-10
2.6123424271887468e-15
6.976368606508112e-19
6.192893529689265e-10
7.083665656818829e-20
7.336772175499235e-14
7.682387432464396e-13
7.539365919016719e-11
3.6217464836691214e-12
6.224954324642544e-08
2.745821481878551e-16
1.3383430771146537e-17
3.693821180380861e-13
1.339380969130389e-13
6.290620647583344e-17
1.5264606774453369e-12
4.015930286380109e-15
7.39398332851401e-10
2.153096801032625e-20
1.233785612674149e-13
3.883154506175111e-16
1.7378037678293394e-18
0.00022250908498576056
4.000294206965485e-20
1.3153119979454206e-14
1.7788627660513478e-08
3.660120594608679e-13
7.908155864369212e-15
1.8373851661316545e-16
2.847990290491801e-18
4.131611344119913e-15
1.6767017988164314e-46
6.864603514316016e-13
4.8394787098091045e-20
7.994282022416184e-12
1.1115706227424302e-14
1.5245355401956913e-20
9.7532878080744e-18
2.304472093096653e-09
4.9307597165541904e-18
1.344964691771311e-09
3.826563127772721e-21
3.20714151066327e-17
6.018271696790351e-09
1.9259417954524123e-09
7.817343065836328e-10
6.477305494774436e-10
2.7636040641373823e-19
3.9335108945105305e-10
2.3238866564979004e-19
7.729326782946803e-22
1.5355016268965367e-12
5.3769404217306735e-17
6.407369227562399e-07
1.0907378001684439e-21
1.0577625240569987e-26
2.5695547353053055e-07
1.1796910351162358e-08
1.2096724365273834e-15
1.431699688863013e-20
5.053780004721489e-19
6.916077965151302e-15
6.305709527762844e-13
1.2774297740643257e-11
7.140721362843495e-20
1.3317713179313673e-10
6.107547237724877e-13
1.2841875498981884e-06
1.0528159235481396e-19
4.975931316874325e-18
6.404893946387305e-24
4.968539063168657e-14
1.0164811633759447e-28
5.51479820023398e-12
2.5573178575289185e-38
5.559280597979103e-15
1.6596730516083262e-16
5.324048788419597e-17
1.9598744678690512e-23
5.154687330935821e-15
1.936513255653656e-16
7.38780006787763e-17
6.0759694728563e-51
4.0805903454614407e-10
4.612994045695844e-13
1.0776274857845612e-25
3.0684048943451706e-20
2.770971134066113e-26
4.4283236520244444e-16
1.6955791289414893e-13
3.956737991163317e-10
1.4984968937154498e-16
4.0947558460075856e-17
1.0545139574706669e-13
5.577795012763175e-13
2.7591325752267386e-17
3.731843853602962e-15
1.1606064913496078e-23
1.2516645271401542e-11
4.7520263895389496e-12
2.195027126768494e-10
3.7045122009798735e-09
7.14032138157138e-13
4.403937183050336e-15
3.340750725010493e-10
1.2785846277092557e-09
9.964625535048521e-09
1.109173890371533e-09
9.213621421601379e-07
3.3092804480241657e-15
1.4958167064789432e-16
2.512818761018703e-08
7.239491034220267e-23
2.6190468783846654e-11
2.1749640381056566e-22
1.3203989937412021e-16
5.452687056745887e-15
6.879730781398256e-23
3.849674139806013e-24
3.1366346601926556e-10
8.4669855706739e-16
6.004905936755682e-19
2.0059428290630524e-15
3.5738661160352365e-17
1.7429932164852796e-16
1.1428021881198099e-17
2.307830318741031e-06
1.7526211056492644e-12
4.563471477940774e-21
2.360618621820232e-10
1.096726583255553e-05
6.506894395763627e-20
6.774618989734152e-10
2.656891544844642e-19
1.6121588025170546e-10
9.49073828612759e-09
2.901221780020305e-20
2.5268866542271086e-12
3.06039209603025e-12
1.4041838384710666e-15
1.3175447805903288e-08
3.7856481464216767e-13
1.8339808425163163e-16
6.536034178066052e-11
9.59704002715431e-11
2.5542442529936065e-11
5.630238525039025e-15
2.3264050686916954e-11
4.216165008827146e-18
3.8821410483205076e-14
8.485790450845538e-18
4.67523671965957e-16
9.413592102597533e-12
1.965764635753061e-40
4.685156744360434e-16
2.0536306025502842e-18
4.322697756021373e-34
2.6357389855908585e-16
3.0555236770998265e-11
4.3684281252728175e-15
9.517654026177699e-11
6.573668883376499e-09
1.3262613489238262e-09
1.9686439113544836e-16
1.658688800352704e-12
8.405193277418317e-14
6.180113827429466e-18
8.209397320397958e-16
1.0608260355628862e-10
7.831884645232937e-13
5.213338366973997e-10
3.921428151051952e-48
1.0518311708970558e-11
3.924208476973005e-14
1.640615742901599e-14
2.2533571099482596e-12
1.1947059857699026e-13
8.841405869049242e-18
8.097092557605251e-09
5.5739773085370816e-12
2.0796372395268707e-23
5.920863754523664e-13
2.9124049236939553e-13
2.8345976795855513e-18
9.325677519732333e-13
2.195848085873784e-14
4.514731568904467e-08
3.647484191098195e-11
2.055214180062291e-09
2.1737678657576296e-13
1.0447089401410922e-17
3.752207276461624e-14
6.130292628078229e-15
2.412263714794457e-10
9.166713359556069e-12
9.341673288453164e-11
6.464602011344957e-14
4.59347510396293e-10
4.988003456603647e-11
4.333525596614372e-09
1.5055355206736498e-15
4.539329094302617e-17
1.1270731547762366e-18
2.9944846044206175e-18
9.663832233564493e-20
6.441559124410332e-10
2.718513827869652e-22
6.999711487627863e-20
2.6204044610377693e-20
5.259653883857005e-15
9.150536661234513e-35
7.24932869788545e-08
4.57953201698226e-14
2.4627073503272e-10
2.3180206181797347e-14
3.1980835708369956e-18
7.843840869957304e-12
1.0802730954939283e-13
1.0422228601192103e-13
1.1205825484964286e-23
5.22311125651283e-21
2.9605681815787946e-19
1.2442990799396598e-13
2.5985623890664264e-19
7.466531153549353e-10
6.832216688967229e-20
1.820367542662634e-14
3.5212880811712957e-16
6.5681424377057585e-21
2.1677173100584807e-11
3.2219446623705763e-13
1.883317033301222e-15
1.4649276663780884e-16
1.8931090755070787e-09
1.7936275386186603e-31
1.0225594400797572e-10
3.150846462732504e-05
9.742399860252952e-16
5.6191515165186025e-15
9.2574599835196e-10
1.070303186037216e-17
1.4202953741481165e-17
4.80806464817573e-12
9.807233501658782e-11
3.640728452314458e-14
8.618860964918568e-12
4.6770924469918706e-20
2.2023559256476629e-13
9.158774940822762e-09
7.447675351327154e-09
1.2013008443512024e-10
1.6934956986616826e-21
3.651816804158498e-06
7.528083457830075e-14
8.348844083313113e-17
5.0475590200482266e-18
4.545569798509776e-09
5.542117088437053e-18
3.386386289298529e-15
3.519083182955616e-20
5.885312783956032e-17
7.848375569129145e-21
1.6251933634685033e-18
3.973666708683763e-14
3.568359128172698e-08
2.9617447191965713e-19
8.141280050714577e-14
5.561747679519951e-17
3.0389890062622053e-17
1.3720823806988176e-16
1.0935534665762889e-09
1.7836975072193943e-10
2.719667362050214e-22
6.858813008301487e-19
3.0119755606827626e-13
2.6897064329749208e-17
3.8285200440917446e-19
0.00021761028561260998
4.6485356875661804e-14
1.1874678802498932e-10
5.428725961121778e-12
3.4705168172954905e-05
2.3763794731114533e-13
2.2851908002412906e-18
2.0061174615132048e-18
2.4795428815292255e-13
2.8197836094978077e-12
1.3215742201832653e-18
2.1431890456096106e-22
9.365609032068772e-22
1.4067929036110884e-10
1.4561301356187152e-13
6.487463066246014e-16
4.062560670092458e-19
2.2532161696100546e-14
2.8610926370018667e-06
0.3670773208141327
3.6430974031722387e-20
5.448782323358598e-21
6.207913559073422e-18
7.075603280956156e-17
3.010644950883588e-14
6.011676716059595e-16
4.477044929321392e-17
3.681439491539757e-24
5.708644182044284e-16
7.621013182033465e-12
1.9185873818308056e-10
9.493530784815222e-22
9.249089086586526e-20
2.0064987463405514e-06
1.1059390599464714e-15
9.783536130733598e-15
7.0780307768620796e-15
3.900751448380793e-15
2.2311473828125408e-18
8.679402959672457e-18
2.572653064681485e-15
6.353067806694015e-24
4.368805998829528e-15
1.6186438854730645e-19
3.5339671418837078e-15
3.2306969971086342e-15
5.088288878672295e-13
2.6833911810621615e-20
1.0239481096685398e-16
7.837525019339261e-23
1.3122610517177006e-13
1.0508712448078514e-10
1.5158936518173426e-15
4.2161016234296715e-19
2.914736370518615e-11
1.2656955087895803e-18
1.1794640207115746e-12
8.894551987738769e-11
4.490957895064763e-12
2.5593470353705735e-10
6.158814076019534e-14
3.546314132114033e-15
3.518233267346499e-13
1.3031253502996588e-19
3.8755874157218754e-17
9.726754738444312e-26
2.070284460215472e-14
7.105961823424927e-25
1.0006948810141621e-26
6.296008540032321e-38
8.07756299263115e-14
1.0311053571093616e-15
7.185304290359522e-10
7.191193399815863e-17
2.526169053570409e-16
6.434502230576609e-17
1.8150399395689873e-11
6.666202681734428e-13
4.2168989895124357e-17
2.5130880943711044e-17
6.560775999803229e-15
1.8477909860296864e-08
2.8607503354947995e-16
7.116527619487568e-15
2.0147458535408283e-12
1.4053952596458667e-18
1.0136951261893096e-10
3.0824527068133014e-14
1.676448503818685e-12
3.9822352792772154e-10
1.2170807786256483e-14
4.444157013655319e-28
5.894562301049732e-12
9.78637022583255e-14
1.443146724620047e-09
8.016522664232047e-17
4.7675781705715476e-12
4.561159294490927e-10
7.41849174068268e-07
1.939638586351058e-16
3.0096677504589232e-09
1.9005156975460438e-19
7.887970473931453e-15
3.1834363549242004e-09
1.0510306239484571e-19
1.1031773750191883e-16
2.7330661613055118e-21
2.8240359557813074e-46
1.3865980113537176e-16
1.8968392771553085e-14
1.1536991130473875e-13
2.056734384569923e-18
2.8238987656980238e-11
7.236827391568046e-25
1.0602928747549888e-10
7.960612255066277e-09
2.122982393688008e-13
6.288715191750507e-18
2.1045619359686478e-24
1.295386767345772e-17
1.1884475780644044e-15
9.635162173019487e-17
4.233945225520921e-09
4.780424447206331e-35
2.162640095058183e-08
4.0603386734240157e-07
4.655705490823459e-22
1.83498840817181e-17
5.574600898655963e-24
3.3394969722050955e-14
1.7357339810819943e-09
1.0774638131915775e-15
3.798822033594651e-12
1.2130693501223287e-13
7.953565855135707e-26
1.9747933935972762e-20
5.0182377266560194e-17
1.9999932750736207e-23
3.846974678627389e-18
1.3287989945585428e-13
8.111426845961733e-16
1.7349403673969156e-27
4.596727368637637e-15
1.346520994270557e-16
3.0578037036765918e-15
2.2943596519142967e-08
2.403674949480367e-09
5.732923609264437e-13
6.064645598990316e-18
1.8424428224708502e-11
6.372051737172089e-24
1.3073586151713514e-14
1.119050941324412e-17
1.0971573899303112e-17
1.3467280409956128e-13
3.850064005670446e-09
1.08616640130976e-13
8.545801071358794e-11
4.077415894245068e-18
1.0155717345726471e-14
1.582156162895937e-17
3.7908055745702373e-13
9.019275644172721e-12
1.1546466145254406e-13
3.0662165521861405e-12
1.9352258838495063e-17
7.56196159239084e-21
2.0200499533856724e-21
3.446142630632309e-19
1.1810684598391229e-23
1.2199602761560838e-12
4.825937352053089e-12
6.089280023013658e-09
2.6782425635748197e-15
2.2156857601303004e-15
4.032745576286569e-12
2.1160379422066727e-20
1.416353669954957e-22
3.548967301374129e-15
1.1073641686063511e-16
2.1036407871942195e-11
2.352472421330018e-44
8.23528192976707e-09
5.339850868417318e-07
3.126308113032427e-13
2.3793793424174144e-14
1.042601064924317e-06
0.21407431364059448
4.3154675756813e-10
3.4315221729036713e-16
1.8248696618095618e-15
1.097488638850501e-16
9.364280289278424e-20
1.1076028060303306e-13
1.1574429111779022e-17
8.234253410989225e-15
1.8107745604905072e-20
1.526868267893234e-14
3.5636814772499324e-09
4.2924268922631524e-11
2.2271689666067885e-09
2.8980861139812686e-14
6.589668047291052e-20
5.0910766993343024e-11
4.002723523564686e-12
2.205509384164849e-05
9.013299063167769e-13
8.72300742595058e-12
1.297557912103579e-15
6.072786388947086e-13
4.321600566264392e-16
3.8000251423275756e-06
5.902571866411083e-11
1.9677695440179062e-11
7.719330051413729e-06
1.3899046731299702e-07
1.8015590202167034e-19
3.853503796426561e-07
1.8500912223427312e-17
1.490525667087448e-16
1.4462817273289624e-14
1.041437645483276e-12
4.146068629511138e-16
6.037161562770654e-36
3.498570390127178e-14
9.267663382082866e-10
3.783439021785111e-14
6.019200011239499e-08
2.4432702620575587e-14
4.3606166211543966e-18
1.0006206773370147e-22
2.6972581099401365e-14
1.0384792547134561e-20
5.197508101447884e-21
3.1425310069608094e-25
1.1629357445271149e-14
2.4493698186621643e-11
1.79480495189555e-18
1.2946996332112841e-18
1.0474857785589694e-15
7.85527439414303e-06
3.4883804448991475e-18
6.551259571692106e-17
9.989140886734934e-09
6.15421333556798e-15
4.367380858209046e-16
4.613346707433022e-29
1.9362256143560383e-10
2.856520697095755e-12
4.484973927564673e-07
3.1624871271341763e-09
6.7537208447211136e-12
3.856121590803807e-20
5.171482137853481e-15
1.0942739444863687e-13
8.854331113982756e-25
6.143711825762218e-12
2.3308759479950715e-18
1.8662585414519613e-20
6.993979678500785e-08
1.3882155128239954e-18
4.0368462132044087e-10
3.4691213044349184e-16
6.2766625905735635e-15
3.3741420950325494e-18
4.3435543500114934e-14
3.633135195413348e-18
9.156563820216543e-08
1.7552962218288022e-06
1.399695133855449e-15
1.1497446345016732e-13
6.330604502114828e-14
4.421648110654371e-10
3.2100258907031716e-11
4.038331228130549e-07
3.1122613667821152e-15
6.287164569101429e-24
1.0506180733262644e-12
1.10109877415901e-30
8.227292793180321e-20
5.828609975681118e-10
7.089014606768825e-20
9.215934550294983e-26
3.3354639060111043e-13
5.001203606533442e-10
6.36251537775828e-17
3.0763882933031805e-15
4.7962768524448675e-14
8.897643728673808e-09
1.677718911836775e-17
3.913599372893049e-17
2.7961773474867764e-11
2.2751009852747127e-16
1.4704294275952484e-16
1.4901618388007156e-11
3.236340478172525e-10
2.4458653004922788e-12
1.3242666917051089e-10
7.307157659629478e-21
5.756467814682796e-11
6.564623308729336e-16
2.1265687182842963e-13
3.0399362229717546e-09
8.401678563321817e-12
3.40581077195361e-16
7.566336399309359e-17
4.2216204750719946e-17
7.375891631222877e-17
1.195964726879401e-12
1.523803512306484e-26
1.7011653106233088e-13
9.473663485129765e-14
4.99521841287583e-22
4.2013632472324726e-19
1.2638328517873017e-17
7.02845259409334e-18
1.6367584960591406e-19
5.033324364982157e-06
7.035572128728211e-14
3.573250400348998e-06
1.5676939073935137e-10
5.6369993021792565e-12
5.213698928401054e-18
5.3461177556866924e-18
1.2779102388649386e-14
4.9371820956572385e-12
0.0006744916512587837
4.225708487262595e-28
4.447922477787288e-11
1.4061388096374645e-09
2.5069732409245417e-14
2.0133601432931962e-17
4.781614481282627e-16
3.256700742548279e-14
2.6078790216300266e-21
8.57317433474969e-07
3.1741322782265347e-24
3.226044229601924e-10
5.149064194301847e-10
1.841412701275588e-10
2.807585738397736e-10
1.6424589258708508e-07
2.8247963400807414e-15
2.3068948623114448e-09
3.6694283128409405e-17
1.0154190597075664e-09
2.296262965269623e-20
2.494244990795683e-06
7.843476090382897e-11
3.6407531383392203e-22
1.1545200921432936e-18
6.400243419672924e-18
1.3078450346509147e-18
4.414564003091707e-19
1.3283441759193068e-14
3.706239075666462e-23
6.3857492146042234e-18
2.935876060175062e-23
1.2656716043159533e-15
2.0466550357342077e-08
3.883455913114442e-19
1.916429474471376e-11
2.1373225925641247e-16
5.788516854499729e-19
2.288304379136766e-15
1.8406217819911634e-21
4.230332910503467e-14
7.587749834374251e-17
1.5875871705879772e-26
1.2426569441077685e-05
7.552355783922126e-12
6.399442423418092e-13
2.0957066059690134e-16
7.639664034152359e-10
3.0207226120470982e-15
3.851368036025158e-26
6.822571195456618e-24
3.861906085053015e-28
4.217771624390467e-13
1.966022966416263e-26
2.1210651929396267e-18
3.310911597502878e-17
2.990825280342582e-10
1.2876872382352063e-17
1.0593181504341726e-11
2.0247410390695646e-15
3.7340314060284534e-18
8.784923211352362e-16
4.3316919048135444e-19
1.0442052181855941e-19
1.074744203788445e-17
9.225921316354634e-13
1.0904425317267268e-15
9.72618743975004e-10
4.3219678123100413e-11
7.56208823169982e-11
9.689172914183107e-14
6.347447431752202e-21
1.4021258382033842e-14
2.1839203998119164e-13
1.0423432875942009e-23
2.8222058134792375e-19
4.6165455361049374e-15
7.109165539851605e-21
2.0293649276981215e-18
3.829436625567007e-21
4.387461809970067e-12
4.118516153112489e-23
1.0910889247824464e-12
3.7376155477432434e-20
2.169872929852861e-15
6.333373644766056e-12
3.959563912953436e-15
5.000657833627002e-10
6.008549673075515e-19
1.0665930116176749e-13
1.829860525666416e-08
1.1031470708343845e-26
9.82295294078967e-18
5.341630874161969e-18
1.1605991854264311e-26
5.758303979713907e-11
1.2514211959372575e-21
1.312572620837218e-11
2.951705918731253e-11
2.3665844742494277e-17
4.079264953123119e-25
5.5261810879783e-16
1.3486082580923079e-14
1.9613448218380629e-19
3.976557612387545e-15
9.332555266553822e-15
3.275154514492814e-05
4.0940612935734624e-09
7.211922448348039e-10
4.8883429187028144e-17
9.99991483417862e-10
4.66271067418362e-20
3.487954953623179e-16
2.569636911382728e-13
1.0143144763917133e-12
3.8130280100508935e-16
5.72761763638356e-16
2.510924231132132e-18
3.338774006519997e-18
1.626539166404697e-07
4.710077238545326e-15
3.341963928398584e-14
1.0326366299209548e-12
8.014547972014242e-18
2.391532573599179e-07
8.091913338764597e-38
1.3910125786629137e-09
3.005616037553446e-13
1.4538453697071203e-05
1.6039775582748348e-18
3.6784571062535055e-15
2.5092281192007164e-24
2.9801621265647414e-10
1.0388054793049497e-10
2.5162348485379377e-13
1.327762582541899e-22
1.5489889566826408e-18
7.900437248551043e-13
2.3357308768280168e-18
9.149150892533937e-20
1.548084538477546e-31
1.8862957955309918e-16
1.5346768435178316e-15
2.2891855081522345e-18
2.2554895375854348e-33
1.902651490603688e-29
5.559718254102804e-13
6.068095973977432e-19
3.381392177787027e-08
1.7992323144007642e-17
9.03757283423694e-19
9.171172269655149e-08
1.3923875723827337e-08
1.1643875237535776e-14
3.796912211277167e-19
1.0552136706617337e-23
2.5159247152375543e-11
1.5543145229764557e-18
3.027363134550074e-15
8.185011631577835e-12
9.553131498467779e-11
2.176131549245669e-11
1.1208082264894762e-11
4.9203982783855674e-26
1.0702329806866829e-16
6.172740180006253e-16
1.0347449988305769e-13
2.876752038732974e-16
4.778927719511775e-15
2.3565934312199758e-20
2.5389365056967794e-19
1.8329236093631452e-16
1.125182193334208e-28
2.1090089923736453e-16
9.71904930173414e-17
5.187835269837928e-18
7.640670453630292e-16
4.1590616949334686e-23
8.897453459379809e-10
1.6670028387866802e-15
3.571503709935347e-08
4.750921372523679e-16
2.878681732994383e-13
4.5259307218019666e-12
9.745241856752126e-18
5.317308743121622e-12
4.327061116895048e-10
5.4444360882131005e-08
1.481394461786213e-17
6.026141245477337e-20
1.9196244913892465e-17
4.097562001605566e-15
6.6677917878235735e-31
4.79496762567241e-19
8.409413223846168e-12
3.952105359117529e-14
6.773911905314708e-09
1.0976834184424641e-21
4.524499327363878e-20
1.0410498197523239e-19
1.0951774170782852e-07
3.1837753414956844e-18
8.229357871518738e-18
5.9059149763701374e-15
1.0271420673468051e-20
2.4729196143230287e-17
6.02177146483331e-17
1.3615684459351777e-15
4.849094359305829e-06
5.160084010616675e-10
9.163701913685736e-15
3.464337238700691e-09
1.7302520753488117e-14
2.4174632263899284e-14
1.1285196416430863e-16
1.154305638371455e-24
1.1553631997323472e-11
3.510299325527845e-17
3.892774999053029e-22
1.932323942343558e-19
3.677547553885654e-11
7.947557621980571e-17
2.186760956349426e-25
1.866441092586687e-10
2.73844164069767e-14
2.1931853566132487e-09
1.1629735729841111e-15
3.919306226138473e-13
2.255015268970181e-13
7.166084270650082e-13
3.5596794597087595e-12
2.1194365471474164e-16
4.9183189103582457e-08
5.076368212694515e-14
3.1152504281869695e-21
3.5292223169285825e-14
3.474301649466199e-14
1.6639586459454803e-21
9.62710593532914e-24
8.844433452631565e-28
7.059165755860002e-07
4.712470074137838e-07
1.5634955853479776e-16
2.6888640369475776e-08
1.0354230044027986e-12
5.182127450471128e-08
1.5640436180419706e-10
7.524056976937881e-15
7.088515458944626e-19
5.0784683917660365e-15
7.555055926109461e-07
5.037826237117699e-13
2.360473751241777e-11
3.3403490183041736e-17
1.4515340637235264e-10
7.219166449248419e-26
2.7037193873572746e-11
1.360191878492806e-13
4.156422752590485e-21
1.1243342142531986e-09
2.17240704417139e-23
1.6210662992904825e-24
9.089870673467718e-17
2.5841613484374763e-15
7.234864086517546e-22
1.9145614374660857e-13
1.7390906472443856e-17
7.245368721235684e-18
1.6953598465224566e-13
2.613903791758857e-44
2.3409091793865163e-24
1.9196913097490612e-17
2.0214899091355866e-16
4.420494132524352e-12
3.204431974403295e-08
3.2195437541074987e-11
1.805276850141317e-12
9.720570959225514e-11
1.5861126159731057e-07
2.474577966076256e-13
9.506409992021434e-12
9.478457867455006e-19
6.955106329164951e-10
7.568053073015153e-22
1.5554865812681088e-12
2.5458640295303096e-11
1.9954779136318052e-11
1.157280308511613e-12
8.274549063291605e-20
2.2272097346330466e-20
1.5560405141229688e-16
2.7061797124579947e-12
2.347554750988947e-10
5.5200469502444e-22
5.463703216058227e-25
7.6401009024165415e-19
1.786055659626545e-40
5.289478322009594e-16
1.6455546611957723e-08
7.332336707513975e-32
8.62032540755141e-17
2.405398905717137e-13
1.8783209030558786e-19
6.197569932047724e-14
0.0011956006757125456
5.487274350754656e-17
2.672255054377953e-16
1.6150102152255907e-15
1.973479401497599e-47
1.5173517241313705e-10
7.720941987458188e-16
1.1969003876557158e-13
9.696492357698035e-19
6.317628993303704e-17
5.258729241988053e-11
1.2638573550819674e-13
1.5755082083751105e-18
7.143161210348882e-11
7.725533297222518e-16
5.458377612147879e-16
9.728485416550564e-17
2.804868596173527e-09
4.000622850007882e-08
3.437084695595557e-07
6.06972709840553e-19
9.474001106880183e-13
1.252799554741464e-21
8.454504341804131e-10
1.6950474279724964e-15
1.3098118973591952e-14
1.2072842815686892e-14
9.753976170193013e-23
4.603077531358565e-16
2.2118532779399097e-12
9.317360733191194e-09
3.933026920299189e-16
1.846305377291875e-16
3.4934480147845024e-10
9.628854380574497e-24
4.896422771610973e-23
4.5258594367642665e-08
2.355451133725395e-11
2.5604534419612297e-14
6.604146633528807e-12
3.7682267535772654e-34
3.5410799882656307e-09
2.3870749819250203e-12
1.738733478099007e-15
1.490258747216826e-12
4.638269899727496e-21
5.929881227906707e-15
2.373726510067271e-13
2.73940711589701e-14
3.037728463303188e-10
2.0292855426521147e-07
6.5106060829781e-21
1.7691623447138508e-19
1.7679579362675536e-14
2.268214379164259e-17
2.64831944720649e-13
1.7440569822493125e-17
9.156024348940342e-17
8.553313081414897e-16
2.7981797783643872e-21
1.4733459156696844e-22
6.31185132391163e-18
1.8682651448348904e-10
3.7923670750559225e-22
1.0842858164801477e-13
3.030276907467175e-18
4.432262156349465e-22
2.9557955057648415e-11
6.175161236731213e-16
2.1999533781385482e-13
2.8819339556923706e-06
5.963842230910725e-08
1.3802649065133891e-06
1.9826640428053243e-14
3.94630294462522e-17
2.0648674866749176e-13
4.857418648474275e-09
1.0148915566181927e-15
4.71175764624723e-15
1.4589881294409336e-19
4.815869448315081e-16
1.2976707276657724e-14
4.741176501161341e-21
1.3700855908769554e-13
6.096248617676362e-14
9.498532024622956e-20
2.6371705246502385e-15
1.1772179049520913e-15
6.737865692375249e-12
7.675449179866875e-11
3.153396226719744e-25
6.966569575806467e-12
1.3198366909955342e-09
4.323539366220688e-09
5.618296957910892e-14
4.116127512620252e-20
1.1974886697713007e-07
7.82385246836265e-18
2.2393400463672737e-17
2.7618009137762514e-17
2.023192229975018e-15
1.5810774714026681e-09
1.3332773903257993e-15
8.402426408339647e-20
1.6991103816274094e-10
1.8276857509603577e-14
9.25137507911527e-06
5.604787447199561e-12
1.084801711757088e-40
1.3379961460623782e-21
3.632409258765374e-08
1.3034095383197777e-11
2.378936000323773e-33
3.0576225539907235e-08
6.264893203908627e-14
8.462328703894254e-15
1.7367148320119118e-10
1.136699289038171e-18
8.910637188936011e-20
3.076684784958555e-06
7.58564358329286e-14
1.0490735998691097e-21
1.212435909112765e-13
5.421528398107614e-10
1.7979021120327956e-10
1.1525176960940967e-43
1.7858169056325338e-23
1.2748596791381896e-15
8.435586711056889e-16
5.89364045840413e-13
2.152246461533577e-18
5.110206846097586e-11
8.979214929066275e-17
7.748613910901533e-12
1.546792561373818e-13
3.319177422761462e-17
4.381094511647643e-18
5.965855096429845e-13
7.599063486047498e-19
6.434655053589171e-17
1.2791605600877221e-08
4.009827489451839e-19
9.092744530321024e-10
6.049913886312551e-12
5.180589860919389e-30
1.1680303642991352e-14
3.4050692755657756e-10
1.1485327246620938e-05
6.6175493308060954e-18
1.144265894049874e-26
8.899082151692865e-21
3.450337285943296e-14
6.541667409797728e-18
1.912007765086761e-14
5.495955184486726e-11
1.058803107673407e-16
6.542778592331065e-19
3.770069114830431e-11
1.6303026007815702e-16
3.8651831407329957e-22
2.2054626220090104e-20
2.779418324476588e-13
3.873626283216355e-11
2.0795396436659305e-26
1.092434247570483e-22
2.2545581943515244e-28
5.4906719901942225e-15
1.9537385417852296e-19
1.0234908203280591e-18
5.450943565383839e-19
1.4589379054367696e-14
1.9181895720129326e-20
5.2874474190111954e-20
2.366426171817078e-10
9.136430451370147e-18
3.436079262710779e-11
5.468320071684115e-16
2.0815290391456323e-14
5.142363193822169e-19
8.111239724310853e-10
1.0810077657898865e-12
1.6189156070369774e-16
6.282497352995645e-12
4.1723412290453784e-13
9.887134803414161e-09
1.4490589204784325e-17
2.6845276125282232e-11
3.653016386880462e-10
1.7294680062346432e-13
3.8200280355243834e-20
1.1066419282610648e-06
6.793594882289753e-16
9.006032026383231e-11
1.0990379422827144e-12
7.966473917724829e-10
2.6542490893196147e-14
1.1352227895803284e-09
2.5941818986811345e-15
2.953540041151137e-25
5.067167878768853e-20
8.268816533084529e-14
1.4866329884968408e-08
1.3448267450576708e-13
9.148083740017464e-27
4.377357033767356e-16
5.3802909843758065e-11
3.25134127265059e-14
3.2169772723418392e-40
5.4166952904695956e-17
1.2139409546643773e-07
1.5846027085476773e-19
1.6174264370328807e-12
6.362295983260812e-10
1.4026316384412344e-20
4.265362500212336e-23
1.0029954676901584e-15
3.1451858541559935e-08
5.050810266120252e-21
7.091345330817413e-12
1.5905568894214426e-14
2.7622520372722913e-05
1.960384942525266e-24
2.4270949244962045e-12
1.6532196935905891e-19
2.663656016047365e-26
8.27970680356785e-14
5.4694346080074846e-14
3.6113684806260796e-17
7.553760593830528e-45
5.655747896279889e-12
8.847617623243547e-10
5.46182973801054e-19
3.091146799648226e-11
3.618710156684383e-18
8.519812847034229e-15
3.7320767632116374e-20
6.54888097911256e-09
1.6463728528520085e-10
5.731578796547987e-08
5.038482725821613e-07
3.7518561682051504e-17
8.604906490386781e-20
1.0535627537445134e-10
1.90265077367039e-14
1.379639897417337e-12
2.1894266033797396e-15
4.7131355808358974e-17
1.0355517411003846e-21
1.0826997028897743e-15
5.975696171487115e-09
6.224642910218124e-13
1.2107369936152151e-08
3.2854513671956233e-13
4.6097837547530625e-08
6.5938701292671685e-16
8.51230050353425e-18
3.159434111426158e-11
2.0899261147989588e-08
7.93664430775781e-15
1.6722794979677279e-18
2.2484488978909315e-09
2.5746826775161986e-12
3.7183717511263295e-15
1.2433889935422906e-15
6.199879873061356e-19
4.752431197281025e-13
3.3791552175664616e-11
1.4842883621386577e-18
9.583346933414206e-15
1.0091712786642962e-24
2.5416601729470095e-15
1.0843423199190032e-12
9.946667138477318e-10
3.248778606159455e-19
2.970792661666069e-16
1.5898099244776663e-16
1.1782793675998925e-09
1.96515574645946e-11
3.5458084024949563e-19
2.9775157122520735e-16
1.8113359175014897e-14
9.691411394019815e-18
1.7955458220210245e-13
4.563342139493695e-24
5.215532412019341e-18
2.371706636244492e-17
4.709289178052561e-19
1.5207534589312334e-18
1.8454996538688455e-17
1.99601827620144e-12
3.261265882721479e-17
8.368719011983662e-13
6.083476920199822e-11
2.424721767316748e-13
4.65099695281889e-15
1.575009471235737e-20
2.3428323326149583e-05
1.0338136684775317e-24
1.7744754155902427e-21
1.9441467813687538e-20
4.4470583767459864e-09
1.6222976190861973e-11
1.0585427944464558e-30
2.7359357929805568e-21
2.1811757890579904e-12
2.1313908366608713e-08
3.655595313466061e-13
1.712427973035772e-12
2.1249396233666163e-09
8.860319155123812e-17
2.173536108910826e-26
3.760983764570684e-11
8.684412721896591e-07
1.3257409350366993e-16
9.469451339628792e-14
2.029583704360444e-07
3.8281384965402186e-09
1.1121863703817948e-20
3.1141946202171567e-20
4.603625931371757e-05
9.198781069802232e-20
1.0268879279647701e-17
5.413535333299714e-10
4.950570226609334e-10
3.8986621072070423e-13
9.595626675860235e-12
1.5784089090798698e-20
3.604432518868502e-08
5.159214401483701e-10
3.5609984381848464e-12
2.506410641120439e-13
1.4554831386348722e-07
3.0696127522656547e-19
2.9828049880923586e-16
6.896276966256387e-10
8.908158806249062e-14
1.2598648362340385e-11
8.545887058404202e-15
7.433294235366506e-09
6.3169922988756e-15
6.715130402161748e-20
2.1144656552802904e-11
3.009758952142582e-12
7.118941028423717e-16
1.147932170698236e-16
8.87984625329466e-14
2.0018027090558732e-18
1.8180606465692884e-13
6.375932602774501e-22
5.752397634795859e-13
7.022270465696895e-08
4.523428376724765e-13
8.588256264022973e-18
9.80685274802645e-13
2.8281848621969854e-14
9.303674680541772e-28
2.501641752938744e-21
2.0391602754688044e-15
1.4234148433200103e-61
6.4505390579841625e-12
1.0029461037079208e-21
3.0654351249832945e-10
3.856634577887854e-10
1.2199766319418578e-13
1.9984793801267662e-18
9.901415950038625e-10
1.4693782118006048e-20
2.7908725620431157e-12
1.2516926788418073e-11
1.3285847273940878e-22
9.099696675686722e-19
2.491039703994377e-12
4.69408976418164e-09
6.3348885665010656e-09
8.696041116241237e-06
4.695388903439366e-12
6.27611714518563e-18
2.811699368045903e-13
1.912455806468955e-18
1.2165216485160092e-09
6.319804814918377e-17
8.784798664957745e-13
8.076203000098864e-14
6.807681697249204e-14
8.871479758153749e-32
7.926164367265962e-14
3.7028604957153704e-10
5.3703439464101916e-14
5.750734704058116e-18
6.64177674621543e-08
1.444839634297024e-17
7.178126008913952e-19
3.136139887938923e-09
3.426988253197889e-16
1.2551598389972128e-12
2.7245694851183426e-09
3.4973545893036504e-23
1.1484886665222771e-21
6.090828945098575e-19
8.369054610163854e-16
1.014178601012539e-13
3.063501346708188e-13
1.8566543600945908e-13
1.5834374391301758e-21
2.1125445607291517e-18
2.193394962039741e-15
7.812145493141576e-13
9.862076369174411e-08
2.447312217935457e-16
5.593548809391984e-11
4.552750419311693e-12
1.9864707220508334e-14
2.701588478449022e-12
8.762190109066476e-17
6.185950626525488e-16
5.768931155091463e-16
3.010767074315014e-11
6.326186254479644e-07
1.694001054533538e-16
9.038541693223844e-10
7.984195828440266e-15
9.369595862542711e-20
2.610278989474173e-15
4.1628569035556144e-17
3.8660866394146064e-08
1.2848046982963281e-15
1.3533530225746835e-18
5.593603118390075e-35
8.617065808581126e-13
1.725547547723873e-19
8.778994474603287e-12
2.822269540605745e-14
1.5344462107756026e-23
4.628009667674997e-23
1.8413939604433388e-13
1.474128348902372e-09
1.2403057797249043e-12
1.2283801701516173e-20
6.985246181265813e-20
2.2583114449436426e-10
3.8586595898857496e-18
3.2743754370304295e-08
3.0323541206761905e-14
2.134287035556744e-20
7.575075181443083e-17
6.992168440312901e-11
2.679543914320787e-18
2.2694930675553623e-10
2.3043477212696915e-08
3.3918056508562885e-10
7.732761698239037e-11
8.517906465991577e-12
1.92405125819134e-14
1.906401470817599e-17
1.0683110673695453e-12
1.5785409298220872e-13
5.3949812336917295e-12
2.0618691752208264e-12
2.9972140925247424e-20
4.944914914872135e-12
1.8532141152498337e-21
1.605442931555232e-16
2.3347268134598285e-21
4.2551477376498635e-16
1.1145954388722023e-09
1.5629624901178438e-16
1.9359234230055816e-14
2.06266064024235e-11
2.7821115032916744e-10
4.808805498165324e-12
1.900047207420011e-29
1.0148050365464699e-10
2.340755682717387e-06
2.381495289039889e-12
1.7401976956863427e-15
1.043732395482215e-17
6.638963404447783e-16
8.873250869381354e-07
2.0754447127334067e-17
7.849324027016546e-16
1.2725495283638051e-14
1.4346982229306698e-08
1.0499685346151739e-12
1.5668074562956835e-26
4.216984296956009e-10
5.872860702234366e-07
8.393496928722742e-15
4.492665581138014e-13
7.212142192752365e-16
1.2623900147725826e-17
4.0447951672770464e-06
1.7117535366687904e-19
2.28043929743518e-10
1.2485660557266789e-10
6.134051834007158e-10
6.308861392386016e-20
3.611703651599155e-08
1.774592957353034e-11
1.06529416175394e-12
5.459014942899445e-09
4.3539717704942716e-15
2.120542653964725e-30
1.643800207465549e-12
4.4446568689489167e-20
4.682712319970307e-14
2.424567950698145e-16
1.5690778982911187e-07
5.794815460899557e-28
5.106961034401262e-10
1.7441654370308766e-14
2.1510532616898748e-14
9.326695184754156e-19
5.890836394806762e-20
5.18243840842791e-16
1.7715335703735965e-18
9.228104631357857e-10
1.1390893468234789e-11
8.661718510981807e-12
3.1529562839530714e-13
1.7592893665457585e-17
1.3262791255342424e-06
1.3219855444061116e-07
6.7299910130186906e-09
1.996197845296455e-17
3.499452942473531e-25
2.7719414347424027e-38
2.49048745618441e-22
6.675562738358822e-16
3.60596025702524e-18
6.376007261827091e-11
3.480245193917115e-13
7.263311889054227e-11
3.2843459429617955e-07
1.3468148301493793e-15
1.1591155505786927e-16
2.723877044373547e-14
5.93581984921238e-08
2.305746277275104e-15
1.273045073059283e-09
2.284320882243974e-12
7.603275535322472e-14
2.5928468006699256e-15
2.963961809454956e-13
1.4645385377972862e-08
3.401221986732895e-08
2.8630436866253553e-08
4.671087485518409e-23
8.442034078803341e-31
5.457079319914485e-23
6.883154330349831e-15
4.115020637730948e-14
0.004363537520245153
2.294209196980675e-17
6.721455609873521e-17
2.308575013268168e-11
1.6280864824730253e-12
8.113561827248242e-14
8.979354596100716e-22
2.1782143006802803e-18
2.3059697505276217e-13
1.0041239345582032e-10
2.9477118152132667e-08
8.098969628327479e-10
4.779419727765507e-09
1.7487763706653795e-17
4.544968086632627e-16
5.345812635675837e-38
1.507620689002374e-16
1.7639525731770442e-12
3.40514042750291e-07
4.0695486739731566e-10
1.844815162760515e-11
4.2593686555425234e-13
2.284591410263842e-12
1.3862551209583027e-23
1.118102569772914e-11
4.433860994555629e-20
2.2027360297018394e-14
3.8064201741844105e-13
3.141975338325208e-14
4.745248855837475e-10
2.851978993689143e-20
5.668181442859122e-18
4.6700483330740714e-20
2.59655283440307e-12
3.195676775648712e-19
6.921410869068162e-05
4.588589285323279e-17
1.456990354628937e-24
4.3600032596010636e-10
2.5930056561194348e-05
6.024528758338361e-17
9.200906338907271e-14
6.974999374125931e-14
1.252307173416245e-13
1.3565042417531929e-11
1.1086783136083023e-22
4.6437605963207805e-26
3.6468662979770804e-29
1.249454325784433e-08
6.046003656203361e-21
3.702138843371144e-14
1.2430188914324136e-13
9.42052176057885e-22
7.804198402178998e-21
4.807028995333036e-44
2.9137488314677793e-15
1.1292299267540284e-08
5.382829531175311e-08
2.9273882695990823e-18
6.585608002778446e-20
6.243340091738136e-08
1.0507752108361051e-36
2.9757001766428373e-15
1.0844933745834669e-14
1.0955371893560298e-09
1.0534270644415486e-16
1.7083228969382348e-12
3.0544497617350383e-46
5.455617015144212e-12
2.0811508492668688e-20
9.5647811717139e-12
9.654809435560928e-10
1.750264709416609e-11
2.5853701802065103e-32
3.166267706017403e-20
5.272980601622857e-16
1.3785037248875135e-10
3.859678952385262e-29
1.4363952054543242e-17
1.5227083028920953e-14
3.4487378652646377e-18
3.9928903829283606e-15
7.783355957168833e-22
1.4103937390788901e-11
1.1401319828864784e-39
8.185404801287332e-10
4.1179580132163285e-07
5.2569759515505145e-08
1.1781068600410613e-14
1.0684616059015259e-14
2.4702811687005035e-11
9.53634759339833e-06
2.887007877337329e-23
5.973999309508924e-17
6.995928492154593e-20
5.4786876457048085e-18
2.7775984075659364e-09
1.7574263503194267e-15
2.622131044221806e-13
1.4047287833520955e-20
1.236235310917062e-10
2.921249370198891e-14
6.642131671562401e-46
3.022249458867401e-12
8.584105091678527e-11
5.498183157162085e-20
1.1623148995509807e-23
6.887706617191008e-12
4.372830596120773e-22
2.840534961034117e-23
1.0066526074004387e-13
2.8981837571089492e-11
3.1652625196771457e-13
9.831091066862897e-11
4.145413970889392e-12
4.3269551176260665e-12
1.80787457901538e-15
1.2485048218416292e-20
7.722881128908557e-08
8.772191773688574e-13
1.1329333678713628e-16
1.61494348500707e-26
9.178171548346624e-15
4.082960957104927e-17
1.0250544582199993e-06
2.4035364499018675e-16
8.655132132540261e-19
1.0545362416542047e-15
1.2380386437497294e-05
2.390459730687067e-12
7.746531096460163e-14
9.132814510083234e-25
9.633709987879139e-20
3.263440607106854e-14
6.800052642736334e-24
2.5924982453824265e-18
5.02802702531682e-12
8.587631184708481e-19
6.252907012449586e-17
5.3726525190652354e-14
1.878648742110893e-23
1.0489737857310199e-10
1.1334988420452229e-20
3.539363670077394e-17
1.6874643563374642e-17
8.008017731921111e-11
9.943352125455155e-16
4.823560823374469e-12
2.485800810223131e-07
2.8653390984408073e-21
5.385507603086607e-13
4.241524781865286e-12
8.709519246393066e-15
2.6188785451475377e-27
8.671868141684905e-15
2.245333843306406e-12
1.0281301284634228e-15
9.500028887520342e-16
2.9569163701505128e-05
8.019808161785579e-16
9.403010077496876e-24
1.4103937390788901e-11
5.4762375946020823e-05
3.038626337340405e-13
1.2094939615075989e-11
1.252754802733231e-12
1.959658195812957e-09
9.182364350990773e-17
4.1934437382269317e-07
6.288909236116017e-20
3.9279842804292086e-15
2.556299225864966e-12
8.971295947219722e-15
2.5297812487004978e-18
1.1706977588633762e-14
3.6977671544462564e-13
2.204159390451469e-19
5.41731541389491e-15
2.5961181227874435e-12
4.707779732890141e-15
1.822282988895078e-15
1.7673586302392546e-17
9.784686056019411e-18
5.22249257396288e-15
2.4485061013022488e-11
8.826287169709368e-15
1.0450000108142658e-12
3.404801118577616e-08
1.500525894282683e-20
6.558110413424742e-20
4.09098687314219e-11
1.2962487642973776e-26
3.9592919842011895e-07
3.622806649119583e-12
1.2299781090434323e-05
1.6132874874492964e-13
2.89850570756193e-14
2.0469137819767635e-13
1.1516897747403623e-19
5.020914975584073e-10
1.8723934405510533e-20
7.126304331144529e-20
9.695589205255109e-12
1.7074609434457137e-20
7.356149507964471e-17
8.757187739310828e-15
2.1128778253749615e-14
4.494118156353147e-27
6.49755152904811e-18
1.0192424834507178e-16
2.447319682947082e-14
4.013253567238811e-19
1.147373077628126e-13
7.047247696629284e-10
2.381372208066614e-06
3.1593416531550796e-12
3.582170830194082e-14
1.4345492098403497e-17
7.492745962747613e-13
3.6717836480801994e-12
7.282964229312408e-15
2.1720967793163083e-16
2.6765390595349426e-16
2.0402745580895513e-12
7.251926235632416e-10
9.638370587762512e-13
3.294194039079152e-29
5.2633696177422813e-23
3.3160792635185156e-36
1.894296414427114e-19
1.6497777214942501e-06
2.9193811981659193e-17
2.7795614374993785e-19
2.337970313089319e-10
4.5571748722898314e-10
3.1328551555605796e-12
1.003517587898808e-16
1.5299481284075216e-10
3.1933054055125714e-06
4.286642055999885e-37
3.722908775515745e-08
4.487859865584296e-12
1.8315453172756098e-14
2.672109027311644e-08
9.121758521504742e-16
8.824828489284972e-25
2.0931088576158595e-25
5.982914911138887e-18
1.348326862686526e-15
2.528816705952309e-11
6.078346159214099e-16
1.1414949311617444e-15
2.84813533210263e-14
5.158393425702479e-08
3.0277766912120663e-12
1.2762301074333576e-28
5.866799681768453e-12
8.514079027136488e-13
2.3133121391537885e-11
1.9351866542704764e-15
3.7996468420006614e-20
3.5815387925699574e-21
3.3393527477185373e-18
2.0565373264415224e-25
2.2945268758838753e-12
2.7348098277742275e-08
3.708643413016352e-12
1.4912790958799835e-06
7.714995094276512e-11
3.0457238173652295e-18
1.4706207897622459e-21
6.781807143186959e-17
3.5068267039094626e-14
4.657114549570125e-16
4.5304666854199543e-10
7.40004521749441e-14
4.7722987720307834e-11
5.78516097621413e-06
2.810092354752664e-22
2.8483594938142948e-11
1.3170567720254901e-14
4.883772103183691e-16
1.569404158161271e-18
9.511122993825683e-08
1.4763588275766394e-14
8.779434989662445e-19
1.0353840416198951e-12
8.779364160887574e-14
6.37734645975045e-14
1.5300208171304128e-19
4.936963248512562e-10
6.863731886932398e-16
5.354620063568618e-25
2.418416975262241e-13
1.544051630459152e-13
5.279275413735368e-17
2.5904862480314098e-05
3.8847202561401453e-16
4.355730330007064e-17
3.192314907950017e-20
2.339046513131922e-23
2.06426206263111e-09
3.592148777155058e-13
3.797957162011669e-23
3.768994985535744e-20
1.5969355027376464e-10
3.720786505535148e-18
2.3152695921560216e-19
3.317822551160519e-15
1.3510484794553671e-21
1.2062251578229646e-18
4.429946655906446e-15
7.487476101513685e-15
6.6585898290734965e-16
5.883052663111359e-11
5.220694593929516e-19
1.961796459936698e-08
2.021074944530156e-15
4.3855586305750883e-10
3.5873867570879585e-15
8.218968357031219e-23
2.5047488801297567e-10
1.5334223532336968e-07
3.916980737758005e-22
7.46077155342256e-18
2.6932037631096867e-15
1.2088203019056946e-07
2.6535600760969463e-15
1.2276550950061059e-22
3.661867397975244e-11
1.6183261223912295e-07
6.635721924313442e-17
2.321526996227994e-12
3.908238213174539e-24
3.982035216483084e-13
2.488575772651553e-15
4.460447667676241e-17
4.735368709903755e-18
4.7655049313147934e-15
7.305345960641683e-14
1.8302176846435198e-21
1.3790173123423409e-11
3.8335657655760884e-08
5.58223873750576e-15
8.524580756395093e-11
1.0200764733370718e-15
4.143861503425551e-14
7.682280911109048e-25
2.6867161493895032e-20
8.503525150297128e-17
9.358846077574843e-21
2.0112314069591796e-39
4.806045673104062e-20
6.0465401866155764e-18
9.58673058283321e-06
3.730661223644694e-12
2.413688718861733e-11
6.90668889063268e-24
9.911186783459051e-31
5.883264959589476e-09
1.4663347427114247e-13
1.0348776221276981e-24
3.6468476763325093e-13
1.0738808906223107e-12
2.6927489540875097e-11
1.7547617478761958e-06
3.321635327597083e-18
9.865789069338651e-21
3.3248148292403804e-16
2.1792544783186535e-28
1.7559704481378886e-42
1.3011210498537974e-11
8.953401690504029e-21
9.650939291085536e-16
4.3429187487153497e-41
3.1571360605925943e-13
7.946587213677149e-13
1.1686323643082486e-08
2.8039441291025667e-19
4.189493277384443e-07
5.8975294462958e-28
1.3391593342667541e-17
8.103871145936999e-14
2.5604049977659245e-22
1.8418043421910557e-15
1.5186465309970913e-09
2.0216858054925878e-19
8.563343923137533e-09
2.1826012528956022e-14
3.0411740680692054e-13
5.0206458821938545e-14
4.142197158446184e-15
3.022828214307665e-16
4.8551695007317466e-23
5.9831541072488745e-12
6.774509088572768e-17
1.4568837746549432e-12
5.5496344644398174e-15
2.1051868760227644e-16
9.621901468546238e-12
1.7579537158734035e-18
1.6611453094678245e-14
3.162296694954831e-15
3.270620753122316e-20
1.198826333645125e-19
1.0021212353736369e-13
5.0023974476232854e-12
1.4395013418377364e-24
7.0034301351087006e-15
6.118389496730043e-08
3.22469423412694e-14
5.9425440613342826e-12
8.255245012224097e-11
4.487259346213541e-08
2.7184763065523254e-17
1.8619185260267139e-50
7.048419237617891e-13
3.9677578251933913e-13
7.774345537094663e-19
1.031448905924176e-14
4.271048042443304e-09
1.5112059035435086e-11
2.1530354210498413e-16
1.5188703085524725e-12
1.4380133747863781e-16
4.749023542584669e-06
6.160797774968283e-10
4.3958677843216873e-16
6.363375091352067e-16
2.7806691323347672e-11
6.272139364968761e-11
3.6555871650254907e-09
1.7941688268895293e-26
3.1109943492855235e-18
3.465587296929995e-07
1.2614661264500486e-25
1.7366617262023937e-18
2.2592541037712202e-17
1.5128405574567685e-20
3.981294932728698e-16
1.6757942670370547e-07
8.927211142373174e-12
1.5175442405735502e-16
1.4862700547901456e-13
4.010733166426037e-14
4.777423178354209e-14
4.641256320457941e-17
1.165683168280142e-42
2.435696999981907e-18
1.912449354727323e-27
1.1600426838175193e-13
9.889684942219428e-13
2.8367249952998768e-18
1.0465218074572375e-09
2.5095719922346265e-11
8.853201533325141e-09
3.3329140492971617e-10
6.669082172721142e-10
2.152056455939763e-12
1.4378385975573297e-11
7.893925375040851e-09
1.172173845078186e-10
3.9898330675465155e-16
6.594875526712041e-17
1.2163768038837442e-14
6.591624353206332e-10
9.951917108189163e-07
2.469866355979822e-13
3.630278874495272e-12
4.506671932671519e-28
1.7777463271562183e-19
5.972752963816244e-16
2.7124944555111586e-21
5.653836688508112e-27
1.1330871328064272e-16
8.375360178622799e-14
1.5560214035169669e-16
8.395046269682637e-14
3.9105075162222794e-15
3.329717337923283e-09
1.0368133142162353e-17
6.106114507780785e-07
6.378768991564438e-27
5.975279869066865e-19
7.10160304447807e-13
3.7527081210090125e-14
3.5838500925526936e-16
1.4511902993619873e-08
1.9170147603906487e-17
2.3531347236572053e-11
1.9701667452721607e-13
3.4709035251833943e-10
2.5273717806399904e-14
1.4893146358118597e-14
7.907326014936594e-19
3.4203448973939812e-09
4.51483426053312e-21
9.579537200010501e-14
1.3549960178157098e-17
3.1651194103726573e-15
9.789195501462414e-10
1.0679267321106312e-08
1.2335917212385921e-23
3.4342358085976964e-19
2.0927621774770025e-17
8.4186801848546e-07
1.4071739834035464e-16
1.903331262738603e-14
1.3647349535551852e-16
7.318066044049352e-14
1.3390533097407757e-08
1.0470019003332297e-16
1.8748800130917016e-25
1.1120596431576682e-11
8.75880834976128e-13
7.584411529142299e-13
4.8904976489687794e-17
2.9343004167164325e-18
2.8981738184728225e-09
3.146370436657874e-07
1.8737487977092608e-19
7.02232687832455e-17
7.43868598175819e-10
2.580575018302024e-15
6.40705008342483e-14
7.647884972321331e-16
7.619668905011461e-18
1.587288375147239e-20
7.161469765621443e-21
6.7644784393473924e-09
2.794237405856226e-13
3.3858932750592377e-16
5.816494754235947e-25
4.0490919730806053e-16
2.2099073249633684e-13
4.720380524975601e-11
2.2076163700236818e-26
1.631231955074686e-17
8.065254623345513e-17
3.690515993278906e-11
5.342978568278718e-14
3.149611072711222e-08
6.939200646974445e-15
8.081294869839033e-17
2.9472126435091716e-14
4.446783466730845e-25
6.27480822793541e-22
1.6011542061576132e-24
1.9086803072103117e-12
2.7276192144057755e-14
9.305452818156266e-16
3.2262981956955824e-10
1.5137691367059968e-19
5.496239172949289e-23
4.060326661585863e-17
6.38889643918811e-21
3.192229868716984e-17
4.472756913406429e-12
8.389954713395905e-13
6.390728309510162e-08
2.1321224382072604e-27
2.223109639309632e-31
1.2576889624433114e-17
1.2419066373226782e-11
3.309414385658307e-18
2.4736307892620557e-16
1.0626949670306934e-33
4.45417898948596e-16
1.3214409541391705e-07
3.3040314258514424e-14
2.2096328096508278e-20
6.337010107698367e-10
4.000672009232899e-12
1.0254627920738086e-16
6.164219818641004e-20
3.2882459424381755e-15
1.616620684985686e-22
3.8349924500803314e-21
4.871728146711154e-10
9.525923437104633e-12
2.916416726865894e-19
3.794764725964611e-07
1.1736340234994162e-20
2.303250121217269e-16
9.049089394914644e-13
5.6958348245452836e-43
1.8266195892194196e-16
4.888810790011428e-08
4.7458902101906993e-11
3.9654753919432394e-16
3.7385151407679303e-14
6.901221461160483e-09
4.850448188870737e-16
1.6742268299565374e-06
1.383909719606186e-17
7.958171054705945e-09
5.805275000476945e-14
7.250209488253005e-11
1.192257713137569e-16
2.4734315492366126e-16
4.9657628528753965e-11
2.0542185578877603e-14
3.319215479263707e-12
3.9842511582955134e-19
9.548399572466855e-11
1.5311022907153215e-07
4.777708884022689e-10
1.139262075845769e-13
7.254512001656077e-13
1.2343991188664825e-15
4.001705523805642e-12
1.2104341887011663e-11
3.477524406202834e-21
3.322864294540659e-13
1.0488424035899306e-11
3.968937332247726e-29
4.6187795187866733e-07
2.482599534651879e-13
2.288651808493986e-12
1.3029616900234754e-23
3.126582542695471e-16
3.4828533522974995e-20
3.103925583569009e-11
1.4242978863197656e-13
3.515175096355449e-11
6.211343670767279e-26
2.5479469177587242e-20
1.219791770757071e-17
3.791188076852928e-12
3.717397053735371e-18
3.9449467718746403e-16
7.75971258656457e-10
2.9909345837541154e-10
5.873519540911484e-17
1.1424690728265558e-13
2.7727843921424833e-13
5.900609054452636e-14
1.2538354138917688e-08
2.015243905949016e-27
1.727707487150525e-07
4.112727824333082e-14
1.063349228840662e-40
1.5780118738322146e-12
1.0131848183546191e-15
2.433758412895072e-43
3.488378314372218e-18
2.871500653089445e-10
2.1357169778882744e-12
6.373967016261522e-14
5.3067086808214016e-11
2.4675072992823144e-07
1.0462407962599422e-16
4.963770888008945e-25
1.97407104743597e-19
9.476682285707953e-14
1.48125219433662e-11
6.159657648444006e-10
4.8000709666700424e-17
5.5264489606682225e-06
2.2058056054357245e-10
4.108816291422599e-18
8.036661063140242e-08
3.361318491836876e-11
4.3760782731386805e-18
1.3927856168844318e-18
2.4369458781639624e-15
1.828488203701627e-21
3.4184051795845076e-11
8.083867831023995e-09
1.507308545711245e-20
4.465083284110117e-19
1.0645149700167928e-14
4.0195277798170293e-13
2.760862581692984e-21
1.1708148122467606e-13
1.4125615899391458e-15
1.834969123442987e-14
5.552108365448553e-14
1.0688438101189241e-14
1.9949479293880868e-24
1.0889927081616848e-12
2.624321074010333e-08
2.409103251991401e-14
1.354961635415554e-20
1.0896951892498435e-14
2.270565318864589e-19
2.6583400751614227e-21
5.015812048497915e-24
2.114784110809286e-16
4.513540695283065e-08
6.807597109769302e-08
1.0640615273654318e-09
2.85212860563357e-07
1.4590252627493521e-19
7.757897245211259e-16
1.6590968261574403e-09
3.16080804246706e-14
1.0314403040617514e-16
2.0767258756292402e-14
7.121646360310453e-11
3.3937295138619256e-14
8.950766420578871e-18
4.02221282496483e-09
2.4372409100858813e-15
2.577182587913511e-05
1.3895690758000786e-18
7.452428990012143e-15
8.730025503696844e-24
4.352265054668889e-16
5.634116990909622e-15
7.025381300365675e-18
2.2699837837687115e-16
2.457786707788061e-18
3.3060190144339384e-09
1.467843327520546e-11
3.16835005960465e-13
8.971455772408745e-18
1.027211672528482e-16
1.3802063746122934e-09
1.4105644650585334e-10
8.623611400294952e-11
4.659239877198976e-13
5.543515094254675e-12
8.523117091123869e-20
7.897471353484107e-13
2.2967864738170933e-12
3.6256233979327926e-17
8.513865055181489e-11
5.609058104741653e-20
1.353558803800812e-25
1.0193401751200756e-13
2.480530952264261e-19
5.804826661814397e-09
5.543987704308131e-13
1.1723615800601186e-13
1.281976864216454e-10
4.4322767594438663e-44
8.349581159855016e-25
2.433645938528834e-25
2.3487685676495447e-22
1.9820094105050732e-14
6.060791978962469e-08
3.4991335080402927e-12
1.8557704674173916e-20
1.133608571489051e-09
2.521712042912546e-16
5.952339693850828e-16
2.3582132690037765e-19
7.064532141778524e-16
1.2045388832459044e-21
1.7676765130744917e-10
3.633321931832475e-14
6.314735402995759e-16
2.812233363657345e-07
1.907675332101719e-14
4.183038723217926e-14
2.6342179093641844e-33
5.235116290772524e-21
3.5341892663568965e-16
1.9347410406609892e-09
1.1229607689471206e-15
1.778072294218493e-15
1.4996716262217747e-14
7.372085279042879e-26
4.1247691372635393e-14
1.5117131389184437e-19
1.012007669477479e-12
1.4169743949688765e-21
4.415841492112806e-18
2.36403629913096e-22
3.3820499683462985e-15
5.609120528818125e-25
4.15341779438413e-09
8.392625147511422e-21
1.6799167093767038e-17
4.006057045070365e-13
7.159459954573411e-14
4.1055749174726324e-11
6.825152839529897e-17
6.448517462439978e-17
3.629154723430861e-05
1.8408833097340065e-13
1.6484475815200404e-10
1.0229247328701592e-13
1.8055706592813657e-21
4.810933511480828e-06
9.29045701844184e-19
5.170970635034612e-11
3.700264786621482e-08
1.0921892334505047e-09
1.7560418910255072e-14
3.8487455584675734e-13
9.683949144601729e-14
3.7309409122970566e-14
8.952618106502776e-13
1.890232304852109e-12
4.652940875085021e-16
7.398906290225196e-12
1.573324611602466e-14
9.638795482785964e-11
1.4004009315592852e-25
6.6741451595196885e-15
2.398417299616651e-15
1.954310831294919e-09
5.4411625425105225e-21
6.069851458653625e-15
1.9984898064508743e-17
1.5407547957939933e-19
8.262007718041484e-46
1.4598548724296633e-14
2.511336212047373e-05
2.068564609349219e-23
1.0211074121391508e-18
5.7186113995177085e-18
1.1267149486645338e-08
1.6181020144262164e-18
1.5666161804201222e-14
1.8257892159153273e-19
1.9602031477135866e-12
1.8705588687570652e-13
8.265096701076259e-16
4.487148967274742e-10
1.573717764453836e-24
4.1540469210386295e-12
4.700317138264176e-18
5.233047114454152e-05
2.017409224135597e-14
9.10932893203506e-15
1.910562904094865e-18
2.463673833483415e-14
8.955024707562641e-20
1.1139274862542602e-19
3.745826710217982e-13
6.796580423669003e-17
1.396703790381595e-24
5.286700604412789e-16
7.83948262310871e-13
7.817763244114409e-16
1.993377982153519e-17
4.238937638921893e-12
5.554920257485977e-16
4.152130353967787e-16
8.61647880931974e-15
5.1838456362094905e-20
4.219467706422964e-20
4.1475413129936595e-19
6.657704404565369e-24
1.9009411716141648e-11
2.3018619538155734e-47
1.0235975841677885e-13
1.7111577319343864e-08
1.2495033659660067e-06
3.923600093393104e-13
2.7127954383990118e-14
2.986563334329249e-14
1.970274951792604e-18
2.9148553556124646e-18
9.644810566696647e-14
8.826125491871553e-10
5.95951840410125e-16
3.1604812714939217e-15
4.8662989663559676e-17
2.4193627018281385e-22
1.2359756279815135e-11
8.295633833783651e-11
5.517898440129409e-17
9.741669991366252e-16
3.1899161829592226e-07
1.0658650730329782e-08
9.615597132449327e-17
2.0074925103613363e-13
9.98748072045841e-14
2.1335551173379523e-17
7.483596021041482e-15
5.427671081701346e-08
3.7176280343161117e-20
2.2126542459042742e-13
1.4443891159431845e-20
3.4912187652134596e-12
2.5207592140493034e-14
4.1155520037105946e-08
7.654019712256341e-20
4.477044929321392e-17
3.7339761435457624e-16
1.5140168588932119e-12
1.3852303545513998e-15
3.111059201364036e-09
2.1217002820744025e-22
1.4077721172060415e-23
6.132744503901245e-11
4.190676559709619e-08
1.8164683751615848e-20
2.035655319849997e-12
1.2027778292877192e-19
2.0185744148464583e-13
3.691178165623347e-21
3.6893477173311956e-18
1.6262494294729497e-25
5.266931359444682e-20
9.4975843480695e-20
2.965826698324232e-14
3.2450099211816516e-15
2.647554266873254e-12
5.812850533817464e-09
5.713539624759033e-09
1.36724143343163e-12
2.733596527738775e-13
1.8353764806550396e-18
5.252558169388856e-20
8.420009237318537e-18
2.2098258164196072e-26
3.1373819308981224e-16
1.6481851088214432e-20
1.0415722074724032e-07
6.661119204285909e-12
1.2620670606684321e-09
6.250228642737044e-11
1.1423606666885938e-20
1.7719332255700578e-12
1.2982899762051184e-19
3.644759594769322e-17
5.287516841073012e-12
2.0087424919094447e-13
2.0504520140789197e-19
1.3204264390948564e-09
9.90405351582173e-15
6.343535273507756e-11
2.9413508285541244e-16
3.15371299328031e-27
7.668475179015368e-10
4.3238592502882516e-10
5.800655082468509e-14
6.6146709495322265e-19
5.1697707624384864e-17
8.96765535015344e-08
5.663921059865464e-16
2.7989908285118798e-15
1.5940000449657615e-15
1.4105678977952723e-18
2.412699543772814e-18
2.3953198219663497e-29
6.0225677110432975e-34
2.9571327209210603e-21
1.2976939434525236e-15
2.715780131524883e-17
2.4363634221752114e-18
8.129331949767379e-13
2.3585407549563165e-46
2.2244836457246825e-16
1.0860543166863227e-05
7.058187363599404e-16
2.0545534916013025e-11
3.707112235763436e-12
1.8992075850188037e-10
2.971931571480405e-07
1.2954943575163109e-11
5.7707358380209214e-24
1.4232212555252565e-16
5.675366253434769e-12
7.528826059762155e-13
2.3234805885448608e-15
1.9246600416859654e-15
0.0019429441474074632
3.718540088763399e-09
4.0756205563457135e-15
3.1768962898287227e-25
4.931422278833936e-12
7.773129328684216e-12
5.8144658996634946e-08
4.777319232427792e-14
6.83262274561359e-16
8.114388385462903e-16
7.35086549833538e-12
4.61255575357465e-21
1.9795194841235014e-14
1.780861767416623e-17
2.401237311410002e-08
4.9582325890860267e-14
2.445724709000075e-16
1.4291462601031195e-13
4.897268299093236e-17
3.111021056982351e-08
1.2082814964183038e-13
3.568079903180439e-08
1.7929428064701878e-16
2.712797857600409e-19
7.295998456890345e-10
4.003221556801506e-21
2.665864607608223e-08
8.290015185928238e-15
9.136834808752351e-11
7.555447066158748e-15
3.433819332353506e-11
4.242189541652792e-14
1.5243172712119067e-23
1.8308057090776023e-18
2.3222646703758974e-17
8.193454306171203e-17
9.009387704403934e-39
3.4276189792460865e-15
3.741315047804363e-18
1.646634122391485e-14
3.654986899563936e-14
4.140003980649007e-15
1.520881966218207e-08
9.795242388286746e-12
5.212540160866151e-20
5.331361051393864e-07
1.2034640019458775e-12
1.5153498963614952e-21
1.1728964548409222e-14
2.4298240080869224e-16
1.6414859458143156e-12
6.980923718260496e-22
1.071137645811768e-23
1.0657078310702867e-34
2.589088606223706e-17
1.1758999271163726e-13
3.40199535968447e-10
2.809373574575407e-13
1.0288645948375043e-13
9.29336732329677e-23
4.374858113298147e-09
1.2544386383446952e-09
1.0851948293348397e-09
1.516548436581037e-12
5.317318529687504e-31
1.9930834483440507e-17
9.761156899062727e-13
1.850014668683073e-18
9.607714129843795e-19
9.748152918409835e-12
5.929001618972628e-18
8.200118072989749e-11
2.0036767076905736e-09
7.376000235144893e-11
1.2541468485261688e-14
1.9514692756682537e-13
8.175652123277821e-14
8.348142234372165e-10
1.1125478661533445e-12
7.44400314685228e-14
6.812767557404615e-14
3.6243868757100895e-14
7.346501652181967e-09
8.753635948492154e-10
8.5048304592178e-06
1.373642605319276e-12
5.721901880881251e-16
3.5573765582271036e-12
2.4031865695000562e-09
7.062306175029406e-10
1.5403530789130504e-13
4.1060848062524946e-13
2.211749038216954e-09
2.6265613164626605e-08
4.12530308496731e-07
3.9433888101536284e-07
1.1006546120025712e-09
3.9572514504439745e-16
8.108958476140953e-07
5.702172568239335e-17
1.8521734208050704e-09
2.564265545303973e-08
5.47919386942365e-21
6.392538575181503e-14
5.2790012674546535e-12
1.2300334053496088e-08
4.45059174972152e-10
3.237881081220469e-17
8.735876297938061e-12
2.325733906996312e-12
1.8721601481876473e-21
3.2994458180643725e-07
5.099191660149099e-13
1.7920976603583012e-12
1.4597797486779135e-11
2.139966005837376e-16
1.2658359489824857e-13
1.8654488082961236e-09
8.19069140959461e-08
3.879706012850118e-16
5.924373239449124e-10
5.272980567899324e-35
3.1592246204399875e-13
1.112649090473683e-12
1.0608130164445754e-11
6.19272180598954e-14
9.811531542167877e-11
7.445485290586944e-13
4.207221017635759e-20
2.4127941587171793e-19
1.1994040169048184e-16
3.4137874506634984e-14
1.4535914383163866e-14
1.3760088640990085e-08
6.086872689821529e-10
6.164658436199244e-10
3.833715074685199e-08
5.349887620650176e-12
9.705924390220194e-12
3.5310550933018873e-10
6.931307017569364e-12
2.0514337899581458e-15
0.00010329874828708868
1.2967505907454123e-15
6.008898334582592e-17
2.3000095100732625e-15
1.217813565101375e-12
9.70681803946883e-09
2.233880791906907e-12
2.4186212057595306e-08
2.118657814249138e-11
3.5713140932949214e-31
5.1679592204125356e-17
9.338182063579364e-37
9.296664915746956e-10
1.9218475630010202e-13
9.181520507035718e-08
8.964500295762364e-20
2.3598492177938267e-09
4.10216182958673e-42
3.431546366210583e-10
1.57220568227404e-12
9.888141242898102e-14
1.38717622159214e-13
3.056848645252994e-12
5.919390819556754e-13
4.0311077765662375e-12
6.65899488220215e-18
1.1184373463771342e-20
1.7495558860220993e-23
4.953500946357895e-14
1.9818707525455457e-12
7.776154210744575e-22
4.529751238682046e-16
9.660384627039668e-08
7.544169565408209e-17
4.378352158120515e-17
1.4642443636893088e-11
4.604726189225602e-13
6.06626290483544e-11
8.434244337484311e-30
2.011237192489899e-10
7.897153224090299e-05
7.589836982308578e-07
2.7426183050490737e-17
8.112995309509642e-10
2.006180274966689e-14
9.003782069164481e-24
1.7347573156820107e-11
8.76686895481145e-15
1.8780832023169333e-09
2.678678217843459e-16
1.9392077099616946e-14
8.726936517072344e-15
1.7583207259370843e-15
1.5430397541156508e-17
1.1484834948138252e-08
2.6974468389013912e-22
2.7347819917492993e-13
4.453518208253726e-16
6.729266093073616e-11
6.06740311203947e-10
3.1306318293784e-14
9.288974702884187e-11
1.3723108313062405e-14
4.161189937581739e-10
2.0624353207492185e-17
1.2014070142349056e-12
4.3065596120578587e-11
3.912548050881615e-11
5.362278008166181e-08
4.54449550918807e-14
4.223619271945122e-15
2.587951839472981e-14
8.227788145016118e-17
6.355282918822189e-06
1.630722363201188e-34
3.605853620683696e-14
9.015355124148106e-19
1.0527777901487441e-18
3.27896054348475e-18
3.389187310596064e-20
2.383559051925526e-21
1.912235059295071e-41
1.8933280307635207e-12
4.4937431930902115e-08
1.0206560268232933e-07
8.462331693470762e-13
1.666344591916257e-17
2.4238701712884305e-09
1.6585423134873016e-20
9.204047161219706e-18
8.323953276636657e-11
3.5536672662801514e-16
3.8190561508399266e-16
1.2795184402770884e-15
2.150817553201187e-10
3.05168932953856e-13
2.6994214190848598e-16
1.7255128089258367e-16
1.6011831842820574e-25
5.333110508937234e-14
1.1451617617092314e-07
7.045684981015026e-10
1.6256835938602396e-12
8.000598892407205e-14
1.6705040579631885e-20
5.063564547443474e-11
2.5484730886069983e-15
1.169856265260731e-14
1.7816655606447224e-14
3.432402261958329e-14
6.078068575708278e-16
5.6220910745095704e-18
9.124674860502933e-13
1.0310699736657735e-17
1.6178290931328594e-15
1.6859022833576213e-18
9.56179438655042e-13
5.793118670733296e-11
8.430349145293317e-13
2.3898606981928664e-09
1.0785779213032583e-09
6.159571541180262e-20
1.929829988940952e-11
7.778209369574114e-15
2.510973978046138e-25
2.8688110604787386e-13
5.5870269349117057e-08
3.102769538036625e-16
4.0397598870146254e-13
5.203127838252315e-14
3.99270515994736e-15
2.4564543958376957e-09
4.74496980907537e-15
1.0337223530871468e-09
1.6111703678257183e-06
5.929343234575905e-18
1.573210924748546e-19
1.1304181352932287e-06
7.12556168253122e-33
4.840981885387707e-13
3.94479584692454e-29
1.4615224074859392e-36
2.8379930774737224e-21
1.4289793661221211e-24
1.2003546205224716e-12
3.195944344890349e-16
1.5286681901732084e-13
1.3234881797369075e-29
2.5400874118110202e-15
1.7331662858751177e-15
5.041509663086956e-12
6.759927483784583e-11
9.82942257629668e-21
4.351346094349407e-16
1.317501186663482e-15
2.059008082906552e-16
7.875829219497585e-16
8.513318833236155e-24
2.3708936178878737e-26
1.6883441697400202e-15
1.4745600910113789e-12
5.262665188857979e-13
2.0077672930109457e-18
6.997002338599167e-09
4.370922080249895e-17
1.6165123639513823e-19
2.505012200331439e-15
6.480056764727703e-16
9.513703093435293e-25
7.068367870497023e-18
3.4721862393408657e-13
1.8548160794070506e-18
8.236683580347043e-06
4.028150312191212e-36
2.592825517880058e-18
1.0357614372095321e-13
2.293054516891862e-13
5.072437782543362e-21
3.909140103119636e-20
7.317682063460514e-17
1.1084228666416689e-24
3.171361551483795e-14
1.1926321234329912e-16
8.079369963429382e-21
1.077285336998678e-15
1.563531387098703e-17
4.4106392523345144e-20
3.2271697662144415e-07
5.291591988497235e-17
1.4914132430555986e-26
2.735310857287043e-16
3.807600090458225e-16
3.943951231453675e-15
2.3253506761499084e-15
6.053612311187417e-13
1.2961386353287995e-10
6.078976576609866e-08
9.84884607687303e-18
1.0273407694049114e-20
6.699984390512822e-15
2.16894967725007e-08
6.530476641302767e-15
7.109827195101048e-10
2.7724006476931162e-12
1.627205070829054e-16
5.415668688709088e-17
8.856613870351995e-15
6.781715622137219e-13
1.162026373928823e-06
2.470088567343036e-25
7.585562523341278e-08
9.523146430091933e-21
3.1089320021076874e-17
7.905119949434081e-19
2.1632726353703436e-26
1.0133273303761281e-17
3.964612094954279e-11
1.1266460683640265e-11
1.0728959218620573e-15
4.003641156104403e-27
1.4073927609033804e-08
1.0635589029721204e-24
7.455975693670918e-07
1.7149582919135894e-18
6.89193388805846e-21
6.026218825099463e-16
1.1619345187384049e-11
3.3055195985666884e-13
3.335036086904594e-10
6.321398612067536e-16
3.823263351824101e-15
2.2384124176803036e-15
1.1488566123508022e-12
5.4627022256017145e-15
4.344908360508611e-17
1.8992169746311263e-14
1.1552850458256071e-09
3.360055798977695e-07
4.047969020132166e-11
3.805503863155773e-12
2.4843765110353246e-14
1.8567896188806437e-17
1.46763141093987e-05
4.8240561629119925e-11
1.5202644105502916e-12
2.0113939785955426e-25
3.264575764008667e-13
8.239925140013775e-13
1.1706279553573087e-23
8.662112358752639e-22
1.4315447568604546e-14
1.223959735270524e-19
1.3798605789123037e-10
9.806919989424819e-48
6.559147941930575e-21
1.411255632396907e-17
1.2077494759036799e-10
1.896855785025072e-11
1.0814425269536744e-15
8.372115051874065e-21
4.082389012141555e-19
2.4921517629619246e-16
1.7773280852808982e-17
2.4525824028350605e-16
1.0106463057413321e-08
1.0149259853741478e-14
4.4988690324293816e-14
4.6384019857895125e-18
4.777003025259458e-12
6.57158184983085e-17
8.395625246862613e-15
3.4862106905578124e-12
4.019839698682641e-13
3.749719788992649e-18
7.57147511751539e-16
4.537645496662828e-11
1.649308884736205e-17
3.6929095416007075e-20
3.1524022575764846e-09
1.5371017730951235e-18
1.541168419933893e-20
1.2039248776735595e-14
1.19117194630293e-12
1.2004870087291995e-20
2.166389054529623e-09
6.158295504852006e-14
3.543271992996862e-12
1.335324174332186e-19
8.084322491157997e-09
6.989314252802003e-07
5.244101048340538e-06
2.4744201046708197e-14
3.605319490250761e-18
1.0380257785294221e-12
1.777595916276056e-08
4.591675698579216e-13
1.850609933283227e-09
2.21349298935047e-09
3.305458496539831e-11
1.2037592663504162e-12
3.5036205060053807e-14
1.1627940460487101e-09
2.502538284094363e-19
4.221155263338035e-11
4.807971422673792e-18
1.0884700522727997e-16
2.835429812105855e-13
6.221804332582639e-15
4.385918867111325e-22
1.2693919381195602e-27
1.0826609740877209e-17
4.100800598123175e-12
1.9040091780348696e-17
5.641756625471946e-20
6.704727120474172e-15
1.4145837446098813e-11
2.637296226281052e-22
4.499052896736582e-13
3.922696482684439e-21
9.099822940239414e-13
2.8440316605613543e-14
1.2142191981506664e-19
9.008653196484422e-16
1.8651067211948765e-10
2.9136887959193157e-16
2.215957955812085e-10
1.0373641820207568e-13
0.0001124176004183056
2.9333457342280207e-07
2.0906427122159835e-15
4.1807430862588473e-19
3.52792224604948e-15
5.648460354209786e-14
1.0891695965858088e-17
1.1003849450099465e-08
1.2545748221358842e-17
2.830428941277855e-15
3.163903936087078e-11
8.452495253556115e-16
8.20125992354937e-06
1.9187298258987517e-12
4.2492994349036216e-16
3.920615100269639e-14
1.4254573629906313e-14
5.473657260232648e-18
6.181808638905531e-09
1.60834532412394e-13
2.4640691049673306e-19
2.0582693159102624e-12
4.1343442964396446e-08
1.2948119557278386e-14
5.610438555729705e-09
6.135026007188038e-20
2.402206333636779e-20
5.663864714554138e-18
3.369038082370621e-13
1.365949518177318e-16
7.875931608164493e-46
5.2015068576273544e-20
2.321223128296893e-08
8.97436545162019e-09
2.9337133845591197e-15
6.529750688390702e-10
3.928870141773206e-18
2.7841743293104543e-24
8.750020520667928e-25
4.360112631918919e-16
3.3041887881331417e-21
8.0638724417009e-15
1.3565783329623565e-12
1.1690593248078241e-09
7.868095380232287e-24
1.9875718540309176e-15
1.0121958708168048e-12
3.0684935340630395e-12
3.98276815575342e-23
8.392769890897533e-14
2.7745926591182727e-15
3.637337162729614e-11
4.6332059868973084e-15
1.5580755799603252e-08
3.6213795394229476e-20
7.56350113783619e-17
4.623750847627954e-11
4.118339872259799e-20
2.077661219369205e-07
2.3677414636312104e-11
1.523272421069438e-11
4.256247310348775e-15
4.626567209517902e-27
0.38111206889152527
4.719004286196977e-17
4.042785873822619e-13
8.861413825907728e-15
5.93303368593138e-22
3.627167520607634e-07
1.8467634334984654e-11
1.82201055040752e-15
1.695984068610718e-20
4.940439418164634e-20
5.164036565359466e-16
5.727549880850231e-10
5.4102010263446665e-17
3.6278692889128574e-09
2.3617789777595184e-17
5.583096648765059e-20
9.300472257769145e-18
7.994241365912883e-13
6.957178225760866e-18
3.343041276541502e-10
1.843089286310885e-17
4.754616681446584e-10
1.259847430885343e-15
3.544921915322334e-17
4.8891741878073664e-18
8.691667200536514e-15
2.609476982168059e-18
2.6901460982937496e-13
2.6107533145867674e-17
7.493591416557351e-11
1.0085446715055513e-08
1.1673804737241884e-19
4.070207281069031e-24
2.5933521687967394e-14
1.7796031152448114e-17
1.0431260058318978e-15
5.33496990833189e-10
1.0268996235429095e-15
8.957800091253161e-19
9.749968322019684e-19
7.141437958611442e-17
3.040533367052142e-20
2.519574679330686e-12
2.6744595322761643e-19
1.226952475762564e-09
1.2270615525750916e-05
2.844505565916359e-15
1.4265301212741095e-16
5.290261399653704e-13
1.991727399722256e-11
1.241655617384796e-26
1.1626720230286627e-16
5.095861871465903e-17
8.100680832505686e-13
6.982019602505522e-14
2.3718073781169763e-15
7.168912468046163e-10
6.294429615243016e-12
2.077469644772211e-15
6.059506357069545e-19
1.5570483088170518e-14
7.835780588369155e-06
1.0372832168947723e-15
5.124152359430853e-14
3.5910547326464126e-16
3.3993854585964554e-12
1.9669593573734088e-10
9.166295031910183e-23
2.953962755995029e-10
2.358296799147354e-14
1.5411970844353094e-07
1.6619043758093368e-06
1.2182777817390253e-10
4.59575976191187e-11
3.0764782870536477e-09
2.9695879569009734e-20
2.895072366955573e-06
1.4925588491488945e-24
4.3482162441234275e-21
8.07532095313072e-18
1.0786030972637293e-14
1.1082578392644716e-14
1.8357996657783095e-12
2.5640397545415132e-14
8.288507055783022e-10
1.496078365981211e-19
9.493388338526512e-18
3.167598062277242e-22
1.21876373856166e-16
6.15447757334049e-18
6.106128838553893e-14
7.090297021234437e-16
1.69928476788397e-07
9.53362232788505e-20
8.925638913879046e-10
1.628719074948629e-09
2.0257426822935764e-14
9.360750957878251e-10
3.8514384403768266e-14
8.31215623354427e-12
1.4927570005667827e-09
9.449047101921826e-17
1.1268176500140361e-20
2.9830715161502125e-14
1.8492636700667774e-14
1.3577660255862902e-24
6.879675647621335e-53
9.482555511674075e-11
4.769880632346207e-14
8.18041683375625e-12
1.6383456314386016e-41
1.6985607256454573e-20
6.26987759193137e-17
1.6404108792509947e-13
5.0408132227820467e-11
4.802852879234209e-11
4.4646410549837494e-13
3.02541012299809e-19
6.739462397477117e-26
2.1144826403424455e-13
0.0020734314234792245
4.050079868211068e-11
6.20884896196216e-08
3.7251581921599686e-22
9.879415305569782e-13
3.69966096628676e-07
1.4171356296965833e-17
6.728163491111662e-18
3.357251452880319e-15
1.790485787023365e-14
1.7432492161620433e-44
4.254121161759804e-27
3.544166710517995e-11
6.218948786064298e-21
3.716411880649971e-20
2.985874450741033e-13
7.649998553273412e-28
3.3080855181194388e-06
9.973905466487565e-10
1.694778994747495e-09
1.772282373310493e-18
4.7902014968801776e-20
3.352321999142403e-17
2.4470688421239197e-21
4.8052405845804134e-15
2.185875913904069e-19
2.7219271836764237e-15
2.000316476545854e-24
7.040661079627777e-14
9.80283560900181e-22
1.892888444691909e-12
8.809075226697734e-19
2.28761192510696e-14
6.455982373987508e-16
3.798857464387804e-11
8.995054797002947e-12
3.4674866257718966e-09
2.7267729454982534e-26
2.5158275877177432e-14
9.248667116190609e-25
7.905862034352194e-15
1.745671726257098e-13
3.944193252725845e-14
1.5525847070236654e-12
9.062978105965393e-19
1.5101640506018159e-13
1.7138229311309647e-14
2.9229758208151844e-28
1.9037013836840527e-12
1.1215688449331273e-14
1.4704142445470046e-19
5.3485217029768585e-14
1.8857049064665278e-08
5.120119940926336e-12
8.683607415988197e-12
6.825359866997386e-10
1.9660383031929707e-10
4.636895246217136e-19
4.019058360402908e-20
8.162743881810609e-19
8.827887375964663e-19
7.217678352691315e-09
1.1822757140993515e-15
8.268416330411321e-23
6.858484998557478e-23
2.3876053502102613e-14
1.0541176632900677e-13
1.2063603581092747e-14
9.828976141401616e-16
1.0049484700854677e-13
1.530030698462938e-11
2.251446310399371e-12
4.774572449423588e-07
7.542266350006044e-11
6.945747732319433e-16
4.1076742632265443e-13
2.365063877901166e-15
4.312265248224676e-07
8.374428944594792e-20
2.614836690781509e-12
4.224070831736524e-22
4.362855738374259e-15
5.1215310230564226e-17
4.275046050185036e-13
2.344470019077551e-16
1.6828107250322434e-20
1.6543729337988924e-14
1.2725460719897612e-08
1.032834638496803e-15
5.297559484069809e-14
1.169004267125957e-16
1.1457597546451919e-12
5.304003852043218e-13
1.0541591452887682e-21
3.0868727223400446e-10
1.308874458726035e-12
1.3405340755856483e-13
1.7008444821528861e-06
4.1644337017365197e-14
1.7886167965711664e-09
5.770943988663531e-09
1.54127622777063e-16
3.441178878396453e-45
2.7376178955494525e-18
3.252185847646964e-17
3.3061673910021268e-12
1.3971420251266145e-10
1.0551662813944967e-16
1.0821291651548461e-19
2.1253717093098836e-17
8.077426321576595e-16
1.7628505133871028e-15
1.1468131478967079e-11
4.039937781579122e-21
6.551820381089524e-14
1.1811636991615586e-14
4.215330236339493e-10
2.0655236384840823e-31
2.2519647912000857e-21
3.621563879256771e-20
7.267995430807488e-17
1.1795384763842734e-18
7.806957063463343e-11
2.9019117952732867e-21
3.632968269166747e-09
2.362372413158936e-10
4.126044686014036e-15
9.035648135583971e-20
3.277653268090721e-29
2.998177838182279e-15
8.480260809631162e-11
2.1715335087349664e-24
4.5514781886475205e-12
0.00255100604616437
2.013996510776839e-20
4.520439239176821e-15
1.6234042919064899e-13
4.2538586771762993e-13
8.418358192007954e-16
1.545525343018985e-22
8.520586229609266e-17
1.513516456081275e-11
5.238731343129119e-26
3.8852367799592607e-10
5.1899694435757885e-15
2.2588338726596e-13
1.0729306422431548e-22
3.523125593068919e-23
5.7882726550639585e-15
2.65192299259103e-16
1.1823240813895345e-26
5.766097636594764e-17
1.2358668264666092e-43
2.9722585727820097e-09
1.5994851005177197e-14
8.012986062985533e-09
2.0216009432466637e-19
2.3516203439656413e-18
3.1115504738719116e-22
1.0455820734745465e-16
6.58567348262931e-15
3.723423611941066e-24
3.2001586603321466e-09
1.2485301963569932e-14
7.266309188944144e-07
1.1008525839182106e-23
9.565701402890432e-12
3.8702387990308915e-11
1.0343746959756252e-10
1.201019273436502e-10
2.7478656054362585e-17
1.0068454936657568e-09
1.589327066104284e-08
9.512153331034108e-13
2.6339880200321522e-21
8.943943851467616e-34
6.297932961591173e-09
1.4891515648508826e-14
2.881628881495641e-11
3.913581198424509e-17
5.598035164597664e-17
7.28092754537942e-16
5.016280107913592e-14
1.0658767070410154e-13
1.075353909708409e-13
1.7388545269676092e-13
4.846018348032331e-10
8.497424474825528e-12
1.2941610852787167e-14
2.655151532812272e-05
3.1307151588543303e-20
1.7693417248719225e-20
7.904631005714449e-16
3.135675517763797e-17
9.541950857952849e-12
2.079234414801636e-15
9.042039666499061e-18
2.357948307882368e-17
4.034632185245003e-09
1.513000307247586e-10
1.9688861765647838e-16
2.642834098111185e-10
1.520778936882869e-22
4.73285193395571e-10
1.1141477256996474e-13
1.5986812360886591e-12
1.3022406944602293e-14
3.66062929788836e-11
9.61258885214502e-12
1.5331518847309385e-16
1.5209041086359984e-14
7.540697098974782e-10
2.196112373094256e-15
3.04782527248997e-25
9.584911225259175e-21
3.0657929812911356e-12
1.5863859086737803e-17
2.1940715194493188e-09
2.8193207206228885e-14
4.994281034342716e-21
4.7061809989165053e-11
1.3585301563203832e-16
5.02728759057367e-19
4.513155569109171e-15
1.1679076483719028e-11
1.1873007389686347e-10
2.030838368120074e-13
9.168227845776677e-19
4.29570017988418e-15
2.1780616156476455e-22
1.1031498285146919e-09
3.3761660050773397e-19
1.0497243809899362e-14
1.0723812898784813e-15
5.109068289678234e-15
2.4031948542504852e-19
9.391403917096184e-16
1.3288446251655723e-13
0.00017268254931361582
5.7370174500612313e-08
8.33229490221927e-17
3.084731828772074e-08
4.533849930736257e-20
5.4419926496891954e-17
1.7052525673873315e-25
2.211107904719506e-09
1.067323110912207e-12
5.760724420087376e-13
7.707397677923157e-18
1.0016289276837181e-13
1.6664885591223467e-14
5.317006145134943e-10
5.716371384682899e-20
4.5718742583096614e-18
3.4687865280059815e-10
1.5242308088154846e-12
1.2909917059410992e-11
1.017979889735644e-14
3.166756224789124e-06
5.591666920625438e-14
2.1210052618603962e-13
8.402586673227201e-14
1.3772897359422478e-12
2.007191190069061e-11
9.143979639627672e-18
1.4960518276235604e-07
8.562551751699668e-21
2.04204597142032e-10
2.9406406709555455e-22
5.672786786714361e-09
4.639073896139029e-12
4.068163470722591e-13
3.0381411207730234e-16
6.181940331517045e-18
4.6216033129066873e-10
6.660444331940784e-11
4.648809249672407e-16
4.999267936499059e-06
8.334969454791825e-13
4.01959073415648e-14
2.0213121763476887e-10
7.69790044437376e-11
2.2268334448426334e-16
3.831105481696911e-14
1.2688295447513607e-09
1.888163020320443e-11
2.9819188205934047e-21
8.272071247646415e-17
2.7448583830753838e-11
2.535321325298952e-27
7.790718410276422e-22
5.281095960427845e-16
6.135367331094901e-13
2.729427668354305e-15
4.528888051475109e-08
6.288417288355146e-17
2.422991710609152e-08
8.635439432264454e-13
5.8261635154738826e-18
3.6485790467859284e-20
6.428940651470166e-13
2.93289176709062e-13
4.681296124996108e-09
4.7665842366134256e-14
8.430532584940951e-12
6.702661671681545e-13
5.755821215863685e-18
1.1360629258175124e-46
2.844975945980627e-24
1.0381467934204234e-18
1.6591641814584782e-12
8.206648881551386e-11
2.2232116180342785e-16
1.2812852941366274e-05
3.0096592868386226e-14
3.639754874122712e-08
2.5597175552587253e-64
9.042891077071377e-08
3.091960752461835e-25
2.2007366315725614e-23
6.2639295703381345e-06
2.2176599450748665e-05
1.3067165272382154e-15
5.342040868199701e-15
3.0743843695823066e-17
2.604562581415688e-27
2.801645323350426e-31
2.6252347000429698e-12
1.7305537973348315e-13
5.875786792801551e-17
1.719882560516109e-11
8.45845195834569e-13
1.8089040509433696e-16
5.403296747088025e-16
5.988489477354209e-20
4.3122955130840504e-15
1.0232916409874755e-10
2.0770425274429336e-16
2.272340784101129e-08
8.601895749935262e-23
5.867749941392888e-25
5.797084146810826e-35
3.1004441257598055e-18
3.210676543785633e-18
2.844141665412479e-08
2.97502606769389e-20
8.103222519603812e-06
8.808769781857899e-18
8.438491584615561e-09
2.0898387982752013e-15
9.142496289158504e-14
8.849490316688089e-10
1.7606631325639676e-12
5.587028137195116e-30
7.59457782888487e-05
3.211348919270484e-11
1.1786374014146733e-05
1.4150855131504786e-08
1.9198678697054007e-19
7.448270336805812e-15
1.1762237342908925e-23
2.0457423393293585e-21
1.3358341396913663e-17
4.2181486827974205e-09
3.962872770941014e-13
3.2619778497114426e-20
1.575490032318632e-14
2.543209482176032e-14
5.965490599596033e-26
8.772208453774578e-20
3.109020444417339e-15
1.7944435960331703e-09
1.0056426716256613e-29
2.30689334716787e-15
3.897760385138653e-20
1.640371865333521e-10
5.106225929979102e-15
1.887289232302054e-14
1.0922280878536028e-10
9.009205344713615e-12
1.0567945963586476e-14
6.797219524720252e-11
2.200440262620779e-09
5.687818412697407e-22
2.0208060279617374e-15
4.1954626303237436e-11
4.758075503809419e-08
9.271262084264395e-16
1.7827702676191558e-07
1.7233961159568742e-13
1.6301763551483303e-08
1.9963364691124678e-20
1.038241239608216e-18
9.602654536081215e-16
1.3309241297783747e-14
8.57428394883428e-59
2.940178495747871e-14
1.2584583514088885e-22
3.4257313459376455e-26
4.4718363758462256e-10
4.5480917697283897e-17
7.143335038439295e-13
4.735507607980244e-13
1.7776237302549383e-09
3.318169491409981e-11
3.213893300997159e-13
2.6541014931239365e-15
1.5036462923119227e-17
9.877097482612052e-11
2.854791887812158e-29
2.097464912150628e-21
5.50024035141367e-09
2.026025684762577e-11
2.746096975582546e-09
3.9705737893225516e-11
1.2259595302399928e-16
2.467513881378639e-13
7.718394302758703e-07
3.432565480967267e-18
3.786147842547183e-17
7.585536956447432e-22
3.463717782079784e-24
6.060254973955474e-22
2.1677677194817282e-10
1.8163943392761348e-10
1.8227751312375617e-10
9.195414130315069e-24
6.469739471407892e-20
6.189910785941138e-09
4.1454841280580653e-17
3.038407485028006e-29
7.046941639607673e-16
6.168335919201989e-14
1.1973734990885164e-11
5.978938529811436e-20
4.4540685741019325e-12
2.1376250725929908e-13
3.839390456770128e-05
2.473254851337207e-21
9.566747292557505e-08
4.1102985913634364e-10
3.263271866329363e-13
6.25056398860758e-17
5.783448160732707e-05
9.71315169934522e-14
1.2427864422303126e-16
4.215869027910268e-15
1.0101166899527032e-21
2.1864425755361925e-06
1.1232628196663973e-09
5.253748641614388e-26
6.394823452501705e-07
2.673517548976461e-21
1.7704541876113413e-07
3.6830802842181996e-13
3.336328430684976e-09
6.276024058396968e-20
3.8113292378377596e-15
1.4830587462519536e-12
1.4927721308344968e-14
1.1415448891701988e-08
1.374585177953054e-34
2.3734991935778564e-22
9.839282382469658e-11
3.6557060626402907e-19
9.728943536745821e-14
1.9446705512040542e-27
9.215493411472765e-13
6.565271163283261e-14
4.887535071579947e-15
1.8393555740018623e-10
1.0904480338607329e-13
1.621403515797688e-08
1.1670479584176385e-21
4.2527665024683205e-12
2.4984649231493795e-14
8.735684065244807e-14
3.503913714903971e-20
2.4584657405336045e-13
6.243140271440336e-42
5.074675419605494e-14
7.826004472449072e-11
1.0384349759886105e-11
4.418507633595804e-11
2.901597506353701e-17
3.526240933195054e-20
4.611283653906449e-21
3.947242700251463e-14
7.123281291772397e-13
1.636126220116271e-52
2.7419338443049805e-25
1.9561029827913634e-18
2.70641244311533e-14
1.0718297696457753e-23
3.384203228037606e-09
3.890589445099197e-27
1.2851619892079865e-29
7.261448295863701e-16
5.596366173831623e-15
3.5557138594064927e-09
3.0990642325008563e-13
1.618081779642425e-18
4.2958796417877225e-14
9.733478829045863e-13
7.173992107210297e-21
5.652188242085252e-19
1.8090110682104343e-13
2.532761353808775e-05
3.795323709537878e-27
1.4700213264243997e-29
2.397881097631409e-16
8.857464692606507e-19
2.7736289790767277e-23
1.0086367400161184e-10
2.258436956145614e-19
2.5316373953507206e-19
1.0139941251863885e-17
6.407127532975526e-19
1.5598236176167433e-16
4.193830414292984e-18
4.396190632790826e-06
1.0601504406577896e-23
2.5174814068159245e-14
2.749517227881728e-29
1.360888851920242e-07
4.5813293785113545e-07
1.969005274704184e-21
1.8643818370860638e-19
5.483615967423804e-28
2.791026929956441e-07
4.951706150047023e-22
3.701031972779584e-12
3.1648848519036846e-05
6.076259608891821e-19
1.3477404937541413e-16
5.489373278153135e-39
8.981981285544812e-09
1.1442070925930358e-16
2.048211129141466e-24
1.5836982111500901e-13
6.940793210156704e-22
9.551605937948811e-11
2.077216656868906e-24
5.953261671141911e-10
1.7835492532742255e-20
4.2598409401059056e-20
1.116069818557686e-21
7.148049320853188e-29
6.177032036776339e-15
1.956046324766877e-22
2.145388803256495e-23
5.182036308427774e-15
1.5386505470993874e-12
1.6205755355903182e-22
1.5978493319036678e-27
6.322814230817737e-16
5.362704554317552e-14
1.3106054374331241e-23
2.776512489299856e-17
1.0623876930646558e-21
4.187031478928568e-21
6.635517557864497e-13
4.248697489089506e-05
1.786808460298053e-18
1.5170171166246655e-05
1.4445536137929395e-14
3.488837131053445e-07
3.3371750981205408e-12
3.2599721337620363e-18
5.243826504808033e-19
4.490281656738014e-21
7.826978835476296e-12
2.993468166833702e-24
1.0183420778469109e-13
3.34166316908521e-16
1.3908414024417642e-07
1.3576681898886995e-11
2.097275597676132e-14
1.0813620718297957e-16
3.4061487293186026e-12
7.548324340620002e-14
6.895985290714169e-12
5.400749882377242e-23
6.3514874054035065e-19
1.1107672971082225e-23
8.006446819772586e-14
6.680688910979892e-15
9.20424123296858e-24
3.7096612062284315e-18
4.403091353127463e-21
1.2618113290424384e-32
8.156053818603977e-11
2.5448342419710256e-41
2.965513502011635e-17
6.51102892326639e-30
5.462522406348839e-18
1.0108357747766204e-09
6.896209241309407e-20
4.2093201047151805e-33
2.258014851907103e-19
8.22598798057777e-26
2.882804103902568e-17
5.180971402564007e-16
7.376251330787357e-07
1.9568934841943675e-11
1.3341692673412976e-12
2.327473958058903e-25
1.3568970937555687e-11
1.2695784395714395e-18
2.4367346177936847e-21
8.516535450191418e-18
5.732686285913539e-19
1.8609148593377632e-12
5.855402827650068e-14
1.0375231192457536e-14
4.6133696938060564e-17
7.598789249147162e-21
5.747120249406775e-14
3.056595769696192e-23
7.44683999518974e-10
9.219179496839897e-17
1.850036595570076e-10
3.066431151682749e-13
5.07458287265997e-21
3.1408860617670255e-20
1.5422963754613724e-24
6.380514262167974e-17
5.16060849824891e-11
1.0042708844561404e-14
4.667483622946219e-16
6.981958091390278e-11
5.062851923658441e-12
1.8597943243039857e-20
3.198965080761537e-26
5.269299058892204e-24
2.0348275209794817e-18
5.323676524065172e-17
1.5674674940911788e-07
2.036651544263268e-10
3.2814205252663932e-12
1.2127552449769785e-23
8.684758989258899e-14
5.364617410078237e-06
1.7593106967190938e-16
6.101632608373489e-17
4.2748915226260177e-14
7.635637541650995e-16
6.218678810436557e-18
2.974037401840006e-17
3.3332192826594863e-12
3.9705616591065945e-18
2.503323758094843e-16
1.398417153454171e-09
1.475603331621445e-13
1.0142234360261147e-16
3.607654426446672e-14
1.2194903122573512e-17
2.6324387069740604e-06
3.9877492664340524e-06
2.7610226893443693e-10
2.7496553026533845e-13
1.550411974427096e-15
5.046040414935839e-20
2.944091716967832e-10
2.0997818466752755e-09
1.0739452253901689e-12
2.8972239172823457e-11
1.0021270334666959e-18
1.7061767749493147e-16
1.7383333453143358e-16
5.015318978796289e-21
3.090726458718525e-12
4.564203703252603e-23
7.211144601219015e-10
4.958859050973503e-19
2.151960325141379e-14
7.346891442777596e-14
1.439167138015584e-15
2.081538010185037e-07
5.920478776437708e-11
2.778712656996309e-14
4.4200665076921705e-11
3.6967950737234234e-13
5.624238108252601e-22
1.0947040084504202e-12
1.4570720086206817e-18
1.5116556131419742e-11
1.59571597450179e-10
3.1381198122266877e-12
5.282565163078186e-16
2.1778132086289447e-19
9.621400960236773e-12
7.855297761590671e-09
1.3824375458755947e-13
2.1830251845453727e-11
3.7569783963593995e-11
4.592942563237113e-11
1.3122355768890822e-06
9.611435878313707e-09
1.2598674378011063e-21
1.784787831759538e-05
2.601647212173286e-10
1.1107733556800919e-14
6.088113012283678e-16
2.5928641852238322e-17
1.7855816194556894e-28
7.336334486167614e-10
5.812654271454698e-19
4.6737476834538705e-34
6.345183196703026e-32
1.1739936906172483e-21
5.5255581122057615e-12
4.1711520108321164e-13
2.7896861805156807e-16
8.369213474305191e-51
3.617003101043953e-15
1.4296394381172647e-13
4.9064918382996515e-18
2.8587019988118037e-09
2.416272854041118e-19
1.359471385493587e-13
1.0508339535655718e-11
2.441622150833636e-18
4.3784114454085245e-14
1.3764053765282407e-14
5.014815521299762e-08
2.1660172786687658e-11
7.279172186401761e-08
4.3255076069079e-17
4.63590097360394e-17
6.422817052025721e-16
1.1592413170038822e-39
1.2881863946106274e-10
6.219786872380249e-13
3.818729088736582e-07
2.836041609560634e-11
9.821151767725752e-22
2.4439815988909386e-12
2.3098040382374578e-15
4.28073828672383e-09
7.73753803117896e-09
2.648240409587374e-16
6.796281204558667e-15
4.254040260381776e-39
5.551846768965265e-21
8.825800858018554e-28
3.8889317706671364e-09
2.069774300309566e-17
1.166671237313172e-10
2.8613959291818426e-17
1.6431481390508592e-07
3.812123736248564e-17
1.0321296353750596e-17
1.3733052325359764e-18
2.713999220247225e-14
6.303659729531515e-19
5.478421486955827e-13
4.78375621804269e-13
5.374539379404502e-15
1.877018807137542e-17
5.8922032043899956e-46
1.1805261221383685e-12
2.0417914396819946e-10
2.455606296799394e-10
4.533630714033194e-08
8.591377155744357e-29
6.496139556006571e-07
2.916214876102051e-21
7.175011612992915e-11
1.5044894209228347e-17
3.0053353358839353e-15
7.315443859979868e-17
7.680534916415164e-09
2.4209163857103084e-17
7.834759679237189e-17
2.2593506992407576e-18
4.1160063599294644e-13
1.2326986221183446e-07
4.280362370634556e-18
1.1680642767049175e-15
2.2228258263190282e-11
1.1149907853111826e-15
2.1350395360430815e-11
3.534858333872547e-20
3.754632793674661e-12
1.8629346091042815e-17
1.5059217109546007e-10
1.599950048594796e-16
1.0790128246597085e-18
2.1069215795680163e-16
7.53690673455645e-20
1.5040057492802022e-13
2.817060070379174e-09
2.305064648486182e-16
1.0303154637485063e-33
6.307125830699785e-06
1.0288764661094752e-15
7.72367968170521e-14
1.4681380963602977e-10
8.51257623639516e-10
1.278016842053851e-19
1.3249338222425059e-18
3.0502787090258605e-07
9.551539096982158e-34
2.149160348831966e-22
6.217957221166573e-26
1.9730368364406682e-11
7.417926042910447e-14
2.128607227938203e-14
3.1296640108146887e-15
1.5546464934632879e-15
7.581703074096192e-16
5.675061486452577e-17
1.260072488028555e-13
9.67928588611545e-09
7.12017252958283e-18
1.4082047552071072e-17
1.762988241590702e-18
9.717427957487411e-23
2.307921774582817e-26
5.19665118102577e-16
2.0447193933466667e-19
7.904978903646921e-15
1.3887761363533543e-16
1.9708060611373598e-20
1.216733993258778e-11
3.040072995367702e-20
6.818871683638509e-10
6.816099737706183e-10
5.635630665949956e-18
2.1586826631783636e-17
1.2631229366557946e-15
3.2254552497214936e-26
3.794575835383245e-13
8.453476942958391e-16
7.308867558424989e-13
2.985094368415549e-13
6.334782940865501e-06
1.9042501198926932e-18
1.2935816601464507e-18
8.165141408518411e-18
2.2583247875217366e-17
5.607791607155955e-12
7.052735791831094e-18
5.822331498711559e-22
7.748439488435849e-17
1.4971385988625708e-10
2.640604222796502e-11
7.1909324535913075e-22
8.312634140014686e-15
3.5392257602750673e-16
3.4451226128793654e-14
2.5372379957374416e-08
2.8181897372564387e-16
3.2713925772579193e-12
2.0487816357892554e-18
3.198200258524797e-18
4.987949685271486e-12
2.7250518331713712e-39
3.032876486583753e-19
6.932807509226378e-17
3.092984052548519e-12
6.404451930739486e-14
3.5122010244419474e-14
4.891644098763304e-19
1.4943311376149987e-17
3.8412758357095015e-16
1.8848590197722816e-11
2.881860035863031e-13
3.353359995090089e-08
3.2968112254200076e-05
1.900686920554602e-12
3.512204551508398e-14
1.4071159467222012e-14
3.3190797527163956e-13
7.111378019931169e-20
1.3742295457270663e-13
1.3229022373064383e-22
1.587047793093603e-18
1.866116573612883e-14
9.119399103808097e-15
1.4040807292563718e-15
1.117496914229924e-12
3.0120575823721255e-16
1.18764027609208e-15
1.3137515831363052e-08
3.593395368427547e-21
4.7919694538556354e-09
3.203044550154281e-16
1.6351206343263253e-08
3.8250891464278823e-13
7.14163120070307e-19
2.4563140287082634e-17
5.8994798717795046e-09
7.336986827973858e-14
7.229433138169835e-13
3.459483403362811e-21
4.04678524965345e-14
1.2784680675515397e-25
5.096284891273077e-17
1.4399514042785601e-05
4.555467341717467e-20
3.2329161066462987e-21
3.6042437449811675e-14
1.513092928414e-25
4.070754362875538e-08
7.561768794595938e-12
1.0725730871379685e-19
8.27465626681078e-14
1.2290130064632072e-17
2.042275383829858e-17
2.8529551973154714e-17
1.2619938597914592e-20
1.3850094233301668e-11
5.8635318034282795e-12
6.326380759986219e-20
2.7298274949499185e-19
2.564634984489928e-12
9.525443142652282e-18
6.0650576329885895e-12
6.84612167973186e-31
7.432457356602295e-16
2.8046179020918607e-14
1.8910260007397683e-10
4.966922453178441e-10
5.924185520116039e-29
2.372797963391296e-17
2.092829813895679e-27
6.49645633941394e-19
7.334913193140115e-15
1.156253181200744e-22
8.974053872218066e-24
8.510779118672234e-16
1.2947155964938475e-13
8.552937143856258e-08
1.4822597038105238e-11
1.5473024856559526e-14
4.952073701270137e-12
4.2937160865185097e-17
1.4770970920373062e-21
1.1467520874479148e-43
6.0659399078219855e-05
6.4803362461059126e-15
8.776366711264224e-14
1.306869505428825e-16
1.5081398542925433e-13
9.945103316033726e-11
2.728322101572552e-19
1.2518063512155954e-19
1.589088605878339e-19
2.2101795465294127e-10
5.848382142926764e-13
8.249315584368805e-20
2.9234932845839405e-15
6.234603239390473e-05
1.9299637076303422e-12
1.52095672801877e-09
1.8212956045114236e-09
8.563524407567445e-18
2.9660356781473825e-10
1.4106836800493662e-12
8.833271490379318e-12
5.116530778827393e-12
7.045738960094342e-17
1.3849723052507692e-13
4.827075564010598e-22
8.197177524039116e-23
5.13115258217501e-10
1.5262504500797652e-16
3.655819263715076e-15
6.656139853375578e-17
5.975372093606948e-10
5.598444568469946e-05
1.0331769718325892e-12
8.189534931334505e-09
2.0993990029224508e-13
3.623612562891403e-11
2.6978843633160287e-08
8.656268805500824e-12
7.844242019989997e-12
1.329713643336147e-21
8.086275573094968e-09
1.427956230168169e-14
1.1363820981441441e-20
2.817497433075413e-11
1.5534437678748168e-20
1.4277448572068075e-20
6.750956862580804e-13
1.0705491544972927e-14
3.71226582663058e-22
8.23645330586859e-09
3.687781667042157e-11
4.035260237144034e-08
3.830869012242468e-07
4.759326754758382e-17
6.317128386058353e-24
5.427704998176443e-18
6.967506432489587e-16
6.442814971871744e-11
4.769415426323082e-16
4.104682571518184e-09
4.2508724701633954e-17
6.626748528701134e-13
4.888870967499338e-09
1.972164754413047e-14
3.478386887871631e-31
2.1770170939220896e-15
7.984599518625465e-15
1.1706289074701744e-09
1.288364709373706e-13
4.771522404730526e-10
3.208742236746853e-08
5.029933650545463e-14
5.436609787640707e-18
3.545798216795372e-09
6.445614408714746e-22
1.9237416551915306e-06
4.1222420902179847e-17
6.401329006695004e-07
9.788002260151658e-22
1.323652411832904e-14
1.9999358417259202e-15
1.7059150385437364e-37
8.818059562284526e-25
3.26141012416669e-15
1.8177446161940754e-21
1.0036278869870714e-20
1.1372219936357838e-10
5.689010078766227e-06
1.9248808269361626e-11
2.1059391038021906e-14
1.3366698207732438e-18
1.6531102334656722e-08
8.476898042146214e-08
5.959609872423034e-18
3.0695985804958557e-33
1.5291513733736517e-17
2.1453611440168208e-19
4.403097245152828e-13
4.384911405796865e-24
1.8709170631116337e-19
1.0442314124282578e-11
2.8576611256081997e-21
3.549472517203149e-11
2.426657447171478e-12
6.37971791933325e-13
1.1150222808879568e-05
1.7961359315295115e-12
1.0352282228272272e-13
4.186412713258312e-15
2.6276413615727957e-13
1.7010879780034633e-08
2.459039419010898e-14
6.970441550537843e-24
5.260708723889426e-16
2.7821656796719926e-14
1.1603228342721513e-05
4.305630881384299e-26
5.07211708873363e-12
9.209660803193133e-16
5.7841987206119e-18
3.9792268345733067e-25
1.951300688683671e-20
2.2409297207901796e-11
1.1522229533878131e-17
7.030073524123903e-16
2.5345268666931055e-16
6.009713039108727e-09
1.5814529410094567e-19
2.763016094798422e-08
1.4361979803049498e-14
2.521032875733594e-19
1.7404018577529213e-15
2.2356753268355192e-10
5.16378245035546e-14
4.504931051408387e-17
7.699696433385143e-15
3.1183547367625015e-18
2.3913472587991955e-13
3.0157374368028494e-10
2.1259340206770247e-11
1.5203353764047909e-15
2.282965946003464e-13
1.1175941594238997e-21
4.127817813322677e-17
1.7699556080069187e-16
1.7364183188103996e-13
8.424350124334471e-19
1.6247274367327699e-10
3.7220229589991636e-08
2.0387184128987713e-32
8.277554692995048e-10
4.101765605631786e-12
7.44624565678033e-11
2.095981404557858e-21
1.1196723483562583e-18
1.5441364209133945e-17
3.608081426728915e-16
2.7379425986724713e-17
1.2006167482397543e-22
1.0684844392373713e-16
4.267948397000331e-17
1.0599463621682972e-16
3.968744645667125e-08
5.1876117165272033e-20
4.566779790827099e-18
5.818020299605222e-17
1.2051856621354257e-10
4.705217624095992e-15
9.146305332161877e-13
2.695819084840952e-10
3.085561056823822e-39
1.225237483965011e-17
9.54590108941583e-09
4.6105575801864e-16
1.855416020179261e-19
3.46166671448461e-18
1.0118371754152991e-23
1.2587553187770906e-14
8.630899504485358e-15
1.0375578007287513e-42
4.024911762401221e-15
2.754931618435514e-12
5.492968991802873e-11
2.8378880867346374e-18
4.102802436499825e-06
8.378043313654602e-12
8.566375979027023e-17
5.42874653356226e-17
3.2487330838065326e-18
3.099124324691121e-17
1.2240929546177396e-21
3.942548710604323e-12
5.541567200087753e-13
4.76767710967474e-13
1.4100479549614215e-20
8.90143129861029e-10
4.8680415951446e-11
1.447917029802257e-12
2.1729115022357788e-13
5.574098428478372e-28
1.578057183669824e-08
5.582721996216895e-10
1.4694910762128425e-16
7.07271210570882e-17
2.234607099128745e-15
8.484094381931715e-19
1.878442084357133e-13
6.074410000557718e-20
9.637760176941406e-15
4.646472267574267e-09
7.581963995261724e-09
4.371933880263331e-12
1.838949315286404e-21
8.438996345886552e-15
1.2049998085254061e-14
2.4522223271495554e-31
3.3732075172190023e-16
1.729789906484659e-10
1.9397390212583113e-15
9.483316014692541e-16
3.743386055567632e-15
1.5768554280356026e-09
9.64385718170205e-22
9.34116581324116e-46
1.0537387703984141e-17
4.72265786125928e-31
1.2088042700655067e-09
9.92803194943305e-15
1.218957672789497e-32
5.0428361887009335e-12
5.851717875063452e-17
3.7798141819946645e-14
7.052065199111405e-13
2.1606383379118554e-15
5.149788482194024e-19
1.480599971789503e-11
1.3574791428218442e-20
6.761816418027005e-14
3.4187553415087523e-12
8.032252376770233e-14
2.2071973315113097e-18
1.0423297417704565e-13
2.5594529995465184e-16
1.3256630812153181e-11
1.5654917520080322e-15
1.3459219971856536e-12
4.005521588099317e-16
5.77723827490885e-11
9.234796313351764e-23
6.244186403978715e-19
3.533782899982218e-18
1.6307975985875352e-20
2.9665645511557292e-08
1.5352812243547482e-22
3.8250056415084437e-22
2.651635034069225e-12
1.1307755974966994e-19
4.8464386241602756e-17
2.4476475373434724e-13
3.7001787963801146e-23
4.054759233760329e-14
7.585251853036571e-12
9.47820245337781e-20
6.657351931900969e-11
6.649646983957502e-09
4.383526275318613e-16
1.745646589113798e-08
1.0480431293732766e-20
8.923817678393325e-12
9.453266990430563e-12
2.829011422527116e-18
1.0425524251970245e-10
3.995325213167862e-18
1.1821067709814179e-18
1.652432278810923e-12
7.080847475730793e-13
1.626479507718487e-06
5.3798853648889755e-14
5.740431666643024e-14
3.929307491683546e-15
6.814536759138516e-07
4.0079159254879713e-14
6.428795372783959e-20
3.881165323729385e-12
9.721217295861103e-20
3.891737569983247e-17
3.342806015445579e-16
5.2624280307070214e-17
1.5957018469609617e-11
5.999957216905593e-12
8.040724460587771e-21
6.718675098566483e-17
2.1891488155172907e-19
9.192884039743436e-24
9.818182535100543e-15
1.9297452165028258e-10
6.430245952004967e-08
1.003500427463291e-22
1.0500070783402128e-11
2.857353645065565e-20
2.159759019645067e-11
2.1299620381601502e-13
5.026383624160268e-16
1.3211914263615226e-23
1.7386335973983625e-13
2.6551786430440096e-17
1.039728121470884e-15
3.495074868401777e-08
1.2825053569342698e-13
5.86904552258231e-18
5.908968013663903e-17
3.0061291920993175e-06
8.396778629236798e-23
7.310700906947127e-24
1.8033206569596375e-07
6.259937760696341e-16
8.233513532894104e-11
4.197878331988453e-08
9.47819347841246e-09
3.446121117014298e-17
8.4890254296146e-16
1.343125031846569e-07
3.9305998559826783e-25
2.6030466916775586e-09
5.132432541482662e-19
7.029471227809262e-07
2.434362450315828e-08
7.747676554149621e-17
1.1683369911625787e-15
9.008458199710688e-11
2.265294580353429e-11
2.1378818054834303e-14
1.696350604920551e-07
8.638463027098548e-25
1.454933880849426e-19
5.289241430239725e-16
1.334372360712254e-16
7.698128845255124e-22
1.8090833434920227e-25
6.456711382110882e-09
1.2223222829418924e-21
2.4028800365593818e-20
8.546296456034221e-15
4.187916282355676e-12
1.460748732413755e-10
2.637339321557927e-12
1.835909552058693e-09
1.5731356307134712e-14
8.244601189720669e-16
4.842520438588621e-18
7.017748406932457e-12
4.4207915848280405e-15
3.845047442334441e-11
1.6406651366225363e-08
3.717271203288929e-12
3.99654274552169e-14
7.595635966664116e-06
2.4809201642642143e-06
2.5690010436165823e-22
3.5246052454024236e-06
2.0704057914219445e-08
2.951866420880827e-18
1.7087031311163417e-29
2.220333256244765e-20
1.436754930296995e-15
3.477622629184823e-13
1.678466762582533e-23
7.888204567019028e-20
3.2512049835690475e-16
9.76427889151548e-18
5.113191467312902e-14
8.641008507838908e-05
6.332615671379935e-24
7.770827600844977e-17
2.3627464944386197e-20
6.1883381207258685e-21
6.2069210266075235e-21
1.4946197399280015e-12
3.0417497263328544e-08
1.4801215598774733e-17
2.1956408655486604e-10
2.6476992168909554e-16
1.861547723745594e-11
4.130397552136287e-13
1.3360184440696943e-09
1.7411321845930847e-08
2.6290717215454743e-19
2.465889315782365e-16
1.4504744517680272e-22
5.025920316305236e-28
4.9475592419774275e-14
2.5022700457486547e-20
1.4169455343469333e-14
7.472589631518689e-08
2.4084962558124555e-13
6.396681992285427e-23
4.406712065070948e-17
1.6390870747124058e-22
1.4375891372009193e-17
1.5396265907829873e-27
7.604492262448259e-20
2.658536091742637e-18
2.490976879251636e-18
3.338666630376828e-23
2.8039195999093443e-08
2.1438545822745609e-19
6.111298948237613e-14
8.256539634839652e-27
3.099208682972652e-11
5.325287119173472e-12
2.08048702775108e-11
1.0384660844268922e-11
4.3071647786551473e-16
1.7982495720711787e-14
9.936171772879736e-11
1.5910213762329444e-14
7.368071791135616e-07
2.148101351746489e-19
2.7954291254786383e-18
4.4893717758167945e-11
5.380658684158796e-10
7.7060341959493e-20
1.6261335317092604e-14
6.483565268669508e-20
2.3678715481495273e-10
1.7789202673825287e-22
3.438369543025876e-12
3.670319986743604e-19
1.30824188466508e-09
6.125476558378403e-16
1.592883642751281e-08
2.7534242638967036e-10
2.7472694262155816e-13
6.393335199355611e-07
4.792010238203681e-12
8.32879322136797e-10
9.43004592184272e-07
2.8456458487308302e-09
0.00034066847605461123
5.764931350615292e-21
5.7181370096461085e-08
4.471878976433375e-09
1.1689950091944816e-14
3.2949881192407e-10
3.3294743103437116e-20
3.8974573761541905e-10
1.701838230314949e-17
1.184920531786222e-13
6.459781888677391e-12
8.054601754637912e-19
5.473556884110215e-12
1.1701387448800845e-07
5.374137261265173e-18
1.8511319682128733e-15
4.9521224272311503e-14
2.765038753878579e-15
1.8120790024772544e-10
3.4421652720653324e-09
9.319463247412419e-13
1.2351198143452001e-05
3.7439603093244136e-12
4.202028651800775e-20
8.968634427623012e-07
1.538556606807436e-11
1.8326727854411533e-07
3.4263904135375468e-12
2.7248287675517387e-22
5.16416266800079e-13
9.190963223833457e-19
6.91935919098699e-17
2.031021822300406e-24
7.389399941334877e-12
2.2753816438849117e-46
1.7290543061141897e-15
2.5942254839839288e-08
1.4977181322833247e-20
1.3724017459003553e-14
1.019701123135092e-18
5.918407791966778e-08
5.083473061411562e-16
2.4421820027829182e-18
3.210929852666022e-11
6.677466118595697e-18
1.0467153666924702e-58
2.860948355127122e-14
1.673262065777839e-14
3.620073117428168e-19
3.309010186268024e-20
1.0051450581226922e-06
2.9210469681827815e-07
1.733410408235003e-17
1.095731170996202e-14
1.9713508159962555e-08
3.482108992471364e-13
3.143769918956301e-19
2.3919737163604057e-08
3.101725089631178e-15
3.3930085788826146e-15
1.9693373988489205e-13
2.1754093386836185e-10
1.7634144304982031e-06
1.1884063714432957e-13
6.27537371125515e-16
3.1816367163265415e-40
2.7874269080157634e-17
1.9601531970153357e-16
2.296258374710081e-14
5.16436498897102e-13
4.570085807944031e-12
4.984492722999732e-15
1.6607141222947866e-10
9.229207499200599e-18
3.244947214091602e-09
1.9575755607147017e-08
1.4592048833338418e-05
1.403556735750547e-13
9.076063744260805e-16
2.825527839087301e-11
2.4709088109949274e-14
1.1687477674077675e-15
2.71785773469222e-06
9.729375386488649e-20
6.618740400039807e-22
4.200774649472581e-12
1.009641409185027e-18
9.075507901045738e-17
1.213897982718235e-07
5.826640285551204e-15
1.765664978772254e-09
6.687808163965037e-07
2.2218030080139987e-11
1.0257606156161562e-12
1.9693564196794838e-12
8.807554928174012e-23
2.055204896653681e-14
1.1409183856356151e-15
2.6082570969155677e-15
4.715503523691198e-39
1.6464547514276655e-23
4.67607083982276e-18
6.498273592763088e-14
2.3966141935269673e-09
3.377485756270699e-26
1.641521299095616e-17
2.578434004991105e-15
4.769879246441954e-21
1.3388189173021065e-13
1.3317562644418857e-12
5.77351143510558e-11
1.0410252101262662e-10
2.3154437012997897e-28
3.017483034265051e-13
2.0124149147783382e-16
3.666370816791997e-13
6.023516773523719e-13
2.9578500004393058e-18
2.021726402985336e-07
8.566913216320927e-12
6.834149127333659e-19
3.556102196759098e-19
9.227166300248482e-28
2.16242438961247e-21
4.074501095387083e-14
3.509864678792913e-12
3.490128906391122e-22
1.6746275670292976e-10
7.432227168576245e-22
1.6283917951693078e-09
6.126512424628158e-17
3.590596553892535e-17
2.541500757838392e-07
8.313317693904579e-13
1.9296331254497297e-12
1.1782834102105677e-12
4.2900141922467545e-09
6.127902803058365e-16
9.291887479626671e-17
9.216293209455765e-11
5.843620998261954e-16
2.38788822016977e-17
9.275385192155577e-16
7.974150549225797e-16
1.1133175897877057e-18
2.8292050722931e-12
5.406422761974914e-21
4.504866281807407e-09
6.57969098033757e-11
1.421597311536841e-10
5.2174298055053086e-20
3.742665555021665e-17
2.1512108261393447e-14
9.005064575009377e-12
8.64830034146539e-18
3.045778538118872e-17
2.9912362925025807e-16
2.886702923081973e-18
1.5391134776473863e-15
6.509941600221202e-21
1.3084016697961283e-11
2.9337467588528073e-16
1.331762467299104e-05
2.565490672137759e-21
1.6084212751556449e-09
1.1601512235469471e-20
2.125065229611272e-16
6.719460457626674e-21
6.311145981548396e-15
8.361863937342282e-13
7.067660882335835e-15
2.3408801227323048e-11
3.4356914161005053e-10
1.3598398380018295e-12
4.512157852169421e-22
3.3298210034842743e-13
1.3690491831200577e-09
5.017962768352043e-11
8.285243227104209e-21
2.7177271271153555e-19
7.127832246807782e-19
5.741348910233225e-28
8.545074723559083e-11
1.439728839087597e-15
1.5567828636826523e-23
6.376940164562995e-10
8.97623501201995e-19
1.3343676229489686e-14
1.8607294038746503e-08
1.2136750223641707e-12
1.3649234312870504e-07
3.39884078516839e-19
2.689602317045297e-15
2.444646347521123e-24
8.150013781593262e-36
2.236868970021018e-14
5.528852274912074e-10
1.544533019187126e-10
1.731559833975835e-13
2.509640571097686e-10
2.1369301954049186e-17
2.970789537322351e-09
2.943879850762443e-15
2.5615194617946463e-13
5.548069613482301e-17
7.635932195646957e-17
6.746043645138158e-08
2.157755117397329e-14
1.54479843755968e-13
3.5899672670959935e-20
1.1237056320574258e-19
9.723275970216481e-13
5.092965887996951e-13
1.211033273142308e-21
1.4393372642511086e-11
1.585902038865761e-15
1.6660890157250595e-20
8.721695195856529e-26
8.287894110514294e-23
7.72272276777544e-19
8.79336660501548e-13
3.340864075128149e-14
2.179707531950905e-12
1.0401904740575473e-08
3.3564730338219164e-10
8.907542446664936e-14
9.505327896471153e-11
1.2061727662870717e-21
6.868552509425038e-13
5.793944999766468e-12
1.0597220903277169e-14
3.677258770612686e-15
3.079856522553014e-35
1.730800349336612e-11
1.996601596325272e-07
1.4459409675914413e-07
1.5781434984298427e-18
1.5337821173980227e-08
2.806955907641326e-09
5.44933059015304e-13
1.74137176784238e-20
9.096006484621869e-13
4.5951016672607694e-15
2.3417331205634766e-11
8.051410995558507e-09
2.234353114348044e-07
4.926115773750467e-20
4.924944438363875e-19
3.7265958579681377e-10
6.669224451692111e-20
1.0243119887074357e-09
5.022701358049474e-14
6.692454204140745e-17
1.478611744227168e-16
1.280398998983008e-12
3.348951410426783e-10
4.950201291869169e-13
2.5768189647938926e-19
2.563217497547255e-16
2.1832371481064078e-14
2.619829189981318e-07
6.711322902100055e-14
1.2152279083056366e-13
2.2825454785636653e-18
2.164096702459836e-13
1.2324823049835363e-12
1.5902982404528924e-20
1.3067638834087131e-11
1.0867563141306129e-16
5.543793847229354e-21
1.9199169470005478e-16
1.0509271157153503e-17
2.610413035719945e-16
9.065548026148888e-12
2.2722473063588407e-16
4.8424986826833e-16
1.7960062355120108e-13
2.3133451939700224e-11
1.1404490301575843e-18
4.793557946216679e-16
1.1007555044338787e-28
5.123568337770107e-15
4.471080085340142e-16
1.557431715817538e-10
3.354363348810114e-12
5.657773296698817e-11
2.3241471000822244e-15
3.317459498731858e-12
1.4506626466294243e-08
3.279983020066024e-11
8.54570559201841e-12
7.930252083837394e-16
4.3149476924605924e-19
1.0675032572423679e-23
3.4971790640818645e-11
2.1612784894454618e-16
2.4258053171000274e-08
3.05703507277004e-10
1.1930311920407287e-13
2.9442719801372875e-12
4.655112052944746e-17
1.9856031524921343e-22
2.1818845177111393e-11
1.9200984775515677e-24
4.29026563793645e-15
2.9099433961172393e-28
1.4481625123430561e-15
4.0022297629041584e-11
2.1417062821883692e-21
8.569026017993047e-12
4.2333872693186206e-14
2.2045920595675993e-24
2.604374079285202e-23
5.775398344158151e-11
2.3719038851269883e-07
2.618356143697094e-11
1.0012284195876547e-20
9.685762018095681e-12
2.4241648144914733e-05
1.454569324100679e-18
3.5136925867156287e-22
2.320651093860435e-18
1.363513153328496e-06
1.0708129556147825e-13
1.3922089938382744e-21
2.096641582222308e-12
3.2058276373082448e-24
1.3123205144481779e-36
3.0043775921184615e-19
4.59065338429213e-22
3.6966065824977735e-24
1.0791188502321203e-11
4.844513037804495e-16
5.745768007201263e-17
2.0306881904077715e-18
1.733123731517868e-05
8.611493446442677e-08
3.286032589451965e-16
8.61533744619807e-12
4.7012099327385425e-17
2.5350041610004833e-18
1.1404166882698006e-09
3.492722523683047e-13
3.345944212673105e-15
1.263550383747471e-14
3.695350433316245e-20
7.46495842239617e-13
1.8400018813225284e-11
1.7644852798101145e-18
6.024451120601116e-12
2.6261445142174724e-14
5.969699238717524e-15
6.298649942558685e-23
5.518050394249272e-18
2.240672666349067e-16
7.64143682370296e-18
6.340508716403325e-14
7.414105859514518e-12
1.606364145807874e-13
3.945614313731795e-14
1.7027173436388332e-18
1.787082586613459e-14
2.614417047071745e-13
1.0412387688257543e-14
3.484105989265758e-08
1.017521758639634e-16
7.495396689957811e-21
2.9633155131223444e-10
1.0373949471772874e-17
1.3426400710708735e-16
1.2066384735285174e-13
3.383465021277358e-13
1.797913188208234e-11
4.0399307010945915e-13
3.699851394772949e-17
7.416618674842246e-23
1.278167134541197e-20
1.7371906757627873e-13
8.238033882770084e-15
1.04882992673407e-18
1.1651613051715377e-24
2.3088147229108968e-07
2.5384967397558026e-12
3.675645541990584e-18
1.2018873483560282e-09
2.1878545594936604e-10
6.180815408819564e-10
2.2350658302249556e-23
1.0362022759191696e-15
2.2377119862823516e-15
1.084705304358078e-16
1.6284820535279365e-09
9.84017754147377e-16
3.4617579937178376e-23
2.7978318268196174e-10
6.998441193613121e-09
2.056066504452448e-06
1.0072862773401673e-05
5.836809540974529e-13
1.95108880644535e-17
9.736337616326536e-12
1.6520994734929012e-13
1.30197322351096e-06
6.449171245569179e-10
2.1026849359096548e-14
3.9926565392052705e-16
1.6522490946615403e-19
1.2132056977098974e-18
1.455245940295446e-20
5.971433741204598e-15
1.7998800093946243e-23
3.9938246355744733e-20
2.001115143512534e-18
7.610644121954226e-11
4.9100908849094655e-20
4.939254872530639e-19
7.232110636074105e-17
7.663409025944721e-26
3.9488747586964076e-19
1.705871615974944e-20
5.642698184910567e-12
9.31616239725646e-11
6.667055759504493e-06
1.0705213891876818e-08
2.5303270098992177e-10
5.774977815427328e-16
4.164316034843904e-15
5.685294892782472e-08
8.464913591533671e-07
7.280433321478965e-28
2.711864261051062e-12
3.6190894811061005e-19
5.922583605796598e-13
3.8700743273384885e-10
2.3824100684021054e-10
1.7189775260295066e-11
1.6013267134113514e-13
4.644225800019448e-12
3.30126658859128e-24
1.6398461486725853e-16
8.66452443011195e-13
6.941095356202024e-11
3.9789184893110773e-16
4.400770062824544e-08
1.8001375760772665e-19
1.346748885293236e-15
2.8474758742508244e-10
1.3146689473802161e-40
2.6340039395827802e-05
1.635584754316623e-22
1.9995386864846247e-12
2.0903445877896695e-19
2.3414164553188816e-15
3.244096425175629e-11
4.483083143940421e-24
9.483568008409959e-12
1.1097273311941785e-09
7.748585913010519e-17
6.167314097256147e-19
3.359656953406354e-17
8.00757910552704e-31
1.6682068963017823e-18
4.965296384871378e-09
2.5628934612211923e-10
8.972723879539808e-16
3.7747995867324416e-11
4.999533052010784e-26
1.6166500723337698e-10
4.2889853547095474e-23
2.789247045868726e-16
1.6839193898407647e-14
3.366673457614177e-54
5.7023301051595565e-12
1.417355263737513e-17
1.448162359294865e-10
8.316926054657813e-12
5.27354954823456e-24
9.98082462360961e-08
4.636108772981499e-18
1.3950465874176968e-06
1.5155477121479876e-11
1.7110902429167352e-15
9.96733579051231e-17
3.93743725045172e-34
1.938020247140563e-23
3.788713829259265e-10
8.122872663594268e-12
2.2303197654461325e-19
1.8620805768472995e-09
1.0769483860798037e-17
2.5992733591198713e-07
7.734559123789232e-08
4.462633732924096e-22
1.2694548469817959e-20
5.916551772196393e-14
8.197891029348358e-09
4.588317894004645e-09
9.637419434385237e-09
8.218535038391832e-10
8.993970844434466e-19
3.830890507617775e-10
6.2870203601685645e-09
6.516241850452602e-13
6.0986203762973265e-12
2.6675131264459962e-20
3.152782899186063e-33
4.191823460196915e-16
5.569982196637461e-16
1.484854948007618e-08
1.708179056565431e-14
2.1448602690040646e-10
4.0801092998755e-10
1.3797500299207533e-08
1.9555982327850494e-24
1.5702439504353388e-12
6.5251646589834766e-12
1.3162454765699096e-19
7.795700714405335e-14
1.446576187015829e-12
2.0966666407944492e-08
2.657333316071291e-10
2.8820875027095505e-05
2.27710145877944e-17
1.537819825915583e-06
7.049482713163498e-15
1.674925831435232e-14
2.2091128415473864e-11
1.7601778401868623e-07
1.666464899327456e-11
4.9391254349144436e-15
1.3198601986782268e-22
4.1978396811028605e-20
6.8547785060818385e-09
4.4664589404590527e-11
1.2229003718241637e-10
8.084764756189171e-16
5.832758475633132e-14
5.508108980612013e-06
9.278368945029188e-14
1.2984830450531398e-23
2.2765177636705895e-13
1.4724050159604726e-28
6.021696280921489e-16
1.1021580509961247e-10
9.20687117356433e-16
1.9215453455775919e-35
1.485293983461487e-20
2.313915796451219e-17
2.845098048085242e-18
8.501784787309871e-16
1.4277043122686151e-11
1.6607057669477952e-19
4.282050176488454e-31
2.874295986198871e-10
1.7188408112636807e-12
1.2385005708248633e-11
2.3498034048352865e-19
1.655360121562833e-15
5.140806565953434e-15
4.761219532143979e-13
2.4179187133813692e-14
6.863769478182852e-11
5.4082180232004155e-12
4.5976253585767375e-12
5.144677766154657e-18
4.933037235018779e-18
1.6046564065846607e-14
2.900580092284798e-14
3.9707149521111604e-11
1.4275862198033075e-20
2.8065218043861452e-14
2.866589558408933e-11
1.2797124092700927e-18
1.360238090669134e-23
1.2666673987454125e-16
8.82604615760719e-08
2.42453057160516e-07
3.082521876044972e-69
9.947152677042546e-17
1.0560999383383287e-14
2.015501217812173e-13
2.9333851278883815e-21
1.99598146017607e-16
0.00012667800931466007
1.912488963811985e-13
2.451683266591298e-22
1.3242718395809194e-09
6.282515408936242e-08
9.023317918458258e-17
4.0235627241634433e-19
6.89951801736797e-17
4.561861965936214e-14
3.3263516297340744e-11
5.4312045987117544e-11
2.4561366465161554e-18
4.3648205741093097e-23
1.2817168171359964e-14
9.84805940312581e-11
5.746404621036693e-18
3.5028395615271465e-22
1.9304228170396528e-22
3.9411060323173894e-08
1.7997944501704365e-15
5.804093740940338e-18
1.1902623361953505e-37
1.784528144581379e-17
2.9972580750244783e-10
1.9158728269261087e-17
6.514604381816025e-18
2.7298894997513374e-24
8.163291068180228e-15
5.591785740958395e-10
1.2815641999676549e-18
6.592907024525385e-22
4.85209842004513e-17
4.378899123328157e-17
2.0202508256715467e-07
5.458499530786058e-10
7.706914897614552e-16
1.4630747167777482e-12
3.5403480500207997e-09
4.9813050617067345e-09
1.843720345935989e-14
7.289445995178781e-16
2.0656402192571447e-19
4.574936924158639e-11
2.0620111481035477e-23
8.084138822866542e-14
2.2007067896591665e-18
5.534822292190559e-25
6.04248144163504e-16
1.5429584502926337e-20
1.3963657267302265e-08
1.9638964582726766e-11
9.589843562468635e-16
2.0240076726685818e-13
1.9118853611190536e-08
2.654964963181575e-14
2.7410303883916255e-13
4.7553384392332027e-26
7.092769031975093e-32
4.657987509392419e-16
5.840621113200402e-15
7.982888641717825e-12
3.9167017831393183e-10
9.569591507566892e-19
3.5779422873292826e-09
2.4061901932697136e-12
2.114286093754131e-18
7.587790833299258e-11
1.5212780566472465e-14
2.269405138826275e-10
2.2722305930354253e-09
3.6358740793300774e-21
1.7617176001469982e-11
1.1832110046718393e-14
6.056760623518724e-17
2.2126133651680444e-06
7.390151209250907e-14
9.256087346343873e-13
6.60238987892716e-10
1.7504413912231601e-10
1.9892777338609563e-08
7.176966868421559e-17
1.3035884609275773e-17
8.870100860457208e-10
1.514133430767261e-10
1.1384954139424806e-10
6.607622875099745e-16
9.905186565865022e-19
1.5356047267533976e-16
1.989690355500101e-08
2.0216526427487605e-13
1.6507087078908218e-15
9.090369570353095e-11
1.1744119509656592e-08
6.470904113869234e-19
3.631092256358332e-16
9.547694652809597e-20
3.0797341679464406e-27
1.6141871818303196e-17
2.4325749124274007e-13
1.3299186195747341e-06
5.141009630587805e-23
1.8879819096832247e-19
1.17863816977204e-07
1.72688538892834e-14
6.997815641331643e-07
9.073367240247963e-15
5.947807266920627e-13
3.5260163439578396e-17
3.896123645656691e-12
8.29525215846672e-19
1.0373266246136561e-17
1.8212241567331054e-05
2.306165285884729e-15
1.2653131857472002e-09
5.634852486052635e-18
5.391344567319989e-14
8.803642351378573e-07
7.115151861264533e-20
7.72106439334771e-10
6.635173461284994e-16
8.385507007883308e-12
1.3533649129244352e-23
4.254364310908871e-11
5.572774886043226e-09
7.97412970987301e-09
2.801954345361686e-27
2.1425081761937688e-06
4.827326406712472e-10
7.058156529596384e-18
1.5937878199891664e-15
3.7359298699695033e-16
1.2511734168916373e-08
4.748419361005484e-20
9.2275191874752e-23
2.004588983083717e-05
5.529030465645203e-21
9.963591735375853e-12
3.332892647379672e-19
2.0690523465226833e-16
2.2246708855727207e-15
2.652150722878266e-07
3.721742395757516e-16
2.829161995252107e-14
8.905163418084993e-17
1.9963205115121275e-18
1.9277660056988473e-19
8.684006906722962e-13
1.1618899638448694e-10
1.0353545427766137e-14
4.356508028439705e-20
4.9880043067624385e-18
3.086870119067347e-11
2.5046178787611123e-08
2.579432934499849e-17
3.034096323031238e-16
2.395856477644737e-19
6.287254383304957e-31
2.547853918649164e-11
2.111082712473459e-09
1.749642856560556e-17
1.941293795859894e-12
1.2116259514802834e-12
7.970931000515836e-06
6.464910339749176e-19
1.154555471395832e-22
5.718597841700718e-17
8.254696345574685e-10
3.384446976123905e-18
3.3920738525150676e-20
2.2089565914084325e-17
3.015665413383027e-17
6.386884119328447e-29
1.46182492916795e-12
1.2596411612618814e-16
3.92969863045077e-07
2.599185870477197e-28
1.2757745359937646e-17
1.581922733606052e-11
2.46750158908482e-18
1.6606129810765765e-14
2.5101653736843325e-07
1.1827347138173853e-18
7.35951053675602e-12
5.344583913763975e-08
1.7005441867492268e-22
8.569409662256488e-15
3.251587626230136e-11
4.536332843531906e-28
8.537485812849337e-07
6.5238123241259916e-12
5.237287293949851e-08
4.2801177024698717e-20
1.193905744519704e-10
1.8228754750722077e-09
5.1848053601039645e-11
5.155833831987459e-13
2.267596762912501e-17
5.706332627556839e-16
3.6838728775081424e-21
3.0074188932807233e-06
1.6709692726575578e-11
5.320614051898144e-11
1.1732704420053239e-14
1.3116328607549584e-20
8.01009927375888e-13
2.3840663167162154e-19
5.044232513427753e-13
4.023260786348635e-12
1.0910084499082281e-10
2.133709147934591e-20
1.3398360539424162e-15
2.8254210563456744e-07
1.4127530982529736e-08
4.471643887586504e-13
1.4814603075338235e-21
1.844389853902895e-11
5.022098076421538e-18
4.3303072198294515e-12
2.469356091211422e-09
2.2229578740497757e-13
3.4337158205003604e-20
1.2811898415014901e-24
4.779760965613106e-10
2.2134624955178283e-18
3.9944712713873093e-19
2.0107231998698842e-12
7.2410394824954e-16
1.1140903155347053e-12
1.0328933689799471e-28
2.2027134855379908e-07
1.2747159565385616e-08
1.2230244867978521e-15
1.2950161786169586e-12
8.081316583215786e-14
5.333928746359491e-12
8.764140864818441e-11
1.4003417587517645e-11
4.4358580664677456e-07
4.305836105630223e-10
5.0104252223366436e-15
2.3335123010850615e-15
3.8783961187985825e-18
6.388931316185213e-14
2.9385394832544926e-08
9.214816926516576e-13
1.8979210460627e-22
3.6749535463862145e-12
3.2086009886622466e-12
5.750720054727318e-10
3.959463741506681e-11
1.0417772650488387e-10
1.1738266637118838e-08
6.983630148152649e-23
8.10115347388523e-20
2.6107431697093377e-09
2.8125258301023294e-11
1.1700319931604887e-13
5.194749742311516e-16
9.140495819725475e-30
1.5685130938356093e-16
2.1573996512659374e-23
3.883650513028645e-24
2.5328124397771735e-20
5.498583148534576e-25
1.0169917466684445e-20
8.459808006689785e-13
2.2393717328289534e-18
2.084255711172121e-16
1.0664008495803592e-11
1.2824019984505845e-12
3.033673106442374e-11
1.7806756706902748e-13
3.490365370281239e-06
1.199011089239155e-25
3.8563152952991973e-07
2.4549559877122147e-19
1.2169658987722298e-14
3.2358205365035e-10
2.0410266348327798e-15
6.3422613362079185e-12
2.3201679930726314e-14
5.056888443896226e-22
1.0648459129958622e-14
1.4194597632100325e-11
5.90653942690447e-12
2.0889115234376444e-16
1.6274479401590538e-12
6.33827951613746e-18
7.610649396149346e-15
1.137328946894662e-19
1.3468546247218262e-11
1.585301418923414e-38
3.080520911738897e-17
1.1276221415119459e-14
1.2473354253661543e-22
4.685876266916732e-18
5.343177262344813e-14
1.8298032267257782e-12
6.544197294113964e-19
6.261258539760259e-11
7.179134451079878e-14
4.5591476489494985e-07
2.0039498580906703e-13
2.868447549000589e-32
5.061570613930569e-13
5.779749745334982e-14
5.66627804982158e-15
8.692617209354211e-09
6.161267884747681e-21
1.5041770217264295e-14
4.437352130009628e-18
1.0122751097316116e-18
9.218365883944512e-26
9.715475692366448e-14
6.210504543655371e-09
1.8134096059064015e-14
3.857313941669446e-16
6.991773010782615e-14
3.130562346741009e-08
2.226332044039623e-19
3.8275984434330344e-08
9.534014696409797e-15
2.4730328290346637e-14
2.278406574397784e-10
7.622750916955034e-08
1.3607715923948486e-22
3.3013455128538117e-12
2.4079525119139785e-31
3.9322855707251144e-10
1.1954342700241989e-16
2.360456977886925e-11
4.38240689823839e-11
2.2162373159803753e-16
6.302274506458553e-16
2.7222724518192342e-15
3.599000466194118e-09
1.2060560236576018e-08
4.492123182520062e-13
3.3140366786931195e-14
4.775488630199222e-10
1.1290515797636661e-10
1.937988269459027e-19
5.947282007713413e-17
4.013822225924134e-21
3.345919111674622e-14
2.889669129382786e-12
3.0716234084677244e-19
4.529551136401507e-12
1.1120739338128718e-13
2.5057399667457884e-21
2.800281581964248e-22
4.864893676451017e-15
2.297051845022101e-22
5.0505037798683516e-08
3.445218520877179e-12
2.0699069352291756e-14
1.342312982334477e-17
2.4033567716192027e-29
2.932170240787474e-19
7.085252727370519e-32
3.643750481522692e-18
2.4520004045858638e-12
1.2132503296936522e-11
9.011282320144544e-16
1.4080686009086606e-12
5.901898757244972e-15
2.0915983298806653e-21
3.541649221207843e-20
2.364576080703019e-20
2.6708187629601844e-19
1.338751647486161e-12
8.571468173013206e-18
6.265962043573811e-10
2.6964418510783963e-39
8.679127145214596e-15
4.908653447272659e-20
0.0002331545879312844
7.773663221525565e-18
7.760291599372291e-07
1.3262726616230916e-14
1.3934960826737822e-10
2.79838235534504e-12
8.17015448656389e-22
5.604126749709629e-19
8.137309706767215e-12
5.896368073377151e-18
6.369187367294969e-18
1.4370712290238813e-19
3.5138015578691515e-07
1.2800671680887245e-06
1.5453115271789564e-18
2.751409119856708e-14
4.942890786392719e-17
7.63314024886963e-20
1.0992936823475409e-13
1.278938457884971e-07
3.649346440139878e-18
1.1700531835388521e-17
6.573098562191324e-20
9.506829107252706e-17
1.0391336427942204e-09
2.3137784822855014e-15
2.1075336983486877e-18
2.6072781507305083e-14
9.217870569937782e-16
7.624055552396131e-12
2.3764992921700873e-13
1.4636438248763634e-11
3.3623303721305017e-18
1.5465745658153871e-12
9.089789734828274e-10
6.784345124351775e-14
1.1892523318301617e-24
1.2504432318996212e-17
1.6504376972526362e-10
6.655089481073985e-05
2.375697311788815e-13
2.127064549771458e-16
5.291993096497288e-18
5.054803147291472e-17
3.002304533900241e-12
9.389053694338732e-13
4.1395100833931744e-20
5.341925339824945e-12
4.569776502511044e-18
1.5482499345514606e-19
1.0355695869325032e-11
1.3460986507107597e-18
4.8935518062226986e-15
1.0998690005972032e-08
7.175103537313974e-10
9.470450479769514e-15
3.654120356501289e-12
4.733830507553791e-17
6.697907260067869e-11
3.899840179174024e-19
5.381870751645618e-20
1.628100613325069e-16
3.582750485342302e-10
7.954001614431853e-18
3.2977247056703556e-24
2.8068181345047313e-11
5.341138775788653e-13
3.015180423523899e-19
2.4247222966509346e-16
2.6328129802649e-28
7.433180326525751e-09
1.5476319061064666e-10
4.438255171557435e-33
1.2936783815116239e-14
1.9344054850844106e-11
1.8828530891459575e-27
9.561538038964974e-22
1.15044119210767e-09
7.886054876765179e-23
3.3971382913233815e-16
7.640395900061536e-22
1.2619012637886158e-11
2.818744404914956e-23
5.9807360586507336e-09
5.773576094747988e-06
3.6238536630257285e-10
6.920903204346148e-14
5.045198793393294e-25
4.1053169377716126e-11
4.897358402089601e-20
5.806360058578502e-13
9.322423101728355e-33
3.236358481044576e-14
1.4417409705350572e-10
4.464634104223966e-12
4.621651625045684e-16
5.540901859254475e-16
9.475988754523868e-11
2.292309851948672e-21
1.50416549306159e-14
1.3938248142414326e-17
9.136924096526588e-08
2.4678954686823115e-18
4.358499992715421e-50
1.121511714319424e-10
4.874661864477734e-12
2.2101503033291277e-07
6.696167268686319e-17
8.368097203652185e-11
2.443009378268897e-18
1.8014209250541772e-19
1.0174317323762171e-19
9.431366082276544e-12
1.999091335107582e-15
5.672497048190743e-17
1.4189425513897345e-07
1.871176335950832e-17
4.261495985075889e-17
1.2979610266679512e-12
7.286240310795692e-11
8.329239076330398e-28
1.3335203847587653e-15
4.6401743414228185e-15
8.226349940178237e-14
6.530400212248345e-14
5.370116436217938e-09
4.45230271907836e-08
2.7029193915279493e-20
2.201199145534257e-11
2.382087151728135e-22
1.826913951638478e-18
9.826034321050617e-27
1.019650186510317e-12
2.0926505127611056e-14
3.8945887200692015e-09
1.6633026768080435e-18
2.659286774369357e-13
3.778847944598569e-23
1.2990882159856925e-10
2.9860001495612763e-10
5.3741814686660195e-22
3.446633214874708e-15
3.1805551213975095e-11
2.5239639776500086e-13
1.8531100592621641e-22
7.624345378257956e-07
1.1566949832809455e-13
4.9855747707861886e-09
3.687645104256833e-15
3.8523441312504443e-11
9.795706796853445e-08
8.046978163684936e-18
2.7152965749256968e-11
2.1859643252033518e-10
6.627030990287366e-14
1.407510415990127e-07
1.5499295172303095e-05
3.238632451187284e-13
2.6947276704827315e-20
2.3091386310356008e-42
2.5151898172594207e-09
1.8456660351089099e-22
7.07946558275735e-16
5.619207597783535e-09
1.353261279023283e-13
2.3204458532779683e-15
1.0208251721439742e-12
1.0283203001055109e-10
9.700459502863968e-17
4.5320553653367515e-09
2.2109632624960117e-14
1.5946621370414726e-15
1.0840364795878326e-18
1.4798094269760439e-08
2.000342128719415e-14
1.7287368156817625e-15
1.4244439852582383e-11
2.803054268584259e-27
2.353090434699919e-20
3.958263547935363e-19
6.7339203362475485e-18
6.711164399356218e-11
4.23621973243867e-10
6.481440172710622e-14
2.782470296213865e-16
4.047117861851902e-14
2.666034821605947e-20
1.875328816588803e-15
1.0411954982563388e-15
2.0842758136502152e-16
3.772289260280009e-15
1.9290099296295215e-15
1.1410380211085026e-09
4.742701951247706e-09
2.2211389762751126e-15
7.643529738424099e-25
1.3220894016748858e-26
1.083301381410436e-12
1.479203592204865e-13
1.1492672588700918e-12
9.075682705837185e-20
3.2612227003885814e-09
5.766754972614352e-13
9.727318034802596e-15
5.42201070374011e-44
6.930493912344575e-15
8.040250284090296e-16
1.3329688988817499e-09
1.730065717606574e-12
3.4576183073250125e-10
6.809670475968212e-08
1.9071600128578397e-10
2.9950258283940726e-17
1.5426644276354528e-15
7.698954194710971e-06
1.2347628517512137e-15
2.1414539383233986e-20
1.6678404121628076e-10
5.1563121373280954e-11
1.592952271691554e-12
8.946006027668474e-18
6.2514078088648025e-18
2.70367595303712e-18
2.5203453174023115e-15
3.2045049088851585e-16
5.3994653560665874e-17
4.662383172861519e-19
1.7057578352374872e-16
8.276517262746819e-07
5.984594808073536e-19
1.4956480109260908e-20
5.449254174071883e-10
5.130135846476647e-16
1.9854274200237312e-22
3.494380432238367e-21
2.2230100974325356e-15
3.7357764775450207e-13
3.8916461439439004e-26
9.374978768235919e-14
1.1259686666823465e-13
6.0331411823241115e-18
1.319872702516601e-22
8.03907034281556e-22
1.836165296203186e-11
9.756986986384215e-17
7.144900578436152e-14
1.7828916460783296e-10
2.899120404963675e-18
3.028659133067523e-16
6.585571626914932e-09
1.0473268757170842e-12
1.1947702630101137e-12
1.1530833606417754e-11
6.735898067908941e-19
1.253344359632849e-16
6.782849864414095e-08
1.0760909561884111e-07
1.7252547421781497e-12
1.5739036451744116e-06
8.305385215571664e-23
2.9057046533575115e-16
1.7649724010781117e-12
6.5041547332018635e-12
3.059193955449523e-13
1.207308855346536e-11
4.524724982666078e-18
8.056717312999406e-17
2.6947866267047446e-15
1.1725574662561872e-10
8.656632562217751e-21
6.18640497107415e-10
1.3661171377471035e-21
1.446398598220879e-18
6.626663005581947e-11
1.404494225842709e-20
1.103180735429002e-24
9.105554581726998e-14
2.533931545793097e-18
3.6589384131146633e-10
9.328574681070745e-09
5.809649714699472e-10
7.889653310925245e-34
4.14153524666015e-10
1.7251714791787924e-13
7.288122459389268e-21
1.5763811444205998e-13
7.276421156935985e-09
7.126764075019044e-13
2.1544014425798805e-13
5.919614928101017e-11
1.2857406010096942e-15
2.578541726634246e-18
7.303551613446623e-08
1.0741891419906833e-20
7.55887560697873e-15
4.546273144591068e-16
1.6428574528146448e-23
3.021935556975513e-07
1.1103814728651293e-11
1.4407891084720355e-24
7.562153373617616e-19
4.6473998813290366e-11
1.860817668005563e-13
2.799902857577101e-12
1.125769566213137e-18
3.7954394740047565e-14
1.3366185963389693e-12
3.4860931956511995e-16
1.2145170801767174e-21
1.2202366492945217e-12
8.860928154923898e-15
1.516230706803765e-10
1.3944052848519331e-14
1.455833902203815e-13
5.401745373418588e-15
2.712530306293252e-14
9.170758525127082e-08
9.109755596648107e-16
8.265865470122197e-14
1.6345649842979835e-14
1.6157135875453492e-15
5.271994649789012e-11
1.6900625506410218e-08
2.008308310135803e-12
3.370939875503809e-10
2.8785912645881275e-06
1.1131058901114361e-13
1.3143560559878345e-15
3.2908169786930567e-07
2.0447069299043404e-12
4.788710516028633e-16
1.333614198959767e-41
1.0561968312945487e-13
2.249901798193975e-19
1.5155398165511721e-19
5.684835274913775e-21
3.316672390403015e-16
1.0546051492085434e-15
3.8086715270537985e-22
4.9214060624467493e-14
1.2639855339042642e-22
2.8282857489099556e-16
9.717323128962242e-51
2.2275991402663817e-15
2.995135764616749e-10
2.186498346806795e-15
1.7372291354678186e-06
1.6955605406472853e-13
3.45947061689266e-21
6.373697834047277e-14
2.9262769443186487e-15
1.6220642605517789e-16
2.063337113017083e-31
4.0402511903045466e-14
3.4714914589659555e-18
6.7227914082138875e-09
3.433001804051978e-13
3.854598990009527e-21
3.3861120641694964e-17
1.624286924616029e-19
8.541917511304082e-10
4.816099366674739e-19
1.5779032971459903e-06
3.609715805559689e-21
5.0794247582037495e-15
3.890780352635301e-13
1.4367465574732967e-07
2.5772234646442007e-15
2.5478289556581303e-11
2.235099299703492e-16
1.2233517570753664e-13
2.58567015036109e-16
6.236576684164209e-18
2.120851964528657e-15
2.0320954304710228e-21
1.6773274540756893e-21
8.150853517212114e-18
1.6156173485799596e-09
3.5166068890681454e-35
3.200510902755494e-08
5.920286593881201e-22
2.5461925432079436e-30
7.019196801169663e-18
9.35720017298793e-14
3.946401062578752e-31
0.0003583308382708423
5.030946579677113e-14
2.321320252290938e-23
3.7531855153723433e-16
1.729638237361908e-16
1.348426805833894e-10
2.0450359673306302e-10
1.5207063589905567e-21
1.8485993260206445e-20
3.154417950827896e-20
9.904702144022881e-12
5.58514448488319e-16
6.477987452299835e-06
1.6091939550478742e-23
5.780790241164024e-25
3.662455553055422e-12
1.7788442732496626e-05
6.897490024977094e-31
1.425021861426571e-11
1.8684492171140526e-16
9.642432928903985e-28
1.133669855734106e-18
2.8541430251414815e-18
2.1038273152545254e-20
9.31046893968379e-13
1.0239956639533384e-12
5.955560194110219e-10
7.451607053044877e-12
3.935645251288817e-60
8.792349853333933e-11
6.359632667742342e-14
1.540241563007562e-13
3.3780458964642984e-18
5.373131257105476e-20
2.5576602278125015e-17
1.949671990630341e-12
4.999482765631285e-12
1.2499464271591324e-16
6.944827902913762e-11
5.344085739116259e-15
3.814271708114734e-16
4.90572624071918e-19
1.0251619700247894e-14
1.5057005649371153e-33
7.692275938624608e-10
1.3153996928523182e-13
9.156288503262711e-15
2.2403222725934082e-10
1.270858082168417e-12
2.0380195846505306e-18
4.486716807052772e-23
1.6425971388266687e-14
3.441364047799935e-14
6.135573837358583e-21
2.3362004965647963e-09
3.673226966171356e-17
1.6908632013125619e-18
1.1633824801068926e-18
6.812912187005598e-16
1.319529729669213e-20
1.6481632070383133e-22
4.2640876789532895e-16
1.0994459497055496e-10
9.117983813361645e-28
2.2763075196153954e-09
7.94618966110849e-14
2.0856594413072584e-21
1.9382776038129885e-27
9.235888894144833e-10
9.659729128437284e-06
6.476044913764825e-36
5.000004712502164e-16
1.4976253991160787e-16
9.17223722818568e-19
2.471530370210759e-14
2.5074405397382078e-09
5.181774068385713e-20
8.5001431281425e-18
3.689416396557782e-14
1.591177917222034e-14
6.3117016462351904e-12
1.7391539371864582e-13
4.089316343545355e-12
1.7523311520299637e-15
1.7729259266191456e-09
3.486383314852482e-09
9.228241186066489e-14
2.8360317607817152e-14
4.386558126392871e-10
7.800524222461373e-21
1.5720934783148612e-06
1.5332414998079627e-13
1.452577110591986e-51
1.6398987598850043e-14
2.219697855070793e-37
1.7574985545240375e-10
2.119947179441906e-13
5.289997287929257e-12
1.1032959792381529e-10
4.621056747684463e-14
3.762197442729353e-12
1.3929566183431696e-32
8.483458350908771e-19
1.1877057125681958e-21
1.1682698032872162e-17
2.1055455003078923e-14
2.1047376687562355e-16
3.4322359411234502e-15
1.3917312857648894e-13
3.306114701810705e-06
9.709360687616328e-12
4.877991379904204e-18
2.999081616181797e-14
4.883604612065806e-15
3.419570621742972e-10
3.100156615686417e-13
5.957438278136937e-13
7.332964796778281e-07
4.876335539858089e-11
1.0746920356903628e-20
2.1740222470791274e-08
2.025825280642024e-20
7.163799007425762e-16
8.029068707640057e-12
6.415409241431136e-20
3.0836068575912935e-15
1.4934871140341827e-16
1.2390892110436296e-20
9.628060531887032e-23
3.280442050433105e-14
4.91735318501629e-17
9.317725890332818e-08
2.153352889963976e-12
1.6604116727788455e-25
1.07655808337705e-17
1.457907637533924e-12
6.621114257463029e-18
4.610552889555426e-23
2.2622196958514904e-29
9.459476355965644e-16
7.770883087752925e-07
8.12597654704497e-13
1.0237348448573327e-32
5.388710556096986e-19
7.860088591066382e-22
4.0727007381625414e-10
3.281950110852074e-14
9.826961296919834e-18
1.3862468243471092e-13
8.040973362918303e-27
3.2345142462476263e-17
1.6583548980500047e-11
9.39936522402339e-14
1.8154586930826157e-13
4.335684557211763e-19
7.346353903879031e-18
1.9666003445877312e-19
4.267270761855937e-21
2.562364094517651e-11
1.3806535049361637e-12
2.866473754747321e-19
1.2195612201488283e-11
1.4984104128477623e-12
3.572033784812333e-19
2.958066799411432e-13
4.0562112287231314e-21
1.5770425022201096e-13
4.525407520671706e-13
4.728775323926711e-14
3.1992656536803643e-19
5.014225982489583e-14
9.442461908408715e-22
3.45051540811644e-14
6.25566689407113e-12
2.367437792009861e-17
3.63607973428324e-19
4.560726929842368e-11
4.7968258535533005e-09
1.3790435558019496e-09
1.0971160266370034e-17
8.367604932178718e-12
8.258150736691118e-09
1.7356289740780082e-13
6.132502411151869e-19
1.547421379856156e-09
1.3165345622562458e-14
4.320160170100939e-12
1.932927435873043e-14
2.087991933440822e-19
2.668322537789137e-08
7.63936388299451e-08
9.564400821027322e-18
1.1020740919450414e-11
5.753573231048696e-12
7.010669416381061e-19
2.2525433501819972e-08
5.119068482099636e-13
9.981662278339513e-05
3.3482353219030685e-19
1.7752197391558117e-11
5.730491413925606e-11
4.369649222930262e-14
4.809664058059887e-13
3.67291611163916e-17
2.355893455305439e-15
2.1477260263491593e-16
2.569275443900277e-19
3.474760204719878e-21
2.3879132308699953e-10
8.506202730532713e-10
3.3640009009594223e-13
6.660127326633966e-19
7.69875206349982e-14
3.568270944758264e-11
2.606141681184833e-15
1.1670735477538265e-10
4.669214374077635e-14
1.711470721989556e-17
1.3841325827008808e-17
1.706501620689873e-09
8.322063890298394e-18
5.725078771230634e-16
2.3698263846127492e-18
9.207783013863759e-46
1.3428171014152205e-19
1.7318249616965766e-08
1.8008722068933684e-12
1.4627429429496947e-14
4.6885834579193785e-23
6.753558101615798e-08
1.0191979040170783e-09
1.7416064322011442e-15
3.001214213801795e-20
1.1877315436981012e-12
6.12272716618571e-09
5.482487877241799e-10
3.3672927421624756e-19
0.0005368394490343188
3.727281863810178e-14
2.668395676897447e-17
2.519283926145681e-16
4.8175495316093535e-14
8.555713869155641e-13
1.8051565914047013e-08
1.1710975575625418e-18
1.5068820476080508e-06
1.2998459958344375e-10
4.197561585187657e-12
4.283287742844854e-11
6.280851711393642e-10
9.199671299101562e-17
6.53819240459963e-19
1.770290544610041e-17
7.564684581669175e-20
9.971047584787115e-15
3.711907915512859e-15
3.4395697262217077e-15
1.6701105948067775e-17
8.692933847419292e-13
3.574963963539073e-08
5.847519283359343e-15
8.847155737997716e-14
5.947693426039645e-15
5.605562166411795e-12
6.676096650270576e-24
9.099413186315469e-11
3.904583477812514e-11
2.5040136965433497e-30
9.787578366032049e-11
3.3951682745822584e-22
1.1455026684679527e-09
5.699365316589587e-14
3.886151383462965e-10
1.253547066748807e-19
9.908079314182757e-17
3.667586739386217e-10
7.256894320977264e-14
7.926253151269151e-12
4.2452293880732965e-13
5.2014255210579926e-14
6.521337339242662e-13
1.7843731640981968e-11
2.1359982827945356e-08
3.515252659479201e-17
3.49428453503537e-13
8.478318356109823e-17
5.843489007794937e-32
1.8112645602066773e-09
1.9023882618735337e-15
8.638763643938613e-13
4.169229061452965e-09
1.1731823581524716e-15
6.2649337371393054e-12
1.3005833783704494e-19
5.638232922106534e-12
6.256568713801074e-22
1.1321942426919965e-15
1.4634056260589332e-10
5.8192128733714464e-12
3.781210272972609e-12
3.668462467573265e-17
5.0085839526051064e-18
6.378931507285538e-20
2.1951620327799768e-17
3.7069094406860363e-13
6.1630178169847695e-19
2.074517562902014e-06
7.291070328555451e-20
9.31097985268199e-19
7.400736366440838e-14
9.68511102975784e-17
7.009960915829105e-17
4.839494230341861e-09
6.021297182209967e-06
1.74837061013087e-11
1.0159110660592746e-17
6.026314121205343e-18
1.884768955024646e-17
4.118222066139822e-13
5.0358532237794215e-12
1.0933816674476986e-22
2.995677030641191e-08
8.355712350224576e-18
4.489817104926894e-20
1.8193084459320495e-23
3.776657496886209e-15
2.394179294228084e-16
4.4681668428703156e-11
1.280124075383657e-14
3.5573891498855115e-17
3.727180864840446e-06
6.408877660726341e-18
6.466753666782703e-18
1.4023424524105853e-16
6.305877823305328e-24
3.55055150368281e-14
3.165025438208323e-13
1.5561641479553905e-11
2.3420104253902248e-12
6.670445277156295e-17
1.0617239073372787e-17
5.867120995510328e-21
9.263277156384943e-19
3.4581961001652785e-13
1.2822099490209895e-14
1.082384100821966e-38
1.2763869611541449e-12
7.681049612693042e-34
9.886516337311365e-16
3.9157660136045644e-14
5.833272429190393e-09
3.871493369916917e-18
6.469856848568284e-13
7.707854440587762e-16
3.1691308658639716e-28
2.5415442879440894e-33
8.093588124820291e-13
4.38388873621875e-09
5.15900069966498e-25
5.4608490768277865e-14
2.2136857534711934e-07
1.5739838531789746e-11
2.625410763015406e-32
1.3175795431330871e-09
3.5997020134752665e-18
7.110562668444743e-19
2.3552328013702353e-08
2.365095874023065e-13
5.2698434593300386e-21
1.725742825603511e-07
2.696813779366784e-13
1.3836249493622627e-14
1.3918703138742274e-26
4.335629654679243e-15
1.495264533545321e-27
2.9672317863413364e-08
6.61898888835073e-15
4.886285260913642e-08
1.3367623646651148e-14
4.264813429703382e-09
2.2737171819424957e-09
5.855590069938664e-11
2.0243174321089147e-12
1.799460464889225e-16
9.465568531071166e-14
1.9701350757511334e-21
2.38647930003779e-15
4.8260505302521805e-18
5.718560008842929e-22
1.860362843906331e-06
6.15747573799771e-22
1.0482027583844408e-17
1.3688575471329613e-22
1.0380729010455508e-20
2.7094759722352338e-15
1.5348126674924073e-11
6.81561825942754e-08
2.174273427442863e-11
4.881876275006582e-14
4.1813906788546766e-13
2.127404249205056e-14
1.3910836182144657e-18
1.0757500142950558e-30
2.358029210018588e-11
1.0194712903458339e-13
3.335714601958124e-13
3.761563379389699e-20
1.8810543330943734e-17
3.696846263440167e-11
6.17644711566177e-17
1.0387689127065544e-10
2.2000097264844503e-20
9.218745792591229e-25
1.1262707585235399e-17
3.752944080493651e-14
3.5725521354192885e-11
1.3021288689471145e-18
4.584303448183029e-16
1.280278173257212e-14
1.3211480666492399e-20
2.1590721495740012e-24
3.097760317545625e-23
2.3484915366769406e-16
6.097507008057646e-09
1.3240597069661525e-14
5.332537563325442e-14
7.287609825329962e-26
1.1648762241944731e-14
2.083814168117598e-28
6.657146028491852e-15
7.037800220532359e-22
2.47583475893147e-12
4.62200902702127e-25
1.0300032716168954e-08
8.167781815957523e-14
2.0832694713772134e-18
1.573872334818767e-25
1.1053665430302293e-18
1.3519507050836202e-16
7.424234949765985e-22
4.4273482413178074e-14
3.168342664725505e-23
2.6665744033035895e-13
5.607686201991145e-19
3.003522938902795e-20
8.990355360930873e-20
1.0008702494756637e-15
6.670423092280008e-08
1.0019482683623475e-16
9.551657021424599e-12
3.29437310010206e-15
5.812810083883208e-20
1.7468177618808323e-11
1.7768488149962804e-15
1.6042069742402218e-21
2.211064955141028e-10
2.885887180938727e-19
1.241313839981164e-13
2.0099406811746466e-15
1.0499865339274694e-08
1.1404925817447148e-15
1.0833099495383426e-06
2.9011376348570717e-12
3.76072477765896e-15
2.514728621201259e-06
4.916670469537826e-10
2.3045527335066898e-17
3.744599586867682e-14
1.2360337907316339e-14
7.914898766174872e-17
3.1820340313729224e-08
4.76422062789091e-16
1.2743353256115606e-10
1.0187916971725455e-11
9.498306448482765e-24
3.2810606919075814e-07
3.3636188347152166e-20
4.690979773347301e-25
2.548599739676805e-20
1.310274706612847e-16
8.56225427238228e-15
3.564475874191153e-10
4.836760523831512e-11
1.0911744409081314e-13
9.57642253274377e-14
9.3838313540211e-18
2.5307980604021644e-23
3.1237370474608054e-21
7.359712644559365e-10
2.3640064233656257e-11
4.965042382433971e-08
5.71813847607864e-16
2.231491544965098e-20
1.6535693317979862e-16
7.944582186847788e-31
5.6843856727576535e-15
2.112024997696716e-13
1.0993813785897033e-09
5.2084953612400084e-08
5.510326017996894e-15
4.4697201796699154e-10
2.341224942655199e-15
2.6507907191472746e-16
6.733955401218889e-15
1.2446120461292074e-15
1.0662370644967147e-17
1.0219203923062484e-17
6.072705445722081e-23
1.1041715386176112e-13
1.9446614302305987e-09
1.2838801464769853e-06
3.229871520575858e-10
7.82919724836698e-12
4.888303749232853e-19
1.0761666441040354e-11
9.700917730165406e-15
8.064278578384258e-11
2.383809323287603e-25
2.187131815091879e-15
4.653021877121323e-18
1.918254463354532e-18
8.506844873933638e-09
2.2792701562254933e-14
5.400607939760863e-24
3.3385013270048984e-13
2.091562466785194e-16
4.1745853477159957e-16
6.494984674285888e-19
9.881623520382547e-24
8.060375582564312e-14
1.3249420784288144e-16
7.2199793167661e-23
7.35343350925523e-12
1.0070354779277858e-17
1.5621607433250773e-16
2.8639316729126595e-16
1.0017605001572016e-19
1.1741321341751397e-14
3.0062921282154455e-13
5.674406980071871e-23
2.504003371017082e-16
3.70781965091063e-17
6.058228767063929e-07
8.367446883509341e-14
1.8569334703866916e-21
5.292210356995089e-18
5.205805867022433e-12
2.8247864942273006e-15
2.5387974254657058e-20
2.5407702742635633e-11
7.058138076016045e-20
8.944965584205528e-16
9.464749632227506e-10
9.527654415062469e-07
2.955814430375863e-16
2.292980347267592e-09
8.887414359744753e-17
2.3081905802620797e-22
2.1703954230892664e-12
6.899643189293039e-28
4.779411114667409e-13
2.3583767799575293e-13
2.8208870163674917e-13
2.3815030341962783e-13
4.067005285329415e-10
3.0372427224031857e-13
4.34488843912928e-10
3.4040752533976516e-09
3.642781990575842e-12
1.97357707174976e-28
1.4980872791800363e-17
2.659916847050443e-13
1.523030099553848e-06
4.417299584008207e-14
1.965718928104869e-21
2.5219487091420178e-14
5.40731351073032e-14
1.1322665384124175e-18
8.613243320242721e-13
3.052961686079484e-12
2.1948266510693543e-16
8.367102733019261e-18
1.2440804100921482e-14
3.841625568541849e-10
6.265102311167533e-07
6.306235586568059e-12
6.368139072216163e-13
1.1883064274281572e-21
9.789515396457464e-16
6.949747604296869e-16
1.9317830369734514e-11
3.423327310134965e-24
9.016787911936053e-09
2.0772321662997185e-16
2.923655267476047e-13
5.902786859749336e-16
6.82910216480079e-12
4.446184630698668e-06
1.6452186617520357e-24
4.826824365133499e-31
1.7629175706791438e-11
7.48724274535915e-10
1.3149228671747289e-14
2.9999183736210194e-21
5.807837553374655e-13
1.1443661893004517e-09
2.8773452615064465e-07
7.648096113425124e-10
3.846755973137613e-19
2.1434158302493045e-13
1.1211500742371478e-09
3.3934578077248577e-10
2.592318353538166e-13
7.91958804172992e-12
3.1877119571416667e-06
3.847861617600912e-18
2.39794523484129e-16
1.02428055364233e-10
4.9905797367903484e-27
5.7261024168246515e-11
1.0598626426486075e-20
2.9582565815896535e-18
1.6298827777022078e-16
2.0770758789202427e-07
9.61891683017371e-10
3.2957385110294076e-12
3.8330638325882675e-09
5.547450960432948e-07
4.338815265214487e-19
9.365166219174715e-10
1.3318972728876708e-18
1.4702319791588997e-09
5.784042807692457e-07
1.4054756131635196e-16
8.074200365274733e-07
2.2132193432904232e-11
2.4509418095857464e-07
1.3968404767520436e-15
2.5683240619732473e-11
1.9691929298908596e-08
4.8606485078921614e-17
5.253905836836824e-21
1.974647242578963e-10
5.865407169934438e-18
2.975329140218819e-10
2.3581127807000354e-11
2.795638057988383e-11
1.3459340882408418e-20
5.599218499535281e-17
5.792638625916593e-23
9.301793427529048e-18
4.543315857697104e-14
4.6636149687973165e-14
5.106574800750384e-09
2.9584294875103758e-12
9.694207451193729e-21
4.867075519483665e-16
2.992389914039765e-16
2.629530810965287e-21
3.45104902453033e-16
4.787816151000645e-16
1.1643099063834597e-12
1.9462197499503596e-05
1.5851857376818744e-13
1.6804434635432881e-07
2.0523248149683936e-14
2.071999242601199e-05
4.367071200408158e-12
8.909398161862412e-06
4.075156218560747e-11
2.439163820540254e-12
1.5382541265982265e-10
1.6881609582473495e-28
1.1685133573880548e-16
9.770505151359904e-16
9.99538800194033e-14
5.7893019813177425e-11
2.1083827771004836e-13
6.8828898936480554e-18
3.861079760736275e-12
2.3435507049220035e-10
1.7638718213160003e-10
9.259146786082244e-17
8.64511081204124e-24
8.842032762229024e-13
1.2944208460506892e-15
5.722512078562536e-23
1.792611504890916e-22
6.458867662721733e-07
1.1913941113588242e-12
1.2192618144028201e-11
6.186012177510746e-19
6.613069556486621e-14
2.7807264885659244e-12
2.9940557938316914e-15
7.719569815955863e-10
1.247933685949854e-19
8.759614568396976e-39
1.125658121169145e-14
4.64247300631422e-12
5.0412879174577316e-17
5.705275837753032e-14
4.0558266664944725e-10
3.405007477625388e-13
1.7225111740695266e-20
1.7341822138241587e-15
2.2465813227400078e-17
1.652970674236428e-10
7.775880930488273e-19
3.366917902314957e-08
8.606626456205045e-18
9.167182596592366e-14
7.507038215203029e-16
6.36966150465608e-47
3.3737733135615266e-22
1.1663886941050372e-11
7.628138662567385e-06
1.2999407129413474e-13
9.309657815572116e-21
2.329710981420625e-22
5.218966952661664e-09
2.266621506610842e-21
4.0793233904021845e-19
8.075844898696411e-45
7.991455316830406e-21
6.453877955979465e-16
5.918581075391172e-16
5.8447648829381716e-08
5.3219186812738214e-11
1.179070982620066e-10
5.460405580514911e-11
3.4366044167089005e-19
4.584349380586792e-16
5.169677016183274e-14
1.2451583810234169e-14
4.252347673007072e-11
2.98202588047627e-10
5.510559062890527e-15
4.97183136363811e-18
3.0218556520272224e-15
2.293354477740591e-07
1.727719757057803e-26
4.1668924942318205e-14
3.63062330763077e-24
2.736978405323488e-10
5.832822683927517e-10
2.180982461986914e-19
3.0234934912617895e-11
1.440516954923439e-12
2.658207631321654e-16
1.0903368930869437e-14
1.5754914753461533e-23
2.7618424413728443e-12
1.0227198154682638e-10
1.7344023069079935e-17
1.9592539551828023e-24
1.2180378628709131e-14
3.987337486118293e-12
2.4719444576700816e-14
1.2271821213871105e-13
1.7570505808181538e-18
2.2866894426978716e-09
5.78676079710745e-17
3.932606106195859e-13
1.2165193352296377e-11
2.773621768055608e-13
2.1610397587380267e-14
4.7129069851259204e-14
2.7839037370147313e-15
3.903923754615395e-13
4.505738663083574e-13
1.0186852559970361e-08
5.383240639949473e-13
6.4115720309224135e-12
2.5967343254574128e-12
2.985265520973168e-24
1.3368409169699575e-19
1.6339452121538497e-15
1.5414538946056972e-12
1.3601645909829575e-10
8.777848886427559e-13
3.553772344042782e-15
1.049085707097007e-13
0.00012589179613235033
1.3103656933652965e-18
2.367569088448163e-09
1.5820868568936301e-18
1.0870050224356619e-15
4.014944368171745e-15
2.0481437537832612e-14
1.0725727130416174e-08
1.352745985399586e-14
1.0804728786557568e-15
6.463393592842799e-24
1.2293153696127834e-18
1.3176881823424312e-25
6.089215690246032e-20
7.160441907210472e-22
5.1790781407961166e-20
2.465088772367902e-16
3.443349788039574e-14
1.16561796121437e-20
1.2545328393310483e-15
1.1568703824850315e-15
1.4274216250015467e-07
1.4818726301180273e-17
9.568480486502296e-19
1.2506685478952384e-13
2.9878936818646126e-20
1.315378421744321e-21
1.0252981626656482e-15
2.4212321126390688e-05
5.4158493543825925e-21
6.296068761594727e-11
1.0803747991884132e-08
2.842447199003177e-17
1.249700476092307e-06
2.702017834625813e-15
8.803345449388803e-11
1.1015504254009614e-24
3.377194910252042e-16
1.5912535511714153e-12
6.087104906776335e-13
2.379375379262504e-08
8.892118299092632e-16
6.96964609465887e-12
4.213464190061869e-16
8.503255619005324e-08
5.0199486202714045e-18
2.949287501865245e-23
4.619973154179326e-15
1.8184493708762284e-11
3.378667826059742e-14
7.035817406078996e-18
1.036679923702302e-11
9.312626869069131e-12
1.5079908754282922e-10
1.1849372513646717e-17
9.441193793920828e-18
5.434398298451772e-08
1.5986572580454137e-18
9.457009736405018e-10
1.5443305906577256e-09
1.1507766176387211e-19
3.1835226716698347e-14
9.4478613876814e-13
3.7717023559519433e-13
5.626113582806676e-16
3.3923737939411878e-15
2.2403268956812573e-19
1.2171569795467391e-12
1.0125599419141452e-12
1.6280711491155984e-13
2.362670139028857e-17
1.5668588484568435e-14
7.863606213719947e-14
2.125359789344973e-34
2.647857239461457e-17
1.4029071106316019e-14
2.7671969727774233e-13
8.512647894461082e-12
1.3511785736282274e-13
8.765344985558619e-17
1.7913238229456342e-12
1.462260222161836e-14
7.644716408227853e-21
2.7364601103373773e-17
6.0932492896157035e-15
8.066979274874235e-13
4.287557066403602e-06
9.472414677437841e-12
4.350368885822592e-10
9.309789831118232e-17
8.678125455877123e-13
2.201256619167297e-19
9.414501668369132e-11
1.8884559691441892e-16
1.549978294677655e-25
1.4629808430929421e-18
5.047656440987029e-10
4.1275156236465834e-19
2.5924678918874985e-13
1.2596316812857556e-16
2.8647943540643693e-12
1.644343977313854e-16
4.354850966628597e-12
3.915585041159095e-12
6.093248604469051e-16
1.577622863061228e-14
4.0495663777750386e-21
6.975887778327174e-23
6.093255331245814e-29
6.608958493314242e-11
6.61930471036539e-12
6.205483039814114e-14
1.0067519463679828e-16
4.580751226882606e-17
7.68888998017372e-19
6.662014190932723e-26
4.153929563147276e-17
4.308937314949323e-13
8.140524476734909e-17
4.884172687141003e-15
1.0971391517640073e-09
1.6962846918655828e-13
1.417838327927006e-13
2.408655094975921e-13
1.661793212035442e-12
7.098152656576548e-07
9.894494168513355e-15
2.7976168775452006e-15
8.035100831624266e-09
3.0233644745743416e-15
1.9122151060221653e-26
9.041406280865834e-19
6.730603964796405e-14
2.464034079505188e-13
3.142792554672528e-16
1.875067831392681e-16
9.73743878046395e-11
9.206444961477431e-18
2.7802953475199437e-51
1.9443376225231697e-13
1.1508623090807648e-16
2.6379206376717684e-21
4.550737294186054e-06
1.1264735487242783e-20
3.06837494136287e-10
3.9130146160499814e-08
1.135288166665173e-14
2.0713260712393824e-07
5.953336119023586e-10
2.152728687729984e-32
3.9692901738725307e-17
7.628168980076555e-25
2.847353935503014e-08
3.4398397222221464e-19
3.2368828073052484e-11
4.509076176774583e-11
4.414662173893281e-11
1.848309181861841e-19
8.742767355464437e-09
2.704854042841262e-16
5.225408544394195e-06
1.8476357283744875e-07
2.241323038598702e-21
1.785357328546073e-06
3.035831003170691e-09
2.0857009335871947e-20
1.3734022728059189e-09
1.1449763676060257e-25
1.4827758931969175e-15
2.899635737776388e-14
1.4108891788307237e-10
6.379636241255584e-09
2.0708367020441323e-12
2.071469833662421e-17
2.2757978708685838e-17
4.294858090338933e-13
4.327367219788362e-10
4.959620787780432e-15
3.497302914328929e-07
7.001686232765853e-06
1.4311572503514218e-15
0.0011216678213099018
5.49728192418946e-20
1.794404580403224e-15
1.1556568428349904e-13
4.848028374799229e-13
1.771738636212851e-08
2.3825580034912683e-09
9.677322153130206e-14
8.70740974147743e-25
1.2267873851088624e-12
2.0565909520012776e-31
3.0038944315404463e-11
4.8713254112707675e-17
9.090743327902583e-10
6.041915428091049e-10
1.8634341604127666e-16
2.8367702831175125e-08
1.0087450072844965e-17
4.68012916970265e-10
2.961483598407781e-12
6.618626833185408e-36
6.845972067589692e-18
1.0531428021972278e-19
8.042600141556035e-11
3.247113478721843e-13
4.2711697746886996e-30
8.35469583893669e-10
5.064501404595328e-15
9.074748594944156e-12
3.442952897345888e-07
1.8736873344915407e-14
6.175982577097489e-10
7.345807677781583e-33
3.5688271472707517e-14
2.7386475692389604e-21
1.2675405596694e-11
4.118898687139068e-16
1.958646316613489e-09
3.914250641676094e-11
2.564505126126666e-11
2.2933136503377017e-10
5.445823786955937e-12
3.350653310504267e-16
1.4308556664810394e-09
1.374483667483298e-17
1.0248188031358554e-17
1.3271398087939669e-18
3.728418619241049e-12
4.791634253813896e-11
1.8959225204939578e-17
3.902858739319685e-17
4.1806463908504283e-14
1.3591622412881813e-23
2.8657635325191934e-17
5.703756245095094e-17
4.26170083004862e-19
6.363380961224127e-13
3.047805804606477e-14
1.5900476491828692e-17
1.6649365421243956e-14
1.0552978147672199e-16
2.699048673023182e-21
8.385901201250344e-18
1.6865834161120298e-07
6.537218548419561e-14
1.3917155753529907e-22
7.527702394093525e-15
3.6731846601048605e-14
5.179694734914334e-16
1.017774261833303e-14
2.9363560413976445e-13
9.310399584060965e-07
9.311577089268927e-12
3.4363232855447262e-15
3.4348680673723886e-12
2.522490913226924e-14
6.0353561000902905e-21
3.3949532881104544e-13
7.417045429933233e-15
4.740738625477944e-13
6.406799406985905e-16
1.6489390045021214e-12
1.4425859934927842e-05
8.528873668557305e-15
2.8790633715715594e-11
3.547811889432449e-16
6.860572345337335e-15
1.1792841527654426e-17
1.231722857909197e-20
2.6069105070767016e-10
6.328030293233436e-13
3.4403503766746203e-16
7.874292194906069e-12
1.4062722865620107e-15
1.2791681874928684e-26
1.4490409287389183e-10
8.874334713743164e-15
5.9135897545027116e-21
1.4549419925412383e-18
5.257652763022713e-17
5.0257545381920727e-14
3.2528313338426214e-13
1.8508526331535288e-10
6.878464889257172e-13
8.993132544441167e-12
1.3016973599382708e-25
5.34833020002405e-21
6.754587001969873e-15
1.3575326277404638e-14
2.17343513062817e-12
1.6487739731585313e-14
5.46793222372601e-07
1.7346310832575356e-15
6.974159449089933e-19
1.54138086741782e-12
5.733079170967137e-14
3.8512273183066664e-14
2.288901661867895e-19
2.608538758520877e-12
5.828888189356562e-31
4.8636483163003544e-11
2.465153826872786e-11
1.0420455971081731e-16
4.140935525733516e-19
1.4017570944465791e-24
9.774580445214944e-18
2.7304899034005605e-11
3.5165337482153287e-22
1.2407015999975894e-17
3.268401614937655e-13
4.688904860538911e-18
1.592372852992982e-11
6.781394185721891e-12
8.617014922995016e-21
5.962605845332745e-13
2.2753207226345776e-21
4.847398751450641e-13
6.550136934879064e-19
6.6207273445038e-10
3.5725860308467955e-14
4.082876778239505e-14
4.139040325823286e-17
9.246941418529361e-16
9.687919373663123e-16
3.4396867431003867e-11
2.9904943150424753e-09
8.458753331794112e-11
1.2321180875781404e-10
6.47441380627119e-24
6.526372647613509e-12
4.794823911425132e-13
7.83646850297365e-15
1.677614112795264e-16
4.422183978463966e-12
8.274783219468896e-17
3.8849924199424646e-10
1.3461295559012564e-16
2.2325300286037685e-13
1.0930837138867316e-15
8.458931606590505e-10
5.44108842358841e-16
1.4820745304531535e-15
1.512424845517737e-28
4.2304535404571976e-05
6.55384872124029e-17
1.0728273531795437e-15
4.7936292099943073e-14
2.00968291695963e-07
1.8605538264929223e-20
1.0250359829729688e-17
3.960901591451123e-31
9.261836761257641e-26
1.5748938320058644e-15
1.7407704343168398e-25
5.890523701323997e-22
1.6295168608420565e-13
5.764064223932158e-20
1.0075731783836127e-11
3.928945381463781e-12
4.323635690445804e-13
4.2100989130924066e-13
7.320052861631518e-20
6.105475448296254e-19
1.8844500019990051e-10
1.7876534293132448e-09
1.0700323640823113e-17
1.481459989127182e-06
1.9852651521402766e-12
1.7056259748123734e-17
1.340459636031043e-12
1.0195249418615836e-26
9.281309498271867e-18
4.1589395779528396e-22
2.3207048248959763e-19
1.678210568161092e-09
1.1786196038013983e-23
2.4690143228077523e-17
9.472435892668267e-25
4.640380396126386e-24
7.435993854573911e-10
1.720014742882707e-20
2.5007383075208737e-21
2.465175152881507e-11
2.1197535988610168e-19
6.548534900634292e-09
2.3949259469536577e-17
4.186126294085615e-10
8.273876550811826e-19
4.339041829129445e-12
3.767987151122648e-11
2.3927379144403095e-13
3.0991255847538195e-56
1.6343875409296148e-23
3.536398649900968e-16
2.459752711842313e-13
3.4847090312521096e-09
2.5743807462876577e-19
4.301265650164056e-09
6.038275471582972e-16
3.091690455784145e-12
5.248775088823012e-19
3.911737793559283e-13
1.900853148347538e-15
1.9844493743663794e-18
6.737833129904307e-17
2.4715173868122843e-14
1.3639579531354694e-14
1.7702915501648963e-19
2.080756426434663e-11
9.171267124796866e-25
2.026947273138069e-12
2.418945316050175e-10
4.722669928205864e-13
1.3827660230232304e-15
1.1291686403355729e-12
1.1512508218415658e-20
1.0744548327431029e-14
5.629975342294755e-13
1.0123197332650826e-20
3.087308355882533e-15
1.2473962873193757e-15
3.6178944991395335e-15
1.8504893251805494e-09
5.110110553757224e-18
1.0695980355994848e-07
8.928473071174556e-09
2.5041632440663187e-09
3.874438227443748e-07
1.8520674902696647e-17
1.7624813304898758e-20
6.756987512899015e-22
8.39729052830043e-18
8.77575184369964e-17
6.142851469818427e-19
4.2543905401672616e-12
5.302791161699582e-16
1.220587066086598e-07
1.072079938643803e-19
3.255108198831429e-17
6.634751592565463e-15
3.7412055875864457e-13
1.4466368087313815e-15
4.532204180585916e-11
2.476708960463327e-13
6.248585828285962e-16
2.8063256312991103e-09
7.718315614515398e-17
1.3069987191684933e-13
4.206450278560748e-20
2.087632492069228e-10
3.120355577232475e-10
1.6221614540797799e-22
3.9621646212850685e-18
2.976944874271637e-14
1.1658441245079735e-08
8.240942548890762e-21
3.0108371952756186e-07
8.302625643586015e-07
7.930954395342125e-17
1.8093996464178382e-10
2.2180037948890233e-10
1.0523316641555253e-05
4.546895812641344e-12
5.877929715389071e-20
3.907227881472327e-14
6.285996408153573e-14
4.548306427043079e-12
5.726523516089022e-14
2.165395544055821e-19
2.9957191101475575e-09
1.7778085939946596e-18
5.680086170719935e-09
9.213528015924106e-13
3.416774434452703e-16
2.095519938322688e-16
1.5080202269185436e-21
4.0077501254653444e-10
7.999023838636507e-08
6.758937685670381e-18
2.3304044995504947e-17
2.2690363219546534e-07
1.720939156779131e-13
4.3994505134081684e-13
1.4472675880214664e-08
0.000261330394970425
3.986442104957955e-18
6.8219910321819365e-15
3.8675599205762196e-15
4.938202972803284e-14
3.0628204931273347e-12
6.139036297607333e-21
4.0512107577055723e-14
1.37661756375352e-19
2.146403634349415e-12
2.162555029868623e-13
2.573716238172499e-14
9.096103480872591e-18
5.945474849268999e-09
1.323540206477718e-19
5.776255034869317e-19
3.2058864801488674e-11
1.018135501755155e-12
3.0457242009464415e-24
3.1815740437845035e-12
6.121863934541366e-21
1.0300158084297697e-09
1.4106783979948785e-23
9.883565673794117e-19
2.5665440150831057e-13
1.4027578272899713e-24
1.6731382226010936e-14
1.032287574880285e-19
6.308472661457021e-15
4.697356890520979e-17
1.9490054043793237e-18
2.1318393498180114e-18
8.444035483983286e-14
7.928966491525728e-08
5.208970780465822e-12
1.5097832406593595e-12
5.570768450109219e-17
4.157972621778721e-28
3.6292765606547756e-17
4.627194200305853e-25
1.1006763717410273e-15
2.5705850266162795e-22
6.876873670637922e-16
1.1156938012650674e-13
8.141031631870272e-08
2.6620124935408975e-19
1.3757531124537933e-20
4.8700553954213366e-17
4.013783746156205e-20
2.2311890241745593e-14
1.048475363881945e-10
8.919692647086677e-16
9.15619452881499e-19
1.2112752881966226e-21
3.9780479029482005e-11
6.351318620315721e-20
6.864198859021125e-13
2.0683849466782445e-10
5.385580943588328e-21
1.200482120668818e-11
1.661435973754621e-11
1.572611956465744e-19
1.9595812584112705e-08
1.2454690224402704e-19
1.0365395209067122e-14
5.349850674646513e-29
5.417319169974499e-15
1.2614345101756767e-16
4.877814809927048e-12
7.133693374555146e-15
7.587929038464925e-13
1.5308255305733103e-11
1.0137725024006599e-11
1.1224554063435454e-14
3.0316593521148376e-15
2.534668838273919e-10
2.1955137756471205e-18
6.570754168153622e-13
3.8253082247654243e-14
6.635476846756874e-07
1.080707485192717e-09
1.9453984708350065e-09
3.729002652957289e-21
2.9430492724670555e-21
6.573719999603239e-15
3.7370549153888217e-19
1.2878005550252582e-10
9.602242560220244e-16
4.658050378178352e-12
1.0627739922718222e-11
4.964461532065882e-18
2.554513291052141e-22
5.829737114984068e-13
6.032027790118154e-08
6.327050486960471e-20
2.472567720015538e-20
1.7766634679223297e-21
5.878548859150026e-17
1.0991595507778426e-07
9.540324246558182e-16
2.1397759088649603e-15
1.2665779742142525e-07
3.831788625604673e-21
3.029287278053593e-12
3.2403507266373487e-13
1.492115203143089e-13
2.885189609114987e-17
1.4558145065809508e-16
2.0342783539720926e-12
4.9464911705526976e-08
6.1758218126625096e-15
1.163861800189878e-15
3.147758191099268e-13
7.003239862081614e-23
1.7172897223554051e-16
1.618907265351765e-19
2.5434681652163796e-12
2.179300145810195e-08
8.995197212628328e-12
1.8894196202537866e-08
4.9185598004322965e-09
9.010307881833991e-17
4.087563454594941e-24
1.7160775337726462e-10
2.3104588355657606e-11
1.884882568635706e-10
3.491289846492742e-16
1.821182206461336e-13
7.060735169768756e-13
1.0937864707457174e-08
8.480072776856216e-15
1.923383226483069e-12
6.655069542651637e-13
2.7062537251608723e-06
1.8965723948607382e-16
1.0394139557222125e-07
4.0967251117762575e-15
2.994322412832256e-12
3.017691488601485e-12
2.645981812417893e-17
3.64832473492099e-08
1.1628474314004281e-15
1.4551997509969408e-13
8.842014014598962e-11
3.521698044552095e-12
6.172477038580773e-17
5.816216011667915e-09
1.1974688192349733e-11
7.259710827898144e-16
1.107708405128056e-15
7.501483079704772e-19
4.540991412760486e-16
4.828593618157637e-10
2.1727969439894408e-12
6.45885583548438e-11
7.604796266172983e-11
5.4692984222356404e-14
2.2440071055995152e-14
4.453794519533087e-13
4.342706692355477e-11
6.829354478879232e-14
2.1282428138685247e-14
5.900765446576195e-24
1.0790499154765913e-13
1.0413397700269009e-15
9.021162774398672e-22
2.3218580541876004e-19
6.72242560892076e-15
1.68824180422883e-08
9.723778969519519e-12
6.80260307684404e-13
1.2830664604010573e-10
1.6443732613407982e-10
1.5147546936151026e-12
8.243037772502981e-18
2.2431185631676944e-18
2.0717002881177634e-18
4.7170493997016304e-15
9.059700005463673e-10
6.73310134211918e-10
4.247790737012812e-12
2.9212373508502106e-17
1.3592011946716379e-11
2.0506615910476303e-18
1.8676291528214475e-15
2.425257374056242e-22
6.170944337103212e-09
1.4360230575347277e-29
7.89474006934332e-14
2.5897973488206975e-16
5.20715156229514e-24
1.2404316932206353e-15
1.193211922948471e-15
4.177604023858013e-29
1.2468629644693649e-17
4.9769064597902736e-20
2.1195168726643529e-13
1.1272694520749426e-17
3.5582440088832026e-15
5.559747755622667e-10
6.262138725511939e-17
2.1658770822798925e-17
1.7934564621271006e-11
4.628190660667623e-10
3.3732962071720075e-16
3.006352191615748e-20
2.449731517111275e-17
6.676589095493429e-15
5.675309911946178e-17
6.306030352441699e-12
1.6238861961587157e-11
3.3451332471831145e-12
7.830374799384597e-10
1.3474398845605039e-11
2.0452564514525753e-17
3.2600112989513515e-07
2.72191804348058e-22
7.126559104360615e-13
6.125055833192922e-28
1.789795629030135e-08
7.309305334892752e-10
1.4274205290486286e-25
6.152898401404664e-25
2.0552572207122095e-19
1.5167262944000407e-11
9.853940883202008e-12
4.42653897319562e-19
2.0658422574624584e-17
8.048611878566367e-19
9.301115003369518e-17
2.8217269466887445e-14
5.102400210661765e-07
6.082418772089156e-23
4.4558222941600894e-13
7.193216641847443e-18
1.0969630935706563e-27
8.334200823070951e-29
3.94936625829934e-20
2.462033278546363e-22
2.507556979846223e-16
7.172624864447338e-16
2.202635248674802e-17
1.8494179240328902e-14
2.8680202399893776e-19
1.78012125042693e-14
4.609290925403586e-09
9.053912465693775e-15
7.245050813787707e-10
5.279998976709754e-19
3.430973839883078e-15
1.2587759585683108e-14
1.2216691805981112e-09
1.3670977986120357e-16
7.751568446094626e-21
8.272598930162432e-26
2.308901568034042e-19
1.4331629543821533e-17
7.729261425647765e-20
7.024412327154226e-17
2.807726116572466e-12
2.872004916640199e-16
3.112878370056882e-14
2.3814630780686694e-13
1.849467412344252e-22
9.615013308426788e-21
6.081473152451801e-16
1.50837946227892e-08
2.326264613982269e-15
5.612560826936912e-14
6.257425920286796e-17
1.1046659100670446e-11
5.723419293584228e-15
6.0095579997414074e-21
4.986602765518168e-19
6.522919226204647e-15
5.4535406926166825e-31
2.4734585156218666e-42
3.624564934708169e-13
9.945962676531546e-17
0.001378504391302035
2.500562287174745e-26
1.293613716234677e-09
6.65094487154573e-14
2.395015333937748e-16
1.3622513608236787e-12
2.3256402832474392e-32
3.91112974597441e-09
2.8446524657638104e-25
4.3067961748349594e-20
1.776044211494449e-12
4.5397927959153375e-08
3.0464483990628477e-12
2.9234674585961138e-15
3.4645696786541324e-12
1.4915386731563978e-10
4.039337896913927e-11
5.339145765183003e-16
1.9649943208623565e-07
2.1466177839456256e-14
1.2243680462795677e-07
8.968109445336881e-23
1.449484990404282e-08
4.609917657215859e-16
1.0725552971056017e-07
1.450089714583381e-17
2.374312215769933e-15
7.707780199873277e-24
3.5117920682043973e-22
1.929925074227232e-10
2.754464464855439e-19
2.122153568456888e-15
4.8647605948797924e-14
3.4681324708335054e-17
1.6385681857383163e-15
1.7562475960384522e-22
2.551066699828035e-10
6.066753677874977e-21
6.088945251953546e-08
2.8515612640960896e-17
1.557205348006396e-17
3.1165739861325425e-15
7.107573020736313e-17
8.762820343242402e-14
2.1952054665434055e-13
1.0086294900982316e-07
2.0362256667713078e-11
1.269241977983816e-12
3.6698469087747054e-26
2.4950886415443104e-08
3.892733436802969e-23
0.4798009693622589
3.2642637414931673e-19
1.2998652593693174e-12
1.2977831503404545e-41
7.994406296955877e-19
8.736977479479096e-16
4.9230958784407987e-11
1.2987233436816613e-11
3.777577727551609e-15
5.488937377157849e-10
2.0677769302349257e-06
2.1366711184686986e-13
2.559176241832467e-11
6.25540210971824e-06
1.0515111143910487e-08
2.1258527262513864e-16
4.885115314028724e-16
1.189193843782882e-08
3.9613784837054264e-21
1.4350270690881045e-12
3.080044404642175e-14
9.945409630756475e-09
1.2735988388624854e-06
6.569864163091682e-13
1.6393086751174788e-22
2.8379305051021913e-15
1.0365351734415031e-11
4.780287733548944e-22
1.21745819740517e-13
5.521806430402397e-14
5.1825087190418514e-17
2.3693834838022808e-17
1.033895955329835e-15
1.3836518785791838e-13
1.7573009375239036e-18
2.839898103980374e-07
1.809317823561354e-17
2.3595927658293685e-11
9.241222685613233e-22
3.9655913671191035e-10
9.929462923672616e-25
2.4848110766785166e-20
1.0001409458920944e-14
3.597302345635059e-16
1.4946516170324725e-18
2.89591003564813e-18
4.530579301805292e-17
1.2573415394537566e-09
1.3586347516924968e-23
6.22040021665079e-06
8.704402898296882e-22
1.591950002110232e-07
3.208833400014769e-16
8.430609802072932e-15
1.5544332854937613e-14
2.012436409036792e-13
6.479797665746504e-11
2.3683909406998183e-15
2.0668476992953856e-15
2.616667132744637e-43
1.3108294241824933e-14
1.2562925922779014e-10
8.032033437796939e-17
1.0487269622108294e-14
5.971905036149979e-17
6.955778003315672e-15
2.2971761657549845e-11
3.3862268334653693e-15
8.364147845346152e-21
4.1204069115414695e-16
4.465545262949215e-13
1.8409866044383234e-13
4.506956080513884e-21
6.529108489444759e-20
2.7761348045891156e-20
1.0659282850126342e-10
1.2450920908542178e-21
1.120815862425073e-14
5.285408449678548e-11
1.511590479673092e-11
3.23515509280044e-14
5.052968061852832e-12
1.523415605853934e-10
1.0448072356596784e-17
4.463386977086381e-12
2.1081289359591534e-13
3.970611459341185e-09
1.1145662354298941e-07
2.7293762855266666e-10
6.56222449512524e-18
2.0133481216742072e-15
2.1198709803062303e-19
2.6119280390424706e-16
4.125398798348881e-14
1.6480530476681706e-15
7.599101290771701e-14
1.947402357971743e-12
1.733316216197621e-17
1.419405580712665e-12
1.3585857866780974e-13
2.9647528119672457e-05
2.8815061442185925e-17
1.3014505921152825e-08
3.2259606210773362e-27
2.8166598843625744e-18
5.124891986669378e-12
1.949348216225038e-16
1.386823278124752e-12
3.4155368228943125e-13
1.967686711282089e-19
1.4171266375394728e-11
4.103251484357434e-17
9.99045076426185e-08
5.103320291738121e-10
5.073049929048004e-22
2.853012542462816e-23
2.219436273899087e-14
3.762168822418604e-16
1.3038774571021352e-21
9.173719567010997e-21
1.3079312573821443e-10
1.548692535744538e-12
1.3046704919852872e-27
1.2503369316819801e-10
4.0991059682130234e-13
4.073617517992898e-14
3.000403035129241e-10
1.8255116695462867e-24
1.851632247216628e-16
1.3125735605963194e-05
1.2183800545931691e-23
2.1104550053270545e-18
6.9263230192268536e-15
2.0776770463783151e-19
3.308308647646011e-11
2.6191832459204978e-06
2.2021699633029805e-19
6.931187234546668e-14
1.3193282371783922e-16
5.324341862244288e-15
3.9796315788639993e-16
7.190219146593703e-26
5.587669937710884e-09
4.808674817423021e-19
1.23044639234666e-17
1.5568387617767978e-13
7.354103878397214e-11
1.4206472067660418e-10
1.8953957694791335e-10
4.4979241094620424e-10
4.249581979914381e-12
2.8210675926896003e-14
1.8332933625524465e-12
4.319856760960766e-15
7.365180669436736e-14
9.727808316100525e-13
2.6566789941235766e-09
9.801241528048317e-14
5.886093405341177e-12
1.3295342358922922e-17
8.775751538413949e-17
8.149590463663645e-44
4.092201345122894e-12
1.4045588449121004e-19
4.916540385845852e-13
2.0372473204052906e-09
2.3730607012546315e-18
1.8788574741465703e-08
1.0607429347416647e-14
3.842353270583739e-17
3.234740416320493e-21
8.425792422281572e-21
1.1878591969686015e-05
4.392062115391141e-15
4.937863775110855e-21
2.2673354135580963e-19
6.2163485964861464e-27
1.5820399170929535e-13
3.456760449714584e-55
1.3744616076170222e-16
1.1702536643989442e-25
1.4956034048302133e-08
2.9031219442002307e-11
6.02429803557638e-17
3.997844796391576e-11
2.5352378106489026e-23
2.0388753122192064e-22
1.528739731992379e-14
6.746462903393677e-15
7.447552140936553e-19
3.347840086766235e-25
9.367716455919205e-14
5.0103091785508745e-15
1.6381949456326128e-14
5.5463826048922546e-15
3.170592804360805e-09
1.1357858471770268e-12
1.627770863959879e-20
1.6890128180824883e-09
8.696177464633215e-30
5.538086789510008e-33
1.0905875394804295e-13
6.607082178755942e-14
2.988744041133175e-20
5.1410194000324583e-14
1.206861968071787e-11
2.664040676224588e-12
9.039521757167477e-17
7.730363008745962e-19
4.0578982365615706e-19
1.9867807632916135e-06
1.056231822633922e-07
1.5709698846775598e-09
5.867921112939788e-19
1.1738935177006428e-24
1.0468912409835943e-11
3.3321376956033117e-19
2.8674026688162424e-18
5.790059341282874e-52
3.0346068296868467e-15
6.091227957512702e-16
1.0150291754174497e-13
5.83827704314588e-13
1.1311344117137141e-11
6.522153470022419e-17
2.198842800753184e-11
2.0663029060668925e-16
1.4509741714878507e-19
2.1784938819035635e-25
5.491099069551703e-20
2.909021359318317e-14
6.775035884577086e-11
4.2490710226149264e-20
3.2249825272619744e-11
8.137882412804181e-15
7.0438279029735466e-12
2.508230336723579e-28
3.203598038269392e-07
7.127006829008283e-21
1.0156547988106133e-15
3.2046910588284167e-09
1.8115277855642679e-09
3.228983311883229e-27
2.2863201338797505e-07
4.1564954070463205e-17
1.1800721664460995e-12
1.5577634464973971e-19
4.079718571842887e-19
4.113656645115259e-09
5.380529860238347e-14
8.260534537151308e-18
1.3810842889399044e-12
8.750199449901576e-12
1.716010186860212e-15
1.8644154919160588e-10
2.508460153811025e-21
5.545918910454663e-58
4.178330154692758e-14
2.6336514013297996e-19
3.972755338855708e-13
2.1317647622218123e-13
2.4889410507490048e-17
9.728711929244653e-10
2.2399534131400928e-17
6.257245870404544e-08
2.347299424676627e-11
1.8138795781988583e-21
2.5316655148082566e-18
2.3826900178907373e-09
4.804690424277457e-18
1.7970452263366968e-15
1.5037299502190109e-06
7.153751288200761e-21
2.8265861051003984e-07
4.2557700516472845e-15
5.154363274993117e-09
6.275337929018908e-12
5.749001530632125e-16
1.7401411846537774e-17
7.779382067541284e-13
1.5781023064070151e-16
1.4472959359090828e-18
2.3300863602784475e-16
5.3375972097809275e-14
4.72686081923424e-20
8.725168351067468e-16
4.833132505295162e-31
2.3155754078803567e-09
6.308548608254415e-14
5.004359454700392e-19
1.0563541180554177e-19
1.8839424453739338e-19
1.374198216818733e-10
6.427800260624883e-08
3.940024900768419e-19
1.600256310520605e-13
4.946837599683601e-14
2.926548354042685e-10
8.50423377253766e-21
1.260533576707773e-10
1.440664647201658e-14
5.570904368514619e-09
3.441167792373925e-10
1.2416644160514718e-09
4.1761363079216513e-11
3.358572889608832e-20
6.068259400869608e-22
1.1168643087746704e-11
4.969818313875887e-10
4.719785643685846e-09
3.3005493265481136e-17
4.812436460939239e-15
6.357132107962208e-17
1.905967909004572e-13
3.795267343683635e-17
2.5801979261507331e-26
3.2720538180853714e-11
3.1927311012820106e-17
2.453139789489572e-19
4.723834930643167e-13
5.4966418698095325e-17
1.8937126905635327e-11
2.1242791802710486e-10
1.1999406469053416e-18
2.360196631045295e-09
3.54349258822725e-20
2.6657293872835727e-17
6.696989033324563e-12
2.6948540479301573e-13
1.901593196840081e-15
1.0442219865538926e-11
1.838224239074448e-12
3.364764514663633e-15
2.0800100321657638e-22
2.5799641335626993e-13
2.048176340943922e-13
1.3214026402003145e-19
2.4238300557927624e-18
4.30143981909647e-21
1.784941866498707e-14
6.345717202596989e-16
1.0238039305908916e-20
5.4639994946604886e-11
6.260104672863187e-10
1.9921897369402694e-12
8.648189758600758e-14
5.142274080093953e-12
9.272012728084854e-16
4.5494343370628185e-09
3.039492811348083e-19
6.526768678578038e-21
7.063913095839794e-07
1.389447641755681e-13
5.619153767849219e-17
1.903953574472731e-15
8.829272576845801e-12
1.0473030351160759e-08
3.2019463208856914e-15
1.4783042427107726e-16
3.674473025142173e-11
2.9340274664910578e-22
4.538461154192786e-17
4.847494505928934e-19
7.240480440055385e-18
5.2874621234535716e-17
1.8029699877659795e-06
2.011227419829119e-13
1.957931359339038e-13
6.218160815840107e-10
1.0706947887844515e-13
2.793239346144316e-24
8.940694489540029e-18
4.184278674967374e-13
3.2731121478898937e-07
1.2752669271615697e-12
2.571050680491215e-09
5.430690944329149e-19
2.4024548195413697e-19
2.1233862860236891e-13
1.6955450535943697e-07
2.294230942314415e-08
9.06817364719473e-17
7.294345490002269e-07
8.309722341242241e-14
4.9588973939243075e-26
5.224509586218447e-16
9.90350943735388e-08
9.181491580863488e-17
1.2045121875685332e-16
7.88584133989787e-36
7.150978515196698e-29
3.1176624199517566e-13
4.865287428465876e-14
5.85816533763099e-18
2.2937753423922133e-18
1.9728860508066453e-16
1.0091139099091302e-15
1.1796577748950718e-10
6.332388704133341e-24
7.286435976276747e-16
2.1583126876567707e-14
4.4878781522454056e-21
2.2231051757358065e-12
1.985238760090202e-14
4.1001357542494643e-10
2.9340897732948887e-12
1.5989234056294166e-13
2.4543254661857456e-16
9.188664658477984e-18
2.6764177803324493e-20
9.900216208075973e-11
1.1232431755328931e-13
1.4066676655650135e-26
4.1352456859255e-17
1.088739603863811e-20
3.1529841824022775e-17
8.66543915765529e-13
1.1024547051582687e-18
3.6835693526594956e-15
1.1260042022451763e-13
7.375746177241155e-18
3.091879494782122e-16
1.468179477662048e-13
4.309233652184571e-14
1.6726609057839978e-12
1.6336925719213636e-08
6.860096132605128e-09
7.954786528609417e-16
9.790518563010464e-07
1.660340829152496e-12
3.3000856668273743e-19
6.559950630231586e-10
5.660115614917028e-10
8.42185154878528e-09
1.1667199269217452e-15
7.769778550145753e-16
3.190993679405635e-16
4.759818092493864e-16
5.1948692624995966e-15
1.225058020272049e-16
3.375032256871698e-11
0.00021307435178819206
4.689138140507021e-23
1.3595330778753417e-12
7.423256860236128e-14
2.1411500787375368e-19
2.6445561005212643e-15
2.4399003850341667e-11
1.2082286765564635e-15
9.854685522000343e-17
1.4297804428115473e-15
3.131213971007566e-20
3.1308673349637916e-20
1.3615356498249927e-17
1.9165633926004096e-17
9.616683651871728e-09
1.2917193572665015e-05
4.907790260548522e-22
4.6312150875471826e-17
4.3480708644048616e-23
3.7434827534978878e-25
2.8808564612264478e-16
6.31928456796816e-14
6.50689187992896e-15
7.704716275828131e-17
8.613137858470396e-13
7.045562696708518e-14
0.0007935377161754908
7.551638052708298e-17
1.538238510464828e-21
1.0279588618289348e-15
2.1778589602431643e-13
6.497319713142769e-16
5.802305675532423e-23
6.042559254102528e-28
8.671641406284875e-17
1.3924403495177647e-14
1.593621826026451e-21
1.7734585969713864e-14
2.4494981132321837e-13
9.148216622840308e-13
6.491503130284849e-17
1.17389910681228e-09
2.316425235566673e-12
1.351295013744723e-23
4.53961160685571e-08
1.2990026558464286e-08
2.3714439698782675e-13
1.4439454327839089e-09
1.2696011519838092e-16
4.3608710469599715e-15
1.6964124999914062e-11
2.2849161516374216e-18
1.9594833865557953e-10
1.8276405811460045e-10
2.2289890047936866e-15
4.352244472486165e-38
1.6233495252550162e-08
4.925022843476715e-16
4.5221405231818555e-14
8.978874600283533e-08
2.9207123345183245e-24
1.0068341167274566e-17
2.6429719225446248e-15
7.772907694163107e-26
3.868808445089536e-15
4.1554769550928095e-12
5.247122197013833e-17
6.388737103356368e-14
2.5045783929534056e-14
1.8060844345382068e-12
1.9793977652847004e-06
1.2090557906262618e-11
1.4838694193951199e-15
3.0371363748061396e-21
3.798671560969093e-16
1.296391340676685e-26
1.740318447342001e-08
1.099132892739192e-18
1.0964712377098987e-22
8.53481422054351e-12
4.218016848551357e-13
6.630491944104729e-24
9.315328465068437e-17
2.515419353213817e-15
2.90435401316003e-09
6.011297790305216e-13
1.3799911313913486e-11
1.5534711772367493e-18
5.462121330579683e-13
4.3381238696342215e-09
3.97082194729729e-19
1.0427648919226612e-16
7.002159582042233e-22
1.5124555777928319e-22
3.3974461738977814e-13
5.2337716522702564e-24
1.739035998201227e-29
2.2015357439708653e-15
9.1775410833249e-12
4.755146458487375e-15
5.112796300735366e-07
1.1348700523647474e-10
7.990722761044529e-12
8.013774383380619e-21
9.940310893438484e-08
1.6609028756173858e-20
2.2020069092269095e-11
1.6025923131943401e-06
7.580214784721165e-13
8.279245395711298e-09
4.792454854170028e-16
1.173603971335985e-10
8.885784119769872e-20
9.36237812708731e-16
1.287213785046961e-19
1.6006631608314124e-31
1.9899373701716447e-10
4.715361819804695e-15
2.3893614065115103e-17
5.2978099186418755e-17
3.4343281984054845e-22
9.55050928222059e-31
1.7207675629506444e-24
1.648624306661528e-06
2.9796558090098736e-12
8.553784609121706e-16
1.9605105833257775e-10
1.2930044736700153e-21
3.1931412823652975e-16
4.608514864420526e-07
2.248132063255854e-17
3.119620284695966e-08
8.010131691525335e-19
1.50813243511629e-19
9.304332762976074e-12
3.31356494537324e-12
7.515699774004805e-23
6.312624753786999e-07
2.212608152233732e-13
6.392929642223077e-15
5.1782748417296805e-18
1.673393497185603e-11
4.219095402773137e-20
3.2678318957605463e-13
2.7835223532967482e-15
2.413580903716641e-13
2.358765421234526e-10
1.8018073161977114e-11
1.1170482783275496e-11
5.800782934834488e-13
4.361188531835075e-15
1.1176205953026033e-20
1.9816814850945915e-15
1.2352200860951024e-20
9.409369369516907e-17
2.0757213071772986e-06
1.4909585414005056e-25
6.323775641303277e-18
7.411671174656545e-21
7.64046416393992e-13
7.578500821184612e-13
5.643188510266464e-17
2.045989955088097e-21
1.1889955655611581e-21
1.2053415877320535e-10
1.5816467225231613e-11
5.384191478413487e-18
8.5306162183827e-08
2.4003824696449455e-12
8.155443450851886e-16
2.64489563587963e-13
1.5921153776448094e-14
8.059869584686423e-23
1.3194853602963703e-08
7.906437382139598e-18
1.7439766467327641e-15
1.8970001314760057e-09
4.015271317472162e-18
8.497061780628226e-25
4.8898997630384184e-21
1.0454687563686658e-19
2.1900465752800602e-13
3.161859239904865e-10
7.288344005385219e-25
8.846164668853157e-28
2.0080514829892044e-18
8.272618487239603e-11
9.674749325989642e-14
8.576435639611549e-12
1.9523923485645767e-16
3.0305512414218924e-18
2.886832083245244e-17
4.229984844373518e-14
1.518362586308636e-18
4.207170076042018e-15
1.8910878648142551e-16
1.394315418634573e-19
8.80161964634732e-06
2.1481674517625497e-11
7.193512728079161e-11
2.9261324140496545e-14
6.13908294646048e-17
1.1987072260406385e-10
5.67496023320593e-17
1.5908306379472082e-13
4.8902180575059415e-17
1.6408930346933244e-18
4.051360895473418e-14
1.1651894771190824e-18
5.201656757248809e-17
2.3143445400202482e-20
3.1196572152331137e-14
1.1253753260792499e-26
5.827384535650193e-16
4.126123913733668e-12
1.0203476614266575e-22
1.5408397127453903e-12
2.4611746329046333e-51
9.15695211570507e-17
1.1572971699144744e-18
6.51874610831218e-10
2.955649477297972e-19
1.7051155624030066e-13
6.486813492301291e-15
1.1132280888340065e-09
6.97081094598343e-13
5.116914054463752e-17
5.813235413250214e-13
4.933235379274747e-15
2.0566718195646034e-13
4.5928103196288205e-12
8.732140488262884e-14
4.903132810965349e-17
2.0997323160755836e-12
9.748608102141821e-17
1.118416530831399e-12
4.107014502959932e-11
7.645376854015933e-13
1.1441305953378562e-17
1.2269437609426946e-13
7.241477018784252e-16
1.4085011248973825e-10
1.2436528926693437e-09
2.602737822305516e-16
9.586523532508143e-14
3.559596734809537e-17
5.803563370029185e-16
3.547838327869513e-07
3.848928305211166e-11
1.3777444850073713e-10
1.788522361263363e-18
2.990126014028845e-10
3.610403722003589e-14
8.827240442642694e-13
3.473530921711481e-18
1.2789161602307069e-24
7.793813699916499e-13
4.825583598435434e-11
5.3241102726251566e-12
2.6405003559325003e-11
1.579276081536839e-08
1.1752922049956343e-37
4.7373967627796946e-17
7.222438419838369e-17
1.5136141255712927e-15
5.059934906366025e-07
1.136115143889701e-25
2.1609197417226715e-17
6.842129427524687e-13
9.352861762942916e-11
2.1550985930219957e-10
7.651906381062268e-16
6.736037235415724e-20
1.1546362258713783e-06
8.77620341082651e-15
1.1394249390129497e-05
1.2729194317510762e-14
2.35260787371155e-13
3.674313554197775e-20
7.501238345306384e-11
1.3868273204033147e-10
7.55222937712928e-20
1.5792813493237518e-15
1.0971533501094992e-17
6.0518999464702166e-09
2.1241643966075197e-18
6.443358247330686e-17
7.857496202293731e-21
1.0181184555079522e-09
1.4645460054886307e-24
1.826429495754987e-14
7.487224036778744e-12
1.419974286613897e-10
8.408892758527263e-17
2.6084242097536735e-11
3.0627643215390764e-14
1.7613963847915378e-15
9.004214356630743e-21
1.6422006371147316e-16
5.543375177193353e-13
7.344889246826367e-11
3.3315864775854687e-26
4.520486208900984e-17
2.739582519501022e-35
9.892816562002168e-23
1.0480804639266917e-29
3.4548575936396185e-05
7.693690125081506e-22
1.9439184398951536e-16
2.025224692952781e-16
2.1823044446015297e-11
6.506824479941898e-15
3.2291385547279554e-20
4.1834078037693895e-09
1.0593140700654433e-09
1.084967062586491e-17
1.3102592292174941e-12
1.4004714740478373e-20
3.1984700585038587e-13
1.94430876951746e-12
6.139450175891281e-17
1.9008107180855723e-45
9.016556894264308e-34
2.2349884577039768e-12
5.898212124093637e-25
2.8224823758090987e-18
1.482259620295108e-18
3.1752589981570016e-16
1.8196749655335287e-18
3.6451993764688753e-13
8.509271434033697e-15
4.273111472709945e-12
3.5146022751453302e-12
3.140834546443669e-16
2.7018424993667447e-09
2.6624616869818955e-14
1.8158383694315912e-09
1.3722094239928651e-12
3.189118992636143e-14
7.618648148294273e-17
9.434303630222274e-13
2.2753097848789903e-16
6.204026331630725e-21
3.555096154725398e-09
3.1635626362330224e-18
1.9923416700463247e-10
5.953444614629754e-15
4.5412852661410226e-27
3.7818628697142387e-13
7.535310007440322e-26
1.2671144629608481e-16
8.800763068253651e-09
7.079028887291508e-14
1.2118222128785199e-11
1.243104134177933e-17
1.1035771185294166e-11
1.305059698588686e-15
1.8769324065236058e-14
3.0096790821244193e-18
4.818878331294986e-18
4.654975803733551e-13
1.913075040850475e-11
7.317458656393863e-19
1.4808611245166716e-06
3.0637016343106763e-16
5.8157886055575206e-18
9.199261361500716e-20
5.5651422304886996e-11
5.939369648979739e-10
7.36668097321577e-14
1.2159961219406396e-21
1.1745449890477229e-14
4.840424229119975e-11
1.5307679379983491e-13
5.188636301423243e-16
1.2083315664095037e-06
1.3656967204062813e-10
6.964009073818912e-10
1.707089133081659e-17
1.0262722601518115e-23
1.7065886283123566e-15
1.2226794370344772e-19
2.2104741355659267e-15
2.13915679432438e-28
4.937835411529084e-14
1.2115926551934855e-20
1.4907879088838779e-15
6.777979630546381e-14
1.6377701768845198e-09
8.270030694887409e-10
1.8862041901925189e-10
5.143257841844157e-13
3.841868298721855e-19
1.7557668935182498e-13
1.9842562594614166e-22
3.905756648942788e-18
2.945938211590669e-17
2.464778780364386e-11
6.391395969907154e-15
2.4999907625511306e-07
8.935324532691199e-22
8.386768005658609e-14
4.8785041341367605e-15
5.5097928738276564e-14
2.624303739923819e-33
2.5287743819810805e-12
1.23213577748581e-10
1.2820386453753866e-20
4.262495923197869e-15
3.7053274586134245e-21
4.779257454646485e-07
9.241595116481786e-10
5.5861493018445666e-11
3.20772115094349e-13
3.5816511700502504e-14
1.3197841379007923e-14
5.760007797818278e-09
2.9379354432293554e-15
3.4484027349920506e-18
2.132496345626753e-19
8.121684923019346e-06
1.0566830178628375e-12
8.121511201216692e-12
1.9758007026083182e-05
1.9976203624387183e-12
6.001444595798371e-08
4.3904047299422134e-10
4.08567826760895e-28
1.9337640819255158e-22
1.420262565521833e-17
3.197764092112479e-17
1.7915113778820352e-11
2.4141126138708163e-07
2.861470744004414e-14
1.0537796717000686e-09
8.04738208334357e-19
1.9164768752961843e-23
2.361122678872698e-12
1.1806266017374315e-11
1.5047957615374503e-10
3.4507009192782914e-18
4.0788384534171675e-11
7.553770511322626e-15
9.193640967759905e-12
8.459386489476664e-16
2.9675536877838456e-16
2.1830368869509814e-15
6.8957845634347e-10
8.398972534601581e-10
1.6099226776065582e-17
6.452508300963805e-12
3.5000294767774513e-12
1.2883804853925899e-09
1.05829126557802e-09
1.2369145294752577e-13
6.598536031355795e-13
8.369350325249691e-16
1.7534781640331956e-13
9.163567230186247e-08
7.214199362981563e-15
3.913672612188328e-08
1.466723261016069e-13
6.584500060404319e-12
