1.7554849129071433e-25
4.802905034631824e-19
4.4533082838213045e-46
1.1947645048429732e-27
9.072083254798739e-08
2.056951242346056e-10
7.373352891381507e-24
6.686862926200909e-16
2.5958803800090772e-15
2.9886836858301245e-21
1.7340584357881857e-22
2.9977195741727084e-31
9.021343322610528e-12
4.524398092876716e-15
6.856886215796846e-16
1.0321924288271684e-25
2.815935466587137e-23
8.433681568851748e-23
5.062058389240519e-19
4.269046393230417e-60
1.0599332346890064e-25
3.0789567141861316e-17
2.5670371105245775e-19
1.1358432225118698e-28
1.7156844923059554e-16
8.65600916900983e-31
4.568221813918573e-29
1.595644862823545e-14
4.003123106369376e-23
3.258044976156783e-15
5.411298993962e-18
1.565500587701735e-22
1.0325502355215765e-25
2.133203266064651e-21
7.600229275992621e-10
4.390318342288972e-31
1.5181601954135992e-13
3.8588437944518726e-17
2.689943265972291e-25
7.063010031057163e-31
6.548586354286576e-28
3.756857248794399e-21
1.5490641649588357e-06
4.8913859018280676e-18
6.680597329150728e-15
2.4719530327817303e-22
2.255233050480253e-47
1.969853951648046e-12
8.623308414563327e-24
1.0139430364703547e-19
1.8251625800189742e-25
1.6341427419659057e-25
1.0218252359889191e-15
1.0336450124529794e-23
1.789821883171881e-20
8.725392460209267e-31
2.1320619352953792e-11
1.581161305475262e-28
5.552347414250554e-35
1.1962700634740872e-21
1.684041362182617e-21
3.6626351331830865e-19
2.56303976480173e-27
5.0979908208950915e-23
4.976356737449946e-28
5.733909059905297e-23
1.2222013425064467e-18
2.354730114048523e-08
1.5886453936401234e-13
7.327057579017732e-25
4.380262079036766e-14
1.5077503665491933e-26
8.420706579073242e-14
1.137022487162032e-16
7.977097707006502e-22
4.577797085697532e-15
1.3264789098272996e-23
7.499100996785677e-10
1.3193511816093784e-31
5.272741059763668e-24
4.744085215621971e-22
1.7949684419788254e-23
6.141341139747477e-25
8.791603989526748e-19
1.0784561058315095e-22
3.0424759569693096e-24
1.0666441400930456e-09
1.1520734230546788e-13
2.1219755442266156e-26
4.563740619637337e-07
2.3009651381244076e-30
2.867332608134543e-10
9.966684854777504e-19
6.41071824256875e-10
4.063761734331802e-24
5.874292346852809e-29
2.9521562680422233e-23
1.0794619660522238e-23
2.672374079298472e-28
6.837036482504736e-24
1.5007675853300956e-21
2.0077014804029219e-22
3.806697310802373e-23
1.4705470662632517e-28
2.947892152784424e-24
2.3924851098230107e-26
4.316782048795125e-31
1.2477976557245872e-19
6.915688467730399e-19
2.827982547894509e-17
1.7441685538977813e-16
5.742649677087695e-38
1.117805520246831e-22
8.612632337474133e-28
1.0335905632644666e-21
1.1630270125390294e-17
5.7391982570106786e-33
1.8580405032069748e-15
1.402656713019427e-23
1.0166559570488781e-27
2.418418496209296e-24
2.501913062002722e-20
8.625839499105626e-23
7.834819909930821e-34
2.084505430224307e-43
4.035015600637392e-21
1.4708543372116183e-21
2.1779266797076704e-22
2.541984747321292e-25
7.82729357654983e-32
9.212626699627153e-07
1.0261004196852443e-33
2.861610989127194e-30
3.1220678612386433e-30
1.2589786878206413e-23
7.085186150768645e-22
1.6545714332418034e-20
4.433262953807944e-28
4.725168813352593e-24
1.3306801576192e-36
7.112587735204355e-22
1.4092633350283674e-30
2.0889941637390328e-22
1.7114067208411006e-29
1.614137969637934e-22
6.237618127357726e-16
3.7186235943793613e-25
4.989931240747978e-21
3.1357539063430415e-40
2.5340129285610724e-16
2.440429148305646e-10
9.396673733386952e-24
8.473268526119362e-20
2.625874265444256e-25
2.9315446718384633e-21
1.0150050810958234e-12
4.109008359492224e-25
8.464706552835636e-19
5.2104638242479e-38
1.1869471948334492e-07
6.55942367461127e-18
3.201754034973244e-36
3.0679800499543177e-22
5.7093060301209e-16
2.3998735307700673e-17
1.1370003116775124e-16
6.3283623159254515e-25
7.0786479748795626e-15
1.4869734420271556e-24
2.1862980041931176e-18
5.679983592775021e-17
5.412498777686211e-27
1.8108992157813288e-12
1.8281073028068164e-24
8.653162577792645e-26
7.622557823017123e-26
3.179032012057456e-15
4.067543025837902e-21
1.0183732670352334e-16
8.341096293797136e-33
5.925945633576971e-14
6.669606691879396e-23
9.010691959412456e-22
7.855412436864356e-19
7.924174516538627e-18
1.943352136464031e-23
6.243248150745306e-18
2.5580183742988356e-24
5.658280027311262e-20
1.8552797626140933e-07
3.4492036115394553e-37
9.528835132314736e-34
2.044523136462967e-16
1.1915427878195844e-18
2.8082054450349606e-29
6.474588561236067e-23
4.751724539166331e-20
2.0581348743314326e-24
7.09691344635419e-08
1.954621402628693e-27
1.5282336279166528e-21
5.395772996797751e-20
1.2282267799029548e-12
3.083454816441036e-20
1.0804785679026353e-14
5.2554476484657575e-18
4.5584460275177366e-30
1.023223777554331e-13
9.445955419378978e-13
1.8586283494659374e-29
1.1970315352620178e-15
5.280639157994822e-18
8.709521141226336e-10
1.8144911632350436e-20
4.979417794493082e-14
2.1558432927673589e-13
2.9903642435484646e-33
9.908491624184985e-27
2.3539836228093513e-22
1.8552039220845256e-26
8.689935498634744e-18
3.0190566267896193e-24
6.517895136935511e-28
4.2177420684842516e-20
1.729903361091092e-27
1.169992363631436e-19
1.5361851193814273e-23
9.568478160014823e-30
6.91562133700848e-15
8.605987206939651e-15
3.0017363882758476e-16
6.020970124165746e-17
1.9028184253735721e-22
9.117705349576709e-26
2.2976303008747446e-25
8.714640674790922e-18
3.8307214573175875e-16
2.0580159928576795e-28
3.608893923121527e-19
2.4703423343757586e-25
2.6272260550386997e-33
1.6132322428887667e-20
2.683526438571084e-27
1.0291583493362549e-18
3.5428142711981065e-24
2.32168813267611e-20
4.351298965013559e-25
7.738401625641766e-24
3.4042719085105437e-25
1.7098166721748954e-17
3.644126648945993e-27
3.110162120061373e-22
2.1284294474802206e-53
1.8184621265239548e-21
6.695400392432296e-20
2.358745514635957e-32
1.1847715606032607e-20
2.566200554889588e-38
1.5258265680716517e-24
3.658435918590459e-21
3.782847613930242e-22
1.3713826983451507e-19
1.0385195389349283e-20
4.445653357955139e-34
6.833334014862854e-28
4.690584000946803e-19
1.5291335702168322e-28
3.840730588232853e-23
1.0182699848928063e-12
6.682380057490506e-08
2.717024724641077e-33
1.3553498396432272e-14
1.9510674619210688e-19
7.583481196973461e-20
1.0129046456245496e-17
3.9356856749418264e-18
7.20212669009659e-28
1.8813359440973564e-23
2.420429600597483e-22
5.429795523806113e-34
9.154019737808991e-17
1.5966493567300695e-24
1.292828101211896e-15
4.3579944867660516e-18
1.7080928914151482e-29
2.273605313615411e-22
8.479084411928774e-29
3.2646810701034546e-22
8.569168528417152e-12
1.3938101384847434e-39
2.0001425595444223e-15
9.571561672338942e-17
3.712034646457024e-21
1.656377735696722e-10
6.912121517610286e-17
1.1910633268322467e-25
4.570068696803458e-19
1.1857210861418713e-27
5.301343813010526e-31
8.029186053173886e-19
1.223017510450284e-09
2.202543888542898e-20
2.168345929283828e-27
1.1360298841199801e-32
8.37940664583296e-25
2.885829214171622e-27
8.66952064543904e-18
5.1234698154531933e-17
4.8891867862171065e-15
7.780720913529577e-36
1.7344457750902725e-13
4.1106075308361704e-23
7.995080663815396e-15
5.35229071496809e-26
4.930858950058403e-25
1.0157886858507797e-14
1.8368458284877828e-14
1.7972058447285871e-29
4.941475429249971e-15
2.6374545359162988e-45
1.6089652484844414e-29
4.770179150882898e-24
2.586722913328482e-07
2.1272063779806075e-29
8.283008148490194e-16
1.2857501806659838e-38
6.320166870280278e-10
1.193696928408085e-24
9.486680805077609e-17
4.728111242762173e-26
3.3758494508636953e-54
9.432676678314255e-18
4.2012107539608625e-26
2.880179102934647e-19
6.401022735156865e-14
5.274451763601709e-26
5.756019763901623e-19
4.16491044348439e-30
5.98310429006275e-24
2.0151119037608243e-25
2.5078766565452508e-08
9.030672694532568e-25
7.005890868710816e-35
3.895628810092776e-30
5.581667995929155e-31
1.4015049093591827e-19
6.163572161810611e-22
2.2967258096803055e-17
4.081562095247703e-15
3.8428649670462424e-30
7.023995300138924e-29
5.559551148587385e-26
4.944541735285799e-08
1.5035376787808366e-28
5.937298386820266e-25
6.676413235805448e-33
2.7553679864615173e-22
3.907497485782496e-29
7.090148746515233e-27
6.8926487655629495e-34
1.3828353985568127e-33
2.491213837916298e-15
5.119026428931757e-19
1.9524976847586907e-16
8.19606506674101e-35
1.4481637426771904e-22
4.4631673864132683e-13
5.1992341685896444e-23
9.583632980140242e-26
3.583346212763051e-18
2.0255987196017146e-31
8.108983758489776e-24
1.7557368350482103e-23
9.776674290162733e-20
2.6496819769135852e-06
5.512078026837319e-26
7.3919699424556875e-28
2.7476353554251533e-26
7.96302456764897e-29
1.692142253601523e-16
9.801476836522247e-14
3.156199116017649e-16
2.9423512144158027e-27
3.441157649068654e-10
1.6788200970121098e-13
3.439462285836398e-30
7.300289834863646e-23
2.5186468386642184e-18
8.340702725859618e-30
3.7225209104926984e-29
4.10297788701436e-16
3.7357991647456986e-24
1.5831975850023764e-12
1.9289427588843694e-28
5.536992214883367e-23
6.502727480190917e-10
5.343740586036652e-28
4.359055377668974e-19
7.515256800166991e-22
1.286601326065614e-37
4.680216557101993e-28
1.7419767336177947e-30
3.178967816983935e-21
1.6178376225276835e-22
4.7908271322605055e-14
6.150534497192601e-21
3.69148641292873e-19
1.0644974274591456e-10
1.8323548068903026e-21
1.520168461127157e-31
1.1438922807929958e-20
3.20732319722223e-23
2.6482627686291405e-13
3.8963718607920054e-16
2.2029818873410604e-17
5.7029025996439034e-15
2.011009352627129e-17
3.382194565960042e-20
6.638947405475704e-24
2.054093980606622e-13
8.114698208704897e-20
3.696653509090723e-17
4.987887741921415e-18
5.954532308321401e-23
2.191951828025865e-13
2.6189047679898067e-31
1.3881355299449143e-28
9.777049441706088e-16
7.370489628467572e-23
7.803574795225265e-26
5.466603771016549e-22
2.7023179848851996e-19
1.1069904789016232e-21
4.88193167305303e-16
7.919031649451519e-23
2.0959621315102363e-23
3.9109752727023695e-28
8.51366696468098e-27
2.1058104648682133e-25
1.713542721409513e-19
3.4356372762799355e-35
9.031515542857153e-20
6.49074983748203e-17
6.422069337946236e-30
3.9962748871519904e-19
5.244129175283752e-36
6.358112504729747e-23
3.26448221367343e-30
2.1473883099308865e-21
2.2741300219310177e-30
3.264838353118145e-20
8.00644389556608e-22
6.206436719657619e-26
3.556236813157979e-31
4.3517699074429215e-25
8.30929663141887e-17
7.938316388608818e-16
8.853067814570492e-18
2.5966143125418644e-25
1.4163780143862604e-20
9.094773575418159e-22
6.316262983447372e-19
3.2969686660768054e-25
7.76042058984843e-16
5.207552392895186e-21
5.073649668437316e-27
1.280464348557066e-20
4.266578641775624e-25
2.1130417389527006e-26
5.333508169665611e-25
4.5694270570102673e-07
6.258886260391871e-18
1.3053316930356024e-19
7.677734883098857e-18
4.690518358351608e-29
4.79749416936518e-12
1.7335402612900821e-31
2.8273236076692333e-20
2.9046483707601957e-39
4.239397561173682e-20
9.059571423134109e-32
3.8265282534696525e-67
3.2104166286462857e-24
7.313857259901492e-27
1.5082035441328326e-21
3.149215801739036e-26
2.18826981784141e-09
3.1478089657388015e-29
1.038901363571349e-24
2.6183541945748635e-24
4.4253171650461106e-23
3.331498193386041e-24
3.101817279149298e-17
3.2906312605827505e-22
6.735171299616601e-34
1.1272629661275121e-20
3.2502548064784774e-10
6.202842410246159e-15
1.486307478811761e-30
1.331466370141409e-35
6.064388730157702e-25
3.1601223169494516e-17
8.304075726649001e-29
1.1071484294646174e-15
6.454991548902139e-15
9.007140106611848e-19
7.530694350282265e-19
9.495399077887616e-26
1.0050760125584353e-19
1.3880163247308828e-22
6.1046551183678084e-18
6.760112551943177e-19
6.018778949650463e-22
3.931963266007511e-15
4.872163682640579e-16
8.089564060890889e-35
2.120789441722625e-21
1.165249069185598e-23
3.433349240219387e-28
1.3672899704520663e-18
1.4426008091320867e-26
1.01945976353872e-23
8.143192512577251e-33
5.625296752812217e-18
1.160776453293579e-13
1.3899625351025335e-40
3.2446845817444174e-45
1.0133692133180079e-10
2.1124072648169613e-34
8.568408675073645e-15
9.606069678469182e-06
9.663753866410518e-18
3.292021680709066e-25
1.3133297165913066e-18
7.437192569357588e-22
1.5383198693849817e-30
9.841508845499345e-34
7.985962893288305e-29
1.9012778828319034e-19
9.085855693167219e-33
3.590010203508595e-22
8.52334125209819e-25
7.05297602922472e-25
1.3074319009744186e-20
8.788967648124912e-22
2.4968393099091395e-08
6.885382919091031e-17
2.3507102526877755e-21
1.956992583885268e-17
4.036945291606666e-14
1.2679910272822955e-26
2.4205502143475835e-17
8.64855266604562e-22
3.6603979891332905e-27
9.427938041369211e-21
3.594447643414644e-27
3.569832390917646e-16
1.2917530526075912e-30
5.190373480899222e-16
7.489734250226656e-42
4.8448902897891984e-14
2.921587387251512e-18
1.2726278960919694e-28
2.854195091906059e-07
3.2856886408215226e-28
1.2580576646343414e-19
1.0860149361602338e-26
4.271001461343788e-20
7.179547743939765e-26
2.2035935252819947e-20
9.110627937414097e-23
4.197083468880798e-31
2.3565479405554527e-21
4.851975956245499e-22
5.0363906978579e-22
4.5577689604506455e-17
1.2483655402553199e-25
8.342667348703058e-13
4.5876275751350945e-18
1.1264227785803504e-62
4.21951784082951e-19
3.2357128844024603e-21
8.755140802561726e-23
1.1187437480112213e-27
3.4523211621117886e-28
1.8296961239498357e-23
7.983185357120473e-21
6.650771784277785e-17
2.118410918381603e-17
7.959267339165432e-18
2.2111878182860715e-22
2.4083063827607033e-27
1.9894933845749706e-28
1.8069834066346835e-18
3.839714555865232e-27
3.1994299073908184e-21
2.5292103646322418e-27
2.174605651908777e-10
2.5085814386266794e-37
1.0902944887790151e-16
1.6995737232437244e-12
4.166231749510327e-17
1.097002597105224e-15
3.3941564166865044e-23
7.015152125488404e-27
3.0277781947681796e-28
1.862430294118542e-12
4.705440839006872e-18
1.1393306416066342e-23
2.9081829833391584e-19
1.1243676732855498e-27
9.84290016456545e-19
3.0284774153833326e-25
6.116845132074709e-41
8.022398808523316e-25
8.849183038582986e-31
6.350067367028496e-34
1.851556485270883e-14
3.460801366968318e-37
1.4480955302093067e-25
7.341719806759261e-28
3.3794730664658416e-19
1.915443122540316e-21
1.9571748939078767e-13
2.1284285254295482e-14
9.067681793436225e-25
6.333795391867451e-18
1.1431460321627842e-22
9.363880194283685e-20
1.8876660784418408e-16
1.1351716395824705e-14
4.297953425681116e-22
3.509239495481235e-27
2.456253050912424e-16
3.5235403938920373e-12
1.1011852651244753e-13
5.609777201281308e-25
7.614291854271054e-29
2.3049709409068534e-13
3.278776884172197e-25
7.439922349960579e-40
2.424422792170857e-24
2.240204077389041e-23
7.607322228676586e-21
4.6128283257078115e-24
1.2836132555261766e-63
3.583736307222555e-19
2.4399803446488263e-20
4.7507684523273e-24
1.947168655073209e-28
4.60796393286406e-14
1.4150946565839482e-22
1.6225689892928626e-16
6.603057839012187e-17
3.995106010690138e-45
9.092055794254208e-16
2.4269576068482126e-37
4.1979397849885276e-16
2.3147458780500853e-23
1.9990620159451563e-24
1.2904722571494543e-08
4.532348579425717e-12
1.3426620352894823e-14
3.3590907552171655e-27
7.040219405170309e-33
6.174553616183308e-20
4.2000051452896334e-22
3.215749536488935e-13
3.6005298151178203e-14
2.1532349079754805e-31
4.179125124322042e-24
1.777827035621181e-21
2.0311569902376634e-19
4.5065189454798976e-20
1.1533664010018312e-22
5.664187731975947e-11
1.635229736443443e-36
1.6597616228025433e-18
2.1593006350284184e-17
1.8790411565752986e-32
6.976680213224884e-21
1.1265606137189176e-48
4.504570589563367e-22
7.256710172003505e-16
1.938351684663082e-15
6.826292143724627e-24
4.910081744193838e-07
5.234274938929282e-30
1.2916963998928626e-18
1.2697088232624257e-24
1.954811821404018e-22
1.6769369120146007e-22
3.626159099030899e-29
1.1216847194730044e-16
2.3793267900800354e-17
1.2807755863684961e-21
3.819981523413508e-16
1.1051487618407709e-18
2.800978786755025e-19
1.3964557217362933e-38
3.560519691040697e-19
1.6157415389859943e-07
1.669916818162177e-17
3.1659875936713e-32
2.962197651074352e-17
7.010183925399606e-33
1.1223178475868353e-13
1.6525833531253677e-22
2.1187254903818955e-22
3.50417806909291e-15
2.90516560417647e-05
1.0777111269829157e-19
1.8858868205018127e-22
1.3798423352987187e-15
5.763913847558817e-20
1.6206734946771576e-21
3.392474923074883e-28
1.1677146365318746e-17
4.095409515896435e-23
1.040917633013832e-15
1.0529215116451547e-16
2.0316552024391648e-38
1.636467203146885e-26
2.338834787964936e-15
3.919575760932191e-31
1.227550834218793e-19
2.1209336682368838e-18
2.398247593858594e-18
1.5388411770977474e-31
3.3807887571251674e-16
1.752255068966097e-20
1.4150029908796878e-21
3.797268649705106e-15
3.937813204219693e-22
5.462673485285376e-16
1.0226451190168323e-27
1.475142199140053e-10
9.650109777682244e-17
8.445953989846737e-22
9.078733348281839e-20
5.642212828049342e-32
8.259613654846138e-09
5.395353139136589e-19
8.050726283733045e-23
1.521742206651986e-35
2.1920708731059267e-19
9.055300698557658e-10
1.5112147249167139e-24
1.545849356948675e-16
1.90954969871376e-17
5.2884817841519514e-23
4.017318805091501e-17
1.430425709381761e-20
8.347394414585272e-19
1.2302847669733973e-23
7.312809705582312e-32
2.1086018032490417e-28
1.6937592558208326e-14
1.9005993086974988e-51
8.256662292281802e-07
4.664601849846674e-44
2.7505241015079597e-24
7.272336811898667e-18
4.0425986586375167e-16
5.452681613772798e-36
6.932191903143394e-19
9.706945500434906e-17
1.27607834698865e-30
1.0418917030115439e-21
5.286489503717289e-20
1.3989372838493441e-37
4.426445956633161e-25
3.355357753050269e-31
3.4698883425791825e-26
8.626056096751629e-21
2.168011017389988e-22
1.9282280784045806e-19
5.928086517860119e-20
4.48815869930545e-20
2.149408246717482e-19
3.113061321361629e-17
5.427804073021632e-22
1.9782460765459032e-19
7.635640435968197e-20
3.4493590910840063e-20
3.760646188368936e-28
3.0798718062403135e-15
7.520495167343185e-41
6.645063426697474e-12
1.5942468669413047e-11
5.878324924835261e-27
2.5221238682814094e-14
1.0155636516598674e-23
5.3371588342801404e-21
1.7937874852353398e-16
1.6378594397914953e-40
4.97361996835889e-47
4.898345670373726e-24
1.6399588339564426e-27
1.3560396615645242e-17
1.4273742543083913e-31
3.414055949960362e-27
9.792121621079941e-30
1.5113240376236526e-13
2.2682681459385183e-09
4.356896907261798e-31
1.2102348879171762e-14
1.4178425267213495e-32
8.994408913123821e-25
2.452335211335437e-28
5.3137021508469146e-21
1.3001428503326199e-20
4.912130189725441e-13
5.924386127067052e-25
2.9651411293929686e-20
5.587235968981567e-18
1.967907549431667e-32
4.5327421972053e-31
6.399769618300284e-24
6.411654137803343e-39
3.1365681917494184e-19
2.7711554985051115e-33
5.786553912740631e-23
4.249667008591434e-22
3.4201269203431357e-18
1.9443115325541366e-23
3.868162225664981e-26
2.7109785404884808e-11
6.089370147489895e-21
3.743888985278562e-17
4.034637697732287e-24
4.485985102970373e-40
5.040782217616275e-18
5.449133642332181e-23
2.0004336680668522e-19
4.864057207654744e-28
2.8327210401420613e-20
3.7864966849260164e-22
2.8312539703216447e-26
4.435319374958777e-12
1.1760589092388416e-12
3.351047660902132e-31
1.4757848309330327e-21
7.313273015293599e-37
4.520222578050432e-22
1.2508508891723164e-20
1.7448942745227347e-15
4.263959587036778e-29
7.749756528520795e-33
8.542560770017645e-24
1.126726715168989e-36
1.470383254373111e-11
1.1107666794287171e-25
1.9443539593169319e-25
4.245705771838379e-27
9.461007949166789e-28
1.3727632812104168e-36
3.7216311027649e-10
2.2999307675329925e-18
1.9466939935785366e-30
7.131343128062198e-07
1.4784510573635648e-36
1.639307315124961e-27
6.184679460753042e-23
6.403089759818667e-16
9.173209042987499e-45
2.852187708035642e-19
3.470037956520322e-13
3.6956137063755056e-11
1.1714843956094472e-09
1.7173938092135758e-30
6.267586706832631e-23
3.2518236590308715e-19
4.357412432939445e-08
7.782406398827355e-21
3.8470015796039103e-25
3.701665561797444e-15
9.085228320925326e-10
6.2060511196932975e-12
4.0997852589047733e-25
1.155753723690164e-35
9.908922248335834e-30
2.0302289495624677e-17
9.210613565323732e-27
2.528711701070766e-16
9.031874404429588e-21
1.6789641543272855e-16
6.16247054381838e-17
2.6822760998421696e-15
3.2707877551527615e-22
4.2052825421846324e-17
9.17740188698374e-19
7.468990283745265e-14
6.12666599323776e-17
2.0252932465366092e-26
3.563976860055611e-23
7.019686328384802e-17
6.116706257737071e-21
3.261646208080065e-35
4.512117813902305e-45
8.13128382395963e-15
7.227689862352917e-23
2.8287654107965427e-18
7.294326462237084e-20
4.3126490048651356e-23
2.493223657025519e-22
5.909541692704334e-22
1.842814451809174e-26
3.0165082818373163e-25
8.914027463801907e-28
4.462137626635821e-16
2.8906597957057804e-24
6.648187482833056e-14
2.034563843956659e-27
5.10411992818538e-13
2.542560242982239e-28
3.736325096892409e-24
5.079795858932794e-23
3.3018849089439534e-12
1.0160938147078097e-27
4.567117735138174e-28
1.071336475298362e-14
3.268551818245679e-23
8.188227344563922e-26
6.942069348195804e-17
1.848776031070463e-19
6.089732282582254e-23
2.9949659460173446e-08
1.0838470285371324e-19
1.984807752984251e-19
1.3961778528120344e-07
3.326463651100335e-20
6.1128500393699805e-27
6.899721044021589e-19
7.265780668541556e-29
1.468861507184025e-19
1.762888325977298e-17
2.7445186791580345e-34
3.404641670048424e-15
1.1220293832718654e-12
1.0272258120708048e-26
6.673245770150653e-23
1.5013909094822584e-20
1.8102176612227862e-27
2.087116883017515e-31
2.499664073950751e-17
1.5402636404614748e-18
1.1944195016360714e-32
4.665241855644203e-19
3.1795044308361617e-29
8.919938609967153e-24
1.0649430265914313e-17
2.3085879106782072e-23
1.6008517009489002e-25
8.876636026696899e-24
5.090882710082504e-23
5.989955941920646e-36
1.4725884226432363e-20
5.497594351940699e-22
8.97205953072414e-14
3.1338157366899405e-20
9.038596811613466e-20
8.238218660805687e-34
2.8947983570439415e-20
3.906521751973675e-31
5.882154830057685e-25
5.245150178450183e-35
8.116867976521928e-32
2.031066666991123e-18
1.164710857151877e-20
4.642599176353909e-18
4.367691740104148e-24
2.088678405258709e-24
2.4211015206056726e-17
6.021746073135657e-07
4.751701749008651e-26
5.917305565738926e-28
4.2986927840299483e-16
2.52275056300943e-40
8.539950612954686e-13
1.6012000093938856e-33
1.7324871337337727e-22
5.857947810708432e-19
1.460207716398126e-29
4.2360483885559746e-24
1.1624519972017938e-26
2.84869398723144e-22
1.680806701992594e-11
1.0561572590108062e-13
1.852127237823822e-31
5.357958048050384e-21
6.406782667197961e-12
1.7354524457174042e-19
1.159375823617363e-23
1.2535650909165867e-23
6.882912485311213e-24
6.599460706893179e-38
1.7227668221490152e-31
2.8268006245260358e-06
2.092405723295455e-22
4.2533155896209706e-14
1.459328262890938e-33
3.016811667306279e-14
2.0256245633476953e-15
4.4228879489725944e-17
7.9637900687961e-24
5.0168228626618484e-21
1.9101771144481894e-36
5.949791354619704e-21
6.569499782002179e-20
1.5893417737662957e-29
5.688780188589372e-20
1.1654175868490956e-24
2.6150368718139566e-09
6.205184261903532e-28
1.1881340388090156e-19
7.410704963616623e-20
1.4447160496692944e-22
1.1023995089136585e-29
8.196456508420159e-31
2.7772135234451403e-15
1.2943603433891634e-23
8.758525915443307e-27
1.2342527511026779e-08
7.31644402098581e-42
6.926072999076536e-21
1.4135567111157807e-28
9.009886527132344e-10
1.1475566614095697e-23
6.018989233981972e-37
1.1918318032270954e-34
1.491894573406974e-38
1.3916276976460837e-25
6.086587598411434e-17
2.9487557702805005e-23
1.9156937546602945e-37
1.6844415533630393e-35
7.565774332213142e-28
2.2301852401973624e-10
8.299191616398653e-27
6.172625695617262e-09
1.4259836534210013e-15
6.863752017537732e-25
1.390953271823514e-18
1.326502281393644e-19
6.167682871047956e-24
5.882826688420808e-22
1.0900955227032066e-26
1.72088566826447e-08
9.148210636246717e-21
2.7215631386496233e-27
7.772218271380527e-24
1.0931004797588674e-13
3.743492142299347e-13
3.662395076367752e-19
3.4099203178380105e-21
4.981333726997235e-17
2.969088536711145e-14
9.689259023495091e-25
2.3449170412697364e-25
5.646886157210071e-27
1.859977699157347e-09
5.2107615247239505e-17
1.3876343961337453e-22
3.328347604444786e-20
6.125903940752723e-17
4.2749680098200604e-17
1.5280486914104378e-49
3.744879521135483e-37
1.1711615826993089e-24
2.02887589673923e-23
2.4612775295726415e-18
3.4906070930480185e-21
4.93951461193545e-15
2.5851730885847113e-23
1.6327066949831224e-19
3.491964879523339e-08
1.7984939568339896e-19
3.437115077224865e-29
1.2238041507194694e-23
1.7526620047163897e-31
2.0698894829819502e-27
1.4753679870387923e-29
2.029679797722445e-27
8.344145746473585e-20
1.7781348842430207e-23
1.7705136700632653e-30
8.81488853971809e-29
2.794867209096082e-38
6.6390439709919e-32
2.3556870788869154e-11
2.42931024979301e-20
4.597895250426333e-24
3.8668397350953905e-31
3.259342488817546e-16
5.714288801898949e-29
2.5666143162937794e-19
8.624272071545171e-26
2.7298234934988845e-15
1.5714327553696434e-14
3.6234067344555043e-10
4.001815401926893e-21
1.127943308690533e-17
4.382182889614965e-19
6.428890826286048e-18
7.165450305214458e-27
4.821653542706769e-19
2.0050777077100746e-23
8.634708888360687e-13
3.314152493934285e-32
5.443912124613353e-23
2.3890945460602487e-28
3.319612936931225e-22
2.347624105012127e-19
1.0896729090430276e-22
4.3411132479232863e-32
3.59302925497386e-37
5.251082148832349e-16
2.9643875512804957e-18
8.773808524802166e-15
1.6543916048448245e-25
9.612810093512375e-26
2.0968606153265797e-09
1.5181001572630162e-24
7.112441869656724e-33
1.4543262303278623e-20
1.5738346871177216e-11
3.0868802728969067e-19
1.4064385663367875e-25
6.171593376685499e-18
2.6993380774455826e-28
5.973078620799651e-37
9.892144399535147e-18
4.030637306780285e-21
1.2910519634679857e-23
2.3951716426073623e-45
1.4552603086190268e-17
6.165205761026031e-22
2.454533597610402e-24
2.737474711121728e-23
1.8152858610627153e-29
3.30792092010514e-30
2.2426528354619135e-26
1.4307235070810953e-08
7.203912137535193e-26
1.1095355791096995e-20
2.3969267334553703e-26
2.178591654967065e-23
5.889492761271245e-19
8.563171784846633e-27
8.973575873856268e-27
6.639294153549037e-19
1.4549916082190247e-08
1.1696635031616563e-08
1.6246042366758076e-22
2.5129800406409955e-22
1.8335318368592047e-35
1.0811208619045119e-19
7.398325652635029e-23
4.672088584647992e-29
3.916039415527689e-30
2.4463995859016273e-22
4.831812482108583e-30
2.9505608672457886e-08
6.083192258675384e-20
1.996252763160056e-30
3.0309840879668983e-26
5.803075848255891e-14
7.183577724920382e-20
3.829186828775978e-23
2.2038846913963123e-31
5.245554457839769e-13
7.722496093173938e-18
9.949603710404694e-19
3.255942835162174e-28
3.168640586464165e-36
1.866588594520273e-21
1.853117431445416e-33
4.3298274096932744e-29
1.703900144557493e-27
1.3964501102255493e-25
7.428378248124384e-16
3.486457201426487e-32
2.1559993258550954e-25
1.1274988003065836e-18
2.1131697338846134e-18
4.784156876390651e-27
1.556133447145716e-15
2.2529465910845075e-24
6.35221230582403e-16
1.2002514770947987e-19
3.229158570971184e-26
4.278066553290149e-31
8.363409393329425e-16
9.487456379058004e-26
2.1988227380148363e-20
1.3952277797950098e-20
8.378703351103374e-22
8.22234560556062e-18
4.1002001941700124e-32
3.63336612729967e-26
1.0200733178862055e-28
6.708666998339939e-17
1.935775730388077e-26
2.1785591364410676e-15
2.026713259797199e-23
2.2288958553516438e-20
2.2786188848508292e-39
1.0903085649588053e-25
3.239720245370765e-17
1.7462736320338867e-17
2.146310823040631e-09
2.583978251578694e-19
7.42088720959614e-23
4.422754947632267e-18
2.0042354199427825e-25
5.60613746804156e-07
3.409844223996152e-11
1.551269384050442e-16
5.744967211596193e-26
4.28289990322562e-26
1.2839138139126104e-22
1.1630369034027694e-23
6.143259668799462e-22
4.637849659961327e-31
1.049526869088783e-27
6.624194002143229e-22
8.672169529708971e-37
2.4946627441752378e-24
6.448441971379302e-19
3.7387447429021874e-25
1.297672036060235e-23
2.369704201413452e-28
1.4811495900593073e-23
2.044993088026783e-23
5.9458305379570835e-15
5.508820345770109e-28
1.6006869662557964e-11
3.488261088794524e-18
4.54398209726456e-20
1.5403291401692715e-12
8.45861014984633e-18
3.027458007579886e-32
7.7311116743741e-18
4.635066148356604e-26
3.496050769219368e-26
1.519446673207165e-20
8.53841320475131e-27
6.5132414816952465e-37
8.37634777141329e-29
1.2104874113784524e-18
4.389356031058028e-19
5.654265183519579e-09
3.8615988541829326e-07
1.5893246291366273e-24
2.1161175865499816e-39
2.1039477813900726e-40
2.580299897945192e-27
2.0766203149593284e-23
3.552080977270854e-20
1.8850473613609365e-25
6.793239157106091e-23
9.104558110900167e-17
2.6814991520006363e-24
2.3599327868677046e-22
5.550017615748351e-20
6.394513305810381e-32
3.58423539834589e-28
2.9117498038506005e-22
5.304021272624859e-24
6.799493951769418e-23
2.1605801794871878e-20
7.191264651336332e-24
3.9528969550649353e-25
1.3630590086624293e-29
1.3297969430263531e-28
1.8603475952566535e-14
1.6636634808060606e-19
1.0388904698549664e-19
6.761732125506653e-20
1.4382603353807224e-10
4.9050222861284415e-25
6.981709680735249e-21
1.2073643563169862e-30
1.086640598032208e-24
1.4595722903593245e-29
1.731030513304206e-33
4.391133875472072e-21
7.795668054783904e-18
2.000034833765024e-15
2.3336865525993588e-32
3.010982985746171e-20
5.042088116923343e-15
1.1866659311309507e-20
6.390717766865726e-26
1.595732799306278e-20
1.4080014061516506e-16
6.539510691483861e-23
2.1060465153961298e-20
1.964251771028426e-21
3.7475644664271326e-26
1.4984156988555748e-22
3.518606952143471e-28
5.904479223894324e-07
1.9835426956612847e-20
2.0704131249528033e-13
8.459842255966414e-07
1.5360661043401962e-16
2.1230011280475134e-08
1.363702243914961e-27
2.5822655352561457e-20
1.2599319051854358e-32
1.2457212726675077e-16
3.188726552570118e-28
1.6510931800981135e-21
6.518171730133176e-24
3.896029193982567e-22
1.885105427827512e-17
1.1071027705401707e-07
6.960294840567029e-22
4.002366717152024e-26
1.9792892920443657e-22
6.53792226416766e-30
1.6092037125878887e-33
2.0893308936914157e-41
5.372157911319295e-21
5.111142876730846e-26
4.339617487545467e-18
4.514092501423536e-33
7.075827589752271e-23
2.2014014289488036e-14
1.1535581684788102e-21
6.387457035232141e-31
1.3825771099649195e-22
1.188545065766133e-16
2.6864752331701427e-23
3.1666561682554286e-23
2.5154718202758415e-27
6.106303302884738e-22
1.607037555863614e-29
2.779110398963447e-19
4.886360654305764e-26
3.001556287187943e-20
7.934537894104873e-16
8.13196453196955e-35
6.110983675466025e-18
4.5118091901285804e-23
3.2085264892313046e-16
1.9792645259770004e-19
1.9268809999169234e-10
2.593066511791699e-27
5.527422938907434e-29
3.1397024647537065e-32
4.481755601266251e-10
5.74436050151345e-15
4.719282211532336e-21
2.208603714744427e-31
1.1947212029452458e-19
2.471637502338941e-25
2.304007443109002e-41
2.403551346981486e-23
4.4825607641551955e-29
7.51118297507172e-18
2.5793105315538418e-11
2.403246269767632e-19
1.69075491781913e-32
2.2205597913898092e-32
4.76611244827761e-16
1.1601871204428588e-17
3.461306606050071e-36
1.7247533567275065e-21
1.0562194612450694e-27
1.1160442413197356e-18
1.6253232958324273e-22
2.0226436201184172e-20
4.629576681950505e-28
3.3636985018198548e-18
3.7056779215725865e-24
4.331538137243746e-24
1.9286555464781195e-15
7.623757778838816e-30
4.428465775114454e-18
1.2901950860285928e-09
3.7765249439330387e-16
8.991108202436351e-26
3.5292405371775067e-41
1.102534047310538e-14
2.1398959313678997e-24
9.658721111145523e-27
1.1224267545959762e-09
2.4300958645148652e-11
1.2730831197233438e-28
9.834468233831604e-09
6.0817038986412694e-15
1.3530517672290393e-24
1.5742720451506045e-18
5.212128626356648e-26
5.508852759196793e-36
1.2375585790483503e-14
7.637724261310942e-18
4.7200832133717685e-18
2.483383742074575e-21
8.180873534091595e-13
1.696004208504511e-17
6.122232444178852e-24
1.4584105862500116e-42
1.887237817911926e-21
1.590514310590577e-16
2.711027677207578e-28
1.9859621742653374e-34
2.3835517800332725e-15
5.145578877578898e-20
7.087296332144833e-09
6.302239598476131e-17
1.1674626471347896e-38
8.73514201233151e-19
3.6893515672201334e-17
6.593704620135278e-24
2.2288369259810332e-17
5.804424525336179e-20
1.9270012641392179e-19
7.683449456298761e-20
7.243015811528615e-20
9.429039950206036e-13
2.3988194145405086e-26
6.830758758504855e-51
4.337743236394916e-27
7.044456154788567e-26
4.89379190307433e-22
3.2221479707962844e-28
5.108429006551731e-28
1.5410850370972543e-18
1.9567030438996464e-16
9.501864623183942e-14
1.3989699874997608e-24
4.343789646741223e-20
7.983123712407715e-23
6.821130696283713e-07
1.802691906472701e-20
5.045661577241335e-19
4.0462969975404285e-18
3.2905845507051913e-16
1.8609068598366975e-17
2.4064603561895295e-46
2.0553035580651688e-14
3.946978295595259e-43
1.8546972046521024e-32
7.6566017162342e-08
6.208789615376734e-18
3.7402303884627315e-23
3.7983148843851236e-23
3.161591836053099e-11
3.487873064337094e-19
1.2008148096646636e-18
4.217441504697973e-30
8.787755980036542e-22
2.3343602986787103e-08
6.36129721171335e-17
4.744668070083893e-28
1.8427810116723506e-17
5.060199292517029e-33
6.557296228716119e-32
7.789687535552539e-17
6.223124287867029e-06
1.4949644804965066e-23
4.5963094263696024e-24
9.613777989045015e-18
4.864282655049036e-17
3.779890591760032e-27
3.9495752754589476e-13
6.022677377803779e-26
1.1042014219148614e-12
4.810569261012787e-11
2.6348827704461747e-18
1.2637291948014859e-23
4.039350823600516e-21
3.6936901155016177e-31
1.1473552208371987e-18
8.944293818015136e-25
5.5891706407538404e-11
5.410688285791884e-28
3.6710139539500834e-17
6.300385276616385e-17
8.506064586709415e-18
2.7866365294945473e-13
2.0682703253216127e-13
1.2043291495889275e-22
2.627809275680611e-19
1.3127246416239921e-13
1.7855456080638725e-14
3.991217971632266e-39
1.2892646334217188e-21
2.450471471291692e-26
1.6860986687236755e-23
2.654861927191647e-26
6.645356875463806e-17
5.75670211983317e-24
4.0909203950244772e-25
1.0276515406072204e-31
1.6571300633342917e-19
1.026966789387663e-16
1.1309170905206546e-26
5.053047108111516e-32
1.3297141569409289e-15
1.874501738028604e-25
1.587015242903742e-20
1.561606267778089e-36
5.203456689533391e-21
1.0882051470697016e-22
1.5945708488509338e-22
2.707899852006065e-29
2.5735551346173847e-34
2.7829466880942453e-28
1.195095844081313e-14
9.879142490042932e-22
7.676502544195862e-31
4.111747761722357e-21
1.5023116205058463e-27
7.236217035707067e-45
1.0592189750886929e-28
2.7473240161135884e-29
8.272140486327828e-21
3.080437241396544e-22
1.39174769280194e-19
3.5960753564598846e-22
6.164811657688419e-23
2.0678112768360852e-17
1.1314539272688865e-24
4.717058520067846e-28
1.1250690133617267e-24
4.002989428206419e-18
4.9902755664939774e-26
1.3838890239242138e-12
1.521825741820655e-24
1.2418485468198856e-23
6.991487557961528e-22
5.1043910908495764e-17
1.6062074932591763e-27
1.2652453107042874e-22
1.6736686435308116e-24
1.7092624941218007e-41
2.5210205098405377e-25
1.3190504751186388e-21
1.4562336488340755e-32
3.3604995033001516e-17
5.241352097215292e-21
1.949105455458016e-26
2.4427041115168905e-21
1.5180817542361747e-29
9.963462417214332e-20
1.1301798111279354e-18
2.49006974796691e-28
4.3143770810292406e-24
8.554024152781726e-19
3.6558647380275876e-15
5.806073460650161e-27
5.000306399124811e-23
1.9861170088351482e-13
6.5855340183294795e-22
2.1212360293228377e-29
8.175827982214295e-29
7.403019429899348e-19
2.2704192188304856e-28
4.600224229477947e-28
3.3543107538946194e-25
3.30392154618037e-28
1.5821794839428705e-24
1.5732259378285554e-23
7.660718633870352e-19
7.420653088849636e-19
4.247873848829563e-32
7.141662259856054e-29
4.2481233802636283e-19
1.0571065161605204e-21
1.0772759068146931e-09
1.552217183942501e-19
5.0475616870268e-30
1.420156139204272e-27
1.1989194031080011e-20
2.9934518565809756e-20
8.265946239166744e-09
4.2224140889325974e-07
3.232299236144347e-23
6.328068572524001e-16
1.4986873462836007e-19
1.4822423085637173e-12
1.9238863626678663e-28
2.2834991731100706e-25
4.0519209360611686e-17
4.491567789115054e-19
7.0607166057051355e-28
1.490156529571052e-25
4.124441197656652e-22
5.79912498232307e-25
2.40766770061959e-27
5.3904598648981e-23
5.357970148658643e-16
7.769344882245449e-23
8.215871356594977e-30
5.6330493318236015e-15
1.0617739417712777e-32
2.284161546864522e-22
1.3573776635943305e-32
2.0559624197052306e-24
1.519392232370423e-10
2.3993043979593756e-25
8.861848924438246e-22
1.955463216750751e-23
7.147718512301803e-25
6.13187671409552e-19
3.0120261493892642e-18
6.893973809975958e-22
1.5333136999159684e-23
3.1453031538109415e-20
1.1570638678382645e-24
3.196978553605991e-27
2.224434158460382e-25
9.747879255809139e-24
2.1366407396663546e-14
2.6393850324608634e-19
1.5390758999209586e-17
2.7730603823632814e-18
9.642094967112459e-23
9.432090727447822e-23
1.518772138571839e-23
1.0745292697459004e-17
1.8901241923479448e-21
4.327019528971575e-20
1.9935796192266003e-34
2.881091568956404e-11
1.5012084321993782e-26
1.5679357468428785e-25
6.676531872475303e-38
6.121614728563172e-25
6.852927567446278e-20
1.0181771245739287e-24
1.7640601512613172e-22
2.980283851553802e-23
2.6464494914735465e-25
1.2906433141402669e-21
3.36786996352269e-20
3.7560468980462634e-15
2.0314355054883012e-23
3.3371034096031924e-18
4.094336294210605e-26
7.858519434309897e-24
2.122468796645927e-24
4.033067968549424e-26
8.717875251470028e-35
2.4632564438747206e-24
7.235519639524262e-19
8.624213781636663e-16
4.372128445938568e-34
5.876475304733651e-26
1.3867851159642837e-08
4.544716781588873e-35
2.202032369418964e-32
4.2632630907629926e-14
1.616273203565198e-16
5.287108755369405e-27
8.986872336285907e-09
3.669842399711354e-12
7.17815281849226e-25
2.9359518365427026e-28
8.79994199419779e-16
2.1593367728466096e-21
1.059870000714378e-26
1.866502571639392e-17
6.646562082663324e-31
2.865271023080494e-25
3.056614078615064e-21
7.369196622936375e-11
2.3820370625009697e-23
4.2019990420864743e-23
5.280807559271641e-24
1.1567793342946771e-19
1.6069045899427386e-16
6.2652855497674245e-30
6.686037500461045e-11
2.268494439460847e-24
6.173967660600125e-21
3.630788234229661e-20
1.149009545325574e-07
2.1564378077696364e-26
6.85649904720195e-29
3.125032650873155e-21
5.021174509512246e-27
7.557984327275049e-35
1.7928033383055155e-18
2.187977756184871e-19
8.243012366975622e-26
1.3731521924378765e-23
5.477863679587023e-14
2.6168037841932797e-27
2.0528255686466842e-25
8.960020752684373e-20
5.6340890106787e-35
5.456013931344273e-18
4.2888023673427226e-32
2.713711681879933e-33
7.26355935499809e-27
1.2855513629405041e-14
2.1655214928292474e-14
3.467879677392104e-23
6.36658023136138e-23
6.058907779393301e-22
1.8844005992395507e-12
8.331014513175631e-31
9.38170761837622e-14
7.572608751631167e-26
1.1841727534398287e-12
7.844737335302834e-22
7.847214568567321e-41
1.4390040876693275e-18
8.563201335410123e-18
1.4881794313986459e-40
1.9249969702375982e-24
2.745456981508752e-14
8.041036420027901e-11
1.1124142617435661e-18
4.165237815180842e-22
7.428797176616235e-21
4.221261797777907e-17
1.221934488576478e-19
2.76087075487016e-25
1.4900260104900507e-19
5.813803459464951e-19
5.477406662754096e-21
1.1866535532001221e-18
2.2556361613242786e-17
1.7288762005961592e-15
4.777221903867371e-24
9.443764781528581e-29
1.424237656351374e-17
3.3387430069471906e-20
4.9985248272741557e-23
1.085546496839985e-27
2.6427008076570513e-20
1.7024364830874438e-30
1.8033388642664125e-17
1.744464762440711e-20
1.3053370450381121e-23
1.3528309465145997e-14
7.331792843254893e-24
2.6783166615992124e-14
4.288529756568563e-18
8.573713842296942e-17
1.3376877915765714e-18
6.16806206319991e-21
5.129133630436333e-22
1.1415705189986076e-26
1.9879134554101945e-21
4.366159956946292e-27
4.751102305829354e-31
6.703075071043435e-27
4.7340609443819155e-35
2.579229567050715e-33
2.7708935020351992e-18
8.302042814032401e-21
3.240475617724202e-37
3.477928830878148e-20
8.774182522218346e-20
2.777327386888647e-22
1.5922452263612e-10
2.0488480795419547e-14
1.6143912418710369e-24
3.7029473191106886e-30
8.415785950647741e-24
7.044958919269769e-20
8.872666773999167e-17
3.8090521290382393e-22
2.1843453083219957e-19
4.4624893771596495e-24
8.98523166456192e-21
2.8148371517079917e-22
9.188239013565525e-22
3.771979740192349e-20
2.317908827091015e-35
8.28084479050062e-19
6.4384986807678154e-24
1.944358987593489e-28
1.2862275926625821e-16
2.6337719477655935e-19
3.066109166131789e-25
7.424159817854133e-29
1.4080436950532688e-22
1.752174092903975e-21
1.2614194037678048e-10
6.622909446128101e-18
1.7786612886943e-21
4.739991642017159e-28
6.077884814682268e-23
6.656733875360663e-11
9.60853069326901e-22
1.6843643936756642e-32
2.732465444989846e-21
2.9851289841190573e-19
4.115053606773633e-23
2.3572257225779854e-19
6.053034209329284e-09
1.5060617022020935e-21
7.607843423772672e-20
4.007714239786285e-18
2.5600936542123405e-28
5.570745169658161e-26
1.8748286219121332e-28
2.4701309443139208e-23
8.699307309977416e-29
2.081110306756508e-20
1.711554579654703e-30
1.0882673976165845e-22
2.083488175231775e-08
8.245214840805396e-22
1.0374061907314138e-44
2.594393450853209e-22
6.085065628753849e-50
5.284659016993247e-17
5.399897868923417e-22
6.187536500369205e-13
8.660017205531486e-22
1.3508921115659296e-18
5.563382617905894e-25
3.080329699281385e-21
4.331392513871186e-21
6.0392731770969886e-24
3.3455753608698107e-13
4.0472923841999645e-22
1.6199600592422138e-14
3.4836414347588666e-15
9.098747917942032e-16
2.2282053448015836e-16
3.494006376391502e-39
2.7079859073607244e-41
1.7262082152810819e-18
1.1509097894977944e-32
7.789604005904857e-20
1.3997302401053805e-38
5.466373637245298e-28
9.559113500718715e-36
1.813042034626169e-25
2.7488071537682824e-17
2.7810411827528916e-13
5.5036569435606924e-21
4.465384165242929e-25
4.399265923507034e-22
8.621977252868809e-24
5.135371941762747e-25
6.099232254473893e-28
1.6328714380032956e-29
4.8859697744750775e-12
4.465797595134654e-17
1.7570179154874922e-27
5.206833721692358e-19
1.4905963697243248e-18
3.811607497077597e-27
1.4359353067978102e-07
1.2262913978496486e-26
5.691719205745215e-25
1.1944567856443281e-18
1.8707055851589245e-19
1.7038714915269084e-26
2.9884197002739006e-29
1.132320243495918e-24
2.5574660380424317e-23
5.309055219801624e-16
3.1233952231505924e-15
1.0036608466030944e-20
1.162685276333966e-12
1.816123340352282e-07
1.2825192999568293e-19
3.893588823608907e-25
1.362965701207693e-24
4.09659588595494e-22
3.7671811039531954e-20
3.2317606836772684e-33
4.992066734449176e-13
3.2229823615264395e-18
3.277268319719086e-10
3.165303213059086e-29
4.128069123594217e-19
8.792402380418672e-22
9.712286848602577e-26
2.138802208575006e-34
1.1948954825735728e-21
6.8576151644233465e-37
5.459870518307169e-22
1.3981957717046532e-20
7.729334023741362e-18
6.493360924896387e-12
1.563282700046115e-17
1.3264907225351894e-25
3.3115165116624102e-21
4.79901255251727e-25
9.730810095104245e-31
1.7065086090004502e-23
1.4562117806994473e-16
3.116915398428597e-16
1.734248713491292e-21
8.26235120515003e-15
5.003965021080727e-25
2.213424547924086e-23
6.44048411461465e-25
1.2894261944457954e-08
9.955000910922233e-20
1.3730149504362517e-21
8.255822196336371e-24
2.5656748533048494e-11
1.1554766976377791e-12
5.582540164117689e-22
5.977037672973718e-23
7.836918333104456e-44
2.2388874418250973e-12
2.7483383811098497e-24
1.1598345136575315e-12
6.6123602765872415e-09
1.7406271782784945e-16
2.3661061787697883e-20
2.8582721470464687e-26
1.7418815772114872e-23
4.466486776281889e-22
1.1952642475133524e-16
6.95863769520241e-16
1.5741468754978265e-18
3.0255371727103254e-09
1.0082302319488089e-15
6.742659683777512e-40
2.0915294397450556e-30
9.322944504388403e-31
4.379687745858346e-20
6.611487484011607e-18
1.7272455598498346e-29
3.850982695811477e-18
6.164915088082949e-20
1.3658102966814737e-24
1.6343601328430384e-26
4.218521248745222e-19
1.097386982814111e-25
2.3819774404056353e-19
1.4257108747113658e-08
4.947606773427334e-15
8.683422480323858e-19
4.121872424324994e-30
7.852555525634501e-28
5.013228190211392e-19
4.511883886136544e-16
7.171546432122463e-32
7.394419727310525e-27
1.2873221973646941e-30
2.2806377948786505e-26
2.4850519303194665e-23
2.131187396856983e-19
9.147124728016399e-17
5.264381664905103e-28
1.0687719996517936e-29
1.5389860913326673e-22
6.599368559610037e-19
9.481999575117464e-16
1.5322215694905921e-21
5.008543348209847e-20
6.072054165288145e-28
8.107985029881298e-27
1.1270238897843012e-22
9.445048393726785e-26
6.464389178770139e-25
1.6134005424057994e-28
1.374080140738879e-16
9.146546385786814e-28
3.1132255166311944e-32
4.576941497612345e-24
1.0046970537763868e-19
8.689415436947671e-19
6.515666243143687e-19
4.569559202251231e-24
1.463924643559323e-17
1.2093539652200592e-31
3.273348809075375e-30
2.8571612057675095e-43
1.7283483342602568e-19
2.1630046989873712e-18
1.489757352252169e-25
2.734948593759729e-24
1.0086365846637108e-13
1.0193943024847674e-38
7.822344586021749e-40
2.1209020700274197e-20
1.8771826148150398e-22
1.9398467230622964e-26
1.5642993776900178e-14
1.6033884893632117e-16
7.552832445505667e-17
3.122382875857785e-17
7.135027553073654e-29
3.440290405680212e-31
9.125280729988306e-07
2.8324346179331174e-16
7.453663616133935e-19
8.185643447583251e-20
3.461889930629022e-42
1.3978190227037383e-16
3.58439707205554e-27
1.6368993718347151e-18
6.108247854608505e-24
4.482510990886986e-32
9.007618098181994e-25
6.247222430843496e-25
3.568297019955976e-30
7.233984643737637e-26
1.994904926704987e-27
5.6452071444178475e-24
1.2475800824422061e-21
2.8536209563181005e-22
4.214884763165094e-21
2.1625006080116045e-34
4.119209773185776e-27
1.1541763099153387e-26
4.125395602899859e-28
8.510028486537674e-24
7.19202145880388e-19
1.5720148859706788e-30
2.4035149630812187e-15
5.093532650806537e-20
9.209561137570413e-26
2.209635612828051e-18
2.4679597956569213e-21
7.529724747732972e-17
1.765596675212471e-19
2.9884856986719412e-33
7.858467297829933e-25
1.4812833996207453e-09
9.294559021541322e-19
4.575070589656685e-28
4.8813619495633364e-24
9.571312200003535e-20
4.123413278545897e-29
1.9926826899541075e-25
6.53726838351568e-20
1.5441823163417012e-19
8.387444020110942e-17
2.170745639944661e-17
6.320208418856849e-43
3.602166563882018e-21
3.6589817716185177e-19
1.2768222829681808e-14
4.7002306653002967e-29
1.1097716559041847e-28
1.6034947520214687e-31
4.2012963251489645e-25
2.8746500884724384e-24
2.0698945138820525e-36
1.050300904627584e-28
1.5590253623530533e-22
4.766020980325669e-13
8.311859593844762e-09
1.7585305894437838e-13
3.0580025234487e-22
3.860736270784794e-42
7.660509462002592e-15
2.174865093047902e-17
1.3487309910410414e-27
3.2550472721111006e-28
1.8479133585058812e-26
7.237415232675776e-23
4.499068607443797e-35
2.780147285742671e-19
2.0771916422306364e-22
3.146538030932259e-29
1.1014068321689894e-19
1.6318745466820654e-06
1.647280683482609e-19
2.73895697539481e-25
3.1600875577509036e-20
2.331022363940788e-24
2.1668738178579096e-13
5.332875519124896e-37
1.1512877735732404e-18
4.6112802512999404e-15
9.043828400694904e-28
2.937673951130253e-35
2.5521430273734835e-12
4.195230968524602e-08
2.597493426606984e-15
2.6092759806538523e-30
2.1732315909600727e-21
1.0157107945524068e-20
2.9698288802983454e-13
2.6712047158561707e-27
1.2148669302559738e-25
4.912757371021473e-15
5.7898476487326365e-21
3.871800089794067e-20
2.514840012225365e-22
1.6026361286074034e-32
6.482032167566819e-25
6.30151391041336e-16
4.385060230619995e-26
1.1885647853829124e-14
1.8645870669199534e-21
7.601045121516438e-22
2.3410722072170026e-20
2.4858241206597447e-32
2.4659928554732408e-26
7.475692484439176e-20
5.568474830341378e-22
3.55779427085025e-14
1.7115116514856363e-16
3.935329125133867e-38
1.8101854859748956e-22
3.433701325695874e-32
1.452157904414384e-17
3.737463844522502e-11
1.7512402915527703e-15
2.7481924780817766e-18
9.195146294876587e-19
1.9472773247632206e-21
1.6916335094869944e-07
3.284195573499678e-19
8.817955042261206e-26
4.552484408783248e-21
1.0698996078747557e-26
4.640777528218069e-05
1.6330999046994253e-35
3.232816013177853e-30
1.5456417462659254e-24
2.629856803602703e-30
2.54479610583736e-28
2.8610299215044223e-23
1.75128663805997e-32
2.3486517694861333e-23
2.939223740011005e-15
2.4970105382208864e-23
5.711427541906343e-10
5.535056807840323e-12
1.0166862611515807e-21
2.4734784765447652e-29
6.043999684592116e-30
6.411080517191072e-25
1.4347743434324415e-24
9.162658751422019e-27
1.1995353192839336e-07
3.5255089545858105e-36
6.0788556356650145e-30
4.886895570504196e-39
8.419188611766513e-34
5.541839190263251e-21
1.330920670567659e-21
4.630588256681433e-17
1.299811338417395e-34
1.876468340801841e-18
2.0315385871747092e-17
2.143505336733163e-22
4.499761543700973e-18
1.8085039662608022e-17
4.861389211845961e-19
1.0050334254971818e-07
2.1626964682555154e-34
1.67887520975391e-28
1.573624985607323e-07
3.427374627931273e-16
3.9474394585235997e-23
1.0589146225756648e-06
9.65289704495817e-23
1.0674126750118894e-28
3.481889709608602e-30
5.9019123633676984e-24
1.0870993952032786e-07
1.0712845247836223e-10
2.0083976294849724e-14
1.5572510799270325e-14
9.52789204916834e-21
1.3789609746611306e-13
7.521675823772017e-18
7.833597167637223e-14
3.644577558371023e-07
4.030057453248008e-12
8.599893256749097e-19
3.7287010727850415e-14
8.25885192865372e-24
1.210581760679414e-20
2.172994043358412e-22
3.5773634403778455e-21
8.22750636597522e-77
2.0649055327406736e-27
2.748495689442236e-17
8.83921355865045e-24
3.4313694331960865e-14
9.474928457620083e-16
5.645236479282655e-25
8.660163162881568e-25
1.0013418638483521e-25
4.940348801040443e-15
1.4993305512047265e-18
1.002360815294486e-21
5.131040176732951e-22
1.0084029201677587e-10
2.400872167966476e-26
2.3164948592892576e-27
3.5552572341002815e-26
1.2684396844534152e-26
1.2417305382415027e-22
1.7736483935331057e-28
1.0492399550507164e-28
2.5425686789805083e-19
3.80424886877539e-17
3.1410169981118294e-16
2.6480367331040396e-23
3.757330683175998e-43
4.284319784209919e-28
9.186436202632977e-15
2.4393539973280852e-26
3.904137950588479e-18
1.435317051580425e-30
1.802801260262965e-06
4.807166484865451e-15
1.8188503664927556e-24
8.499567388525324e-24
3.1476134212614535e-21
1.0594464577626782e-21
3.9978682230210583e-28
1.1924329442723915e-29
1.5377749974805375e-29
5.545531203548662e-37
8.118856489292982e-19
2.9164586552883413e-20
2.781790007589077e-23
2.8740981976486497e-12
1.6007084632686118e-12
1.7955201499533107e-07
2.432148950598084e-35
1.856118801992278e-51
4.659777320451263e-22
4.984158375621338e-31
6.239156508824434e-34
4.710408552893134e-31
2.898216228472691e-20
1.910826295162657e-23
8.529379412643788e-18
4.560325944445205e-21
1.8174882623237662e-19
8.963765645334134e-17
7.340821234100598e-30
9.034919793488083e-24
6.793527755832285e-27
4.496688491802485e-19
4.349815819567523e-09
4.0435484955100906e-20
3.790945138774471e-30
1.2264651398745673e-19
3.5221829009398456e-23
2.00506657392399e-10
8.314743452586015e-25
1.3822136708283725e-30
3.769001204906358e-16
2.6175858182981835e-17
2.4092732352787426e-28
1.657894603888693e-28
3.178453772159697e-24
2.4057057147399557e-47
1.9489577058071828e-19
8.389465111143108e-19
2.924633907740723e-28
1.0510683059559518e-20
2.228372151214442e-16
3.9201264901707147e-16
1.408259946853982e-22
9.907463802593042e-36
4.7677781742451537e-29
1.4350412336081443e-32
8.748802738986294e-31
2.520941752166425e-16
7.293157188792813e-28
1.0593195903206975e-31
2.5449401906542216e-18
4.865524608482629e-21
7.615160708920509e-23
8.7116739010588e-39
1.9421850143222812e-21
1.999009748013834e-38
9.01266401227812e-25
2.9537743957565216e-35
2.8773877951513884e-24
7.222368746320443e-13
3.960391921116398e-25
3.629311402697411e-19
1.2066443839237621e-17
2.2402748532015696e-27
1.71584235137051e-27
2.8029012593144868e-18
8.841913858045583e-21
9.642574587147904e-29
7.242650650106363e-26
1.1583544505563731e-08
1.2883320600145344e-25
5.3722922622263215e-14
5.515863333276951e-28
1.3425453677419138e-22
3.931795944872945e-06
8.692927960699241e-37
1.1985659533435475e-24
5.433056263530347e-28
2.360922782428267e-36
2.1517238247118577e-22
5.742509970763004e-57
2.272860386739885e-25
3.73046607063329e-15
5.285498350675058e-16
1.2693746702351805e-37
8.919205887657918e-15
2.367334400562892e-15
4.968818774104334e-20
8.952987663006402e-24
9.152721123243502e-18
2.63342622329e-16
9.412381620662728e-07
6.717589169305935e-24
6.128911497146564e-21
1.0341019051873234e-16
2.607001944532491e-35
4.109588636477739e-18
4.579083147286107e-19
6.534275921846777e-18
3.895564565672482e-23
7.013082157314034e-18
2.459377595083707e-19
8.132683585484017e-21
3.874971524157926e-26
3.3646255466871395e-16
4.963352486503661e-19
7.701973656229831e-23
2.036489462224996e-09
1.4623055813172187e-15
1.411281351585056e-30
8.133626960881738e-24
2.94747742045401e-19
3.9742832053527045e-17
8.537810124868331e-21
9.265394393421045e-14
2.925256887582815e-26
1.8913875095844055e-18
1.786186119042111e-19
4.317233960509973e-20
6.00386555162637e-29
4.132297747314557e-26
2.7083503231192974e-14
8.498320237912323e-23
1.6649934318442977e-35
1.8897185280357554e-25
6.186292812230983e-28
4.620855641700179e-22
6.708488326806354e-20
2.252440427075051e-20
4.85196786596492e-26
5.0576855801017504e-18
4.646001329054894e-20
4.35890000105406e-25
1.3154859268969489e-21
2.959789386572868e-21
1.5698742145997521e-24
3.412123462672977e-29
1.0138867815103579e-28
3.6090441787125196e-23
1.8490822551283797e-28
1.7562565804652154e-24
6.318775511058248e-26
8.94888886223958e-31
4.86478528821574e-12
1.1547016265028456e-16
7.567823611968492e-29
1.6413184256571347e-29
1.042540187220118e-11
3.0984110122777257e-22
3.7384763852422495e-27
5.616827369114672e-17
6.190888337364756e-29
4.173895338815165e-16
2.060614654062868e-36
3.722947344998908e-22
2.5293559064472493e-34
9.253427060184859e-23
5.0791993633595084e-21
1.884222570416515e-23
7.977401199543431e-25
2.3084213954460814e-21
2.284224789270469e-22
4.0811594398427754e-23
7.103583127599073e-26
1.2349367814509847e-33
4.221180544525125e-30
2.0640541652526152e-19
9.639830367044383e-17
3.350386276456344e-30
4.7663096488305335e-32
2.8538800599307784e-25
1.0306657472815081e-10
2.8424478520311296e-22
1.1948701672951807e-25
2.1936613279124096e-26
6.400883397802741e-48
1.2220172939154718e-25
2.7303528602105668e-48
1.859457926568653e-36
1.772979780378365e-17
5.913466111291909e-20
1.7864580817770773e-27
5.126452184282785e-21
6.33953958325028e-42
2.919429138909863e-22
1.960034820270865e-24
5.642349399605361e-20
3.2086487686646266e-16
1.1900847506300658e-16
4.078979796660131e-15
3.1662005187206756e-29
5.9208317404344055e-30
8.364918689030067e-22
1.1003239624051148e-22
3.407649132663396e-21
9.909455779044032e-18
4.2881688662152965e-17
9.608791226736924e-54
2.8678789374199395e-25
1.711371519437074e-24
1.263407136901319e-27
1.808533367098675e-27
3.088141367928163e-29
4.910751036384601e-24
2.4421706058345954e-12
3.530680794316743e-28
9.07705279670166e-43
4.234303403772438e-27
1.1002664850604592e-15
8.8566306153891e-18
6.10983378208547e-24
5.012690479128947e-22
7.169383966341807e-15
1.97188926349518e-26
6.912915665712121e-21
5.639309059885832e-68
1.5489865054585234e-36
4.952508304187241e-14
1.6133906200277181e-28
2.4033543696824073e-18
7.756469577840238e-14
3.155262686669121e-22
3.3604088581679697e-18
1.975176715041603e-18
2.0527249209523635e-12
2.0359507131505e-35
5.6750861037352176e-08
4.745640520531419e-18
1.6056047639580109e-09
1.7305697982091697e-35
3.459408912271638e-27
1.6565808202225133e-16
1.815106305869458e-22
1.0574578159482169e-21
2.3096152828401732e-08
1.4520918490674224e-13
2.2157829448131843e-12
1.2103983518077433e-26
1.6558299620940661e-06
9.844334467980512e-15
5.823325617338287e-20
2.3543830342328796e-25
1.4133315329458833e-20
2.3366218823955544e-25
3.060401151246698e-20
1.820823564705097e-21
3.620147020638036e-18
5.190063860047855e-23
9.418802175608206e-23
6.581310952844705e-49
1.024245707092258e-17
1.0433700524201753e-34
6.408832172093139e-08
5.604157336093448e-19
3.3756001281644515e-08
4.146658516166554e-20
7.325721495943317e-40
2.3592239156896786e-13
3.8729981163479756e-27
6.384392969181474e-17
1.0833655404422287e-25
5.636773929784673e-27
6.865348202282781e-14
6.695361745155362e-17
1.578176266190548e-20
5.47752562631443e-23
2.4756505718580426e-22
1.481426982495375e-22
1.84608302069946e-16
1.7113377435053081e-34
4.846856170099468e-14
4.512354257818933e-29
1.731052949299381e-43
1.3696026382407126e-26
1.4245864382535014e-22
8.751095887910181e-25
3.035108763800632e-28
5.271060342839813e-28
1.8844805022300685e-19
2.2848470476121783e-34
4.0883314142603453e-26
1.9230340551502094e-11
1.5357655409965413e-27
5.727300184738407e-34
1.2077146464255646e-29
2.4687545876108043e-15
1.966326318698573e-18
8.693075206735704e-22
5.813924398393208e-13
4.728581993492968e-18
2.2113024424418056e-21
2.40047203248919e-31
1.264149175542765e-20
1.7631426096947337e-12
1.351695007797044e-14
3.10423642837273e-07
5.0321714642781854e-11
3.753565996887909e-26
1.9630165626437902e-21
1.949755892800348e-18
1.3189701494934993e-22
3.9495804954387823e-19
1.684884150297838e-09
5.251022835478589e-35
3.3072400705220174e-22
4.5397786821852344e-23
5.18318885435848e-16
2.213865264178351e-06
4.0130840740325277e-13
1.2767007654881887e-21
8.281017601446747e-46
3.759991183570876e-24
3.0898363291843e-10
2.6243431139947575e-17
2.9492032090415524e-26
1.7239160288421113e-25
3.8453538520726943e-25
2.6255748531231614e-35
1.8393916182251138e-19
1.544305551392726e-23
8.391233302440049e-27
6.822417034128463e-14
9.769870659354181e-16
6.10693608780531e-13
2.779007449511955e-18
5.799635420071285e-13
1.7632461011479471e-22
1.5307474888486637e-55
7.522120896426614e-27
1.4576345168144867e-20
1.9146908180392947e-44
1.3203324533967994e-11
1.8725115181913935e-26
3.482301291744189e-22
3.0821284366277183e-32
1.0537388893488356e-26
2.676337425856321e-18
1.777859152044264e-25
4.0018714545150644e-27
5.212815907820268e-41
2.281712060461367e-08
1.1024560465964663e-30
9.436555927296223e-24
9.802849608895707e-34
2.566518409482963e-15
2.18829137869421e-21
1.3055289281977618e-25
3.732250458247445e-22
3.2613887048456554e-25
9.494809691058253e-25
6.304570368852991e-25
4.6707963475849464e-11
4.5551301484608957e-23
6.956259805868229e-51
2.262574618900401e-14
3.271171743441828e-14
3.3300642556909764e-11
1.1996414950315912e-28
1.6280730884477308e-22
1.6601474365101077e-14
7.888988435885029e-33
1.1471526942234029e-07
2.7823499667922555e-28
7.259729282499338e-24
4.0483126815203916e-17
3.087439137920393e-11
3.976726211534556e-21
6.849524808876225e-15
3.0167275855110857e-18
6.0824671796149745e-22
5.901266869557989e-30
7.925984368925672e-14
1.2487678950445093e-18
1.7338255035040537e-25
3.109623363521668e-17
4.442584655189508e-27
1.1351370170905646e-25
8.046810978692316e-09
4.2366263598502774e-20
1.4091693692728358e-18
1.9752407235992382e-15
4.972208779172175e-19
1.2296660087757256e-40
1.3768089902535671e-22
2.403130066458504e-20
2.119407842130364e-18
1.0047415451527221e-23
7.707914316311197e-28
8.502451082969086e-22
5.80034917680081e-23
7.125188761489364e-22
2.0611820674841054e-15
1.1828155896515116e-21
5.016191945161178e-19
3.867441594221011e-14
1.219441413480546e-26
3.7184103311592517e-22
7.152773227959295e-25
1.613152216921999e-27
3.6742098570977556e-16
7.797431443686405e-18
1.3160618880342937e-20
1.6597261060798628e-13
1.491974859590375e-32
3.1394050945682284e-21
1.09446447408938e-09
1.0359661738347132e-14
1.9183345257754977e-23
9.29926420361521e-20
4.851168101398284e-31
5.871816968363887e-10
6.305332736065223e-25
2.1058534827776203e-24
4.318582496905211e-20
1.2718138404463864e-21
3.5955290338452394e-34
8.352372179883808e-20
8.640212351035927e-26
3.3237366372395173e-19
5.4664542094522496e-24
6.231857855952166e-25
6.6890339754423155e-18
1.0718669646551827e-19
2.7458606704634896e-26
9.005324642714638e-13
1.7575865788743735e-28
1.697523705058039e-22
3.9359649052713435e-08
2.9928291082153806e-22
3.516868835036858e-27
2.0411276085963236e-21
9.446423797929916e-18
3.472810042740407e-40
4.6511644154007444e-10
1.0847001308564686e-29
1.1795200693141206e-26
7.9195659879089985e-16
3.9107128881582884e-20
1.9996303637026293e-25
3.9575330708026166e-39
5.956380748855685e-16
1.899221049775867e-22
3.260746578832033e-19
8.787467963636351e-20
2.0015304999022551e-19
4.956510270114269e-31
7.352526970953833e-24
6.65544372087712e-33
4.214916179438344e-22
1.4808690375838156e-30
4.138417689488053e-23
2.2065507635354292e-16
5.348733788862102e-24
2.721569424359754e-12
1.956384994705914e-36
1.3649715855909779e-25
1.2027585604256545e-28
2.1595461153064734e-21
3.470933250037789e-19
1.3664683487770677e-30
5.303081041250908e-16
3.335201056013825e-18
1.1328922938029516e-17
5.1455610185134996e-24
3.867853673904277e-30
1.2421830843520633e-28
3.1163527001774754e-24
4.771623906201996e-31
1.5932348922918186e-47
3.081840810897791e-19
9.01801345225003e-20
9.994501095740123e-26
4.33655382647157e-08
1.1967355363417506e-16
6.053556378679481e-23
4.6079100706949e-25
1.0455732335876478e-19
6.466324618212292e-16
1.5051443828932192e-18
4.867865782043753e-46
8.326374254935377e-25
1.536733951152966e-34
1.6193669338804328e-29
1.5520601991975312e-25
6.928647805059894e-37
2.156255059676838e-14
2.284434508398674e-19
1.6317817893811579e-34
2.7966237997662233e-24
2.906801463723371e-29
6.906244638226682e-15
4.028267428524592e-20
2.3506268535108345e-19
2.300138243732799e-24
5.430656806925555e-29
7.384879605881509e-23
1.1492412852702266e-32
3.0587474693748206e-29
2.3187671842527843e-19
9.941082828940704e-30
2.0399353127549827e-23
1.9111419533370742e-11
2.288060165045055e-38
1.3251116463388565e-32
1.6658377150228687e-06
4.586112846073769e-22
1.428140676543542e-26
7.59889053089624e-23
3.5616167607257154e-14
3.548128761329605e-23
9.735099001769227e-15
2.1498119083522973e-18
3.88813982578119e-11
4.452734324247689e-35
2.1487546048720166e-12
8.860701726318323e-10
2.2085893359251134e-31
3.550205472753062e-20
2.5395382010553027e-24
4.305951893003165e-26
1.1191033448680402e-20
1.3625857157712402e-22
1.8028117891390333e-22
4.969278201674341e-17
5.717908576261449e-20
7.351735276431259e-25
3.00792390437422e-26
2.128107139193138e-24
3.523992793870771e-17
1.4737124528602088e-23
1.0651843314806399e-27
5.544213845080341e-36
5.559741001781045e-20
1.661560006246082e-25
5.13865597095154e-19
5.5104559294783295e-17
7.461690255666677e-13
4.632175671549099e-21
1.0937198768323502e-17
2.424739567879219e-15
2.5256821257367023e-19
3.858060536467065e-22
8.226923941411592e-27
5.483121230331231e-13
2.853243125149922e-23
2.404253112928979e-18
3.5814457488760707e-10
1.7026280064441155e-25
1.928175284956321e-32
4.500393665051587e-15
3.0440918022545344e-20
2.2533631648226417e-27
1.690119092844817e-21
8.730422177518926e-40
7.049963849190635e-13
1.089250434169615e-16
2.6127218447973997e-15
4.277004118231199e-19
1.7324802451747177e-34
2.8049269746354667e-21
2.727480341715993e-21
2.086524384729168e-20
3.759975149282225e-30
1.4115789002652908e-05
5.369832303665974e-16
8.272328666417462e-24
2.690212784366678e-09
4.3932706388749233e-23
1.5653236338091238e-15
1.1004723674592343e-26
9.672506340580012e-22
3.736361842120201e-25
1.1609388991384026e-23
1.39839905718908e-15
4.245021182456081e-25
9.340892453195829e-19
5.738359447319126e-31
3.1162923310305456e-24
1.5134699656740224e-29
3.914766828858089e-12
6.377219095307768e-22
1.782464457752951e-72
8.321523367917304e-13
2.3935774970840937e-07
2.1196265349586647e-16
5.2760223622763663e-23
1.2226205759090598e-20
6.47918155003648e-29
7.279182842735695e-35
1.6463779263067303e-10
2.7387670925915607e-43
2.1997018455241023e-16
1.8347636655105401e-38
3.4062829113396645e-14
8.776204499058277e-16
5.307508096079824e-13
9.807346878243574e-20
1.6250180602995025e-23
1.3861840384541092e-17
8.413084027935911e-14
1.2426381230963735e-29
3.884098689822889e-08
5.603364652182055e-12
1.0977805528253575e-18
5.998818216713571e-19
3.2259535167113337e-14
7.416430684536316e-18
5.354926647173086e-07
5.056258494413684e-31
1.338623190875244e-29
3.2275902718693755e-37
4.461380206291661e-28
2.8153272371294284e-36
8.40202636088992e-18
3.6469424875772076e-28
1.0831900962301133e-42
4.294838844662299e-27
1.8439825889926452e-22
5.299257454916898e-22
6.020883753948075e-22
9.912298938173796e-13
6.233215438641997e-36
3.787362174536731e-18
2.1472559058286626e-55
6.421821286784738e-19
4.535506627117243e-22
3.57929431305255e-21
1.8505376211856728e-44
1.6374683496470454e-16
8.127451702231782e-31
4.197349053393746e-27
3.475074643317957e-08
3.4850768019386174e-23
1.155058822845397e-25
1.7535714599778588e-13
2.5489073439131523e-15
1.4494641526046897e-19
4.514573071930079e-21
3.985153491983805e-12
5.361917863134217e-24
5.08536876163358e-18
9.170118085407402e-10
5.40705260483289e-31
4.789347266209436e-25
9.33807148903679e-25
1.9734293376199917e-37
8.562686990463744e-28
1.7810134652457394e-16
8.301633874538122e-28
1.500716449614206e-28
3.439854021294402e-34
4.0134261824496127e-33
2.1045446440791967e-18
1.1955062393204848e-22
2.200293826501843e-18
4.470092706578617e-25
1.194772992793664e-24
4.867852663232212e-16
3.2587614974030715e-20
8.008617812098908e-14
1.5064820593158988e-17
7.501097348816282e-21
1.713282768696458e-37
1.3648637187833097e-25
6.074738371509621e-11
1.3257686741617432e-23
1.6930953658267222e-28
1.5481609277181347e-23
1.0156895865363828e-27
2.657649576711368e-21
1.8097220389657707e-37
1.2637541655370122e-21
7.770214044467367e-16
2.3088031671975834e-34
1.243748925882317e-22
4.911366706533403e-29
3.404782270105266e-11
4.878050961159767e-29
1.1499274463194385e-29
6.261105683494172e-09
1.330671237674685e-23
7.544353533272708e-26
2.738305302813255e-09
1.2689889701381586e-20
6.356504165122121e-29
1.2242406113970643e-19
1.534257610537526e-21
1.365175042024387e-37
1.120308346126118e-21
2.041110008675018e-16
2.1321657101769754e-24
4.339721703136864e-20
7.362309108395822e-24
6.244381502984089e-14
5.0964661942670694e-17
1.21395806660684e-18
1.89972300084346e-12
2.3083193612604e-34
9.440838753181134e-24
2.5315175326692716e-23
3.659738803899451e-21
4.930248193984174e-13
1.6618483761010396e-21
2.6406423378480714e-18
1.1347527737533356e-37
1.4678362797664023e-21
1.6395629144831964e-23
1.8064866864178852e-24
7.232088241506514e-39
1.8321985236221572e-25
1.0480748711994143e-12
5.2833615913521444e-24
1.1426735422566149e-25
5.10645395761104e-24
5.5721861294340095e-22
3.3202591475676694e-32
3.047455699184983e-28
1.3651123393027353e-09
8.034921241597122e-20
4.0929631113256326e-23
1.5827790690892777e-23
2.3172892727747217e-24
1.1817008499717676e-26
1.481037052403478e-16
7.918231766393629e-24
8.988513368820179e-33
1.6293951388627577e-38
6.376894632109447e-37
1.429352171487919e-17
3.806988721915205e-19
3.2306637048106346e-25
3.2749233154684128e-24
1.7815149787717545e-19
4.273784977091131e-26
2.4187904206696714e-14
1.3300284883357526e-17
8.455672506667784e-14
2.2813948888419424e-55
2.9298908915307817e-25
4.932728092677775e-22
1.0249719123812306e-25
1.6493146837333095e-51
2.842159894586627e-26
2.3202260769721316e-18
1.411927580509478e-25
9.567918004181732e-17
3.5269573755597165e-23
5.06563550548804e-12
1.1348225725436782e-22
1.4024988838041325e-45
1.1499026363039918e-45
3.348232787992511e-23
7.813479663049236e-22
6.45391451475281e-27
1.6672674270346196e-27
2.5870724015128045e-25
1.0398842906728468e-26
6.549185881148555e-16
4.1106630925179833e-20
1.8687094978972197e-09
4.254183996928342e-17
1.4510436242571734e-16
4.5674003561441134e-17
1.2646584562706888e-16
4.305859167243939e-26
7.297496539849637e-24
2.3601769626685662e-20
7.313699574283813e-20
1.525757714512677e-38
1.832263075233024e-21
9.261339064122367e-18
1.7269260944543612e-22
2.540045052087855e-25
1.7626960461322845e-17
1.4386872669220645e-42
3.2199092305762026e-38
1.1076435238968876e-17
3.591041396578341e-20
3.746707073152836e-21
5.649064812241615e-42
3.2372741976373708e-31
1.378817108939156e-28
4.5438510401644305e-14
3.16954535737154e-23
4.980400388250824e-25
4.947698579452213e-23
3.523468120414415e-19
2.2860230204440743e-25
8.809034253134339e-20
4.965049843260426e-07
1.5369598061463832e-17
3.734408573010655e-27
3.386356463257573e-27
1.7791023847751575e-22
4.0334738188519424e-28
6.070379146058982e-21
6.763053890837283e-19
1.5398197568921262e-28
1.7512022966870122e-11
1.286938315509411e-35
6.269042845631819e-25
7.633355718676698e-42
1.0918532524351549e-19
1.8232556985443252e-17
4.68804458864557e-25
1.636716912785159e-24
4.6441620146444655e-36
3.832942014430049e-37
1.3505381368450953e-16
9.68303109186692e-29
7.974520739550896e-27
1.6821475308243266e-18
2.327373423975482e-14
2.202886076953806e-13
3.671690227632864e-22
3.623175633963358e-20
7.997419437901611e-33
2.791947148410328e-29
1.0571810201070134e-22
1.3046222032197566e-35
4.801458984160243e-25
1.0313934551646867e-25
1.3913470429723337e-30
5.993321255492021e-13
5.585685607983476e-37
9.57117867216568e-19
1.7168095319509163e-26
1.1168864387667171e-23
1.795840287622713e-15
1.458175471681184e-27
8.183144368497288e-24
1.071588731202025e-24
3.1151013234364866e-15
2.590294498987365e-23
4.52749627512096e-21
1.0552452346030131e-29
3.117563343846044e-25
6.433192319563983e-16
9.600999176961064e-18
7.129386486912042e-29
3.121030657138021e-16
2.0078565886695687e-23
3.2505477984487046e-17
1.6212484785470875e-30
2.0517030421493098e-14
1.9111289651581122e-25
1.6774114989806163e-36
8.967227116446178e-19
2.6104154693043507e-29
1.0233681955854059e-16
2.2906805166786732e-20
5.250207150241117e-25
1.4050055539591615e-21
5.2367546183665807e-20
7.73728657518637e-21
2.100333030967043e-11
6.533433047357151e-58
3.94757523464407e-13
7.422148662479356e-19
8.092348107923795e-12
7.518316398236815e-16
2.550876414812042e-25
7.191741003449145e-08
1.9832054863940442e-08
3.628438813937512e-23
1.5975085416039181e-21
2.493104135456253e-26
6.558946871756919e-15
2.865039206756654e-19
5.554815114213278e-13
2.8927302312864293e-21
4.721953689113836e-16
5.530892186651156e-19
1.3539175072178588e-39
2.941963851546795e-17
3.195791213236399e-17
7.54829661188123e-29
5.630777832237267e-29
2.599866586948649e-22
7.459030257037673e-26
2.9959594960188347e-43
6.407209681109569e-18
3.332922729643328e-27
9.088027576245696e-25
1.5133921534465427e-32
1.2680295469730424e-25
5.868582523789413e-23
3.1046877909954895e-28
3.71784826438706e-29
6.970047287592124e-23
1.9437271179478035e-15
1.8490665163395055e-17
1.8848206856286127e-17
2.311844871982487e-25
1.1379958185317765e-25
1.2006119187138842e-35
8.684188222987447e-24
4.961210297941096e-33
1.7348334870971486e-19
2.3581353760877806e-52
4.1981396789554934e-22
1.5108382492520086e-30
2.053202291431816e-28
1.0170960344982645e-24
1.6666800923244756e-15
1.8026451236498996e-28
1.2313537442374079e-29
4.914130860647733e-61
7.176594214642709e-09
2.5226248526896412e-25
1.6749206068607598e-34
8.529471564046127e-28
9.860501358951537e-39
1.039386276463096e-22
4.923796572686588e-31
2.9284634103827924e-27
2.6516660855580364e-18
5.453155415316102e-22
9.360709035496665e-24
3.7853952484828935e-24
3.7789782307728155e-31
1.5782369576463638e-28
2.5906346658853382e-46
2.6540372892357043e-09
9.047995893611994e-21
6.222101461531078e-25
4.185146778219227e-20
1.0544047031272968e-24
1.3395463137423652e-35
3.9366361394311856e-30
2.126581681984309e-27
3.605939949082742e-23
2.740425781831513e-22
7.612428183012633e-28
7.56733538527349e-42
1.1588307002366979e-17
8.744938229003144e-11
1.2008726363095112e-26
1.6505646065347975e-23
1.9940811647371292e-29
2.369747342231729e-21
1.7572320059999099e-34
4.612721946650111e-19
3.076853524405012e-25
1.649892155374491e-23
1.1731946448634005e-26
2.3192290460040047e-32
7.179667737986189e-26
1.2679504073552274e-26
1.6454963770852166e-23
2.5220790069074844e-16
3.538491187656545e-19
1.8266351825421415e-15
7.819949483018088e-22
5.484616645821591e-16
6.465297230282711e-17
2.725643941617356e-07
1.6414748722553436e-18
1.8964577673729195e-33
7.094095399924136e-16
6.858965778300589e-19
9.45455858958896e-30
1.1127220269155476e-20
4.383558596680229e-21
3.6301027778642035e-30
3.9029495518973477e-25
1.4104368832598468e-18
3.2449168389652757e-28
2.859206856652935e-21
1.9993324821004877e-20
1.315026710814095e-09
1.7649124469783657e-23
1.3646768453250164e-20
2.194461745759283e-22
1.1671684352917063e-20
2.6945156096507577e-19
3.4135381115749098e-18
1.0264180190863447e-34
2.2683302936588117e-53
2.812093766721997e-28
2.633336634250079e-31
4.904095603581895e-55
5.362761841416146e-19
2.077050923642405e-14
6.038696855946173e-18
1.244242995591866e-13
1.5949863978579685e-17
8.24655047355114e-10
1.913835605022942e-21
1.9518058460643862e-19
3.906636192688047e-13
4.044857836078737e-20
2.504969731272555e-16
4.8522368826800785e-25
2.266527894213039e-20
1.1837887560190723e-17
4.172609030007828e-65
3.320490402400678e-19
4.8245782907031897e-20
3.0735921317109156e-21
2.656200299902539e-18
4.373188216183668e-18
5.635073261114438e-21
1.8419535181943674e-19
5.492046486095955e-22
1.1910574317691026e-48
1.76671662537981e-29
3.0445194166382107e-21
7.550971860554752e-21
1.9779596848959924e-23
8.345448432321175e-28
6.405906105303963e-19
9.15348951360325e-18
8.260114357068013e-21
5.3675983982359985e-21
8.412440009990402e-34
1.5951169670558938e-30
1.5841633924158343e-18
1.7622932048497924e-16
5.627197557044521e-18
7.307947731171618e-18
5.586551950663342e-19
1.878244229077772e-20
4.578448615414591e-19
5.529787859182138e-24
7.641465898890118e-25
1.1673551978380045e-22
2.2028963871868706e-26
2.010838366598121e-16
1.2218416290344779e-27
2.306196306430595e-16
2.6557978278529727e-24
1.2468239553714129e-30
2.5738308518680175e-29
1.0107949850152011e-22
3.429436479676174e-44
2.800466800419136e-22
3.811003573894594e-17
2.7135898176039157e-24
5.7187221136193044e-21
1.4525342674541933e-19
4.4128443209932044e-15
4.470245571918561e-21
7.425310979657965e-18
3.2308672220787527e-17
2.448524859733717e-27
5.465549952651792e-22
1.2080354216615833e-19
2.6244206047277865e-08
2.6036420367015247e-20
5.743781558137486e-27
6.269366347535941e-27
9.635047372392909e-16
4.7142986541028665e-28
1.5187355810313328e-15
9.875321849718724e-25
4.3250638725784165e-24
1.1865017979190858e-25
9.095466042836336e-31
4.6970566359364476e-42
2.3443293817386527e-15
1.2615279640243423e-15
2.975230147567319e-06
1.0891016496242744e-19
1.2959629018173832e-21
3.457188374381404e-14
8.915268416492176e-28
2.105234663183086e-26
6.74771557339413e-23
3.8106514868942187e-22
1.8056037960685414e-33
1.2964165090856636e-32
5.7928021615821e-20
2.1466433021122932e-19
5.928085336373714e-17
1.2698014916513702e-15
6.25579724732914e-37
2.756845521726601e-22
2.7646351223848665e-15
9.444383902587017e-23
3.778530379352831e-21
2.855103306669549e-17
5.340720584489177e-25
2.04080647245765e-28
2.4796787501924054e-14
4.641555561216147e-20
2.004454250859371e-23
6.27062903778046e-20
2.7353031346782905e-23
1.3980902271538784e-13
1.2482131541216822e-21
4.365220815907335e-17
8.321427622873844e-18
1.6739424131131494e-20
2.5389559738992894e-28
6.752706803384261e-16
2.758436672558925e-21
1.1859219349134918e-32
1.7111388493865584e-30
7.692713992911204e-23
1.3347982250929305e-29
8.359252788014249e-36
2.2036060101777358e-17
3.70991160716028e-28
9.754537578191228e-17
1.513533972004594e-14
1.0360882807302722e-20
5.858441765022342e-24
1.8494299645146215e-11
1.62605763362904e-27
2.3444924747292565e-23
7.984190025579104e-26
2.29819086873133e-28
8.338124683472759e-19
5.679800482909816e-32
5.856056353274173e-29
3.660706555634012e-28
2.9507261614340685e-29
1.0500405991356486e-23
9.422489374639199e-21
1.8723077162886633e-17
6.550240287177196e-24
2.5268547361181627e-35
6.794037562481061e-32
1.708352888466856e-20
4.3762129690422524e-24
1.6818436893667915e-26
3.4905286959432225e-12
6.81879963601607e-26
1.0995781747392033e-30
8.22464560197257e-20
1.3222909944268813e-18
2.161304035110014e-19
2.366257329487006e-13
8.132887409602327e-30
1.8788798493468306e-16
1.3556018774522473e-15
1.5233641226734986e-17
1.3058227053356802e-24
1.6440115793039401e-18
7.517917584902949e-29
6.671208613779755e-29
3.0051350049670545e-21
7.760240912998535e-29
3.5347225173532e-18
3.1900202168639327e-19
1.5031408509715324e-19
3.0604134033510236e-21
3.364010868023993e-22
1.3475689271944123e-06
6.505981143246433e-25
1.2452672180686926e-37
5.205320290723906e-35
1.1163171512320413e-22
4.7765324119757336e-23
9.521821114728673e-27
6.269457008767833e-15
2.2126688139718257e-20
3.411243390881039e-18
4.195984771290645e-13
1.6091355558504488e-23
5.1131041200793164e-20
1.4520651599934534e-29
9.156126122688925e-21
9.181491270953829e-36
1.1896386659334219e-23
9.266528585427832e-26
5.1113699991577e-27
2.0822068025182654e-19
1.2437055840884008e-33
4.655764668778396e-37
1.8257280362411312e-62
1.1964856133028869e-18
9.148349059513603e-23
1.8832021296981968e-13
2.6343152105789428e-20
3.090623382618418e-26
1.5909090685798527e-18
1.1767209882133001e-19
7.344409954921584e-23
5.161595328655669e-29
8.4991425422108e-25
1.9207975305051108e-27
3.1961064266805294e-18
2.7680140258983425e-14
3.2678343686743348e-25
7.019513105060494e-33
2.2614027260669597e-25
1.7254359783706598e-19
3.406103305539993e-27
3.8695938659584997e-25
2.298446075807815e-16
1.1666652377567618e-11
3.7112409576058413e-22
4.644522336843254e-25
1.4012151430842627e-19
9.611900061548989e-08
5.048587301195618e-24
1.2911735964584884e-15
7.26374268562609e-18
2.652488149447729e-28
1.9308882800518677e-30
6.674121257687374e-19
5.151703341016484e-28
1.2647033004356181e-21
9.098289270824144e-21
1.1984606016250414e-27
9.313876681361592e-52
1.893825294396161e-28
5.776026647490654e-38
5.633002815992609e-09
1.3556143143775218e-23
3.0547585017893946e-18
1.2183704851102213e-20
1.2506180759017043e-21
7.824365387829343e-32
4.585024731462791e-16
6.241726343925533e-10
1.2498000329347742e-20
7.948128242226178e-32
2.905407375886201e-19
1.7985054130692301e-07
7.36801981830187e-34
1.8245519152596355e-15
1.0474454942222134e-26
5.183460134549769e-41
1.776333035838222e-15
2.2451937563046806e-11
1.1715730581458603e-25
1.1962909764991925e-23
3.428128522354496e-16
1.3301214581987556e-30
1.2670233811811079e-18
3.0219998510185998e-30
1.2989749097521747e-16
7.20097708122639e-20
8.257979984593469e-36
8.070468645010796e-31
1.0539037238231218e-24
1.1726787789916152e-31
5.173338863563671e-30
1.2036477848077966e-24
3.6758659847943333e-19
4.1110065689289595e-44
1.2024895084635121e-32
1.5636922529216046e-25
3.4889403241555435e-29
8.82072791826327e-14
1.1806072487806706e-17
3.051023664956982e-20
3.969139557380119e-31
2.824217441043972e-13
6.818473154395548e-41
1.2653640427867602e-08
1.0313291757043338e-25
7.300815738846573e-24
1.0600805092133296e-22
9.276730956073965e-13
2.854116781108432e-22
6.940511321372366e-14
8.223086307488403e-14
3.2629592562276957e-23
2.106282209596251e-20
1.8167407237561175e-22
2.9869805893950637e-20
9.863577521139463e-09
3.0827101147869616e-17
4.403095118665912e-28
1.243342760436475e-25
4.632743162395418e-29
3.9892894933342976e-30
2.293302022130879e-10
3.0078887454177727e-19
2.2339207057798283e-19
5.325471658297973e-28
3.661775346118141e-25
3.2221473479912326e-23
3.9858233958102445e-15
1.995955066759255e-31
4.769880413984111e-32
9.0076395949694e-24
2.9383213807476835e-22
5.532192169700856e-27
2.052060544647095e-69
1.7971647453974104e-21
4.6614627005366885e-26
9.013291550708067e-25
8.20989397384188e-20
3.497039557297959e-12
3.268302722518742e-17
9.276504122717514e-08
1.354243314005696e-22
1.7081415289772617e-34
3.2055168465772062e-27
3.889634414558209e-22
3.8211687863365976e-21
4.845513133410092e-16
5.494754323009567e-21
3.712090873560507e-18
1.5239726714165034e-16
1.2054159695993417e-21
1.8499169107818994e-20
1.5111852365618256e-13
4.705373048110573e-25
2.068726364043599e-27
1.5071912793920712e-15
1.5725939580907488e-20
4.784399636837558e-09
1.4924949396766444e-18
1.8458097007383097e-18
1.035291261658071e-32
1.0313533839774548e-32
6.236064693904537e-20
3.292125105473336e-14
1.9210812489314503e-17
3.7732087393657415e-20
7.991148132443099e-23
2.3295615983182323e-16
9.789658393559805e-25
5.65178863056239e-17
2.017091821641239e-30
1.769483169220396e-16
3.341425254620331e-23
9.127359302431671e-21
2.3451790893953156e-24
7.465781181259399e-44
8.748637041490959e-25
4.602681073287989e-11
1.2957204098424682e-22
1.1866372110347122e-22
6.707732903191628e-25
5.379783164804768e-36
5.621519602973689e-08
8.900021919388402e-35
1.4284935854885507e-23
9.560441496854541e-31
5.504919475747993e-19
2.0490219352663117e-24
8.181563523825026e-19
8.82102441224492e-23
8.812391853804934e-14
1.2499587415600235e-25
3.454613165675495e-23
7.730604429823362e-27
1.0280790543267987e-22
3.2319734097216127e-25
1.7748518892987372e-26
9.24883493164205e-25
4.407471428727818e-43
2.3273526891636627e-23
5.86072077905488e-26
4.2837888203012354e-17
3.921191587952036e-15
5.06700281050926e-27
9.680766352609166e-28
4.692689983805472e-29
1.2333137136124841e-17
1.7170061054020091e-28
5.778928776642316e-20
4.197684551642743e-24
1.5564315255496693e-20
2.064842093825171e-28
7.817172389547598e-13
2.506964853789208e-12
9.700294038240598e-26
2.029622300308848e-27
1.6088252533189193e-27
3.756809424590038e-23
1.4581025745945341e-24
1.4856331745884417e-20
6.757410995987174e-21
1.4122253038952608e-29
5.264830732256158e-25
6.99261771908104e-27
2.797118307383858e-15
5.50492205983142e-09
1.5225943350888665e-11
1.6552409587991429e-22
8.212816617923114e-31
7.243037039852019e-10
4.235534124157181e-44
3.140695034645103e-32
1.2052548644859186e-13
7.746159039254524e-30
2.8920012632070476e-27
2.0356532584511967e-21
2.855192370506859e-17
3.060696236882386e-20
3.9534995788781173e-22
8.453712140812614e-34
1.1610582350431925e-10
4.779929865075586e-22
2.2442786981963448e-07
1.507060370949313e-25
2.381606049840002e-06
2.260084109663098e-28
1.6912728113891785e-22
7.270372431254318e-20
2.0461484509600995e-25
5.4903978359344e-30
1.7130398628581257e-18
2.2398720580425412e-17
1.1118316396754884e-26
3.8968720837304933e-22
1.9995803506920045e-24
1.7188225846895524e-09
3.171842978834513e-25
3.597741869853862e-22
8.548230947683746e-32
8.423056072929398e-16
1.576751241419518e-20
2.201523988293724e-19
1.104127131350788e-24
1.1786779542588529e-20
2.9999047420637607e-28
4.233990303983693e-26
2.7815436966247146e-29
3.766613400338196e-19
1.4354956312984094e-12
2.468018929866811e-20
1.1805317645120423e-16
7.325219279444004e-18
6.0661868167009e-26
3.8427000929922024e-17
2.3575962548089296e-19
2.498626235788144e-24
8.712057024948182e-16
5.240007543857165e-29
5.635128574507182e-22
4.157579332743851e-30
8.171770503400431e-21
1.6251578802407862e-18
4.2722099893562366e-20
1.8453479474467793e-24
1.611989079054492e-28
2.0746562082314043e-18
1.4518291202194665e-31
6.698425576552263e-23
3.4676376006215435e-20
3.5955205152879464e-38
7.4867383091296895e-31
7.689745762784123e-37
1.8886136622533014e-24
1.7224788576784341e-18
6.099831820712155e-07
2.8161075825252913e-21
8.411247588235025e-21
1.460777962369459e-12
7.104702858633025e-24
9.650660752334648e-28
9.031544059955481e-20
2.136511808842121e-20
8.74476530830635e-27
4.3143170948432244e-20
2.2429600233780652e-24
2.313374009681882e-24
3.4112678113275936e-28
3.33352733464445e-10
1.2474307492624861e-28
4.579854085996257e-24
9.931118701301628e-31
5.778195267016056e-28
1.3712460788924657e-35
1.430522326113548e-26
6.381279919125691e-32
1.877350385992174e-26
3.940649811604085e-24
4.525867019280543e-14
5.364673775963504e-19
2.836696024044621e-19
3.443851250083394e-28
2.2480621790949426e-26
4.576963517889303e-19
8.867348610469737e-12
2.6249361172139776e-17
2.155251349667657e-10
3.274998802769791e-19
1.724082851085606e-27
2.5632992560103815e-30
3.440372497326497e-34
1.2672737916934425e-18
1.929384244120327e-37
9.448771779369556e-24
8.416855983264763e-23
1.9332823389076914e-18
4.89927531801844e-45
1.4692826372167855e-24
3.1523147310922063e-22
3.661481273499916e-27
7.51168411585751e-25
7.123254035522526e-32
6.226068614081958e-17
2.9313743114546394e-22
2.6899176590567485e-15
2.2652939447605012e-34
4.871464115630571e-31
3.7524937924892163e-14
1.0018214138657014e-21
6.477448804667199e-16
1.6825582549823178e-29
9.644129776435447e-25
3.0101300093901376e-16
2.37318394807289e-16
2.043313403637032e-26
1.19942452702182e-17
6.185770940192147e-24
2.2315520401709957e-33
3.4189289112077746e-25
3.1752790444710492e-21
1.0431519905710191e-30
2.0338877288759307e-19
1.9164724961202667e-16
1.8987823416683146e-26
2.987284825487362e-12
1.8293951959618712e-30
5.120096426047299e-13
4.136654700364675e-25
4.2904385609994256e-18
7.213073654598939e-18
3.7387931291509737e-25
5.4754913319667e-17
4.2291782269060775e-23
4.217555681838461e-25
4.0279269545189416e-18
4.941103396980265e-32
4.283183005715735e-21
8.986120709192817e-17
1.9146490625306526e-18
6.808762153368157e-23
3.6881836788304295e-20
1.3356104202933232e-28
2.661354887044419e-18
2.27375994732381e-31
1.771481734843517e-17
2.8908717461724196e-24
1.977442989931734e-17
1.9213125358793073e-08
8.359173693931205e-30
2.4799148703139528e-29
4.08760215245574e-28
6.104511413529692e-28
4.5995381877919576e-32
3.453317571927288e-20
6.390414726946462e-19
6.054843017811296e-31
6.735539972317411e-08
1.968321181901682e-25
2.7021966402879142e-21
8.034067639341157e-22
2.598952940145879e-23
9.492173646279224e-31
6.878022449323904e-20
1.0859396780365924e-25
3.48579306652094e-48
1.8895948811975696e-24
5.334024566596089e-28
8.026177300191806e-18
4.7544742861061606e-24
1.0445506276825937e-19
1.0109883281039113e-26
7.342863745615994e-12
1.1779787464181804e-13
6.443297911391898e-19
4.5249119555255096e-34
3.6407238568810265e-26
1.5210798177234479e-22
3.202076464999971e-30
6.821482728827092e-29
8.709327188169266e-25
8.653493881636011e-25
2.242151350030864e-22
1.6468092838255608e-24
7.455430229457215e-44
3.4493722065148237e-35
2.754830326205707e-24
7.392314609690286e-28
2.127533647567754e-22
1.2571966073557965e-29
4.2238944515836047e-22
2.049460238239828e-18
1.592294163976695e-16
7.873914142052144e-24
1.4567621255555681e-27
3.424403810686376e-30
3.8849913469606045e-25
2.1504026857681298e-19
4.839246248180198e-16
2.7872351999001136e-15
1.6273240229195096e-33
1.6765610756770777e-38
5.1506524168384526e-26
1.6940762078213008e-46
3.61746042839069e-26
4.852534947028125e-18
2.1051167017208564e-21
1.0633692592011605e-28
2.0546175680433781e-25
3.228898712344398e-36
2.1504614362227107e-24
1.2402565287081677e-30
6.911614636412902e-42
4.780404017955399e-25
1.4337548584958165e-25
1.481936229707679e-25
7.044958207832053e-18
2.5908790935632253e-23
5.884975858303734e-32
5.821154727777933e-24
5.563799036551116e-26
1.4715297974056282e-30
4.914528051423615e-23
2.6719001581341837e-28
1.1350599226648597e-24
5.752172876055609e-24
6.581606289160735e-19
1.3875780732893718e-21
1.2920128463620907e-23
9.470630384987684e-21
6.456348119138483e-15
8.587354644062081e-25
8.584887715174115e-37
6.439734299973089e-16
1.3886926777260735e-20
5.039983377585954e-17
2.848961489370853e-28
2.932201164534106e-07
4.079682792056972e-24
3.328887455924862e-29
4.029258288237056e-09
3.1289955529543757e-22
1.500319556651994e-08
4.03281112595958e-21
5.194651640440861e-23
2.414385012220114e-21
4.942418475080515e-31
1.503945163985252e-31
4.948333161754388e-16
1.686365344397886e-12
1.3274324009755426e-34
3.780508394710854e-15
1.4110064035647765e-24
1.1906970506819989e-22
1.6530213343787982e-32
1.5539842554377036e-11
4.9514366788292406e-14
8.595346370228937e-09
1.0868446252194222e-28
1.7837813527564306e-30
2.163757203918474e-25
3.8561840300621507e-29
4.435495393020375e-30
8.20534895280643e-18
2.5689318774375685e-31
8.168865281689286e-15
1.1915835927804863e-15
7.563334243966562e-16
1.987735116304675e-23
1.890008673775526e-17
8.26174334302974e-17
1.3219970960561267e-17
2.690312894096617e-14
5.570091498221266e-23
4.699330766584948e-37
2.137396284464288e-21
2.767169320222597e-24
1.7476159100209783e-29
3.04675252426395e-21
2.5084395532813762e-33
6.39299686801413e-17
3.552746513099009e-26
1.5984261445327791e-21
8.248344190478879e-20
3.430922329324072e-22
3.317678434277617e-17
2.219882826465689e-24
5.164858336142327e-21
1.5318492028403803e-24
1.1020035223085068e-23
4.868205342736897e-19
2.5289313072271357e-24
2.8416360339142055e-17
5.039182979206213e-39
9.012741338977195e-24
3.347477488119097e-13
7.022687830128192e-14
8.868305136431393e-10
6.538341273467822e-23
1.0782628590545235e-13
1.1027313159646288e-32
1.1285785878779194e-33
7.813755115519515e-16
1.5140086144486225e-34
2.4107797463239364e-31
9.253935894906275e-31
1.898393172729915e-24
5.718969347538157e-07
7.744592890202421e-18
1.2013353866657725e-56
3.106882750540918e-28
5.779625325997998e-25
1.0639997127042398e-24
1.0041495502201322e-21
7.761813529442218e-11
1.7666493653365287e-19
1.0366258979711577e-16
1.6794676141193383e-16
3.0265105176955445e-17
8.0975749961483e-21
2.4094200872708712e-32
5.737719379777399e-23
1.2542966635354766e-41
1.0961420765563944e-25
1.3565477812255156e-25
1.0058360898648298e-20
3.10684725471126e-14
4.0965224484167e-15
5.415304940896445e-26
1.3940265476864974e-26
1.9513205458206332e-30
9.071305772134624e-16
2.672055799557865e-17
2.0872711902718737e-35
2.376257459295531e-34
1.6913099250155495e-17
1.2070999278551994e-49
1.858511960867183e-13
1.650381579457099e-23
9.605112237394054e-39
2.1010295497949646e-16
4.3372810555623906e-20
2.306545785635168e-20
1.3009933856102153e-21
1.09075460325078e-18
3.575715960734883e-18
9.518797132666634e-25
1.5984763170266559e-28
2.612313778963978e-41
3.121290004899821e-29
5.30044940978252e-27
2.5766778292896014e-17
3.4788880417445122e-15
1.6091989304367666e-30
1.844350635461656e-27
6.01542268401744e-23
5.969173642558368e-27
1.334327231604367e-16
1.0184420478243052e-12
4.023599894489443e-31
6.232399092461583e-22
1.679957379964581e-13
8.743962417086738e-21
1.1004144903345055e-30
3.717031647293006e-23
6.821201340013305e-26
1.4021369616771847e-29
1.8193457240645457e-17
1.571608031931779e-17
3.296203797622277e-27
4.2292330006572972e-22
8.593591378409268e-31
1.2526868386507744e-29
9.94316395578849e-24
2.0014976911127343e-29
2.879674901650798e-23
2.3714658744041953e-20
3.2569841736092996e-25
5.4965681676653596e-33
1.289937877088667e-35
1.909075750852079e-12
2.1402967139745285e-27
1.0627233432308371e-23
3.3872243095013466e-21
2.991994387192823e-43
1.0396934913423792e-13
3.915221855319818e-25
1.7594725503272042e-18
5.419672262380888e-21
6.899786721575133e-14
6.781391892882834e-15
2.0182399728368762e-21
6.342238626521546e-26
1.3324516934910993e-23
1.6165412101852962e-22
4.6815058928429087e-07
5.449583424742147e-20
1.1478140508407782e-25
2.620710073092739e-19
8.036016829498882e-16
5.96412104123889e-35
3.3604895918755784e-22
1.6254622349388665e-19
5.793878587612504e-26
4.318727543857224e-14
3.265216821926285e-18
1.1662058294556997e-09
6.792378693949726e-24
1.2283116233567825e-19
2.0692457644448164e-29
3.586706781825024e-20
1.1598058775595734e-09
6.484814022743257e-15
7.204366948340655e-22
3.169431449811858e-21
3.140385380117413e-20
1.803659931165363e-14
6.47960040672092e-21
5.747687312292451e-31
1.6854826683570656e-20
1.2908045220601349e-14
5.650674431207798e-23
1.300521731487522e-26
2.272387488770326e-21
1.6147237527643023e-25
2.246353323830782e-24
8.350977695324206e-40
3.0414062711591526e-18
9.094507684080438e-20
1.6058353240546888e-25
1.385289985848671e-07
8.875945403147783e-18
8.861307460901077e-15
1.2120960255294807e-16
1.2484026740180673e-32
1.309528078333866e-15
3.9224896964009314e-24
1.2504123394902598e-14
3.4053932153569823e-20
7.201377231821317e-28
3.298412610347892e-11
1.2855680426097182e-26
9.546391307076035e-23
3.1523390577760125e-20
6.375687901935184e-24
2.6744254635416287e-08
2.262350526105442e-15
6.671504788418963e-25
2.600887866884928e-24
7.295743073442728e-23
1.4514895460850891e-12
1.3770000104164187e-25
1.2210581433155877e-50
1.5703805583958115e-29
1.7050232013815204e-16
5.3843437063400255e-17
9.934062813193534e-45
1.0833434199548381e-16
1.3986070450323179e-21
4.8009741005339366e-26
4.264240639904885e-18
1.8616160809063344e-24
4.85642764816904e-38
3.169019269384019e-24
9.130342449389978e-23
2.115967746173035e-26
1.4578607489985259e-24
2.192358498402837e-24
2.303931357388969e-17
3.9937185479280157e-53
1.9271798195538143e-23
9.625038515289255e-18
5.6363481292706965e-27
9.488039303771448e-15
1.3860645499163211e-25
2.3864108901189554e-22
8.478311506037826e-36
4.738465724085665e-34
5.7849748128256966e-24
6.264287094432165e-19
3.553516053713661e-07
8.113940129990122e-25
9.278799588170898e-27
9.69552899762315e-27
2.267597225694036e-10
1.5028915209820102e-30
5.996538981475352e-23
2.0257853844223445e-25
9.56543785681442e-41
3.561020328320887e-33
3.839502433863246e-24
1.154552467793904e-19
3.4474638129179495e-31
3.716416918391692e-39
4.3343375645769664e-20
3.923427563455819e-18
4.825442258290741e-21
2.518315692580171e-24
1.0996894591687539e-23
1.3559721879935584e-27
7.7398296627216525e-31
4.22290220608807e-24
1.7314352669989345e-28
4.214289985919187e-31
2.7116442929483575e-13
2.602467887993186e-18
1.7160606946280742e-27
3.1500501692419065e-27
1.2984365748199735e-50
9.016843992304988e-32
2.806787753254409e-21
7.426288631989782e-21
1.923304170707864e-24
1.7225424133350579e-32
5.18304959739938e-10
1.4730695566595186e-29
1.096790015104089e-19
4.069108670119036e-19
6.200688089552611e-23
8.787880988173475e-23
4.449751608776956e-25
8.838729175969526e-23
1.0530576801857365e-30
6.874580272877791e-18
1.2627331395695152e-19
6.95551503725888e-19
2.2809165448130507e-23
3.4272738547903024e-18
1.2684955993060937e-23
1.0379785476829604e-26
2.089044122755872e-22
2.4424422824637576e-10
2.477318407657375e-21
1.629685417473929e-26
1.2707609903874004e-30
2.755703251892175e-23
3.8505922657784536e-25
1.6832288373622446e-21
5.717942556927404e-14
9.760296162759198e-17
1.8651106191310783e-23
8.101194163530931e-15
5.270450643529699e-33
1.069847612515059e-27
7.343769248721597e-24
2.0515135412828896e-15
3.619007033277402e-18
2.089436939677351e-34
4.950711945102696e-25
4.310951238632431e-36
5.974494087216279e-16
2.591482611168523e-45
3.4532273333161875e-20
2.456795632267258e-07
1.7053339328328663e-20
2.0118082286173122e-14
6.078817710209312e-19
1.502794151426039e-24
1.3960416634540933e-40
4.707838173973843e-26
1.597033892378923e-16
1.7740254492646302e-22
1.518416606764537e-19
7.920161819184987e-27
1.227796765647561e-20
9.534312547481799e-35
1.9845358306215564e-27
2.9031210884125145e-28
3.304748664522897e-61
4.578958242149381e-19
1.245909921450315e-11
4.92648668039661e-23
7.123546708021047e-65
1.4110984199469224e-15
3.333527254838261e-19
1.863426207333577e-27
3.1156640617485697e-25
8.6732205070553e-22
7.354785604907278e-19
1.034030807381732e-34
2.757659618798909e-14
8.790493091216618e-19
5.017207762949538e-16
7.604360725560758e-20
1.092927819322252e-27
8.08552913267462e-27
1.316519403444416e-18
3.203643526362228e-20
3.077726151542908e-14
2.789062210943688e-22
7.933041881740887e-19
5.968627451081658e-36
8.781208733198299e-19
1.8345977482914014e-16
8.430222352377663e-24
6.380196005157691e-22
1.1326571829628899e-24
1.236214482148199e-19
4.534150462799417e-20
3.680375897641848e-27
4.425371704130683e-21
2.825118120065806e-29
1.3730860437828187e-15
1.4307527268362815e-25
6.518771009742533e-22
3.009678174935357e-23
3.101434831694074e-23
2.5661451662008717e-21
6.649315133231046e-35
8.239635121878533e-21
5.870607703371538e-17
6.6115981373375464e-24
4.052537584757821e-19
5.215354094225636e-27
1.9100159962937816e-08
6.016078199607986e-20
7.760368268459808e-19
5.830376626563225e-15
1.6356546464436552e-30
6.438168778121547e-14
7.879315290752899e-25
2.7747889045900456e-30
7.530426785881487e-20
1.2434789886007978e-24
5.292327595398898e-16
1.045365804053292e-31
2.3680656148208545e-18
3.167910720201733e-17
2.5361771803816e-27
5.577504779501053e-29
2.192483374029998e-23
5.361967915073665e-33
1.408185332667252e-42
1.0552086721146878e-22
6.293698985372779e-24
2.6850355666492996e-27
4.4260509440150373e-32
1.193725176606674e-18
3.420304214101919e-23
1.2418117465423052e-23
1.6429918002424636e-19
6.7154695676736865e-37
3.091165670160917e-17
1.8027661014108818e-22
1.8334587636798985e-10
1.4094958428595943e-14
4.79792794041799e-22
4.9316999173665484e-29
2.9376000356788743e-24
3.9643164786965355e-15
1.1999796194884732e-16
2.8565749152701324e-16
1.5352605635112923e-06
3.356108839638784e-27
3.801927623419107e-37
8.894202600489671e-21
8.735930722872457e-16
2.1363739052746567e-20
2.5000557830125234e-18
2.1399251839928017e-16
1.4593259652020968e-10
8.013233184164172e-12
3.783544944566117e-23
2.1221895480458252e-19
5.887486090935043e-27
2.803789485469189e-19
2.0671636254613938e-18
4.5434857414835133e-14
2.341783686166794e-19
2.409913414342957e-19
6.905970249024889e-32
9.34837871165201e-21
1.3895836370614874e-24
2.843308661073294e-10
6.0878611010595126e-18
1.7217071192243413e-24
5.930542064961295e-22
1.9689930577220043e-19
1.0580074982843844e-24
1.28914444480946e-17
3.3846321711768537e-22
2.5886580152182655e-30
3.9226368235986455e-17
3.481954865720976e-22
3.4856974281761184e-26
1.1006404143510562e-22
7.711427932663026e-14
4.1010605755417984e-18
4.611526438034436e-25
7.882810240622511e-18
2.9920495349896906e-19
6.307815354881906e-30
1.3476222583650171e-42
1.3300674879895032e-21
1.8999027397035246e-15
2.2830906438556753e-18
4.5234949249514744e-23
4.678189851767765e-18
1.3410923793288013e-33
7.820466915277672e-39
6.339562691673553e-08
1.3105595520742385e-29
1.1349863223994734e-79
9.342680268465371e-17
4.368376152684781e-26
3.409834226914813e-19
1.794606722113631e-20
1.4496981420889317e-22
1.0631593917382468e-21
1.1355452402705437e-24
2.5842753527221908e-23
3.1652011117552723e-28
8.889576545475834e-25
7.770480553153927e-32
2.8078907186228315e-19
7.860228459905223e-25
3.6961303187833674e-20
1.1600798132027573e-17
3.306633337711848e-31
1.9883227097240534e-29
2.942169427679098e-34
9.318333979537438e-14
1.870167463842893e-24
6.485828996642801e-22
1.7286667973160305e-27
9.877320080111303e-18
3.715772104628356e-33
6.779797673345692e-21
2.8980968750185126e-56
7.161887947536698e-22
4.982136818793859e-21
2.4919342699894625e-19
6.896332201863976e-22
1.6141674664187837e-19
9.377972086678577e-22
1.101989137001457e-23
3.770508106566484e-15
2.448676538652619e-32
3.2081399674125897e-18
9.153191458296987e-20
9.30548764253597e-40
3.6461146250522235e-21
6.421994092527288e-26
1.0141633959807117e-24
4.4468796281983446e-24
4.203896657501212e-18
8.407662734492967e-24
1.701272642742514e-24
3.6646197982066844e-21
5.84558227861943e-20
6.449557459576014e-22
3.888065926363062e-09
1.739127126468556e-20
2.8106905172288087e-16
2.5471920301494192e-23
1.7011918418089526e-24
1.7684935934119865e-15
7.796283085482299e-24
8.561338862822521e-16
7.991908734817094e-33
4.785429573678163e-24
1.9294789082498664e-18
1.466487420212299e-30
7.952137451802998e-20
3.3747761265528636e-25
3.903068653788231e-33
1.437802950979648e-25
1.7525437421389263e-14
6.761478304253857e-18
4.130781816724448e-14
3.20020382965943e-28
1.7240035781909652e-60
2.9881364325315353e-19
1.0111500132458421e-25
3.922765932228269e-31
2.6719356954132796e-32
1.7270176026044277e-22
4.873878993596651e-35
2.2834950588427974e-16
3.660656199241471e-18
1.893449716087274e-17
6.309561753734959e-24
4.324652181674356e-08
1.6323913413494658e-12
8.140824271948715e-33
3.084260197329959e-15
2.3017509377352527e-18
7.554873196087457e-23
6.289990137593411e-09
5.899926869950108e-15
1.5742452663425622e-32
9.691803138119224e-21
3.408895647208721e-09
2.2191171337453603e-26
1.3307974171440717e-19
8.298380534370522e-21
7.048505821394065e-26
1.067931797769473e-20
1.0127208168794665e-20
1.6052588169545392e-18
3.411635219268417e-16
1.7711181150193516e-12
1.8251173096125477e-21
1.991642102999299e-21
1.6864171819071305e-16
8.172494234428087e-14
3.9716551492192716e-26
1.1177013228114015e-24
1.4144885201783002e-07
2.104815610824995e-24
8.587416618885754e-24
4.611923526687852e-26
1.499164954246271e-11
7.155293725704364e-21
2.3695132468908416e-38
6.879109729860728e-20
1.893884568013193e-24
7.5759705388597e-24
1.9565252885346594e-27
2.924727224474014e-24
2.0936769685089984e-24
1.7694163856344995e-16
6.135148589542227e-28
1.5395186082340817e-24
1.8051687490464798e-27
1.163961614744422e-20
4.939977281478785e-22
1.1946696477820262e-39
1.6100188345958097e-22
5.68586433463856e-22
4.1128350256565805e-19
2.4152424419427745e-23
3.548087316153815e-24
6.911611440371723e-26
3.36052531866908e-20
5.600741828022991e-28
7.163943204592546e-19
1.6084757662610186e-17
1.078596650300424e-21
1.9714616944974062e-30
1.0890836275098764e-15
5.429705590803276e-17
6.728223327601711e-30
5.956618275585036e-23
4.796898792064566e-16
3.1290219705991854e-39
1.8432267766358961e-07
9.690734215024781e-28
2.1668296529437764e-12
1.4042632733175795e-29
2.2137506575731222e-20
1.2800551993866695e-42
4.2542061634589395e-30
4.713575424404819e-24
2.8699397164684337e-15
1.5796476262322284e-20
7.999109028622475e-21
4.506042265871231e-22
9.911663752022108e-18
2.655335481945991e-25
2.8986721031317605e-27
8.673572852662591e-18
6.297561163027908e-22
9.783401306083613e-26
5.59857886838228e-21
2.0724599364929579e-22
5.948870489070428e-18
8.060518584432272e-29
4.36424884667909e-36
8.078838978131652e-51
4.4930776700990495e-41
4.6556971028396334e-29
4.137732377358503e-25
4.994008341888421e-23
4.2696286093289276e-21
1.0703857248339973e-17
3.088783049865381e-22
9.92055914400965e-24
9.774253339098596e-24
2.8016143846825646e-10
3.668621902303845e-15
1.644105316605156e-27
7.565745416973632e-24
5.279498873998754e-25
8.033324843193259e-29
1.0698836886846597e-27
1.7016547713580475e-20
2.2037360276439505e-18
3.8625176512915375e-21
8.797936757389758e-18
4.601818444722956e-26
1.4661816647069576e-45
4.657817928948753e-33
2.590379819978626e-26
8.83824677710346e-23
2.539652290830591e-34
1.6638703032781048e-16
1.7972003171900688e-28
2.2397976223523406e-13
2.7077182044198217e-15
3.1785500920147733e-13
3.0752045671990003e-29
6.75854424363424e-32
1.6051788001262374e-25
2.0607437426443111e-19
1.1961441062479727e-19
2.0163602420857182e-21
1.681494708248114e-16
5.892555123404635e-25
1.5224500560602663e-29
6.119703109660176e-27
5.922795022608968e-28
8.737407062794515e-31
6.650495042906308e-19
2.010558015575206e-14
6.229207948782173e-06
3.317952066510594e-23
3.2967799294130436e-09
5.809550514259946e-29
5.201382754289197e-18
2.8965215331728396e-29
5.567605154190668e-23
3.412090326481413e-24
1.480754480220417e-07
7.649598569511868e-24
2.5338687386331806e-26
2.1797047572691478e-29
1.179239242890172e-07
7.552679128673467e-31
2.7997558579424364e-29
4.248314212868506e-15
8.946726066412277e-28
4.1721427584913345e-29
8.197886414129534e-28
7.876730708117297e-09
2.745921869683721e-17
2.906301226804158e-31
7.06582917583159e-20
1.0146142572179101e-22
2.836031441740521e-23
1.340003310290184e-23
2.0113891064836589e-16
2.5878796240874117e-34
1.8055655912571514e-16
3.2612636247889655e-41
2.822517826003232e-08
2.6814262330143e-18
6.572777927681151e-31
2.3132529637531598e-20
9.070159486914037e-48
1.1700391709676808e-25
1.2242579266182815e-24
2.747647034711118e-19
8.560146518071665e-25
3.2169596781019024e-28
5.3818536569053404e-17
3.710494978216532e-52
1.8557722573435608e-19
1.00722849126222e-26
2.9337086990103894e-26
3.535385399558248e-18
1.5771319477992497e-20
6.771281795753771e-80
2.1259316075358582e-20
5.210035434542765e-28
1.30900248381567e-24
3.5063858568177636e-17
1.4280302213036785e-11
2.3983307758907635e-15
2.4359171953973414e-26
8.061212130518481e-16
4.1974475128427753e-19
2.3524579722734538e-46
1.0556510904019436e-24
1.226747896715685e-25
5.830106497486212e-25
1.601593538419875e-22
5.788349282107172e-28
6.068853204659867e-24
2.3397117547826236e-46
1.7876931256552495e-15
6.050231928825299e-20
1.605493459453151e-21
2.868252706628516e-19
1.0604344768391948e-31
7.348663761246151e-26
9.911391732832847e-22
1.4906729325788322e-34
9.197925620307503e-15
1.8686965582858046e-38
6.35613605367762e-25
2.6011762092215267e-22
5.598429173613675e-23
6.722529164081005e-20
6.4997263851271235e-25
8.264892239431395e-22
8.46782952773734e-17
7.272560377482347e-49
2.887982488357617e-20
6.668318534324579e-17
8.653681341093397e-31
2.1355297626657438e-24
2.610843167976605e-22
1.824830089680714e-26
2.2560552285249004e-22
3.0329953886471212e-28
3.23120968278093e-25
6.158490909474683e-20
5.300413566626995e-32
3.349080690063292e-06
3.2832544113594995e-22
1.0790414861591679e-21
1.596027632139896e-32
1.5664045630733593e-09
3.051439297379887e-17
2.5595166923724033e-19
3.9469230295763647e-32
2.763341779904535e-15
4.7422673830005336e-23
2.8060242463479465e-19
4.8866816101974075e-36
1.0869514585138892e-33
2.585656251726159e-26
9.022720008691712e-27
6.7319610332462054e-21
2.080486695055856e-16
2.20806987172873e-27
4.235417700119703e-36
1.3600460076107429e-15
5.086647018173176e-37
4.474061583692977e-27
1.2885004323344937e-08
4.37661541030046e-24
1.2813366398940411e-27
1.0028112587516161e-22
1.507400258184316e-29
5.56275845756178e-24
4.894107133177844e-33
5.373188024736467e-25
9.147543344860546e-25
2.7000710196156452e-15
2.1977552559470085e-22
8.408892929642319e-19
5.990578776739416e-23
4.958964726105072e-32
4.920268279252952e-26
9.316447461035977e-20
6.945031353696525e-19
9.179386390895075e-33
1.723859942320906e-17
2.4771613090420004e-20
1.2134634823169394e-25
7.595353763157019e-17
1.5710962336431965e-17
1.1359673937300631e-17
2.007268028997762e-28
1.828683343397705e-13
2.6872404401905933e-11
1.4559558036384207e-25
2.249373420204963e-24
2.566104561032219e-19
2.199372618913772e-25
9.993317082645592e-22
2.7078885014693475e-15
6.287785508025904e-22
1.0719347098746872e-18
1.386497881516999e-17
1.2938447757176133e-13
3.629344594132421e-21
7.596879989031717e-13
3.73597810227619e-29
2.9194010295091664e-14
2.4986888607035627e-15
5.2801953393050377e-23
1.117636542221695e-18
2.7354745205294806e-27
2.4312174550351813e-26
4.209710443255797e-25
6.699953679708848e-24
1.9447909651543925e-28
2.2839908676089557e-18
1.195496948198452e-28
1.923730775277311e-19
1.757932714301238e-23
1.0975916948204884e-25
6.4910692455247495e-24
7.49417272366753e-27
2.32702281508171e-25
3.1007095887609766e-14
2.1956868050870305e-14
2.2084100039091316e-25
4.784608998756068e-21
1.7914699100340282e-23
9.170707936945176e-12
4.3850384078177675e-27
5.061479667713373e-32
2.1399632388911255e-25
1.9346001827580947e-19
3.4727104855743783e-31
6.640749963139197e-20
6.720515745662866e-25
1.5732392459107559e-24
3.228558115826169e-24
1.3375968199159594e-20
1.0295057768678473e-24
1.0383926906825258e-20
1.2340552121492404e-14
3.8190896066536715e-26
1.2349414065665836e-26
8.489047606823859e-20
3.435814122288826e-25
2.56176866890405e-23
2.0360502409895685e-29
1.390911063009292e-25
3.2842256010104854e-24
7.773894081680365e-18
7.852858651105784e-17
4.218115303459371e-22
8.656494385037995e-25
7.200367072776352e-20
1.8095149722890193e-14
1.6305714942051664e-44
7.015551553525318e-32
5.6361239644298834e-42
9.0595771670973e-26
1.3227179010199721e-11
7.221462793798568e-23
3.2704201025988174e-21
1.3799454571510624e-12
9.673011550675939e-17
4.392123201862993e-22
1.1632736366473011e-29
2.6561559024847606e-19
2.3395756313878588e-29
2.1037228140898015e-68
6.063884090510525e-20
2.4441863734650726e-20
5.756709842626135e-37
9.834969524893589e-33
1.35473993673722e-22
1.8596098816146573e-26
9.571161087842223e-30
1.99770590972163e-22
4.268240501383635e-20
7.300290231261623e-18
1.4693327819901717e-25
1.560000469418704e-20
3.992382864396077e-24
3.7139889402365637e-20
7.048040019713378e-21
8.1579851365004e-46
1.6244969098406882e-20
1.5859989261941648e-28
3.095876066851952e-20
2.3607752872131553e-17
1.776824910944088e-37
3.520671505999825e-31
3.417811530732275e-32
2.421182939985936e-22
1.0724866630638554e-23
2.978737322746806e-13
1.3537133908999196e-21
3.646743974359642e-13
1.3360321088164951e-08
7.426811620177257e-23
1.5708399965758747e-25
4.384954599450927e-23
4.606972541174232e-21
1.1240132197533078e-17
8.37420707143439e-17
1.0086528221427751e-19
8.879546810710507e-18
8.360958457671962e-21
1.9559978957651924e-30
6.245510012918612e-17
1.3793451674781857e-25
2.465181566752791e-23
1.4117314588882765e-25
7.232512801887638e-10
1.731581317410255e-21
5.3787789206990956e-34
3.050956655513937e-36
5.207973508195106e-24
1.0165259814846942e-25
1.6105497150056133e-25
3.415462469393588e-24
3.0153321816637643e-28
7.297672618346991e-24
1.8898967732363239e-25
7.768723880073786e-38
1.7550057806385067e-12
3.328254318128983e-14
1.9429621646338688e-14
4.520637128106406e-19
1.3124530462143952e-33
8.635454899972633e-26
9.49368663384617e-20
1.2878074482888702e-22
4.388009050218168e-34
1.1404539661830693e-23
3.927433564732009e-16
2.1976473367753167e-29
3.984015004098702e-20
2.936824286697071e-20
4.947000876312284e-12
4.2098255165637096e-19
1.4437022294536367e-23
6.2716384387398815e-24
8.465004049036237e-20
5.321579752105606e-17
1.5425992505410588e-18
8.307811474563049e-25
6.776367473788068e-25
1.0450152248020462e-15
2.2105598493974106e-22
1.73401033570782e-10
1.7235112536911633e-23
5.633562457623917e-23
1.5924920405125505e-26
3.300078943078602e-29
6.659821945475964e-17
3.714890866802513e-25
9.191715511548192e-09
4.347074369901378e-31
5.45096945378666e-10
2.128126808761477e-05
3.9533133614687085e-21
3.3991646264028285e-24
1.7671603117255177e-31
1.8009212801373464e-17
1.1302009370982725e-21
9.189016757261243e-16
1.5490984924591337e-27
9.805025614047762e-26
2.219026415346757e-22
2.9799990256245174e-33
2.0876800493431477e-13
2.018598994754092e-06
1.3840465593097586e-24
5.203886181654971e-22
1.1492938744824801e-21
5.973920384649075e-25
1.038902160136291e-38
1.890103756639191e-30
8.185209950018234e-23
3.2798098322817424e-24
1.2583942736423925e-71
6.222918145238327e-20
8.356757276889402e-25
5.27250504350745e-09
2.228319645776939e-18
4.0393158697184926e-26
1.3712026001891862e-43
2.5312839921603806e-37
9.572137208854109e-11
5.389768137109431e-17
1.981037896103921e-40
1.678681487912076e-23
5.168122558651616e-06
2.2065641901604462e-34
1.331097710829834e-28
7.671184359521684e-22
4.013580456836946e-28
7.287559813282685e-25
1.3168302383617223e-08
2.707400360020418e-63
2.3174523103155315e-20
4.483554665716261e-30
3.6043935278454727e-20
4.3429187487153497e-41
6.107296022123496e-16
1.860205478025208e-23
4.241229363712446e-12
3.895910313368909e-25
4.149612599547358e-25
8.60527305781255e-35
2.664894490158756e-23
1.6179575483270493e-15
4.165575942768035e-26
1.1266558000953187e-25
4.5659040698659006e-26
5.027373856268292e-09
1.481342171814665e-23
6.60710659599665e-29
4.093630365703629e-24
2.2816150708682235e-21
2.074732290147804e-15
6.234362892526943e-28
1.6174773614159316e-19
2.6860399684446397e-19
2.2662354207588985e-22
2.7050194935723237e-25
1.1529385510023634e-26
1.0675866603319424e-21
2.022775199853503e-17
5.317054722108394e-25
2.199456700566675e-23
2.2631764772617368e-17
2.7938373600216656e-33
1.1488536871031347e-20
6.027795127423022e-20
1.0730193811694517e-26
4.2697612523568305e-30
1.5854145750758651e-22
6.118389496730043e-08
5.738935959545393e-27
1.0354652894228783e-13
2.375570040250125e-11
1.4457594027853077e-12
4.0124898239966034e-22
4.0627919079778397e-69
2.897571704171012e-21
5.118169519843134e-20
2.5778138775911824e-32
8.413613604496175e-17
4.135509840787007e-18
3.272328520784491e-18
2.0469925475466077e-21
7.402901648931513e-28
1.3868500942013627e-25
1.173309274428839e-15
3.652024457735042e-15
1.349974800105675e-44
1.6550351037298937e-21
1.913475142579383e-18
9.907240435879784e-29
7.834464672757382e-24
4.839395354759963e-09
8.124405160657115e-23
3.730318723456585e-15
1.131079662711955e-32
2.090970850782538e-21
2.383039972497712e-27
7.018270843257487e-11
1.1764078320855739e-20
2.194970570565449e-20
1.1909293759882682e-05
8.079243253807965e-19
8.16516487480138e-14
9.186820912023131e-21
1.3653910346319753e-17
3.5611645155647154e-26
4.972970677062854e-61
5.012078196882177e-27
1.2115921388368205e-33
1.942473717528171e-24
7.557841264905496e-29
8.855511855388686e-33
6.8711147467116e-16
2.7102725481035334e-23
1.5353911652655266e-21
3.186203595379372e-26
4.166541389053065e-21
8.763664230130879e-25
1.494630711228141e-26
2.82810783893834e-20
1.7896839964212407e-25
3.720540496927573e-27
1.3214785681053296e-33
3.577927034004313e-30
4.005703544364839e-18
4.419345876784294e-17
5.407854180104486e-24
4.249478546051491e-23
7.862418818811998e-42
1.3986089114383922e-33
4.385667697630668e-25
4.3916842317685635e-28
8.114988134313139e-38
2.2462622045972016e-37
1.5601340510500102e-17
1.6598528624566759e-29
1.8486115693551667e-22
1.581161922884685e-08
3.2216965627614585e-12
7.0177440161960045e-28
5.243712900926768e-17
9.127779031177855e-20
1.7185858689173054e-24
1.987987926342665e-35
2.2765850312834957e-21
1.6039849217349048e-14
2.156817160546378e-19
7.276823784761256e-18
3.4439014684401776e-18
2.4717340991653912e-22
5.847016614407895e-23
2.885652256669024e-34
4.824692173411428e-19
6.4334027088769586e-12
5.76126781663328e-28
1.1655606612304464e-45
2.742165974941611e-16
1.6821494559961148e-21
3.641718686617062e-20
3.290516559758189e-11
2.2838564609308574e-30
1.7470665184868814e-24
3.8990017553903295e-34
3.6254458050602054e-31
1.4199203071887983e-12
6.45738706725181e-31
1.8607973586359485e-25
7.206319498301819e-31
1.3140516402858889e-24
1.0557996407860736e-07
6.833084442122871e-24
1.8194271016785975e-16
3.584859065434762e-23
2.6436622671994944e-32
2.1918288810293206e-28
3.3331436363250833e-21
6.091976282250144e-25
1.4034522464976238e-23
1.2314376599091206e-21
9.712480124427648e-35
2.2029516832561904e-24
1.7006127773870545e-16
1.6625706076379798e-20
7.3203988524011905e-25
6.754587581488326e-44
2.2540551027467116e-30
5.2065775857878354e-20
7.996797032176411e-44
3.480002985853888e-34
1.7436325327607481e-19
4.0413712997872825e-13
3.499458271216129e-28
4.8236993691744653e-26
5.857414486494211e-29
2.1581412255606685e-09
1.658830376062276e-30
6.404063049567694e-15
1.0964891769614835e-22
1.7319586100827697e-34
1.4583178425857727e-23
9.118467160443357e-09
6.939200646974445e-15
5.7588492224965995e-21
2.6531608114132654e-26
9.159383676835534e-15
1.5825952767718406e-30
1.1007682095375542e-24
1.726262733143352e-41
1.2563162612649282e-21
6.41535159709129e-23
3.3904683972267058e-15
4.676578581700449e-27
1.5680668154419078e-26
8.1961192840730475e-19
1.986914369661848e-39
5.72371634901148e-31
2.7783609451271367e-09
1.3969093524477042e-21
5.535325673556377e-20
3.2059365390366836e-16
1.4596055980930174e-33
4.443635052220511e-23
2.55759072728432e-34
7.173018320358367e-25
3.4467836398661436e-22
4.7963877628705565e-37
9.53040069550478e-27
3.3879213742710623e-14
3.4795357153752414e-14
5.049269449708755e-35
1.0614851234583505e-17
1.5091936349898466e-29
1.6807802140491868e-22
3.176939912799863e-29
8.820755919915144e-26
4.366203239537506e-20
1.1774043993013432e-09
5.7255107139115865e-30
5.462105024872983e-19
5.446663260866104e-26
4.353158192742184e-22
2.2520904580771077e-21
5.935849741922324e-21
1.5676872090879443e-14
3.656471045036146e-34
6.227786162069961e-12
1.5012165806343754e-18
3.3674888630192474e-22
2.9303771041223284e-24
1.8161823429991142e-26
4.902989904628854e-20
3.144451204443646e-20
1.96480439407206e-23
8.549498550845957e-19
3.655249796941524e-18
5.103057112016071e-16
9.315230126584467e-11
2.876700217703691e-16
3.3891721730589545e-16
2.1776698060234968e-26
1.0581267955216457e-05
2.129300773926355e-20
3.4215823085077873e-22
5.79430803997764e-23
1.2116058355097732e-21
3.2199039008249904e-21
3.57468610320691e-28
6.590760556168299e-23
1.7781522076369048e-24
4.4385852229487636e-27
1.9591015203136211e-22
1.7498238504769025e-39
2.5794057670605498e-22
6.583982878488242e-25
2.649914970873486e-29
1.3036316469813597e-21
2.1376608044448814e-18
3.2233306943374804e-16
1.902030742489842e-18
2.1296332320198004e-25
2.565426137080013e-19
2.7113362220036316e-21
3.2103554703886233e-19
1.5052964771333146e-06
1.9283962089592674e-09
6.80612514494709e-25
1.5136802774400345e-27
1.2402228611502647e-22
1.6029397920504407e-24
5.601582005711327e-19
1.4004048074234139e-11
1.2646854532661173e-25
6.847006323981257e-32
6.003533215073295e-23
1.847858252182884e-19
2.996714066001322e-14
6.689763792258104e-16
1.1231955594531208e-39
4.7054954623813624e-20
3.245146619589469e-25
1.216782217969529e-48
5.729970758950104e-25
1.1368870531800816e-08
2.0694936574501682e-45
1.1204917549557606e-13
2.302280374172201e-26
3.522637156599578e-26
1.474871801209855e-20
1.469445979961297e-10
9.158004271773844e-23
4.940090973335537e-15
1.6838568133148077e-33
9.310000883724294e-13
7.864415898063316e-11
1.6131703594448637e-23
1.0913040645074163e-21
1.3662006823948943e-21
5.563704365536074e-28
1.3739467443695134e-22
1.1607825643168275e-19
3.5063856253713283e-19
9.723700099256992e-23
7.23680033901394e-23
3.155809354593378e-34
1.45075988541436e-26
1.3073093573298942e-27
8.1275764720952805e-25
4.542032258183309e-20
5.498800442354333e-27
7.110793294466436e-15
1.417315778682297e-19
4.2276083295266524e-19
2.677887924587837e-16
4.4481238111311503e-17
2.258527873084896e-21
2.6783760095776433e-17
1.0398745806833916e-28
3.3967144977208116e-17
4.496658567876166e-26
7.860440477009222e-19
2.2047793938215083e-17
2.0587137489513561e-22
9.253709034327564e-22
1.2281346987416403e-14
3.786391585489586e-12
9.062966982941936e-21
1.0428173052627202e-31
1.7044668037407248e-17
1.354493338856135e-15
4.510765613665143e-14
1.3598446605886623e-19
1.0030257415223794e-11
1.3012152925220337e-43
3.253735549350998e-29
2.3422855145987054e-19
3.510794707486631e-20
2.8711470499988815e-19
2.5053002712663437e-18
7.686311232850655e-18
9.419719039639382e-21
1.5808081642619183e-24
4.0610370951739604e-20
1.6538872159490355e-07
4.069183375223044e-15
2.1731457638137666e-22
8.881067017441909e-20
4.893628979161108e-35
7.4741128018557025e-22
8.338508706124306e-30
8.788390741480615e-27
1.6139338311526418e-24
7.215514432837081e-23
2.2527304877261924e-09
4.447268488255409e-09
7.66812324639428e-27
3.655406271606968e-27
7.566026569258437e-18
2.02102022160936e-31
1.0909508392308342e-21
5.308001738654682e-19
6.818073104476029e-24
3.998794761690983e-24
6.68166167940075e-17
1.2304092233310352e-18
5.225893465092639e-22
8.620667845696247e-27
1.1121127721487636e-19
2.667299210233578e-30
1.3438316904931606e-46
6.45569144479516e-25
5.484547343891703e-23
3.3288272732080536e-16
1.8963356310452902e-07
6.55607896038305e-22
2.355416239317615e-17
6.590271874272792e-53
1.526694429405359e-39
5.453494957425354e-38
2.298701911984424e-24
2.5592732311651676e-19
6.3420100837372264e-21
2.000662166579637e-19
2.808145980439192e-31
2.0088842784019525e-18
7.752034428588369e-22
7.548366112836154e-32
4.5278249640347414e-29
1.203621925838582e-21
3.568396761499545e-36
4.140064641498716e-27
1.4288558360612022e-32
3.1357127286548676e-25
8.914686694008323e-25
3.8239524456187866e-20
2.3181289324944237e-22
8.054607643933765e-24
1.4571639021312582e-18
1.2017224485656833e-07
9.24013162146316e-26
2.7245132906380995e-19
2.2719797980374055e-23
2.6530416797349616e-24
2.8059122985432875e-38
5.746963066153139e-27
6.077624894011393e-39
1.4046167627568632e-18
1.478939815412707e-29
2.2807272373696746e-22
1.10290600854742e-21
7.135138912966757e-26
2.1653023644380576e-22
4.629501659605633e-21
1.8416083876615887e-24
3.114131188368471e-17
1.61086209318704e-28
6.5694223325203575e-18
3.136190818569871e-13
4.619169496846985e-20
1.1601643314171468e-22
4.0893693758168625e-14
6.564217203970579e-24
1.204448565435921e-19
7.889542531253902e-24
4.9241336398304296e-24
4.0202885186964113e-16
3.101155875114633e-19
8.339263629487914e-18
3.700264786621482e-08
3.9793515093229614e-19
8.573362826731301e-20
1.1275802896969216e-17
4.8483522181059185e-18
4.004571324318302e-20
1.6806605511915276e-17
7.249528666083421e-21
2.219393808675995e-22
1.5825734422522473e-20
9.069657404728166e-12
5.437525821826333e-25
1.8776801777503964e-18
5.607238724934462e-19
1.7922473014122717e-27
1.93207917224656e-15
5.497814078470621e-24
1.772058935903406e-18
5.141604705062346e-16
6.095714064191685e-11
4.115687037351652e-53
4.5786740423126274e-23
3.358543813818416e-14
3.047155452256952e-08
4.090406850089096e-17
1.3837055142781177e-26
3.4424507780346273e-20
1.1368268567172276e-29
7.223575050380416e-25
8.61277284764418e-27
1.709424400515157e-19
4.987429944303299e-17
3.426787175090766e-26
1.1859154802285349e-14
5.58539883282077e-27
6.41747278375376e-32
1.8486169638771023e-22
1.5857587044346492e-28
5.98831744529717e-12
1.21307994824985e-22
2.587468750415724e-28
1.6155283324735248e-15
1.6535700204756325e-23
5.92638786724375e-23
2.749458653710918e-22
1.3798614039472221e-21
1.1069735906744986e-30
1.2923065839445692e-18
1.1779580281820574e-14
8.294172220451715e-21
2.136261598862416e-28
2.4163583366098502e-27
6.988634260129458e-25
1.0439003407593574e-07
3.8894688690351456e-17
2.3699454923291848e-29
1.2156875582631584e-26
1.887196568800216e-23
1.7004434402596874e-22
3.5986636860447065e-21
1.0751852122292524e-66
1.3672681205412199e-18
3.212040171377046e-11
9.634072581601964e-17
1.3043312944504124e-23
2.7329190064262295e-23
1.7864023519750466e-18
1.3510543452576212e-16
1.7823656153972327e-18
5.124257120228647e-22
2.893799704247454e-23
1.442148396238171e-29
7.538573147450677e-33
8.277044130684755e-21
3.7286620656837306e-33
2.8083421702640643e-20
4.720625839605269e-22
1.0617064832525294e-17
4.962186025244038e-17
1.4072287343875108e-19
4.1946762971237315e-16
6.798204188570621e-26
4.963403018457996e-21
4.770808592211898e-19
4.875593984886271e-28
1.988906536507957e-23
2.2215647326782484e-21
3.8035303406445678e-28
1.2748510746728765e-17
2.2320515083423534e-35
6.574954681994448e-21
8.630166988126083e-19
4.3340764621541104e-21
8.709755440887572e-32
4.170754787231143e-26
4.68899097545306e-06
2.273770088555228e-16
7.973259778743978e-19
3.8920221775159545e-22
7.056513856913472e-08
8.954736705395939e-27
4.708709040309279e-31
1.9023342235088136e-13
2.553838175890186e-22
2.2745087369085277e-08
1.3167756651189876e-40
2.764715044761577e-20
1.324958797528165e-20
2.4935732063591646e-24
6.219626515220756e-14
2.0807107744840445e-25
1.7175773300967105e-27
4.2002852780347396e-22
6.3887506343649734e-24
1.457453397652249e-19
2.8830141154326577e-22
1.7132551341525812e-18
3.4148902009649445e-19
6.640096387814202e-24
4.3728442473609e-08
3.807203031202641e-32
4.2529126411252984e-26
6.9189491386905904e-18
6.541578465858732e-30
1.9282502995690712e-41
8.608211189669697e-21
9.631373081185914e-13
6.288898712178367e-14
3.329260225198164e-22
5.694893172976425e-21
1.1456661216490925e-14
4.796747372809183e-31
2.2568953594146713e-27
1.6020837385456538e-32
6.774666268128134e-21
4.283223748112148e-28
1.2818488933388562e-24
9.107222732915027e-25
3.392607173658853e-16
4.9277383867995046e-23
7.294843551215429e-26
2.836793794502969e-20
7.904254782262105e-40
3.4017706475152504e-28
7.103170317876157e-17
1.2932173302382367e-27
2.7314860899901753e-14
1.0747954671348044e-25
3.553066852774147e-18
1.5195820586125963e-20
8.551211742051789e-26
1.209527421460291e-33
5.045521650781811e-35
4.180150505283944e-49
1.5960999554258304e-27
9.562207551387141e-29
1.0314056374603822e-35
5.854891895783171e-29
7.065080051408614e-25
1.1625811438767978e-56
3.4446498665314103e-16
2.505066434703489e-05
1.1820609516893633e-26
6.7964862174048236e-15
6.467964123602802e-29
6.757162179309534e-17
1.5900873237487217e-16
1.1828488953327413e-26
6.185656415235929e-19
2.790809982650221e-24
2.3603624471502186e-23
4.049279369896462e-15
7.226699150157512e-15
2.8236464279354546e-30
5.204355747200765e-35
8.490316616814759e-23
3.0053595313522717e-24
7.104631952361764e-17
2.6741583020328654e-22
4.526349538617098e-08
4.5493557525407396e-21
4.034993025086687e-21
9.390576647918416e-28
6.3100891099418376e-27
3.7177343137409917e-20
1.750978883890857e-23
4.748116754986897e-24
3.0650940613436285e-26
2.0508638666948803e-16
1.0733362911158457e-22
3.698801730579566e-20
5.6227279873930076e-14
2.225818661145246e-21
6.837007313832461e-40
8.226918334337255e-20
1.3481910842491487e-20
7.324098157338178e-26
3.595252360025263e-38
9.225902244243758e-15
1.5335306651155677e-18
6.8156025341507725e-22
1.4695600035053756e-29
4.1414544068756584e-30
2.4126907259013437e-19
1.0433913802912178e-23
4.248854006813055e-21
2.1611122994086135e-25
2.029987616704891e-26
1.8375736271081996e-17
2.1609156894762077e-28
1.7722284660677267e-52
1.0317170541589414e-24
5.48453972004016e-25
8.00050412625726e-20
1.8400864767280772e-34
3.6478405961192383e-28
2.873690323264947e-20
1.1807650181104326e-28
4.662097056003378e-26
2.0027252785390898e-26
3.5351068005349252e-31
1.173807730525563e-44
3.166490310274027e-19
6.558261107458744e-37
2.1795193746697502e-17
1.5783458770101523e-26
7.69360918376812e-32
2.189719920249237e-64
7.589002323070805e-22
9.447574670349102e-26
2.0910103557562833e-13
1.441077894827508e-20
1.3127308621357142e-19
1.0793021556779728e-25
6.120658723362651e-15
3.2316027296999135e-12
7.608849508181272e-18
7.869999740535072e-20
1.2169707812008774e-32
1.39837390437757e-25
3.683339082202641e-07
3.185647482963956e-08
1.0924474652184779e-33
1.2675114285340474e-18
1.5656632870128683e-27
9.140557473223172e-16
1.2099072144404509e-12
4.161978225909609e-28
8.621344490822744e-20
3.8799100155303136e-07
6.889020368894445e-18
2.42642987951321e-07
4.611348090010128e-23
4.2968723819372455e-15
7.814562149808206e-24
1.3683263884404226e-19
3.6780299680228487e-13
1.583560284792152e-14
3.8011911055517414e-16
3.5928445451538025e-14
1.2975067927720214e-16
4.306990502649941e-26
1.1215924620304574e-31
1.760366373285456e-25
6.085558387929158e-19
1.8345623363603003e-17
4.795522374712242e-17
5.9237794630007623e-36
2.5012755858267026e-20
3.4952685500302364e-13
2.5514247115400226e-18
1.1870998866123885e-46
2.46767244380185e-12
3.493935772573415e-26
1.6770361826018932e-27
2.3258965589456488e-15
2.4661272380897384e-27
1.6063300255802462e-23
7.506291093382555e-28
4.699741873308375e-25
9.837495852441895e-25
6.584818534764662e-22
1.625321505654251e-21
2.0087931301700416e-21
1.9255743334487695e-37
1.3400628489421578e-16
1.3245011843189318e-20
1.0364140250145118e-15
2.4770171192924725e-16
3.93871446349086e-14
2.604862221671788e-24
7.105160353928605e-13
5.671920474850697e-19
2.9966424934258275e-20
1.118950703648806e-21
8.634793123886322e-31
3.3229387306052563e-19
1.463773307581532e-17
4.60512613719695e-21
1.6620218993888632e-16
3.7246474210841725e-18
7.873203612481807e-28
5.2388373683003495e-36
2.5801129812303447e-14
8.555475643374871e-30
1.3375201833757726e-27
1.1536195353604592e-26
1.7656302286005917e-18
7.601591255224789e-18
1.836987608905671e-17
1.1184345937089007e-21
6.9022528449477e-21
6.041798069687887e-18
5.136195460401595e-27
1.4131359539339967e-16
1.2622484443573242e-19
1.7434910292275173e-19
7.450199100826882e-28
1.4644191865508455e-21
5.949355266059962e-10
2.0662324801629735e-34
1.2233108069365582e-22
3.346303920259331e-26
2.2426416451751447e-14
1.251563347992102e-32
4.8739402839026653e-39
2.459848531478435e-20
2.997412909561198e-60
2.430113178484305e-19
1.265196010272948e-19
4.48375660728645e-19
2.2646507521365857e-25
1.612580193627565e-31
6.528692053582159e-33
2.0399905842958956e-18
8.734812854920178e-23
2.113697027316135e-26
3.979137200117524e-15
3.3595579775884765e-16
6.850957484713862e-22
1.4327491192290768e-16
1.2913413564012608e-20
9.484713037361798e-32
1.3791519484506306e-36
3.3656178468859707e-18
4.058104578657281e-28
5.9587656110800306e-33
8.605797639912302e-28
9.660384627039668e-08
3.403144890396799e-24
5.2107630987064217e-14
1.740643100565718e-29
1.9585709720737392e-24
6.50524091091938e-30
1.2094002560147198e-37
2.267514817245819e-12
2.544260852955477e-18
2.7622277175435404e-17
1.3540681887589204e-27
2.0739426100427252e-21
2.3323046374313024e-22
2.5037850637852897e-28
6.69765318851021e-20
1.2949010669181704e-12
1.0322788775563305e-24
9.745222427039129e-23
2.6068609998097416e-20
8.894009784334526e-24
9.749907038058923e-31
1.3826949869074968e-35
8.721817518883292e-23
1.655203101643128e-27
1.4428935905793595e-19
8.950278502656523e-21
2.6328355551418343e-27
5.135181655269885e-24
9.345917334455116e-22
8.115791932150975e-25
1.2569198446541742e-34
3.72245389325587e-20
1.200586765150236e-31
1.3807048829611232e-24
6.519482066308854e-21
8.07836176606467e-20
4.442203447821773e-18
4.8951543978721824e-17
2.27134645918458e-13
6.897460517407922e-22
2.9051096291355824e-20
1.0604743786512453e-17
1.633018424632058e-43
1.0047735443817791e-16
3.8404336401723237e-23
5.342537509300814e-34
3.438782030930174e-26
4.091712908552624e-29
4.861268401334493e-35
3.7389165851897714e-69
1.268296805148611e-13
1.6894892369091969e-18
6.304547141219828e-21
2.69753774053781e-16
1.2537989952446754e-16
2.2984500769616995e-19
6.170877177343248e-29
3.51953234060641e-23
7.52864565178607e-24
1.1069199340890138e-23
1.3789365407989783e-21
9.197180013615785e-27
5.766169557421189e-15
6.069801266897175e-23
4.3543146288627435e-09
2.390709364300022e-13
5.3687475958848287e-39
3.6584998408281336e-25
4.874233297807285e-23
2.188345031503214e-12
8.524959166293036e-19
1.1102089023427725e-31
1.622612169950574e-28
4.765269239023527e-19
1.743949995912712e-23
1.6997920451928988e-18
4.197537546911433e-22
5.7379705605115854e-21
2.90910645979917e-18
5.438439021779995e-20
3.214730836391367e-15
1.3416350085883438e-29
5.411011352354091e-19
3.3434075231898186e-18
1.137639487200132e-21
1.161274588344259e-19
6.029897099099842e-17
1.99842872966509e-31
1.4604618982888322e-23
2.130918184181029e-19
8.033998868688964e-28
3.234619364186031e-25
1.0115734129044866e-24
1.873517212389398e-16
1.7070051069511374e-24
4.384736491201124e-22
1.1371503455656572e-21
5.691536094538222e-17
8.414077129116008e-14
4.764390687355717e-20
1.628988710230707e-27
1.6487592630129335e-18
3.778967220384366e-10
4.5499339438478016e-29
1.4047497385963518e-32
2.0844495138698817e-15
1.1456327151482868e-39
1.2271288216209802e-27
2.770260611994604e-25
6.902268071847958e-43
2.859270462857909e-13
2.0502263073641013e-33
1.3739433102381817e-20
1.9480459357614677e-39
5.353253515460309e-09
7.044192818114742e-31
1.4211285416976875e-28
1.0284316177269779e-18
5.0353624183778995e-18
3.714241971413314e-18
2.1604708808184864e-30
4.8675207119151035e-33
2.97803882003441e-24
1.0983515373793969e-20
2.5294860200792502e-24
3.7654676184223624e-31
1.186509534523353e-33
3.854835328931259e-24
1.2245745020535912e-29
6.227522750206566e-21
5.658495682450138e-27
1.1843736140043852e-19
5.349485372119313e-21
5.066099328379126e-29
8.481500878403028e-23
4.935029546715533e-18
1.1278140367107447e-25
9.320369413556724e-28
2.1225683537241933e-14
2.3911173889016976e-32
1.4320094227566735e-06
3.772474572592847e-43
2.1653567573420992e-21
9.316386230526064e-25
1.6052913516750752e-22
4.90947754183083e-22
4.065725065616318e-19
1.6828487747723595e-24
1.3309136001703875e-29
3.770089521438706e-17
3.929201985696253e-21
9.743678604128732e-23
8.678037950372349e-19
3.2420249801134147e-23
2.431053575091427e-19
1.882395653396088e-18
2.1232557343308445e-19
2.9568519372872526e-33
2.490638515054457e-18
2.5706111899428478e-15
6.342656319436742e-17
1.6393476972918118e-32
5.834223388570393e-17
1.5301722787288863e-17
6.078976576609866e-08
9.84884607687303e-18
9.759719906344778e-10
8.694531787661132e-27
2.5680949348320637e-22
2.979314767193591e-19
3.0585412113490234e-28
2.221263942980984e-22
3.0253318016832084e-27
4.889229473659361e-28
7.573113214990286e-10
1.133831999894698e-20
5.2733065851348487e-14
3.6825255408775485e-29
3.485142443260981e-15
3.3647544695688493e-25
2.1777281178023367e-27
1.3645479927511091e-19
8.673566913894176e-43
1.9666681283791585e-33
1.0634999736797721e-17
1.763593785026779e-29
7.027548537567896e-19
2.6517939051770247e-39
6.517777025285169e-17
7.661275241699909e-29
6.209742751069844e-17
5.920040710467114e-31
1.0103417680174104e-23
4.789768020008087e-34
1.3645676748227214e-13
1.2559268479645722e-23
7.137864690471088e-20
5.948181485395635e-24
4.8421480279599193e-26
7.15638234591524e-24
2.8591287891707993e-15
1.7759342498186373e-28
9.519561377868473e-21
2.4216701577913527e-17
1.1509866477054732e-20
1.0844619022154585e-08
1.4638728615447663e-14
1.9438980328184895e-25
5.1232740961614834e-21
1.1766266691206277e-16
4.359577628568307e-19
1.2247335015246727e-16
1.6788175462708749e-19
2.3525467890844567e-35
2.567675258972009e-19
9.158924350251901e-22
2.9194157595977787e-15
1.7805739379053303e-31
2.3393979348628786e-18
1.74847740170828e-24
7.116048550812994e-15
8.361084234019762e-58
2.187731870586328e-26
2.975411852626045e-18
5.522201996669689e-15
9.805231352607046e-21
3.30429117739452e-13
1.752224569987116e-27
3.325122313547648e-24
8.583829664765999e-08
5.836823913133699e-21
1.2207985965156448e-25
1.7784423608486317e-20
7.49318390305525e-09
1.3099067315340283e-19
1.0969129114311917e-28
1.1541908269764915e-13
5.795216735662068e-22
2.010906513135693e-17
8.690937807843604e-20
6.690691402544577e-12
1.0092195203695349e-17
9.844858590223415e-18
1.1662399774128179e-19
2.7205157651630474e-26
1.586274277918401e-25
1.4904113849288249e-30
9.738184086649799e-49
4.282713695301911e-22
7.353956544533674e-24
8.057046186749135e-32
5.343391688589411e-18
3.374336972807546e-16
1.3928212861580168e-18
7.85574356252093e-31
4.34551015885784e-46
3.8756065722279645e-21
1.1943098387029524e-19
1.5192865605612871e-27
4.583966331930748e-19
4.062456031538764e-26
1.9482091941301998e-22
2.6242510813461067e-17
2.3317020201034188e-21
1.8580719771355842e-16
7.856029906554099e-16
6.623489746019724e-22
7.056730737252076e-23
8.426579731005265e-08
7.096005591376479e-24
1.6807218433310615e-37
6.514971533676571e-22
3.546928417239961e-19
3.790866567364533e-20
1.7002587064575598e-19
1.2993281811486877e-20
1.4433307562516456e-24
8.362327678705335e-38
2.23715081909562e-22
3.7900507812344107e-19
2.314729376814975e-13
1.1013206690626608e-43
2.809342119285737e-21
3.1573976803193747e-22
4.13595528166212e-20
3.9232734640350965e-19
6.092767633227968e-24
1.5309665227944434e-18
6.005939424336818e-23
1.1511780712043849e-10
2.4597189278188386e-18
1.2966570819529902e-11
2.702495319672992e-22
1.1070185428054359e-23
7.749650027535915e-26
5.191178346700459e-22
2.0318005360776896e-19
7.263863979560454e-25
1.136541196769257e-28
2.2352969978066048e-20
3.461139098242591e-21
6.741778081985136e-19
1.0816621194834156e-21
1.1349376660464021e-18
6.318096134111965e-20
4.160305005349277e-09
9.78749901441683e-25
1.523268243478243e-21
9.111331820553706e-15
1.2881953416915063e-23
3.464804461687875e-24
4.241629660827587e-21
1.4703462270181798e-25
1.2059708842429035e-19
5.232613593521285e-15
2.6953586795442565e-24
2.4068674952524256e-32
1.0749994623015912e-22
6.326367026843557e-19
9.241757627371773e-19
7.273845204192219e-28
5.562185715564366e-25
4.7314173393637074e-21
2.1352076588555255e-26
2.776537476435071e-23
4.004343444886249e-59
3.997748662216409e-26
1.1204091560966046e-10
2.0388307526984762e-17
1.9496521361116928e-23
2.9745095328064464e-06
8.676182607336089e-22
4.987936411315701e-25
9.421231079565987e-27
3.5335138222223456e-21
1.8182030117233508e-25
3.406879319221315e-19
1.5080053528072813e-24
4.7084502659987624e-21
2.0730716146128343e-23
8.50368607171802e-22
2.5787316033860215e-21
1.5614737208192894e-22
1.3615858866433366e-23
3.6686130492143516e-28
6.417469741113526e-23
7.619448227492132e-23
4.419058087853867e-22
2.1085115140655896e-08
6.542408166186785e-25
2.80756188324249e-39
5.681020223057587e-17
3.0704534740015535e-27
8.072805922438584e-19
1.026561459795959e-14
3.6841506858332187e-23
1.9209752175753828e-22
8.031502498940361e-36
3.625179433189989e-28
6.655700948249031e-26
3.633291926440951e-21
5.482135142832509e-07
6.133172045241832e-25
2.7070279169451765e-28
7.783882775480567e-17
9.273478901694332e-21
2.5387409056423457e-19
8.795536892671702e-37
2.098482295673957e-30
5.318396263957014e-15
5.09986189202152e-29
4.431352941778384e-22
9.489677670305053e-28
4.660060980438492e-23
3.97145033880855e-24
9.901946655631786e-22
1.6979473488922262e-17
8.635760014199938e-22
3.999532650856546e-23
5.323846236394416e-18
6.362481875400498e-30
3.743318965344398e-24
1.819020607005544e-21
4.3810402538509776e-24
1.261398489423971e-29
6.0924507534600904e-24
3.903062155795947e-22
3.3436032500275746e-21
5.998889459793484e-09
1.5446378861600613e-37
1.456317539108351e-21
1.309918903402684e-24
3.2479684618540957e-24
9.392936346104723e-25
2.511188862824577e-16
1.912229010058722e-29
4.94132465127999e-23
3.863456289494963e-22
1.168495790495621e-31
5.148858331935527e-25
8.057234301957491e-21
1.498209239156306e-26
6.14773359967946e-21
1.4080128378462798e-22
1.0825111791460722e-24
1.404833887736922e-23
6.25507514441826e-21
1.1522573834737024e-13
1.2778933812751034e-28
1.1166601638771941e-13
2.1363222671157612e-21
6.152654517482127e-35
2.330581777353617e-28
1.2463427424342393e-16
6.843463197333885e-27
9.458551568518613e-23
1.6674891687743238e-24
4.326148396896058e-39
1.6052851585334175e-12
7.043077258778612e-23
5.828885681745149e-22
2.208507495235183e-21
5.663880663016326e-30
5.192705503963164e-40
2.3406184187646996e-23
8.537853539066865e-24
2.284380449728447e-33
9.770647878558192e-09
5.328464166475867e-34
4.469676503621366e-19
1.5506533570164296e-28
2.007333810256779e-23
1.1037769346034405e-24
4.362414981010021e-34
3.2358542409462827e-13
4.373942615273594e-22
1.3087542085848726e-23
1.394134581334552e-24
4.68125183426982e-17
2.0245310312709683e-21
8.876386977329418e-19
9.314749208626648e-22
1.6536596613548272e-20
1.1795405270053657e-22
3.984627778685803e-30
2.623805638797654e-32
2.1006927477527235e-36
2.2397054784192804e-10
4.506634797331301e-25
5.743485094299595e-17
4.34675067018537e-17
1.1571610126971144e-32
4.632780549328327e-26
2.517069041993087e-30
1.1743817763806558e-31
4.6501298018880074e-10
7.111732766112245e-32
1.0039480584100022e-22
9.423816571650474e-31
1.6653793924518797e-23
1.911487441732723e-33
7.846434865275669e-26
9.305299344606552e-21
2.2180470168840776e-08
4.2853437060711884e-54
4.267592791476397e-11
6.295421174524775e-23
3.275903781043459e-23
1.3490587250320971e-64
5.707198941950686e-32
2.158382234990791e-18
6.819534883574672e-23
6.019673223681926e-20
1.8133353045021673e-21
2.06135306938768e-26
4.420974064628547e-09
9.55007017652753e-31
1.205989584169091e-16
4.681202604776033e-33
8.052248904792491e-33
2.8154828179694997e-15
1.1147692705625013e-21
2.1118742481785547e-24
5.941441771791938e-26
1.0404312211751534e-24
1.3462753806248518e-27
4.55428675823914e-21
6.427357683433523e-23
1.2496125854965467e-71
5.314958341068122e-52
4.545910916605002e-23
7.791293112390535e-40
3.45598181484101e-30
7.783034690911292e-16
1.7348861678173482e-36
4.866004725256536e-13
3.435770540195739e-13
2.4116240036848818e-17
1.398667177615473e-21
1.2814743696254322e-19
7.655580493012662e-20
6.267229190257032e-31
6.1774617105617934e-12
8.437117097927659e-21
2.824387041768835e-12
8.365826890628419e-09
2.0043538961867635e-24
4.9115508471397985e-29
8.0521922369130335e-25
3.434639718444244e-20
2.020256652027291e-25
2.6401489549573945e-20
6.746542437265742e-23
3.1340842610972606e-19
2.0105295441371087e-21
1.9688263308130335e-32
5.778081791906309e-13
3.964225615268757e-29
2.0166237673095602e-19
7.072260310736217e-14
2.123872227603292e-12
6.0563989759880876e-27
3.019004778951592e-31
1.5413811944913338e-13
4.646866106108313e-28
1.4957343824663977e-24
1.0598867466358762e-19
8.365730329808738e-24
1.0189387330525337e-25
4.452209180687421e-26
6.469384999415709e-10
1.3682512008522147e-19
6.002022988734046e-19
1.939904149107176e-10
7.530646849652185e-22
4.222743503468732e-22
6.401664136915871e-24
2.7057820614584163e-25
1.2032765440362623e-25
5.4380393779712395e-17
2.414479126690153e-25
9.196659702955628e-23
5.920424609452795e-31
1.0691626498848203e-07
8.870814081247539e-21
1.939035678514523e-19
1.045182058351649e-16
3.121512368057409e-20
1.2164567098716514e-13
2.718294789709162e-23
1.8155091776572843e-14
1.1527733336658202e-19
1.1133035058029775e-13
2.2059536548064168e-13
2.7480859969774567e-30
1.290321243036661e-20
6.186219934626741e-25
5.538137854853773e-20
5.384459735271905e-29
2.792848448876311e-20
1.6276347907540619e-10
8.410621215833493e-16
5.910485026693654e-28
2.0730478717604095e-61
4.432515294735783e-28
1.2725460719897612e-08
1.0901270040890621e-26
3.0512431914710446e-15
9.7786973136171e-22
2.3144418210727226e-23
7.071732386041395e-26
2.6099520338686412e-18
5.487453183715079e-15
6.905026715858044e-12
1.212315909661244e-07
1.0818891304596833e-24
1.3408029344978335e-17
1.294538295474068e-25
8.940764011959541e-18
3.2949072142782396e-20
1.1346311575057283e-55
6.446867012513896e-26
2.333998919772996e-31
4.3389878258381764e-26
1.6460599429323946e-18
8.684069352786912e-24
5.181313332438265e-26
1.1630702953924033e-07
2.8465124044021874e-21
1.8048701580483316e-16
3.956618759637915e-20
3.702322516292079e-12
1.6102628472984677e-17
1.0501691655824012e-28
4.317256330915103e-16
1.888753080498089e-49
2.8261256538534524e-24
1.3851365261698303e-28
4.1065438607116413e-25
8.534412207428816e-14
4.77872932735283e-21
1.0070704046787727e-24
1.2502514854589995e-20
1.749138716307654e-18
6.55900266267158e-23
4.705717077361077e-10
1.7297067042194804e-44
8.707261533738044e-23
7.122819187159808e-24
3.189244493898951e-33
8.731425587451331e-19
9.867663988463561e-24
9.71212503524583e-23
1.59269505143155e-31
1.0553907966676498e-15
1.9195480985148898e-18
2.0644959137359906e-26
1.0976579945833768e-34
3.550979890119358e-24
1.0141178515534891e-26
1.9816365407227717e-27
1.5401490791219505e-16
5.609439359479432e-20
2.4227323810604454e-23
2.3406583750412654e-28
1.2611841880621493e-25
1.109726336348435e-26
6.33932400282755e-08
6.60910014367489e-35
3.251708466344416e-23
2.665531994208005e-53
5.811863870321595e-19
1.7063614830023645e-18
1.8273190722225247e-13
3.65349764706516e-18
3.0680895639871693e-25
1.708855000460596e-24
7.951732494261327e-18
3.6649799697586616e-13
4.784127259807872e-28
1.4128480045131602e-21
2.0640862878179688e-26
1.6635594005270542e-16
3.183582582338393e-36
1.9518546289071455e-26
1.53338786596363e-20
7.361177335910115e-19
1.3175231454853456e-20
2.83785697556854e-30
1.44146261048323e-26
6.507531259239192e-09
3.6124604521136235e-17
1.1746826246174054e-30
3.1848684304447865e-52
2.930433635520545e-17
1.0715918321763279e-19
2.883962807826447e-13
2.493443797096246e-15
4.3284005923267086e-18
4.336783225927268e-17
9.338390115841178e-10
6.01345888149786e-10
7.283873213143107e-10
2.6434558451787667e-15
2.1381390751101406e-15
3.0032517447707254e-19
1.3644819433972626e-25
8.171801998109716e-23
1.3944119608375164e-22
7.069129266415427e-25
5.874646446569119e-18
9.079948549467718e-08
3.760007403963621e-21
5.247205638333339e-21
5.056828090188354e-07
7.555522855363911e-11
1.852011776099813e-15
7.349503307148304e-15
3.7056659433492185e-29
2.0878274793717584e-20
2.2290670376956326e-33
5.38392590074879e-16
5.592607443008172e-23
3.094268451888071e-26
1.0683849273065117e-27
3.072704118359903e-15
7.756416033003045e-20
6.993238976098666e-15
8.004757632008773e-36
4.772436405964941e-16
2.5154227020482627e-18
8.793417482761159e-27
4.116677847386783e-37
1.4793029823971142e-21
1.3774020488637265e-27
7.653437007346075e-22
1.6078756853805398e-27
1.1525902667324622e-25
1.0276803953403038e-18
3.3399606964657056e-16
3.2492985166639127e-16
2.1681581159360016e-24
1.391083840660745e-20
4.587251067914818e-24
7.728073756309212e-27
1.130635410162407e-19
1.5166154390861498e-24
1.9984925268870314e-40
2.111553483385377e-21
1.4581944860900207e-31
2.9424719704760696e-17
9.223310169128313e-15
7.085272550881313e-12
2.2202899369376607e-24
1.0995896553241462e-25
9.393600268163945e-35
7.439686914966672e-18
1.8389951813874593e-14
7.962014366277181e-24
5.670274264832414e-19
1.1878782244957245e-30
1.7443324529826992e-24
1.2895902066075867e-26
2.4248957041424345e-21
3.189739705590334e-25
1.0170234390444985e-26
3.781193743033426e-26
5.008285541506964e-06
7.36566932704121e-19
3.4062579868304984e-12
4.191164494363093e-25
1.184404246238704e-32
3.7318831236431164e-21
1.418221798567961e-15
7.718342064578742e-23
3.2798483266525975e-29
1.8795726654162504e-16
8.829598811604551e-21
7.520477885470174e-25
8.028569130987342e-21
4.839274718642708e-21
1.4498660477573212e-20
6.103130029914093e-26
1.9907578337552432e-26
7.739732248886314e-24
2.6382768041823042e-11
2.055138626567902e-32
6.220512614749845e-20
9.970647913958822e-09
2.9768666534263766e-17
7.931506344347477e-27
1.3918045172468698e-25
1.2202703977434826e-22
9.513288412198444e-19
5.914261905948669e-25
5.0154168334175745e-15
4.0030829070283973e-19
1.9284944470364552e-18
1.488629518642714e-20
4.4445193442365044e-23
4.106649965667109e-12
2.1572060964222652e-19
5.384267712928533e-22
1.8099099446533633e-18
7.89939994759471e-32
4.975757084935843e-20
2.387163043619326e-22
6.738896400372864e-20
3.893885434983728e-14
1.3859407063252106e-22
4.249083793854922e-18
8.640822719631308e-22
3.5125813266374775e-20
4.9418791717364026e-24
1.550688915613393e-17
1.2474977537761784e-19
5.4687663923838435e-08
1.9530065220538968e-30
3.2773461383840995e-15
3.1746875004339487e-18
3.230259926406384e-15
9.491531107542114e-12
2.378830229890687e-16
3.9335449937033996e-23
6.214019058574621e-22
3.184718140421365e-54
2.656966293297294e-25
8.127468224656183e-27
3.646613535312671e-17
1.4782967449536466e-16
8.496518359300466e-30
1.3873090595129121e-11
2.989649601527511e-08
9.77769839997378e-15
4.320256043488539e-79
1.171895589286045e-11
1.109183384731229e-36
5.0332143040401675e-21
8.884221169879228e-25
7.5652634489695245e-22
1.3977394340132777e-21
5.324357155686862e-23
1.1195456685679795e-25
9.822912978408644e-46
1.6252724315918225e-31
1.5555678656719622e-18
1.2874191619644288e-22
4.602841141024244e-28
1.659257390105739e-32
1.1628495004263644e-26
8.85150178126542e-21
6.356364059234993e-22
5.555470007546541e-30
1.948541001444291e-18
3.3629272958950862e-15
4.2138848826147345e-28
1.9659260724126773e-22
1.852577724707929e-35
1.026078627894858e-18
2.344190383261951e-60
3.7466384596111664e-12
1.8547022337699755e-23
2.9954369504376896e-13
1.158840569994407e-22
5.2759969709467374e-23
3.367512664316333e-14
4.0197976569217884e-14
1.8291349662642742e-16
1.0712977686960248e-10
8.041577132125063e-10
5.629789006442661e-21
1.3071338447925032e-38
1.5229769327589852e-17
1.7506436730292768e-23
3.8479463435850174e-21
8.45623471017126e-22
7.298588465734387e-30
8.78420843512269e-15
2.2156270985696506e-26
1.4519743811784584e-24
1.5974150613294017e-29
6.4027911085987785e-21
1.7766832400128973e-24
1.0771145607413003e-24
3.0361312420875836e-21
1.2086950517404191e-23
6.89254984386796e-26
3.6609668607100206e-27
1.2311797737061945e-24
2.016461441016935e-17
1.6030701423705603e-48
1.7030548976673296e-06
2.160897432243746e-23
9.029722301989506e-15
5.130905716533538e-24
8.192797993231286e-38
8.68351427681322e-15
1.4315787241924515e-19
2.660686962459116e-15
1.3744709362602396e-10
7.947929038645917e-20
1.1963718296913576e-12
1.0663296719351635e-24
4.225300061164009e-21
5.47118365091834e-26
8.120840137699362e-26
1.4890877921595512e-25
7.089005549328122e-21
2.2027450412939627e-36
5.1964042322649696e-21
1.0937922721440386e-18
1.2868806789407512e-21
6.546119052412388e-24
4.3311109368186324e-74
3.4527831430807726e-29
2.2646440447951365e-21
3.0767672593343263e-40
9.283513079990377e-21
2.324936258231598e-22
3.7056430675183817e-13
1.3218498696699758e-20
6.484671083687176e-22
7.912909953059495e-18
2.5178895394542577e-31
1.5165842184841528e-22
2.534639422476523e-27
2.0911201426256816e-22
1.5660512447972417e-47
1.2149619305979746e-30
4.415825348609925e-16
1.643970517015157e-20
1.545091191271781e-20
2.017564163144697e-11
1.1085523537224658e-20
5.90459840881379e-25
7.718394302758703e-07
1.4811904724489161e-27
2.532716313940933e-23
5.9147545710530456e-08
4.4277333177586175e-39
4.290095260399064e-22
6.942957747155624e-17
3.0169990239034587e-18
2.65116214352596e-16
1.1674741116143223e-25
9.011677242485989e-20
1.5733439508601664e-16
1.335090557700568e-26
4.6166745142090655e-18
1.6076085167017318e-20
1.3905752591733724e-19
2.4393975338451613e-36
3.35901228454515e-28
8.423912731660242e-32
9.999725627381847e-29
5.861090712080927e-17
8.129585291920504e-36
1.8125561260700808e-19
6.1349645760130945e-24
2.9207945589355116e-24
2.104588092113969e-24
3.8477308384643684e-17
1.2767666416675996e-33
1.4958237836013207e-24
4.658740477049587e-19
2.6774829293699498e-27
4.866306617740428e-35
3.759637409239718e-15
1.9136852840503896e-29
2.6877396840756e-19
5.4020768609353186e-36
4.279144042803226e-26
2.3215178596518146e-23
1.3505497558041558e-23
2.986760423298309e-29
9.71863852558294e-30
8.492366675389504e-27
1.3240990042957277e-18
8.636124056089019e-15
5.054313268960234e-35
6.550706365327944e-33
3.0154008800540415e-32
4.5404926628078184e-23
2.1735379302832193e-23
1.2711576813122485e-13
4.855972656708087e-21
3.732839012601963e-33
8.016844218212137e-19
2.112647966190091e-17
6.234695730592819e-25
1.9676260569468367e-18
3.556834617580921e-26
1.0244595848797126e-11
2.135955028756467e-08
6.0990822733992804e-27
4.3234015781920565e-23
2.9752217735439605e-21
5.968587951935683e-37
4.360952475409314e-22
1.470059307718031e-16
4.837267205515527e-19
1.3057926197831052e-18
5.2098168369948025e-28
1.9935292424554597e-27
5.140220536540753e-18
3.947242700251463e-14
1.789514871229352e-16
1.2099207770642152e-65
1.7645212906950703e-37
4.508917956171849e-21
1.4838246715511581e-24
2.9898949086084806e-07
9.05419694716787e-11
4.343158945950446e-37
6.349300989306449e-34
1.949088778687872e-15
2.4897995000162804e-20
1.3563429109263688e-17
2.385476392419793e-15
4.323061839615999e-18
4.987655021113748e-26
5.534228961060375e-21
1.6874770289316274e-27
8.031244669075753e-19
1.975177582854434e-22
3.3202216365705418e-34
5.0958333866811205e-37
2.895566497302722e-41
2.761191441186607e-19
1.3369795834655837e-15
4.488445942799893e-36
8.949852260260208e-26
4.821815650994803e-41
7.19057642803176e-30
1.2503473315001477e-07
1.9352548457493718e-22
5.60220580985846e-32
1.3702613614380805e-15
2.1895585723644093e-15
9.19491663243985e-22
3.6185504112404713e-19
4.467588130076543e-42
8.108343286261328e-25
1.4364437648264512e-17
1.6420730042550784e-46
3.4849602684330365e-22
2.8779928179521286e-24
7.184929260014272e-08
2.510228894685494e-10
1.6298956646563198e-23
5.662088673121758e-19
5.779127626836147e-26
8.308420428245132e-23
1.3509022678149212e-62
9.776507744707141e-14
2.2423849352711765e-16
7.584775724661902e-23
1.3650951735960573e-21
6.235149951632185e-32
1.950526606141702e-24
2.7551929401964352e-31
2.0932265583605408e-24
3.001717725390051e-32
2.156343696583406e-26
9.143798505022714e-13
6.3802391531393776e-27
8.707252147257971e-25
3.3159431669635275e-41
1.3646725179671493e-27
1.0220411591239691e-21
9.788449033109134e-29
1.4495170347372188e-34
5.728776354627936e-33
1.0433269993009233e-24
5.728705727348259e-17
8.277634178173372e-13
8.533917389293139e-32
1.917353160192769e-39
1.5696340717625553e-21
3.565566420203246e-24
1.4019226505302206e-23
4.959659789571304e-21
1.6588944938366333e-22
1.9915540753148786e-30
3.609806576911338e-17
2.587757154074999e-10
2.1907182487448626e-28
3.0084462702073815e-20
9.15409549851222e-24
7.219193151759554e-23
3.139449251277191e-29
1.1062532951175085e-23
8.30126153599437e-25
2.9857153255854953e-13
1.324751750829012e-12
1.187161862113528e-22
1.9251720968462896e-40
3.4941404531024306e-17
3.6495739005725934e-32
1.393541945239886e-17
4.615727764164522e-31
1.252601147951238e-24
2.026054518843876e-34
4.10193371766156e-16
1.779339054567606e-17
1.9022889653789422e-14
2.533084287029351e-16
3.2772685505927717e-26
3.8971491826096176e-35
8.970484133090305e-30
2.4826361291345264e-37
6.173278718509401e-26
1.9003299034717397e-46
4.3348637166766325e-13
1.068650822199446e-18
4.8533440718178326e-30
2.535868905563939e-49
7.228180067339099e-13
4.3784033720899295e-27
9.532312752083451e-26
7.647333085457804e-16
3.5851847199440603e-22
4.783084759824409e-19
9.857469269642322e-14
2.0754172973812315e-35
2.8141469328749097e-25
1.319109399741959e-40
6.346209489578639e-32
4.128950373061892e-21
1.2596606609512425e-24
3.402988741970377e-21
1.2551051536171858e-18
4.6241917821215093e-26
2.2435732413669414e-31
4.0061973433025655e-22
1.4977206311812403e-25
4.64304822178813e-39
1.0629603489520306e-15
2.75644032854431e-25
1.210794125185086e-18
8.098888565308589e-21
8.844573784709915e-20
1.9206652731622898e-31
3.0882038244669867e-24
1.9568133642372753e-18
8.845110860400525e-23
1.4545148858235742e-25
1.339609896389843e-26
4.970000366237277e-23
5.832259483291496e-29
8.781232208782416e-28
3.1279580183254165e-21
1.4548658122315959e-24
1.711310827107376e-23
2.8424861868696606e-22
1.3322802172846646e-15
7.732722998627709e-28
5.138553882475449e-18
1.0166715397531097e-15
6.0595355288127575e-21
1.3876271721974356e-18
5.309198250433525e-21
1.089438732309795e-19
6.286058434187195e-17
4.210596965078594e-21
8.919710436411308e-32
2.324411141144772e-28
1.6370905104802545e-23
2.9783205874173416e-26
2.093839534789447e-22
1.4387279371210417e-14
7.730817042544648e-08
2.2678506741682335e-19
1.4718250176261697e-18
2.8975284271999247e-24
1.6725474426481514e-22
4.887478810390376e-13
1.1885339663526753e-25
7.102237258284097e-27
6.12909998833952e-34
3.796278219953767e-20
3.136849719447392e-09
6.837558782070775e-18
3.348531669650825e-16
1.3575944773837472e-09
1.7952334871846706e-30
7.715454418132544e-32
2.4064239433074295e-17
1.7071772649961982e-26
1.099694328218972e-19
3.2982192594798364e-24
7.557156292740519e-11
6.500190796419166e-32
8.498361340122019e-14
1.2418343250344506e-22
1.2821588057901759e-19
1.0154133452788746e-17
9.382743631132708e-19
5.574243518348094e-13
1.3619635159895952e-19
1.9722040133353368e-20
1.1993499554764267e-35
8.957977680156323e-22
4.64358661841432e-20
7.313878797640485e-17
4.124345030159519e-23
1.734933625588173e-28
1.97309890859304e-16
3.473296517881269e-26
2.146645836515002e-24
2.930737888779568e-29
5.921422414494843e-23
1.1001676715588767e-14
6.243748231654095e-10
3.2763522372452965e-22
1.3299910016994036e-12
4.306176363356141e-32
4.502818935474079e-30
6.723902931087888e-27
2.257823500084661e-19
7.407636823860783e-24
8.474219133266383e-28
4.424121415799264e-19
4.638767233837543e-28
1.6090757639821768e-20
1.1119849547185327e-08
3.7127984736600246e-56
1.5095562117163123e-40
5.217096922988228e-32
1.5830362349728663e-18
4.981319033768832e-28
2.5182694223913108e-18
2.9915067174097964e-72
3.6616124035201063e-19
3.6303177603336146e-23
9.419573140903272e-34
1.2034868325759455e-20
3.40447881595244e-36
3.995660958398784e-21
8.564267399776076e-23
1.9132756589190641e-34
1.3099816023258493e-16
1.5335519150452897e-26
7.330176219550505e-14
5.6068116946046205e-22
3.412242264970625e-21
2.8950379935426893e-15
1.112159690608608e-26
6.793209058881765e-25
5.863018076713067e-52
8.767006508963716e-10
6.2097670641929255e-09
1.4809933418905718e-09
7.864660818056189e-29
9.821151767725752e-22
2.0666873702711112e-29
7.003496934922396e-33
4.1408079073718645e-21
1.0326569121964393e-11
1.096600142686005e-24
2.656511956039572e-38
8.99990257526783e-65
1.535108425261583e-28
1.0844734591064998e-24
3.787183992223867e-26
4.318231127569793e-24
2.6353133947363345e-20
4.3757801033996284e-31
7.345095943902771e-24
2.7838533679667793e-21
1.0272288606980309e-25
5.567028450179094e-17
6.957115287290635e-27
9.488375080116086e-26
6.0787274419171e-25
2.311456989439337e-22
1.3952680641682854e-22
4.8393097416995404e-32
1.9961765308268622e-60
5.969381794776337e-18
6.228939938776896e-12
4.6381906954777846e-14
4.4142329623868434e-17
4.877888720209906e-38
4.1434459072201313e-17
2.1728223575827385e-07
6.3581282577943515e-12
8.095028681969852e-23
2.0451800534922196e-19
1.8388868379576307e-22
7.680534916415164e-09
1.5772452253075948e-21
6.860541417270498e-08
3.0456130891572755e-25
8.903371128827305e-12
3.1676950809693476e-13
1.6893050530439876e-22
5.1616409590316344e-15
3.355101028900617e-08
3.844530453332631e-17
4.0690469590121396e-21
3.736993765156583e-23
9.97837481729015e-12
5.2989895827736013e-17
5.108137775010782e-19
2.251112393450888e-26
7.047518480493616e-25
2.3098669186997425e-19
6.979288104736764e-09
6.861355514950933e-23
2.074571186903623e-15
1.1121511072191857e-17
5.362795055328401e-45
3.0425316261651976e-21
1.7037137368914653e-23
1.5947265967007677e-36
6.187212966451225e-26
3.6199159096533545e-32
2.1512549861505446e-35
1.8369693112469573e-26
6.11586802589248e-23
6.03856881698379e-46
4.856027823783065e-24
7.01242344449614e-38
2.0955620583238097e-21
1.0500088245797533e-20
1.5225668080662898e-24
1.4686794101987243e-32
2.0540148421110292e-22
3.5362231821986485e-21
1.1396036151298353e-24
1.4042780334298013e-15
5.904982501830078e-29
6.867465284442911e-31
4.670470996711084e-21
1.231672617067711e-09
6.727724482373617e-39
3.907543137547815e-24
1.7803546693282804e-18
6.738143299170728e-26
5.3757217603346585e-21
2.3923406157607963e-20
2.6284523397531443e-30
9.499908604273718e-31
1.4027365996717507e-13
6.146716802618669e-25
1.4868498142709747e-12
1.208341305892961e-27
3.915288868990495e-30
3.613811306236945e-21
1.8558059335111518e-28
4.73007479172865e-22
8.103334542568286e-23
2.3454734762490994e-12
5.588173636539404e-22
5.003621585252751e-14
1.475512814227915e-25
3.513464823351897e-23
4.846233350033107e-18
2.670803385829096e-25
5.02556765076039e-17
1.5749888707043362e-20
9.777003055555629e-26
3.1689533219691847e-31
7.56823100648696e-10
1.901289401242601e-15
1.0875060487096846e-22
4.298825425899523e-24
2.6898658695348475e-28
1.3595173493941338e-17
8.088996755568916e-27
1.4736554056713686e-28
3.0329785180436814e-14
1.587218325541945e-25
4.664804016492966e-29
1.192709381796808e-18
1.2015124798796128e-26
3.9777945951512123e-26
4.246102734915264e-15
1.416040146973712e-28
1.519012048373805e-20
1.1324820702205932e-23
1.5534067095569118e-27
2.4188756737001745e-26
1.1775827467469863e-36
8.501686541703647e-10
2.403330520825204e-25
2.8924604585849886e-15
3.867982326482385e-22
2.5555122657338524e-20
7.314736866969985e-19
4.342423759615718e-22
1.0066916284341721e-29
1.7128259803118593e-30
8.98530205886965e-19
1.1540762778280926e-21
1.1011685163856886e-30
4.240450374905636e-21
7.524496595834985e-29
3.980138811130186e-17
6.274908729039895e-20
1.1261917141517439e-07
1.4058878106540294e-29
5.795379847558767e-21
4.9848404296712255e-26
9.776163260964674e-13
8.953267448066656e-17
1.2932877942672585e-06
3.47291689125063e-24
1.321286696620092e-35
1.6238684773170357e-34
5.67982389597374e-22
6.6811017021866855e-28
3.651466214990821e-16
1.6263296739306262e-21
1.596882635053896e-35
1.6351846941410512e-26
2.946283695457358e-24
2.50015809541684e-23
7.529387073951898e-29
4.6594067300260306e-11
4.1496551969752094e-13
6.817174139951356e-38
6.795624037542426e-27
3.045654509176901e-17
2.306161828864621e-24
1.1807515724829998e-07
2.8639152970763e-27
6.867764358983996e-15
6.965342127655721e-22
1.2758660829865925e-49
5.124247247650134e-19
2.398696902851607e-27
2.1786750910424695e-28
2.5389383064658894e-24
5.943596352688556e-17
3.578987010956993e-26
3.0522048212515213e-21
6.820075554712775e-52
1.4957779325255329e-15
6.69422201470081e-22
6.032585823603822e-10
1.4192509233283704e-19
1.3687454687629787e-32
9.048181579441608e-25
4.719181222910281e-35
1.725030635971668e-34
5.41282240641932e-17
7.386188224070937e-45
1.0511412981714863e-30
3.4383595926385333e-25
6.049630207622352e-15
3.8027213629452e-08
4.513744285226739e-12
2.43064240827662e-26
1.3137704200351339e-24
1.5129278609289421e-16
1.1682889809765161e-21
3.1381916557290608e-65
1.0563874626142864e-18
2.295876765232967e-20
1.5503934117208721e-25
1.3336630509384046e-15
3.823157142310653e-15
1.229928723761248e-18
3.814527989689236e-41
7.64970945184584e-20
5.6626166004140244e-08
1.0669089671974307e-18
1.478320221078517e-18
5.603226781020073e-28
7.60949259691316e-21
2.5706686307206834e-21
5.252897702473999e-22
1.811845481816247e-29
6.093990085928715e-19
3.0373292087163633e-27
6.064063655293311e-14
5.369372821804731e-17
3.7505582256642434e-16
1.0866365843607237e-26
2.636153659281253e-10
9.622872177711689e-20
5.306204609290063e-25
5.5054196031918254e-40
9.903643741596503e-16
1.399018082567755e-19
3.922769903396805e-17
9.492536459052271e-21
2.27014347789865e-06
1.4252760373579183e-18
3.253778315417101e-27
3.6905368149406e-21
7.355378788064456e-24
4.4428406959271614e-10
4.093421668614874e-21
3.674418281425706e-19
2.6605628697620777e-18
3.07544612858214e-23
2.8680724906998993e-18
1.2066409798152227e-24
3.64556312644024e-20
3.14008871895035e-23
2.848526423725073e-23
2.6066158962850647e-31
1.281528568102093e-28
1.2016386109352632e-33
1.3802889706884174e-30
3.007948765635192e-23
4.789078672341678e-27
2.1518234300111532e-13
2.7436508090569146e-18
3.29521367184185e-22
1.497768868120822e-35
3.52607764179569e-34
3.81634712762399e-10
6.806748889450393e-19
6.666682731976953e-13
1.5915020991863881e-13
3.595688455197693e-19
5.039264226421408e-17
3.0235817339654427e-33
1.1970836968703952e-10
3.846313076123974e-33
1.3127615064006861e-14
2.0832918080990214e-12
2.935731728565088e-28
6.139932107478984e-19
1.6643627284952504e-15
9.38932817269227e-16
8.960700786879949e-30
6.063844324684509e-12
1.9625905723169475e-12
3.5961248531832764e-31
2.5747813502591836e-16
8.798928378177221e-26
4.767834394727957e-21
3.5007348981219114e-25
7.512582057444151e-24
6.380771614362462e-41
2.835599397292778e-67
3.8286103428606724e-35
2.200286892810568e-19
5.19866546974237e-27
3.0132507692035883e-24
2.84314695895202e-07
9.34581139572368e-13
1.3137865111868647e-13
4.344289650519455e-26
5.045058824387918e-24
1.1094360210744043e-08
8.637851439019307e-18
2.4157676198309552e-29
3.7705013861191314e-43
6.767777036709485e-28
1.3798580815304935e-22
1.5302565933927689e-10
5.235335850940186e-42
3.3703408669948153e-23
3.929807494470485e-25
2.774402525996107e-35
6.981632282672794e-27
1.036549267866349e-22
8.578148044080192e-21
7.720341260900757e-26
5.284805975043767e-14
5.922280196300264e-17
2.4663154613804157e-17
4.39405427677685e-27
2.7668692484749053e-19
7.184381232383247e-20
1.6528385695523066e-29
3.7150774460455894e-09
6.113570620491278e-10
3.2787844000200803e-25
1.0454525053257516e-14
6.681222494140256e-18
3.7211527956662657e-19
3.3224863108694336e-11
5.448765193559105e-40
1.8952678910486967e-10
6.745009737396923e-24
6.997614895528672e-29
1.3020898819794812e-16
2.500053264708045e-31
7.023974968685529e-27
2.7727969386061265e-18
1.605046538764624e-24
3.5908763409916645e-29
1.831540184371144e-25
9.052369678355659e-28
6.233103103449473e-19
9.871881391778711e-27
2.353143731960961e-12
2.906649588172427e-18
2.775310515309121e-35
2.3619539406680635e-23
2.782801585281669e-31
1.2178581877781604e-23
6.996902585201908e-25
3.534661385223292e-30
7.183547732159427e-34
3.353151992365565e-20
9.162190610100005e-20
5.397430043495639e-17
8.127306223134557e-30
4.525913351617172e-19
9.767499099263735e-19
1.3389564885594375e-35
9.857816782398708e-23
2.606023388198798e-31
1.397150279352093e-19
1.0495727603394523e-25
1.2168731714821825e-25
1.349137389740794e-22
6.652698232156759e-27
3.468114945873709e-18
1.5318502151972689e-26
6.751128672948346e-23
9.34618559638245e-24
3.3207087098472284e-29
1.1190030718201194e-18
1.9342811934525875e-24
1.1984027008015921e-47
2.186413038564404e-35
1.8794670569972192e-14
6.285971383198815e-10
7.979271274660211e-28
4.3544797565833706e-18
1.241595578442177e-41
4.454020258474684e-30
2.857897825854999e-20
8.038462548996958e-24
3.9902690700886244e-23
1.7665129658048385e-32
6.434665923377324e-39
1.8235056337384425e-24
1.8579395891521106e-25
1.704468041873254e-69
1.4001494996456908e-32
4.13902065520342e-18
3.703165658280866e-24
2.5189038194081307e-18
1.3279810488768152e-17
1.0821103668944536e-27
1.595582268610208e-29
1.6648664638681991e-19
4.171788359579363e-23
3.0614520895762507e-20
7.965835861483039e-19
1.7630600407352125e-23
3.920862782469216e-21
8.522508481617593e-22
4.681947811283558e-21
8.233074677826734e-21
4.431697219205358e-25
2.164365313662846e-21
3.126898040697457e-21
3.486857430057294e-35
3.152305961353728e-19
1.3047558043766333e-21
2.1017664840423916e-20
7.417451772369173e-21
1.2135812021314088e-27
1.7177818222940949e-25
6.594342948004556e-13
2.2626526882424995e-23
5.4639750879380366e-30
8.546096602023824e-20
4.1256771490076957e-16
3.406417391256693e-16
4.274889914070095e-20
6.279772379476014e-25
3.420298792965582e-22
2.0030774721069793e-09
1.4239799787507884e-18
5.885226465056261e-33
6.539689853512659e-26
2.2927414162042664e-11
5.184365174217064e-23
5.949371721624938e-32
6.496428530160488e-18
4.691230042824571e-52
8.588814014500538e-31
2.4351132817536378e-58
1.365553105599404e-18
5.632478371677014e-28
1.0716715146390944e-40
2.3969491018888868e-23
4.048192923305803e-22
1.0067414715179397e-30
9.020126745844591e-29
4.222810297934896e-27
2.725251003704746e-26
3.8886631160450504e-24
1.8586008641276556e-20
1.2757531878722334e-18
1.3979012342011857e-20
1.9061883618495825e-21
1.7271039374233525e-29
2.923593736283481e-24
7.878565096037444e-23
2.9472157431347414e-23
8.15100120088803e-22
3.689315795338229e-24
7.729568401781254e-12
2.8808397949216754e-18
2.3918417489522217e-34
4.0375340827920977e-11
8.529066569643603e-28
3.240005286674275e-23
9.459017511179058e-08
3.999717876076418e-23
1.0755786236826507e-11
5.161789243542908e-20
3.4660736661779358e-40
5.616113473620332e-06
2.263273690049399e-07
9.597948620092107e-16
3.006600835043842e-17
2.302176038341913e-25
1.3437065290432511e-19
3.588680372197311e-18
5.310135580661214e-29
2.2628403795886722e-29
9.491400638868685e-20
7.111575202334375e-34
5.890456703814473e-17
1.1894770193911319e-24
1.883017954185793e-24
3.3084129486816767e-10
3.5061103004026674e-24
2.386344794660524e-18
4.503749507376638e-20
6.416990721122226e-26
3.4244901755076008e-18
2.4938506611151183e-17
1.6876682466606496e-14
5.106851061046326e-21
1.322245781038456e-18
9.817464926880049e-28
1.604200014273282e-29
9.809343358418086e-24
4.477918703358071e-24
1.2592388788915008e-10
5.036543084054927e-16
3.57191171489424e-17
2.586423462409069e-19
1.619106672425305e-25
3.107127305130192e-10
2.924662231615623e-18
2.117609362747248e-22
8.451428862519606e-28
4.04183432025734e-23
3.334793166107364e-20
2.0543762487362324e-13
7.841289359529511e-42
7.227634067992765e-20
4.516983499919386e-14
1.8627642373682134e-23
3.67721112130578e-16
3.134950114839302e-34
1.2626637176782704e-31
3.300591100560204e-17
1.1031446371983804e-42
1.3608359071052162e-21
4.245976352182928e-16
5.224918405263689e-21
5.131185062812088e-36
6.772559820406646e-26
9.295096724852106e-29
1.2334020109643164e-29
4.581285376312681e-35
1.054929862333394e-26
3.6413734786131497e-17
2.985644724354119e-14
4.768317681346225e-16
7.872476251541961e-21
1.1464830765165235e-08
1.4318917399492997e-25
4.9358428485312186e-11
2.4024258284106234e-15
7.077081626215101e-17
6.741292019815693e-19
5.3075426428969e-23
1.6882052630599007e-27
4.587513156799326e-17
2.9969542406505955e-21
3.1335015658827134e-30
3.469626041478578e-24
9.234814482305571e-17
6.394423347102604e-22
2.700341720208084e-26
9.075546854500622e-28
1.5078564607110938e-27
1.0291445961412256e-29
2.7104685715934346e-40
1.4633984878167334e-18
5.862634749085119e-16
1.2241342359946086e-43
1.150613647325651e-25
5.454717048646554e-34
6.266974858621468e-25
1.266833127956002e-13
2.67667205967535e-18
1.910169039142832e-21
9.913979149552037e-23
4.519969195095939e-21
6.106420142648812e-28
2.0908558902423745e-21
7.397301647108376e-26
3.399623672930375e-22
1.5302529542349909e-06
3.5247551002034404e-29
5.82428502688424e-19
4.3760920683017036e-17
8.956093211135642e-25
1.6398414114583815e-29
2.83493839686081e-17
9.296126919699609e-29
7.640300604737839e-31
5.53449252165421e-31
7.263952042489187e-26
1.8747520931215048e-30
7.248832097312062e-18
1.1142428711492031e-35
9.174466947117116e-35
4.1935491882909143e-29
2.4536593666782543e-33
1.9571945091144625e-14
1.358247700185991e-20
7.180309591648245e-26
1.0549456108881317e-24
1.0009588100621519e-32
5.118376245057071e-26
2.2486586314773076e-28
3.983307133500242e-26
1.866345999706734e-19
5.984982808093705e-17
1.653018999959511e-33
1.1538884553883167e-27
3.4965834532228046e-22
1.0296467755617654e-19
2.5223875827332226e-34
7.640069253007644e-36
9.37001163980058e-11
8.702284966969575e-20
4.2196738911883165e-25
4.380869293919819e-28
1.2553201792142608e-26
7.920906133940781e-29
8.928339964871727e-25
4.631869889567228e-18
2.6123054374714134e-26
1.040834845204331e-27
1.7398568228504344e-28
1.3570210089802376e-27
1.2034831190597603e-21
5.014556400449695e-42
2.200806715074939e-28
1.291402391769882e-25
1.2837401601081345e-16
1.5887296278534973e-37
1.0157879230060807e-13
4.07794245129498e-34
1.6894096309137305e-21
7.360722073450795e-34
1.8600277338664154e-17
4.005679294862531e-29
1.3454910620700584e-22
2.1206735663116075e-26
3.9819745171982133e-19
4.48482802540914e-21
1.8080836962038514e-09
5.119783686504282e-37
1.6243178764475617e-17
5.065400420888947e-24
2.5253167895456154e-17
3.853210453223733e-15
9.98608877483248e-18
1.1626023330462144e-20
1.3197439709558115e-11
1.9690349872624783e-27
2.3323788498547942e-14
1.008795951697408e-14
7.702514425941385e-20
1.1455101751263557e-20
7.491838583488418e-31
2.4533047393607826e-25
1.0060558818511844e-07
2.6590744242003207e-16
4.1053463708300703e-25
2.389492536789776e-16
4.191914493686919e-22
1.2238184543505245e-17
1.7221407932896404e-15
2.874143996316083e-11
2.8036241831250464e-23
8.805431680540858e-40
2.362445338394239e-20
9.804856854537351e-23
2.0483324108962088e-20
2.5169628146562594e-23
3.021158040324441e-27
1.9208682232131253e-21
1.0271896731285021e-23
5.78060324815444e-20
3.810065237538799e-15
5.60377875768747e-36
1.5694365446490404e-14
2.606076102801752e-20
2.2109629058569244e-20
3.614483250669086e-27
1.9641999824022355e-21
2.8915694441802728e-18
1.442601340708654e-20
2.112718906700781e-17
2.2429051805407165e-09
1.503241967731441e-23
2.341187542276949e-27
2.270573386476409e-28
3.11574388217031e-19
3.2021206799910967e-19
3.6152195746573657e-23
1.2213908746150566e-25
1.2229976136542786e-30
1.1335434039859456e-22
1.589403637723208e-20
2.6858584540245766e-22
6.164040100417489e-32
9.48230698440513e-23
4.175916553290622e-74
3.007285452199963e-26
3.647347270455947e-21
1.978629058903861e-23
3.053657861443609e-20
2.2664933858443942e-33
1.6426347820722948e-13
1.481445427530494e-35
2.6721573486732105e-24
1.2951833626522122e-29
2.2790776870993305e-27
5.921290609940964e-56
2.5799323195684696e-20
1.673262065777839e-14
8.389056409795234e-25
5.558769348935493e-25
1.502399731376365e-20
5.7140693601979e-13
4.34622860445697e-29
9.6536624113175e-24
4.360991323316271e-26
2.8648066447083673e-24
2.4567134009590026e-38
7.207175522294152e-20
1.5959062291490491e-21
2.1195940842956115e-28
2.793989005620573e-17
1.4121752030283106e-21
5.849386666862406e-30
2.0862942673670082e-36
1.436172313287199e-27
2.0341071763922303e-43
8.587186597453765e-32
2.770481699470319e-35
1.6340644129581098e-24
3.5026941963708875e-09
5.4606629121268254e-24
3.3141216862111893e-22
2.0885234145507282e-21
2.3182898389918718e-17
7.478876682473682e-27
7.186834680231615e-21
1.0188184896659834e-16
3.75562297040575e-31
5.66417841960793e-20
2.9598353434238055e-07
2.577393587264181e-30
3.0620663217403935e-19
5.609023764538646e-18
1.4223223386539767e-13
1.1986223296190513e-37
5.825252091656952e-19
1.576733168109233e-26
8.866307256107863e-23
4.6481202843386374e-17
2.4954059862252154e-21
2.359781221191535e-19
2.3412246805408953e-24
2.4799721726104267e-18
1.450064089928686e-20
3.3541562755477227e-16
5.618050993750042e-23
2.7206429539757375e-25
1.4621765849219343e-22
3.763274964633168e-25
1.1775512767274442e-46
1.5518839644042315e-35
8.381017633650378e-40
8.9674248108233e-25
2.06486152585359e-19
1.057378609254569e-34
5.614213024421714e-09
1.309006988225002e-24
3.402607810887764e-21
3.8699620784789226e-20
7.825995699459921e-23
7.644274557822603e-12
1.90495078946369e-24
5.117033034733315e-31
2.0596701288672147e-20
1.4447696842481756e-17
1.289220924628132e-29
2.0678861537583764e-30
1.8640667213350198e-27
3.794573987709541e-21
1.2885781480566127e-19
5.672317755999036e-33
1.0299216947613055e-35
4.177331186045837e-26
8.610176388972014e-26
1.9404696719037168e-24
1.9881983050031867e-09
4.285709005315485e-19
6.381142782928603e-19
1.78385266491778e-19
9.839236241148837e-24
3.9645018674050575e-24
5.327202836144403e-09
1.3041621113089713e-07
3.5924308532336846e-17
7.941731108360413e-24
7.280400145965877e-28
1.0760413695398743e-27
3.0211953561004433e-23
3.2435352969726716e-27
1.7204052801545494e-15
1.0408079176567225e-22
3.4669389500116218e-25
1.6119614980049314e-27
1.8783616122836093e-23
1.2643730921164385e-27
8.944084759157828e-19
2.3855841560110665e-20
1.3884081079664498e-20
4.954323703139071e-31
2.329133950487056e-19
3.621401715778197e-30
9.29981906629364e-08
2.6593478399265144e-16
4.712152442238505e-25
8.456537016079535e-12
3.9745458511327556e-27
4.881877289592323e-39
6.351208657287007e-27
1.2119881300573948e-17
5.996541105249083e-33
2.557845187421839e-27
4.8285882720691145e-20
6.013452535665564e-22
6.934023480276531e-11
1.5995292172126637e-16
6.37363209101287e-27
5.320053677202122e-11
2.8282605358070232e-27
3.988836855404686e-19
4.6447987447579395e-18
8.077321042946504e-21
8.086654879139459e-10
7.968864960496566e-09
6.080473649343219e-20
1.3282001528855098e-34
3.9316513125066096e-25
5.798677733398525e-21
3.869470250536402e-16
3.3572330364711902e-28
7.9743947849108165e-25
2.447242286109364e-23
4.0408380120503283e-32
4.0339438568816437e-28
1.6698003163764064e-22
3.5172700302680256e-21
6.506124056970757e-17
3.234895251834614e-41
8.022237773373572e-29
1.1039727954553495e-16
9.353128408280636e-25
8.55046643706751e-11
1.2289977404718676e-16
4.512171366547782e-24
2.2251649622225854e-26
2.602439911726107e-53
2.3802394380388262e-15
5.007362014419687e-25
8.028263514896906e-26
2.1183153341690385e-08
8.933573630386026e-23
9.396681251945233e-25
9.688083160994393e-13
2.668417207296728e-21
1.684483539732168e-22
1.8308656249950388e-28
6.505979878506454e-20
1.4954790330685244e-11
1.5372057030790512e-12
1.292670457812709e-20
1.8288006989727043e-23
1.0056176934163928e-49
1.505515792111474e-17
3.837293130336594e-24
3.963186732942624e-35
7.754542169527562e-16
3.1645807633639295e-20
1.577465125202739e-25
8.940911383669867e-38
1.3871392508599755e-28
1.3853311451389923e-15
2.2014939372092104e-24
6.122248987024542e-13
2.7339678003301287e-19
5.232713081269325e-20
8.695631735794427e-25
7.525937478427244e-19
1.5949694832842023e-24
8.466773681620291e-38
1.0320423335124834e-28
2.998092290789009e-14
1.6989480213921884e-21
1.2189742571605016e-26
1.5033232053584006e-46
4.525727935113969e-24
5.353633694486279e-29
2.5838807515078807e-21
3.539179309230147e-18
2.558831228544609e-18
1.0344410237320004e-14
3.1190623094589626e-18
9.04212367322151e-35
1.5328079423554695e-19
5.706355589830564e-16
7.100970571664584e-23
5.926466864160513e-19
2.0072975702552984e-30
1.7243112431188868e-11
4.229825192905382e-25
1.4339553386865895e-14
2.417438043120233e-21
5.587642442923767e-07
6.982717811648733e-22
7.861281529079366e-27
8.737558074539989e-22
3.8437419915328824e-22
1.260990907241783e-16
1.2128075771808996e-20
4.0245342153675725e-24
5.148615255110988e-24
1.240244800879783e-28
5.031644277066012e-15
1.0836093800512561e-28
3.0015003256578065e-16
2.319245849485083e-21
1.0986352619788562e-17
4.6308848779650277e-29
1.037564526316337e-36
2.623421104686101e-24
3.227141922237515e-24
1.3865653679623602e-27
1.5619945413863865e-13
1.6957127785298922e-30
1.8034614043592416e-20
2.2613989298287594e-21
1.0203851029354416e-27
2.730677287666318e-29
1.6458591288918874e-27
2.149065719725047e-14
2.997903678750284e-29
1.6783956392041024e-19
1.4637815557090173e-47
1.7822602634340034e-11
6.79918912318268e-24
7.753444912489098e-13
1.761735056552713e-18
7.08868797863997e-19
2.0674168579712175e-21
1.582203215703951e-17
1.0006357217875773e-21
1.1720533220726432e-18
4.252990100634072e-15
6.144017676643627e-22
1.800179045753217e-23
7.87697698131795e-15
5.019277359349271e-16
1.1811335943849124e-36
4.365889338251336e-15
3.520224462113838e-26
1.2437109408122196e-21
1.828486192677442e-16
1.3602585808158495e-22
1.442983039655954e-31
7.909367860288655e-24
4.016289922405153e-16
1.7354344202217042e-28
2.604295220894454e-37
4.883249242710541e-21
4.7493471077639496e-20
4.4412621486102545e-35
2.5712632431175778e-30
8.523561382057385e-24
9.03185655368529e-34
3.6260392077450455e-21
6.656887603201102e-14
1.4315172957141036e-25
1.3432739776665612e-12
9.184213586440144e-28
8.559747136341286e-14
2.2455123118682856e-16
2.7850304512193943e-05
1.2172553179058898e-28
8.125566555661239e-13
8.006395943946954e-23
1.1247572847677207e-15
1.9114705814089225e-25
5.352108384651141e-23
1.0922923040245341e-51
1.9337953174976885e-34
1.5274449893153738e-19
1.5895118787155282e-32
1.5423157179446048e-26
4.3477026250705316e-23
2.8246338800668016e-31
6.329307319305763e-24
1.7791677316767153e-17
1.794315123006733e-10
1.1177428136671914e-14
2.0018521984493395e-17
5.18571330535209e-20
1.764582152572418e-22
1.62718343428173e-26
4.146374388653874e-20
2.2827801190939762e-23
2.302156452046018e-27
4.695763820172302e-24
1.4714918784830651e-22
5.473314491723724e-22
2.0351992999030903e-19
1.3923561888688302e-17
6.797210976324633e-11
1.901644398990265e-20
2.568835266563442e-29
6.974546202271632e-30
1.9629341357369716e-27
1.4143973261618943e-21
2.3287211622774604e-21
1.0468108491946375e-10
1.2387440187695658e-17
1.2417056323019383e-22
9.639008941527036e-22
2.4910177092540154e-07
1.1048400384648391e-21
6.151055496913748e-15
4.6576947899499224e-18
3.267509540010881e-19
1.700246321350712e-21
1.4379904110488056e-18
3.494576698578979e-18
1.5386209126896215e-20
8.397518741625362e-33
1.2066384735285174e-13
8.638840584649088e-17
1.797913188208234e-11
4.52741570802867e-21
1.7396172371248767e-26
1.1906238641108027e-28
2.5719829325198023e-25
1.992332790339131e-12
5.477757959900329e-18
4.806252913639623e-24
7.036409623170864e-25
3.132413871712615e-31
1.2151406885715203e-18
6.326027362240486e-18
5.957854568555511e-12
7.68489819231995e-31
1.43223516708664e-20
7.112233612716819e-42
1.887305796737324e-25
1.5699285396117953e-17
9.836395907355051e-34
1.2213994139947668e-18
1.4784340846120697e-29
1.089528231978465e-34
5.419156526659669e-22
4.790781097994033e-11
1.3096086286122068e-15
1.252652957871789e-18
6.798851227450471e-12
1.656439276938815e-33
1.447887593777067e-19
1.0448321399329995e-22
2.57283361132323e-13
2.07986762372143e-25
4.247081818483705e-31
1.7865721462074897e-30
9.750779024916353e-20
2.977951830948347e-16
7.853157778398394e-32
2.6166586216366404e-24
2.0331219732471194e-09
5.1606105028980526e-26
1.6510064413100382e-22
2.8040025324730726e-08
2.7762353994142122e-22
2.0732384319104513e-21
6.543238602740622e-29
2.1505821475914793e-31
2.237984470616365e-16
3.010608027394412e-23
2.711261058808459e-25
7.994297850758481e-23
2.9967946739652593e-21
2.4760719985713803e-18
1.2035189181688963e-13
7.648933267042633e-28
3.684165438882147e-17
1.7352263803217862e-20
1.8887448372877154e-08
5.0882109593562e-36
5.310561026341176e-23
5.623530252101557e-25
5.5299145987795895e-16
1.1134376174909897e-21
9.190579690097579e-36
9.34679944730748e-14
7.102592931344643e-21
5.720528238069852e-20
3.103905669165299e-35
3.53355114910015e-25
8.269133816947848e-21
1.622715575755327e-15
1.306702794794287e-17
6.912326534660472e-27
1.869686369549861e-08
2.3381400657745813e-30
3.276114046202708e-07
5.463410653478891e-46
4.6954400097944814e-26
1.7969654897194293e-26
1.2249833777812104e-23
3.1533521175168943e-22
8.158339334135136e-27
6.771031896211142e-24
2.4155993502369875e-25
2.1174487500209658e-23
2.899676823303465e-22
3.818708185206343e-28
5.000346837286433e-32
3.497237176551823e-38
1.0525085259121415e-46
6.69463998708597e-08
8.594761095438078e-23
2.422593711027419e-19
8.377052808867113e-24
2.4793797591397656e-22
7.208663990711938e-30
3.205985685259618e-19
3.129663346971798e-19
6.987905145709888e-08
5.924848078482187e-19
2.3218257818231192e-64
3.2856359170219055e-19
1.7525837003412483e-19
2.5008181406282948e-22
9.496616686214909e-23
3.292358983680292e-38
8.575227696262546e-19
4.750083804683485e-25
4.640398634964941e-28
5.841191191191697e-30
1.0914570041947053e-20
1.6879949347805583e-30
2.3727215611833878e-46
1.1576571735320166e-38
2.908505203723567e-24
8.730861616839151e-24
2.7962412031576537e-29
6.027786144489335e-27
1.76580623849907e-32
3.995318371805718e-30
8.89768464923802e-20
1.688117154079219e-14
2.787210673300304e-23
8.223771393464957e-07
9.22030511735523e-27
3.338646488902087e-11
4.641911226467943e-20
3.9354372418922124e-16
1.4032956270502658e-20
1.037291237486012e-16
4.959788458564876e-25
1.7984185235693554e-32
7.122756736346708e-20
7.110130408524512e-27
9.333707833109707e-54
9.736970100161892e-14
2.490019185686431e-28
1.8411466753908214e-18
1.0803612650779909e-14
5.201882881585616e-20
8.493912229318666e-20
1.4845690270051005e-19
5.187962647727285e-35
7.227528385314327e-23
2.9088696735831398e-18
8.584606754958572e-24
1.451338231434095e-15
1.3641579316877153e-21
3.1425051047299184e-19
2.266697895250054e-25
2.5441395947298514e-14
5.377051471706785e-25
3.92784890688678e-23
2.3687112731713883e-08
2.6705550235711805e-17
3.698794459499002e-21
1.5312210477791272e-27
4.375797792998114e-15
2.527394976470103e-35
8.254147341501738e-39
1.7860796632033657e-29
5.465777400578452e-18
7.683472082900975e-24
1.9747950051781226e-23
5.659771201185011e-39
1.1311225689762244e-34
1.2814365095689328e-26
1.873193155885406e-25
1.0731116265184888e-16
9.51440759318547e-21
1.7422101156696278e-48
3.744990521365937e-23
4.923459692780182e-29
1.9718928587344384e-36
5.229023015273892e-55
1.871087584958717e-17
4.790817267368326e-20
1.7421592394164789e-13
1.6403956862957442e-18
6.343074631896196e-17
9.808138674278408e-34
1.7221724452494354e-44
8.038443718459512e-25
1.7747530659335251e-15
4.528363865681813e-22
2.5853664767307286e-23
1.5349371566039632e-27
1.6727885053515324e-16
8.144687689883707e-18
2.757248957829996e-19
4.71960511111554e-28
7.879751430082602e-24
8.054327332092585e-24
2.0475546285751862e-29
7.979052488977883e-31
6.637865995380664e-25
1.636665194109491e-25
6.614371042929138e-21
7.056202680371464e-07
3.1290479754923316e-25
4.878284818640161e-17
3.478247572635102e-32
2.2624081648364526e-09
9.856143301085326e-29
1.4599971296780712e-25
2.351077045911438e-21
7.391199773228471e-86
3.4519696616607656e-19
1.730967101435904e-17
1.2473082247428847e-25
2.6012453373549242e-14
5.835770551457662e-23
2.9289817928751966e-17
3.1661570702180424e-19
1.33556225943989e-20
2.0867169645571294e-20
1.6876776818446906e-33
8.859142668130844e-27
7.619692355733416e-15
9.4094597280386e-21
1.0807685468297893e-22
2.8080866916416433e-13
1.2261292269706672e-16
1.8844120093559605e-26
7.000464089896973e-26
8.366001596281792e-20
5.016525465751224e-26
6.156043112335686e-19
3.4771668415947004e-33
2.3597067863350322e-09
1.3811271871077933e-15
1.4403195498011703e-12
1.3728850533419451e-18
8.82957097155969e-42
1.7910647544036272e-23
2.1858507952831717e-24
9.223032868317463e-15
1.3748128625306519e-19
3.1042000345462185e-31
7.80314974818697e-21
1.52171412620768e-14
1.5578429969722475e-28
1.7060675548642285e-33
6.535182109173889e-22
1.4364166594586202e-21
2.9181812382654796e-17
1.4510289384410656e-25
3.509200350192433e-19
5.42090276866411e-22
3.64683284237202e-20
2.586397092348149e-18
4.0088879821832976e-24
8.086232052325276e-26
3.679711814803797e-26
1.8900759090639288e-16
5.048012103470085e-26
4.473735394592399e-19
5.190280234235397e-29
1.4010286400123935e-25
1.7099785063690077e-24
1.4614611450430727e-25
1.77885486063309e-17
4.478987867221316e-26
1.270764137575112e-22
6.57591394055954e-22
2.0935525874250446e-26
2.40453699312391e-34
4.366498232618011e-17
1.0534096962036695e-27
2.7672439187665743e-43
2.3380786474083823e-27
1.2350820636358054e-15
1.183253711934437e-27
2.7815630576642435e-24
4.1310635838747875e-29
2.437358194374612e-24
6.5612790291047125e-15
2.4423500967207516e-31
2.3218586288630926e-31
1.9934017523992732e-23
7.94805867023033e-16
2.8112265947912923e-18
6.012761606608612e-22
7.465185883055354e-16
9.011073066681708e-17
2.0390674651669302e-26
3.496847071634086e-18
8.985641504275156e-12
1.1294822925099757e-18
1.5739976613711596e-20
1.707249178828662e-30
1.4803463407352e-17
1.813087398610309e-23
1.6640190367619796e-20
7.741826053699958e-17
7.877542430040971e-15
1.7320535097527477e-24
2.7898291342451886e-05
1.0657839688757366e-28
1.4116894323583727e-25
4.8055730318278014e-23
5.542101831181464e-25
1.1741447912285011e-20
1.1584732140880094e-17
2.028069967490366e-17
4.615076412689569e-27
4.1417244023971455e-16
4.907886205943374e-29
6.929697271785061e-16
8.939303845437339e-18
8.84937445312881e-13
5.95831162393357e-17
4.704307448939432e-24
9.696550520991828e-27
8.315723606497255e-15
2.621599230082433e-18
1.1990644706062963e-17
4.550197341879379e-18
1.7115946637837357e-32
5.497777076255165e-18
1.4434190609792342e-15
3.186211628649101e-18
7.463183523787258e-31
6.734870551397768e-23
1.3085687937544425e-21
8.873901230837176e-18
3.1953137782390753e-25
4.653904441064178e-25
1.5696661436344903e-12
4.1632875957924467e-32
4.143231303571034e-18
2.7217275558698567e-20
1.823528205463903e-11
6.194999140094312e-36
1.489061091313084e-18
8.790699113746194e-24
1.96886943991781e-19
1.7074219694129363e-34
1.47302396124735e-11
2.0236609068972562e-19
8.056024409446331e-27
1.2795581636704255e-25
7.946239020314967e-22
9.384226558905047e-19
7.120179349454329e-24
2.5956626997705994e-36
9.655620367826004e-30
1.3209532453029173e-24
1.1534283431887705e-21
3.668332600585426e-27
1.4727901199910611e-24
2.096129262388271e-28
7.01526067936291e-11
1.0794822982192049e-20
3.5106819221848395e-19
1.5185447569178257e-22
6.785283038143478e-33
8.274485038951652e-24
1.5379317891290688e-16
7.31349406558364e-12
2.618772107122682e-20
1.1420602817671896e-24
4.24182924629566e-22
1.4022874960137666e-19
1.5529296734045238e-19
7.97996946070508e-34
7.307467398139805e-20
9.303506036922852e-28
4.3034292617443106e-44
1.7368994305722176e-21
4.965663675195912e-13
1.1603764470576455e-22
6.119998634674988e-20
1.4233471870262337e-20
2.5023086607654656e-16
1.2620129209809126e-36
1.68159731641619e-37
9.775340737687349e-25
6.86572887240248e-21
1.0868598767423395e-22
1.2559410842713303e-21
2.6805285872958473e-21
2.496972191551998e-26
7.334232015282871e-27
9.245859069653559e-26
3.8339132716331686e-20
1.3336570326578307e-14
1.4793312211436729e-31
8.414100584742385e-28
1.4460274787269257e-19
2.933548592180437e-26
6.476770776867025e-22
3.875184307272674e-18
3.1352123533515133e-31
3.4058849746003783e-13
2.9556225324343436e-22
1.2121181682789094e-31
5.616677275413737e-07
4.97871880219012e-17
4.042774755603869e-31
1.1261705859683835e-22
2.190119001500207e-21
5.538600505306473e-22
2.4493409091322316e-26
4.3092823215586357e-17
8.87535242817826e-19
1.9413649145482394e-19
5.498752018507289e-23
7.29923413813734e-24
8.822782289372987e-25
1.1883877913828527e-24
3.123553979900633e-18
1.5835671449271203e-17
1.9417894696620288e-15
1.1940571553491315e-16
6.2150976851208685e-28
5.901372345065378e-23
1.1079969191174004e-15
6.703202494570693e-33
6.000625832135397e-27
3.138591991831948e-07
2.0127218949654848e-27
1.1065712906251906e-08
8.687523846646584e-19
2.617006582115306e-29
1.6488818757210184e-13
5.227397935707149e-29
2.294492971276899e-20
2.157561647063932e-28
1.9329820340814095e-13
1.270986848447664e-35
3.3332396846527675e-24
3.040757176702768e-28
3.557940773802652e-24
2.94890731909748e-12
1.2758001450133132e-23
1.2673617249106733e-40
5.126556238826768e-18
4.576480058537045e-19
8.592697931328674e-11
1.0826076693398982e-38
9.136181301294354e-36
1.0717124248175149e-25
1.192733611090576e-18
2.1138592238347866e-20
5.574346954276514e-27
8.35682554074987e-18
9.957920875381202e-22
4.1224518697530043e-16
7.739928525974166e-17
4.1481678470433463e-16
1.770273813142692e-29
7.944014005921905e-23
4.6812306524336385e-27
3.0841883697585626e-27
5.076467294795111e-21
5.87148625648816e-18
4.934446044808744e-34
1.0088300902892883e-19
2.603687426241614e-24
1.0788371081599344e-29
2.6501434703933107e-25
1.1880722218411177e-17
1.882144088642411e-31
1.871106909649579e-30
7.206117298451311e-26
3.9990592966422655e-16
1.60127516817913e-36
9.909549507969747e-20
1.0507313779535617e-09
2.012070246169238e-35
1.797944937722962e-21
1.5340743407552304e-28
3.289733698102082e-23
3.890233201512112e-27
1.794637106174784e-33
1.3325279155544901e-24
4.8754648411232307e-20
3.5808577064792965e-25
1.132311834760791e-15
2.696585878652726e-13
2.5612676582782306e-27
5.746585044450063e-18
1.5390035135648296e-30
3.577112438446459e-17
5.3782305998381274e-30
7.865646233460208e-14
2.458381486940699e-30
1.635082140961305e-10
3.415113370438068e-22
8.790900714616289e-31
5.729388726098167e-12
1.1586964437430405e-21
2.1942996426885576e-29
3.270827094718213e-13
1.7117099819619399e-18
3.42379670253118e-42
2.4581094718128456e-19
2.955332494388082e-23
5.311935905228267e-28
1.7962039462292678e-19
1.844475116018374e-15
8.51989121519829e-22
1.4401390429936138e-39
3.226074920576319e-24
6.3251709247823914e-27
7.869775311304767e-28
4.474418345741659e-34
3.876949425942679e-18
3.108543211043184e-13
1.8820955578320455e-31
1.3960792643697127e-16
2.467810388530568e-31
1.4380664262792637e-18
3.8336249878361735e-08
1.3233957639329012e-18
4.631103400835801e-25
1.8907134297964758e-22
2.1853663676927124e-19
2.595326860755806e-21
1.8454296493128402e-23
3.319363009302626e-26
8.241422577850888e-23
1.1090330501253844e-23
2.1207928847856668e-30
2.5541272301185218e-33
3.3095413194507258e-18
6.027427893419534e-24
1.267756460430027e-19
1.012732969436869e-18
1.1724533840822326e-18
1.9005547911615483e-25
8.352321262114819e-26
2.5642819649401212e-31
2.2407177782425612e-13
2.3226900231952124e-20
2.0988031276913394e-20
1.5153354275281371e-25
5.4924798765322704e-21
8.557265382854802e-42
4.887010683449826e-15
2.329724374981931e-29
1.4457875865271274e-19
8.789207398001465e-26
1.8263236276745406e-19
1.660018781270332e-18
4.947637498369898e-19
6.770131817430575e-23
1.0865714770521469e-16
4.8353745401230336e-29
1.7904558093197036e-30
1.3407841895160656e-12
4.986333172875583e-21
8.059382718037675e-27
7.882790111736332e-23
4.428435343060815e-25
9.61441852974283e-20
1.1065221253667338e-14
1.7330049005480893e-14
1.5710333356325408e-18
8.242814776327447e-19
2.3724996755839037e-16
5.071319656975968e-28
2.6652407011189644e-22
7.728411417045396e-32
2.960284089040957e-19
2.0574917747741423e-25
1.2574730380835665e-21
8.358159109544671e-30
5.170642486298538e-37
8.126856178193344e-27
4.060697326384764e-36
4.936647615941793e-21
2.8517848785679882e-28
1.9970330502236729e-19
6.303485706123168e-12
3.3720006083336303e-21
2.0885608749403367e-37
3.941923737818984e-24
9.112276485506643e-10
4.809718134113313e-31
2.812673412877481e-29
6.6659246420050065e-09
2.2507973072355776e-20
2.0340255641189046e-21
1.2673888572242102e-61
1.7078326402391777e-22
3.277189356238193e-22
2.501624759966594e-18
1.7524703657344217e-14
1.2959591016612082e-08
1.0451799449997422e-14
2.0887792414558897e-22
8.432323527775153e-15
3.630722538508219e-21
6.9487781194918e-23
1.6399090502613243e-24
1.870329631896767e-17
1.1256533462869766e-43
1.9262276942981396e-28
2.1991571254425046e-17
2.4691599198096178e-14
9.527226659073655e-26
2.775719431592024e-19
1.445502315330925e-16
8.207201858041057e-19
4.717077233019222e-19
1.2021611547664538e-14
2.102226032777087e-26
1.8520837222256293e-32
1.630567435987973e-19
1.2518315397992922e-30
1.9528668438645687e-25
3.544042665452537e-18
1.7568569136957312e-29
1.2399147627446863e-27
1.3509057118641907e-07
1.9363139619749952e-23
8.017573538914058e-29
1.9551930418053379e-22
8.262123892630868e-26
1.8753016229410301e-13
3.0589424555099054e-20
9.240435929324733e-25
7.128001097449715e-32
5.839312679947807e-28
1.5349888456911414e-28
7.930958817265601e-24
1.3618883610101556e-25
1.8238346898301096e-19
5.282247126099477e-32
5.215557369612841e-25
1.1039766563603354e-30
9.95322838110172e-24
4.7231866410867104e-30
2.134259100982073e-24
2.6187348425029138e-25
6.945302466151677e-20
6.031655601474908e-22
5.2919372766166475e-37
9.644610077370348e-30
4.78295674788108e-19
1.6349023084514289e-18
9.050682767974157e-30
4.055992491334063e-24
3.033375070122394e-29
2.8624508775755124e-25
1.8263402118881024e-22
5.1405480905564556e-30
3.3149204995183407e-25
4.1976541463239172e-22
6.415356375392121e-21
1.2604193718196954e-11
5.755895012800112e-32
2.247278682794358e-17
5.148251473925553e-40
9.276062460934098e-27
1.3263079278354817e-32
2.6123547550299256e-27
2.2884292597828495e-27
2.001411760153405e-48
1.3500866709913244e-11
1.756820840051027e-24
1.9433486745853416e-30
9.490187285412946e-24
1.3260249941028648e-27
1.098757651771945e-30
3.13994695299614e-22
8.227145337475419e-21
1.9072942206641383e-22
1.9488228341667997e-29
3.0491564252715897e-17
1.2951098105490792e-15
1.1400918819351604e-25
2.3414361593753375e-28
1.3905361423780684e-23
6.790569176416434e-25
2.4422144575778514e-35
5.4076077989806414e-08
1.0811721079394003e-40
6.296369478626417e-21
4.796493453165544e-17
3.0005396093781496e-19
1.188210051066642e-16
1.7793309954055785e-21
1.455447347913179e-35
2.3568194317962885e-13
9.629582469820568e-24
1.948436363986011e-34
1.832218631252457e-21
7.482064788016797e-11
6.502976746330817e-85
2.0253455162684897e-27
1.3379201753361364e-23
2.2383372028317878e-20
1.7455093758043523e-28
6.393911091981107e-20
8.68054321202105e-26
1.74652980019897e-33
2.2707194605649468e-27
9.65846743373686e-15
1.7121241342329762e-31
2.340310796215149e-22
1.676896391624884e-20
4.941321089307412e-25
1.721873680864315e-36
2.757558784198271e-20
2.3867230395863467e-20
9.775410931529974e-48
1.3527747369813198e-23
5.23872786925223e-22
6.133864409845396e-22
9.417725141776719e-23
8.942719836984243e-16
7.209680634500566e-15
8.821649214193873e-25
1.2810856359923062e-25
2.3664494253426254e-29
4.9876193981179296e-21
3.9174328142458017e-35
2.9281218887853203e-26
6.847198479053451e-40
1.2603898013187099e-17
1.1614166095728667e-33
2.608607762347687e-17
1.0520918361811583e-25
1.606434825239182e-15
1.9496556704596353e-08
8.438948074466674e-34
5.113265112015186e-16
8.163130724308331e-19
2.1993221802762263e-19
2.0950634691032086e-28
3.130940641954022e-17
1.5515510162488039e-13
3.026191608255394e-14
5.297779086315454e-26
2.884509917234735e-11
2.452452016450992e-16
5.129488699662767e-22
2.314191934570641e-16
1.221894513957029e-13
6.123386924552976e-18
6.345645196321213e-14
1.8239042167903783e-28
1.5523104134156986e-21
4.8016779853338464e-24
1.3440181835435156e-49
1.4725504591886872e-22
2.0737362225690504e-29
1.0092071418839046e-11
1.018400244587782e-18
2.299717764917311e-21
1.200602693382236e-25
2.2268927602150202e-08
4.143901945946677e-18
3.741738097335484e-21
1.251571273488069e-19
1.1400077674178483e-21
2.5262702449986104e-39
5.21855501735285e-22
4.021281606439355e-22
1.442360582210862e-20
6.933051184470901e-19
2.2147165390486456e-21
4.969868881505414e-43
5.122613853690749e-08
9.308903545749635e-24
5.625609097963126e-26
2.3874545858471538e-27
8.937675733030571e-23
5.640043808842951e-27
3.332379182156523e-29
5.0711540873462985e-17
4.289695233375099e-43
3.900222328141396e-17
1.455070324322522e-22
2.11697351141709e-20
3.0693420088248713e-23
3.00551395277484e-24
3.678630259954359e-20
4.554136339534405e-22
1.791594394682689e-19
6.240969269578267e-42
3.9317588911719154e-38
2.0527561710258406e-14
8.09764012532235e-09
1.4881898121838885e-15
1.2974459543303779e-19
1.5430945229243967e-12
1.6487242085665694e-28
1.7786639671662796e-27
1.0696812207154312e-79
1.506123877032829e-26
2.1103859571495525e-21
2.6340906716835123e-30
4.330041509411892e-25
2.1901088202812192e-23
6.489104833326079e-25
2.3189801198293634e-17
5.1305804986694345e-36
5.499322616751309e-18
4.94496100308208e-21
1.6901219059155714e-17
5.729335331722988e-31
2.1360160281491882e-12
1.2983144393012844e-22
5.082980239035407e-19
1.7459097434689541e-12
1.4409866267168647e-19
3.232398078898986e-31
4.0499065804448815e-21
9.598652208714465e-21
9.127663496529336e-24
9.178819472061176e-25
5.963983659663743e-25
1.8760677964725966e-21
3.047971093685372e-32
4.9179319724764704e-26
6.633026951265366e-18
1.057296513431165e-25
1.7777580244814695e-23
7.318142035152961e-26
5.3879557279113784e-24
3.6455158980678244e-27
1.9076818144321193e-27
4.7889182041550665e-18
1.089936718212902e-19
8.713591496576681e-25
8.191223794353633e-30
1.3459832292270434e-19
8.23160941360963e-30
9.16367845991804e-19
2.0121716997752914e-05
1.9336156337904686e-28
4.595773502915822e-22
4.916629674271179e-28
6.0484927152133965e-21
2.5122964903708716e-28
6.594351706919135e-28
4.8454535264216e-20
1.0456440420135125e-26
1.2645179631956711e-24
2.127960256616163e-24
7.514067296642124e-49
7.934696189088356e-17
2.6288333367397248e-23
6.69691815654601e-45
1.756798262976335e-07
2.583408329456719e-19
4.447629470071352e-19
4.194819018978607e-09
9.928528775727916e-21
6.880575801202407e-24
2.68641101673742e-26
1.0565019369872476e-14
1.1725574662561872e-10
4.750822450376527e-21
1.1496223735873878e-24
1.9035877794324364e-20
8.970675324520923e-21
1.4835210582090756e-24
3.9748446641276986e-25
2.0271079387048786e-40
8.442882172230704e-22
1.415715264653194e-36
2.841651306430958e-26
1.3558934719109881e-14
7.819274852327448e-16
4.293047402512588e-45
3.19932608598451e-24
1.0791282973350052e-36
2.034834432648789e-26
5.302307047548416e-24
7.294511464819417e-08
1.171501945982123e-28
1.657059307367374e-17
1.5260320504403992e-22
5.6462991057312327e-14
2.2855832424897915e-24
1.3750943085439333e-16
5.005340226994088e-28
9.575184944025276e-19
1.789669836348601e-26
1.2241634417084882e-25
1.0087316685146623e-25
3.958941775564299e-16
2.3526672385988027e-44
6.557474957030624e-12
1.0083492303952716e-18
2.21279522456618e-08
5.844391231102897e-21
1.8124981676701485e-24
1.6866467310279328e-16
4.253079563912412e-12
1.586734878469174e-27
1.761933946045587e-21
3.2320759148656013e-26
5.766619812107274e-30
4.7166302302803026e-23
5.15078202141528e-29
3.590839451653774e-11
4.164827875921405e-20
3.450416219216191e-22
5.63482692147658e-14
7.021155837830371e-17
6.920321848155213e-09
2.1764937492877134e-12
6.274364723099976e-23
5.162425601299602e-13
9.570495388371266e-24
2.40972542918915e-20
5.401637274797047e-22
1.2790224742357441e-17
2.8166089286260793e-12
6.3570663808968114e-18
1.6236996530264021e-19
9.325690281226357e-16
5.019460090384903e-17
8.242977221978082e-54
1.8722161278208332e-21
3.429735379800451e-31
9.852375066405056e-37
1.9363056855251496e-17
2.3618804555036757e-22
4.7331213862802084e-26
9.460834317941861e-33
6.692569696305367e-26
3.813899826008723e-51
5.395823343027552e-20
1.3857166133879298e-67
1.153493622685968e-06
2.278655055619443e-40
4.790825960983219e-26
7.901325097475836e-21
3.4498031210502266e-26
0.0003422666688872515
1.28076451114424e-18
4.897802443615834e-22
6.691139884269286e-15
4.914832016432728e-18
3.615543986183219e-15
6.143627072129175e-20
8.198552761654077e-17
9.28291555881407e-21
1.1357177457315997e-34
3.156997668679094e-31
9.33453632147641e-26
5.203314320449501e-20
5.445919971940224e-21
1.7536656221250085e-18
3.8077440724518e-33
4.687358634709553e-15
5.577343335396831e-23
2.2699137932178577e-21
4.229125724038485e-16
4.9805142826859074e-26
6.96423978270143e-22
4.0813253930754655e-13
3.239115572459469e-26
1.4495306131309317e-29
1.8508107439828121e-09
5.6812142041356374e-39
4.8568886309424135e-28
1.0189630581318633e-19
3.6875785598005145e-17
2.4251452706846896e-50
1.2915779767728599e-14
1.2341744801290407e-27
7.368580696708389e-40
3.967428789963306e-22
1.2179996239840987e-14
7.851245598028847e-44
1.5511956969194653e-30
4.27009140569054e-25
4.3680900632074714e-43
5.893562851515224e-07
1.0869185933713287e-10
3.975557229108516e-09
3.0715822630224613e-28
6.373302346627178e-37
1.1094364224542237e-24
4.2343631382864e-33
3.360659767892974e-17
2.28317411685057e-16
1.6719720258795695e-25
9.520556209780166e-23
7.813681347909818e-39
1.6405935212486175e-20
2.7888802422383307e-25
7.464626321743042e-45
2.6984997678592785e-25
6.0350124443167376e-18
2.1962894458027982e-33
1.9302323497206073e-17
1.0989656688005898e-32
3.5030368720905766e-31
2.848426055390499e-16
2.080420730881789e-08
8.970718850761696e-23
3.4204950346900947e-19
1.7654616109971888e-80
5.685960688463328e-23
9.276068647245563e-20
4.762710760841787e-21
1.2898036164612411e-24
1.9218909033554933e-33
3.314062664884239e-17
5.704903586306731e-17
1.0223129091148818e-26
7.370741097988734e-16
2.666581169124304e-19
1.8636693366857164e-15
7.390307000967271e-20
7.55688752087861e-32
2.631008460511669e-34
1.360194651261523e-61
1.241502949100534e-17
2.9498721070506384e-36
2.65912868213773e-26
1.406751169991567e-12
1.265850083872356e-22
2.36063784888433e-25
1.557738505333414e-30
2.3564855094496973e-23
1.425682269870601e-22
1.94666433668935e-22
1.4180366986198824e-26
4.2927036328974615e-22
2.9033334067814286e-29
7.536184422203083e-31
1.851805905689995e-34
3.6296312970835224e-34
1.514685299883103e-30
1.4541753575457483e-22
3.3334056758510177e-22
4.186503652209402e-18
7.432023688128902e-18
1.6265765426875945e-18
2.3038647407194615e-41
8.736525786376737e-39
8.539112681442673e-28
8.29153865383318e-23
6.7462654095692365e-49
1.2989612980145013e-14
4.523520359315271e-18
1.590411283569563e-26
2.8060317381332432e-31
3.2903984287478045e-23
6.934402603521119e-32
3.80785305149236e-24
1.5988641006145933e-29
1.6027060468512363e-11
1.93974741931106e-12
1.1084056184536416e-39
1.0460132624328745e-19
9.655687171908991e-19
1.7612490450223204e-21
9.711677307174601e-15
6.73114958331201e-21
6.421958046685693e-13
4.422527787205346e-25
1.5226523336065651e-13
3.7117327303291044e-19
8.512635552575462e-12
1.78923601778843e-58
2.369395428363085e-21
2.2222113763155688e-44
6.181910542622827e-31
5.177589417671969e-22
8.82077458563544e-18
2.1980665902872302e-20
1.3826257956811882e-09
2.364226548452949e-31
2.1842584869594847e-45
1.3133472846442533e-22
2.7332576129217365e-34
5.758203353129234e-14
4.9616572119118503e-20
7.70871599951949e-26
1.716437460703466e-27
1.6961535417172743e-17
8.457447760342562e-17
3.029909781345577e-15
3.1962849342282025e-20
1.0834059273874664e-13
5.412650768895295e-23
3.522354010323253e-20
1.4957027761408557e-21
1.3356568292944722e-27
1.4503065848749884e-25
1.646098266648242e-16
2.1086330790284026e-42
2.06999079098548e-13
6.086688158567682e-28
7.90644795940149e-15
1.7716940672619316e-25
2.0448538911821162e-19
2.959452923575984e-17
1.021169470406873e-19
1.1905875085222945e-16
5.037860412050806e-30
4.075572818268885e-19
1.439146419240286e-31
3.458930504474892e-13
1.2649510375953436e-29
1.2487550137131572e-37
3.994233856862585e-11
3.634397938853972e-30
4.116003258226847e-18
7.521099012503853e-35
6.298854189747726e-31
2.864949617351378e-22
4.329538332283241e-19
3.6702102398387036e-27
6.25785155528918e-45
2.121343252332794e-22
2.8534467150107822e-33
3.396955997095857e-17
7.768847964158136e-28
1.2412234297157929e-23
2.733470110996194e-23
2.783849944362973e-27
2.843527273385244e-26
6.914490760216491e-11
1.1861511113995835e-29
8.862887030898086e-19
7.535013314247229e-27
2.0423236684939513e-22
7.289228517847153e-23
3.1973044677758188e-25
8.770078610162769e-18
2.5831884037665093e-22
6.098997598581705e-36
1.0424398068479353e-27
5.851295289569789e-24
2.747174541435824e-18
3.617549018463023e-21
2.128192636361206e-10
4.334399613854428e-22
3.423433313875915e-23
2.8779702154824495e-23
5.4543189392861136e-21
7.218196996226112e-25
9.167484637150865e-42
6.937036023567549e-26
1.7086186368570518e-14
3.4114041381763726e-27
4.5791801719016687e-20
7.269772241584233e-23
1.2732624712325535e-19
3.575090494180503e-23
5.311164386106127e-28
1.372157190448642e-12
6.849889495927862e-14
1.3503513598642782e-14
1.2049234201504615e-32
2.111988388700067e-16
1.6043796052762816e-21
1.194890951634661e-15
1.1146489852144854e-13
1.8154177518709361e-06
1.0904833511321931e-22
1.1164723948818207e-12
7.527670539807859e-26
1.0503692746331533e-20
1.4805413877350375e-22
2.089951770581263e-14
6.906697852532116e-17
1.3469948062524585e-29
1.1916711735531603e-17
2.4004889002165525e-21
1.7427139155633034e-13
9.394510574866539e-30
3.918582737358522e-08
1.4330442718581163e-20
4.312429412937347e-20
1.6630596512756756e-23
1.005631376095509e-19
4.2942790850352645e-09
1.1891963489126462e-23
8.133647302879439e-22
7.368551675764323e-15
2.2180935970862155e-22
1.0124752318381637e-27
3.98450865173694e-11
9.557256066868401e-22
3.028313748582737e-17
3.910983323154806e-15
7.140915419461175e-23
1.7106573107305644e-15
5.2107996241023644e-23
6.113322589989975e-24
2.323967267933792e-25
4.744771975359759e-06
2.909671366272826e-25
1.4431400756809616e-51
2.9044464169468508e-36
1.0200686495541717e-14
5.679090690417148e-29
1.8929071196245242e-16
5.9586601401361525e-37
6.523380213268805e-23
4.1776293899840046e-20
5.8654281707510166e-18
4.2980569797149315e-25
5.6562972754553996e-21
2.908077915289782e-26
2.0942509352782083e-16
6.895180262235531e-32
3.3296682550581605e-18
6.888480897798244e-28
4.260617008527388e-09
2.35751554288785e-18
3.078278264435021e-23
1.6576501889958837e-21
3.1266162637193604e-19
4.372366342169681e-20
4.421265796169854e-21
1.3757106512517667e-25
1.3726483810752597e-23
3.691737518851988e-21
1.6864588395406537e-26
6.015754693543339e-22
7.37392970983158e-27
2.627035399275058e-28
3.157062015534899e-33
1.7217190632237222e-17
2.5279833052428916e-14
7.199282490632451e-21
5.159863041866556e-19
3.71929164858368e-40
7.767356075619802e-24
1.870521522115001e-27
2.6683952580191747e-21
4.316170289957807e-25
4.04119096267828e-31
3.3346803031040316e-34
3.0671549997026893e-18
2.5486742505241366e-15
3.251293924197198e-35
3.067397881795107e-15
1.2473740492515367e-10
1.3431840727396307e-20
1.7513821170291447e-19
3.862599813020462e-09
9.663039848215318e-26
1.999683876048264e-33
2.963577687708115e-23
1.8983831737375222e-25
6.233497757435603e-21
4.0443184738525093e-22
9.33799725888916e-24
1.157201151298754e-26
7.887145181468046e-24
2.804014709523457e-29
3.140163263244548e-29
3.635360118393195e-24
3.036235483395797e-29
1.318751329048199e-38
8.037169703199585e-15
1.0396589585959415e-22
1.881562001379097e-20
1.0774158536182429e-22
6.22842202094775e-19
2.62606909947523e-24
4.992293519193331e-24
1.2741890263675258e-19
1.3592595120418125e-23
2.094437099502746e-33
2.4606317014774485e-24
1.0762154940622248e-13
4.82913816730246e-22
6.501853791902676e-23
7.07854952874391e-24
8.346764382699375e-19
8.289366021784745e-18
3.1564994520609922e-15
4.90121669357677e-22
5.295850387033913e-25
9.700768131185178e-25
4.216061396553959e-21
9.309333925064889e-12
3.886580423397388e-21
1.931428285664686e-08
5.914216669094081e-16
8.621400761960971e-29
8.299674780553243e-20
2.1184555055340544e-26
8.145290057835508e-39
1.1810511599090327e-21
2.7650644100874097e-23
1.23574309578405e-17
3.2433888613079453e-37
7.128772389853329e-15
2.4502592963054077e-34
5.321033310762388e-26
3.544725158183546e-35
2.507660862777363e-18
2.220051198533066e-14
3.050788670574733e-19
6.201668300380457e-15
3.669703099431111e-18
3.870869143433652e-16
1.1484588753281605e-28
4.703743357463622e-24
2.934151802270149e-24
4.885066406691639e-36
1.7015960704346757e-24
7.063708461840792e-20
1.84115017467121e-13
2.7447542182858565e-21
3.526400191445245e-25
1.2911083749257974e-07
5.496644024126614e-25
4.393235773569349e-16
7.169260398819424e-30
3.1548999976228622e-21
2.0312748915049073e-43
6.318899597745894e-31
9.946195857531604e-38
3.075263188475121e-23
1.5082911488344674e-19
8.094453540639722e-23
8.194331553985968e-28
6.300774771449848e-21
3.2883770635679844e-26
6.516711303913179e-33
1.2022362406411994e-36
3.1084557795153414e-18
1.3459521305708158e-19
1.2696263383761745e-32
1.0327544739286297e-29
6.297327123234018e-24
5.423768783293428e-19
3.3374557862501513e-42
1.262462634782357e-16
9.405984161983165e-11
1.3073251839059822e-08
1.1053312223582723e-28
4.608497562936226e-19
3.023433358265722e-17
2.81541092393262e-20
6.746618901750854e-19
6.7735498103394616e-18
2.5808205421909075e-25
4.265334854435135e-18
2.157094722407133e-30
5.820600325145939e-17
1.3762159783257173e-15
1.374645893533564e-20
5.89895236003822e-24
1.0716980004165692e-24
6.436110270028087e-22
5.680986296022065e-20
1.0899725433876038e-16
4.702420544395157e-21
2.933902982200653e-12
5.525060110635561e-28
7.247615430479929e-19
4.279014483767009e-22
1.0930290139931415e-31
7.40166585515737e-18
6.623862043295532e-19
6.197142566616436e-28
2.5837584531038944e-25
4.116780926204171e-34
1.9978461855740843e-28
2.0282097463414233e-18
1.1035674739317686e-14
2.778116954848825e-19
3.880352806066476e-16
2.9953127855127894e-25
6.487612181554816e-41
3.346210060404511e-27
4.0762982451667263e-48
1.8824246658558224e-17
1.4508688531002395e-10
5.097407190442448e-23
1.1811656656603166e-39
7.61533781791036e-23
2.585183086427304e-32
3.695974260298307e-20
1.286562848622999e-25
2.9176883158222023e-25
1.9500510672442655e-25
3.4946461268998646e-23
1.685091065744662e-27
5.08794489299287e-07
6.898993768877657e-28
8.389837593315557e-16
9.720682294594397e-21
1.5583760252204806e-28
6.783351596274447e-19
5.053473874392808e-35
3.926705023227069e-27
1.9694733913232308e-22
8.382771767326751e-27
8.84403426163599e-21
5.2631263125355525e-20
7.814151774904828e-14
4.887111789750551e-21
5.574000981886073e-19
1.638109774108268e-18
5.078708635483227e-13
1.1814956792379091e-40
3.753268784325605e-24
1.2647744327701882e-14
1.9469362497635202e-08
2.221961638555578e-33
8.796052515993232e-33
8.70182385795242e-27
3.052730007271604e-39
1.1491860797969034e-21
1.2840433225768678e-35
3.4506643642897697e-25
5.4445898604610215e-27
3.1254262523981877e-45
1.5619445503686994e-25
1.70336675794297e-32
2.608751599142553e-18
1.5047868682585263e-20
1.601276137376057e-09
1.6842774771957408e-17
2.7068185329553845e-33
1.0978912112118445e-16
1.5432912086191389e-25
9.498780900925536e-24
5.6666294248088975e-11
7.359461602562534e-16
1.1983249113111135e-23
4.295120516983637e-22
1.6327763638045113e-18
5.076328178178355e-25
5.681727464771607e-17
1.4452894611076745e-18
1.0641223527177109e-19
1.418622313930964e-13
1.3957495043917026e-15
2.015223125041573e-30
1.6118058405266336e-18
1.105802779950303e-16
3.6246619922177284e-16
5.303129318637667e-06
7.704025718669099e-24
7.611321193128494e-17
2.965024644926802e-23
1.778789469182855e-25
3.2810606919075814e-07
9.268411150731365e-37
2.7153505401202675e-31
3.272379528898627e-27
9.331825479603084e-18
6.469506857316333e-13
6.198454206999986e-17
1.2356789192992547e-17
1.9045738488364105e-20
3.292926817153703e-23
1.5680542162177196e-24
2.5307980604021644e-23
2.994712900173696e-36
1.3606405999271197e-31
3.078490112424571e-11
1.263408808284042e-11
4.90183677466476e-23
3.250863599500894e-22
3.7813534317779392e-34
1.8155043264309879e-41
3.010704524933549e-09
1.6343978198774142e-21
1.6612712083297796e-20
2.3810785858470636e-09
6.4953465078919004e-21
1.0106674877994087e-19
5.830121641546134e-18
2.080179391820097e-27
1.003880906543255e-11
9.497904577967415e-27
4.1944670735809705e-13
9.090162217274293e-25
3.860539680985848e-32
9.197325725962555e-24
1.8059056796891537e-17
9.213484285330708e-17
5.247446287713434e-22
2.902436319831299e-15
4.685726324236006e-25
2.161772380023289e-23
7.022377053755851e-28
3.197203934469098e-17
6.529903056666416e-26
6.821975163839343e-08
7.567988087649851e-34
2.400221953305426e-35
4.438589286172669e-13
6.941144395571403e-17
4.103765910366824e-30
3.578209121340807e-21
3.538771790772254e-07
2.1728231308227747e-29
2.204960290752225e-26
5.089682756285123e-33
6.985889907566541e-14
5.679617860235506e-28
5.069618799653391e-29
1.50010195577705e-25
5.281905662588466e-30
6.976163641842434e-30
2.377667010891625e-29
3.643377720362617e-25
1.0539436679190369e-26
8.844441464440259e-27
1.976702332168955e-34
1.66833916623058e-27
7.400315702507775e-15
9.672067061332478e-20
3.903035181796208e-30
1.0068444272057689e-24
3.87598730662281e-17
8.443195073338812e-27
1.393227616484012e-22
2.081183234605831e-25
4.992944583732332e-15
1.4033117532693695e-39
1.9704462480699725e-26
2.0131356697127565e-16
5.68799382261109e-22
5.57246883553588e-32
2.3762390307912657e-19
2.7967672865326822e-27
1.7643271916551815e-23
1.061065344269657e-26
7.058715387016907e-32
2.0574364161522174e-21
3.545285426431262e-26
8.212794876357211e-24
7.118563012967233e-23
7.148223268120764e-23
2.119129877016777e-14
4.392604475010902e-15
6.992957250999014e-16
8.2029996654660715e-19
1.2380728914486103e-31
5.304219478734674e-28
4.153663705805049e-21
1.0062948392492484e-17
1.060688834536554e-17
9.45276459424686e-31
2.1653774235265865e-21
3.323616743140475e-11
2.040003684479398e-25
2.8814757668411585e-13
5.897552575511938e-16
5.379771942466852e-18
3.025395774397904e-20
1.1764258584457722e-18
3.3676661459611284e-23
6.612208068860564e-30
2.1550056412686146e-24
2.1111748553596557e-15
1.4096814730757414e-35
1.286447001281604e-25
1.648205191412353e-28
3.567024897967315e-21
4.097233890502268e-21
1.26073131971467e-20
4.6904536140276955e-37
1.1695120082803915e-06
5.6838997045293024e-30
4.07451602573412e-09
4.918529878860865e-16
5.037824688580178e-41
5.583176007958269e-60
1.5499834767634546e-29
1.3415595549295086e-16
3.206665106156262e-20
1.2070664748491465e-20
1.0788365853727636e-29
7.184410492415248e-21
9.502737884111377e-19
3.2455498602712097e-15
9.326797590313505e-30
2.814510960330009e-24
4.0515647929596726e-26
9.873098061372146e-18
3.7003216266292426e-13
3.631643598775848e-26
3.028824670694049e-19
1.112303504149794e-27
3.002760120803866e-16
8.55091182596347e-20
4.0195752543238077e-36
2.391350149144402e-34
4.0060238325726435e-25
2.9910469286996223e-33
2.5854409526628295e-24
5.261281729506009e-27
1.454109497828277e-12
2.7179733275845884e-15
8.596986693724052e-29
1.6097334100465505e-23
2.2255378535593866e-10
1.5246313821832574e-16
4.417717496121584e-26
4.0333298488676803e-16
4.187140696158638e-18
1.7396100390535326e-19
1.3847602123837577e-10
1.0855899706970392e-18
6.254022270719548e-18
7.255190688508848e-26
3.489805817724252e-14
9.315818848021005e-20
7.611695551093936e-29
3.051334385112698e-25
5.439228076250432e-20
8.617823777024818e-26
2.792812159598616e-22
2.4287073339513115e-14
2.4879830656021582e-18
1.4834323352759074e-26
2.5270988112533353e-29
3.32898486999269e-27
3.7381810545483716e-20
7.844044265419703e-11
1.192756343927662e-12
5.292985661543138e-10
2.0446790852680395e-30
1.6221931474984405e-24
4.144051625835688e-39
5.875358615015162e-16
1.2517161267910553e-23
6.824828008366804e-24
5.5356155190939034e-17
8.434182615187166e-28
5.101621282187879e-24
4.962605483025844e-22
7.00060563767605e-24
4.7225541050866474e-36
6.983818199361023e-24
3.4865048838245182e-31
3.945196381718265e-26
2.9038469905220333e-16
1.3824774812097133e-16
1.3709622663335205e-11
8.240778978938413e-32
9.651376259046444e-21
1.7031683162904947e-21
1.2285005138590718e-19
2.555173659662818e-25
3.6626026424675254e-20
2.160281533090935e-22
6.712474326516581e-25
3.373501153443049e-13
4.2666519367094456e-19
4.474071746008895e-27
4.4272449897350095e-42
5.1518162379580635e-21
1.6331619566974027e-27
1.3255786193508297e-34
1.0895635811924773e-11
4.600127003555456e-18
1.4653235214480547e-16
7.146387368221753e-16
3.266545404619513e-35
1.0262257500493476e-20
2.968341150567711e-11
5.2354780635727374e-27
2.886987297613423e-15
1.6855368503726753e-25
5.773294638546519e-38
1.8679340840227943e-16
1.5330999393160608e-26
1.3573679786074455e-25
1.5467538212127212e-25
2.0200933431604074e-10
9.33341404831435e-21
1.941672144996163e-08
3.257243521451084e-26
1.503612654085443e-28
3.0845157303893097e-21
5.75801016772263e-18
1.7764683375750775e-22
2.5338816334032545e-32
4.151494406413895e-29
9.858461255145898e-13
1.2820936938305214e-71
6.991252224949502e-42
6.016115339353524e-07
3.6714393473229825e-18
6.312884615760745e-26
2.265534928894785e-16
3.6207388834459647e-22
3.8935210327127204e-17
1.5250580154978e-25
2.0588022983792598e-17
1.2692992634283703e-70
2.6659904555499335e-15
2.376282773605802e-24
1.3261668746462745e-23
1.0796106784782714e-17
3.9239406973145305e-07
1.895246053575015e-09
1.649213370237308e-21
7.358861300796337e-42
2.1622216524134954e-23
4.441401205137256e-22
6.721362236553647e-27
1.3488987004442102e-10
3.4192899098798184e-19
3.5022805488255463e-13
1.2768059095663255e-19
4.859699146773188e-16
3.7258112503506556e-17
5.454874058298941e-37
6.711192342568943e-19
3.62703375724097e-25
0.0009428231252951629
9.680477763218822e-21
1.067024013187776e-23
1.4744296910992677e-27
9.448301928392043e-20
2.027553436584595e-27
2.394865697269752e-24
5.218342324252839e-38
4.772744867674936e-15
1.0399821194178165e-16
6.224967150057256e-20
2.8684757839660804e-24
2.2471268462420687e-24
4.6952823749457394e-28
3.616422151452029e-19
8.29909617886768e-17
2.3237944949042587e-06
3.037418322324507e-24
7.108408968944659e-30
3.956031285907007e-24
1.3991446088524453e-22
2.2085621361958995e-16
4.511165213831595e-18
8.061819413090906e-21
6.809484702072541e-25
8.501755112246832e-24
5.030144332977153e-27
2.397308392423151e-10
3.5804973224909077e-22
5.025250931614566e-17
1.1615931229308365e-20
4.162064646740167e-24
4.657110328129269e-34
8.939842528385144e-25
7.725864153486977e-21
5.056554868924766e-16
1.4647517027841288e-05
1.592659454654528e-22
2.153496961376819e-18
5.631217571997117e-17
4.762162399420978e-16
2.5581161034908857e-12
1.0812969735564817e-24
1.8134083884327703e-17
1.391988583539251e-13
2.5330119353355478e-17
5.937415734700402e-12
4.844615698649827e-16
2.1068655395782966e-27
2.905135016657164e-20
3.1554021383497104e-23
4.672757001087152e-36
7.647165283098596e-30
1.6306684245873345e-27
2.780309183660173e-22
2.974847815267451e-28
1.3025478887499846e-16
4.3020792462222965e-20
2.3465915335279032e-28
2.123834488123703e-27
3.352864637208506e-07
1.299892966306341e-23
6.017596017604044e-22
1.8440962326495005e-24
2.556406825866073e-38
6.580775836955198e-25
3.7125226724976314e-22
4.869055920010383e-19
4.64549581214995e-07
7.798610619791802e-25
3.966035462595271e-20
1.2601839169833356e-17
2.432500169409893e-07
8.321663936323162e-26
2.0411664113441473e-29
3.868466229534709e-31
6.132805755438557e-23
1.1837550813752147e-12
1.158744092351118e-26
2.0671429780864634e-21
2.13261250820305e-17
6.352895433686586e-18
7.538523173494226e-20
1.2515293153762056e-18
4.3273762256809615e-24
6.548944732302002e-28
2.3930505899939985e-12
8.172496239181203e-32
8.75685321415669e-19
3.9905562837471323e-25
9.36803932745273e-22
1.8163624759950988e-26
4.670245409387959e-24
2.6224592627972744e-17
7.909005444976244e-30
9.947366369443272e-17
3.1007731127327775e-20
4.822188255026994e-19
3.067832721211773e-18
3.21446636953328e-36
9.25626830873276e-16
1.1310957949787609e-27
4.546801081312194e-23
5.906353162937132e-26
1.7220173418876324e-26
4.37561986659445e-17
1.0684827839605677e-17
2.484134722598065e-28
1.9821905120080381e-35
1.268113807972444e-18
3.793639273269681e-14
1.0263945271716394e-17
3.6048333168918344e-50
6.845805750411565e-20
8.497197208441324e-28
8.765230043552069e-18
6.0881188515510574e-09
2.2574372022638542e-23
3.2143413098156174e-27
3.6013554130510964e-25
8.292813763921175e-19
3.7101583496672057e-23
6.881318760592319e-16
5.873012638281578e-24
2.0347072436558014e-14
1.6028166695339763e-19
7.876580006115177e-19
1.20683072444787e-16
4.091337427805519e-27
1.5685308270079211e-15
1.1090169604839882e-32
1.475645592250326e-22
4.6803035615899476e-20
1.9281524229883136e-25
7.1283916521794e-24
1.596718525164885e-14
1.716390475112398e-38
2.937635835418789e-26
5.274296777435854e-20
4.178899067938639e-20
6.564983443012077e-26
1.4879132848361397e-23
2.8920106965345373e-20
9.177611370290886e-18
3.191117092884305e-14
5.76759691953614e-23
5.696812281465301e-21
3.043010166826594e-42
2.2167325196859558e-20
4.94864278348938e-20
4.713263310621562e-21
2.0117683317947135e-29
2.940851927160949e-26
3.7049735478182694e-24
2.5499172739346904e-07
1.243639271029712e-23
3.4315705240990245e-17
9.17964479509362e-24
2.140386675763728e-27
3.6774822305953284e-14
8.351476700051749e-26
8.865032619709033e-25
2.72184768479499e-19
6.525849368451538e-32
9.267215630973951e-18
1.2019218397028854e-19
1.1915704274667728e-18
2.4480305750212617e-11
4.267362351725572e-17
2.0992389148182734e-23
1.0785994067945706e-25
2.66151481692591e-25
5.5330276577074325e-25
4.493532228823722e-19
7.838395182822285e-35
2.1378132821185284e-25
2.7484525801504833e-27
7.513853408533445e-80
1.5838603543726776e-23
5.595821318071034e-29
2.3078525538056452e-21
1.4220585476041362e-20
8.211561471301795e-30
7.451493718058651e-24
7.203341522850444e-18
2.557794267648399e-24
4.017032286974374e-09
1.0985675768105392e-20
1.8125720748570084e-39
1.1892730223692234e-33
5.986290925664646e-35
1.4644958517087847e-15
5.264264466239512e-20
8.818659866103056e-19
4.575093445570658e-22
5.574605404170972e-15
9.734939871887163e-23
7.618096378351059e-10
1.3098169754960297e-08
1.9143472563221752e-20
1.3238444903869397e-32
6.093656485559205e-10
8.478043368149785e-17
2.4668435744559995e-26
1.8384057182032844e-27
3.801349758145121e-14
3.668963501314927e-38
3.303840345702099e-25
4.044712307128144e-20
2.7082767955221547e-12
4.013179325379154e-17
1.580621199450614e-19
4.4391125364459906e-23
7.336490255285688e-22
3.011195171974273e-23
3.177756322167603e-18
5.353557227539611e-21
1.5030879931937297e-19
1.48879667758532e-19
4.764633384307152e-18
6.169497824663806e-23
3.9092355984846687e-29
2.581868248472047e-22
3.5152392094317894e-20
2.303961657483167e-15
1.064743364800002e-28
3.3167678021897974e-16
3.5450402677821115e-20
7.465768047168461e-30
3.3404212574869396e-26
7.98995939632793e-61
6.760693858445244e-23
3.027641803964428e-16
5.891895847330962e-23
1.9790331605081912e-14
4.267788179144107e-12
5.178169560902939e-16
1.3153248090019407e-18
4.149241761969917e-14
4.273298994023993e-17
7.950513556929192e-51
1.953263019372723e-22
1.3796018538446818e-24
3.548870819196755e-21
3.199084396164495e-26
1.900589760216473e-35
5.657668753647554e-23
8.622566361624549e-16
4.259440140380849e-21
9.480162447589112e-17
3.803721372730441e-18
3.7974288280586054e-21
3.642938864055822e-40
3.30648191043782e-16
2.1725792183509551e-13
1.297590905027145e-13
4.6625212873432824e-14
3.97509526106825e-21
6.967278408645178e-07
8.092346681352572e-18
6.927294568212984e-19
1.180077371272771e-22
2.920636885720005e-22
2.3974992076734397e-22
3.1461816263668344e-22
4.3440416167413595e-39
1.38828390659752e-21
2.476354802582369e-18
1.5507212577302333e-17
3.4899684398360856e-26
3.801193950456814e-25
1.652329552619653e-19
1.3837711647047e-32
2.901342076581367e-17
3.5882913295307876e-26
4.885453355115827e-27
6.823320027788867e-21
9.486228865853883e-16
1.8628253855308657e-23
7.120540361584225e-21
5.029943772291992e-26
4.169438025634572e-25
2.941210761057848e-17
2.833391724219144e-21
5.665817213415815e-18
4.9417726991109006e-12
8.485125115478463e-21
3.2329361610326977e-26
1.5040733055359097e-22
1.474963931131969e-20
5.188124159655117e-16
2.428353501360278e-19
5.663157559861309e-18
4.609045479386955e-22
3.679793195383447e-07
2.7138231459576695e-14
5.565020573887982e-09
5.746182865064719e-24
4.5369856551327403e-39
8.253184478230858e-16
1.4589545918015716e-23
1.6553082339422207e-15
4.735175208230345e-22
2.929907039403228e-19
2.8790633715715594e-11
2.0569076844144868e-21
3.8154651925504234e-26
1.8042056802399314e-26
1.138923201942773e-25
1.5787301004431368e-18
1.7660049161806373e-13
7.6831386394986e-21
1.2842227034886286e-30
1.5152651324295092e-20
2.61682517196935e-27
8.82569444939143e-22
8.628387885494659e-23
5.646318413145761e-30
9.435534320711099e-33
3.508746342395901e-27
7.362031201969617e-27
1.0777044085648649e-13
7.317017464719445e-17
5.819798050220202e-24
1.3337771443320656e-15
5.8883295470735885e-37
3.7015462004918487e-35
4.539214597875616e-11
2.389595411485376e-25
9.274691633225482e-19
5.681658697256738e-27
9.680376913077409e-22
9.548244296476026e-26
5.659137187319732e-26
6.372655477131489e-22
1.7480553545579508e-26
3.7885845081634104e-23
1.0771652387594726e-26
6.459859834779914e-20
1.3192030698054668e-39
1.2068855197058383e-15
1.5345704109015136e-25
3.999906375896678e-17
7.698061743504714e-24
1.3915280281923522e-25
1.1154659118485449e-28
1.0940515200916995e-18
2.686494647338575e-23
1.0567669053964227e-18
4.22212060572488e-23
1.9112008006143915e-30
9.297523999224856e-12
4.984540097501956e-18
1.694223993839529e-26
3.8625236437115386e-19
2.3873781205731255e-24
4.161067323690581e-25
1.9265674688878217e-21
5.155690112422248e-17
2.997604407912149e-33
2.3505078808139665e-16
3.9247435453863647e-22
7.15279025554547e-13
6.505183174234765e-29
1.2025594050023743e-25
1.477809164984059e-24
1.0263693415537264e-25
1.1450054969973976e-24
6.518141326854936e-25
9.62088547371738e-17
8.7338140898231e-23
8.6870112343267e-26
2.4292204119891453e-37
8.848834300600915e-27
1.4448342052891844e-40
3.20538571663937e-14
9.6835817878776e-27
1.6508161834678907e-33
5.861201029449842e-16
1.027659080864e-15
2.3749408907854615e-30
1.4562067938675458e-25
1.6761220391736474e-14
4.342662286156763e-24
3.245206344538506e-24
1.4488103699519122e-22
1.0778486438069837e-22
2.00968291695963e-07
8.787711908088645e-20
1.4613114540288515e-21
8.63315878985574e-45
3.2200762461368495e-34
1.9336269982543917e-29
1.1284144485087357e-32
1.4483510590610843e-24
1.7827821822354863e-22
5.886965710190387e-29
5.3122884779865076e-18
1.61249675402944e-20
1.4712017864803324e-19
1.4600308134123344e-15
3.062704138257106e-18
5.824061329179632e-20
2.03072574625463e-13
2.4086341352802834e-21
8.74603257310448e-11
1.3394973113159029e-28
6.60850466784466e-19
2.5616029048127846e-17
4.4317780224854466e-23
7.980363738080309e-15
1.8952865143974782e-14
4.00711751931764e-26
3.798948524038625e-30
4.676874595119072e-13
2.870605862873893e-32
1.3083567136300558e-19
8.099503525673281e-14
1.8509118822068792e-28
7.019916932684866e-18
2.8232984435900684e-27
7.699277502117322e-33
2.336931768839441e-26
8.893875087959895e-24
6.8762206859086475e-18
8.95663577646268e-17
1.0317655927968142e-21
4.662975128030406e-24
2.926567510371567e-18
2.0615114299135057e-17
1.6704530253278614e-22
3.196959995324252e-73
3.364157655169775e-42
4.475337981300543e-17
3.517760890750868e-28
1.2417272818043605e-21
5.759871478411659e-17
1.1003615470033583e-27
2.0772251144554274e-26
2.46884321058063e-10
1.601602659318089e-28
4.301223305184187e-42
2.3419081214650734e-19
7.231811881031647e-15
2.8997170414490823e-24
3.5685750921133946e-16
1.6918589033354574e-21
3.423110556867147e-20
6.064145950242479e-23
2.2676993584261084e-33
2.958386430225234e-19
1.954508030815065e-19
7.973761536699489e-07
5.0133162429436695e-18
5.68687285184784e-21
1.477586612109889e-21
1.0944849856128057e-16
2.0115300848574624e-25
1.2261575598178099e-29
9.761863389119968e-25
7.796388237544815e-23
9.066511029700005e-20
1.961550163316496e-22
2.0520833004992644e-21
1.1157183197960628e-22
3.1273382254704246e-14
8.563045082054618e-18
9.000502785185457e-18
2.8483898774141416e-27
1.2880699028066236e-46
8.291927532210537e-31
2.265193111790425e-28
5.253209050590273e-34
5.83360159067622e-27
8.766520489770122e-17
2.5497405623701187e-26
1.4349959928098965e-08
6.814541256269966e-26
7.526168536514752e-26
1.5141994500032806e-16
2.3585856898033666e-19
2.650449309259751e-16
2.2892002851434506e-18
4.246972237211761e-22
1.998062593862053e-21
9.64126222840214e-27
1.1717902322444374e-26
5.0381388621140596e-20
2.3855737455707724e-13
1.5674835306041004e-09
3.4204908801387e-20
6.598329700638625e-31
6.42375961166835e-26
1.0320597924146896e-18
2.3109561934360122e-20
1.2861718506138375e-24
1.4939900294489314e-18
1.6205608633252715e-14
1.2839844746090701e-21
5.96031831951992e-19
4.734461213528945e-18
5.813240054448414e-14
2.5025757043128684e-23
2.8958362245005785e-23
6.664460550390713e-31
3.803088390761873e-23
1.2063973274991332e-24
6.257788470517438e-29
4.055973008269539e-31
1.1314924373797655e-15
5.877194536057771e-14
6.202376977577642e-21
4.587134536011374e-14
4.070237666724851e-21
2.2174207668929745e-25
1.1130270353974957e-33
8.697013905283893e-19
1.2412844231086285e-21
1.001370442055676e-14
1.5368911362659555e-21
3.197762019192974e-21
3.96592959824455e-09
3.280053914144189e-14
6.5561330633468675e-18
4.729351419944966e-22
1.9348200570940598e-17
9.994716421044513e-24
2.396337976846532e-19
2.5887720107762207e-11
1.2649656175326747e-24
8.082502657360755e-32
5.769298914583345e-24
1.713667617816951e-28
1.622739494164614e-17
4.592534104004265e-36
2.659197122181682e-32
1.488432542887917e-07
9.972902539986139e-21
6.082799358496037e-22
1.6235837195057606e-29
4.771129223539638e-16
4.948767468624484e-15
3.2305140212553086e-32
1.2113480195607717e-17
1.3371529760520384e-27
3.138509681759138e-16
1.154045207109022e-29
2.9674712647401957e-18
1.0917993791522812e-11
8.825992620318513e-44
1.563370595859251e-28
4.3527781841874677e-26
6.829766159672722e-26
8.780262200638128e-26
1.3941787649044563e-09
5.585512975167051e-28
3.2692975017532774e-17
5.712838469447672e-07
3.2044941948276413e-18
8.563855785689727e-20
6.423525733657225e-15
1.0225395283821126e-34
3.7790068782649906e-21
5.503282404603494e-27
5.1819092948262705e-28
5.034305287253172e-32
1.9471649682049275e-24
5.57364249045021e-21
1.0346803397673844e-05
1.1565015210392146e-11
4.256117746740396e-28
1.5287874129429098e-23
3.557058003876358e-28
2.711193111378289e-19
1.7067532335959045e-18
1.1284265906837595e-20
5.444973436468004e-24
2.063659492865848e-24
2.520136222902042e-23
8.280812954053632e-15
1.4459328070687385e-21
1.0425400659840775e-11
1.2078358748631241e-22
1.8784257604361597e-22
6.072276038415019e-19
3.201288371483666e-31
9.120145403472382e-22
1.1339672665260168e-22
6.668161426885388e-25
4.231533353603331e-43
8.144884421948383e-21
8.070608055406001e-11
1.8847538616432526e-22
4.046736732178557e-28
3.2319204168721953e-19
5.059612879123524e-19
1.0763275791965939e-14
1.1424132723187981e-26
8.414443202636858e-21
1.6809369401375388e-25
8.847555341242266e-22
3.095681712079023e-18
1.414396874277184e-21
5.764981118267468e-31
1.830810561639534e-09
1.1170190627854672e-23
4.6006013786925825e-38
3.912357507315647e-20
9.08279954287224e-31
2.5836753793186035e-26
3.9234549017922625e-21
2.0307078405840713e-29
4.190687218563717e-28
1.0175892842653435e-27
3.0224545168132756e-08
7.53009697273412e-38
8.38910068231256e-18
8.417601814596101e-24
8.823115239840574e-32
5.774178490719035e-31
7.607477909583179e-35
1.5017110255630153e-17
2.3208242940752405e-18
3.552948215647978e-19
1.842144593743695e-08
4.865488981604446e-09
4.578439594739369e-30
9.638599483543357e-26
2.0935078096306068e-22
2.1615584898523504e-19
1.2921538518802977e-20
5.221665184540557e-23
1.2166686636964056e-20
1.9944693491302322e-12
2.6247590008862552e-20
6.89281408180874e-20
4.763511135187467e-30
3.216066202925643e-27
1.1428141923365152e-07
1.1446831096955497e-35
1.3687510514044434e-16
7.77904066255083e-17
1.4823816929225614e-22
6.102585195220098e-22
1.2236618311140532e-22
3.58299603189123e-21
2.0424210579335146e-12
1.679666283843312e-28
4.8207139607039345e-17
4.4097586945560206e-18
4.8989950654038725e-31
3.345761135286992e-14
3.553594578515985e-22
2.1677834252209229e-19
5.977410778791547e-19
5.346521859090247e-12
5.286477781849526e-24
2.0976764652935395e-14
5.7900052180436e-21
3.1476714541524176e-17
2.0564666468958328e-26
5.837857612204138e-17
9.35245573031997e-26
6.457966461644477e-22
2.605717555031113e-23
9.275484356836253e-29
2.7489641183074042e-14
3.4828160461850237e-19
1.748901935490012e-07
4.8634087907638504e-11
1.0804622626398615e-17
1.3899530534739323e-11
3.2071964200260467e-18
1.692184007624228e-22
3.94600643575938e-26
2.0694220141385745e-19
2.9461278273162146e-18
2.0247257981480393e-20
2.1769779759289597e-19
1.9471557011159192e-11
1.683118999766172e-23
6.337991708562176e-32
7.7300379761875e-19
3.1596403182048653e-16
2.518897485156233e-27
1.0066862155612407e-19
1.4703649617324e-27
3.5719556878623653e-09
8.904942562725215e-25
1.7186749539570157e-11
1.0158132983891181e-22
1.0095623514805772e-17
6.127681636119279e-19
2.3955878752727796e-18
3.3633127663679446e-21
1.0120121165339121e-17
4.874436957580169e-13
2.6321679636629355e-13
2.852771576677745e-23
5.898075914344759e-33
4.989857073698699e-19
3.6012022281297865e-18
1.831333319168189e-26
5.617519548625397e-17
1.0281123656907898e-21
7.901512994839815e-28
3.2209950224891814e-26
5.518574152051038e-21
8.053314885220543e-36
1.4816066068355872e-42
8.866210760926057e-18
8.01543670795204e-27
6.84043625298628e-19
2.041399550666612e-18
1.0857997697686725e-35
1.2002055248854425e-22
7.202270191430695e-11
3.042705911050779e-32
1.7467425416370786e-24
1.0627356466354627e-29
2.9031934536289486e-27
1.0379473116632677e-29
3.164781395830659e-23
8.263935943712095e-21
3.11024111330915e-20
1.798972542938689e-27
2.1202812873537975e-20
3.1648771452831814e-18
2.441527970795492e-27
2.122559129539955e-25
4.340926269141378e-28
8.712692461900164e-25
6.657023211470473e-16
5.2610077067508184e-23
4.7406452627780864e-26
2.675337247877275e-18
2.7910126511895936e-20
5.672048091022196e-24
2.259330474896751e-22
7.64908827204551e-20
4.426386355512817e-25
4.276456185990958e-28
5.169802477779992e-39
1.292475556105989e-15
6.227671858031315e-32
7.704093271167714e-41
1.4970693688335477e-09
6.11944862067636e-28
1.3200957960475608e-19
1.8001829543116782e-18
3.431623719886077e-26
2.5722810834584864e-28
4.610580233196151e-22
1.0909696632139198e-21
5.690146061304948e-20
1.7574673233009725e-16
2.3574597443922483e-17
2.861133787370868e-17
1.2424219472047092e-08
1.0695037831065049e-42
2.396637836475316e-43
1.0297897450176616e-33
3.463198318535525e-28
1.2870823217537866e-25
1.6733834455251023e-25
9.33038258169139e-19
1.7860932912297854e-31
2.878591566562669e-13
1.0781238980995187e-22
5.493442481506426e-17
6.516377450877666e-25
7.824974438023434e-17
3.136660481225262e-23
7.686585723642749e-27
7.793947907338728e-31
1.656189018269682e-24
2.235287531989524e-25
2.9605302001288497e-29
1.1353949801991606e-33
7.554758322417097e-25
3.436651163526863e-28
8.580792128470538e-26
1.900954861624636e-23
2.756355886294133e-23
3.532399627008637e-17
2.984033289426699e-16
1.4870749490828872e-21
1.937978092962718e-30
5.5898564604912515e-22
2.303709124750702e-24
1.2708954078301137e-16
1.8985120747431496e-20
2.4891001236855973e-26
7.682156733682592e-20
2.7758744133406164e-18
2.5694001000395727e-25
4.89800995229865e-25
3.383095855591327e-24
5.0772337484018475e-18
7.339147919671951e-36
1.9150025179532213e-65
1.5591768418731045e-28
4.94929801398116e-21
1.702466870597301e-12
6.491820012016324e-41
8.480883884072771e-16
1.6339396506299823e-18
2.4643284449472296e-12
7.7331239110814495e-19
1.8239208190352902e-38
1.845548364028814e-13
1.215084309170587e-42
1.0906610918403457e-25
6.239434619073352e-16
1.0902457947819791e-20
1.41050966237985e-28
1.0054697500886466e-23
3.0627718990776035e-17
7.380863899928553e-22
6.7122832011801e-19
2.6619525983977673e-17
6.570010789236867e-19
3.8135314644111704e-08
4.926219844449354e-24
2.9094952004170655e-30
3.994873594534708e-13
8.041104557706276e-24
4.6497437086434275e-24
6.300690144108864e-36
4.773839422289418e-27
1.8554840862210577e-32
8.004501483928753e-23
8.124026022691342e-16
3.029064684012577e-31
8.354418507431987e-31
1.3184982051212748e-16
7.036785196408937e-29
6.891689675147782e-20
4.144889348452841e-20
6.575480809396032e-14
4.7544896837282325e-29
6.728731182520994e-16
1.9514410389635883e-20
4.392598611620002e-39
4.0614222288324896e-36
2.766658669562251e-31
7.551521448201339e-22
1.0179302925753265e-16
1.226699658798542e-30
2.285725249931997e-25
9.941377945099528e-15
7.487251254753029e-44
1.4380652573526533e-19
6.611916134698043e-34
4.203778221462636e-37
1.0505678693751e-21
1.0620947037059064e-25
1.001921845114114e-26
3.1626254892354314e-25
1.6981045839586495e-18
7.339207961350377e-23
2.9289140225306203e-19
5.128976596885608e-26
5.147929801259347e-19
2.8200446055717477e-19
3.521557478976995e-24
5.300181007231461e-20
3.3965352769621573e-10
2.4504946928503344e-15
4.0039455605022086e-12
9.731804892166243e-24
4.6811337166824183e-29
1.2614510418828522e-10
1.6358937833915421e-18
4.776613189337291e-19
6.096336405065309e-17
2.262415882918573e-19
4.6822960919990186e-07
1.0417182228347998e-36
6.673219587736151e-33
6.947202688823163e-18
6.794062554762841e-31
1.9395409814442274e-23
3.4638484027233107e-10
1.7930747145030064e-29
5.619278771588597e-24
4.435834847724688e-25
1.6830066143790007e-19
4.193130893762275e-25
9.525298594401302e-15
9.877786769098284e-23
6.4737484175074744e-21
1.463666093320259e-22
6.847680079938018e-19
9.625556295328001e-37
5.7373234406746465e-21
6.0069676488877955e-19
1.2280792338665036e-22
3.516621461830213e-24
1.6041046674434748e-22
2.3810013271824356e-30
4.866380404463349e-19
2.78299724596558e-32
9.560264781757004e-17
2.0280048826360662e-22
7.12379450949387e-17
5.820630516479733e-21
2.3694269857715657e-28
1.2720539513536185e-18
6.115830991445396e-22
3.2583287230303452e-12
3.629350081354333e-19
3.657642856824919e-11
2.009424621579041e-62
7.679372720100284e-27
1.3357330344849686e-15
1.3421221850212977e-23
2.8453798003820094e-16
2.365530484505019e-21
1.2667004074556095e-25
4.517051784390933e-20
5.888284961750964e-15
5.3609218692121583e-08
1.0736408734237187e-13
7.38876299630163e-20
5.690956921472102e-15
2.5462193069018863e-29
6.050106106503979e-24
8.924982647887916e-17
2.969408180126112e-10
1.2216126661286217e-25
9.37076288237618e-23
5.674139348977538e-22
1.4501576235433508e-27
1.0813926292837816e-13
1.011782151571428e-18
3.139165972686725e-10
8.281120061400607e-08
4.111624210308096e-23
5.25695334162164e-24
3.371154323388157e-21
7.843528525250858e-19
7.373412253914306e-19
1.2144686381474974e-18
6.52782722746531e-26
8.729434578609735e-30
3.7971132773453763e-16
1.5649403004794531e-22
7.808803178035796e-18
2.1490230601652014e-13
1.6122215863060247e-21
6.886708296015216e-19
4.335860189901574e-21
8.162367298333805e-21
3.306081881265412e-16
6.274183951288473e-15
4.141585513510419e-23
1.0764845547768772e-28
1.900393505716158e-27
1.2803302711262281e-15
3.1716193167865554e-29
6.142006426881099e-24
6.799972895565284e-26
8.977795032580733e-37
3.791660437608714e-22
5.79293079534361e-24
6.122117689960373e-25
5.058159477682539e-24
1.012831129856206e-28
2.9059274941713773e-40
1.0406934938684795e-26
7.803942385740373e-32
7.414400243968163e-25
1.2787930971510491e-10
2.5234625670144005e-21
9.56766558930243e-13
3.258316557757428e-33
4.072056932944235e-20
1.806791456082066e-10
3.61570827235814e-19
3.363503435329117e-23
5.211527703525957e-40
2.3266691849214543e-19
5.232035285576365e-18
2.3240117714029308e-24
5.269055463365386e-26
1.570121536039935e-17
8.502301679031013e-28
5.400750002038569e-24
3.830171562626022e-21
1.8291341567225388e-08
2.499715484308141e-20
3.3837336403494166e-18
2.6253340686273573e-19
2.2625519406181752e-11
3.706826291733329e-21
3.4278998784423285e-19
2.8991012486560494e-31
2.9926971143345195e-16
3.533262822442562e-21
4.0686949684859015e-22
5.760015155288743e-17
1.4897639658370462e-09
2.215283646360369e-17
1.1659995516338512e-37
8.949605797201574e-18
5.841541079767477e-24
1.532681181818504e-23
1.2825141031211196e-12
1.1769589082957628e-17
1.2099696075854873e-16
2.0680016018620544e-22
3.935074375242257e-21
6.795553136607134e-08
4.955727319023027e-30
9.05287089819336e-54
4.050232397939896e-26
1.3074180465461722e-25
3.6832225775395705e-25
1.4778423560073171e-34
9.061301180101903e-26
1.2026093501531697e-07
2.6439930722564e-20
1.862105208092821e-22
5.694566317605695e-24
6.857530909127204e-27
3.725377953516908e-13
3.634718031016286e-31
2.9898116507307374e-32
2.0716917812569987e-30
6.839476196074664e-42
1.2326049394409967e-27
3.1085731841057296e-75
1.861755194909976e-23
1.5972959146570933e-38
1.4578170521029997e-23
3.3087244189911833e-18
1.0302238871331833e-22
1.257117539916387e-44
1.1503558506092486e-17
1.7398797364656128e-37
1.0131442913564202e-06
5.1192333852221204e-24
5.418424869253532e-11
2.2020375541835014e-20
9.744426412398306e-16
1.035471915526269e-27
6.80774259140393e-26
2.866558491864941e-28
1.3883780015212613e-12
4.790246223966471e-10
1.561474684030468e-12
1.135639034385216e-16
2.09853136386289e-40
1.993083161504741e-48
6.211871679259448e-23
1.1059954652595972e-23
6.818336100377393e-30
1.0846928503146265e-26
1.5549655442906612e-24
4.205105577278674e-18
6.926920995641723e-28
1.7382196502876323e-28
7.019263316839579e-23
1.6584649260414353e-15
2.2533190601577218e-23
7.116170016284132e-25
3.1632249533533354e-20
2.7720880497409583e-31
1.4145587500171327e-14
2.4004626231164373e-08
1.799990922858445e-29
1.8346998055321143e-63
1.2651052555161192e-30
9.80715645862798e-29
4.877124575596606e-32
6.952218529096666e-23
1.0257256299068782e-23
6.80827797883065e-26
6.0214077338404885e-18
5.596284394212973e-28
1.2260347646373479e-29
8.221296855920052e-14
4.6137652576048696e-27
1.2585331291302669e-20
9.545371313198748e-22
1.460891890970579e-20
5.210277918455276e-22
7.353543703388379e-22
9.982814107277523e-18
4.7029898400887696e-33
1.1047008841483906e-21
1.8682651113316714e-19
2.9483864348564025e-28
1.2264590900237184e-19
8.086958553090637e-16
6.522828972585527e-39
1.1414514603061447e-15
1.7621273490403195e-27
1.977520798008049e-24
1.4221124453979775e-34
3.1058667946302464e-16
8.686178961901094e-18
1.2181488838505214e-20
6.927038249892076e-15
8.667411788191413e-30
1.2663072535945633e-20
8.744845101886529e-23
1.6159227922635005e-23
3.3049800370674566e-10
7.96499343627171e-61
2.6650215130964453e-39
2.149550015402642e-28
2.4843833016703755e-17
1.0327415543709931e-26
3.7482662764704856e-32
8.53291652305915e-15
1.3796320120657893e-23
1.4034967285395378e-21
2.4703303055953375e-11
2.572922070708628e-15
6.467212149651658e-20
2.749561553038226e-18
4.5713016989618645e-20
5.25779644959716e-19
1.009530492406528e-13
1.2286263313726687e-36
1.0510261312247625e-20
1.219830163490774e-15
2.7032801092214063e-20
1.2656149597776657e-16
3.0466669436050425e-23
1.6364463049040944e-29
2.0426003473251064e-16
3.6803435335691614e-26
7.895104873853687e-23
2.36108636968085e-27
7.331742129762668e-24
3.3474255911482995e-24
1.6324507585344173e-20
2.6650842525312904e-31
4.296333236390051e-31
2.1190063346919264e-21
3.6322493438362644e-15
8.282325972957436e-24
1.135918268128229e-26
5.054260865619067e-24
1.7997940216758118e-20
2.7156920076290103e-28
1.1033993131847358e-24
2.5741918257724185e-24
8.718871712753109e-16
4.577957296673902e-16
3.234490899017142e-21
3.215753672124514e-13
1.084864841861593e-15
2.3120127789844817e-22
1.6954653765793777e-14
2.831935848327111e-16
3.357495764253482e-25
3.868718393646009e-17
2.3847315758089566e-21
2.068860639082617e-18
6.941440910070833e-20
1.4225208027763733e-14
3.962896961480181e-13
4.799395319981382e-16
5.099820411119678e-19
8.615505614492608e-11
1.403763189986216e-33
4.045396603613404e-15
8.915823354841366e-34
2.368874884628863e-18
1.0769043505729263e-07
1.0726719548073656e-25
2.7419442465876105e-22
2.582854189969207e-18
6.389706650469115e-20
2.6902734560535497e-20
7.167210813453909e-29
1.61352305804421e-27
8.121039414343707e-28
1.7212713633740203e-29
1.545080241857756e-24
1.0090999011727447e-14
1.6646643201225236e-20
3.342032013423493e-29
1.3006409809785578e-27
8.548917404717488e-30
1.2695548642668778e-18
6.3193375238315046e-24
1.4614267361587506e-15
1.7945811097970017e-23
1.9279507772170197e-11
1.1764576658646054e-22
2.8595988888101626e-31
1.6731502016508854e-09
1.134859533708327e-21
3.797457013004012e-21
5.103139939333918e-15
3.689172157979952e-16
1.2754763735369156e-19
2.997262567792513e-18
3.757415713006354e-24
1.2410895381094253e-30
1.0008551972407611e-16
2.5451655039342013e-19
1.309375972972437e-33
1.505296462396512e-28
4.542399474823872e-13
6.68404809287361e-29
2.5875870853379406e-18
3.3329674708707315e-08
4.672090295606729e-20
1.1444416903703974e-28
4.209840456174031e-20
3.045546536058551e-21
2.0485546674351722e-20
2.6321932753489957e-12
1.7504175595840257e-19
5.012375186125027e-16
1.3504249225449836e-11
1.754100371158009e-32
3.794581450421518e-16
3.3180042102997834e-29
1.8378273999335114e-34
1.9616417360231752e-22
2.8718335652191922e-15
6.108766423556952e-13
2.4030064490758025e-17
3.1819509994311884e-32
1.8319103816521952e-29
3.182790184540125e-20
2.5184875382118064e-18
1.282728758410376e-14
7.930889137283139e-17
2.873798154098888e-19
7.308134272437678e-23
2.130543510893624e-31
3.1274008325298164e-19
8.619062395409931e-31
2.914996963635567e-23
6.1037858110177195e-19
3.3628340083267266e-52
1.2764080977712833e-45
1.0921041010116845e-15
7.178920317894677e-27
7.284411854192742e-25
1.3237143134185861e-20
8.77438842684718e-21
2.774509946280863e-18
1.1411050116202823e-16
2.324505180833451e-27
3.7135031650030535e-26
2.2366047004628544e-18
2.865606616975848e-20
1.0849455742882383e-20
2.886927271867554e-17
5.108093455893219e-24
5.713423424007002e-20
1.9426856848470682e-19
3.919112851239889e-30
2.970849797174003e-38
6.924579341404721e-25
4.4837984646138527e-20
3.960879651836438e-28
2.6523309255145086e-29
1.1657042607113012e-26
1.557668450947537e-22
1.1508850780120965e-24
1.3094928364455347e-15
4.784178533665231e-25
2.4567915248690874e-22
8.707443599951525e-21
3.19476788079784e-22
7.270816306475333e-30
1.4394561909398513e-33
1.6016459496306937e-21
2.647025119865758e-26
2.6020516103990723e-26
1.239815037434411e-14
6.570696135818371e-31
1.4886678886596993e-15
1.250543980904337e-25
5.99184476611986e-32
4.358197490787669e-17
3.775729579675487e-28
4.668068295761319e-21
8.906681328708098e-21
2.227703982215184e-16
7.889682764280056e-18
3.650268013779889e-21
4.41362278564922e-21
1.6553214510117064e-39
2.5862208323600972e-19
2.4316256498149597e-28
2.5509447516836106e-32
7.841645185982324e-28
3.0464020849472157e-13
2.194505469967612e-25
3.310624797318826e-19
4.621241377028328e-30
1.296888034469188e-18
1.1285321182299755e-24
1.2090357609364684e-17
7.514174189385025e-18
3.488967200672203e-22
1.764464621111228e-30
2.3893480109314967e-26
1.630597707441379e-19
6.362291535527119e-27
8.38962889682593e-30
1.4645297959954834e-24
2.310157276485945e-32
5.884152657481302e-34
1.0824781460882532e-24
1.1657614928267635e-19
9.682742354534334e-23
2.2551065743187825e-25
1.2141294630437691e-08
1.6013619960939257e-27
1.0681872977449429e-23
6.922837894726397e-29
9.166899905002979e-28
5.30244466821463e-16
2.548247148548873e-16
8.202764944412428e-19
4.153381572126392e-11
7.90164540437578e-36
4.490222224034711e-26
3.5190827900741337e-22
2.7502659070273575e-34
4.247086821804934e-24
4.990721447584312e-21
1.921697363245892e-18
2.0337270859348057e-24
1.8447780353411215e-15
1.5506567907952893e-26
2.0026628215442498e-30
1.2570969594754213e-16
2.8364836016954057e-15
2.7158543933803304e-09
5.840428075754548e-23
1.4090385890440199e-21
3.167288738130421e-29
6.881934301089484e-18
5.6968204717390666e-36
2.6970489235251005e-18
1.2935480564343265e-14
2.0682444404178767e-28
2.8293678267598944e-53
1.8253418614297347e-18
2.7462169980033303e-35
1.916614523081023e-15
1.5361694473028987e-20
6.638563534049549e-42
8.778989053350873e-30
3.3095890697254764e-26
9.304205329454307e-29
1.2758283931099214e-28
2.0638861318937012e-30
1.5578223233982844e-31
2.7025507392256217e-21
1.634341378062996e-28
8.902254012708049e-13
5.758196839969499e-16
5.022585952390239e-27
1.1968390719079165e-10
5.20882613101823e-29
3.3010250050449946e-23
4.383631398386011e-49
6.664883151581405e-21
6.424102054530151e-23
2.526425898441176e-34
8.153224891904439e-26
2.7152871429245586e-14
4.60979553515441e-34
6.258781769504579e-17
4.3554567705503755e-28
4.3524213047056186e-08
8.655703155284876e-09
9.111988474268902e-15
4.205796192836406e-22
1.294637535315491e-18
1.0281580566062036e-27
3.669106232302602e-21
5.753482690157104e-23
8.616724505074294e-31
2.274892920563386e-29
2.4535306398588414e-21
9.321318875222892e-29
1.1568772735527637e-34
3.319885584653352e-20
1.1854777871945142e-17
4.0903956114486815e-20
1.6158990420761648e-21
3.1950906615700003e-24
7.884689649900115e-27
7.591752914586243e-30
3.0838641191865885e-17
1.1238221492927943e-30
4.3880163262683526e-11
2.4334286397131958e-14
3.762329660921241e-24
8.185555408844335e-17
1.5699564400934074e-27
1.275338902598716e-10
3.458414469996335e-10
7.792833467230634e-28
8.533427658510732e-30
2.199430118152311e-43
1.3780243614293627e-27
6.8617742275534445e-31
8.943580312737938e-24
2.4741030785151156e-30
7.555540730902426e-26
5.633546736627135e-22
4.398863743154073e-22
4.174562662678947e-25
8.63902095555443e-16
1.1363231984670489e-23
1.5044841001703774e-23
1.9543295013925274e-52
4.0987311262634086e-13
5.166855621426633e-19
4.891325001398857e-16
1.2631588981369548e-17
4.286772025138581e-16
2.910982980737405e-08
6.334553057569064e-21
1.6857664809288672e-24
2.519053092631134e-38
4.306456771289988e-14
1.001059515435553e-24
3.6429356726206623e-14
1.7220078186287005e-21
2.6307830607425503e-17
1.110687909260566e-24
2.4411606361898597e-17
1.3221215918889484e-22
8.535491283562659e-19
6.620061913479196e-29
1.4954180417133027e-11
4.7455380253931365e-15
1.2035550420465792e-08
1.7871658323333774e-25
5.627185079922406e-27
8.380056016247588e-14
3.6782817042462205e-15
1.302136431230854e-22
5.067615016062828e-15
5.974704954566992e-36
6.297211116904051e-27
1.7396198050818998e-32
2.404929638894032e-27
1.4370210322359877e-23
7.182050071001954e-26
5.86907509324221e-27
1.528451471906736e-29
2.4016352736867948e-24
1.634769712095785e-16
3.0240554859104192e-24
2.8424055682583773e-18
1.9925469808346102e-18
2.2273392889552323e-17
1.694587430424553e-19
1.2055387401637606e-18
2.554648223194761e-28
2.724457607623624e-32
3.6917563566833145e-31
5.39068243017877e-19
4.321372947456674e-23
1.8085136603705776e-26
7.025087292420022e-42
4.5642113920202574e-36
2.6447318777990315e-28
6.1824173015954615e-28
1.3839555720626564e-15
5.879696205367465e-37
2.7736206532592577e-45
4.661419061094051e-29
1.0919366973356488e-22
3.562545319146302e-19
6.070525221680438e-33
3.267454483889705e-18
3.329993359163583e-19
7.3931384829291015e-19
2.669648192820148e-25
5.476913741347307e-25
1.0303842392486699e-29
5.392112093775058e-22
1.1108212366592555e-29
4.875151032282603e-23
1.6338166216362506e-38
5.976127051039634e-25
4.865781204460819e-22
7.430212990690775e-31
1.5729519216044434e-18
1.1772084646880087e-21
1.2885813843610473e-18
1.0896244157390475e-22
1.142212455167678e-26
8.527502544148596e-22
2.4530714075620533e-23
4.608745318146379e-21
4.7762564934564834e-24
9.660181861130375e-26
5.167505732228292e-37
1.6691257591788503e-26
3.7648536264672025e-23
1.2797667579318386e-39
8.372354787255347e-22
1.921548956896733e-77
3.984728669359e-18
4.0990299726634857e-26
7.824143933201406e-15
3.394003227586294e-24
2.745557251451857e-31
7.918637245195317e-19
1.4694396430178113e-14
3.913633461899762e-17
2.4782904043132925e-24
1.4100057065390576e-16
4.4254304469908655e-22
4.434201450701364e-21
6.849838175589928e-22
1.760751426375014e-08
3.2031673142646807e-15
1.340389544965016e-20
1.4057940237092681e-21
4.31494899379883e-12
1.9286413276980613e-26
2.659251981190489e-07
1.1189861438938297e-10
6.507338804155825e-12
1.1413946239282984e-24
3.5581994110252594e-20
6.221958659365297e-15
1.8657832832518483e-26
5.613118550327912e-16
9.008531920619043e-14
6.303156011483902e-25
1.0838612256301622e-15
6.937615879321471e-28
2.3384152367812033e-20
8.68496667328657e-32
2.88538270743572e-13
4.399882706570802e-15
4.6452517023760565e-17
1.8367138658510008e-32
3.6654145056539384e-34
7.730037896373736e-33
1.9854500657053374e-20
7.214283394651417e-26
6.047116954929364e-18
4.220707686446538e-17
3.0051809733007524e-44
2.0064031368623673e-33
7.863083399466104e-21
5.208426903089957e-15
1.1103588394769108e-17
7.097551560476091e-34
2.636634089795911e-20
6.672464331910615e-24
1.0734015010583795e-22
6.269738239703189e-21
2.615404072685735e-35
6.676339401466995e-22
3.107499098225003e-29
1.7132294102826096e-22
7.243248810291748e-26
2.203814060354936e-08
1.357800906125439e-11
5.839877896233197e-20
7.802216469015332e-16
4.1754967073387744e-19
5.143366869800809e-16
1.804770455618688e-21
1.811680914341838e-36
1.2460262943044937e-18
1.2589533703710111e-20
7.892850149211501e-24
5.760878268813692e-35
1.7808815790005332e-23
1.8902008299879952e-13
1.0432159217873466e-15
1.740760705861599e-17
2.1551274840977755e-23
1.519285595252447e-23
5.518892278908008e-19
2.568279504554173e-20
4.390670795078348e-23
2.0258740960106376e-20
1.7276193402855533e-40
1.5351377061399394e-09
2.32244109915595e-24
3.644553082417798e-32
1.5225818506663153e-25
2.1339611446360655e-55
1.314782345028585e-28
1.0762121335041842e-18
1.2173500137694142e-13
2.2662242715412808e-26
2.1278293850665507e-24
1.7702344691045488e-20
3.694145691931069e-24
1.505933952906026e-21
7.209371576748018e-11
4.430163522454728e-18
1.0125550219755891e-13
2.1655201040147814e-26
4.8492663768592107e-26
6.147788436708366e-25
6.049621190439938e-24
9.705362654560665e-26
1.3923806600362114e-24
1.3175499389410057e-50
8.279329609703575e-38
2.1923433329588503e-18
8.116764058709208e-25
6.15376462488566e-36
4.0295260884427154e-23
7.536206913263691e-24
6.801547933013576e-18
1.3438772010021023e-17
4.135419543983584e-16
3.4488824060928318e-18
8.713968201023472e-24
1.4077957034671222e-17
3.966150818547147e-21
1.946040436485301e-14
1.9349885642827157e-14
4.005107946211592e-26
2.0005401273482126e-09
2.9064604435400822e-39
8.08741589210138e-19
1.8136687255667407e-23
7.1918868707628695e-34
9.405087628765507e-12
5.7807753579609166e-27
1.1402119655582884e-18
5.3540969560867137e-17
1.2234309807615454e-28
3.6538221794382224e-20
2.4660874407146149e-26
7.985984889284442e-26
7.181662399729789e-24
5.647157240086588e-19
1.0242485589593513e-18
9.657910683351564e-24
4.4388868340110134e-30
2.131818512229566e-18
1.4768376698571723e-23
2.3358037677281305e-18
1.0323308520279342e-28
7.350533210245452e-24
3.77463780292123e-20
9.984099955824248e-13
2.0711972914381473e-18
1.796164942425576e-21
1.9733040385720955e-24
7.20562992905393e-26
6.33714765481285e-25
7.391226654613795e-17
1.977104385761205e-13
2.3327654547733037e-22
7.594979634100085e-33
1.2950438280054075e-24
9.990041441018183e-15
2.673330676349858e-25
6.44173065928215e-08
5.6438612085011854e-11
9.257715789505814e-24
2.2739663765711383e-11
2.352833275544433e-27
3.2491585230225387e-26
1.0946588760341817e-34
1.5414952710331282e-28
2.5051048252553627e-40
4.191708695266921e-36
2.3326091966413303e-19
5.150746601311815e-10
1.92416335123536e-21
1.0957879864087554e-19
6.2111612278233e-08
2.0787418009382294e-19
1.9840870866383373e-23
4.95688242928969e-10
3.4840168432835873e-13
7.729814048739066e-27
1.3841043238966667e-07
5.239793991800351e-21
1.0238496793910647e-19
1.7023391454975077e-20
1.3507293139247927e-33
3.6759818096396556e-22
1.2582549342315477e-24
4.172564270593647e-23
2.415253758377099e-11
4.569764763295118e-26
3.1652853230514144e-20
1.2539642094225578e-15
5.470023798845026e-19
3.6561409871109075e-34
5.640168856760794e-26
9.249840941348929e-17
1.6730338214778783e-18
8.143091580121215e-23
1.363691818163033e-23
5.090690772825131e-08
7.554195658503258e-28
2.1317242522973663e-21
2.1089038348366903e-18
4.7959649297580644e-26
1.0647775078678192e-13
5.651223151134993e-25
5.8458917400494166e-24
1.1331934406400191e-12
3.4074288254270094e-14
6.8403308515161115e-18
2.2399585187437475e-18
6.599087921410894e-20
3.002390822346691e-31
1.3230387645791741e-28
3.16496836336174e-20
7.881521241670432e-19
1.0249933923239555e-18
1.1362050272394344e-26
6.601352394796359e-17
1.5442668950225114e-17
8.992505356616444e-21
5.7809239622137145e-28
2.49997463964803e-18
1.359214522332252e-11
1.1261823194171185e-17
2.4534963189884155e-23
6.332085300772792e-22
6.636045961383152e-21
2.1724240938332797e-16
3.716282344028066e-33
1.8021980995657546e-22
2.7097654269805897e-25
1.4864231782917878e-15
3.386548214600421e-24
1.4440793035971759e-08
5.912985051920771e-19
1.1741889717969333e-19
8.482448195940191e-14
1.516556631553561e-23
8.18409703160559e-34
1.0030018864292692e-12
5.413904599564022e-20
3.2984815843228474e-23
5.0001614260664225e-20
2.5088502095398923e-29
2.627873039074375e-13
4.621821244473049e-20
1.8877857371302478e-22
