3.8606024130380964e-13
2.347036234410362e-13
9.030789024613993e-11
5.3179775417900706e-12
8.58999098183865e-12
8.949936190311852e-16
2.84065462000385e-10
1.2067652509599227e-09
1.112735575320523e-15
1.0595306425049242e-08
7.427469421377431e-15
3.713633546354641e-07
4.089828044599451e-14
1.5141294603300977e-11
9.989453944806877e-17
6.14195735360969e-16
7.412035490580331e-13
1.5897947461180403e-08
1.8988209699315061e-07
7.312244118777643e-07
1.9423617878947213e-08
1.2395463587704633e-10
3.183537231609018e-10
4.545981172171484e-11
1.1745202984670911e-07
6.914998101935099e-09
3.813250580071937e-07
9.182539113698175e-10
2.503083829040192e-10
5.4444716078757826e-17
6.192161471497089e-20
6.134909404925397e-07
4.325676517214024e-12
7.08647995029709e-19
8.59148582080093e-11
4.087591701347958e-12
2.011823741719614e-06
8.934554217565048e-13
1.3056393784874663e-17
1.1785232907178295e-10
5.806629280486545e-13
2.1121982012483994e-22
1.918808740028607e-15
2.7726155304146826e-09
1.750517933684552e-10
1.4304741829083531e-08
1.3471725423356705e-21
3.9122898198531637e-07
2.737164182327123e-07
3.8817863102452854e-16
3.5438297442122405e-16
3.305948352101858e-16
7.805953386160377e-09
1.3421768536090254e-18
5.044617512002154e-21
5.364269383140377e-12
8.80349478047841e-13
7.597230127425053e-13
1.7307852667967764e-09
5.113216973502531e-14
1.1965449796635535e-14
3.5880853861287854e-07
4.571729041908354e-15
4.367002415235161e-29
1.6646297900724187e-10
2.2214418925828676e-14
3.748181532054961e-12
1.9002227119284588e-19
1.5758485424900948e-21
5.1850725543891e-16
2.796810335447659e-09
2.421637846519797e-10
3.991178777603366e-15
1.7025926824337923e-21
8.051068122196343e-22
7.714120268519696e-06
1.8013805766414456e-16
4.1606775105544675e-06
1.1468608331128298e-06
1.674365223222176e-09
7.289111582077362e-07
4.888312444680393e-10
3.3179180742793334e-06
6.122987859026449e-15
9.694273591101247e-09
1.7566195129122844e-15
1.5390303288566577e-12
2.2230627759758155e-18
6.5075778187878464e-09
1.245180915554614e-09
1.3836209746953838e-17
1.1609845680982048e-13
2.1060658079987204e-07
1.0788973223024414e-16
4.650811712562881e-18
5.090665020554654e-08
2.0008042258864546e-15
0.3927505910396576
0.0013103270623770183
1.2968139528826975e-10
1.5232281832580843e-10
2.0512502437329183e-07
4.432949256539182e-15
2.3654232762296917e-13
4.688652829863045e-06
1.8807881784944248e-05
1.225186062754713e-13
4.4325581283349653e-07
8.460225993638585e-13
3.771583023001487e-12
5.009001661668209e-10
7.217071278230617e-11
3.5213724078648653e-16
1.829786404501295e-13
2.997906718074706e-13
4.890783214369031e-16
1.044680367469932e-11
5.189476374428388e-23
2.1112845084798562e-10
2.68655804690455e-21
1.5596446984169541e-12
5.954080194659009e-19
1.6174272226402035e-17
5.454340787277444e-13
2.9360474983151436e-14
6.502260848539713e-21
9.686335928972296e-13
1.4237330387981933e-09
1.116213803308306e-11
1.7464112909493903e-07
4.3989776054923615e-08
4.590461178790478e-15
1.8994807477577035e-14
5.165605140691991e-16
1.553923225531018e-26
1.874913475917067e-11
8.260683716649472e-17
3.5318341364448563e-09
1.8645274141334284e-18
1.1251456968100864e-17
3.897815220615062e-09
3.2114158285394367e-23
2.0022014551278565e-16
1.3050087346083869e-15
3.218806386341687e-20
7.562993279293316e-09
3.2599690942466658e-12
1.9623396796431864e-23
1.7044925519645103e-10
1.7637191605946824e-13
9.310692743760232e-23
4.62237889642758e-18
1.0112764859166264e-08
1.1908375901638173e-09
2.050790484863454e-05
1.6803183121679134e-14
4.882969671170259e-29
6.504593351136257e-22
3.051436500903851e-11
5.017602005262886e-14
1.692501760447081e-26
5.927558580680823e-12
4.819731198964183e-18
3.0333107694319783e-18
1.349541020011525e-14
5.104971644572722e-07
3.0046975429239706e-06
3.466100636579456e-13
2.689783765849174e-09
2.4967882313575535e-14
1.1800061233531051e-11
9.076799755429449e-11
1.382031072392668e-09
5.271474984251447e-09
1.3761795832797346e-09
1.0973432516205774e-20
1.9301214998323132e-13
8.58508602794145e-07
8.473176233039937e-12
1.740456647680475e-08
2.0042110774451902e-13
2.910379727563735e-06
3.8027728709678674e-10
7.848840919748119e-07
2.377046881618984e-15
1.6989174268747235e-11
2.6110737799549187e-15
2.989080755280781e-10
2.849964555452716e-08
5.192902888184087e-10
8.262708442826e-16
1.9929721623038963e-17
1.8575456345604688e-15
5.1495445532473065e-20
8.051427116092854e-12
4.714933785997088e-09
7.893215858561786e-12
1.1081648005292182e-11
2.3618709668108405e-14
4.057216182776311e-30
8.816043814119894e-14
7.122167699052494e-22
3.1705792164484026e-16
4.842809361732094e-09
9.889894011327207e-20
3.4203019082465524e-22
2.0204454683728906e-11
4.920124565093515e-15
1.4528450867483493e-11
4.761355075373986e-14
1.2177677742510783e-10
1.2499863541543258e-13
6.702260615733686e-13
6.399520926351292e-06
4.780993287013334e-13
1.4615061684127923e-18
4.344673954184922e-18
6.263910260901951e-20
7.846188885403317e-17
3.031143528898593e-11
4.3234107387709223e-07
2.7254989855440233e-10
1.1566442974817094e-13
1.4765360078353765e-07
3.5720108535608436e-09
9.537749421915743e-08
1.3310521343912121e-16
5.605402831825453e-12
1.2840262928957078e-10
4.343622375641355e-05
2.516134638574435e-15
1.289272030409947e-07
5.4276084708120214e-24
1.109053230947894e-11
8.450869880342683e-12
2.457416764224541e-09
1.2543953515720683e-23
1.3686513304389623e-05
8.211594679884376e-22
1.915209991492591e-13
1.3664842006108546e-13
3.5851998795709424e-13
1.4940471719872004e-18
2.2788477378117176e-15
1.6656637519068444e-09
1.2421572873600825e-14
1.1039067872543764e-07
1.7957660281327382e-19
2.174146232287112e-11
1.423550825082444e-10
6.95140890668188e-13
5.843966055324038e-08
1.952441917469065e-14
7.511623644986387e-25
1.0807799822132766e-12
7.092488742945815e-13
5.5867403554364614e-15
1.4191714898615555e-13
2.54642702183683e-09
6.159017176676347e-08
3.779519340666892e-13
2.1324727845900063e-14
1.469407005350905e-23
1.6977087929205757e-12
0.0006412079551838654
9.814036996712254e-09
5.896073341941697e-12
1.4706566802783547e-14
6.722106588646115e-13
5.920576394726e-13
6.976188299320974e-16
1.533341417412235e-20
6.318002837834977e-19
4.5979929328452164e-11
1.9243781763793258e-16
5.000206791947217e-12
1.0405195477791971e-16
9.427846691426206e-13
6.318808157675583e-21
5.667829583679864e-15
1.3815541195301666e-13
6.387667749997869e-14
3.332229003952103e-23
1.0239948598271714e-16
3.3129098019590326e-13
4.514834221040238e-05
1.097091610932083e-08
6.508844582905724e-17
6.256308017748293e-08
1.6909539548616545e-12
1.035179947068752e-21
7.900330697846682e-10
2.4463952241934272e-09
1.7215170560537647e-07
2.5585540390766162e-17
1.102703866532095e-09
1.6392332746182797e-15
3.5458039858951057e-22
6.56159491534923e-14
9.113077316681941e-16
4.545155803024907e-06
3.37627828585169e-12
3.164962376132853e-20
4.701191525375546e-24
1.5276535333270153e-13
0.00013510618005856522
5.395007252271953e-11
3.7808670382995617e-10
5.414417874155398e-12
2.64722486652598e-19
4.2073735127123273e-13
8.396576079518057e-24
9.411312963681175e-13
4.8248945321028255e-26
5.502006089620675e-16
1.5855402402420836e-17
2.9978955403575872e-21
5.2226352265411025e-17
5.2847823991850476e-09
2.5466533253655157e-09
1.859538338696696e-08
2.3636807549485915e-17
5.41237354300051e-22
6.502787067752636e-17
3.3424058822432013e-16
1.7882529005308044e-10
1.4710656384003278e-12
3.1037192755264437e-09
8.553708974298078e-16
9.693588662572748e-20
8.355523720951556e-12
2.652085168390159e-12
2.4927253044555743e-19
1.2409812768071369e-11
1.2222205480756948e-14
6.804326825656586e-12
5.3645044437277825e-18
3.4463491462819046e-14
2.131303117276554e-17
2.168516203326473e-19
3.831706972859857e-07
6.39358928000337e-13
9.448079389469984e-18
1.1474501023356617e-11
1.0168417086989784e-12
4.0589003415971016e-16
2.3110130110534878e-11
0.0002851209416292155
4.665748663414028e-08
4.232097832901375e-14
1.4448300206878624e-10
5.653022650603654e-16
1.8058248581504148e-11
1.597448019273851e-13
6.321150429086957e-16
2.6582048850411927e-09
2.0796261332839576e-19
2.3292425435384882e-08
1.6175249052483008e-13
3.093012606287197e-10
2.9620239845270338e-08
9.4007056503636e-10
4.874367848916943e-10
4.0417619533067984e-29
6.615138416542448e-17
2.2475805162012429e-13
2.5321952406031722e-11
8.100584734375225e-10
1.4486784514561938e-15
3.043677065059075e-12
8.575072761472073e-12
2.0339651023348062e-10
2.44204568075045e-16
8.629673291353674e-07
8.240478286033778e-06
3.1393444293817885e-07
7.889234291880705e-10
1.949124301058144e-07
1.6014265099911842e-13
6.37084711228933e-13
1.6956311038807984e-19
3.382888536865653e-16
1.7561591292460787e-14
1.8454707873793694e-14
3.651010659306624e-15
2.011483318283905e-16
9.549321362028759e-08
2.0520883334125186e-09
3.975768142501273e-12
4.497378863583293e-15
2.0569073444762003e-05
9.747789483311566e-10
3.8457404006335325e-08
1.6056199047455336e-22
2.0112494529207007e-17
1.7680891998103288e-10
9.479422119157007e-13
2.3326674828325193e-12
4.977141146640832e-13
1.2954259446196903e-12
7.782715836055379e-18
1.2321105978124285e-16
1.0693792836763408e-11
1.7742837459457667e-05
3.1336939793046352e-15
3.854649565924763e-12
1.2404626202723261e-08
3.071197859153147e-11
6.310804877120792e-11
6.678839274045386e-18
7.018435993519516e-13
2.6292103066144268e-24
1.7431130434420506e-14
1.0435952539931807e-12
3.2530985211035607e-13
7.005147881830426e-09
5.1237061845175226e-08
9.092702819167598e-24
9.77743836883131e-13
9.880210217069902e-10
0.00013274276360129237
2.916559345978568e-16
3.9668010348672626e-13
3.775459014241129e-29
2.1797349742334573e-17
1.159190576461142e-09
1.5987505327972102e-19
2.281913326146881e-13
2.9579363081022963e-08
2.6900640443176155e-14
2.030230815695482e-16
4.1104273218883926e-14
1.2085854281413898e-16
2.9387857097906215e-15
4.610308873163918e-14
1.2380852657161952e-11
3.510182294696047e-15
5.718169912793684e-15
5.529208794387573e-08
5.337302932258995e-10
5.120932257302248e-10
1.630330928808439e-06
2.4016419195384136e-08
1.1361365906224865e-12
6.402492103897473e-15
6.97636289162986e-14
1.6733716322315162e-08
4.1556705381640503e-13
1.0417442452521681e-15
2.1101580250906645e-14
2.661800106008189e-09
7.32699608979292e-10
3.0113607009077005e-19
3.1762781005403674e-12
1.0354585981179733e-19
2.361693475463145e-11
1.8377677928690582e-15
3.0186847981695375e-18
2.6136040543467413e-18
3.04581106428549e-09
1.9971465445452703e-29
3.4770166241826984e-13
2.1209499165862457e-15
2.452912616537679e-16
9.71359215556023e-20
1.18747164496402e-11
1.959836678910956e-08
0.01096586576915115
1.2825805562152863e-16
3.7966234329068637e-22
1.5555617811141558e-14
3.2789001519029666e-29
4.688396077155195e-20
1.293704230766826e-16
2.4373763367264425e-12
2.463686408270457e-11
7.181830831402795e-10
2.6090736970386887e-17
2.0203524624151204e-20
1.183335617093097e-19
3.484013876645201e-18
1.5096123625333935e-06
3.7749993275799796e-19
4.815747114388681e-09
3.6958996335630374e-22
1.9320418433698076e-08
2.51593852182977e-12
8.876646488081339e-22
3.243128064239224e-14
2.5808054849645637e-13
1.4078044224680547e-14
4.6692191400620855e-17
2.0864241940802532e-17
2.1136379751526927e-12
3.425245714918058e-08
1.5878531934819624e-22
1.376596762994278e-10
5.3817981642423145e-18
3.939058245099414e-13
2.0477534637225633e-12
5.478827321405604e-18
1.1467120860083404e-12
1.311033974736847e-15
3.844714208273192e-13
2.7484807480022226e-11
1.4428303215344714e-11
1.1982644859563446e-14
1.40299469322175e-14
2.3406583456508007e-10
1.0143162399774406e-17
3.064148910996275e-07
1.204383186640846e-12
9.574788989428342e-17
9.256052997707638e-10
7.416350476739547e-17
3.4967190839533968e-09
1.4319959746846023e-15
4.843964875464865e-12
2.9506907801382513e-10
2.489808730038954e-13
1.3885387485966424e-17
1.7644280923605816e-17
3.9273372927362527e-13
3.4639684806709396e-15
6.69448543512917e-14
4.053263910729809e-18
2.908984315583703e-15
3.4692104877421625e-07
2.3878434997430332e-14
4.011569848150364e-17
3.5890588993393693e-12
3.049149340799393e-08
0.00023426822239806607
4.7197037397650976e-20
6.809748235412317e-08
7.401413752057616e-18
2.9357861355527733e-10
7.047586746117382e-18
1.874124315268728e-13
7.356694032232098e-12
9.589245283816621e-14
5.596164780564076e-09
8.513558274671406e-16
0.001580296924556801
3.9444620367968337e-19
1.3049180594686666e-16
3.0599147074860337e-06
1.6227199653277779e-25
2.696796165045279e-11
9.995932519214155e-20
2.4224454812631288e-11
3.69023679263818e-16
5.565523548330061e-11
1.6065341065290259e-07
4.4818250444319654e-08
5.433201034516031e-14
1.7687105988133355e-08
3.0297626273940722e-15
2.022287874753826e-08
2.8219828282777812e-12
1.279519910792231e-15
3.0361543844572834e-12
2.6161826501157758e-15
7.136125588804992e-11
1.0234183431490404e-10
2.3853144928877316e-22
4.620304240723068e-17
2.3034388372950244e-15
1.7716465790391638e-09
2.2725778640103936e-22
9.151990499151678e-07
5.634491108645008e-16
1.2393103443432126e-06
2.381987551316882e-17
1.1205183822004625e-13
1.2416978812192162e-23
1.485497869628147e-09
9.202428969658594e-14
2.9272117686244245e-13
4.795500319096562e-16
6.351135158033553e-21
1.5331604222893993e-19
1.0875220578434383e-11
4.654879188088592e-22
6.15028731119122e-15
1.7336437982733035e-09
2.4105371403793103e-11
1.9169310806228833e-10
3.4499546599037652e-15
3.090584037623208e-08
7.387772676157569e-14
6.003224010427635e-14
7.034650678622274e-16
5.255719009709933e-09
2.0255057888303539e-13
5.65884740792569e-14
1.321385906858554e-10
3.303917672547845e-06
1.2195816317762432e-16
1.0827282214970195e-17
4.489128251360409e-09
1.9280788698555494e-20
1.721495875871562e-12
1.4026816233947839e-12
2.7038449490437595e-16
1.6625184304150993e-29
1.586622708450648e-15
8.181171064909619e-17
4.512845697218737e-19
3.415383480968199e-27
6.584924832288112e-23
9.152084416608603e-06
6.144147995052518e-12
2.2905684987205175e-17
2.1991108616448795e-10
3.416912139391117e-19
1.4855745283015331e-15
7.741597675497295e-16
1.2396265913034873e-15
4.89948809790107e-11
9.24789742961945e-08
3.574339333143346e-13
1.219662225306974e-13
3.3786351986872966e-06
1.877762244969737e-09
4.594819722734831e-15
3.6092988977467083e-09
8.153539114108184e-09
2.7972317728812635e-10
4.589062741014456e-12
2.6664334013729278e-14
1.1412509152102348e-15
3.397504527527096e-09
3.896530419972964e-11
3.2352118613114474e-09
8.260915712158023e-11
8.495043515775447e-14
1.8790506024188222e-18
3.425702647945546e-09
1.3750198236734768e-27
2.1969046296562078e-08
3.6540831997514293e-20
1.135865532706248e-10
1.2044447922786342e-06
2.518121131685587e-10
2.028141014099005e-15
5.49529114721895e-10
2.758127430833188e-10
3.136596208106614e-16
3.779120504450831e-13
9.849685459523539e-18
1.978661137298426e-09
1.3791306244284028e-10
3.3081620577978346e-06
6.253521194864644e-16
1.0252962802333537e-28
6.338463800653525e-14
2.627116792677132e-07
6.695093447739242e-16
2.667493731108971e-07
1.2037073842499509e-23
4.9654104727011163e-14
7.336391503165243e-11
1.2180740004671188e-16
3.0700302198720916e-14
9.661225075978615e-17
1.3813873850235359e-21
1.4067096133807967e-13
3.4909970003973316e-08
3.3453082203145688e-15
5.972819525413594e-09
3.446623923454669e-09
3.9619051587525764e-07
1.5739308481962905e-18
2.706279597005648e-32
3.3143791221590613e-13
5.423758616373536e-16
5.982251313542067e-16
1.5064925435922133e-14
4.5576198154110736e-11
1.8911376914361513e-13
1.251853066585676e-16
1.2803360142369443e-15
2.1771115803317743e-16
2.439069800292698e-19
2.739335035426783e-12
2.048160946108677e-20
2.128647144749792e-12
1.8128920804475157e-10
2.296811141005714e-14
4.2156421309049735e-09
1.649334049765946e-16
1.3343783871405792e-11
7.078006032757739e-11
5.231693115936776e-08
7.84978433476924e-20
4.740982654310517e-10
5.215322911270722e-16
2.115149601896453e-09
4.3813965608199784e-16
3.6910757211777376e-06
7.662264763471955e-15
1.0201848136469582e-13
6.610328530013658e-14
1.6646226015574346e-83
1.4749660836917545e-08
8.520255812548959e-23
2.724220834993953e-09
3.897146331255919e-18
9.357583792126096e-15
1.7813318400068182e-10
2.6904794925530066e-12
7.614000587891843e-19
2.8509988593079795e-14
3.2352541832523618e-19
1.3633954829206237e-10
6.244125554219259e-11
5.760780390864768e-11
3.0890345050358823e-08
6.0557344617411125e-15
7.308970544198632e-14
4.110600443836139e-12
3.696689475631842e-11
7.66928283699636e-15
6.051207464235965e-15
3.188917364701519e-17
3.643237143628474e-12
5.409152622204757e-13
1.5309736674712784e-09
7.747346425676923e-12
1.466229221651147e-17
6.459343697651788e-08
6.941178569885689e-15
4.3767872161211445e-15
5.557760057830551e-11
5.0309221424974307e-17
1.3189561301403344e-12
4.7091038090467335e-26
1.2714413818972521e-09
1.1334270779440424e-22
1.222468358056185e-15
5.25216869320305e-11
5.084821162730911e-23
2.9078370038071435e-14
2.158340058322858e-14
5.072430443597664e-12
2.5247808822844742e-18
6.332816844846126e-14
1.4182069713533348e-08
1.5282767375541572e-09
2.2655712103623488e-08
1.2696051841545217e-12
5.588947597044932e-23
1.4285570108952467e-17
7.488876228589673e-15
5.081812922119504e-10
1.8108168057997998e-13
1.2891327831447144e-10
2.0432762676788285e-10
3.2167002847774995e-08
1.522122082843388e-20
1.3192579274074312e-17
3.607365664251015e-11
8.763923621379806e-16
1.5302856971765819e-15
7.713197070904015e-10
6.240549102071989e-17
9.083092997918993e-10
3.9661551183006127e-22
1.098442855027299e-16
3.571002287240492e-15
7.167235457476713e-19
1.2514986271297639e-07
3.926510311973563e-08
1.2706754099165472e-19
1.5038253157960018e-24
1.6791538699071422e-13
1.1344636748253057e-11
7.139336103701935e-11
1.2482534821418031e-12
9.68010858167692e-14
2.4250713935585683e-10
1.2874042656585669e-11
7.117560991167928e-16
1.0031348452606971e-29
1.2887468583270773e-12
2.9724301214865374e-24
4.7162895424555015e-18
1.7774558331506823e-10
1.4801141597662668e-09
6.074354285960283e-12
6.759223929306927e-06
2.2908822340669397e-20
3.401927767187053e-10
9.153435969989727e-13
2.401889845334328e-07
9.95703454241271e-18
6.435913624958081e-15
3.795628695914313e-07
2.8335836235511065e-17
1.2548228965695164e-18
2.57513613140026e-14
7.102750889938004e-07
1.4709312737872637e-18
8.119085390221683e-14
4.7292305534759395e-16
7.072981557832722e-10
3.776854290778406e-09
3.364812659709002e-11
2.200417041914764e-12
3.0515090805971904e-18
2.3959346671772606e-13
4.723112590324395e-22
5.82906183079797e-11
3.3338769586237007e-16
1.2814534709081095e-12
6.142911980663117e-09
1.2022865896995834e-18
2.8644175115574494e-09
1.9759780143513513e-18
1.9483310753818154e-14
0.0002635326687263251
8.539346712548298e-14
2.97017950081603e-14
2.3251929596791078e-20
8.263144457574984e-17
9.03023050237656e-19
6.333597933455146e-14
4.1113055935625366e-09
1.0346410010779459e-12
2.1011962371238045e-21
1.7785628034804243e-12
2.5258340591404615e-23
2.543893854801959e-30
2.805203300398934e-27
1.6156919400410878e-08
1.6634671408118518e-12
5.1271511238718444e-05
4.8221017963076354e-12
9.545564970042584e-09
2.0491166134584343e-22
1.2570283946277093e-13
4.4316979267799504e-17
5.559258798732538e-16
1.068796623108069e-10
7.89527309940844e-14
8.50605814132327e-17
7.538484718146086e-08
1.1506967845247461e-12
1.622729814519672e-15
1.2383487093117781e-39
1.0176738558589426e-17
1.465577619731567e-21
3.443161252983829e-16
3.798006850337186e-11
1.009987276154131e-06
2.8218102783110045e-11
5.838669446752813e-07
1.4803346906156836e-14
1.1849218358082018e-13
7.879935664943552e-13
1.6604354245403816e-10
3.730263791001578e-11
2.033216535935773e-11
1.270427740334345e-21
3.851414549334644e-18
1.278029309753378e-11
1.1984622318782767e-10
7.954280198146897e-16
2.7458822524627215e-15
2.413729707008697e-16
1.1554887011899593e-11
2.8627741242921544e-05
8.382733709558564e-16
2.5166399806536537e-16
1.0128396454556829e-10
3.8617366111416294e-12
8.43203483636092e-09
5.124083211770837e-07
2.416065205797201e-12
2.5035759118178377e-08
4.557228875552428e-13
3.4596237245611826e-11
1.0647207619839883e-07
5.933680135405816e-11
5.879986284917697e-17
6.039069206041565e-10
8.007100730699355e-06
1.3918216582747698e-15
5.345413852640558e-16
7.321419083543372e-11
1.6379595526504631e-09
1.2338574395657473e-21
1.2105065876487937e-07
1.456384915151528e-13
1.0541296881035286e-35
2.248602822231544e-14
4.528543633044438e-19
2.1889241851202487e-14
7.417709383287531e-15
2.194949195723918e-15
1.3351951367240418e-14
1.5176041280296439e-19
6.454288826131338e-13
1.723831374558397e-20
1.9064835089659435e-20
1.5273640174100966e-12
3.2433090667717376e-06
9.365092944367099e-18
4.663264034397918e-11
8.104493487123675e-16
1.7237441527408184e-14
3.594235945399897e-11
1.1824915903078287e-11
5.649483305999348e-09
2.3058362601971532e-15
1.0288474452073109e-07
1.5431026425096528e-10
7.384133967777564e-16
8.433671717745481e-11
7.445451331417309e-12
2.305012834335752e-14
3.415623786947272e-17
7.055640509061084e-09
4.501742131571499e-10
7.053062997533878e-13
4.7457972938970735e-14
2.763058469937424e-14
0.28416839241981506
7.492318581819281e-10
1.2856479776099112e-14
8.935300083399022e-15
3.809385906071152e-21
1.9786253737865888e-13
2.2143326347598578e-08
1.2436016267107337e-13
2.7317131308788555e-18
8.717538670545932e-18
9.797209472344004e-09
3.687162810459502e-07
2.0582417762924808e-16
1.2236779524500142e-20
1.1587860688830971e-07
9.510225923264203e-08
1.1451660786342897e-06
1.1567469909620112e-08
1.8234542297780188e-13
4.913214446686693e-13
2.7612258410891866e-24
2.176570177922093e-18
6.99407460004148e-16
9.155481281809844e-19
2.5998720330288105e-09
9.937742972532468e-24
1.1214911926357992e-10
3.3537030584035483e-12
4.0360903732055735e-31
2.845225938098782e-19
2.099238380857741e-25
6.778966555138329e-16
1.7223243856131887e-09
2.2186308699068476e-16
7.424522137323855e-13
7.06132866207704e-21
1.3037693264746644e-11
8.344554658226348e-06
2.992498629571474e-22
7.978833293582564e-10
1.0480790096375959e-08
3.3330690656214152e-12
1.584955934603554e-08
2.1363594476314787e-17
7.015494408187966e-12
6.403875316101947e-07
4.0334321888383465e-15
0.0008401673369329288
2.1398922415672343e-08
5.489507725879246e-11
4.668844572708557e-25
2.521018084607234e-10
2.7744424630257583e-12
8.535542709425039e-15
4.656637376270397e-15
9.48834851455131e-18
2.1873674087890933e-22
8.097534428823308e-17
4.0707386718582664e-26
8.214796410895799e-09
8.029250574493575e-12
6.7753227921842635e-18
1.6529065726542987e-10
2.399201641870265e-11
1.572072979410799e-10
1.8395912785514428e-14
7.738422272594817e-21
5.209794995475343e-12
3.0406103238083537e-09
5.696261822833309e-14
1.1337587991303707e-16
1.534955837091259e-06
6.620237234844524e-10
3.338092718860927e-17
6.146869997410514e-14
7.996891658013673e-13
6.772016958084184e-21
2.654540131215917e-18
2.0252409064575196e-13
4.637201457145508e-13
1.666769752375277e-06
4.886282429020131e-08
6.711483656676149e-11
1.3677683438588351e-31
1.7947614643735047e-10
1.4994097324480925e-22
4.082307494887722e-09
1.0786059943892842e-11
4.900989885921195e-10
2.266260653007391e-06
9.195929634199192e-13
3.646907765632506e-10
4.6582001917295475e-09
1.0583891452797952e-07
1.0869945773997967e-17
2.128523963996476e-12
5.390347147110648e-17
5.363579096036201e-10
2.3745686014832532e-14
1.028256201483415e-16
2.1180919749703934e-16
2.8306944545643952e-08
7.072354094323909e-19
3.019999819876274e-14
1.1235392215184503e-17
1.8929286018842877e-17
1.2293227293453341e-11
1.935569629267027e-15
4.201179049666424e-14
1.6147119315644816e-06
2.0044773570283726e-09
2.5050312038601276e-14
4.089271233159001e-24
1.1924608507134003e-08
1.06857297831255e-09
4.577553232255194e-09
3.691145618695279e-15
2.736697915154313e-18
7.52780896410947e-09
9.268973240674426e-09
4.882337887005919e-06
5.371776258815284e-05
5.222318356062499e-16
3.1750009608573665e-09
1.6908551588624022e-18
5.507405425183852e-17
1.5452060928406303e-11
2.9428922296849305e-24
7.782830272137074e-21
8.659027801018811e-19
8.495332809796905e-14
9.421831689363269e-15
3.9186846526697707e-19
6.8251030732147326e-09
1.2285001465507996e-12
1.1258960930836086e-08
1.0296031704741848e-08
7.149072451168712e-19
1.2481348753284187e-10
8.160605601990815e-18
6.9366868702059275e-15
7.599188306263459e-16
4.75895644182438e-14
8.6200435021185325e-19
9.810647919331612e-12
5.0813733127570574e-23
7.663314070774307e-25
2.7959469009285486e-09
1.5712062624323744e-05
7.663471754271205e-18
1.3420925763779266e-24
1.7321807650062425e-16
9.92537690406286e-22
5.760042250073744e-21
4.81913404169702e-17
4.6119239732888154e-11
1.1132609143455633e-13
1.6159768816571322e-23
4.184741343669012e-16
2.4154551231411675e-11
6.204503673033426e-12
1.3641526684192328e-18
6.335120979051725e-15
9.345160785959372e-15
3.4306927849162866e-18
2.2719217544522414e-17
8.888734161059705e-15
6.887874691172615e-16
1.0900093402020175e-14
2.852943808207175e-10
1.9518145674721355e-10
3.479894457143398e-13
2.0352567468387408e-11
1.7606788078382104e-23
1.0124709233971635e-15
5.748937448962756e-06
4.736693994908011e-15
1.8095497691011514e-15
8.341212795298261e-15
5.343060227342457e-13
5.446543243144849e-09
7.075168120962763e-13
2.5929087120532493e-10
2.3520535440815844e-17
0.6225985884666443
1.3084508597771499e-12
3.656410559456709e-12
9.455625711140655e-18
3.8136024419213406e-14
2.9519415524933213e-10
6.221346149718065e-16
2.813528573927898e-19
1.1107479074577493e-08
3.316412294805723e-17
1.0241157945314768e-14
3.3721531856500104e-08
1.0161147125393834e-18
2.8469030767377984e-16
1.7215530017405976e-13
0.00010502288803764412
6.330739052706319e-27
1.8678197124869923e-17
3.2830237959977397e-32
1.0006313411696747e-19
1.14833406239673e-13
9.158875822847429e-20
1.0603699327480448e-13
6.00478189776925e-06
8.570018127067521e-09
4.2004755241502503e-11
2.825869650017689e-09
4.530500985279097e-31
3.9585947238828716e-17
0.00034603727479871476
7.176154034656468e-18
5.362808940277611e-12
1.962018799166191e-12
3.895994505326921e-10
9.577525138061175e-08
2.985559673669711e-22
1.8891752330257481e-10
5.0869634174556193e-17
1.2275283994695092e-11
8.731410104490838e-15
3.1978249902326385e-08
3.383469049081387e-07
1.4781521306343323e-18
1.293139979186266e-19
1.1407887871540707e-13
1.8793099582435682e-14
6.711489361927986e-11
1.176610044297291e-18
4.805422108385394e-14
3.910154713494822e-07
6.816888114045321e-09
1.4950970566712228e-11
0.0001801986388848542
3.1901943204708865e-13
2.2499467824504628e-31
2.6183148556286933e-13
7.489232052716208e-11
1.0762211471102558e-10
1.580519247149884e-08
5.595144200464263e-25
1.6218531804705198e-09
1.0162433977502083e-14
1.0503682796794313e-09
1.338667540255519e-12
4.560874104936114e-14
4.28493143984926e-18
5.052409410503164e-09
9.412182010663504e-11
1.3874338339471913e-11
1.3983190765032585e-10
1.1520109448881585e-10
4.792968479096763e-16
3.19663852790406e-16
1.130107102316101e-09
2.4008952320427988e-17
6.898644072359443e-21
1.9343813168235781e-13
1.0851599325235116e-09
7.199503613219999e-14
1.4028332984954998e-16
2.3046637145540257e-12
3.159627684294305e-19
3.401929661356697e-10
1.9625395441527092e-20
4.853341946767633e-17
4.81171198412247e-12
5.059112621280047e-10
4.901049486441651e-21
1.5514195829891195e-21
4.216070314455889e-14
2.4441528643384545e-14
2.4523913098368482e-18
5.162060461604926e-17
8.211846699533108e-16
5.623619893133231e-24
1.2521792980110797e-06
2.0693288040658896e-10
5.049942323699555e-10
9.69532860433236e-15
9.502131956700959e-13
4.592634531637375e-08
3.736436927468502e-10
3.2577507415018955e-10
1.1429622909799243e-12
2.8338415949790622e-18
5.952991295281575e-07
7.696137278804669e-11
9.167063575213692e-12
1.2414187498588367e-10
5.916379122269524e-11
1.2798645886677685e-07
1.5352561169121952e-18
1.349726000054613e-18
9.740963112481275e-16
5.759567684659951e-17
1.1744158888366446e-18
1.0127950887735303e-14
7.858164722920262e-06
2.0997974160256805e-10
3.8198044154266827e-10
5.993423509248568e-11
3.673778372615514e-14
1.3581962731679492e-14
4.484396516791036e-19
5.479550694078843e-14
3.0174426168217886e-11
5.710291172653913e-11
2.591344829218315e-09
1.1799602803178813e-13
2.0976471528464925e-05
4.855911683777644e-18
1.6016773059109763e-11
8.039038630443348e-09
0.3703060448169708
1.9457794678041324e-11
5.084824750451045e-15
1.4795720823331788e-09
1.8130131852408866e-14
6.46846145371579e-20
5.504588112235196e-13
3.1579725855652013e-10
7.171994649111505e-13
1.0594906658736612e-11
2.4523913098368482e-18
2.1464648561330753e-08
5.624172854258956e-13
1.6829450949490623e-10
1.3761020644118995e-11
6.050160978472712e-16
1.4267832454296504e-16
6.928443796827846e-14
6.570351014725006e-08
1.540202704063709e-13
3.318794000021479e-19
6.120276130870299e-15
1.8214520871491603e-18
4.851977490933694e-12
5.430638529952293e-12
6.883653791026742e-07
2.321830777019306e-13
4.139954439675751e-14
6.243195338919836e-13
2.8453750978730117e-11
2.314806101106134e-13
6.067311281215354e-17
2.0640449610269834e-22
1.1713112572983329e-18
2.5631720206913024e-11
1.1360353736258212e-12
1.7589001451020348e-15
5.482364276034544e-13
3.2691880797743817e-06
5.077210576702558e-14
6.727637564016207e-20
1.7287115208352523e-17
4.682538531884108e-13
8.345247594779954e-14
4.296756399570488e-22
4.5568856970562285e-28
3.3552494180962804e-20
1.0848856323794631e-11
1.7342002750514395e-15
9.63093128968585e-16
1.610952860521747e-27
1.4148848617037553e-14
5.004519545543687e-18
2.6059170302904307e-10
3.947157176210031e-26
5.962233212784989e-14
1.332743970169474e-16
5.715804303983716e-14
1.0949455226921098e-10
4.741914151191398e-16
8.46938324262965e-06
2.722012709727755e-05
5.14423369497548e-39
2.2631621460195087e-18
1.2217186945470823e-08
2.495893006399082e-15
8.389789574652613e-05
1.5459139362345436e-09
1.3500594099098263e-07
1.0951142260628343e-26
3.072529261807951e-13
3.705795609648977e-14
9.221656834380682e-16
5.104026442325566e-08
1.5045586674530725e-10
2.656759518727216e-25
3.789338496613811e-09
6.907524132704257e-25
4.0478678018721764e-12
1.0507992214779182e-13
1.612863922543363e-09
6.835894523501454e-19
8.97807589108763e-18
4.08610605181318e-21
4.096241783264441e-08
1.243687657051221e-12
1.462406378992285e-17
2.090016818488442e-14
7.81074303704061e-18
2.621514024923678e-11
3.827276097752963e-23
2.8966940687875235e-18
3.394969495594931e-18
2.946091844260066e-22
5.714597153541192e-10
7.454548136136954e-08
3.3611384580431886e-05
4.408378359693221e-09
1.4019351041045309e-21
1.4081134699248812e-20
1.685035486128397e-16
7.26020279067299e-13
3.733624520488547e-14
4.3033926206783346e-23
1.3406745273067413e-18
3.7993624999740726e-11
1.6530284252714348e-19
3.270080234947334e-14
1.4390312312257417e-05
4.950172590842406e-17
6.490255873907604e-17
3.7549885851466554e-18
1.7324930153616388e-13
4.76140571580932e-11
2.0948695385837287e-20
3.327158078677364e-16
1.2365577608246642e-16
1.1927193523082651e-11
2.232537297211742e-24
2.0810078154768279e-07
1.933154776854054e-22
2.047834326897469e-09
1.6586152521843312e-13
1.8001143425052195e-15
5.681003571914923e-09
3.1831616377854953e-16
5.790531548243017e-15
2.2666343732650954e-14
4.0295442730246475e-13
3.189422745945057e-29
2.0287702554642154e-15
3.6618467605135075e-12
2.4487833202164986e-13
1.1988829323529223e-10
1.1266865450556436e-10
1.282288373025267e-13
8.562014171947793e-18
2.0113570541222035e-15
4.1577316447448536e-27
4.590589985982762e-13
6.641789664787732e-08
1.966958659851576e-14
1.963715620876106e-10
6.106032725316013e-20
1.5237665004649166e-12
6.456410472995281e-10
1.414034252915156e-12
1.8765717872796085e-11
3.915599814558047e-10
8.597896931487442e-14
2.2354750364343234e-11
2.3329783067461546e-19
8.709603525654214e-11
1.3220477634825904e-09
6.13591328017344e-13
1.0269585314696923e-15
3.512244244083706e-21
6.179729396148652e-11
1.1595698183733624e-15
4.352324725941655e-18
1.1717321896266186e-09
1.0876983113549998e-12
1.1108997188662082e-18
2.885418618007321e-20
5.1866334446012164e-15
4.545631131086845e-17
2.1584946134298546e-20
6.763661752631406e-14
4.874010711536662e-15
1.0818485991665488e-08
5.441685954837465e-09
3.631418088610491e-13
4.491508868126346e-11
2.7193387019737014e-25
2.9524693498586853e-08
6.716790384027815e-14
2.1907153523293636e-17
1.844132321341952e-05
4.339491678594056e-10
1.9468975018715357e-24
1.4250920602520843e-15
1.3730542494727358e-08
2.866836850717641e-08
2.3181698778048604e-10
8.973130052762229e-12
6.060946989991344e-25
1.1114392183553678e-08
6.484709963763092e-30
1.8839513791687143e-19
2.936830934337115e-16
5.608442976836869e-13
1.3693776722288746e-20
1.5755969904221215e-06
6.8151830568255494e-15
3.927413590875775e-14
1.881888283040655e-09
1.6967141069651698e-06
7.777334497517401e-17
1.9226839140350413e-15
5.697508260790547e-21
3.734689529160986e-12
2.56648992013398e-16
4.833997859861034e-07
1.3327930887379818e-12
7.528709429649822e-12
3.1667914000305898e-18
2.6449676826211075e-12
1.2532077297625347e-11
1.2058406373260538e-05
2.5234134057587125e-10
1.1737471847729423e-19
3.940476984944889e-17
2.434079236533128e-15
6.189008611188492e-07
1.6373930011037227e-11
5.5359718262089955e-25
4.860635635577474e-10
4.7004365037473086e-09
2.730962742006435e-14
2.2484271724949204e-25
4.699110904006532e-15
5.456015212950826e-17
2.2335471651645403e-11
2.948598127989382e-15
1.1814045181991853e-19
1.0703078724206845e-09
6.278247347085573e-17
2.556910191723326e-13
5.947049325419303e-14
1.512217034044553e-20
2.529010062004477e-16
1.0773021326070042e-16
4.0914681181635174e-11
1.0597877452336409e-21
8.458540360013979e-08
1.3908215725621914e-10
2.903263386169378e-14
9.278084217400538e-08
1.7500027554514488e-07
4.52786229165011e-18
1.4877757125934827e-08
4.443752539487618e-13
3.441016977184271e-19
3.690321110568729e-18
3.96940230641032e-20
7.279125828415892e-16
3.9955433386672524e-07
1.2574681886171023e-13
5.0625714864693226e-20
1.481827698283145e-12
3.1572104789726946e-14
1.1990096075209311e-17
1.2926047719577579e-11
4.817913834072369e-13
5.612101151344265e-18
1.1126640607988532e-08
1.6425231645761316e-13
3.857089807055485e-17
1.1116837235664404e-07
8.966494379779479e-13
7.122541911256046e-14
2.0240628421544105e-14
2.0600967946840118e-13
1.7357168560196476e-09
5.3493635859595755e-31
2.598342890355907e-10
1.9231812049808364e-11
8.46226758851622e-15
2.7403302139760917e-13
6.939260882911626e-16
1.1463006349085334e-09
4.1534462501674586e-16
4.6026998814076166e-11
4.401087139937197e-14
9.767356358189178e-14
4.007804170022257e-14
7.699291748883001e-19
9.647105415873001e-14
7.367231982180062e-24
4.2872181636382725e-19
9.521368485482411e-14
1.1248182874137003e-15
3.0798766442258673e-16
1.9123067915920417e-13
6.257509264026473e-13
2.5909420451008548e-18
3.707441225705076e-09
3.6836751001456157e-13
1.0795574223087317e-16
1.2260324297318525e-21
1.6954903290408786e-25
7.273627098246251e-16
1.742794876366002e-17
1.6738753753574638e-13
1.2782866083167453e-07
3.284544574963373e-14
6.92490656129706e-19
3.875792904983344e-20
3.775710088115661e-12
1.2469720605124998e-06
1.5230681269314608e-13
1.4992793577310642e-05
1.484954401588644e-15
1.27291522768014e-09
4.630629410525272e-15
1.3566360950418845e-19
1.8255528756478865e-11
3.55489941841909e-11
2.194312914255298e-15
8.067923964009665e-17
1.271981224737473e-10
1.8669264051675095e-12
9.116589490736814e-15
4.16381114861659e-14
6.096813945022891e-14
6.324571018881329e-12
5.037785027822808e-10
3.1938699061785787e-15
2.814841719582399e-10
1.5577066331554225e-08
2.900843609192404e-16
1.326342971618762e-08
1.3038448602482429e-14
9.946095685307626e-16
3.2338166576547994e-16
9.028110444149088e-09
7.714087941903898e-23
1.4917194446187107e-17
8.056290360278235e-08
2.1729218020065306e-20
1.6876065918879153e-14
5.7666894121517485e-34
3.4135584107960845e-18
3.4178668333407503e-10
5.305280658725855e-20
5.3608277769760133e-14
2.5741927700870837e-08
1.41028192807739e-20
1.1418831535888118e-22
3.56191017340731e-17
0.00018978647712267378
1.9824572356673197e-05
4.293767544670559e-05
8.435176843332584e-15
6.194726821902288e-19
1.0652342616791798e-09
6.809648888460035e-21
2.4297035187743604e-15
1.6523185497468784e-12
7.93190968131592e-08
4.9044918568794925e-26
5.47825732252439e-08
5.43656451259909e-27
5.278713889524123e-11
8.28057753826087e-13
2.6373126045903187e-20
1.61895552906552e-09
1.350894060044128e-19
1.4834422574143628e-07
7.212567244431598e-16
5.031710496892398e-09
1.9827766363960575e-14
3.9262305085905023e-13
2.3511924633368376e-20
9.664446878028118e-15
3.537791389098964e-11
6.8985749760027204e-12
2.928442985173879e-12
3.1639848800007715e-17
1.1724991274805675e-25
3.017153164114843e-13
4.225357424687534e-10
1.218514909676197e-11
4.822727823032906e-10
3.748614130752927e-10
1.4629570946557333e-09
8.33116742534625e-12
5.658263930579618e-16
1.3355285318515535e-13
5.514018862471046e-11
2.341493074447808e-08
4.64709712901581e-14
2.4907821437374227e-11
7.799664130691708e-13
1.3548037548214583e-14
2.627773539490499e-17
1.4160660007330617e-12
2.2732660161477223e-24
2.0127463890456137e-05
5.665263131507552e-18
3.291160254722954e-13
5.613158377593204e-17
4.819351353949929e-12
5.9393835110739285e-15
6.702930626874954e-24
3.1118789146867263e-12
1.525910946166791e-17
3.0974580505593233e-22
2.386557252749309e-13
0.001011251815569457
2.5879395409165493e-09
1.5612163717125114e-14
1.2582652561880784e-10
1.7811250911264327e-22
3.2155543705116695e-09
1.7752571151402682e-16
2.463913814244289e-10
1.2125692711712862e-18
4.482631890782948e-09
1.2603202034972582e-10
1.121332400815865e-05
7.3754413276832255e-19
2.544895270020771e-12
1.986475571814244e-12
6.304299439363992e-07
4.420329620876305e-12
5.852181262591319e-16
5.829709189344898e-26
9.227018261368558e-10
3.86882805538157e-21
2.787275900902044e-19
4.503245400531956e-17
7.550904556424109e-16
1.874215898001926e-12
2.6726629677020127e-06
1.635817841600003e-12
4.707865771956807e-16
9.153948936099125e-15
5.82404092767544e-13
9.071032203495707e-18
3.443018642809801e-12
3.854364967458733e-18
1.3591336038395227e-07
1.9036220678203773e-15
3.6175378706001776e-15
6.712541306186729e-15
4.296369220246833e-14
2.0491526281672368e-15
1.3789706403975104e-15
1.0906690352626847e-09
1.4281800425569148e-21
1.500601792642146e-13
4.816753802522782e-12
2.1721073377527505e-10
1.9121573645013962e-26
1.8299349479319573e-12
5.019528066589665e-18
1.4486318854914467e-12
2.8472230450141847e-22
4.559036372375455e-12
3.471545864554689e-12
6.448839096795642e-16
2.7827700781979207e-07
1.1665706313005146e-14
3.885999713277629e-18
1.3568984439622063e-12
0.0023710667659173623
8.85696179619799e-15
3.3585863378629595e-26
8.415844895179884e-17
4.101645786534674e-17
2.0014355310930317e-17
3.74799699663881e-18
2.2596223777769205e-18
1.560965236919082e-09
5.876889757108891e-20
1.3532888408105848e-08
2.030512442484622e-16
4.671465298219395e-12
3.906366353727546e-11
2.474385279018215e-19
7.966543913224468e-14
8.612178765643223e-18
9.848798640761953e-18
6.801918814164047e-11
3.222772159732703e-12
1.037207541213077e-12
6.610863867587698e-10
1.7553873860894558e-05
3.0209535613672354e-18
1.160599274357736e-14
4.260185975198838e-21
1.2290614902290464e-12
3.447182777684436e-12
1.7805197767813414e-07
1.1767729234288974e-14
1.85248340276243e-17
3.5020398595411404e-19
1.53655711566503e-18
6.099444199026106e-32
1.1960522247205926e-22
9.37526772658621e-16
1.3679063426334421e-18
2.306568761924684e-08
1.359946001380767e-19
1.3019225083509413e-06
5.3957083917338254e-17
2.0024527298374487e-20
2.4616659105896835e-10
3.6026415846514307e-14
2.2547774357083114e-11
9.205292452172361e-07
1.1885474704851689e-32
5.087468276241543e-11
2.965327996584967e-17
2.0058916275672186e-11
2.2715239344493998e-13
7.19032492158764e-15
9.288777105022043e-15
1.0878180623704122e-15
1.8406097459416128e-11
0.0012027031035098377
3.099685179167769e-20
1.954024834529159e-13
5.423198792738844e-15
1.6595565342553025e-14
3.613413705975066e-21
1.2528435548542347e-15
1.4654529292069549e-25
8.93285600124323e-28
4.742861706779559e-15
5.387848464112439e-16
2.2318942581075954e-17
8.40425885754394e-13
3.5166813085960607e-10
1.7346285254505629e-18
9.839029457613573e-07
1.2203599461395386e-12
1.6958639287983115e-23
6.554205282535349e-21
0.004824222451962185
1.4446501732236987e-15
7.362596065933063e-08
6.924098522140489e-14
1.7210238313413212e-17
1.536543921958441e-07
7.498957988714736e-11
9.083974236697062e-16
2.255955291011883e-15
2.93216208462316e-26
7.41236146782585e-10
7.345770052045322e-19
1.419278235318417e-14
6.243159143739755e-16
1.8213924657937586e-10
1.5242249068997175e-10
1.6860770181216905e-10
1.3016850670244208e-11
1.4075312824035163e-23
1.000792158412803e-20
5.545521099660394e-23
2.3581771794746204e-16
1.208453676825706e-12
5.182784866159983e-07
4.4245773685664803e-13
4.847346030278868e-10
6.921489214006252e-11
1.6003241752686854e-10
1.6235377711729508e-16
6.099548241953264e-20
1.2801530095561716e-09
1.4026902876828213e-13
6.260618603142009e-15
1.8462586124264468e-14
6.019489162756862e-07
1.4093054500738646e-10
7.714113258429763e-18
6.487062380292252e-16
4.894915871732151e-17
1.0048569639914078e-20
1.7225603318515397e-11
3.810239276473786e-12
1.625025986916516e-07
2.6783844814679805e-10
1.04482751816717e-12
1.1503785552362557e-21
1.0338445165405778e-10
5.073868613538132e-11
1.9194394894084814e-14
9.689387524890696e-08
1.3345196949949217e-06
1.0197892470661476e-06
1.6195248309031276e-09
1.6102958864124827e-09
3.5649755776295965e-08
2.5074925875635225e-10
4.650722475151437e-09
6.3613527772666e-07
2.2535656993965994e-14
1.8440733566451756e-19
1.4155562487883663e-14
7.882550175575571e-15
1.3071529982957148e-18
2.2274573896313037e-14
3.9722575418768835e-16
7.338955015836248e-21
4.0193621429893935e-12
8.799384497922605e-17
1.1711496296761577e-11
7.127068486280845e-15
1.819586182619347e-20
7.44268383436266e-23
3.799329424411771e-15
5.935111660469599e-15
3.5579026264764646e-24
2.5249567117319077e-14
6.350136940674605e-07
7.745647879705314e-14
1.4321219307936312e-12
1.1031950912776811e-07
7.424559111752758e-15
4.856058177648348e-10
1.0934088580232058e-11
3.131142572394607e-20
1.1515781874809104e-31
1.7597469885817376e-13
2.5013806786192554e-19
5.711394223871171e-17
1.3843366502373332e-12
2.7215646851040986e-10
5.725896211275441e-10
1.5036061998025072e-16
8.718459189505632e-10
3.222908537927721e-06
6.567043811932658e-09
1.4515144970104995e-10
1.1399468302375244e-19
1.654900370527487e-07
6.177456922356788e-08
1.4511673094591734e-16
1.2034620163337249e-14
1.0605349668605e-19
4.466297367171937e-16
1.493785971443823e-14
3.159609952867413e-08
9.832546944805415e-21
8.987546734375577e-10
1.3229960817653047e-14
3.021945074344275e-16
1.18138250250061e-14
2.0004939480354416e-18
1.1014746158196611e-11
1.2329770011906802e-10
4.581982768217374e-19
7.040225580841531e-10
3.5451902524265945e-17
4.9226850901316176e-11
8.244102206125507e-12
1.4836897767849174e-15
3.038819652257868e-17
5.7602981587302005e-09
1.451925348505341e-13
9.362427649777709e-07
5.521594913164749e-11
0.0023865585477882284
2.295902497516886e-13
1.0410736878753637e-09
2.288355707321516e-16
5.265666486957639e-13
1.3548390584171505e-21
5.616135326902488e-16
1.4333628339991633e-06
3.1258465900144807e-16
2.913718603782938e-15
1.444624637846772e-13
2.8399311713174288e-14
4.647875098237843e-20
3.1928247678221626e-21
4.2937129892765326e-14
2.3152785866764567e-17
3.386085343325553e-18
6.576944982393905e-16
3.949940693868237e-20
3.237844687879691e-07
3.949210852828817e-24
1.5653692447637433e-11
7.561272282002505e-23
1.9279764661181403e-14
7.362871466864117e-18
3.3601868984338445e-05
6.710018302866358e-07
2.3826469057857366e-19
4.138985994822537e-10
1.1061770735060578e-10
1.884619697742362e-14
1.3293343269989728e-16
7.464519326054546e-16
2.7594070476823174e-19
9.396929779397574e-14
2.6563079519231897e-18
1.951399487849716e-10
2.7695585862911366e-08
1.2874788875919212e-15
5.943979447454543e-21
3.3803718406427264e-14
1.3698247160586107e-06
6.645852217942822e-12
1.8218778293004385e-15
5.401546757862372e-18
2.9453576016392244e-15
6.419234278714341e-11
2.1137107599919387e-19
1.5617751150813112e-09
5.1939681233798927e-14
1.113431857255009e-18
7.649908155452827e-06
3.135442442218642e-14
5.406295849597769e-08
1.4840249442893833e-07
5.524471371891316e-08
1.1340649674013559e-14
8.504067180426158e-10
7.626519104656745e-12
5.964134366727382e-12
2.689274405530199e-19
9.616017885734588e-13
8.953118448647135e-06
1.4916236444392796e-16
5.854773015269661e-19
3.266562630719824e-12
2.7222521202782414e-17
7.504147943431331e-14
1.7624054843779155e-18
2.5231521830325953e-11
0.03309014067053795
5.053647241578535e-14
5.465496511187512e-20
7.369689508976874e-13
1.622470369299328e-13
5.1321949742920253e-17
2.2120679339609265e-10
1.0254463923794906e-13
8.814006931503399e-20
1.3282920435202752e-15
1.4229968561254707e-08
5.975280973538169e-14
2.0554323480136946e-09
1.0493374024425757e-12
2.4304871163411214e-07
0.0001507982604116958
1.9714045945090653e-09
6.009615934631245e-12
1.0850616015339972e-19
4.294621130043235e-16
4.6945168954193875e-12
1.0702949521438736e-14
2.6624971853395456e-07
9.91895220594596e-15
1.838336044336855e-10
2.0926640210147867e-14
8.02459854789575e-08
1.1988519487281448e-10
1.632477363786386e-17
3.290264976504246e-13
1.3849413302172919e-15
1.7637781345402682e-11
1.4040585757616738e-13
5.950936964832014e-18
1.933025786062029e-07
1.3519479853107685e-10
1.1359883873910161e-16
5.933875023846599e-12
9.756558992497139e-20
4.149719550223518e-18
5.470383006190997e-10
3.305929511444412e-22
2.2233680495935988e-12
5.110640876921362e-12
3.743317582052713e-14
2.0188834938254147e-13
8.770954531074183e-08
5.058427056408705e-13
8.764872072083374e-19
5.860702930938045e-24
2.089683272415184e-10
9.715556631673345e-16
3.3498612588446244e-09
7.859890187476715e-28
1.0988689391714391e-24
1.1297418529011071e-09
1.0856293322468713e-09
8.697729318633048e-15
8.278841508839543e-21
2.017487294409592e-17
3.349511493455399e-13
1.2474636902889123e-15
2.3414257296017563e-08
1.2813804389930197e-15
2.0574487953656563e-09
1.583028412721099e-13
1.5549281355312936e-12
2.5892624777119466e-15
1.2154426720255246e-09
1.0933764598311604e-08
3.4894764769147113e-17
4.1460447690721814e-08
0.03502662479877472
1.2280859586519994e-12
4.557474264512015e-13
2.922006986607869e-11
6.363384137661752e-11
2.300317855294526e-18
6.04470639303543e-19
2.3790276135917627e-13
4.992881795879113e-23
2.3369893130976773e-13
1.5773099370505823e-12
7.770179997142837e-13
1.2737355508745915e-12
2.6090733560109596e-17
1.7542631006250888e-21
7.821870617020368e-09
2.4384713046470546e-18
1.575631047060341e-11
4.368565329153039e-14
8.515070835426649e-15
4.485413425978769e-14
3.566028176895439e-07
4.437527803506173e-10
4.756131975497311e-17
1.4898626910541764e-06
1.9903533601062237e-13
3.4656886444745976e-20
1.6587606774259843e-16
8.437193275507888e-21
2.21815234934003e-09
1.8103168250153007e-13
5.585413876659204e-16
1.5692712795495299e-12
3.7559255263919797e-19
1.4636657384804639e-09
4.434675090622666e-17
4.888259480663031e-09
2.29516246382275e-10
3.17624709273483e-15
3.3705651186197026e-14
2.1821063657155766e-18
9.846509013085637e-15
8.356356005789871e-15
8.685636757151688e-18
8.885380686949188e-18
7.176270738975156e-19
9.318230292232827e-12
4.4530722692470876e-09
1.6528184274034015e-24
4.171820647161974e-15
6.068686105131981e-16
5.5870813960314374e-08
1.0337652622285792e-12
2.8522596966655008e-06
6.062512611427533e-16
3.7103013336265574e-22
1.442294338269149e-17
1.885483969630534e-15
2.2078371706095976e-25
3.5174486567238424e-05
2.944040169006438e-23
3.5089243053345274e-08
3.7158571357787373e-16
1.1896210338724815e-12
4.5668306329927565e-12
3.99784028762089e-10
1.1468540720523732e-12
1.384410261484959e-11
2.1298399103148896e-10
1.601712985109507e-14
6.624822234002923e-16
2.4180887641467167e-07
1.2695872950010027e-06
2.0365417461855675e-11
2.054791793681809e-15
1.8828636212636499e-06
4.3368507825101446e-08
1.920030811662257e-12
3.8223943821743456e-13
1.5857433818436996e-22
6.310827867013305e-25
4.8435839336483227e-17
9.290263364900662e-25
5.931422223838886e-08
1.062083603777772e-11
2.283637751914305e-16
1.0752472212648076e-20
8.480519749561315e-16
7.191316685766798e-17
2.8340454009768852e-14
2.223750057755759e-09
1.1340666548485894e-09
1.3470425918802078e-33
1.098861200627955e-19
8.467767290625056e-09
4.075977102169417e-12
5.212052869835264e-29
9.596533205496452e-11
4.4128411660739037e-16
6.749306719618651e-17
7.472114007592133e-15
1.4018236535354816e-13
1.6218090680162646e-16
7.170834653842061e-12
6.674625163626912e-09
3.926335895049867e-05
3.347746923149745e-26
9.35737555878771e-16
1.38815790109637e-06
1.618124671803596e-24
1.2852568678197314e-13
4.424617481347273e-20
5.891266477586534e-25
3.127010782599394e-08
4.653418001723648e-20
3.2030282970818187e-15
2.1613543379817962e-24
4.0273374240896594e-15
5.326109658407765e-15
5.656345642009027e-13
4.1598020061206904e-10
2.1449109042906728e-17
2.1925648781386154e-15
2.4217752623257647e-29
3.6465707261083964e-18
1.9790175483606059e-25
7.6126717726840295e-34
4.7630761897449744e-17
9.083516213242765e-15
2.1513376864278127e-18
1.8699928764797427e-11
1.8178447237055315e-14
1.754365023847504e-12
6.45420656805321e-20
4.903204139883305e-19
1.9282480734640266e-32
1.3566914736925193e-12
5.716355414219575e-12
2.2851300159106976e-13
1.3047718635858788e-15
5.698672195419823e-14
6.841015892478226e-13
1.263101715347371e-17
4.83382153704099e-28
1.888985884192239e-36
8.363740629670069e-10
8.648059678742e-10
8.483626327166059e-17
3.742303418334138e-16
4.437074706714839e-12
1.5221244146712276e-12
4.7045307112163785e-11
7.727225570660281e-13
2.1433173313614927e-07
1.0850476754521571e-15
1.051538012991363e-12
3.2575220296459165e-08
5.569384798264973e-12
5.669958268678154e-12
7.858610135034341e-25
6.839092000285997e-13
5.319079607556625e-14
4.466404604042418e-21
5.234223463310646e-22
2.3772715612768007e-15
2.2187003091662348e-21
9.854082418580558e-09
2.857365399517764e-16
3.4732875433219218e-15
2.7228323481491563e-19
8.175452884904985e-09
1.0127119534008684e-07
2.072967452183754e-13
9.644017912093786e-22
6.922151964708094e-18
1.6737902588742636e-06
1.4945237662013112e-13
1.0556852294754442e-13
8.283019696341291e-09
6.573527889612724e-13
2.046696989121848e-15
1.93151514970508e-24
8.204656551091013e-20
4.615429951132996e-34
3.3790408554256536e-08
4.6599596889754285e-20
1.0334946027631078e-05
4.870141074721649e-15
1.52702144429038e-26
3.154189848457105e-11
1.592866011503448e-15
5.584285722939135e-17
1.760602640096472e-10
2.3149793207140838e-08
1.3584749996586057e-07
6.593661097974243e-09
8.558666895673786e-15
2.539927585211567e-15
2.2979144454744697e-17
7.678041784451091e-20
9.866636495359887e-05
1.4627842046619517e-16
3.9143922353775613e-16
1.3527030452516937e-32
1.5266282208006813e-23
1.8053720514151774e-15
6.090542080958252e-18
1.427635833689053e-12
2.348675751828492e-19
4.140431170869104e-20
3.6957397391320735e-17
7.353761079736294e-19
2.9070714496577723e-10
5.540066810086692e-14
6.19204125035224e-12
3.0477851934019134e-08
1.4416961886109407e-13
1.5968611678748214e-17
7.784188177715149e-08
1.4593322876410517e-08
2.189122494085169e-15
6.915100305503263e-12
1.0464804807167659e-20
1.0771791191955686e-14
3.033266734353639e-13
1.4126913365019933e-14
6.186134779209916e-17
2.0216513349674297e-15
1.1267071997358088e-12
1.0445761984008677e-22
8.706728396378933e-12
1.2679504451400114e-10
4.535306308461214e-16
3.267494624715924e-13
3.125216875861912e-16
1.1634945156990825e-07
2.2636309236493627e-15
1.2605520523977135e-06
5.025025924298362e-16
5.426625558065165e-08
6.5638485616867056e-18
1.0893647429915655e-08
3.558860328191761e-22
5.7586164537555585e-05
7.092364958059197e-07
1.4091844556065777e-23
6.65622332368348e-13
2.4583626608110885e-19
2.7531209541155603e-14
1.3510635031347894e-17
1.6869876136895614e-16
9.635940006139223e-07
6.10956402084426e-26
1.1307801241989585e-16
7.396344375037075e-13
2.7258744200309304e-16
4.730772377431926e-17
4.917534773545392e-12
1.3886237539883392e-08
3.109902798441159e-14
5.540066810086692e-14
2.1667274588968904e-10
2.968605655606935e-28
4.58759880924848e-14
2.0698844712452403e-18
7.934356024261399e-16
1.231203738945837e-08
1.6526595902722338e-16
6.938050037334377e-15
1.69175817524715e-11
1.2973132410923978e-19
1.4240412261351844e-06
1.8461345762458404e-09
1.7243722294533997e-21
3.9361653542874e-14
1.3059983725558143e-15
4.229525556532812e-11
7.170029291627738e-08
1.0419524788931e-07
1.5417773560629598e-17
2.7950532066662236e-16
6.151642970708234e-10
1.1932278183102444e-11
3.319814617073734e-14
1.7952526731795705e-12
2.708420347602123e-13
2.0146970139516912e-17
3.4764667446335402e-15
5.257120789217685e-15
4.9122957719950416e-15
1.7750030549018477e-08
7.913251807102696e-07
1.4406120120434472e-18
1.769552217312028e-22
2.263676927257693e-12
2.5699329028488736e-11
5.99535041422372e-10
3.311424379912949e-11
1.7007345173819088e-19
4.171865869108513e-11
4.5386686476359115e-11
2.614070572763101e-14
8.762262021676882e-18
1.4695643569424105e-17
4.6761446309514605e-12
4.086415419161193e-15
2.5756958117365425e-06
1.0229165107305849e-21
2.645614207070685e-13
9.463391499035465e-11
7.948758884405872e-10
1.6567475219878464e-22
8.013730781831011e-23
9.173817189304141e-11
2.1667286534306463e-10
6.853886916380293e-18
2.0035254774396794e-18
3.6180217974033715e-13
1.7437853906815811e-12
1.6717703015915365e-19
1.6892125549748245e-17
6.616140516606362e-09
9.42832067331804e-08
4.960822910295237e-18
2.328187474347151e-06
2.8504216379626534e-14
1.6338511659947458e-12
7.350071356859157e-14
1.429890054036399e-17
4.911612830212992e-16
5.956460752501274e-16
1.3359121045302508e-08
3.907802290321506e-09
1.5610484588540547e-19
3.7954960215816086e-08
1.2206219587112192e-12
1.4251639612536439e-15
1.0770681615940353e-10
1.4063858620282786e-11
2.8143666939349202e-08
9.16407515787712e-09
2.004077712832115e-17
3.5433771241340516e-11
1.91465851875303e-20
5.6868816722949585e-18
1.5559730505799396e-14
3.8954421990842587e-14
2.1874530061524692e-13
4.874751352202254e-07
1.4267307871078057e-20
5.188611549051197e-16
1.9246338330710496e-09
7.328975431059976e-14
8.605798322024809e-25
1.0041263130502292e-11
2.24013847259756e-08
1.6010960592245877e-08
3.48658825478348e-13
6.309665690011702e-25
4.2623894470720095e-18
1.323297017677785e-09
3.3053021408027366e-13
9.896350951710081e-12
1.2121377865101158e-18
1.0234274159801992e-12
1.0111656790876912e-21
2.248938323088274e-06
3.906300797094994e-08
1.0726984800817183e-10
8.055684084556117e-15
2.1135843020824255e-14
4.658453366593793e-09
1.4451048087062093e-20
5.32647800843948e-18
3.338681760358669e-15
1.4642438980495285e-14
5.268917132965204e-14
4.495174952171248e-16
8.723986390664834e-14
5.275200692745811e-14
0.00013454981243654434
2.6477980602898367e-22
7.933770925537455e-16
1.1598442107612632e-15
1.0530042980954391e-11
1.8047144796678285e-21
1.8487915877627617e-13
6.958644936613657e-16
0.00024767563560806476
8.087240771170196e-14
2.1996471958015498e-20
1.512677382605436e-08
3.554126747511139e-21
4.025700360265972e-12
2.5674101496496058e-12
5.533504266173852e-13
2.342348986328818e-16
3.5452068820206327e-13
6.958091273839014e-10
1.863599802451304e-16
2.5929237164857406e-12
1.4559106067013938e-24
6.80572159130678e-13
1.5996282052881403e-14
4.0061270078853178e-16
1.0144390325956714e-21
1.0201318024247712e-15
3.187220187702369e-15
2.1806359854885948e-13
6.020914691893988e-16
3.3537032139171284e-12
1.0762280093904468e-07
9.386922626158632e-14
8.627103181737953e-11
1.7604633168300042e-19
3.6361096302497626e-13
5.047757938424062e-17
2.7375172671207156e-12
2.119932808884564e-13
8.960742129658256e-20
3.045920070978032e-20
9.649252254686722e-08
2.749711131185001e-10
1.1054503307336115e-10
0.0044069476425647736
6.809657511117268e-12
0.000374614220523843
1.1524758063528023e-20
1.1141476498175485e-15
7.777564573857541e-17
1.3790051130989576e-15
1.4743971691138238e-09
1.4866154542391448e-20
3.5660288628609347e-07
6.002420155816025e-08
5.741232533270884e-10
1.32095272819375e-12
2.2215801275612405e-23
2.6860282676808427e-13
4.871337143052541e-10
6.685862190099445e-11
3.286450294329927e-22
5.474675127814741e-19
1.6475975132097617e-19
2.9951001204288696e-23
6.832643743445313e-19
6.642056396757782e-12
2.9313072477357192e-08
7.301477454157656e-08
6.433796937991974e-11
4.299073853551426e-12
1.413180823389776e-24
1.3934705084646883e-12
4.3739208914600405e-16
1.1263491977024239e-18
3.7269661611706325e-10
1.4653503892406812e-08
1.6433581376367752e-15
1.7466695692567806e-07
2.6566306273257224e-14
8.693672913102599e-12
6.091337723212757e-21
1.999597964400589e-25
5.4073256607548314e-11
1.2902316603525273e-13
6.856098078206339e-24
7.501427684960962e-13
1.7078045964523102e-07
5.257278153294579e-22
1.642743708888795e-07
9.483737335894927e-15
1.0718962081741988e-20
7.213974371478368e-11
1.85000595704172e-18
1.2535806951710828e-14
6.024082282768597e-10
2.1836054496032584e-13
1.9990746913994725e-16
1.5964873160328908e-13
4.622365699130676e-07
3.4373043680186607e-13
0.0001800556344532627
1.1595676756769871e-18
1.9378418890124145e-14
2.1409680982224943e-10
8.628140675491233e-16
1.5176023797399867e-19
5.166001514792283e-11
7.093808416136348e-22
1.1515481041153904e-13
1.2177552370210106e-17
3.868684479049219e-15
5.0020257103524245e-14
2.565911503636276e-12
2.0653846527107824e-19
2.6110737799549187e-15
4.340481419645801e-14
1.8530102596035736e-09
1.2041344869346274e-19
8.386214454218089e-21
2.0642947614991725e-13
7.029003152385117e-20
1.5545670540855623e-16
1.204511314161882e-15
2.7928395420159274e-06
1.6823914635952849e-15
1.0634236916057747e-19
3.6874363875995285e-17
3.9564909411854266e-10
2.6250195480604245e-22
1.2859377576318064e-12
1.631745512756984e-12
2.4721195833526503e-16
2.833370034157336e-09
7.377600630412002e-13
1.8920060054937812e-13
1.9282907622083272e-12
2.071174362799993e-18
1.7069137101722586e-12
1.4466858626590974e-08
9.657641283506804e-09
7.143045686353354e-17
1.7018559507769815e-13
5.1015053668824456e-12
6.019880626406641e-13
1.0141366888363096e-10
5.292826227928432e-19
2.6677670900080933e-14
1.717387719869346e-24
5.256954606167559e-10
8.027392681031667e-09
4.901782880607939e-13
1.9247039531055522e-09
3.223901303110133e-15
1.401661429767845e-12
3.2807302902920336e-21
2.1743227356403742e-24
7.272932138321773e-12
5.581997219929273e-15
5.225509619157794e-14
4.87382234902921e-28
1.8831038430825777e-11
8.016727225015358e-15
1.1337735037878094e-15
1.7400363094475716e-05
1.4813128956945633e-10
2.3056061811593567e-11
1.301477797995941e-14
1.8256432709286688e-16
1.332644738623847e-07
3.053823248117352e-11
1.653592986597919e-13
1.98126100470271e-21
3.4568198948927102e-15
2.696308978204101e-16
8.700219330712575e-09
5.694410092823785e-14
1.128105361387456e-07
2.457547161572182e-17
1.1922347869553464e-06
2.2117353923521816e-13
2.24859227616432e-12
2.3997763918421704e-14
1.9869550478011548e-17
9.112966874830771e-21
1.6963446521170618e-10
4.895769740469156e-10
1.2902964455076854e-11
7.250263476378291e-15
1.5824332170000043e-19
2.6512856255111314e-12
1.3771167032660052e-13
9.642737110191043e-10
1.2163107362295245e-09
4.32278995440602e-13
4.217926509383603e-15
2.3878484296809787e-11
2.27094251767893e-21
1.5641000623725626e-14
2.7972164466657416e-12
1.8524868711300473e-12
1.774041886842209e-14
1.6977081058281103e-10
9.76848625617747e-17
3.547746653912172e-16
1.3572190212629165e-11
2.040804804215655e-17
7.204310081359538e-18
8.170089754623634e-14
2.1562224136724653e-19
2.62090624598155e-14
3.6829499102483415e-10
1.9974603109486808e-17
1.519552380880718e-19
1.4184168803613253e-10
2.338779279336948e-12
1.5409410670026866e-11
6.970440614296219e-09
8.644909575065821e-11
1.0032615446074535e-12
1.2748409143737643e-09
2.7069759742632394e-09
5.2082540199442194e-14
1.0820614876529657e-14
7.259807224176001e-17
2.336874741188596e-13
2.894273271179609e-12
9.388981868556517e-10
2.8885137998653522e-18
5.014754666116094e-06
1.9406744475799333e-15
1.524291170143137e-11
5.50575813024007e-23
4.3940165469294664e-15
2.4008533598288853e-12
1.2337542118072634e-19
1.20310909217127e-12
2.944830434798065e-23
7.211641201096105e-19
1.1896918201184836e-06
4.464450611123037e-15
1.4216994586677514e-13
4.841332817386143e-19
1.2051608262751271e-11
3.4477505817761715e-05
8.990969773741624e-16
8.058558537704824e-13
1.115127136820273e-13
4.19363551686915e-12
1.8968127736284939e-10
1.5618070898155606e-10
2.8198749305259863e-12
3.715311710751167e-11
1.3597044788040285e-12
9.41239888871766e-20
0.00014495099983775054
1.1123031192614814e-09
1.7831600704865889e-10
1.1956942474269087e-14
2.247972047545936e-15
4.867906448764777e-09
2.6960683067237656e-25
7.499838965932932e-10
2.017583113258922e-14
2.132041615827445e-15
5.122516867231832e-17
5.185895539744898e-10
2.375364444742271e-11
4.1094929917706744e-22
1.0016684413548967e-12
3.5038204965773195e-12
3.3517079316912673e-13
9.402830405470388e-13
2.0430640569059048e-07
1.6229959851773254e-30
6.541840289570734e-14
1.1088362404447937e-08
1.5480301601944813e-09
3.3532108460615488e-09
2.250882165766249e-21
4.295797223521307e-12
2.491371810454164e-11
3.206047990307593e-13
2.0099659114696467e-10
5.1400621523175644e-12
7.447773089485531e-10
3.801316530242838e-11
2.1488608128384244e-17
1.172634226806592e-13
2.1480134342574946e-12
6.042334436916157e-12
4.458051884070648e-15
1.697528195054112e-20
2.6032848522780393e-21
5.506121537458994e-06
1.1504582204101256e-05
3.87661367426213e-10
4.37419836915423e-25
6.100601955542783e-11
2.693098692237215e-22
4.959860319955954e-19
8.814589698277248e-11
8.824685818058038e-12
1.1652784872443463e-07
8.44394344668544e-19
1.1515446873520847e-26
4.791023740296275e-10
3.852306200350521e-12
7.76850396029535e-19
2.4434912466140436e-06
8.223474499176617e-09
1.6045367266438598e-08
4.867950865587133e-17
4.6501746711946063e-14
1.5182701671813928e-14
1.3947020910801034e-15
4.1925451333889135e-09
1.6499980612188506e-14
1.2511009748529799e-24
4.1975582420076635e-13
2.4284346808463907e-11
1.2164779398716717e-20
2.8392653401182747e-13
2.2144533219904333e-19
3.538995161688903e-20
3.3530032646255486e-12
2.7724835266429127e-15
4.1292846357512596e-07
1.2453752850420372e-09
3.8350520582534745e-20
8.64965441055368e-17
8.457053149979554e-15
5.954196172233384e-09
1.525601424839521e-11
1.0413790396771016e-10
5.7157491171684103e-05
5.114941907834226e-17
1.7122723696680545e-14
1.013915878556126e-14
6.477590633858341e-12
7.70553033166341e-15
1.532546185944422e-20
4.825500344470215e-16
6.92485435190341e-23
6.763094201148656e-16
2.3206084519970412e-14
3.0047251744696707e-21
8.838441112519437e-17
1.658258759680494e-10
1.8729703208359517e-17
3.2577428702544107e-09
1.1481497487470813e-10
2.361945373446701e-11
2.165135431828574e-19
1.551155180766965e-14
1.4814587832426653e-08
1.3879107605401315e-11
8.631377796558149e-12
6.527849538407647e-13
2.0909599569368476e-15
5.181322340032723e-09
3.342990579088349e-18
7.914243833972462e-17
1.851887989101801e-15
1.2896521070488384e-13
2.373800605317494e-11
1.7545803417049473e-19
3.16129880873156e-11
1.7495565920098466e-25
7.341386458829666e-21
4.088294428079771e-10
1.5278015300403888e-09
4.022148040589841e-19
2.619361105743637e-09
1.318680336515312e-09
7.227987657947109e-16
2.0985170067091822e-08
5.936702623879095e-15
1.2038449149635126e-26
4.4294928434746915e-31
3.0616337797010026e-24
6.254433005507164e-12
7.891638849127867e-09
2.0206051928977487e-11
9.120309866086974e-22
3.2205226002298836e-08
1.0297813860470771e-22
3.7606660030283544e-13
1.9909700571328867e-14
1.701670961858212e-06
8.16959225471726e-26
9.982644963287346e-23
1.0053192759313692e-09
5.984926269981596e-17
9.217416923349484e-10
4.0426912994954854e-14
1.0607691047405646e-14
4.864238363147619e-08
4.832596889480809e-19
5.3246619648558685e-12
1.4523780620849468e-05
7.837027935690506e-13
1.5876688334206718e-10
6.187020581326721e-16
7.709085936289109e-16
5.494045225995043e-05
3.32929666378267e-12
1.2499781679237757e-13
1.7277020639557298e-17
4.858751442286603e-09
2.244584254869797e-15
2.041086189956898e-09
3.1618577200017182e-15
4.298104237970407e-16
1.9850048527872756e-11
4.577146944234252e-13
6.229649492869662e-07
3.116632664135633e-14
3.847258155310313e-19
1.25203839766266e-08
2.1606120055680432e-15
5.583290857896443e-16
1.7419410003419123e-12
1.0517285546274907e-13
1.6314821079548327e-13
1.1595836804837989e-14
4.1820999733442e-13
1.0961258087638034e-12
2.8209814314992682e-14
1.1682144242305797e-17
1.1684315934229293e-28
5.27083117957374e-13
2.5524178268238667e-15
3.193627756940209e-13
9.326574305527978e-20
2.512267223577852e-17
3.3189278451745336e-10
3.670800609186905e-18
4.425662428128963e-16
4.336215068517467e-14
8.720518972115196e-30
6.488433098651286e-14
6.75298362741766e-14
1.0900294247539167e-18
3.4898550523599756e-10
5.2138567153597925e-14
5.296882379209162e-13
6.954431515733008e-14
6.542158264025743e-14
1.2737448581384433e-35
5.212068972986889e-15
7.886400885385486e-18
1.0418311612644062e-10
1.2353671155384526e-10
2.4520310245586024e-07
4.3198700275909423e-10
8.700082135242475e-19
6.114779492979045e-14
4.365450832190076e-23
2.5212685565161198e-26
1.3686513304389623e-05
1.2196548348622125e-19
3.826038301063741e-28
2.5760768190836872e-20
1.0224737625963784e-13
2.2929446229512933e-20
2.8036773538644808e-11
1.3401210523043508e-13
7.115841199149656e-22
4.356677558806629e-25
3.897166076035947e-18
1.311814060405078e-12
5.839706446228067e-24
5.051425966396873e-18
4.914561553337085e-16
8.502368507055981e-14
7.462378554221057e-12
2.3783627145220456e-11
8.691457867756215e-13
1.8053481081607767e-10
1.0252414870216042e-10
5.268131464547476e-09
5.626380010447561e-17
1.823769663459833e-08
1.1233252004693936e-11
1.116142240679707e-12
1.1247892871645805e-21
4.040416042557238e-16
3.3573061424370727e-21
2.0667044960152387e-10
7.859903936874906e-07
7.557434608524459e-20
2.5716923448223924e-19
3.6237358550805336e-10
1.0466431316341653e-14
3.74924682391053e-15
4.7879011725293235e-12
1.6956212269187568e-20
3.5254309747921572e-15
3.6381050266459116e-11
1.901534883445142e-16
2.2477915284671236e-14
2.802163773360516e-07
3.8666500828394936e-11
2.929841198844699e-17
0.35391271114349365
4.303390643787407e-20
1.5441409396235635e-05
7.472156156566628e-14
1.2122204477115025e-10
1.433138671368901e-16
1.2605394643157638e-21
5.1643829493293044e-14
2.6945683560005126e-08
1.8455308634190285e-17
2.720782405041719e-10
6.237063756077438e-20
1.205306316201026e-09
2.61788027306404e-14
6.614041653914883e-14
1.1961742437663652e-11
2.1505466959448554e-18
3.806548195871975e-06
7.043448639616789e-11
5.64984596404864e-11
1.0433302113089503e-11
6.281698790295478e-28
2.0718769273476843e-14
1.4585551830551748e-07
1.3441083985846883e-09
7.264013098756042e-21
3.097311902388341e-22
5.1596175476222526e-20
1.1873579442967406e-11
2.112410648433322e-15
1.6352061278089407e-07
8.411957082650607e-14
5.963540044367381e-14
3.2174807380336234e-13
2.7898345732029796e-10
3.09343478152932e-17
4.0176539282784316e-11
3.869693262068615e-13
1.103905430359552e-14
2.2159887921883425e-21
4.2918642734652143e-17
7.822422741092212e-15
3.2515335711946326e-24
4.4373579568977087e-07
6.317713190023295e-10
7.438055703941571e-16
9.919331025314088e-09
9.883363059665537e-20
3.0691231118184827e-18
4.646004786607114e-12
1.6765790659831468e-20
5.900352049654517e-16
7.888363065412247e-24
4.3450782752382155e-09
3.648003943755128e-11
1.3540403132481647e-13
5.615181011572517e-17
2.396364126698965e-15
5.161990162839097e-10
1.000273399775765e-08
4.750286515299583e-21
1.5480517762125247e-25
4.656373395044697e-09
6.491374800408258e-14
0.00011000373957560754
4.0114576373769544e-16
2.6879639185545193e-07
1.0689989943586885e-10
1.5155905916355847e-17
2.3687757085066765e-22
8.72509378474858e-26
2.7260198544379823e-14
1.398865213113573e-11
1.9556368416672805e-15
9.20764783931353e-13
9.48596478896068e-12
2.731373830097432e-15
4.64902866573437e-12
6.613945055416801e-13
8.171433690979637e-06
2.825953898892044e-10
2.015689750851229e-23
2.2247939532277462e-06
1.5389288661971313e-11
5.432330138652139e-07
5.271666780004343e-17
3.212654667548857e-15
6.240033273399744e-22
1.810203838632494e-15
2.9120806315705745e-12
1.0160128026466347e-10
7.13533501120329e-19
6.289754720546139e-08
2.4566078507062446e-10
6.073199179028114e-16
7.250498393992124e-11
7.814919484979977e-09
1.2075818140684685e-10
7.81042895685678e-12
5.258726994199765e-13
9.584459726823757e-06
8.41039117448452e-16
3.315706552208507e-20
2.856119583366744e-16
3.663364453057668e-17
8.176689258173272e-08
1.0523842990691236e-09
3.078364464507915e-21
4.828028185652056e-15
2.9588018599447737e-13
8.82967593626282e-18
9.46920515279264e-11
7.76473642609948e-19
2.090194077310116e-12
1.158470149194235e-12
1.2446297391382388e-23
1.4136340631214361e-10
2.313685277696421e-16
1.4864655027778485e-14
2.9733078604056745e-20
3.1510468585369414e-14
6.855521148575385e-21
2.9467228470296655e-16
9.267835682073625e-13
1.6285068262367177e-08
1.8738936542449838e-07
6.656622175901771e-07
7.301926752681329e-13
5.511771079800863e-22
6.029977096322732e-15
7.519773853565079e-23
3.6539391916424373e-22
9.618891647062033e-11
4.3677221769947815e-21
1.1288943915420209e-13
1.7844106935909634e-18
1.8488548168340675e-14
5.838979403956968e-14
5.605094097664586e-19
5.721188207659251e-17
9.718509477301575e-10
1.7098678507647282e-16
1.2888759686673784e-11
1.2292449284653532e-16
4.663465051766581e-11
9.974021337838804e-19
8.323466920029827e-16
7.947209178412461e-10
3.6780489930260166e-20
7.721147722051378e-26
2.016421652915012e-20
7.612017746180708e-12
7.929000466107539e-14
5.1830639081013936e-14
6.189463109045269e-23
7.849387755259366e-19
5.321898346067866e-12
1.7038410695446655e-22
5.879130819960018e-15
2.9796219136103803e-24
3.871533442747122e-24
1.158853700143392e-11
5.247712028273661e-18
4.728551117685473e-14
1.3200185664659825e-12
4.2895195027722965e-11
1.3002427513724905e-13
1.011810897546962e-15
1.4036011944740917e-18
4.415238406414276e-14
2.1220280043582593e-14
3.0994857363153038e-21
5.292925226932186e-15
7.539304391039771e-16
7.696601680135384e-16
2.081861027420989e-07
1.6663290757617339e-12
2.4108354540900776e-14
5.073183019884971e-19
7.636200005526042e-15
1.8667352700553325e-16
2.054400957388382e-12
2.316126311467747e-19
6.708094704132341e-09
9.803200263558764e-22
2.245915490469521e-15
1.8265017113232408e-22
1.026403747440737e-12
1.7872004244176012e-24
7.275718382205372e-15
1.1414309404680052e-14
6.903453386567618e-19
7.53607252584731e-15
4.2373409509348814e-21
7.861981480693103e-16
2.6567922720890663e-12
3.2398115932815915e-18
2.9345053080401966e-17
6.344298972396227e-17
8.66584788561424e-18
8.291976771220262e-14
8.973214477042762e-14
2.3039076935385985e-15
1.5161223866644606e-07
8.943868824414912e-24
1.1919542573970485e-14
7.934942334724118e-16
2.8604051995971137e-12
4.020740577178493e-18
2.3781489968462752e-14
6.301127257851759e-11
2.1064158044415514e-11
1.5869831962096783e-09
4.9241148343351884e-15
6.853191701743865e-20
2.0472981447434294e-07
2.9917822427797275e-12
1.9954419039848106e-11
3.764775131371899e-28
1.0937970345606039e-13
1.8497757903986056e-10
2.684006638730565e-16
4.50190212670022e-15
1.6177611082738935e-11
8.633122501075112e-21
2.2762685576776167e-20
1.3613109394637055e-17
2.1966915167454455e-26
4.999413561558409e-17
1.2180735294558107e-16
3.7581507420868516e-14
3.3645309794713753e-09
4.1258459804822625e-19
5.853167578884703e-20
2.4861898829997524e-19
1.3740726376460379e-18
3.630128346708246e-18
4.586254689880019e-17
1.0931671365754927e-07
7.744457718216179e-16
6.201049943610528e-14
1.488510414298367e-11
1.2998312571951725e-14
9.40162711798822e-09
1.2789822934430821e-11
1.6287191622542743e-15
9.07501176881173e-13
1.5496719926393322e-18
1.2238110426333618e-09
9.647166593425205e-12
1.1828275219446136e-09
3.845434224471474e-34
2.750220126455443e-07
2.381806181027266e-09
3.5364209228071763e-15
2.975414540292559e-18
3.091911100668189e-12
4.2511013556159484e-21
3.226057988188673e-12
2.627085195960632e-19
1.5818501486206076e-11
1.8757629333367088e-14
1.0391612713489308e-22
2.0298211938377158e-13
4.245287554504935e-14
2.760567032775605e-09
3.165056187918364e-11
1.5334638844853549e-18
6.446308656543774e-16
1.1262115266617059e-08
3.845456851099138e-23
4.484567360135249e-16
5.464276099730434e-06
8.820764462851164e-14
1.0102033952425893e-12
5.6429871346239726e-14
7.453110102413158e-15
1.1637212189236376e-16
2.1897191900367996e-21
8.743599752935699e-14
4.628976309216459e-12
1.0596078968603352e-10
1.9207180251678757e-17
1.8735896110826117e-17
4.755682464154629e-09
2.696816969075551e-11
1.2176679121616947e-13
9.680134077571397e-20
4.362690925678524e-16
1.3605855385154149e-11
3.604950043927844e-18
2.2039072947657692e-12
2.2259836145221375e-20
2.5302769750928257e-19
3.5394911526612116e-19
4.323087375930876e-06
3.963212288551324e-23
4.566896211854528e-06
7.614676343185879e-21
3.3213935753413057e-13
2.570109512792493e-20
2.631068181940113e-23
1.4495927524488697e-19
3.1645113477297503e-10
4.2414110270484314e-17
2.7099279217836586e-11
1.069708955818543e-18
1.7198496347239847e-15
1.2215724491233578e-09
2.3124990672225263e-12
2.091973669799273e-26
6.96962831736366e-28
6.958642529866142e-16
1.1479751006391169e-14
1.5992372448571014e-14
7.423198644461019e-13
1.706828176704341e-14
1.0820099685795255e-31
1.0246211681019736e-16
2.6127188248051815e-17
2.515050526926165e-15
7.805928291336537e-26
5.360388603130368e-10
1.3571176392058295e-06
1.390424432289951e-10
2.1796957814612827e-15
2.9673220214827827e-16
2.5779471092922264e-13
1.928339206249723e-11
2.049635586770896e-13
1.7487255723338192e-20
1.4927220554761674e-15
1.1538158300298468e-20
4.01656021892967e-12
7.18868857747744e-08
3.1507291398272324e-10
1.0077607067753051e-15
2.5567597616393194e-07
1.5799223959757673e-16
7.772998953774742e-21
1.2695966248054599e-17
2.2222361848556386e-09
2.216128227394296e-15
4.874135281980269e-17
3.646922334768716e-12
5.07940596526215e-15
2.0412469362500385e-11
3.4369069832217686e-08
4.78043780089786e-21
2.9449408889553663e-15
2.7528365279730903e-23
1.971539762874075e-12
1.6589419127815656e-11
9.223367705071659e-16
7.091017677739288e-08
2.410673849648852e-19
3.3861716308880574e-21
4.317663511029641e-19
3.247794316017624e-07
2.0871271173458694e-09
2.308152623290721e-15
1.0997481630504776e-12
3.191991814885214e-15
3.1234073184638107e-21
1.082191582533001e-09
4.747993610675734e-11
0.005895436440387147
3.863846230432971e-12
6.0486745173023095e-09
6.291215924111745e-15
0.3835097849369049
1.299176491583214e-08
4.430248557846529e-15
3.418690408858533e-13
9.737590621499089e-16
6.6651991094485844e-21
1.2979675878866173e-20
5.2959743332027836e-14
3.6036953232839067e-09
2.6472738398772303e-12
1.6388307304173737e-27
2.6451806689587296e-17
7.879810232312219e-17
9.220613266919896e-17
2.5571075160214656e-10
9.4081713528627e-12
3.3819273378017215e-17
1.3871627408095456e-15
2.4538885471699014e-12
1.9661048482225266e-10
1.1496241303696558e-09
1.168128586833733e-16
2.426822232458955e-13
3.734708351008215e-13
8.735573859442039e-14
2.8678281579628316e-18
5.45386863269112e-16
6.078435548640403e-18
8.970655386689822e-15
3.352314229168988e-16
7.49784117289174e-13
3.2930609761077517e-15
9.071624190801717e-13
1.679315930628231e-08
9.147631061855357e-17
8.630209260036519e-17
3.685059626532761e-08
3.4824780304310743e-22
0.007677063390194504
1.148670656177106e-18
1.4243562520914399e-13
1.0268708541915587e-13
6.679631913850498e-21
7.410451571981117e-12
3.278695798099293e-13
1.2137398062250095e-13
4.341849871001021e-18
4.642476048037231e-20
1.9233519865846008e-10
8.8424920803494e-22
3.4250310746820886e-10
7.555483007715235e-17
2.6257636648290337e-18
2.6501206006393608e-21
3.968067721778248e-12
8.568132021298797e-18
1.1529948154495052e-11
2.0542786196410305e-21
4.0114925133591455e-16
1.3277241831096415e-12
9.39238678295068e-15
2.0259318037121886e-08
4.5800375851838205e-12
1.2941195874114008e-06
2.4057006261212145e-18
2.8360380140821676e-15
4.65317031006042e-09
1.047176937505188e-10
4.856040897829515e-19
1.3522783642304344e-17
6.332974856834619e-13
2.0738988007795653e-13
1.6717939649847107e-16
1.5364773679845296e-12
2.0014585226287342e-18
8.646603348032203e-12
2.991261560469051e-15
2.2006159496657511e-10
1.039148464607949e-18
3.4911056845998885e-18
1.30623341556757e-10
8.662620737744136e-14
1.121750382300032e-08
4.5459781415290505e-11
5.879350778566901e-10
8.990658723448593e-21
1.77072488874514e-07
4.162845713690823e-09
5.149791367110673e-08
2.8842838278199014e-16
2.553696914132106e-11
0.011508962612547469
4.713841987560202e-14
1.2336638659363822e-13
3.41165765808142e-14
1.5666326310376874e-08
5.3903414635148035e-17
1.3953225845586868e-15
1.7992891259257842e-10
7.704195937978285e-15
5.115486137684901e-10
4.040297792010698e-07
2.5067820512751043e-10
9.207395622595828e-18
2.7918852343183297e-20
2.6414734761050985e-28
3.909232644577627e-10
1.3799896471799444e-10
2.9236473475653005e-05
6.963843474216575e-16
7.0727323282355555e-28
9.241078642156272e-19
9.773707020027885e-16
1.577574143600903e-11
1.9545886545932722e-11
1.957766454942238e-27
6.4042295362855565e-15
1.7935658870244064e-15
8.182763571858466e-14
6.278963318820668e-17
4.586659370183344e-07
7.853254852448844e-15
3.938079959095024e-06
6.938515087195877e-10
3.405297028828015e-08
3.167186312701558e-20
6.132011977445104e-15
8.391417626388891e-16
6.778949564050667e-18
1.7837782348500556e-15
9.240331899228704e-12
1.9222811290319576e-14
2.5996365638927247e-26
4.414176491914035e-14
2.777912733504234e-10
1.4670492487177298e-13
2.1119479574586183e-21
4.523927700343863e-12
2.104940977011176e-19
7.90498800792878e-10
3.289588927496104e-17
5.670010933355096e-08
1.08421567522189e-11
6.273203090262464e-27
1.2521055174930687e-10
8.437756279946147e-19
5.688799528814832e-12
2.0910063939531618e-17
3.603094358046096e-18
1.0854549385514222e-08
1.1987186836958978e-13
3.405544598023641e-08
3.1199957759246615e-12
6.20337349542068e-17
2.2293785622595597e-19
2.020310028949681e-06
1.713818359358085e-08
3.1373689888147823e-09
5.152573872608806e-10
3.053527043102335e-13
1.9174171769256082e-05
4.251701255301247e-23
1.1173233650506196e-20
2.610559775877485e-13
2.5183731182846222e-11
1.3419850540071356e-18
3.218266910769206e-09
4.9209537347524815e-14
8.266195198004906e-14
1.1071500080180357e-14
1.3959917098004078e-11
1.1531595515972937e-10
5.477778979654027e-14
1.1329550640114565e-09
2.1102339813858251e-16
1.6829748015336895e-10
4.938961197053626e-13
4.511279271846026e-15
8.905924094558744e-23
3.529932958485412e-12
3.345282190988e-07
2.28781175420558e-16
1.1495880475428417e-11
5.8006876618074275e-15
2.1944739251088543e-21
3.891510686463307e-08
6.020278942301029e-16
4.008438069992334e-10
1.7691919343424212e-09
7.341501263180131e-22
0.00015269096119012386
3.22575853725382e-06
2.900186013758623e-14
1.267993084309784e-09
9.031063537645655e-15
3.478415808612869e-11
5.700371968775729e-17
9.837275342091563e-18
3.409707175453229e-13
1.397392643293581e-15
3.8398399928222046e-18
3.482576239803875e-20
8.588507722448542e-18
6.850480243038819e-14
8.397669626143219e-08
1.1525648430392974e-09
1.2848846150797393e-08
1.9251643191647332e-13
2.535594494053632e-17
1.1313686218721293e-20
1.6699115364978278e-16
4.033910476927977e-10
1.920016332615746e-23
2.101720911955684e-25
1.1231250122503092e-12
8.190278797452269e-17
1.8365002347911772e-10
1.580306834486268e-21
3.836251165195076e-19
2.774973898029585e-26
5.691682719918611e-13
1.2626504399673223e-23
4.056352992641456e-17
1.9203339117737821e-10
2.7456959160204125e-14
3.522074767180973e-19
7.262745143213014e-18
3.1633270058590755e-10
1.78137215088486e-16
3.819218197414697e-15
5.42777819834964e-23
8.172109672406155e-15
3.346006475105524e-13
3.098042510538175e-17
4.295569972126548e-11
6.284025480168384e-14
9.461055231569433e-12
1.664892909002059e-13
2.787368540610056e-19
2.869247108711622e-15
2.553446801612862e-13
7.584537179928163e-31
2.3949212109911817e-15
2.856774324327377e-11
9.773768716859919e-15
2.3750816433819226e-08
4.717476173643502e-15
3.799158565261344e-10
1.4272158982005012e-12
4.430405136116308e-09
1.7723031478856216e-08
6.33046412766715e-20
3.536714246773085e-06
7.833399428025067e-11
2.1558920196641113e-13
6.871400152280336e-14
6.531076120305544e-32
2.545258551193656e-19
2.049911504379343e-07
5.078829334272145e-16
4.870433565915635e-09
1.9811016698614294e-09
1.6328345880749892e-09
5.570365640603658e-17
1.8505913396418782e-13
2.876119645941288e-13
1.6832906250048878e-13
8.56766390733663e-10
3.1878681914176137e-29
3.906300165248174e-08
8.824673395222719e-09
6.083930601131875e-06
0.38693302869796753
1.625566428846078e-19
2.3701749265797616e-14
8.061556552326285e-09
1.0775838940798293e-11
9.523570056400932e-14
4.973671582812904e-17
6.513106905591076e-26
1.2931143518470919e-18
6.543310531949242e-12
5.720350566324834e-09
2.0865830341560748e-11
7.755677789896537e-10
3.448316669358147e-14
7.724599478354072e-22
9.642644975392438e-13
6.957660124454373e-16
5.4947384013888974e-17
5.331093172510118e-25
6.079699522009613e-08
4.233499345077987e-16
2.7614698063708432e-09
2.727406260276354e-11
8.842988730125435e-34
1.0472751904402202e-12
7.937299056446005e-14
3.6124211966547454e-11
1.4893865982942412e-16
4.081932263116463e-13
2.890168154959394e-11
8.283302714173007e-11
1.5528781357821824e-19
1.2978299742686599e-23
7.284667963609757e-14
7.383355620189396e-16
8.176881087569965e-13
2.2811841701081506e-15
5.119038854773503e-22
2.211917525222752e-12
3.5554206941856375e-10
3.4894162524743004e-22
5.220038961007721e-15
7.765819213256527e-13
1.0166536747907269e-10
4.3554753442605557e-13
0.0002048754600052462
3.416593208265833e-15
1.5619608661157572e-06
8.511737098530087e-10
6.989277395894081e-15
8.177800286766685e-17
9.999554041180502e-22
1.8703902260839902e-10
1.1371752071619645e-19
1.0286237574016132e-10
2.2703302524770875e-12
1.8439825312942414e-10
2.7754907628942272e-18
7.985241697701849e-21
1.2321061347589907e-34
3.627733434634683e-15
5.052825311302542e-21
0.00020285893985397957
1.7019302724393216e-14
1.0030460771634755e-09
1.0052074009502013e-12
5.94462088532715e-11
1.922353516331457e-17
5.23547467394985e-09
9.07311405324521e-15
1.6551084930242439e-15
9.411105824685392e-21
2.800620244169631e-07
1.8004122941734868e-19
2.594631694541153e-07
2.0899825532185553e-15
4.160097067008803e-11
1.927742869977546e-05
3.0956004897255442e-27
5.5138308278532555e-11
1.0647518937444745e-13
3.857433750522059e-15
1.46251505313629e-09
1.527462043197651e-05
3.788576039787765e-15
6.002361274177599e-12
1.0382776492681122e-10
1.2278276389336322e-18
8.803972499285951e-16
8.604806026279504e-14
1.7449916313167674e-07
3.3866883632897433e-13
3.105443259425223e-13
4.393461538866408e-10
3.3030041201173555e-20
1.1078920635706034e-13
3.863127631575257e-14
0.010407298801967002
7.089135049376243e-12
1.1235435074699485e-11
7.589664861700359e-13
2.156297821691783e-08
6.07444629345396e-22
1.6886227510342479e-12
2.8210553641964035e-14
2.1707550727152774e-18
6.751199183160674e-10
1.1433443348909745e-19
2.0793463300566043e-15
2.388821908070761e-23
7.090456012217652e-22
4.477174736480384e-19
1.8117018938819903e-15
3.1729509876783524e-10
5.575447660763346e-16
3.0601275168229388e-18
5.2840293668920674e-12
5.691369703763532e-17
3.1361689060496915e-13
3.6756496679708785e-16
2.183357599621085e-14
1.1389989782463984e-11
6.78494751657262e-13
4.758421492378338e-09
9.998231859292778e-20
7.985597727957421e-14
8.81030849103052e-19
3.5911706744883145e-17
5.842374550216379e-07
9.684378812541953e-20
4.999589546904051e-16
5.210446721194513e-12
2.0029619177147377e-17
4.0681487912837946e-16
1.0229402104604093e-12
1.489506462624573e-11
4.032295878774843e-26
6.452711307453317e-19
1.6012404557127202e-12
1.1470048937129217e-24
2.4171473571119107e-25
2.2409718455607376e-19
3.8681775405554144e-14
4.2749166914172774e-26
5.196186917947149e-11
1.7342165505602928e-09
1.6587265053915328e-15
8.694828254515303e-12
6.3071874161338715e-12
1.271876918946206e-16
7.857029069915428e-06
4.111292296951574e-09
5.933013828522589e-16
1.0785752272897995e-13
9.600733475361782e-12
1.1966156856013098e-14
5.584738149407073e-09
1.6619672610656838e-11
5.5110381878286304e-15
1.4872608346648483e-12
4.712346718317067e-09
2.809867476704512e-07
2.4696683502863985e-12
2.53132942061643e-12
1.1793832973902924e-10
1.8196302523298883e-10
3.082221826082993e-17
9.44467440416452e-16
2.4403788767560544e-06
7.899158522941323e-09
2.8869362302809116e-13
5.029469687031601e-19
8.095388530463149e-16
2.677541120992453e-11
2.4608601929663465e-10
9.617547758332132e-09
3.079785992990381e-11
2.6703839720901654e-14
1.2750867181275769e-26
8.40361074922942e-26
7.632086340040238e-16
4.589816676028151e-18
2.401795488685967e-15
3.9188439392946444e-15
4.1185233839860353e-20
3.5288904603564814e-07
4.183598004059358e-12
1.7465350452860727e-12
1.3243381055699837e-17
2.917113306099598e-20
3.8015095031580425e-11
2.6984333869585673e-18
1.1726759820054228e-11
1.402072905386389e-14
2.061535640397636e-14
9.013507095734414e-16
1.4033296997177396e-08
4.402018773239954e-13
1.3462883382496024e-19
4.4213780518174326e-14
1.8888215979359424e-14
6.785808139841257e-15
4.867220723372019e-09
1.405299184380781e-10
3.6554289047660277e-10
5.539525984969419e-10
1.3177011793061843e-15
3.736944404612084e-21
3.2000234423060606e-13
1.0730960898823188e-18
2.2400206821301675e-10
7.674525370993787e-08
1.6977439584630958e-07
0.3309832513332367
8.496939085017294e-13
3.0798781733456228e-15
1.51360483843731e-16
2.837560286154553e-20
2.297253775539971e-15
7.252848938927135e-07
2.7344196465332174e-08
2.678676978456207e-12
3.795634708064762e-13
1.8615654979784711e-09
4.3375345788478695e-15
1.379791980411341e-27
3.708562131274087e-05
1.578258386436208e-13
1.442446932255259e-22
9.326914665383986e-10
5.275304664653009e-15
2.7909816933530555e-28
1.4140419572234027e-18
1.818028813432889e-13
3.3291408879506117e-12
1.93740941330086e-15
2.972140055227069e-16
4.1242443654677675e-17
6.544373404218434e-30
1.1914717160530695e-12
1.6696641313718478e-13
9.355029640633123e-19
3.6924122407537e-18
1.830860517426535e-10
7.826391858965799e-13
4.156577964385025e-12
8.759341398547856e-14
3.445176789046593e-13
3.15055540439298e-10
2.836803356963603e-15
5.128469167395035e-15
9.675997116126148e-14
3.9485785894893336e-19
1.4866317664973402e-09
1.7368930632980573e-11
2.1077145117438087e-18
2.1806765951649993e-10
3.219912582208805e-08
2.026738159146601e-23
1.7415887770235397e-13
1.6363910581013657e-14
7.00508101784755e-14
2.2613946718421967e-09
1.4372670743526952e-16
7.119145595883648e-14
2.3945860499597045e-16
9.784396564013302e-23
4.21486151079922e-14
0.4885545074939728
3.717737629649276e-23
3.910775679136512e-13
3.4399858142290514e-06
4.93601898485894e-14
3.136338557355407e-23
1.4856604608837852e-15
3.753630460532972e-19
2.6694506911891054e-18
7.961720999001077e-15
9.458044181851048e-19
4.0332313952310494e-17
7.293957437410393e-12
1.693506269546763e-09
2.4495511634876704e-16
1.012082312856271e-09
2.3488858926009626e-09
1.565202089002058e-17
1.0134018179911384e-16
5.718401226138078e-13
5.869307285578439e-16
6.644820534356777e-11
9.980358357789847e-23
3.645012758552738e-16
1.800044844221991e-15
2.670429946934815e-08
4.076777399136135e-10
2.96801103290145e-36
5.791864889525397e-11
6.340954386488784e-12
3.261323569400096e-13
4.245444211198543e-13
4.4470294497026494e-23
6.995376128469069e-23
6.722121696567596e-18
1.040838063175944e-12
5.242199819154684e-13
2.5619081039916843e-08
5.924140783380536e-15
8.325389269381155e-26
1.600977731481115e-11
5.184639704513333e-10
8.866668579170455e-12
1.9248229559887445e-10
2.501070995989986e-13
3.040849995927644e-17
3.2783422024411405e-13
9.394607452099347e-12
1.475079013446025e-18
5.920579273827889e-13
9.655810423692162e-13
1.9144074993632607e-19
4.306623415740618e-08
4.122848756175821e-06
1.1605432077649962e-07
5.48529482229894e-17
1.6521334604987676e-15
4.545979910521101e-11
4.488502104837892e-13
1.1170132888773045e-14
1.4306529420720597e-21
2.9285128244622923e-10
9.368846103286575e-09
1.1212340020817483e-13
2.840273408538171e-12
8.614315867613636e-22
1.3174636826833767e-18
7.396833718678269e-15
7.44158824431073e-21
1.3864892990475849e-14
1.723839265442207e-10
9.44568812422299e-15
6.963324953649891e-13
3.951344732290143e-12
1.0713793920209404e-16
5.674793950652586e-16
1.723730343415692e-13
1.2373569826844268e-08
1.0001296855541211e-12
3.6024217671467607e-13
3.273388558796632e-08
7.076803012895401e-08
4.34015834273431e-12
4.1475396585435935e-17
2.4862369520822634e-17
6.297761165735426e-15
1.633442951150306e-20
1.1173581429791415e-22
8.608742216584469e-14
3.9954326970130604e-08
3.811201247927518e-17
8.328756547716895e-20
2.7340158324697424e-19
4.741891308286224e-20
2.977971254188832e-14
1.463173978769465e-10
3.959516787497907e-13
5.041411518256938e-18
1.905608843370745e-09
3.786633176157154e-10
4.455724764875059e-12
2.3171253444476647e-19
7.678353785646894e-09
1.7385907544381966e-11
6.075990019297788e-22
1.9876584588885225e-10
9.189413610791073e-08
2.9460727208352405e-15
2.2575271486920226e-13
2.3377512070057462e-23
6.921382438606846e-14
1.0394277974624015e-09
4.433882271984276e-10
3.687471754682928e-12
3.919462398636705e-15
8.294136911745877e-29
2.4538984651751562e-14
6.646786323362785e-20
2.8190294762351805e-13
1.219181617881397e-09
3.165308302477666e-05
7.751712549978304e-11
9.390962865796548e-18
1.9954390228786332e-23
4.440645317699815e-12
3.740808399973444e-11
7.44604160563099e-23
4.6667479252137146e-11
1.4492016853204026e-06
1.1893448088931674e-18
9.406763972826246e-10
8.630291423995957e-12
1.6298680181357657e-25
6.665746563035224e-15
1.4977551018769476e-15
4.6287457090394105e-21
5.733087226745012e-17
6.360528316751265e-06
2.977906821865683e-11
1.8696256287227245e-16
1.8268906551928673e-08
2.5041794777218238e-14
1.0961685173427963e-12
5.469939746086871e-23
1.2728487894709614e-08
2.281636088843958e-12
2.451584809870684e-16
1.5092272748056027e-18
5.20820931353033e-13
8.35168889787593e-14
7.992280058763695e-13
3.577528094788609e-11
6.936940753206456e-16
1.318043181292771e-07
2.616994260822492e-10
7.053621658168784e-11
6.810143438861262e-17
2.0510921501153883e-10
1.295796959596708e-13
4.653165483785052e-12
1.5254644976131882e-15
3.708511146985321e-15
7.325121428248887e-17
2.7804740479757537e-07
8.838949503323423e-17
4.746858550798397e-12
9.036197471830226e-30
5.95249430128044e-11
2.2470903121180398e-32
5.853963446020277e-17
8.587446670065212e-13
8.8795252350053e-19
8.381136240863378e-10
3.884676746412366e-06
8.566802922676038e-13
8.508459823460945e-16
3.648273056216195e-08
1.6820119863051165e-18
5.608192582843292e-11
3.8045035313978284e-13
2.0332133709322113e-17
1.3849316813004128e-15
1.834867654605696e-15
2.497138200390278e-19
4.466374335796207e-09
6.06385609305514e-20
1.820556372534899e-14
4.248592835361896e-16
5.4323429071607707e-17
5.7339578354766434e-12
5.562372025725228e-14
6.895349004461715e-13
1.3990558645607728e-15
5.335702287075556e-15
2.2572213098486755e-21
5.984876258121617e-27
4.202609260221068e-15
1.691820866329073e-11
2.647312246716531e-10
3.3057449535408166e-08
2.4044397720124383e-06
1.9795715208141554e-15
2.22864720978436e-12
1.209799242715398e-15
6.619539469396357e-18
3.66928322310737e-20
4.6690797907346434e-14
7.585558577623627e-10
3.2171786201682614e-17
2.462430502159379e-09
3.871653892341927e-09
7.125048779722915e-17
1.2072542855736926e-16
1.42620971757496e-12
3.1000328472653886e-17
2.3044628920026858e-15
1.8087834947646747e-16
3.721142397305784e-20
7.24629176890661e-15
7.494302073180829e-10
4.733621293309404e-18
7.043442474602839e-12
6.614670082987513e-25
7.103882298861644e-16
3.901683214801684e-15
3.7333680953053504e-15
7.834805006009247e-06
2.3273877251517033e-20
3.942048389504216e-14
2.0737433859518797e-09
1.1132244409605622e-10
4.6855944976290956e-15
4.093719381857232e-12
6.834805459487149e-17
1.0586439995956425e-14
1.5507922175460103e-08
2.018336828346337e-30
6.446141318192486e-08
1.5512899065570753e-12
1.0427714951652308e-11
1.6072528864065736e-16
4.0415125087080506e-14
1.0437422355093715e-11
3.5619352508062546e-16
1.3103797181250398e-15
1.3053405808587247e-11
2.264630930365268e-25
0.28719717264175415
9.563193037198067e-20
5.659213213088567e-17
3.3054755936275323e-07
3.5880216396380738e-09
7.30347734018334e-08
1.5475020534241361e-18
1.6417746123315818e-06
2.783961908795249e-14
1.7675256520321166e-12
5.790427335884618e-10
5.207389330244576e-21
2.354932246088531e-10
7.8682780180612e-18
5.849096908509063e-11
1.5240465552566293e-15
7.269789199152355e-13
7.382899514030663e-12
3.1906309669684188e-22
1.1031543475770106e-20
3.5359708079828835e-10
1.75155589730499e-12
1.4465974929045824e-15
1.0272111971627591e-16
1.6963218341637156e-13
7.672958162640729e-14
1.1356375759608624e-19
5.144603782542189e-29
6.468335168122585e-08
3.70133879620853e-18
6.411860169656055e-05
7.662029673960119e-27
4.536711645073841e-18
1.4234638441913163e-13
8.680775364886103e-15
4.1590960768916894e-12
1.0029664912934342e-10
5.146012186454083e-20
2.2499911398479074e-12
1.2652914258823314e-11
7.604575388160194e-30
5.680343041463114e-17
7.984466587375113e-17
1.0984187692108224e-15
8.665178228925866e-05
5.008702408939212e-13
2.0562650987929023e-14
2.4218255209992255e-10
2.6241731521328727e-14
7.364540003393897e-14
2.2575227334995174e-14
3.260070421025137e-14
5.540065439478819e-14
1.5906618112365063e-11
5.926525697968536e-13
1.2894238282412435e-16
7.675356493714393e-15
7.350499879382835e-21
1.3396172198367392e-14
1.215352461207914e-21
1.0833262077484593e-09
6.78321236412825e-14
3.362106639916751e-20
3.485832620960806e-21
4.854352892630095e-20
2.6279882512213714e-18
6.607765556059013e-12
8.071886459379697e-14
3.3386057871735602e-18
3.761388146643216e-08
3.6473748815775666e-12
5.5998668786172904e-18
9.320957384328618e-15
5.397687801345376e-12
3.3677009819486317e-15
3.664373937171865e-21
4.992226551462492e-07
3.379263382713796e-10
6.7566337280001575e-22
1.6029748186741227e-18
4.73008751611403e-14
7.802166662315633e-14
5.2902812369095185e-15
3.5440447445992596e-09
1.329679891159526e-06
7.160629615102795e-14
3.940914532716138e-09
4.262411619204467e-18
6.028859010773074e-20
1.071077202752142e-16
3.7792808191837546e-15
3.0678399225544665e-23
0.0002152123503783365
1.517356507928941e-14
1.5842551071961463e-14
1.3228637084405318e-22
3.513657302305555e-12
7.506505849797633e-13
6.238409951524012e-16
6.190064058724077e-11
6.353087597553082e-13
2.7113956438459034e-17
1.4680155349487368e-25
5.490888622859269e-13
4.5397121723057325e-13
1.58027960379548e-14
9.591346333496014e-23
3.7864090030535303e-16
4.3150219434347304e-13
9.89600430207978e-13
6.281805286696586e-21
7.964322080060953e-13
2.4346013532898438e-17
2.835687027881158e-12
6.194196399352656e-17
3.843484443165062e-20
2.7389643459042995e-09
3.5011815184807695e-10
5.4455195229062735e-15
2.7129168127513788e-12
4.490822282194222e-14
1.973579722583739e-24
6.414574806675014e-11
2.920956168978856e-11
1.1745704064408662e-12
4.60418296443061e-09
2.1993262478143232e-14
1.275791944706492e-22
1.368996167099692e-11
9.642241669678971e-07
1.487469613816505e-10
1.3381604353358602e-08
1.2349156608831613e-08
9.197231025995391e-19
4.4562723507826666e-05
2.326420289010862e-09
1.1052096559443701e-11
7.377421771548793e-18
1.4223955920586654e-12
6.931299497890861e-17
5.642897050819364e-16
5.099000144087226e-27
1.6583935679265936e-23
1.4916770662569208e-15
2.1140011582160303e-11
1.8559064055929182e-22
1.415050607629621e-14
4.3703726970647764e-14
2.5567621347397467e-15
2.3085544355944197e-16
1.6437021300853605e-11
8.077471224333263e-12
1.0408263735832088e-16
1.056618334662589e-09
6.682371028626072e-11
3.2644017264951713e-12
7.650427454782108e-11
6.615409067666801e-15
8.975399835129235e-26
1.5793011808538765e-14
5.516083244182604e-16
1.134996940502259e-08
1.723138541587477e-15
5.035532867180851e-12
2.753867020282675e-11
4.27013465422065e-07
1.5614163788179708e-17
2.315360267530005e-17
5.4066879763609774e-15
6.902983644018985e-09
2.2138718953004159e-16
1.8312191011423457e-14
6.09517666736413e-08
2.337529476594987e-08
1.8818016881897035e-15
1.8018307217068143e-13
6.6382621353631005e-12
1.882702479595701e-11
5.827385093337999e-11
5.560366018774543e-16
1.8471957798597487e-18
1.968185244805235e-13
8.623947419558402e-21
1.2426833158381606e-16
3.349255443394125e-11
7.611825615091784e-18
7.647495650132806e-17
1.0093783287488404e-09
1.486181076036751e-13
6.288424658608024e-16
2.2421774811749446e-15
2.176558288919547e-17
3.634811918020956e-14
5.85690855008387e-15
1.2506468479813685e-14
1.2224189827429084e-16
7.018203947171594e-09
2.6544647533953635e-15
3.13741018499291e-20
7.574237466286366e-18
1.0278828589721202e-17
2.6250813368928474e-09
2.6975532590958797e-09
1.53731595213308e-17
9.129499935665537e-19
3.6849125830762245e-16
5.265082877138911e-19
2.2310492003385962e-11
7.020828517487781e-22
2.3271456781024743e-29
6.151869947872524e-11
6.471397418317353e-18
4.931750253393046e-15
3.115754982344933e-22
2.9339798054202045e-15
5.396311045153197e-23
1.4090461701364907e-16
2.887741497567474e-19
3.47538513098735e-14
1.32433717196769e-07
1.0392230597112284e-11
9.602039203090586e-12
1.5364060328457541e-13
9.225276852403885e-15
9.146713627474824e-14
1.1188261644645347e-19
1.090804503421954e-20
7.931615997000688e-11
5.986315600161891e-21
1.326583378941489e-07
2.703479392035562e-25
8.860705904353468e-20
2.0607682698040303e-11
3.8102742286165166e-07
5.654821720648022e-10
0.00014442070071547103
6.376769660252561e-18
1.718443913541295e-11
1.373441017208482e-07
2.961678244351255e-17
3.404161454377827e-13
1.1118590967712972e-09
3.912014148001816e-18
2.406849140893916e-09
6.555449095655219e-08
1.9577044620301476e-11
1.4431108005936425e-16
1.849433796785368e-12
8.46391235567546e-09
4.0454521577716564e-25
4.199999432198176e-07
1.2529113254833869e-11
2.302203866974736e-22
2.7151768293542928e-16
9.596216497782859e-14
3.327349996543736e-12
3.6963871774588144e-13
5.135463699261968e-15
7.87458903619916e-20
1.2341216375819983e-14
2.1900256577696897e-09
2.1765475948388588e-16
2.150772657745653e-11
3.717051537599439e-17
5.237528739073213e-18
3.5612553220357304e-08
3.781030975696316e-08
2.3167100097031826e-11
3.232297498169377e-20
1.2303235896513417e-10
2.6320163133539965e-07
4.522505449668734e-16
2.1738558824433246e-18
1.1317572033675066e-13
7.910348797150183e-05
2.0122473818632608e-28
1.6566032379962281e-19
3.819328042748097e-16
3.317188023537658e-14
1.8182732545805604e-20
6.099524589354606e-20
2.708359334466472e-10
3.8503938057340674e-13
3.473570857679557e-16
8.378846934439649e-19
1.0784973691334181e-14
1.2589377961163085e-10
1.232762687598675e-09
3.7623209374510584e-12
3.6678056579841516e-14
2.5879532893956197e-20
2.3448795092459113e-15
1.576527131261395e-11
2.8849101711316826e-09
2.0560466710890642e-14
3.15531022019688e-11
3.326431810174672e-21
1.2722786496195448e-19
3.071104851816154e-14
1.9287685268669152e-20
1.9491412805332693e-15
2.543070362892641e-15
2.6556148211910014e-21
4.885201141170442e-33
6.500142105146296e-17
0.011693108314345446
5.596919424193903e-13
8.263348170315181e-21
4.790363076147939e-20
2.2046494271716857e-05
2.1333322921816547e-17
5.464268265240105e-12
0.0009457742479076076
2.2972390585587205e-07
2.2076482413706773e-13
1.8275704806670748e-19
1.3888728801451501e-15
8.275720190574401e-14
6.906068020539312e-14
1.69524101921379e-10
6.507515042621744e-13
1.2127337779375734e-12
6.769763679618311e-20
9.356944680482539e-14
4.4650319183383065e-14
4.584367244412054e-11
2.4587624165574437e-18
7.839702339295827e-22
8.174137870217343e-17
4.396420914303025e-14
5.945153725061454e-11
2.963524822851755e-28
1.2539659741857058e-12
6.731435954077325e-13
2.9992019744083727e-16
3.4516202043304087e-10
9.21553037458863e-17
5.435756726133567e-14
3.019015231858222e-13
2.026143855356866e-28
1.2605801390264764e-17
2.3474329407694644e-07
1.9414215702076805e-13
2.0712584168279086e-15
8.369214005668494e-16
1.5748461602143007e-16
2.858481808129073e-08
6.897594258832356e-16
6.017305225623833e-09
6.875591199616396e-12
5.72225301633544e-16
4.5302033000559094e-10
5.532663488957534e-16
2.4199037781188393e-08
1.4758181529642412e-10
5.152630561996076e-30
3.2410062675611916e-15
1.0515446459652143e-08
1.5234259137936172e-23
1.3173903726930331e-11
2.87631928474356e-14
7.772696902018028e-22
4.959901057506036e-19
1.370204119446618e-14
2.1831090690035913e-05
9.163037612627735e-11
4.4799833707730356e-23
5.433355917693385e-09
1.2172825600451583e-12
6.66395696383696e-16
4.379970684212327e-22
6.050301027336123e-13
9.407838311220131e-13
2.880170439564501e-15
4.00632129811619e-06
3.707432242900227e-21
4.827849389309035e-14
7.244867380086515e-14
1.2105293639053003e-23
2.4974094249462692e-12
4.338087425262426e-22
7.6816867049406785e-22
4.443080425960672e-14
7.227622646844502e-16
1.2352511032235596e-17
2.0781080051247604e-15
7.839489976809101e-11
2.9283878383929526e-10
6.09885663450754e-14
2.6298721107250253e-09
1.9032770884340583e-07
7.011893793074863e-17
1.3330768899374634e-08
3.5289634770053407e-17
6.2267805736467615e-09
1.302456649507108e-18
3.187272981981375e-17
2.685362067136028e-21
4.952022013134005e-15
1.2677902927597487e-22
2.450559405293471e-14
1.452137916975184e-19
6.713082271644991e-31
1.6435941781028334e-17
1.05680001989876e-17
3.2076566688328164e-11
6.375666949806141e-16
3.2980592495580682e-15
1.2533946277305626e-18
1.6734209577270374e-20
2.239715112301542e-17
8.182850027573099e-14
4.694964898097606e-13
5.424604954744773e-10
3.241449051628726e-30
4.181913603189021e-10
3.6733870260975466e-12
1.1696304546392425e-12
4.501067965717765e-12
1.3825322130029846e-17
8.240286033298693e-23
9.577462210635544e-16
2.0285945765111495e-27
2.4294859763464015e-06
7.287085992797229e-10
3.265746163899125e-10
1.4550602064638214e-17
4.423225037385313e-21
1.4040068559119648e-13
8.863105843604783e-16
9.707667509026843e-13
1.81559011991979e-13
2.0260763262577882e-13
9.575130724545718e-15
6.809123798518877e-12
1.4394175310001464e-14
8.18849000091398e-15
5.250049923799555e-19
6.34066147567302e-10
7.129858276241492e-18
9.113012917864032e-22
2.3002483590499403e-15
1.689780391914441e-14
9.394233413522908e-11
1.5905364777068863e-20
3.462401880508184e-08
5.957946476512613e-16
7.72606933390696e-16
3.605324484827877e-16
7.847283939844595e-12
4.029230979397571e-16
2.710607423155819e-19
3.82036017661707e-09
6.299815943914249e-14
7.939380076933898e-11
3.261067785695749e-22
2.3454376739295622e-17
4.161883593811422e-13
3.0382876641290877e-29
4.750272106659355e-11
6.755972669227162e-14
2.2835455105722905e-13
1.344541256269483e-13
3.646924414102522e-12
2.138759049498944e-11
1.2394644989510528e-22
4.624725203153702e-14
2.2082440601919054e-16
3.78129885441556e-13
8.963565125723385e-26
2.0557249175495897e-21
4.55346754011072e-18
3.691463486049462e-13
2.884236119163775e-15
3.2507269732012458e-12
1.7495966582226763e-14
2.895800394985458e-14
5.153930686350779e-17
2.079113914886108e-08
3.967686651417429e-22
3.719323812588674e-11
1.373462068048841e-13
1.1917293132089201e-11
2.526432731921812e-16
7.312587690759672e-14
2.9904105632140105e-09
4.745957342577683e-13
3.054927866869986e-12
3.796541939010856e-11
2.283722583255271e-28
0.00011972390620200415
1.2166485200581534e-21
8.474927543121448e-14
2.2465951989197756e-25
5.44761957797505e-08
1.761569180293897e-11
1.6113423430773544e-11
1.689351554362546e-24
1.991561299613725e-18
1.7694974379000325e-12
6.97368086357506e-18
2.0931297868561014e-07
4.3949089835704965e-20
5.168487191148192e-18
1.843390294620253e-18
3.928658314371824e-15
1.9691115557764837e-12
5.354756407565568e-26
1.8004202196220236e-14
6.89669576210168e-15
4.483587835115939e-16
1.9448130992780188e-22
6.884303993601097e-18
1.8009277247291312e-13
9.109715856183275e-13
6.44641437684003e-23
4.645648041134346e-22
5.212775452074982e-17
1.2977958330706544e-16
5.137350989449836e-13
4.7416032959840905e-14
2.4971459411555775e-17
2.7463622752767592e-08
1.311082908243385e-12
2.507546593559375e-15
7.772885067947799e-10
1.047827736497363e-11
2.2501964407957196e-06
8.601294696499662e-14
7.888588192575342e-07
4.876820871088067e-13
9.793206512218677e-10
5.7649286110612276e-11
1.275702007049765e-10
4.563206223746689e-13
2.0405205756429526e-25
4.8705769340856264e-14
1.1249257697744807e-13
2.360116346766208e-08
5.691089390883596e-20
7.834116011163426e-09
3.635288970520775e-15
1.3974344714308302e-09
8.862525763256422e-12
2.5345983730333576e-10
3.915906374951549e-14
1.543808980707223e-11
7.332997087671999e-14
6.196497631240913e-10
5.198899767711007e-12
0.0006910969045586246
5.114507368312829e-11
1.986095346705283e-12
3.959330516061496e-15
1.14082458597469e-16
4.990847078681024e-23
2.2931080298599036e-16
2.9142888252112564e-19
1.3644226206954678e-17
1.0718306556574947e-08
4.65905849841346e-16
1.3526620699136062e-13
2.7391939817354327e-09
2.2495849895720063e-20
1.316709304461971e-18
2.6574635524747078e-11
2.2078759060393904e-08
1.5378916337513747e-06
5.999756372459137e-21
3.3532346209864167e-07
2.8033930014522872e-15
7.039663021654157e-11
1.4187785169119115e-13
1.1585078883286434e-20
2.8900139024922557e-13
3.7048918400242105e-12
9.359668768466204e-21
4.0729757651792266e-11
9.142759271997838e-19
2.1130890544926918e-16
2.7372216069600726e-19
6.280848566918752e-08
4.3376183592672436e-24
5.3041481670965276e-18
7.308745499808574e-24
3.4146324572967015e-14
1.7429361306544414e-18
1.1088361778028696e-08
2.421882296064893e-15
4.641805541378521e-17
7.319216813943628e-16
2.4097832495352836e-08
1.3417189804764644e-16
7.307370231360056e-14
1.0274970143820966e-16
1.4860938880624744e-13
2.542743002206179e-07
2.057125632672923e-16
5.680375731411438e-10
1.0804180450176232e-14
1.0740483630806613e-11
9.025668081233192e-11
1.191329791715617e-25
2.2714645309823765e-05
4.0515750944106084e-11
3.710199505682811e-15
6.184893762205187e-14
1.4080782243530798e-07
5.020525233356476e-28
7.354626446935938e-17
9.014453035664941e-21
1.9235530561462566e-19
3.97220239240578e-12
4.0199053922296517e-25
6.156972700082564e-25
1.4489135200858974e-12
5.576475251756471e-09
3.4230575033871315e-13
2.2983781562032756e-19
3.0538566604596967e-10
5.828914576625878e-14
3.354511909256296e-11
4.569052453063414e-19
3.2011136163231414e-17
1.230249511389445e-07
7.046187785452903e-14
1.8059590765363165e-21
1.304241849077122e-10
2.536383597179104e-16
4.53429059804614e-11
5.996540796663574e-21
7.267239914947341e-09
1.0279153562482722e-09
1.1302338631156331e-08
4.361302057731645e-17
2.2062127662160682e-05
0.0071396737325167825
6.965884429414728e-20
5.364556700129128e-14
3.375995071190848e-23
1.37747307694715e-21
9.082254107384064e-13
6.784555090312994e-16
2.9764060722501853e-19
2.6773015753004504e-18
4.802844760537323e-12
1.2191753017938888e-14
2.7313483194483426e-18
3.89266816716148e-06
2.279457852912888e-21
3.037528381420882e-20
2.0746886900252168e-18
1.9935128597172357e-12
3.8815795774370173e-23
5.865542827634759e-20
2.2093788124762766e-08
4.379273493859397e-14
2.012329041675962e-12
1.0107918692994972e-09
6.974984787959597e-11
9.120842607572358e-19
5.039258482087065e-09
2.15982067499048e-09
4.225953736523604e-19
1.8941337697531175e-19
1.2768918830477555e-14
1.338774807653206e-11
1.0521168112514214e-09
3.0181696433325805e-13
9.976205941256119e-12
2.183662460925715e-16
8.476744994817009e-26
5.079929898357166e-16
2.297778884742081e-28
7.82260075022329e-19
1.0725130363805094e-18
4.3619384775767007e-10
6.180109229597877e-16
6.963935913693714e-15
1.592965509015481e-17
5.709182624812292e-28
5.327029096305369e-26
4.294498985077033e-15
9.088597308365294e-12
8.946717670831007e-14
4.4644248994224565e-14
6.758695657482212e-16
2.803664670507244e-16
6.320533655128086e-08
2.2311590539107428e-26
3.7630236482253464e-23
5.876542952661674e-15
5.338798709480384e-12
7.194730187121032e-15
1.2561005049312155e-19
7.6165673155884424e-06
2.841408969060121e-13
4.0188893147223714e-19
3.677731510143277e-20
9.180037833099486e-09
1.294079128654467e-14
6.840580277890072e-13
1.6147271665948576e-12
3.841238879637644e-14
1.9406018974678263e-09
4.774046440072234e-13
1.0782847474829099e-10
5.569175865544918e-07
2.891590112401994e-20
1.399168745808104e-13
1.1410528115029859e-15
1.0152028786618165e-15
7.287082748202025e-12
5.800652670954167e-21
4.554691082793471e-16
7.145279895796679e-13
3.7985384627816954e-11
1.4906734501207196e-15
4.217983973435062e-13
3.5154735504173874e-22
4.739705698987051e-15
1.6100929746802547e-06
4.183815574946486e-16
2.442267072104553e-15
5.406679734830761e-14
4.957325544645627e-16
5.759405541373751e-14
7.414184103455777e-15
1.825816791866847e-13
1.167946085191155e-18
1.1227507129866026e-17
3.283186907399378e-14
8.215805690521788e-13
4.6228785346330546e-11
2.3266043036056156e-18
3.945812696538922e-23
1.5141898095063137e-07
6.221552929294044e-29
1.7182285398377668e-14
1.1448035292737195e-21
1.7316274219747846e-13
4.440445284046781e-21
1.5990238155848038e-13
1.9682849101515928e-17
4.101964922766723e-14
4.579065440555074e-11
4.0477926244069057e-07
4.843280724222944e-11
2.4031003669457674e-09
2.372594524247983e-13
1.2622666740110845e-12
5.386703666074139e-20
1.8054391907660464e-09
1.2058508587289808e-17
2.4182127373353547e-11
1.7817054476772128e-24
7.42605262208653e-12
6.140228851064225e-19
4.3753505303498026e-18
3.2579181434435747e-12
8.25511086711532e-45
6.209903465112837e-17
5.454573304490363e-10
1.026037076793759e-19
5.782812600029467e-15
1.1892988603419374e-19
2.6307354401410224e-12
1.2051840036578088e-12
5.188676113288731e-07
2.872298355714702e-16
6.247965198482125e-11
2.5434479781731756e-15
1.0446804316388057e-11
4.914098959673267e-19
1.029425670030412e-12
1.4781790060212686e-18
1.5800921876269531e-09
1.9912956229065108e-16
8.174317866601567e-13
4.409115073404542e-25
1.785649337126079e-13
1.2412752905914642e-18
2.7912890031972105e-22
1.2216846713454076e-09
1.2515445623050673e-15
1.7180762292463999e-13
1.1831655528780277e-09
3.949666275258348e-22
1.3790790871585691e-06
1.8686982305000365e-15
2.596417627886348e-10
1.6995577048059187e-13
1.6487275635916206e-16
2.9493850423438383e-10
1.5311570844399912e-25
8.580721818457754e-15
1.236425481851367e-17
6.32138068877238e-11
3.0790310377595767e-15
1.7346798757483508e-15
1.0325552199527803e-26
4.9357933764899345e-09
3.2307020058739082e-09
1.1955569081321113e-15
1.447299379420511e-18
1.4657545070289455e-12
8.982397470345651e-10
9.703092243016722e-14
8.661983157807646e-10
3.056557151568466e-07
2.1298077162726945e-16
7.197188252362331e-16
7.195698722240483e-15
7.774030930576741e-20
1.547649482516329e-11
1.436595067867417e-16
4.292047931479201e-15
1.50849768892347e-27
2.072122650456551e-20
2.3345657343102914e-14
1.33342653520051e-16
1.571809225265826e-14
7.150719908753033e-15
4.433451855151282e-11
2.9539565180049874e-14
2.0730045964137737e-13
2.8181125668333183e-21
2.729255705509488e-15
8.189349828783211e-10
7.255812271192078e-15
0.0060210021289952564
9.17222800270135e-25
5.956987441202732e-17
1.2929413649818526e-19
8.697804665231601e-20
3.242516276596383e-17
8.743066319151447e-15
8.671081515728323e-20
3.9342037008660867e-10
1.3737776974012798e-14
6.9176251203061084e-15
4.1104591355747977e-16
2.036156402112546e-10
1.8274843648523226e-13
7.350017472697094e-14
1.7879474707006425e-28
2.0225103346762959e-22
2.026212504095734e-24
5.27081656731723e-18
3.132960343185764e-06
3.332372842795485e-18
2.0351833354582683e-19
9.602728093831009e-14
3.913835248697373e-09
2.2478992182416114e-12
2.8404141921276803e-14
2.70810308208875e-17
5.330271696868387e-16
5.046098413091104e-10
2.927386461579954e-12
5.162059481568691e-09
1.4079694417565327e-12
1.868037921828752e-15
4.8319496148142457e-20
4.032591276914098e-15
9.438056597757617e-23
7.012659742212482e-16
3.1366812552966167e-10
6.254783425990076e-15
4.895863494454555e-13
1.5070539993583058e-16
2.9693619858787915e-22
1.1949171703262793e-10
4.882761591221383e-10
5.004993023613447e-14
2.9166764374369035e-24
7.257397346532511e-18
1.201065461103987e-15
2.034923386028097e-14
6.66245202056744e-12
2.6677199705772215e-16
1.23956109870654e-17
4.831265996609239e-11
1.4889686466108902e-10
2.4935049111370575e-18
3.550144277535617e-18
9.734584033818843e-21
5.584640689958867e-09
7.933076429497938e-14
6.04191123526771e-12
3.140313574990168e-14
5.252115510191492e-16
2.1846223379773114e-13
1.3733987178147108e-14
1.3687308920881409e-09
3.923326895089288e-14
6.527191598994388e-10
3.8583142781262295e-13
5.926221010707433e-12
1.4475921979270828e-14
1.307884480490419e-12
7.481902433471338e-19
3.9964283499725295e-13
1.5078348893363943e-12
1.3110665460250142e-15
5.6060667855116073e-14
1.888668047588344e-08
1.916164726816999e-11
2.9316524885001007e-12
2.559880124256808e-26
3.491546242497925e-11
3.930726672406323e-12
9.697743967864797e-14
3.436486909531841e-12
6.317702454986636e-09
7.989223402414532e-10
2.9694701069444314e-23
1.110594955166873e-08
1.7568778001895106e-08
1.504143931141845e-14
1.8638236996512574e-14
3.3040602801356205e-19
5.591429943793346e-11
3.5436333544322236e-18
4.456042940032578e-21
0.052278770424225574
8.879226736685299e-12
3.150032628303645e-14
1.853713572307738e-10
7.873437393818369e-19
1.4948074034238372e-09
1.947890108888025e-06
1.657806911081119e-14
1.2657729505998545e-13
2.1801906712243555e-17
1.2476654898593773e-15
6.281540712603721e-18
1.1322020966303465e-15
3.0364524876215584e-18
8.225378739779411e-14
5.747854603535917e-16
1.0599299423640957e-09
4.044264095742412e-14
1.153334946156276e-18
8.640310360122056e-11
1.1446891704109048e-11
1.303330310317886e-16
1.5251324115745874e-10
2.508551927511095e-18
1.2205246875217465e-06
3.8139553429264304e-13
3.9063908437654775e-12
1.0657867596844921e-20
1.0708239962153547e-09
1.3425232029539565e-35
2.665209179484965e-06
1.7037584740779532e-09
2.098949366612755e-08
3.543706474889536e-17
4.310692329042276e-05
1.1594746796340784e-22
4.478627408588039e-15
1.2799736228808763e-14
1.9170831805809353e-19
1.525119755485182e-18
1.4737184782169424e-17
1.859503868533372e-17
3.0325853498055777e-27
0.0002186425543677487
1.880219157871263e-07
5.2889027902500055e-18
1.8290050367382957e-22
1.1637061507974368e-15
3.2698747006100673e-19
6.93047206550855e-08
6.743170779564544e-13
2.8993213511358295e-13
4.10304484147518e-11
4.120505114008337e-11
9.880278711209773e-17
5.22405827855475e-15
2.740067941553599e-11
8.684810538517204e-14
7.3131326668944435e-19
3.000179979100984e-14
6.062384913752851e-16
4.303904088683168e-19
5.727213045990596e-16
4.2414092974319633e-17
2.3457457590668883e-23
3.3454489728760344e-15
1.4007591128674735e-27
6.53834661699288e-19
4.382404691864667e-25
1.508183042838636e-21
7.006410004910334e-23
1.135460777787914e-15
1.3805993222243498e-13
1.1259454338351974e-08
1.9711966285372416e-09
6.119988945464173e-17
6.094341956596076e-14
1.190112843867014e-22
4.3918875048854034e-10
4.3176692513308773e-10
5.566246910441909e-13
1.6846133104070294e-13
1.4988505936383434e-18
4.493931684523934e-07
3.1160273008236137e-22
4.780532889467679e-12
3.581268192939636e-19
1.5977729698533605e-10
1.1516069454746439e-14
1.233307740895121e-17
1.9674690771031672e-14
1.476698000792195e-10
9.457657857586408e-11
3.809974865096502e-11
4.383532738995848e-15
6.681854806914501e-12
1.176035214254888e-36
7.983282150996542e-10
4.0403121195870064e-14
4.133624912235165e-08
5.709469746934581e-18
2.1960202146712517e-12
1.917355009293027e-16
1.8423358385470907e-16
0.0017847312938598745
1.5003478835942512e-08
4.486057016058968e-20
1.518547166679677e-15
4.021023541127504e-11
3.7242878482812616e-13
1.9475587378517843e-16
1.202109433082933e-12
1.8625427396315832e-16
2.14064805233992e-10
1.2444843923070444e-16
5.448544163983631e-18
9.572117577453385e-30
7.051715291695784e-09
4.3276702673765056e-16
4.734750664428701e-20
1.8811821766774545e-20
6.149847280692525e-23
5.141472948244003e-31
6.885391027392998e-23
6.14632936411202e-14
0.3647304177284241
4.908841662460508e-21
2.4388830444262496e-14
9.469015224650555e-19
1.0952731727729891e-19
1.7629180085909224e-22
1.148899851767717e-19
6.820681731110471e-15
3.991593781422184e-10
3.1873457488998924e-14
1.7088600483135663e-22
1.712505717227245e-21
5.759598954617907e-20
3.535310788271228e-23
2.668000527621543e-20
1.778697800252527e-14
1.4691608035050548e-09
6.288029001467712e-26
2.7076769286449866e-13
1.753592103148048e-13
8.23738488768983e-15
5.854075969192734e-19
6.151819121698095e-09
8.505318329371686e-12
1.8670641831008486e-15
3.8953558471746994e-13
3.910441124305404e-09
7.950728221200097e-16
8.079967864126456e-18
1.7979548163934486e-11
3.553253036649736e-18
4.295569972126548e-11
1.1934264462346924e-24
1.0172267530832434e-46
4.483809215151466e-19
1.1961519182845144e-25
5.305790456391086e-15
2.1251527232198314e-07
1.9512616638114864e-10
8.913734688499597e-24
1.1894433485789715e-22
7.973455561405943e-08
7.903461236308089e-12
8.36583072848776e-07
3.3498298366915837e-13
2.3710290187202906e-20
2.9988664827647524e-14
6.57762599305477e-17
3.196602631111747e-15
1.2602350459018054e-17
3.057828935403694e-17
2.116777277246691e-11
2.067447797469449e-21
7.727948724687428e-15
5.804948841092109e-15
5.2921998923230426e-23
1.3722974080817701e-06
2.2073976852023163e-22
6.3622991503809025e-15
7.494365724383021e-10
2.212526838701137e-13
1.3727610649444094e-15
5.81777043533659e-34
8.216718208109574e-24
2.612419918236745e-15
2.114857285518152e-20
5.422179477912018e-14
2.046697112166135e-16
5.212094129719897e-13
3.298567217496897e-20
3.4387192518376386e-15
1.045095675250747e-16
4.988448758392083e-18
3.283147815982019e-17
7.321703871574677e-16
7.354144120981914e-19
5.618592140724767e-10
2.020662176721043e-11
9.238321805589346e-16
3.4372470324656803e-14
2.5515861882239007e-24
2.561514872538135e-10
6.735124951320668e-13
2.6231243674175645e-28
1.575004229762902e-09
1.0228572175614161e-14
2.477972800868126e-17
5.202070794625739e-14
4.1744899489773667e-14
1.990970146509709e-19
1.6103412427142641e-12
4.318692502603621e-09
1.49963538466054e-13
3.4911096833389164e-16
4.00734414398524e-13
2.1920489363977486e-10
7.080113670925175e-15
2.0256585382980225e-09
1.0958237663519238e-13
9.999636825705443e-15
1.9333801437237483e-09
1.347569029881644e-20
2.9215884314909275e-08
4.257107907059046e-15
3.8916385204452376e-14
2.219554642236991e-33
9.519928846952952e-13
2.259979029486399e-21
2.0721382934891755e-11
1.1367773950157464e-14
3.533124650512978e-16
1.1044075409782102e-21
4.1513299882368537e-26
1.007012013764159e-16
4.977737360978512e-18
1.4506937187479593e-20
2.7952225842752484e-14
3.4793060988310996e-19
9.115783206009224e-10
5.574328662053717e-15
9.90079742155668e-18
2.2883116247130367e-12
5.455286074725322e-06
1.3315897112473331e-18
3.5853035896888364e-15
0.0003055719432707438
3.636165083114702e-29
7.231553471958266e-20
3.163375823078578e-10
1.4792111050126586e-22
8.405251060042938e-10
1.467564821019239e-20
5.158070681481858e-08
7.759682874459432e-06
2.2825957215271699e-07
6.834691850512789e-13
2.6980620007783572e-14
3.848900203833864e-17
8.326743777752197e-22
1.7836757232242117e-13
2.5525241442754164e-13
8.077578847256754e-17
1.885164798205387e-20
4.197592253504023e-21
4.797574286492153e-12
5.106710939509077e-24
1.6476372709851521e-24
2.5550967086547766e-13
9.895304329692355e-34
1.8390855177062104e-10
1.9052690355735393e-14
2.7963347747225806e-19
9.762401020698647e-12
8.65694889953889e-11
3.591270451986095e-15
9.872969080535176e-15
4.953849755602418e-13
1.3240545328676088e-06
2.5112098261219444e-19
1.7664499733221941e-13
3.2874788325782543e-15
3.1076966649521675e-12
1.371505686504064e-28
1.7759492181675388e-07
4.291161199525947e-14
3.810992515495625e-12
4.888821634812004e-17
7.430274837979265e-24
6.977929963512393e-16
1.3786026975036692e-13
1.3343860898351033e-10
2.248602791633426e-14
2.2180218539113024e-17
3.8379940143516503e-29
1.0572574091984778e-22
2.003101290301806e-10
1.5659274641854722e-19
2.548227346678908e-25
5.2869245177495365e-17
4.701481610348778e-10
1.5161813684070153e-22
4.869426224400201e-20
8.776584278515372e-20
1.3193233130876859e-14
7.097501633418976e-24
6.312259257028175e-19
2.5224485276213966e-07
3.168127084584117e-20
2.83311497385795e-14
4.3721564246736443e-17
2.0635437990069907e-15
1.3670192923462464e-12
1.0468396668093665e-13
1.343671008222716e-09
6.69299701688254e-16
1.621845127940205e-14
9.79960344252486e-16
1.4874686131811204e-09
1.5504696879526703e-11
6.035574687273917e-19
2.339711804103679e-22
2.6056203790847106e-16
2.5265790457013215e-05
1.0059428316124613e-13
1.7906048074860022e-11
2.2061125390754186e-07
7.784291086761479e-10
1.2236053013659621e-12
5.751579618435165e-16
5.427389018053663e-14
2.4262924541154683e-12
4.044522539810827e-15
7.538434353165129e-15
3.574010504347062e-08
3.4260860251967177e-09
2.4238194378843904e-18
1.3961379088989833e-14
9.29566032536393e-25
6.897970259541085e-16
9.449741742718634e-12
1.955355429853747e-06
1.0273337024292566e-14
0.01157963660322614
1.7725723936881503e-16
3.628755323650698e-19
1.1570904065584256e-13
2.849227143166912e-16
9.99792624229542e-09
6.6905770163185e-16
2.1444938970465457e-13
6.37820576581409e-13
1.463777247234045e-22
7.786218567479697e-12
4.047792808287003e-07
3.0354809102007535e-09
5.820404704865847e-14
7.177840143768188e-07
0.0016338836091191549
4.297851358189129e-30
1.282062371584554e-12
2.629739574753426e-12
6.280057893610718e-16
2.6334782047788774e-15
2.449550394394151e-05
2.561924477002906e-06
1.1654524397336866e-10
8.711989116034811e-17
2.5039587199899895e-05
1.3984455771471024e-11
1.0379028717880136e-17
4.6664378163228006e-17
2.1315371423011364e-14
1.7234360442102062e-14
1.6711947840841195e-23
1.1831773300361407e-10
1.4407646665389337e-11
0.0921822190284729
3.6416451950250694e-05
1.3327408107181357e-14
1.2991265046681592e-26
3.0294569114351557e-28
1.600900518088051e-15
2.78455623793973e-21
1.4726922918134968e-17
3.1686387547312374e-14
8.958267671092948e-28
0.0018607158311002847
1.6777371714864523e-09
3.587866747935774e-08
2.6790519694706115e-14
5.354430708509869e-12
3.781775328162024e-16
1.6941470802154167e-25
6.852410685037943e-24
8.78095340120803e-09
2.407896185946368e-13
2.792737335765351e-09
2.61262304017651e-19
3.1161687666851697e-22
2.0969670009089284e-24
8.85734106124664e-10
6.928714856883145e-14
1.6910356372556463e-14
1.6438556622786287e-10
5.616039501034679e-20
6.338713965532872e-13
2.299062455185372e-28
4.362824987624518e-16
8.67012736956869e-18
6.165957417488615e-11
3.67632705343298e-12
7.528574073831131e-10
3.901902897877116e-16
2.4371017488320336e-22
7.371767814469912e-17
2.7398803202006912e-12
3.215095325252108e-05
3.767282789727763e-10
3.8795154208668505e-15
4.921998392387173e-13
4.641514110920421e-11
1.187910417395395e-13
1.1557030385482018e-24
8.240339178607488e-36
1.6645743354775892e-09
1.0601885825570198e-12
3.0461983566152256e-09
6.613945624448406e-18
5.762076890115859e-21
1.395703924314281e-14
6.498504699804181e-12
4.1388566459267076e-13
2.7921244100392828e-21
8.31908224511338e-10
6.608257443388877e-11
1.4247333206719598e-13
1.6046702760506344e-11
1.0781883869415603e-06
5.335373347028846e-10
9.501384315001205e-22
3.9591762017300226e-19
1.0597368733197017e-15
4.207993740701447e-14
6.136454681667087e-14
1.1843983393843582e-13
1.1330829873095665e-22
8.800140698780869e-17
4.765910655112679e-14
5.18473048575995e-34
1.5323649174129903e-10
1.6235980782930437e-09
2.2527242489182722e-10
2.3994787573398405e-11
1.9311163522092719e-25
2.187080477538515e-66
3.344003303939692e-11
6.682175951873223e-26
1.10958932859392e-15
3.1191182686715227e-18
2.7236144602311114e-18
9.460732893113409e-15
2.8497188071676106e-06
3.065890630565523e-08
3.608511158783981e-12
3.1025236827276286e-14
1.3095754166260984e-21
1.6048671836336988e-24
3.1734432875119316e-16
2.8380127653634803e-22
9.047904079552162e-18
9.658608575893753e-19
2.2960836770142678e-17
1.0046979319589273e-18
6.597236244379072e-19
1.7888601580152184e-16
3.4197845824121106e-16
7.025174483109036e-15
8.616735119264682e-13
1.7569977971321203e-21
1.709067216579819e-06
2.687592130838424e-28
1.297970005092512e-18
5.920575965885797e-13
2.237202005316955e-13
3.687259302827235e-14
4.506914208288269e-12
1.4387523456294512e-14
1.1018006922869897e-18
2.50733691757931e-15
2.223419917115606e-12
2.723940829768192e-14
1.2480097837718597e-10
1.174110262513296e-07
4.280310384475649e-12
1.1669366072372763e-13
6.079447104746753e-13
4.8171794356019795e-18
1.067654892664434e-19
4.1187157917659753e-23
2.101327527825109e-20
7.025025074647424e-12
3.947158881614656e-24
4.5027512281722027e-07
1.1712379739374311e-18
2.88655521022765e-13
1.4042252495069893e-19
2.3496102054943436e-13
3.3640267194081236e-23
1.4881394221727236e-14
1.8548700500197796e-11
7.015130495116617e-10
1.0837965220370626e-12
3.8793928295133422e-22
7.383724609296828e-12
4.007931303163499e-08
6.936069096401128e-14
5.71309322745333e-15
4.3273645058852153e-10
3.538489295555316e-13
3.6302144105512456e-06
4.092557890159838e-17
9.883388729072844e-11
1.800439776589358e-16
3.8702332618529936e-09
2.9038126524060644e-14
1.191911194924661e-19
2.861199817885138e-10
1.403990716674172e-20
2.005163335832567e-16
1.0571719675019485e-19
0.0001401749890895716
3.233278308391498e-12
6.567397304779278e-20
1.360313565881145e-09
4.129850149244598e-25
8.997141497286055e-20
1.1644313197330329e-18
1.0851034099780384e-09
9.948401908844756e-14
5.5554250431662925e-11
1.223391493973303e-16
4.8375828841680556e-14
5.017795392750149e-28
2.9966639682919874e-11
4.5213360726828795e-14
1.5735766673492388e-20
1.1896076670454787e-24
2.1895132337679395e-18
1.9872925425781947e-08
1.239125758118466e-19
1.9696915971696341e-13
3.636556369781722e-16
2.879628472072251e-13
9.06049946016044e-22
3.782429608142317e-13
3.263145220435978e-08
3.009923712299128e-10
4.4716471940193624e-23
1.4970758060793138e-13
3.044596337415624e-10
8.2365934090903e-18
3.140575278202983e-15
0.5639225244522095
4.5016663407542776e-08
1.94645859254249e-15
4.4579069857165705e-13
8.401974709008678e-18
1.1658090411500927e-27
4.8187881735071794e-08
1.616627437687523e-10
7.492168240660628e-19
9.14139941826472e-13
1.2192681267260746e-12
9.870348639251155e-20
1.207254072097115e-06
1.2099165724195495e-22
7.226889050210085e-30
2.409242505595279e-16
7.609664318945097e-07
9.96843142078032e-10
2.1808248375846682e-13
5.240772858076016e-15
8.978613357537771e-14
1.1244094586360494e-07
6.574930329405113e-17
3.627060836246495e-29
1.7026477513980858e-18
1.8016972188159854e-09
3.8524123825907245e-09
1.4669662924347143e-08
1.1169875097110848e-10
6.067600145572687e-16
6.881595806035739e-21
2.599440878244896e-10
3.272837903614829e-24
1.603462352646622e-14
1.669917176970845e-10
1.0716759508050566e-13
4.623109415345376e-15
1.4256643700404867e-12
1.0703153867455134e-16
1.492654600854223e-25
2.5047742327804523e-27
5.0436374273462445e-14
2.0965596595623015e-18
2.1449084432135985e-13
1.3668173648461982e-16
1.7393539532618612e-21
2.861403697656996e-13
1.5318678105515223e-07
8.802613651880083e-19
8.27041360776203e-18
3.965319906346726e-14
3.2687450238175136e-18
1.1653745980666554e-21
3.975634230852906e-16
1.2684413507294414e-09
1.1370861895741377e-16
3.10568881325475e-19
2.2669511859492992e-27
6.055216662535229e-22
1.6837596626801607e-17
7.817657022066363e-12
2.2686473335749157e-09
1.0073945166345902e-17
6.106547047878091e-16
1.1393810946759766e-15
0.339078426361084
3.2714421664970774e-11
3.3179646624696767e-20
1.471592056633162e-11
9.767963902497002e-09
1.3462072325170616e-15
1.6014679116718424e-10
6.994205682696948e-12
4.785701819965907e-13
2.3483437307461106e-17
2.4497095580735665e-14
8.504412601512917e-09
5.670166757867611e-15
3.967685420596939e-14
1.326716212029004e-19
1.7566588477932674e-18
3.618485666575083e-15
7.627770959849714e-10
3.383066755928138e-11
5.328481286811133e-25
7.970827129211143e-16
3.65916099212625e-23
6.214286061788942e-08
1.5282525930684225e-15
6.103780672565988e-06
4.428513298941823e-13
8.978384828052547e-12
1.7852665698402014e-10
2.788943769253238e-19
1.5919894676234427e-07
2.606706101069428e-11
2.5571230003052315e-17
5.3788566774127075e-21
1.2141610861408162e-18
2.0747637949057498e-21
7.875456993812989e-25
7.239336162698654e-15
7.625099971475817e-11
1.2749459683676127e-14
1.1723488019769227e-20
1.064182004113445e-10
1.3846389599889075e-09
4.6419349339884706e-14
8.451796800036583e-21
1.939478865553508e-25
5.51671004092247e-06
9.312414193005488e-15
2.4934547799773405e-13
2.695293893065231e-19
7.335784569577229e-09
4.146133932046777e-19
2.7366839064204687e-12
8.467679929527094e-11
2.696668609545269e-16
7.892141990268946e-13
3.7710999011170084e-08
1.0135643405509564e-12
1.36755801709624e-09
1.5198874403414308e-20
8.174527630649365e-18
2.1871813666773436e-16
4.853340426005192e-18
1.7839894381823561e-07
2.7278980069595166e-16
1.373961955586028e-17
5.6119607452064876e-11
5.337595660662613e-17
2.3414883318503754e-14
4.981856620038692e-19
2.8611382040728187e-11
5.626045362960272e-26
1.5057060642271167e-09
3.932968909368538e-12
3.544261236859117e-10
1.4840875327289722e-22
2.0293163905289498e-09
7.748587848387564e-16
1.2404082912987035e-13
8.969862628017374e-21
1.1242499741059974e-05
1.0304959051560046e-17
7.06784137476498e-13
5.7037190618111194e-21
2.0081313774862244e-15
3.663116651586446e-17
3.349832089517116e-07
1.9903122995229817e-08
2.120206856006046e-15
5.154181805198983e-16
2.628718845889543e-17
4.024294246890713e-31
2.276520539164698e-20
3.429589026486637e-14
2.4390118903373905e-13
1.7802621068504297e-17
1.4712071022023293e-15
1.92770365475912e-12
1.2343045126625796e-07
2.9492306643378397e-30
4.163018418533112e-26
1.6161502972846977e-14
1.1068593401098259e-16
3.080784841372121e-16
2.655694572208165e-10
5.168373090462102e-31
6.967709641147876e-19
5.1392462295664326e-12
2.6127664487225475e-20
8.050414480333192e-28
7.944908870853693e-15
6.383990498721289e-14
1.0569669188083179e-06
4.563434601119812e-16
2.1516623074942328e-13
9.278975507225847e-15
5.075003058818808e-12
1.993344851638178e-09
3.6811875609274767e-13
1.2003886793258582e-20
1.832716285700976e-15
4.1340409639071945e-05
2.5019141308186758e-17
4.0604638612609384e-16
5.846291273767793e-15
4.083827155550119e-15
4.4098700620825526e-15
6.542317438056424e-25
8.002776867387754e-10
7.442598085888343e-20
1.48440691766451e-22
1.4467110015038697e-17
1.0052411307369709e-19
2.3810565885517502e-14
2.182820325820491e-19
5.530171123352044e-19
1.6595802239250366e-15
1.8220500715509355e-10
1.770223919501842e-29
4.4348309592736096e-32
4.2752806778919885e-18
6.004996093146872e-14
1.1413077858201362e-12
7.00465486670915e-22
4.3632757877558335e-06
1.2365382313150723e-07
2.7095665070558034e-10
1.3054555789173612e-26
7.211979297175897e-13
2.4098071647849978e-08
1.8657853800405106e-14
4.97761327381625e-13
2.6824715375905237e-14
1.037265112029253e-09
5.45116637205051e-24
2.256753972675739e-28
5.869308446402468e-08
2.514231576457068e-21
6.363046587145688e-20
5.905530080876928e-09
3.3099711058474473e-12
1.7111894648970686e-18
5.434499213542322e-09
9.439187450813157e-13
4.945173251293461e-09
4.157241736925736e-19
1.8030162621009442e-26
2.0166993601414637e-10
8.588003022406759e-14
4.536965293289139e-11
2.803524820250362e-09
1.1257971157341165e-11
2.073945030566178e-11
1.4953166460537162e-12
7.934936388608987e-20
1.678565145294436e-08
1.2282977016592752e-19
6.145232283532976e-18
6.736529637410513e-10
1.3019851185909684e-17
5.218154655568609e-11
1.7487615323907904e-21
8.146184046558651e-26
4.5472160903673085e-20
1.4203912831578003e-13
1.5783782153351747e-15
6.976967092004501e-19
3.317114222326123e-12
9.271338284108472e-16
4.354982080931064e-06
2.1218698095827384e-11
9.78353871658769e-16
4.685634682435646e-09
1.3964307207796535e-10
5.66777073689142e-19
1.0745759130420967e-16
3.0894832639486323e-15
1.1742075911503066e-21
4.5760273742134756e-14
3.6688373974739173e-09
5.548158470660228e-24
2.0138296988037043e-23
6.84046136985537e-11
3.186253732448949e-18
1.5523842575266376e-22
1.8442852886618663e-06
3.86271095333683e-14
6.989068780162992e-21
9.086975631337288e-14
1.014881519033743e-18
1.0368725152093749e-05
4.050335677647113e-18
2.434071119360208e-15
1.0671533282013282e-13
5.619904207022327e-15
7.504135035144852e-14
1.4160326408933402e-16
1.9719832714940902e-08
7.05534378082134e-14
3.3325389033581984e-10
2.50019884970913e-12
1.5109888742763305e-15
1.724386189763905e-12
1.2765007850437141e-14
2.901643965160411e-22
1.7010001697815852e-09
2.18759878375842e-12
1.1119549685961149e-13
4.201011904336255e-06
6.319058397363245e-15
1.603078867996925e-18
1.2802725160018755e-13
1.7733412547678902e-15
2.5314902522993e-20
2.145559576565034e-07
4.3739217652630435e-16
1.6297463477541725e-15
5.911536506281323e-07
1.1008932032692989e-11
5.302647824930466e-20
6.240596221605229e-17
9.62392074558752e-17
1.3550143679666873e-15
1.2653879241283558e-27
3.168752317671889e-10
2.0961270238274674e-08
4.418042376965191e-26
4.974608099444134e-12
6.103424386360217e-21
2.8084065267946187e-30
2.720879155666255e-13
1.4923793124203031e-05
1.526382751163343e-10
1.0856293322468713e-09
8.877835761813992e-16
3.046561826110931e-10
4.128079027440865e-17
2.7659117473848793e-27
7.4585106398407975e-19
1.9301983955683024e-13
1.2824775980734057e-21
2.3522315765686715e-18
3.7248798094119826e-16
1.116806664084403e-11
1.0643870955542947e-15
3.78656504157196e-15
1.894738190114211e-12
1.8547480952189505e-24
4.046799542625752e-07
1.5211893934845237e-20
1.0899872595979891e-13
4.124257932046709e-15
2.3390155218316344e-22
7.632989496630905e-17
4.3383172084022857e-13
4.6308631806055826e-11
6.067907772711452e-19
5.495571401843631e-15
6.275061801540926e-12
3.749422036804067e-12
1.3835664557921643e-08
1.0033108396219157e-10
6.371573084455185e-11
6.0807937973518224e-15
1.6369908530695556e-26
1.1049800127350287e-11
1.1655458314840572e-19
3.3156426922811243e-19
5.32569247749324e-18
7.266879169739478e-15
3.2171858092711474e-14
1.4373309156526019e-11
1.1200951843925012e-14
4.1668760927675017e-17
2.2609349340782168e-17
1.3142714528645807e-13
3.079242244246923e-16
2.613875786861895e-19
1.759885630130483e-07
3.7663122200992203e-16
5.900569386455324e-10
6.4809234013232325e-16
4.1286018151022575e-08
1.603112172187878e-18
5.255602686846913e-19
1.994991031282015e-10
3.949509498600181e-15
2.6646215970556163e-10
6.263927064230634e-15
1.4847057896187156e-13
8.110373974333153e-15
3.81885817800162e-17
0.0007846831815119734
1.1216439535199274e-10
8.856198155565024e-11
1.065173619288134e-17
1.0644128835774574e-19
2.4526262415856123e-13
2.393172749632294e-16
3.666611214439186e-11
3.403443027985915e-18
1.0716416865426457e-09
3.2126392853115714e-09
4.579731947431902e-21
0.0010933309297351812
7.470322651885389e-14
1.9735656189403893e-22
1.9063439544621397e-16
9.60598477045253e-12
1.1234363559386108e-12
7.133998222084037e-13
3.220521830189197e-08
1.689726155660665e-09
4.786180097545735e-18
8.775172661891181e-29
2.1499204022577268e-10
2.6155486802062397e-07
2.1294215875755074e-12
6.64541598873553e-15
6.449754352273588e-16
1.6402707573447243e-11
3.3971402957085807e-15
6.584396778820519e-14
1.659305291322765e-17
1.525871595226376e-09
2.6395248734351866e-22
3.550478986320709e-12
5.09163608668631e-18
2.3804844576463634e-13
2.2340433671819395e-20
2.715185268273989e-12
2.8172719746532883e-16
4.134451829826091e-14
6.140487238798554e-18
4.0797755004643416e-19
1.1596434548285323e-27
2.986596583275348e-07
3.1311493582388584e-11
1.2750970211251896e-09
8.279984673243985e-22
1.2672886665948082e-11
5.1148451161371356e-05
5.335573602500023e-16
1.5113026580159833e-09
2.1575179792609718e-20
5.899817666021222e-17
2.642018128788564e-12
4.6043408229982785e-24
1.7929034462044297e-17
4.573526888608303e-18
1.242703791808523e-05
1.4359278255518572e-15
3.923685359707696e-08
1.1765492551802664e-08
1.527645083160366e-16
2.8252835225939634e-15
1.2913826377924076e-16
1.1466196595191824e-11
3.450996909355193e-10
2.0818868055345126e-08
3.5738853833075883e-16
2.9943367245409904e-19
2.9908568850446163e-09
6.857062661046885e-20
1.3508282601763329e-18
3.343393555435411e-18
4.0457214990047397e-22
4.8928987849549457e-14
2.376120675994323e-15
1.962898551356954e-11
1.851540033987901e-27
7.866892505492958e-16
2.1728127678228336e-12
2.4791807425180963e-09
3.735220879875895e-19
2.0203557142190514e-17
1.8278343583930026e-16
1.2382843507425827e-07
1.7717957804595187e-18
5.627469626242262e-19
6.821824540433162e-11
6.359640327625957e-13
4.8877288589311326e-15
5.279211431532292e-09
3.6119384697099203e-13
1.468830278911305e-16
6.014083710074728e-36
2.994295893551481e-17
5.228135557743951e-19
9.332615966396112e-27
4.695309776681771e-22
4.2250358537520976e-13
3.139356076434924e-07
4.352625540774083e-20
9.305504390889097e-15
5.329354940245182e-10
1.270821247481189e-15
1.202629913237088e-07
8.449308192296333e-18
1.6504753368410343e-16
9.574654822445756e-17
3.364320255922068e-22
2.0512360577121952e-20
2.1749778352905157e-21
1.6881207668395944e-14
1.0686414556736203e-14
1.62613824371699e-16
1.8626363088107103e-17
3.612816282918998e-17
1.4356503544783795e-16
4.0373660382517504e-14
8.418991692373854e-09
6.446447094923232e-19
7.273075000829663e-13
7.12895170024561e-24
1.759035339524314e-10
1.700090113404408e-05
3.485751437365834e-22
2.880735183081344e-17
1.3157944641754021e-14
3.3260150150489942e-15
4.9753272522623385e-18
2.621229159448306e-25
2.7262829307453974e-16
1.4926690224125624e-21
6.320027695272802e-05
4.6392580531894004e-18
3.7088772700436025e-14
1.036319777384563e-12
5.262681765621669e-21
4.004631330474682e-16
8.511163994573556e-16
3.669730142094365e-08
9.88618548331795e-09
9.128454532982427e-11
6.144492016313823e-20
2.541888881931159e-15
3.0731793072155777e-13
3.2132870526644948e-15
2.1229422161745722e-09
3.616085865370299e-12
1.9969837023901858e-20
3.886838042330647e-19
3.064178467466947e-08
4.105341698372297e-08
9.912997464868306e-22
3.0665274194381152e-19
5.083316307211978e-22
7.563712798687962e-15
4.171852593206548e-20
9.037827732496059e-19
7.832818687304061e-13
6.613946068083452e-18
2.1789635361530894e-26
2.0002784052080983e-18
2.6665163978726405e-09
1.927021462270849e-18
5.4871722577997076e-15
3.4949663013909375e-16
2.2561558769698684e-15
3.606494718473441e-07
1.1038618051002027e-12
6.581430839395321e-12
7.1362266377200905e-28
1.3706003841616782e-17
1.1626027868039495e-17
2.076501698567241e-18
2.614720303969325e-14
8.17640758373732e-11
9.136890254973469e-16
1.0034663733013272e-08
2.783311980788326e-30
2.798839469198014e-12
8.558037585930748e-21
1.958221479121003e-12
3.6262656993568503e-13
1.0262357681511631e-18
1.5626258934660258e-09
1.2149408319194366e-17
1.222930023034175e-13
6.02477010067217e-12
3.295590222465812e-18
6.790393644834877e-16
1.4473865600116108e-08
2.2695562522963476e-07
3.439553976861657e-19
6.565822963407358e-14
9.697567797875559e-14
3.4994113405544474e-08
2.8546954378419612e-21
4.994061488707997e-10
7.650877687302506e-17
1.062068495865806e-28
4.599541800945075e-10
4.2717281197831795e-11
7.912097321585561e-13
2.2327763037114497e-10
5.8955149329822975e-18
1.0490306327643456e-20
3.202813981084842e-13
5.50653243484531e-09
3.688025420294071e-14
2.6728432702350325e-22
4.023088528557048e-13
3.49286653345581e-07
3.07790487953452e-13
4.102585680068134e-11
6.1625868846652e-22
1.1036821625874499e-11
8.155042520467743e-13
4.779200775794545e-17
3.645549430066185e-13
4.343209138153197e-14
5.216162905918143e-16
2.0245483282567698e-23
2.4266844134078956e-22
9.967633367832248e-11
3.5070238753701766e-12
1.1670257845334511e-11
1.7349647513546438e-13
1.1913926034013158e-23
5.316268471617916e-15
4.876984305427712e-07
2.806213532582752e-20
6.981534013715112e-17
1.8050681465118713e-14
4.512540752775685e-12
6.262431108477384e-13
1.5412437064070946e-14
2.2550847815520565e-14
1.3091560166121363e-16
5.700239084777965e-12
2.1074297176484623e-16
1.1107689798102066e-18
9.310575600722328e-15
1.454259335288226e-10
2.0179051771046053e-14
2.7443542415979142e-17
1.9832302933703901e-19
4.822523569561396e-17
5.770854344626825e-25
2.6072987892238654e-14
1.9253594980467936e-09
7.264324761999594e-17
1.064146377273478e-15
3.595418458514781e-15
1.1053545762028246e-16
5.694276074450912e-11
3.726064966605929e-15
7.128607033978212e-11
1.0514387525000158e-11
3.0796250684058915e-11
3.629971580729321e-09
7.029970249410694e-07
8.657031022966381e-23
7.493410899704895e-10
6.132414489257512e-11
9.12252651809032e-21
5.97501686853147e-07
3.3516842814781974e-16
2.1257029856959606e-39
4.369789507838299e-10
1.314969898018686e-10
6.091596566611843e-14
2.2206900164371392e-08
9.688420568990088e-12
4.185563567201247e-17
0.09417764842510223
3.540589847289361e-15
2.504017883790122e-16
1.256367706753807e-17
5.695347986781391e-09
1.0245004044114283e-35
5.460925245327623e-31
4.523608063399386e-34
9.439184499619288e-21
4.27665917914649e-11
1.1043104790197772e-17
4.976999791300321e-07
7.94589199168875e-14
8.591676460360231e-18
9.905010679397959e-12
5.85380651543701e-05
4.462583361745351e-09
9.85022340735392e-12
6.247111936117625e-20
8.21815062864938e-15
1.4029439625429489e-21
4.597733444545053e-19
3.212482586983579e-12
3.331427469063574e-18
1.1750326991752064e-08
1.0280660473535058e-15
1.8113972355529825e-17
1.8479374091856202e-22
9.656375847252456e-12
4.704097387028269e-13
5.981196518610876e-21
9.730125326635572e-10
2.4765320506008497e-11
1.7541888898163532e-09
5.737089796612796e-11
2.0248981261948196e-10
1.3660950724133369e-18
8.182647578872035e-08
1.170638950270342e-09
3.4313965745638616e-17
4.3033362882073586e-11
3.98866710101442e-12
4.231404409154113e-11
4.830303799965234e-14
2.9876902295425856e-11
1.0106017347166992e-06
4.084032212825479e-23
1.8669761391651553e-17
1.1551868754490805e-26
6.523420977776789e-10
4.332110732492594e-15
6.693947191035574e-14
9.771605084580767e-16
1.6641610491636515e-16
1.995539571591331e-09
5.3819354819197586e-11
7.360205421401801e-16
3.8741554199009004e-21
6.429268639827902e-23
2.946118208610579e-34
5.704310857324293e-18
1.2465776092871694e-34
2.677210585513926e-26
2.504276227063311e-22
5.427470534715949e-12
4.413390544910921e-22
2.3059044563314882e-12
2.3401361658294134e-11
1.1691448557936419e-17
5.0768952959639785e-17
1.358872189445612e-23
1.7425593647617764e-12
1.6989428589003662e-13
7.047170812216423e-14
7.42146461768455e-12
3.9503628242174335e-15
1.0940542318344531e-16
1.1316380618300013e-10
8.469658911602901e-13
1.6979585731653948e-10
3.791778164448367e-08
2.4631374872135246e-08
3.795760946907762e-17
6.908216258218611e-12
1.6452443632905566e-22
4.9884068713552467e-17
1.0114297863330261e-14
2.9272105185863707e-10
5.541495103466661e-15
5.38334908541843e-15
2.931822623501174e-11
4.182630205552373e-06
5.514772720116621e-17
4.987128400952387e-17
1.6542111326830953e-13
2.0842700555664307e-12
4.400945263630088e-09
2.8803192699886745e-16
1.6637750881077213e-06
4.2052805363898504e-16
2.7551106619453833e-07
2.269515103836343e-21
2.2912706381036848e-09
2.0607659662433656e-20
4.2592479210496256e-17
1.3091492843204984e-14
1.0640593778329223e-10
1.7230811000929775e-11
5.6085407060670836e-15
2.7486945848008923e-20
1.2182466725325194e-22
9.578329568800217e-18
6.5359327779313e-36
5.176330212918126e-11
5.220204249760905e-18
1.5775628621415327e-23
2.5253481241261573e-15
6.041404657450422e-16
1.7304946429893697e-14
1.4295298012216548e-11
6.899125139895334e-15
9.256013348897784e-13
1.2204494524396634e-19
2.096820490837514e-17
4.662350089549503e-17
1.0058223855883116e-15
1.7628007610300163e-17
1.4403487968916752e-19
1.9434044107377185e-13
1.179796816876469e-13
2.170353170240866e-18
2.2230216811588875e-07
2.12030984288726e-15
2.2762855615697487e-18
1.5089073024537728e-09
2.056023389837421e-18
3.2798757155500607e-13
6.917589165355006e-15
5.404346766721691e-11
3.3933710446675126e-13
1.6129374532421723e-11
8.520711252184199e-17
3.7549834365448472e-22
9.555775864387821e-12
1.744648522549608e-09
5.113388002412771e-16
8.60374629934747e-12
1.0924143109858053e-15
2.6530377631553747e-12
5.694276315261405e-11
2.4932974407634812e-17
2.1880973600827934e-14
5.2069937165914174e-20
1.7531656191573267e-10
1.8576989313021855e-12
7.235750883136482e-09
1.6625189828281857e-09
5.7995355057010035e-12
8.525038883717654e-09
8.018154141623389e-05
1.2203272468542572e-13
8.552986908892649e-20
8.479699398501292e-14
4.806388983088539e-16
3.6884151686008717e-20
3.72267329045182e-11
8.333212562794921e-13
1.742486732087606e-09
4.8887736586118466e-11
2.89811840267678e-09
2.645827209925965e-20
6.78640864287558e-12
7.979564780787896e-15
8.978076914413233e-18
8.45853935354786e-08
2.424610781027417e-12
2.2922222468780542e-14
3.994011608693384e-18
1.205415075312472e-17
4.195556597493542e-18
2.9340518715125926e-22
6.672264487330383e-18
2.416276267897663e-07
7.933976893556144e-22
1.3392261314905719e-19
7.003714472086289e-24
7.370334142553032e-07
1.1433025436717841e-09
8.344160326592524e-14
3.998371373497275e-15
1.425539810023732e-11
1.5233728661737663e-10
2.0300182684172806e-12
9.815897204876745e-14
1.048465056865121e-09
6.324222271436039e-19
5.480651429865038e-05
4.808254014939986e-09
2.473930559495304e-28
8.864113392019828e-10
3.8387676793459495e-11
8.44608712957041e-16
2.560526191966894e-13
7.707153250600657e-11
5.550748914298402e-24
2.745999784043298e-10
3.379704558878838e-17
8.775713627350246e-16
1.0897298965517877e-18
1.3646858389044406e-18
1.9732124562800363e-16
4.986932971858473e-27
5.629607613987283e-10
1.8432746924206252e-29
5.504972080523804e-17
5.710396493268836e-14
6.717591407161573e-13
4.6460798110707984e-17
5.765871510320453e-17
8.774140486268291e-13
8.579484158146894e-15
7.681339150969355e-14
6.980038011532137e-16
2.762562501703069e-11
5.776560989937623e-18
4.832062602884435e-16
2.019477136440623e-07
4.96012862376914e-19
1.1097326423632203e-12
5.487940124268154e-21
4.894196672826384e-11
2.62980483910082e-15
4.1151133674853826e-16
2.5149602355773434e-19
7.483921427151342e-11
1.1657573491825435e-16
4.110295390948576e-13
1.2557727215651348e-18
1.2835554288857025e-14
1.3912178093089625e-18
5.74127013211816e-18
2.7111722333986537e-11
4.750004481026557e-16
1.6734389515067272e-12
7.524477709414624e-11
2.9473670484655186e-10
2.81239663949618e-15
9.749435993251725e-19
3.5702880414707235e-20
9.588221349858133e-30
5.269166065613949e-11
1.560939312960747e-09
9.243695203838617e-25
2.0104342024071762e-23
1.1876152597795966e-17
1.0265063603449212e-24
2.179378122207318e-14
3.893721932477967e-26
2.7132153413404395e-15
2.843316042744919e-16
8.662193180086533e-19
1.5057884128623484e-22
4.715777589978901e-10
6.741295944440997e-09
8.790959331509083e-22
3.1885037395200786e-14
1.68459567581536e-11
5.230694184466568e-09
4.2687969941673516e-14
4.35065741024274e-17
1.5632754047822278e-19
3.2479228066745877e-11
1.4332054437527778e-08
2.583183649962478e-13
1.2984550962273187e-05
3.7843610793443067e-06
2.0232165064012924e-25
9.478772906932408e-22
9.023914227324212e-17
3.5434641767972995e-22
1.1137523369656208e-12
9.11182166524069e-08
4.0156926362412187e-10
3.7822408121737815e-21
4.567934310307284e-08
6.182824454547157e-17
1.0394284193679549e-33
8.663622015265735e-10
5.512596665933075e-22
5.903771895385595e-12
2.8430355511931394e-17
5.651380669757998e-18
2.3194935982890272e-07
3.9401250490109105e-21
9.475560893558217e-13
8.747024403969664e-18
2.8579016079135916e-12
4.992250854045551e-20
1.214317869120778e-15
1.0459807294373318e-19
5.749822027101649e-21
2.0965321945563486e-10
1.9159311928233065e-15
1.4765969606667915e-12
5.33927338082808e-20
8.349147484160942e-20
3.499036812343745e-22
1.3381610758543586e-19
8.130174172131198e-14
3.749258978054453e-16
5.0886125576726814e-08
2.937859132502799e-16
3.604742172134902e-13
8.461997049173888e-14
1.350360690252728e-13
2.1409574803356248e-14
5.2763969791437154e-14
9.08395253689117e-12
5.415528809930782e-23
4.416943289132127e-20
5.063675640583771e-15
1.1015275215370646e-23
3.040819729953701e-14
1.1357447288890268e-10
2.471533286721255e-20
1.339819604355399e-16
1.4434848187049668e-13
1.3760006732606562e-18
1.9967911183008903e-20
3.4530929267975616e-14
2.416276267897663e-07
4.011533427884026e-11
3.3981083595864895e-17
1.8625536897435737e-17
5.613229414961818e-15
5.389023891176448e-22
2.2708781755454466e-16
3.592544797839092e-16
3.248076145704512e-15
3.5320817255382526e-13
2.5497006369425923e-14
2.0785117073798873e-12
5.556519947757078e-13
4.727686426326637e-19
7.19900870961952e-07
3.711484564861145e-24
3.1184294865760107e-18
3.804831325303993e-05
1.3520878533636158e-10
1.4793682628520217e-19
7.272790341929172e-12
2.961719519906692e-17
1.4297590496196434e-16
1.258631580809575e-25
2.68323166242466e-29
2.5609836312962956e-12
1.890619955513273e-09
1.1299804259250647e-10
0.5392882823944092
1.0216862789502454e-16
1.61908141394103e-12
2.9633130567197027e-23
1.5019567556837933e-08
2.0954878050089063e-15
7.467376358209392e-08
1.422291348930695e-20
6.619184985374651e-15
7.787521521683684e-24
6.888786709194719e-12
2.9679116075913935e-14
2.1696075333978283e-16
4.70555218762917e-13
1.184402796512574e-16
2.998483152025386e-13
1.7528779609190942e-10
2.108093906397723e-13
3.8611940028892066e-20
1.300412633364822e-08
9.457507943931531e-17
7.739714065627673e-08
1.1797019947743732e-16
3.44866507869744e-07
8.75612392800101e-12
4.5100963283775616e-14
7.030446003157503e-17
6.612178071995842e-11
2.0217808311413672e-05
7.985748259395614e-20
6.222801901817661e-11
6.519923227359381e-11
8.387001165513244e-11
7.329301762509568e-12
2.900282544058583e-13
9.4794525790601e-12
6.710276120220679e-17
3.055989349586904e-36
3.2831171239469173e-14
4.476547997739815e-19
3.5847460035361313e-17
2.2080853168853898e-21
1.209698296310052e-09
3.0634761336801087e-18
2.64237888361939e-17
4.3277113655244994e-19
4.718954595447566e-08
3.585577461285954e-12
7.019468406793875e-10
2.335863548255349e-21
8.494509118773683e-12
1.6778692613846924e-14
4.494874376287426e-16
1.696108584762932e-23
3.342555674147978e-17
2.7066378853839745e-11
5.37910826182323e-16
4.1240223003957753e-14
6.974348355757354e-20
9.288075805903465e-23
5.928026253908869e-09
3.0487498005991095e-13
1.8099779881193645e-20
1.4566973315351376e-15
1.776524318952577e-19
2.2826663402546166e-15
2.394278450584878e-12
1.712510476948256e-15
1.8706005599745017e-17
4.5903737468680904e-18
0.0006661906813718588
7.042879270369881e-14
2.927270065591752e-20
2.2872489661928413e-14
9.19835753504062e-31
1.1608927288447312e-19
1.4234211886196745e-18
1.3806319664347573e-13
2.46264400792066e-18
4.263052757708458e-13
7.979103812972742e-22
1.8888327260668454e-13
9.548471038369369e-12
1.5978952699413844e-12
3.805338939209277e-09
3.0618157870862727e-10
4.899809865501263e-18
5.25861662716552e-18
3.6496022509615413e-16
5.72752236442823e-16
1.8530102596035736e-09
2.0486414560001688e-11
2.4449160484100313e-18
3.3340507318644833e-13
3.352667791222295e-20
8.461039492517637e-17
3.411777370351364e-14
7.348730113689892e-16
1.6387258589777833e-17
6.093809991830624e-08
2.206495215759246e-20
3.4879755454154244e-07
4.758515262497289e-10
2.2503019489433755e-06
2.5067813283187837e-10
4.65436042139121e-19
7.2883070354316385e-16
6.210770226266225e-15
9.620524916002479e-14
8.296345135142507e-15
4.7638768912540394e-11
1.3272020926799239e-09
9.366352497945048e-17
3.5565662186626426e-19
2.6934711995363083e-26
7.354844466398743e-13
1.6414014307063223e-11
0.00010119976165708188
1.9993171261236582e-14
2.1680380672472593e-20
8.89175951014802e-22
2.0227153933662002e-16
3.9780266876508974e-13
2.208531605030472e-09
7.722053043512785e-19
4.3460578428069134e-10
3.00907775048492e-16
2.1711688037046696e-14
1.9135960701638997e-14
1.2536406806741424e-09
7.026678376524426e-17
4.080729175075706e-16
1.8643667995540956e-10
6.779489446544527e-21
1.4707231902608884e-11
4.2516376318176946e-12
1.4712149371168898e-16
1.7516879028592919e-15
4.665878042453868e-06
4.963765762774039e-13
2.105547130036215e-22
5.790656918084352e-19
1.073109637874631e-22
1.4354726211414824e-19
1.9022765141557488e-17
1.4909000688588735e-12
1.0128411345235139e-17
8.34094666139364e-12
3.544262954369034e-22
2.0652799395798498e-14
1.1879669233067879e-14
1.5312636773530515e-16
1.1641992311737105e-26
2.6532378667286016e-16
8.380357477734395e-16
2.275678791996785e-15
6.411825323047395e-21
9.507200786412712e-18
3.4585093022428776e-21
1.544979585504631e-14
4.687862141064045e-21
9.93540801620345e-26
1.5434580818561584e-11
2.174070704873936e-09
1.0243493331077036e-14
7.744004813183742e-15
1.6383394699359475e-08
5.537826162100936e-10
7.132012201124324e-19
5.1556385697039624e-18
0.011365608169495611
3.6471964204034626e-19
6.948729261771361e-12
2.232382491473147e-17
4.829996292440775e-13
4.576936078423586e-26
5.150768975009652e-05
3.4028739438780453e-18
3.264215712518909e-28
3.335796639026752e-08
4.1762423662165667e-20
1.0437465078171449e-11
8.061141226324377e-05
1.0005929239297143e-14
1.810546133864388e-18
1.5295174373006022e-17
5.126513030310412e-25
1.132486124688235e-08
7.492762974738003e-16
1.746862599110752e-15
3.710748955926287e-15
1.1488686149507404e-16
1.2975510284562642e-23
6.987911500170423e-19
4.81691653400832e-26
1.975372243694557e-18
3.7640598821103854e-18
2.3523752956404764e-15
1.5095555683645035e-25
7.159949417039032e-15
1.9872938608096663e-17
3.2624653628438035e-19
6.228855756216299e-17
2.213731495082159e-10
5.9401095447727594e-09
3.5251118453631165e-20
3.2942976679281316e-17
1.8213120198982444e-10
1.379079189506452e-06
7.136577798161813e-14
1.9904203231891693e-21
2.6366043871816253e-22
2.1433615388574716e-22
4.0536066166704436e-08
3.65672024356553e-12
1.019111621700435e-09
9.684574756844344e-15
3.732020787207102e-12
7.477651704337669e-07
1.5603115966255747e-19
1.7504289979867575e-15
3.723429623281443e-25
1.8344574898061923e-13
1.0052033459000977e-18
1.277459247391319e-12
1.6607056432288585e-15
1.5588598461705522e-08
3.8907614669867797e-14
6.189347493786382e-13
9.236814692380332e-14
5.43369819494637e-18
5.178797891461817e-13
4.0517357549761737e-19
1.437878416549656e-14
4.847827666334062e-09
3.465748449705576e-09
7.178494805975741e-19
5.489780269501684e-22
3.554666268908417e-10
1.6005073718792189e-13
1.9605667833716887e-12
9.457272880437997e-11
4.0226780643512113e-23
3.655365147527851e-12
2.1907137985789057e-11
5.796972076970157e-17
1.216951317986603e-13
5.057531041158328e-13
2.766370874548584e-17
2.473583687042656e-19
1.0679336144328277e-19
7.709351773566406e-14
8.450185676123648e-12
1.177546959895682e-28
1.0287534851550283e-15
6.397929543496921e-14
2.646242229748033e-12
2.980828058155732e-17
1.2743650384351166e-15
1.66463222505483e-20
7.58151990140494e-15
1.54839130871075e-12
1.5310734832107882e-20
3.906702096860396e-34
2.2253887880150676e-11
3.007950017698665e-20
2.2950529726715327e-10
1.7247345323243493e-16
2.9599630100608154e-17
4.41716603866251e-13
1.7210170594144488e-07
2.0030627399093572e-16
8.478195358014007e-28
1.1408424151349094e-15
1.4375377027584348e-24
1.5167282245554304e-18
1.4532579753737493e-15
4.913386372364496e-16
7.951645474625718e-15
2.672564276942061e-12
2.274344116585128e-12
2.0641226426815e-14
2.262231934462366e-14
1.0531748417902659e-13
8.083939355809576e-19
2.0395544505519096e-17
5.786671455221447e-14
4.110438866367296e-09
3.3939383662100304e-09
1.238231234009962e-12
1.0407397350652667e-19
7.030541464808234e-21
3.093155083310244e-06
3.0606612935321385e-11
6.646174346273688e-14
1.7571040517526993e-09
1.961722981334764e-15
7.929717508365222e-11
8.798159957060932e-18
5.636220441646103e-13
3.1339558971000065e-14
2.0280045078312878e-29
1.7166361693739964e-08
8.197699899083907e-13
2.4868231116227107e-14
1.812747874909879e-18
3.207759269165305e-10
6.633498522522464e-17
3.3415456571039063e-09
9.777495355735828e-29
5.0767849131620456e-21
7.412307529079075e-12
1.7047875167967752e-23
5.005692016003447e-21
5.925537589633174e-14
6.740237364083879e-19
8.66016463636826e-10
2.287790736255053e-16
4.719535858995234e-12
4.845061160927544e-14
9.977569681713221e-21
1.4802833813884822e-16
1.601494440189669e-17
5.791188169879523e-20
1.2504598822026512e-19
7.178598076281754e-25
4.054770623133435e-12
8.276783073719854e-15
1.779673391751847e-15
6.975908678898104e-34
1.8855042901409316e-17
9.889615190125733e-15
8.53161829093558e-11
1.4684138439222315e-21
5.324601163546743e-25
1.482235091941295e-13
1.550229877977064e-19
1.0141342523212003e-17
6.425422346049882e-19
1.6972979305000758e-13
1.509320725465585e-16
2.1575424623924724e-13
6.787182982698901e-17
1.4810363477519042e-13
7.47765352271279e-07
2.938153689082618e-07
2.3219799994256635e-13
1.4082818323807573e-11
1.2490683861621692e-14
3.4985800608269474e-13
1.3555537282225045e-15
2.1020366381720072e-14
1.1149496391488089e-19
1.185010928526033e-19
5.784024933210073e-13
2.7551196891447728e-15
2.2326480127666184e-22
2.399882390129985e-24
2.0645546342080084e-15
1.9002032764053144e-08
2.9304516010463063e-15
0.00027977163037618176
8.90337558045271e-21
3.1280327121171376e-17
1.1868230329172183e-11
6.5075767150992525e-09
2.813632465972744e-13
3.5964006387265136e-21
3.101925293996386e-10
5.810986878714317e-17
1.109603719426699e-19
3.429868401187103e-14
5.5266804515328296e-21
7.630013327106786e-27
9.720545452400974e-14
4.909812954216525e-18
9.012458033603005e-16
2.6515387615963093e-13
7.469232281787872e-11
1.349839699196172e-16
3.1390519222450906e-17
5.649837741698731e-14
4.7624354042357466e-12
9.610140232155048e-09
5.445214798855112e-12
1.312233601778223e-20
7.966147692815197e-12
2.903440455691512e-19
5.059426948837862e-12
1.2507974794019368e-16
6.484291956206807e-19
8.604258269112858e-11
5.827635144237823e-19
7.844039132404809e-16
1.2390211169436464e-25
1.3587670180765995e-16
1.206279552113527e-06
1.0095270839256453e-12
4.402047445995196e-11
1.5463255647258227e-12
2.7616266175238007e-19
4.568738261569326e-11
6.183897909653026e-09
3.10237986873012e-10
1.81767280635058e-14
5.09921830283748e-15
4.203016198411638e-12
3.7124476586454715e-12
4.696169510442993e-15
1.942293751697996e-14
1.459585187812111e-11
4.914936675227921e-15
1.1184944543124786e-12
8.229423159515432e-07
3.0768218354312643e-11
3.963499101022894e-15
1.756780353780555e-20
2.0267873436537422e-35
3.782691068898484e-10
2.3766860498271475e-15
4.8689135088368985e-17
2.4188225069823392e-18
4.210939274054756e-06
5.496239667892482e-10
2.8277545332669054e-23
8.44681662245998e-12
1.4051868887778998e-07
5.087024596061121e-17
1.0327008608487186e-29
4.886586037596313e-13
5.116114854346815e-11
2.7662589117987572e-11
1.033222483688264e-12
4.333213252185366e-15
2.882103875118099e-14
1.7379547984327008e-20
5.716290880966927e-16
0.000269541716739247
2.9929778442930666e-19
3.084321012640498e-20
2.967178236879548e-10
7.956294476267642e-17
3.0750566727529144e-11
2.765508357844984e-15
3.134882195409538e-18
9.189226537116505e-17
6.940047112720957e-11
8.931418960125473e-12
1.2439079282729787e-18
4.8170118197251e-23
1.059155555201954e-17
1.149049970786609e-20
3.0382838792821796e-08
1.5247089213134333e-09
6.669914440848177e-23
4.3602453569340003e-20
6.811697635387277e-30
8.884472342665015e-13
4.668588894049115e-08
6.549359866329176e-16
1.672191652910522e-17
7.765881683676859e-17
1.3227907986187135e-32
2.835661158035183e-08
3.413407095903613e-10
8.99849232086173e-18
7.47048069196121e-09
2.948654352231709e-14
8.66625464492525e-14
1.0205796415105934e-10
1.6837143407248684e-17
2.4471985179891432e-14
1.8024772407769458e-23
9.57907347960631e-15
9.613431312410228e-13
8.53595745973746e-18
2.0037822290332528e-10
1.4456101695861967e-13
8.769051557260545e-15
2.7312381785160255e-26
5.671073674548777e-20
1.5153397208381427e-14
2.2530651009136048e-17
1.771060644997881e-15
8.274011140580972e-14
3.546410542007475e-09
1.2093742693748664e-18
7.602368529227748e-09
7.904304775052164e-14
5.225133932224256e-16
6.144414898673797e-06
3.5521060269686785e-07
5.2466011700397805e-14
8.585106390746996e-10
1.912132930671912e-15
2.0094346211762214e-20
3.567038795103288e-14
2.19891114012991e-11
1.4414630829783295e-09
1.166532878808156e-16
3.478706007941237e-14
2.841508034061565e-08
6.828411202491012e-17
1.9824800823988333e-10
1.146686406282869e-15
3.293867743525716e-18
1.7987975746446247e-18
1.8983057394279126e-05
3.0227186853998776e-22
1.457257629706319e-16
7.2049018034437815e-25
4.8603312012034074e-11
7.117497220164957e-23
8.165747548334654e-17
1.898373787259975e-23
2.607289542741585e-27
7.56740138875928e-14
5.484746662948864e-19
1.550099007863753e-28
1.892000499850846e-15
7.250708389075714e-07
2.5579403515015128e-09
5.826456741060644e-11
5.782369843317192e-17
1.7267615753066315e-23
3.439374449360734e-14
6.722086732588313e-16
6.315620804489467e-22
1.7656856661802326e-15
6.241909983385322e-10
2.0461744339428616e-11
1.3924070435572966e-14
3.476784981878669e-13
2.858011810995448e-06
4.63829144939996e-16
1.865087803108867e-05
1.1436078696326934e-17
2.32054023461261e-17
4.2981471458434e-09
4.2748967267448324e-14
2.8725252363256913e-05
9.173790271530923e-13
2.530551601375954e-17
4.861579990466438e-13
1.600902208561509e-15
6.23844125488917e-17
1.970505963129912e-23
2.0782457796030286e-12
2.887873244783641e-07
5.539097721127542e-14
2.481817073045553e-20
1.2295685890856162e-17
2.9039733647064904e-08
1.456230325254479e-14
8.396218884411019e-09
4.895840402640954e-05
2.1407873054806682e-18
3.423889507107429e-11
5.9521920857227126e-18
3.605189733282906e-18
1.1037532143105732e-05
6.085345948514816e-13
6.493948212739322e-12
1.0777351508811576e-14
2.760304247996142e-11
5.141092957849427e-20
2.415648532051606e-12
8.627255963946366e-22
1.1528772644221996e-18
8.626187617970802e-18
3.7309312020014153e-13
4.647533965359175e-15
1.8564368847098006e-12
1.173477052772747e-16
6.671640209908837e-18
0.00010777003752176963
1.3402009652042961e-13
2.601585016241492e-13
4.3073918779764036e-17
7.037249760625458e-10
5.055019649576657e-33
2.041000182767592e-18
4.822115115331096e-13
7.107445764828337e-15
1.8944099356078493e-05
5.72796918791492e-14
7.979565409570461e-22
3.144432797917555e-10
7.595866144378699e-15
1.613985189816644e-12
6.642742158591829e-16
1.936079061897111e-13
4.7331502442311236e-14
1.6873128628777927e-14
4.5465659539756836e-21
8.112440000956865e-12
5.3020357298725526e-27
2.1129314273515067e-09
4.122908492298815e-11
2.962238658272859e-17
1.2642735074868516e-19
6.455797249274905e-08
4.240060531514502e-11
2.256744009144719e-22
1.0415015087657297e-15
2.466173064420827e-10
6.357609458558792e-15
1.728801052624081e-11
1.2017955697298977e-09
2.829912237042334e-07
1.715922665817299e-23
3.638080780291416e-12
1.5330177013700026e-21
5.994726729869994e-15
1.0933434558232102e-15
2.674429417680696e-07
1.3165589218355955e-24
2.785014537385336e-07
3.7628102721801885e-12
3.300070592125398e-21
6.809748699883587e-12
3.3778368323500516e-14
7.050291970808715e-25
1.472995834660602e-24
1.651060327605714e-14
4.35824785162698e-15
9.07649717120008e-12
1.3591335160093106e-07
1.0085187352577662e-17
5.421877339762686e-13
0.04512798703684852
4.514921249702115e-09
1.0623334991315873e-19
4.678128721721645e-25
9.550273247601506e-22
2.6260668339021143e-21
1.033384051779616e-09
3.063119392768471e-18
1.2454662158526955e-26
3.0992768956784382e-22
6.094586769324897e-19
4.0462644082119834e-19
1.1315628072474743e-05
7.85010577942273e-17
2.5836699853339307e-19
3.932606610774233e-09
9.688905200114961e-14
9.445425543330149e-20
9.327653189001915e-15
1.3757675924385756e-23
2.277374623604392e-13
2.3981771718130695e-14
5.536474721698566e-14
9.435369454078992e-12
2.032695948554678e-11
5.207183746454859e-17
2.0837122202948118e-18
3.436399034243628e-22
6.643491713767253e-13
5.211709637900967e-21
4.359682053404348e-14
1.8497103080306476e-08
4.596301519609928e-20
4.407101022137734e-13
1.316407179920851e-21
6.369567119455641e-09
6.4716282115254315e-09
1.1640093900290208e-10
5.275382705685616e-28
6.109016342164671e-21
7.570003961463056e-17
4.584233261206115e-22
3.455631235575266e-13
1.329847076455425e-05
1.1867256986026406e-12
3.2860610316854304e-19
5.311550828039382e-09
2.4396645647514034e-12
2.0255841855178195e-12
1.1530311197361952e-10
7.438672538920486e-08
5.539505072081912e-12
6.686028242527595e-10
1.2076691770100867e-20
5.994159148061718e-20
7.790421027968307e-14
1.920872588151887e-11
9.70708783050346e-20
4.13082141325421e-09
1.3852888370509447e-23
1.4479935772192218e-17
1.3458545079930262e-06
2.3114482610771755e-13
1.3381835540287967e-17
7.534996720308292e-05
2.331775876930087e-16
2.597798776013001e-28
2.161671646738611e-14
8.781200935193008e-14
1.2411975485449058e-20
1.2767696616267478e-14
2.5584887682124248e-14
6.438815509163008e-18
5.674280793150613e-19
3.4760561949302764e-14
1.165033362427035e-12
1.3097110607381073e-19
2.8805773732081462e-24
3.9339095739266104e-11
1.0558462725333395e-10
5.3439279544499374e-17
5.974052465913381e-20
6.945515349803627e-25
1.0211496430949446e-16
1.9102285915753042e-13
4.822752582508558e-16
3.689364452615645e-18
5.218002282861191e-18
3.251281988671705e-10
4.715336698902042e-20
8.125145446227744e-16
2.3602108036467223e-11
1.2850050515042018e-10
6.706317707524002e-18
5.927978106994791e-26
1.743174092017828e-18
3.520875885707247e-10
2.0934131856674003e-25
3.8818498700761824e-10
1.05876584605661e-21
1.916703792135289e-27
4.313822808761797e-12
3.5497683049651426e-09
4.758689519901666e-18
2.3996053268690846e-11
3.017562128001347e-17
5.839054731463026e-14
1.7916018414161157e-13
9.13118064302311e-17
1.1803182584619442e-24
1.0256565693040366e-06
2.831564888942976e-12
1.2829359508216668e-19
1.0937581567871218e-21
2.181798960654657e-12
0.0008454315565647897
3.8138696797784084e-17
1.7596519605772687e-11
3.262515842629942e-11
1.185412463839901e-18
1.3588363395403478e-10
4.035553692146027e-23
4.36379248645064e-09
1.3828765974898853e-11
2.457880504839806e-19
2.186348758092193e-15
2.5754158401186917e-14
2.0970532817308532e-11
2.2561559404264447e-15
8.974847442517583e-17
2.018437892235949e-06
5.132968806846364e-08
1.7405104200202975e-15
6.189528357452744e-22
4.742261642628225e-13
1.9657802869643342e-11
1.0400640211286473e-14
4.755388722700917e-24
3.0157280178104657e-20
5.464102239373765e-13
1.8941937952835163e-24
8.512939770679925e-19
5.1588137541772904e-12
1.3241045885243713e-12
7.158386510016101e-19
1.3634870806442714e-09
4.434896109958829e-15
2.874656736753037e-19
2.756819725311913e-13
1.7287258775520046e-16
1.1582613931570609e-14
1.9042653654668868e-13
7.47765352271279e-07
9.184286207329534e-16
5.755734695951267e-20
1.707195317277075e-14
7.128952708956909e-24
4.692929921737636e-15
5.117659345026928e-18
1.0793792236638305e-19
2.8539812677989664e-13
2.0523782709862035e-27
1.522743564200204e-24
8.088746074663159e-12
1.0320737377321591e-13
1.691477568283033e-18
1.7322919766150735e-21
2.3767132320512732e-17
1.0576881830273129e-11
2.1136120495022875e-16
1.8723020388372878e-19
1.061808567458573e-21
1.410386868604822e-23
2.1308286902003847e-08
6.452135177427723e-14
1.224250970725659e-10
5.799681500390505e-20
2.670342352874158e-12
1.2866355767240708e-15
2.285202029491228e-11
9.440939141048686e-17
1.1568095252136116e-12
2.5578287410350745e-10
4.930170922150169e-11
1.076536849139763e-16
7.289869318674601e-20
4.7759151027776966e-15
4.3539774233470775e-20
1.29998205185913e-16
3.98709685524305e-12
1.1277751134799492e-10
2.0966728322609924e-17
1.515602397329645e-18
2.057328697390317e-08
5.873694865600655e-16
9.951281340833904e-13
2.6324653699511203e-17
6.385269804017062e-12
3.895527492731074e-07
6.811111658344628e-13
1.1329439262117981e-17
1.8655011267227434e-23
2.215302966776154e-06
2.299399548534845e-16
1.7226986930059405e-22
7.042544162244256e-11
1.9106058186948508e-18
1.7163228656597523e-16
1.5094009867207467e-05
6.228834663006368e-12
9.618270787052921e-16
4.722849361079262e-12
3.2145833460472247e-14
1.3305140640562088e-05
8.047675649244365e-14
7.039691787877184e-12
2.3632136753991283e-19
3.28109118166279e-23
5.639488879633682e-21
9.863564393638091e-15
5.040343565731029e-19
2.0464390058451411e-07
6.682313452492001e-15
1.88233078051884e-21
7.411085550283668e-14
6.012005758821942e-14
2.095404400040008e-09
2.064707881949763e-06
8.574598653470505e-06
4.3211431646411236e-15
1.0654390502897467e-21
1.6449842342855488e-09
1.8735307323936229e-13
7.535808872077654e-14
7.690401988271919e-10
2.2671461888874636e-06
1.641690408283826e-09
8.78440559212924e-08
1.2232564288541938e-17
1.4948724265466947e-18
4.446169355818271e-08
4.854412124935713e-19
1.3074919041379271e-35
9.142019634091064e-23
7.192759822399144e-10
7.894528650743198e-10
4.641274364993803e-15
1.8334603795854612e-16
3.11322869651548e-08
1.0249183108238424e-12
1.122490215449116e-17
3.6401743751575847e-10
1.1411844783319273e-18
2.1180740358156486e-18
6.001108306084632e-07
3.091776257064502e-17
7.931928468338674e-18
3.247425565037746e-16
3.321723689285481e-21
6.753750134298175e-16
2.0105709635313072e-10
6.014724381734935e-15
2.3330091088058975e-16
1.9649834604914636e-19
3.925019968869933e-20
2.067663665871821e-18
2.1886365318572e-32
6.3517845807577834e-18
7.301904540745305e-26
1.7716126452957084e-15
7.477653534807752e-07
5.593993902962971e-20
1.626144759736622e-14
5.8276162653472155e-12
3.0917541224783034e-06
3.391813574111661e-09
2.1511959555964146e-21
5.339599204930853e-14
3.541456492016747e-09
1.827088990398503e-17
1.7906987091509307e-24
2.5061752044871427e-06
1.1567185921128839e-16
9.047541951160496e-11
5.5426915954840737e-05
4.458833499543511e-22
4.976962919874664e-14
2.3015304139545475e-10
3.55489941841909e-11
1.7534013579606827e-29
3.733530580596581e-13
4.810234225624129e-16
1.8966295067345765e-12
3.651434826272105e-07
7.938516394998112e-15
1.3260444423521307e-30
1.416337075858132e-17
2.6417928790424395e-16
1.2742338518821036e-22
2.1129237404835284e-18
2.6128439526354012e-24
4.87674418526544e-18
2.0128432086268087e-19
3.257537583425044e-07
5.4577573511805986e-17
2.3808000949900387e-13
1.9571665583440581e-10
3.809900359479573e-15
6.083903177947028e-08
4.5147605149664065e-20
3.288566093928385e-18
6.036413613328671e-25
1.8237199956837952e-12
3.427425535950713e-13
5.17820966812148e-16
1.9716923182218204e-17
3.959006256042093e-15
2.9928984020002585e-13
1.4811472444189803e-11
4.0118873426175752e-25
1.7514159717473767e-12
5.20625510051577e-08
7.834202432468471e-16
3.139458461978533e-29
1.3893802141522377e-12
8.423262312776457e-14
6.94574383513302e-09
2.531629784084023e-11
2.669660259677399e-24
3.7618637539687187e-13
1.8149817021752792e-19
1.9149091052714722e-07
1.2350130854349008e-15
8.272456311506972e-13
2.4942889838508286e-19
1.926051547400664e-11
8.695566737335567e-12
1.754147491916099e-13
2.358956706819694e-12
9.764660223900686e-15
4.878306848926773e-12
3.275692805775219e-19
4.6286644560433037e-17
2.9425956844922695e-13
9.301698753743568e-16
4.727058955816426e-08
1.8709675852595016e-12
1.478878256961513e-12
5.5888884870850645e-15
5.382933478599638e-10
1.4691698781171993e-10
2.06514991271054e-09
2.2634770477380364e-19
7.049314598973745e-13
1.987573103271617e-12
2.5162583155049375e-18
1.87795055744562e-45
5.962256914241271e-09
2.0698986066423704e-17
8.70991745253685e-13
2.006600413001451e-14
1.7411391935829322e-11
4.750689545059745e-18
2.3601439720666685e-12
8.132881661918391e-17
3.029059113352124e-18
1.5573130132743774e-20
4.729936899143462e-16
5.582986820310803e-17
7.075403711663715e-05
2.5405627607662873e-13
3.478665417021449e-22
2.2393398680905096e-21
2.151145333201704e-27
3.6141401332634158e-09
8.46278526727872e-20
1.3189974481094357e-27
5.260475442348449e-16
5.541818184153331e-12
7.357712422185443e-14
6.8741125770948205e-15
2.574877467415423e-19
2.2336832863898385e-14
2.6578444648268547e-12
1.7039002095434583e-11
8.200868203183955e-18
2.0380564699273547e-14
8.344364263224247e-13
8.303692175551442e-13
2.7160653082238845e-16
6.522405291660777e-29
6.875415613050794e-13
7.94410090634158e-11
1.2108876375407759e-09
5.409981001419096e-22
1.071460496534777e-13
5.58473813424816e-09
7.856121656845685e-23
1.6151011403845379e-10
5.671283223203226e-08
8.390331192283756e-09
5.328830954849108e-18
8.527184315810067e-16
1.904970085660815e-12
2.468543815279892e-16
9.722889511376947e-26
1.6718871245294563e-23
3.975857733846281e-11
7.421333598221506e-15
1.3202350781064859e-11
1.4060685725965463e-17
2.839610502145706e-19
5.13024635482125e-14
2.3849181272321328e-12
1.335520121996873e-10
4.910726609249329e-09
1.9514283235278205e-16
1.6073236211511204e-15
7.103259608661019e-33
7.438064629397004e-14
7.557806703061287e-12
1.0434408681673105e-15
1.2674310518294085e-12
1.65682209468235e-17
6.611816296160308e-14
7.213847792671625e-13
7.364201918293134e-08
2.4254803952091866e-15
1.3962197043114318e-20
3.853071059872843e-08
1.5929067145433083e-14
1.3695626280865342e-12
3.751982753130252e-28
3.036205266025942e-16
4.100154527549038e-27
3.675345146800148e-15
1.0168917028208582e-14
1.3767298157991013e-23
1.1113739137780616e-14
1.0289559353816814e-20
2.6420178663191236e-12
2.238561288952478e-14
1.8327140525024375e-16
4.206106052863685e-23
1.421324112072266e-10
1.0841163646837003e-13
1.7934749598697938e-10
2.3820205459603213e-21
3.315170859784397e-14
2.2748556345654298e-24
8.229650570265996e-16
6.139212136471948e-24
7.210603894640601e-10
1.2634945985221526e-17
1.7118822729937544e-19
5.973742118143312e-14
2.6671963173708034e-14
2.8950176947386365e-14
8.748825253056827e-11
7.413474996710375e-11
2.162796955768388e-17
4.0160869691745174e-23
4.876962516184391e-16
6.799451988277767e-12
2.6991140648714017e-24
4.5462666542866785e-26
5.042050202750303e-28
1.5460578510737435e-19
8.865117164425706e-08
5.5732693762847894e-15
1.2737620994211196e-16
4.115101869027401e-14
5.7495120788450135e-22
2.7076050195330474e-12
1.331555291816257e-28
2.9754485801198976e-17
2.7331994681948607e-09
5.422200233397985e-26
2.2340660049038686e-11
8.152336035017725e-10
3.3202360590788893e-16
9.355303391034067e-12
9.669897503312103e-13
3.1966442215055626e-12
3.812967622716527e-21
1.6889801304173535e-30
6.174711003258478e-21
6.890283900297878e-10
1.6328060203808318e-15
2.8046552659463527e-12
5.5717858068750134e-18
7.598048678499013e-14
4.034964133965061e-33
2.7401955255085108e-33
1.5927276725491872e-19
2.4859331031951668e-17
4.218259423035662e-11
1.2469784315803319e-23
3.6049303789155525e-29
9.70764360241171e-15
1.0098515826030517e-12
7.107899301044538e-17
4.292019089976452e-15
5.281388878077979e-18
4.126546092099441e-12
2.8320777884037797e-24
1.1151632162816981e-20
4.476391032353977e-27
6.154713389663599e-17
1.1050981684645684e-20
4.119762982632876e-06
2.3113300547472256e-13
2.568317429434007e-19
1.4596538382458273e-11
8.927192844577471e-09
7.693525491518844e-08
5.5296616355956266e-14
2.107712201165303e-29
2.726621401284483e-10
8.605775060898597e-21
2.390782769125207e-13
3.855952049524072e-09
6.426982885596419e-17
4.728546565191824e-14
1.6363673473198438e-18
1.2892147923559096e-15
3.2984485472721656e-21
3.878658486010158e-22
4.845485037128818e-21
3.060593051579698e-16
1.5640016098915458e-09
2.8300786236051572e-14
1.3151737664477582e-18
4.182629582843003e-06
4.977833170356887e-16
1.211919246974019e-12
1.4742846701285402e-14
7.620609932697925e-16
8.13945953494122e-16
9.41614593100213e-14
1.8314549300596995e-18
2.321850103483943e-12
1.1196133036208896e-14
3.322560078036187e-16
3.4632581230704558e-09
1.7716126452957084e-15
1.6416116502175934e-08
6.196315631205902e-09
2.761245896599757e-16
9.047182728222082e-08
1.1659208338518438e-16
4.979653337558206e-19
0.0001231405579193661
1.1136775673035251e-13
3.811163021192196e-13
8.383100094490015e-18
7.901066899501133e-17
5.2311238461684756e-15
1.622290373126298e-08
1.6419819851120807e-17
9.345206480328544e-15
2.2421243930983453e-22
7.197497966310641e-07
3.6073820931200608e-22
1.510905313800007e-15
7.341731902876624e-13
4.4043517390731916e-23
1.2131230858039584e-15
3.9932275740767216e-18
3.860855753723159e-12
2.3546338960729757e-14
2.170223445213345e-10
1.9649115432267256e-14
6.330245407775477e-18
1.1687684698840422e-12
3.788712082645022e-08
1.0746670872759164e-13
2.3509501582518855e-17
3.8498824865165095e-14
7.0369939748853585e-12
2.273914646189798e-11
1.3571962050638981e-18
5.757856410452402e-16
6.189009107858628e-07
1.0927627913106234e-12
2.0067968585849717e-24
2.8251369966224206e-20
1.36648768044052e-19
3.006757187410488e-07
1.642977502636791e-26
1.942529616164468e-12
8.161888178272654e-14
4.853947241527034e-07
6.066186975382856e-17
3.295164635344636e-10
1.739407998335506e-17
7.875850990181592e-11
1.9626879871018195e-13
1.6617004011905034e-17
4.548457366692473e-15
9.20206913292294e-12
7.333094781626604e-23
8.185634181222526e-09
2.6191787454820933e-13
6.422449560674339e-11
2.017455944997985e-26
4.8032641154766503e-29
1.909257728689444e-17
1.6804228021842568e-19
2.3975705264001593e-17
2.5290631118909456e-18
1.1088595903248489e-19
1.8423137646915935e-09
9.130603232514595e-12
1.943132117386939e-16
1.0952808628475415e-06
5.006976789239069e-11
3.345585751146523e-14
5.12668825664662e-13
3.68434607559211e-14
5.8988118389534765e-12
2.3424465914100397e-18
5.910902607251633e-22
8.967019459128706e-16
8.964977213624385e-12
3.2377614946739812e-15
2.717790011833865e-05
9.149118558026966e-12
6.44473341080446e-11
2.0730815875721155e-11
7.156173655257201e-16
3.8268347661952263e-19
1.896149541721682e-15
6.468490553841143e-20
3.665831656550539e-22
2.3514021619553872e-21
1.0947308453532253e-17
9.453856333100556e-16
1.5191358589582586e-12
1.6910976873859e-17
4.604585722279274e-06
1.5001350916253114e-17
2.5876299141450457e-12
5.429004424436111e-23
9.570228988645447e-18
1.7868269165551567e-21
1.2608228098835978e-09
2.30801748377069e-22
9.150139151689474e-22
4.945200096246121e-24
7.99048955985996e-19
4.514798579875662e-13
9.801337238827737e-18
2.0956545388961556e-25
1.0857265939741806e-12
8.100895616863876e-17
1.3910987192820306e-11
7.006581014798404e-13
2.691274896008371e-14
1.4136051625675094e-07
3.438314236984593e-09
1.757806119359352e-17
9.518864358283643e-16
1.660072832832124e-13
5.741003389802803e-13
1.1895105010979091e-21
5.978739120926616e-09
3.2295275373460454e-16
2.3028589496483654e-12
4.019654246769236e-29
1.4613754876813822e-19
5.695632697103247e-11
6.465577960093212e-09
4.0479727485900054e-13
8.36487625808393e-13
2.10133733529918e-15
2.9087291414868456e-17
5.759634864693451e-17
5.020699113447565e-16
5.044047018336195e-16
2.4376089012562887e-22
1.503637828065022e-13
1.5513394518936404e-23
3.449653702618694e-12
4.761548533144388e-18
1.8522634563701615e-15
1.735526133859676e-25
1.0701727334249581e-13
2.093853568556816e-21
1.995842334105352e-12
8.014599688719296e-11
2.795224104950045e-13
4.7745669016830473e-11
2.580184968986767e-21
9.292647817861623e-14
2.3487186993805698e-14
4.817966561349525e-19
8.629032080163628e-16
4.53719969225317e-21
4.8862716385692155e-25
1.0899232581964004e-17
1.730312571604102e-15
8.985843204280611e-23
4.993360622990207e-15
5.797552034642675e-17
4.351388718111657e-08
2.1365942472390253e-17
4.3481156999746643e-10
1.127233531607937e-09
2.782759755743561e-21
7.40051365933521e-16
4.782593755232498e-15
8.774141907774235e-13
2.780830872315822e-17
1.425043714549356e-16
1.5106813970053885e-12
1.7346234130456848e-26
1.774837304419309e-10
3.016325313557583e-14
4.315035077055334e-23
9.78329386041601e-43
3.5788192172391364e-22
1.3355158844113257e-13
5.147665760820355e-13
1.766333948627958e-08
4.087134756171913e-06
2.7547882780714762e-08
5.450789985232951e-16
6.669012288218903e-15
4.307024836988286e-21
8.629070701253662e-17
2.2969960987973236e-12
2.5237116694792496e-26
4.5024750849973325e-21
5.52648935576219e-12
8.116757881463773e-15
4.008596424961047e-13
5.143452925981976e-13
1.7921623020125895e-16
1.3655514775465378e-21
2.5696274831786186e-11
8.77001648400486e-10
4.482247340710771e-15
6.674647589710452e-11
2.3133174245684752e-20
1.2690704741123376e-19
1.392664340448759e-23
1.118937554282699e-16
8.528744525003235e-23
3.522150451980778e-18
2.0893672092616362e-08
3.474456362340351e-11
2.5317704048988686e-10
3.086170234077499e-13
4.036484347199654e-14
1.4326083613976045e-15
2.2023497533471092e-15
1.0584138656320519e-26
2.5362375512503035e-15
2.5628261107734686e-11
1.7155829114662637e-11
2.9702507565726947e-17
6.176982832555728e-15
1.8000294078719598e-21
4.2356227224496715e-16
3.6930198624771766e-11
3.1822157013065966e-26
6.082981444220889e-21
2.060836967690901e-12
4.2152436654900916e-11
5.2700137490691807e-20
5.616383685409874e-19
6.335875881803415e-17
1.2777831916228194e-07
1.3403160582023556e-18
1.2054411746615879e-09
2.4000851037373774e-12
4.640010517326827e-18
2.355441686694969e-10
3.2442170449399536e-14
4.843532951672613e-10
7.619307356015585e-13
1.4183197326177517e-14
2.6900243566069284e-20
6.073534510826592e-17
2.367986431941702e-11
2.3614483239007372e-11
1.2456405033745112e-11
2.4912450392514963e-07
4.022196782392272e-14
2.0262749768137467e-14
5.667970858592389e-10
9.317452994647644e-22
1.49459837373786e-13
5.051442273574062e-12
1.6531320708899684e-17
5.833510948258787e-25
4.4973356770751563e-13
2.947843305887004e-09
1.6699138820882806e-12
2.5986001833370843e-18
2.225396461361729e-18
4.79005671183532e-10
6.354652479742147e-25
1.1082896708618055e-13
0.00029139489270989596
1.230762763278855e-16
3.1818962546784014e-16
2.3471608334620132e-21
1.1700535875341944e-05
6.633009858580031e-11
6.817728550028497e-20
2.850141953247702e-11
2.3156060798212622e-11
9.152973231381474e-20
3.137952677050402e-18
2.1803827133092776e-18
1.0253363569534278e-14
7.776823602955212e-13
2.298527323896232e-14
1.7088128639113172e-11
6.6043438057156436e-18
1.4446753485432941e-12
1.559389903188984e-14
5.275586717624033e-18
4.127193041988829e-12
1.2009201766525358e-21
3.7313752411486196e-16
1.1266946692312698e-06
5.354822530436324e-14
4.540453620006123e-27
4.785764774976936e-22
8.077164756749471e-19
1.725069336503524e-14
3.3962528022713485e-20
3.3230141742168062e-15
3.6543330977451617e-22
1.9967909292841323e-20
3.780501214864678e-20
6.794247793433828e-19
0.0009722899033280941
9.48150244096906e-12
9.479593558733545e-12
8.082468436707682e-15
0.495147168636322
1.7902286588624027e-32
2.172090783388241e-14
3.2144844329697147e-12
3.0157167449916645e-23
2.277224586637323e-14
1.5232279786757412e-10
4.7728671530137166e-17
2.9965463720848786e-20
2.0892768478476556e-13
5.1362002070686796e-18
1.1571229914042221e-12
2.0404084770739235e-25
1.3427939964818622e-23
4.293867507538781e-14
5.010151021625928e-09
6.171096500820904e-29
9.057627711711111e-13
1.6940151072953352e-13
1.391099156579995e-08
4.0228171635977934e-21
4.737952188364017e-15
9.111544994341958e-18
1.6301773523316453e-08
3.1164814850393655e-18
6.363843367114564e-11
5.514034849763579e-14
2.9057390870869485e-12
2.4969846959251133e-21
8.593957016586041e-21
8.101566201201106e-17
8.892504635665712e-14
1.875358081570722e-16
4.938719565318776e-10
4.458407283396263e-20
2.6681279130599767e-27
1.893596799790121e-14
1.272176996370814e-19
4.622957232070826e-08
7.250357473747139e-16
1.4578960732851448e-13
3.1880572638468066e-17
2.20713456815623e-15
1.2281101473201204e-13
4.261996206016055e-12
6.034060255848967e-17
5.72952649605523e-17
0.010179596750437003
4.6665602570737104e-09
1.9291524631501257e-14
2.5228408983496323e-16
0.0013103272138717725
1.8999062547029127e-13
2.542903129546381e-26
1.0546826001125535e-07
4.997312241643533e-20
4.133724325389483e-10
2.1009533108210896e-14
5.224895817295912e-17
2.793363414231149e-11
1.6933552105195113e-15
1.1376529142439653e-15
9.864265431312283e-21
1.1307897800094102e-09
1.788718646220626e-13
4.574947998432565e-13
1.8450834293333753e-09
4.104325921245407e-16
5.064094002585106e-22
7.942151176356327e-19
1.8116995434018577e-10
3.1369682957031433e-22
1.1452366827624366e-13
1.3608489790993433e-14
2.5908324870764345e-19
5.662923713756638e-16
1.448446474378971e-18
2.432985684226608e-19
5.832537277092862e-22
4.182629450789556e-06
5.271350813443007e-16
1.804649759739033e-10
1.001109400640408e-11
8.357144284645123e-26
1.3422282821783204e-17
1.8048781426430566e-15
6.847544225934836e-09
1.1571377763373676e-11
7.477653990444579e-07
1.6475636637156688e-20
2.346710400067085e-05
6.081933301175685e-11
4.234089155231928e-15
9.382968177806208e-13
2.8283041178499245e-17
5.0896630591759296e-12
2.3692125316864044e-09
1.211130611302933e-19
1.1090439078641532e-07
5.64271468330323e-12
2.4126969728654092e-23
8.105833442362621e-16
8.923779737331807e-30
3.443178490443653e-11
1.0555133038664032e-31
2.897916810620376e-11
5.727208061301049e-14
1.781957989746972e-15
1.9483184259966072e-19
4.159246823170494e-12
2.332625528634013e-13
8.720010581792273e-12
7.381685427715584e-18
0.10170747339725494
3.3432892470758687e-26
5.447779810384373e-12
9.538590180256768e-23
0.5158866047859192
2.1087428633913434e-21
1.7716939119452888e-14
1.9976602484968532e-18
6.030963712554656e-23
1.3782768835853326e-19
4.6222179236956916e-07
1.8886692719044574e-14
6.887236483586256e-12
2.3050625526810935e-19
1.0155754239827453e-18
9.478109286171296e-12
2.584162809033195e-32
5.374196651460432e-07
2.3983626091487988e-24
2.9023563428262705e-29
2.911557697793661e-21
1.890146462030724e-17
6.789314826559108e-16
2.231487486041465e-14
9.017005672420959e-09
1.8221428743384366e-11
1.3564690899986208e-07
4.9270920027328176e-20
1.3208205895684115e-12
1.3438488445763497e-15
1.8177316600762644e-10
1.3798433316712525e-17
1.989402896285901e-17
2.0333559233088773e-13
1.103126225228543e-22
3.623114155499345e-23
5.340711020355049e-27
1.9786454944761582e-11
1.825942860768329e-14
5.698968553841741e-09
5.465587067419211e-09
3.63231141074303e-19
9.476658185007569e-18
5.965730859630008e-14
5.468370398795409e-07
1.2292635841422394e-16
5.737356505605027e-14
2.092314695297259e-25
8.262967152165772e-16
1.5914181820252595e-17
7.300405311668001e-13
1.7607895584194121e-06
5.936772454897849e-20
3.5293969692581033e-28
3.1180404465767604e-13
1.0579078680297814e-10
1.0411914239002488e-23
1.0638771175293854e-19
5.140827320116973e-13
2.4336582204522863e-12
2.965923024459809e-11
1.913559051723352e-23
5.015907979784916e-15
1.859630119891985e-14
8.003965679864312e-19
8.23568941333998e-16
2.7089544639047845e-11
3.043984800577989e-15
1.911623962820225e-08
4.1716909796583914e-07
1.3387544017271305e-12
9.27872500332433e-08
3.371959799893645e-11
1.182203796914291e-11
3.586529941258324e-17
1.164541165456031e-14
3.1675518985517054e-08
7.508726044475929e-22
2.5923053435779193e-24
1.4831968635255845e-07
1.3082971431494236e-12
6.090733042431112e-16
7.302726527520794e-27
1.7566933809948969e-09
2.4264608153648934e-15
6.65475356582714e-15
8.969539764105869e-12
2.5618070364940737e-17
5.4056485311101643e-14
7.796959607263743e-19
1.8175354109098184e-14
4.047908196467512e-15
5.4622718250277874e-14
2.161948245969518e-14
4.881900021721376e-19
1.825016257284888e-13
9.441290832513466e-17
4.012335650652863e-17
2.6405932480236605e-16
2.8941156126233798e-09
5.1901178911004855e-12
3.4838015545018024e-17
2.2050440054539162e-17
6.705305659194064e-12
8.791909969793978e-13
4.549256848726036e-18
1.5785682878789157e-09
5.034093422531703e-18
2.5216315590492858e-15
2.5819259211801603e-16
8.456467505201097e-15
9.482592203080761e-07
2.5996769624631853e-18
2.640849396058381e-22
4.955984201067936e-10
8.034139826829597e-24
3.66949828941309e-12
2.1208225610895533e-11
3.2906820569560434e-05
1.5471526390145684e-15
1.7202100559835945e-22
5.532509327722755e-18
2.901724522082275e-14
1.1762550277537063e-10
1.490617569894261e-16
1.678029587808133e-09
3.0989180245008594e-18
1.5694742458057278e-13
2.3690625420196937e-14
2.1428331504101532e-16
2.5198776983809396e-23
1.261596625326041e-19
3.886931338869951e-18
2.7922324583823145e-14
7.743775244992462e-12
5.181455651976209e-20
5.983186197494561e-18
1.3571832617433973e-12
9.264212134710616e-18
6.0308964112981875e-15
1.333525795806396e-16
2.7709960684028246e-29
5.46680574174684e-15
7.703170665731071e-16
6.6912726880128326e-12
1.2219333904415118e-19
5.8121558042766304e-08
2.6416332199055383e-15
2.5129724847899758e-21
3.07050866681061e-21
3.18288722277477e-33
1.1596977751019989e-13
2.1313461426232125e-17
2.123833873494174e-19
6.059012761180728e-13
3.958089209764575e-09
9.021544358238206e-22
1.3216936448207355e-11
8.190855055467371e-15
1.7939900260426408e-13
3.167862372665627e-13
4.606204746558819e-16
1.309705660487896e-17
0.002028501308583841
4.3441043251923475e-12
3.7116714431818262e-28
1.872964720689786e-10
1.656955335354394e-23
1.9520370220975982e-13
1.3441640940874115e-07
7.306388236960565e-09
5.032846545465451e-16
3.590765882920761e-13
2.645584081231237e-18
4.587324098318207e-24
1.9432337490448763e-12
6.789499892586177e-19
9.183122469182447e-19
1.708111541074388e-14
3.3020619459095367e-16
2.5193445715864382e-26
6.2283587369633615e-21
6.724956700086248e-14
1.8213859308937275e-12
1.2827072396412294e-12
1.9734357794343226e-18
4.1094410788537083e-11
9.712429005427403e-14
3.503871382893551e-10
4.874751232631253e-07
9.760289849164698e-19
1.635121949874398e-21
3.0973939501462947e-21
1.0544804053155647e-15
6.9015767510653035e-12
3.111382195726098e-25
3.2344274257512958e-24
4.047886083602986e-17
3.8114385530807295e-15
1.9847841223931915e-09
1.0357293828075834e-16
1.3491973163271996e-19
6.1607377038075666e-27
3.0632424717603084e-15
6.146869668674644e-14
1.3858424721731235e-07
3.1762471255740983e-15
1.3861898521610794e-20
2.4219360979130923e-14
1.0522992089884925e-15
2.627915405632989e-13
5.1062788573613704e-17
6.377948677518074e-15
2.16201918794923e-14
6.097319032880395e-18
7.923589295130728e-21
4.43486016262459e-17
7.700867956652123e-25
1.9705494594710015e-10
2.0990115450083084e-16
1.972785784095763e-14
8.224772953736703e-18
1.1582498148663065e-18
5.588130933336465e-14
1.2439812652327584e-21
8.015150705251208e-15
6.184960068790458e-26
4.164420542820439e-16
2.7968016631118767e-25
6.166447374554545e-13
5.081947896779898e-19
1.1783034274727657e-08
1.3312852004235212e-08
2.1899711524911592e-07
3.8495552591090603e-23
1.5307930533435533e-20
3.2110400243897265e-21
3.344622284333818e-25
2.6833558340125493e-09
9.484094604395933e-11
3.2590943017362084e-23
4.2186337617529905e-19
4.3418175008340564e-10
1.061762311819526e-13
4.358672361013278e-18
1.7591427463586474e-10
5.765808121906941e-13
3.0991024783473156e-20
3.1655281515456003e-18
1.2785751681832156e-11
4.530275245616332e-21
4.535825586439923e-19
1.327072013339731e-15
6.623618641379915e-14
6.323578448734253e-20
3.0365022630969148e-15
1.5500606156165569e-21
1.7692882405429475e-12
7.489373609065686e-09
1.97502394037779e-23
8.437134235286551e-16
9.785548866640745e-22
2.337473557503772e-11
2.8439071496219383e-16
7.709825232603991e-15
8.891301058506977e-07
7.260646724062036e-18
5.389923172158066e-13
1.16792416826244e-17
1.3282431220297366e-22
8.685972728017266e-17
5.949051108269099e-22
4.2907726465586934e-20
5.002289387475553e-22
1.7007727205367333e-20
2.9074857160603166e-20
2.9992329894684173e-21
3.2202100411094767e-18
3.011340936764796e-12
3.813268494136499e-08
2.1045475601276126e-10
1.9358840897773048e-19
1.9440799869446222e-11
2.415497953973548e-09
4.090366537927773e-12
2.726165362376294e-20
9.33052384688126e-12
9.091582230681793e-25
3.932326838870635e-20
8.907014206775674e-23
8.68411729285799e-15
8.671108759926406e-14
3.631489597924132e-17
2.5805937543883276e-11
2.026399277649224e-11
1.7788257958071422e-12
1.0230916724239944e-22
7.670971993696697e-13
1.0296213678248267e-18
1.3237076044185326e-18
2.707523540146015e-13
4.744125943364046e-17
6.497995633520268e-16
4.382013796745401e-12
8.468984600385746e-14
4.134067847841202e-10
3.171853491524082e-13
2.6950647003549145e-16
7.55475466026013e-16
1.1462979708035819e-14
2.8932361155421095e-15
2.098343849478097e-17
4.172779323651378e-16
9.392246921659455e-15
3.419677529197092e-23
1.1495626704163175e-18
1.9456792319265813e-14
6.337908256323758e-16
1.2964379083201525e-15
8.167714170528667e-14
9.716200181291464e-14
1.6814264703561166e-12
2.123226803054248e-16
2.1977392813742308e-27
1.216986562878301e-24
3.2295497012004572e-15
3.0253297620928264e-20
9.773062192926985e-17
3.2279237412829246e-16
1.0169832843878084e-18
3.570548520733741e-13
2.2721932639263424e-23
2.485440512407671e-12
2.403137086075668e-07
9.787695920818657e-21
4.0157926947611564e-16
1.0064074191420474e-16
1.5593529521778477e-18
1.1563034236751857e-26
2.342693314485285e-13
1.4928108607427147e-23
7.320998307836834e-19
4.925242995690597e-22
2.94479709216822e-13
1.3617772586163273e-17
7.561962084246989e-15
3.9240754898357053e-19
9.752086463665696e-29
1.3153601355388738e-15
6.714998476634358e-18
9.516276113469026e-18
1.092680356853051e-26
5.099900970559987e-16
1.591797593274438e-16
3.033449537209481e-09
3.091672824098608e-13
3.1698037179691862e-19
3.230128151971819e-13
1.3769122785363565e-15
2.4765438751742848e-17
2.174571734282454e-19
3.49676447045475e-13
2.526250397804926e-19
4.392126164155759e-22
1.3851000169042485e-18
5.096428062825948e-12
4.2586719762440276e-07
7.126097113494479e-12
1.4074118939498684e-13
1.0582632295099454e-24
2.6361105932355874e-07
1.6261535304722298e-20
2.0455231450352223e-06
1.9947761969330335e-09
4.932918769987965e-15
3.0829305819284534e-10
2.836317849160117e-16
3.069104448442666e-10
1.7671637682521893e-15
1.2088414931630607e-15
7.670806980788086e-17
5.225103950037316e-21
3.188709398380847e-10
2.8537222333423643e-07
8.753857967994103e-21
4.2436855649071937e-14
2.0267405693654726e-20
7.188509249037408e-23
4.620678623522972e-11
8.36901564107647e-12
4.224075842371782e-14
8.953669276912281e-16
5.232263651863775e-15
7.409278640990244e-53
1.1898002653955715e-13
2.760274069171718e-23
1.766610844360338e-11
4.701052051794858e-19
3.3172595629025465e-21
1.2463515144463358e-15
5.789498608355899e-13
4.202186056536415e-18
1.656215944280046e-14
1.9045451964619695e-11
5.541213764711888e-16
5.0070949300101325e-16
7.560200303753316e-21
2.576286622623317e-13
2.3162279003666753e-18
2.974608593083884e-21
0.00012651210723034134
6.034083933551151e-25
1.4058522141264762e-13
1.6198442071520062e-24
3.780628969492241e-09
1.626253506376396e-12
7.80658127959755e-21
2.99933548681579e-14
7.303644141014734e-26
1.42856054111247e-11
5.627986264457103e-19
1.050371322200627e-15
3.223654232211224e-09
1.1072332161709185e-16
4.2439412434554424e-11
7.74952200012677e-08
5.841629504295025e-23
9.194356539589798e-15
1.8509734309352163e-17
3.2141367324999644e-26
2.1999032227456668e-23
2.0306523546106492e-26
7.141630865542191e-13
3.44559799719046e-18
1.3155069370864165e-19
6.395004243754086e-15
1.2394227816849295e-24
6.832716523088677e-18
0.007139674601467361
2.691086591506903e-05
3.153925631886984e-14
1.918765579001928e-14
1.0147287377989775e-24
1.1877494458068031e-08
3.997314439389905e-14
3.436157506268836e-08
7.302289496865484e-20
7.790478148398971e-22
4.981955801017158e-12
9.752622617228034e-17
6.0400904750100924e-24
2.00775481548348e-15
2.9425704533357476e-15
1.550568846378453e-17
2.284083315027891e-13
2.644127947188165e-21
4.908518147138784e-32
3.463972382853507e-14
1.5685370330059994e-15
8.71227967981445e-27
9.232658587358893e-20
7.752306527703651e-18
5.299633985956776e-19
3.9137318573772755e-13
4.341499209179091e-19
1.4001925456051193e-12
1.1039388200689749e-19
3.4973383948083646e-10
1.6226415052168226e-22
6.010036889992479e-28
1.9422215975240112e-16
1.2468682542488404e-10
1.0129852365834252e-24
2.7365840891384234e-11
1.4782342111919699e-24
1.6020452787680064e-21
3.421120633176561e-10
9.765600049222026e-20
6.853655317088723e-18
2.7785591763632694e-16
1.0440019150636256e-08
2.6761992951999975e-13
3.5049996373478565e-17
2.5676288589564018e-24
6.825137145589873e-21
8.093035653295719e-08
2.4414791983600135e-15
7.866243991842758e-14
0.0005933936810487933
3.2265738970285613e-15
2.0043883868962947e-15
2.6803630518932216e-14
3.404791438732819e-22
5.2194339843958264e-18
2.7357680968841404e-11
2.8534899718558144e-09
7.835163387179945e-27
3.712120530148034e-16
6.684602874933008e-12
7.593785858240648e-15
4.791607134533493e-15
2.1625420771460484e-17
2.36007930958997e-14
2.6486380258502996e-18
4.568746981210739e-09
4.6771611219753846e-17
4.090364681893787e-12
1.5218737332987582e-19
1.5423262840328095e-17
2.8406061049402926e-20
6.5876628130542886e-18
7.941379660849828e-18
4.5440845686222647e-10
3.2542689889603955e-17
1.0548806492426636e-16
4.344191741027746e-08
4.079920508907128e-16
1.9668760064606834e-19
2.161578025028645e-29
1.3567425771126442e-15
9.09528375303562e-15
1.8081101280826114e-23
1.5154218175175115e-16
8.924910749674501e-15
1.0681922925532118e-23
2.3558370799837248e-15
4.4446478256361016e-24
1.197790519146734e-22
3.456819998888196e-34
9.503064238933275e-16
1.1413884302490344e-27
5.106467079347991e-18
7.7138219795627e-15
1.8401827150339248e-20
7.903742221940851e-10
3.1334591879119196e-13
3.298417675247965e-13
2.9091147139646023e-11
2.180134511719882e-15
5.2067676395726665e-18
3.6167452826970584e-10
1.72879273256505e-09
4.779935129129321e-16
6.815305945400782e-14
1.476564158634163e-11
3.6548289344258906e-08
1.0167168838439559e-20
6.380769393752606e-25
5.230670061176997e-06
1.9583229311221787e-12
1.90946999467237e-13
3.980198294062511e-15
1.910291728230811e-11
7.298709181135291e-17
4.695731569170823e-18
2.9551316165553687e-20
1.3846389599889075e-09
9.226778021413299e-14
1.409599625967799e-14
1.4346242131986604e-17
2.858987344378201e-26
3.258528922538792e-16
2.2006042656413017e-16
2.3005864743654285e-06
2.0544165643363867e-12
5.978115023801034e-12
2.5678910464022592e-09
7.812347103824696e-06
9.129955600721936e-10
2.303350416743061e-17
1.2584766489912152e-10
4.7238187251722434e-12
2.216146532066289e-16
5.0608882107143566e-15
2.7982997979972843e-15
8.585516988449419e-18
1.1415040903274378e-22
9.315728021259945e-12
0.0002704714312393372
2.09296442949996e-17
2.4969959795626136e-12
8.07995838733901e-21
3.6760220934157736e-23
3.8949507137900665e-20
1.1404662402403584e-18
1.996227972627403e-25
1.5933489233132418e-17
6.92975995240338e-12
1.3600123103689064e-10
3.1180689366172152e-27
1.2453814804840354e-10
2.8528570925507913e-22
6.353033949456073e-17
3.099602702709194e-13
1.3887527530264495e-15
6.197433298727114e-18
3.008007192307895e-08
1.3484395770836934e-14
2.581057590895691e-09
8.756483938221685e-22
9.767687593943366e-13
1.7821640385326058e-08
2.8959391059854143e-09
9.609468171766608e-22
9.944472923593263e-10
6.586573991517423e-08
5.357930395522078e-31
1.1474853662296706e-21
6.4512830362646986e-21
4.7828575015101376e-20
1.589304733453994e-28
3.69609784955953e-14
4.068093214148407e-27
1.0053749088193096e-13
5.893945512952945e-11
5.966737625605462e-12
5.538251458361264e-07
7.978674707323822e-08
2.5387095975447117e-09
1.4872783260386137e-11
7.313544191845256e-13
3.0275539490223866e-08
4.420868862974182e-14
1.9404594719972526e-33
6.071651792615419e-13
1.402384928415668e-17
1.6495049268884178e-19
3.1095194595428147e-29
8.815648200913884e-15
3.314142514335811e-15
7.770817208595634e-15
6.317613248535388e-21
1.4095375744840623e-14
1.1945394556828388e-15
4.3740332345900385e-15
4.204864930032514e-34
4.266247341962252e-12
3.241139363101152e-14
5.986143710856265e-19
6.14352952912434e-21
2.255269645841688e-16
7.8164051857286385e-22
3.655468588985758e-15
5.368812871956979e-12
1.995714136618536e-14
8.555672833493838e-11
1.574698533292257e-17
1.255920082302479e-28
3.8000456343712126e-17
6.115659559888992e-15
1.4559257002104582e-16
4.663249399262526e-15
3.052781481650281e-17
1.1832875016353853e-11
1.6232176721440512e-17
2.7832979823905352e-18
8.188567012312051e-27
2.0275414180813687e-14
3.4341315091824285e-26
2.2955325420449714e-21
2.0375814397221246e-10
1.7750719581164967e-11
4.235304844128133e-15
3.400931517687364e-11
1.1856273309745294e-15
3.067831349701905e-18
1.3420247593589203e-14
3.4036571424391314e-15
4.235843731658136e-14
7.706032295444613e-21
5.4387710840770696e-14
4.596036879766809e-12
3.3821402036006154e-17
8.195074261693029e-21
1.3076575231478093e-19
1.4364451656992968e-15
5.023530142435921e-17
9.622546173432333e-07
6.617606111064001e-14
1.8521287880412e-15
4.0931800585056225e-07
4.5374568869206434e-13
1.63690701989807e-10
2.113012909643297e-18
7.455038357709144e-20
5.875364330151533e-20
2.925515887413119e-19
1.6528198878175331e-22
3.0833136674978167e-16
3.007311385492509e-17
1.391267331692194e-15
7.002955295497433e-19
9.251777165532549e-18
1.2807939364817202e-13
8.491634898196904e-13
2.5494257016921093e-10
1.360297256565314e-16
4.042222263221319e-12
0.4666330814361572
6.320695494692715e-10
0.000405290466684347
3.0262537159947285e-10
4.876342088317327e-21
7.62063963956611e-18
2.6912756910382528e-14
2.4218081122373256e-15
1.862937034402355e-15
3.775037586306926e-11
4.329319528886497e-25
1.45583522008514e-25
8.287446023109849e-13
1.2809668641404966e-15
2.6566758459738453e-19
2.859458706129619e-16
7.778052881068669e-11
3.175336515147648e-16
9.530639568856447e-20
1.4673029013748422e-14
6.143456619983137e-17
9.758322583778563e-08
1.3445609354594985e-24
1.000159784489029e-13
7.642868643335639e-19
1.1102322147865103e-16
8.199529602073887e-14
9.20578697964372e-08
1.5652682951242406e-17
2.1267594645461448e-19
7.279040112944755e-15
6.800242601054003e-20
2.3413832478804088e-17
1.4697005539211784e-13
6.363047063806419e-11
2.3022573905708212e-21
1.8397533511989432e-16
2.1722134275599945e-17
1.9792002281042833e-20
3.670337282937359e-23
7.9380580514972e-13
3.072936130464643e-12
3.025876941264359e-23
3.939122786873214e-09
1.4406676058727163e-11
5.999987607826181e-19
5.214213658715782e-09
4.1070270270210405e-16
2.5590604040038662e-11
5.275362250627233e-12
6.566138893135545e-17
4.082976897499038e-14
8.337594347366835e-12
2.9019435576854655e-16
3.894069430648379e-11
4.3022822201432717e-20
2.6215151400315037e-07
3.777736830264285e-12
1.0042666841132515e-22
1.1173635059473153e-19
1.7584489373514136e-14
1.371428308853223e-13
1.1359057111897788e-17
4.167375999319379e-12
0.0004439972685613536
1.7612914080221673e-08
1.5121566856266913e-15
2.158800832147249e-17
1.6863983449343843e-19
1.147838444403997e-16
4.782516737931775e-20
1.5888381785462582e-16
5.932240771887328e-15
2.847277020754019e-17
2.279887782476809e-32
5.0664633353149446e-21
2.6216662556902264e-05
1.041513367782784e-16
1.643375716777356e-15
7.920917007546787e-16
1.5446300263275162e-15
6.383384666141487e-22
4.490506458555952e-20
4.869254379322968e-18
3.7075081869155365e-16
6.741444521159154e-22
5.508332494847107e-29
5.583242321151115e-23
8.146309148177766e-18
1.1767526200550317e-16
1.1616616252842187e-16
2.3242868532946717e-30
9.900947698288283e-12
8.078059219697136e-19
4.613932731034345e-14
3.26057222771554e-11
2.6887309919028658e-11
4.9800030707292355e-15
6.825167997200701e-14
1.5375988830413418e-07
4.202098660167191e-07
1.3717380464440433e-10
1.1211551935178047e-14
8.171921743327305e-08
5.679445942974088e-11
6.4036221130061915e-21
5.152835800189249e-13
6.1914434664401365e-18
1.1071011165513183e-18
2.4157403687618587e-19
3.791350712543485e-19
2.5912196679101824e-15
2.2662900049431586e-09
1.6881134821755487e-18
4.9365349850425714e-20
1.556529781250664e-11
2.6638991742468156e-15
9.803340547110669e-23
2.680226820981497e-17
2.294811662372772e-20
1.621111152271032e-11
3.863654085229093e-17
3.848935155751704e-12
8.446779768989595e-30
2.6768009585571965e-13
1.124842039905926e-22
3.110690305316345e-12
3.012761747413094e-14
4.307385678266959e-09
1.5123115362751204e-05
2.9976862933786265e-14
7.397269165729607e-22
4.571204052341994e-16
4.9753314745035686e-14
8.254061502306176e-21
1.026791098688997e-10
1.503215574970267e-23
2.2119911174513516e-11
8.744076187423533e-14
3.213630759759492e-15
2.133279996423437e-07
1.7916550996815076e-16
5.967963987501643e-17
9.886385101782932e-11
1.4459158619839024e-19
8.316848139717446e-17
5.516385730068631e-19
2.317547025115693e-16
1.2294766209222928e-18
2.1760860152885107e-16
1.2290721736413252e-21
1.1725175387551523e-13
1.3045289371685051e-07
8.829772644736265e-21
2.0366094004595654e-18
4.4007220290272575e-11
1.7499858435877686e-13
8.189414971670492e-21
3.404742418842631e-20
1.152975202028522e-19
1.3051675217129425e-13
2.7716942752708448e-11
1.4652066013108111e-19
3.765902887004917e-15
2.6462060233066593e-08
2.920922519052494e-16
1.301735950333925e-19
5.458757573258695e-19
5.363296390995615e-30
7.152062307837741e-13
2.1375189998829477e-20
1.5475160935393472e-15
9.543709214702006e-13
2.307763592647006e-22
4.523417768926024e-15
8.492504124564985e-19
8.780506713890286e-18
7.839690195725733e-13
1.0706086153348572e-21
8.100335906298529e-16
1.729769224783026e-14
9.680740993132069e-16
2.3918869386593165e-27
2.4581268699601363e-23
6.13245699709581e-11
4.039133855693199e-13
6.412967354974536e-13
1.316244411907594e-18
1.9629042902017023e-15
4.95039416969093e-20
1.8987330374892992e-07
6.14293288933558e-19
5.298427211413896e-18
2.666035864701874e-17
8.643443550395109e-21
9.324919948119198e-19
5.092891424811729e-11
3.869393948868248e-12
2.4600861585776436e-15
1.871020388718882e-20
6.49520872514112e-30
3.069442076476614e-13
5.603553133984997e-13
5.511287786232808e-13
2.9765569772093955e-24
1.7557929839172041e-15
7.311490956918309e-15
4.883958358608231e-12
6.1373490928420856e-15
4.90477114675456e-11
8.634178560519656e-23
2.766230395515538e-11
8.454410951985806e-11
1.0400976622837495e-08
1.057197000202707e-21
7.821345680349362e-10
7.103464041779497e-10
6.943606011651376e-18
1.2109837644015927e-20
4.1237111064033396e-17
8.22198069428658e-17
6.9390424284574e-17
2.9172973568228134e-09
5.063835054332241e-11
6.32485150971734e-20
4.029043393844479e-14
1.4700687668275579e-15
3.2639088544608976e-32
1.762662319177929e-18
4.5866885045186005e-11
5.144247335676312e-16
3.753513847201991e-13
1.162769223247277e-16
4.646567082378341e-08
5.692016892526583e-14
2.3723293505909506e-12
5.124020440444124e-18
6.247833818764138e-20
4.9242185759217696e-26
2.9435046365810863e-12
1.3607464001547628e-16
4.880668324732155e-18
4.4623136374519135e-13
3.7808257728527235e-13
7.393186549977962e-24
9.210734946224585e-24
7.477653534807752e-07
9.07630700977501e-12
2.744888691289971e-17
2.824205304701533e-15
1.3349617694229298e-12
1.1786859940759767e-21
4.4967624845290365e-21
1.2837269895319123e-12
1.2215464020851085e-16
3.4199348864263393e-15
1.5786483577010451e-40
4.853446607215377e-17
9.58542026604967e-13
1.523228463301549e-06
4.4120966537367425e-24
2.784010404834645e-23
9.671233305108113e-14
5.218929412513388e-10
2.063906743141177e-16
2.867038784733429e-23
8.62362973257625e-14
3.0047936395305006e-10
9.662916878739343e-17
4.4371591724702e-21
3.4373079299952827e-13
3.9180327933456874e-16
5.441741575928811e-19
8.372107514159215e-16
4.817786565663476e-11
4.87639366121428e-12
1.4288998576287487e-23
1.173639192495835e-15
2.643578370262932e-18
3.181820777047671e-14
1.5878836231062135e-17
5.348691705051582e-13
1.9841581382919637e-14
3.0728584120254124e-22
2.7027303540251265e-11
1.7802417507796616e-13
1.9381236455636117e-13
7.073283137948508e-13
2.117880263637755e-13
3.554600177077361e-15
2.0081615118387784e-11
1.3125992270887617e-19
1.828749875590677e-17
3.8239686220216024e-19
1.3501735284829305e-15
2.248876916425516e-40
3.6637381355623993e-13
1.4261583267701986e-21
6.025585100407908e-13
3.5532119980321213e-13
1.1444332183029643e-18
6.0470371422770015e-15
3.022973993738032e-10
2.4907959445578376e-05
1.800671846706253e-21
1.904681226984702e-10
5.785531098348486e-12
8.432240929110571e-18
1.8096347157856865e-17
1.6869034741442721e-15
1.5459822186994935e-14
2.1429779999942306e-25
1.3754180762503673e-22
1.0125925286354491e-10
6.334203094551411e-08
3.337788772461844e-14
2.80903498033276e-12
4.5631686249796055e-25
1.9340897684356688e-14
9.624257464891865e-16
6.858084945601539e-17
7.137164582331418e-17
3.558822790269019e-15
8.572427825451496e-16
3.547329774255139e-05
3.0712717115034323e-19
5.614343918931794e-26
4.0253120669045104e-23
1.2675960718230044e-12
4.560643689114091e-18
4.144213940490359e-15
2.4383365284391287e-08
5.0637179084907617e-17
1.2976053007468337e-17
1.470730401597251e-12
1.4609720574035186e-16
2.3557878498178287e-20
3.611408644175849e-20
1.2030888371603146e-16
3.643333947849878e-24
1.142112706270798e-15
3.238255442038404e-17
5.426458009180909e-18
5.5411521479027516e-14
1.154714197322134e-13
1.2370769271919022e-19
2.728128902820936e-10
4.42923743298732e-24
9.987582005055017e-13
1.997249781338757e-25
1.1553497771144408e-13
7.609601911988861e-11
4.251876732893847e-23
1.3052019815371323e-13
2.700300676278991e-14
8.434650493588058e-19
3.1808609143370953e-13
3.1682921708439707e-07
1.0652516876839036e-26
1.2286256849831674e-18
2.780518841891015e-22
3.072054104065977e-38
2.6304525606716604e-25
9.214773373011113e-20
9.054464446183686e-09
2.00576337442951e-12
6.172632582429999e-08
1.7229563388405095e-37
1.941819415466218e-17
9.272007296233599e-15
3.0240591459726657e-17
7.388599929414896e-16
7.196399882264841e-20
2.295601313487308e-16
3.88139496660534e-12
3.048348397006959e-13
1.1819390474651026e-13
9.19005355156087e-16
5.573265196066693e-28
3.948453728495998e-07
1.907311782028223e-23
2.6852855649960824e-07
4.2418827867887937e-16
7.558037880461179e-17
2.2288417058236356e-12
1.344491785281916e-10
7.33730758184147e-19
2.588541592433373e-16
1.0371534661291297e-18
4.066304313653083e-18
4.2245865539481055e-12
1.4845091396082825e-18
1.1166144864601854e-14
2.7701193250856837e-11
1.429039510782102e-20
2.2977286523433527e-09
1.859599786638103e-27
4.536961595960593e-16
9.094202870933785e-22
2.08276684969796e-18
1.8204273041759583e-20
1.8761841819792991e-16
7.495667785145495e-15
4.525777018877904e-16
3.416087658916104e-17
1.1431947048261073e-16
3.2654751319688232e-09
2.0651975945985332e-22
1.919382553779954e-18
7.311050824016022e-28
6.193805108959842e-13
1.0357788757454602e-24
1.4908482575238912e-13
1.8102613319523316e-18
6.135767116448504e-17
1.5835462325353808e-21
3.7034549675110704e-11
3.9563551316978864e-06
2.0898244943526115e-30
6.538217876663798e-19
2.01435385139096e-10
2.2629058886821873e-13
1.5615119560404566e-29
3.380811860092174e-13
1.6392828669138374e-09
5.648590841349192e-17
2.218006433180199e-15
1.1633079345536325e-22
3.8236023967550326e-14
6.579983554377384e-22
5.506285291745958e-14
3.203882580935758e-09
3.847526398318558e-22
8.41774696790531e-15
3.047226235057164e-09
1.3397154999171556e-15
6.3583385495098274e-21
2.1717061517578477e-17
5.848528509046713e-09
2.941849275965922e-14
3.3202737080473154e-08
1.0554794036672698e-18
2.5779394527085803e-23
1.6029569823940681e-18
9.474314756492324e-27
1.1962439769844418e-17
9.95214170689468e-13
4.558938492457166e-15
3.527186097424172e-15
7.204988295561639e-08
1.8322319770647544e-12
1.0516707606582615e-15
4.900934430059475e-13
2.841998539536468e-16
4.54579343372496e-16
9.403242889738606e-18
7.616165119007397e-16
7.730005785329215e-16
2.361834653138285e-09
1.8788861810607143e-13
2.5394427759730634e-11
1.5867667160208963e-16
7.39074566677794e-22
1.8055817736716875e-10
1.9916908536131368e-10
2.4526569422577955e-10
4.1510291209332006e-26
3.4139546218660176e-25
6.574914191954817e-12
2.150212594475753e-12
4.53373385899969e-25
9.542270652308416e-30
1.073105392011439e-15
1.533884578400616e-15
9.996198239788339e-13
6.004477791445964e-17
1.7360675996778947e-11
3.7429217547755745e-19
2.7935502220264687e-15
1.312652367806725e-22
1.3718028390515018e-21
1.3146062584539539e-27
1.6413201657938953e-13
1.4036405367667429e-24
1.243886419467774e-23
4.230391095255869e-10
1.1154854957485646e-15
1.665331977742452e-17
3.0238615724899363e-12
1.8365157880962466e-22
2.812206588796716e-17
4.084416225731389e-11
1.1255916347372133e-18
4.986677972158348e-17
3.56986190484291e-19
5.283811229533306e-13
4.645728189763978e-15
4.01865342827913e-17
7.80086707557678e-08
8.932122314086759e-18
1.6699600846949268e-07
3.152044439297948e-15
6.800157555056703e-20
6.562694943633956e-13
2.64022770213646e-15
1.870876702666864e-14
3.143383012124767e-11
5.095263251138047e-09
4.1748156795221196e-17
8.806523700409718e-16
7.54053009876347e-18
2.420557171533145e-18
1.225560778375314e-17
2.274036022242024e-18
5.111793474271295e-09
4.159796934919907e-18
1.1128070732709372e-18
7.692698831033568e-16
1.663860041792144e-60
2.9940725899688977e-16
2.1808241807739013e-13
6.797584067922056e-15
6.451909255346571e-11
1.4185481348477195e-10
1.0968625281229083e-25
5.2294785011553985e-14
2.2718440131478197e-16
4.2113456008917455e-18
7.712947444293513e-15
7.653267413944334e-11
1.047153572549839e-07
1.128159916377403e-17
1.4573860143476041e-18
8.119565562409704e-28
1.10447198080735e-22
3.7830968639103503e-25
1.2565097536500091e-16
2.2856990578569467e-26
9.547673733937963e-07
2.3616975585890175e-13
5.2728211190927374e-24
1.5415945186419894e-11
1.2752007450277412e-22
6.946573559703761e-22
2.3810431239805097e-11
2.3403576906752658e-11
1.656626261170271e-19
4.9247919899372914e-05
3.3739505193734222e-12
4.664272950719601e-22
1.2580987180832824e-11
7.037604835819509e-24
1.0643101110833854e-15
7.338891709962455e-24
2.581703510537939e-22
3.025987961490511e-13
8.342485220080231e-13
4.591437655698061e-14
2.3846880639129867e-16
1.338662220754416e-13
7.601882218159046e-16
2.227105282065674e-18
2.0171446864938967e-20
1.6069260720271772e-12
9.21147345111047e-11
1.8566464103675953e-16
6.672886088129965e-15
1.8994102745053748e-16
1.264094905454053e-16
3.4580121252444916e-21
5.788797275889419e-10
2.2800241319492128e-12
1.1885813150638137e-09
3.9706820502582295e-13
3.34468260541238e-24
2.2988450281032347e-12
3.895801483317673e-15
1.8858033939652253e-14
3.5629941543854765e-15
4.2102402222001354e-16
2.7853113770439434e-15
6.65009567704161e-10
2.4247490486913566e-19
3.604220294054245e-20
7.04367840085026e-15
3.6168086410577776e-12
2.8291125242299003e-19
9.85618069992985e-19
9.837795812350213e-21
1.6705897356239027e-13
7.701273333936064e-12
1.5700996279763095e-16
1.6877535277977534e-25
3.987355854598679e-16
8.473039059329095e-11
9.414314648363976e-12
1.3054697762223912e-15
7.373080132202321e-21
5.098356885302242e-18
9.904917508015736e-21
3.6798372193571463e-09
1.8646647774211257e-20
2.6610769350888366e-13
1.150566287503814e-07
1.2199102526859896e-25
1.5764477353329654e-13
5.6424776829372835e-28
6.353622504879667e-20
3.4733268997757347e-23
5.14488153853588e-21
2.4381967724418057e-20
3.0112820608847264e-09
1.1173689341622482e-11
1.6584547390464503e-19
1.129362601673807e-14
1.797204803657221e-22
2.53025490660601e-16
3.290365992164515e-23
7.04061865885197e-18
1.59045440114238e-08
2.3042940369545564e-23
1.1484319625920759e-15
5.6059028128409715e-12
1.9799940476010114e-11
3.65378898626024e-08
2.1799273164419724e-17
2.8035736313747557e-10
7.78494282220482e-16
4.289807915998598e-16
1.498211220818448e-20
4.881691358275068e-16
2.131515266241843e-15
1.2837120375766235e-23
1.3422648833340858e-09
5.389750322988297e-27
4.498918435633909e-23
1.2808861199334817e-07
1.3245212416096158e-06
2.5481111863223773e-09
2.3996655023186394e-14
1.5098155700021602e-21
3.303176347761e-13
2.623430082779491e-15
8.335960788385159e-13
2.5311493671740766e-07
7.176153613751158e-20
5.691746640779466e-17
3.4118710968111117e-09
3.0508962759360593e-13
4.0293422259450896e-22
4.8238141477524155e-08
1.3041020232089183e-21
1.520883379833202e-16
1.014881519033743e-18
5.0653852468850265e-17
6.542101092512291e-25
9.722357625881434e-21
1.1415831403685812e-14
1.36428484967175e-08
1.2065934941433264e-13
5.033279418247563e-34
4.9981047700589386e-15
2.57387422402644e-05
2.026644105854412e-11
3.2684357594999665e-23
7.192938178090507e-12
3.6650828390820365e-23
1.1492227191766968e-09
1.0812149154554293e-15
5.4894861965248186e-14
1.846380212272128e-15
3.973708072165528e-23
9.14399640619187e-17
1.706505850866706e-23
8.317087440398458e-18
1.1642564242868916e-14
8.445892668187816e-12
3.418602947390623e-17
8.952104198049774e-15
1.2514642429871384e-20
1.4558326758885413e-07
2.0670964061321248e-17
1.2130441409575728e-23
3.0501190371528906e-17
2.3906033454091286e-18
5.699207240342198e-23
2.3755093757679557e-07
2.1501262462134876e-22
2.3779722113806527e-18
4.6841131688236746e-14
5.675846810483924e-16
3.1301503670708027e-16
5.3316089413065125e-17
2.3157998418057874e-21
6.091916724803812e-10
6.657073889910219e-16
1.4237482297506515e-14
1.4032693011712958e-18
6.837353270556141e-16
2.5848174906359648e-21
2.85904651160557e-18
3.694727615947626e-18
1.57418889706937e-17
7.790219010140797e-07
3.770219937171327e-08
1.7551273154809275e-10
3.808845804412321e-14
4.4209582927115305e-20
4.592494484315589e-16
3.0613121097044933e-18
1.9212487970551732e-20
1.6798415466949657e-09
3.49200813948817e-20
2.246758291893861e-10
3.866762024524277e-11
1.714361364868539e-16
7.697819938470389e-15
4.6558306158172614e-21
6.855634922976668e-27
6.607674598462988e-12
6.736895429392671e-18
8.459011198739356e-22
1.2941703642088336e-07
2.5597661783750722e-17
2.2527971554145916e-18
7.7538000090652e-10
4.918188013046632e-10
1.1943966868170692e-16
1.640427918218478e-16
4.387834246484995e-24
7.668191910477498e-17
1.6591580644659957e-15
2.516161860350895e-13
5.40966985490393e-19
1.2787995971247572e-19
2.8350567789075964e-09
1.557257438090335e-06
9.525287817072503e-15
3.6750077444039886e-11
6.863364328378749e-16
8.013549335284365e-15
9.29646734118149e-12
2.6172173389910918e-23
1.3025783282003336e-18
3.974280029872144e-17
1.7622351620845704e-13
1.3366311243240852e-17
2.2527023364507034e-15
5.041170183736682e-17
1.204188560040423e-05
2.325982918155744e-18
5.336408295947873e-15
1.2404100665746551e-12
8.296243723009999e-17
5.159566415224273e-10
2.283555760007927e-18
3.3758895870863935e-23
5.5405526041289406e-15
1.6254467592500538e-16
1.0431951466473433e-13
2.5072753811882098e-14
3.2515925847960485e-19
8.706031562025009e-19
1.2720994659078015e-12
3.425264479939724e-11
3.5121339454807764e-12
2.8962400079660116e-17
1.6474128686085293e-20
1.0868049783978541e-24
7.113441962380463e-19
5.997724653909375e-14
3.9158558599865597e-16
9.50210288848303e-19
2.3664501324255e-22
1.3441855307755477e-10
9.660887832930456e-14
2.0510967250960878e-23
8.536769092276841e-13
1.2421507911048145e-21
2.2852176790560316e-21
1.9557477408431443e-07
2.3425962069824077e-10
5.391606148111359e-12
2.1667497407036585e-16
3.915173028238178e-08
3.282338507564715e-21
5.588515909583613e-21
1.4606176957781558e-12
1.933484097135897e-12
6.7496965560743445e-12
4.886791553666319e-16
8.245260671469476e-23
3.4771421358820695e-19
1.2444362385151417e-13
2.6077686053869317e-11
7.928817427328297e-12
3.2826824311245476e-22
1.703623209271776e-17
2.936439568307801e-16
8.548981628420183e-25
8.712996672156448e-15
9.539430107108846e-08
2.0698294313837287e-16
5.272858874103943e-12
2.1944375681500598e-13
6.280950978953862e-11
2.152880665295208e-10
1.4672022333050726e-12
5.345710342773582e-23
7.452858933573613e-12
1.976753967183226e-12
4.3989475638906203e-17
9.925462471161254e-13
5.175706676552695e-16
8.309477982607703e-12
1.6975643349655624e-12
5.466763722258076e-13
1.442279470183768e-16
3.3559624503321637e-16
7.49951514014441e-15
5.562804724580436e-23
4.3883080778370844e-08
8.095959224226855e-14
3.831185665536168e-12
8.46433760580126e-22
1.5582626420019228e-12
4.1812256650049745e-14
4.571691916390962e-18
7.139288022202764e-14
6.985362861454422e-22
9.089613610162378e-19
7.585817020868111e-15
7.885421334227582e-18
2.7740749321750297e-14
3.186745116305672e-21
9.606341348136404e-13
2.885592142175881e-16
7.956065968019099e-12
3.57940424088627e-31
3.488253297290039e-10
1.5859519617203217e-20
1.3878031057277722e-17
3.6002167936199206e-20
1.3395436042205137e-16
1.0094277011976085e-10
1.11858606996557e-12
1.9070253409378874e-19
5.311014930606969e-17
9.913629844895983e-17
0.015434809856026965
6.05866953911006e-10
8.291840747568718e-36
8.956438853339642e-10
2.5757139269349115e-20
5.294901546533743e-16
6.626714012200183e-22
6.667609594506822e-20
3.930466077014947e-16
5.486435961371646e-13
2.228220132005463e-09
6.115298337950809e-16
5.65384255166928e-13
8.29896038683845e-14
8.36276242426126e-12
2.5844622058636355e-09
2.803704235606855e-13
1.2238627994443137e-24
2.7134130983062855e-15
4.552524841927787e-19
1.6346404631869495e-12
1.054694976891144e-08
2.2590874188298383e-15
8.689648165583536e-13
2.7316908530728218e-17
4.358715809595506e-11
1.3499083243362629e-15
2.4973048665049e-12
1.1467518517906526e-16
3.154101915111021e-16
2.38183318070545e-12
3.352601864476199e-23
9.766721362062737e-18
1.0719361379565207e-09
4.294788352030302e-24
1.6478620820346704e-06
3.3415065063965704e-21
6.110830588619061e-08
5.424191971286064e-09
1.5876423310020637e-31
1.8459427762884965e-14
7.477653534807752e-07
3.177844398270547e-18
6.72683781516429e-23
5.86563688206637e-27
1.603882345414013e-25
7.768596166974587e-23
1.2649517737984438e-11
2.0473046212970876e-11
5.542967060590909e-13
8.708685835175153e-17
4.694759416569049e-13
2.5391019752114198e-14
5.281370761096929e-20
2.658884110447153e-16
4.2132270540470045e-23
2.1207025527632186e-33
2.6847005414118012e-17
7.398543907046323e-24
2.635739556934173e-12
3.144022933346188e-16
1.2532077743962349e-11
2.197989103437343e-18
1.3341104805626323e-18
3.9040458757511975e-15
4.9158417203009057e-17
4.722184428963399e-10
8.009562146271264e-17
2.3270272083521216e-27
1.1906787297490225e-16
3.396293270610368e-08
1.772026004401267e-10
5.349128999035829e-21
4.995811664358759e-07
1.3954282921608656e-05
4.723104384440424e-11
1.0739957713933531e-27
6.199340183986305e-08
9.454512202255706e-25
4.192843745807396e-14
4.4613799677367675e-15
7.293946394467708e-10
1.686308648572563e-22
4.729898060970668e-10
3.1097579297897615e-22
1.8890281485308374e-27
7.463289467706453e-19
6.720978658095331e-21
1.4969921220321403e-06
5.816148339810934e-23
1.3866888452148463e-15
9.268181915415749e-24
1.7317986552664517e-11
5.744287874394259e-09
2.4170568830472094e-21
6.328410041799224e-19
6.08130716414731e-11
5.998807124157608e-13
7.79962450112336e-16
5.82187615041656e-20
8.828501531044881e-20
6.125711556828683e-13
2.206455031991775e-25
2.9119427639068642e-08
2.5675439366331547e-15
3.716372669859263e-21
5.322374342039209e-25
1.782392810676868e-14
3.612856744668895e-16
7.4671903010974e-11
5.539639544156036e-22
5.2262522674540885e-12
3.776086013821485e-19
5.813615528904451e-19
1.02342332793534e-15
9.091247727183007e-19
6.346803964555722e-20
6.080405449925984e-11
1.028611676349649e-15
8.776404213550883e-23
7.267270575117898e-10
4.737952188364017e-15
2.1100537142410864e-18
2.928478540514336e-13
1.2393139431659048e-17
2.5684154776038772e-09
1.7238288732784618e-15
1.0409544308338876e-12
3.156665544236359e-15
5.679555536024618e-17
6.035753169178572e-13
1.3015996991168988e-15
1.2047675372770957e-09
3.762200668482482e-15
8.452121742023537e-18
1.1814043700096694e-19
2.9871608711210584e-13
5.956140824126715e-20
3.810555643332209e-24
9.874611954157733e-15
5.2381571189709576e-14
7.264065102600767e-16
1.0064533838923215e-26
6.029312639617226e-17
2.3194760241217334e-09
9.663646726450471e-15
7.049368792161963e-23
2.631715222147938e-14
6.011445557653826e-16
1.2525141836657631e-18
5.614657423740405e-26
3.5221683116047e-13
1.0190734588348641e-08
5.428981388617604e-09
2.1611560085140445e-15
1.5876671444402463e-07
9.450015718695089e-14
4.016466336300964e-18
1.4195553403047232e-27
8.444490646759883e-23
1.1418731790994438e-12
2.497757548090267e-15
7.999249840870652e-25
1.842804514157645e-10
9.593117844882052e-13
1.3460778661625244e-05
5.906007193848782e-11
8.833546708740306e-22
3.529641322117116e-23
1.8478872355226447e-12
1.6968040362221772e-20
5.470521044718519e-20
1.2650585383545636e-16
6.784910399734545e-10
1.9985430486191527e-14
8.223245433591747e-21
2.10670083485358e-27
2.068087378830967e-12
2.9607478810684207e-16
2.1638878568601594e-12
7.514818194589992e-09
1.0011406641315114e-25
1.340041019090188e-12
1.806608718728381e-16
5.044234787925165e-13
2.366037515608619e-32
3.350256723266946e-17
2.116137471691719e-41
1.7357168560196476e-09
4.010948115753949e-19
1.4150320531317575e-16
6.75123349466059e-15
4.446123263657365e-19
9.915567619924759e-27
2.575522544461069e-18
5.4068368499107986e-08
1.1506475745570286e-14
5.64792917234424e-16
3.792365138378229e-14
4.126752129117008e-15
3.962132897416577e-22
8.56512227615625e-18
4.998614449801969e-12
1.3109897272501414e-13
1.5450825638339964e-20
2.3090092293544025e-17
1.335744444510102e-08
1.5355387158935316e-13
4.330296432135984e-13
4.0471572524097326e-26
6.009363978121012e-14
3.5616781110197695e-13
1.6370424013078192e-16
4.596246167572986e-14
2.607299417721422e-12
2.9963135222836287e-20
1.719650812385926e-12
2.120514621852227e-12
1.0264861177331377e-15
1.2945428554534118e-28
5.920116178676103e-20
3.765569289800142e-23
3.885686491028062e-14
3.261718662018038e-20
1.7420431091922293e-11
2.9411028219872874e-17
1.9103767564458068e-18
2.366807635077446e-15
1.4109296560058577e-15
6.664421462118718e-10
3.131028147126652e-15
5.657023363413248e-10
1.0692379491396102e-12
1.1821510626947693e-22
4.267371327485648e-16
3.028755948440301e-13
1.6031857240813071e-21
2.2640159885758417e-12
7.549729171523738e-14
1.109361151069935e-09
3.4584753686580725e-16
1.3034985134992878e-27
9.837341261971743e-13
8.743879571277576e-14
2.9872731568921873e-13
3.712021052861814e-18
3.7609026752343e-12
6.315482803573633e-13
6.3495059311076e-10
6.688394394114836e-28
6.401124995080778e-10
3.5153029188208993e-25
1.7807148105168292e-23
3.65574893744926e-10
2.3336890429980305e-21
1.9803293438243717e-29
3.466337399185809e-18
1.0486787207310487e-14
2.7450434868762924e-06
3.1336948999467607e-15
3.552548322854547e-20
5.626685668227349e-13
1.3750779388241003e-18
8.307740690055279e-17
1.9128320102767008e-22
8.5001300215961e-09
1.158662668448889e-14
3.83212372661949e-18
7.375094907586008e-18
3.785528174418385e-10
2.0065631937879595e-13
1.0908496418645163e-16
1.3026595185586922e-24
8.897824232084243e-24
1.7233203628443704e-15
8.149165408199081e-09
2.175983735456819e-25
2.0565685011274658e-13
1.2347595282000526e-07
9.277308724954449e-17
2.576797774629661e-15
6.9631728642365115e-25
3.507922484505948e-17
1.549686840210999e-20
2.383080391029634e-18
1.8680589694879114e-15
5.882634108013606e-06
5.557313852630505e-18
1.7627356021419267e-14
5.3586397774071845e-15
1.0112098009180734e-22
1.8535125492753005e-19
2.252879069782386e-19
1.4070466751851042e-16
2.9849656312962042e-12
6.780262123633985e-22
6.115886527628988e-23
5.710824026014453e-29
1.119598131685061e-13
1.0571803579625833e-21
2.0081890289876174e-21
3.736025631447505e-16
3.431162254146315e-16
2.5279874976366665e-15
4.159146521316636e-19
1.7762692607680803e-21
2.1180512519210297e-31
1.0504769221270269e-24
1.2275483780512117e-17
5.665015713740457e-15
3.2996202244903108e-15
2.985694898624866e-19
5.93090663974708e-11
1.6243290484208776e-07
5.383001122396404e-18
3.0701648139602146e-16
6.721373549111761e-16
7.646810283877527e-06
2.1562770146743774e-10
5.100593337706686e-18
2.7621473284092565e-10
3.704688609400569e-12
1.3864460788385392e-15
6.543090036941631e-08
7.849571605184376e-17
8.024330590839734e-14
3.660832964482285e-14
6.509141724759281e-11
9.385093350261068e-16
8.201636390493856e-25
2.860164283866548e-13
2.166279389682691e-22
1.567340133457931e-21
2.3582396719831414e-14
4.169825827196523e-12
5.21798129598178e-16
1.1823335328756075e-21
1.0924874363541577e-14
1.5359194479896241e-16
2.3296716741610898e-14
1.3550216326351304e-14
2.3468666166549435e-16
5.265990605947955e-12
2.1973695422734548e-13
2.871336325260926e-15
3.1260660359434332e-19
8.619279079968645e-15
1.6207451262335073e-30
1.4510474971971575e-20
1.925741687255252e-13
1.4096479232672338e-20
2.3722268529191806e-18
1.0237492857529184e-17
1.2710673886862453e-12
2.570944943468758e-05
7.485746502751377e-24
5.2343374130514676e-14
1.6298539157462454e-14
1.3388161171280052e-23
1.0785231479359004e-14
1.6904123231573846e-11
1.9367058211604738e-13
1.3397444358761352e-24
3.098744194154017e-19
2.9638148390390244e-17
4.620105948582983e-21
6.101916893690616e-13
5.055389646088246e-07
1.138323894991321e-13
1.4044473017101011e-05
7.00207725262959e-28
3.7081256106054166e-09
3.441519131389987e-19
6.093624316198147e-14
4.646883306642764e-14
1.3349574884602414e-07
3.536046490626184e-16
2.8776868453769697e-05
7.378309827566171e-19
4.400987489880473e-20
1.8556856906491857e-21
8.189588756542335e-14
1.2383089066380413e-19
3.0383050003331525e-24
5.656856104227883e-18
2.9812135769665243e-26
2.5271452752776423e-21
1.115463355546322e-24
5.723276115541127e-23
3.6042169004429215e-24
4.2710099957185955e-13
2.9564414225608028e-24
6.134096467762592e-18
7.699448778750111e-13
1.6086219861034795e-20
4.267500414281667e-10
1.1828169996212239e-17
4.361958031584769e-09
6.658129657524816e-20
1.6185923265495862e-09
3.74576619576648e-09
9.473314397407532e-16
1.6148527937676946e-17
5.4129112513583906e-08
1.4373681982228872e-16
2.57931922221336e-19
1.5156560423320292e-18
9.764983022098998e-14
5.6647257133144614e-15
2.542499661997251e-18
1.104203527792046e-18
5.946131120824683e-07
8.231551696154122e-18
1.4717018683956823e-19
2.5703200636112012e-14
2.037682483724917e-10
1.2383384481790482e-20
1.3759656136876127e-15
1.9178188897024233e-16
1.673469027804996e-15
1.04182019568323e-24
1.459259648900409e-15
1.925361277215617e-15
3.467408516712605e-13
1.8916370253404637e-16
1.259206431692377e-15
2.5168278163422624e-13
8.603836838381178e-23
6.155432179515763e-16
6.446719252132126e-23
8.91777250588798e-09
1.509924125769123e-16
9.833774995766443e-15
1.4796011856865797e-19
5.927997589809268e-14
6.515975797259187e-18
4.2985408801837495e-12
4.736897148664948e-13
8.551901705418336e-15
1.5378801059374997e-20
4.8933504147917024e-14
2.3161590895315777e-16
3.981754193162317e-21
8.814588912946036e-11
7.450440295758113e-22
3.537703140960826e-18
1.4389492287151776e-17
1.4868978313565787e-14
4.6937231924228427e-23
9.462304045193595e-18
3.094979783044914e-11
7.855381772167378e-11
5.6258431812030256e-21
6.15851675116716e-05
1.4068032630885203e-17
8.041173634282906e-15
6.184098534272958e-29
1.865534585700057e-20
2.959922089572944e-16
4.448638036625393e-12
9.854512732248916e-22
1.1121686226781498e-15
5.023722877734514e-16
5.881278251257914e-13
7.898325708905368e-14
6.7522899837887955e-19
8.326217640968272e-08
2.326026131988205e-17
1.941132323090923e-21
4.261718829091575e-46
1.0146488208514746e-08
8.016246040637279e-19
1.12617460152494e-33
5.670055603382623e-11
1.6373408104987327e-13
3.2841501191228003e-07
1.2813770805781614e-13
5.70013052645857e-18
4.468590174012955e-16
8.465416635197521e-06
3.2912923029087422e-15
2.1201367687729327e-12
7.958715718900958e-11
5.3393154329531354e-18
7.639326025904635e-16
2.5452158433614952e-15
1.2355951900594337e-10
9.5369093521085e-16
2.7248215702640104e-13
2.738194915721504e-18
1.5186547387777553e-08
1.0215731929398134e-23
1.4239586655396204e-14
1.5208362507450773e-12
5.158491799655182e-16
1.261042457955188e-09
4.939460804354704e-08
2.838762260647266e-21
7.303122188487663e-15
5.943963453588604e-14
2.4602386833527928e-17
4.9726902374624833e-11
7.755425798886312e-11
3.419396789579522e-26
5.019864591321636e-12
9.121925422557489e-15
1.1709207524916574e-18
3.1651667398452434e-17
1.8500844963634352e-21
2.277782702921534e-22
9.621331418686821e-26
8.296152044816258e-14
2.321662320000556e-19
1.2036956659573725e-07
1.760955064362055e-22
2.2868673092032166e-18
2.1825218267070558e-20
2.0022490677674728e-14
1.6348172796545426e-22
0.00015662852760031215
2.9198899208483165e-18
4.586391693344824e-17
1.3966967646035286e-18
7.89986220619582e-24
5.1741613054586815e-17
1.1148101558263756e-10
1.0447256346681496e-07
4.909020958218314e-27
4.162423043031719e-18
8.028305471307012e-16
6.811101778267317e-16
1.992132558525174e-18
1.8972655521084082e-10
8.273017062868815e-09
8.613073706308758e-18
1.8060035519722757e-17
4.874386858026828e-12
1.8494043310751786e-16
1.739713593993383e-26
6.139059859598856e-27
9.855396340467658e-10
4.925284714528426e-15
9.982215145547748e-16
1.1483252352485446e-18
1.5974972060448432e-21
1.06095004169951e-18
6.830523414663695e-15
9.730832086670554e-15
8.758746367729472e-18
1.0162021164267917e-17
1.3009296445153774e-17
1.4890033320916057e-18
1.510609833166093e-06
2.898193743759898e-19
1.4346187483872752e-16
4.847501751177687e-09
9.23913787986099e-09
4.849861529330366e-19
4.438732724754853e-25
1.340499398502772e-21
1.797575058148543e-10
5.761178551483582e-10
6.071816634961364e-13
1.4034401898971125e-12
1.5873600778539077e-16
1.1179894725630376e-14
9.104795119215638e-19
4.961239270938135e-21
3.0133915853102064e-09
9.92909050512511e-29
2.1563671167289294e-12
1.0752011272642848e-15
6.433002419404804e-11
1.386181998339736e-13
2.489260153443445e-13
1.2972210894042167e-22
6.373968037581569e-22
1.9844487513247583e-17
7.17539088741963e-21
1.2398269755897173e-17
1.552502507426812e-16
1.0526810186233712e-17
1.4989251413598197e-20
1.200491327031505e-15
4.133555420287117e-15
9.896141877868079e-14
3.4518451969122595e-08
3.6323202999433374e-22
8.683553190823494e-16
1.1043905920006435e-18
2.799436738864347e-19
7.319367788665136e-17
4.2925656613770093e-07
8.006704728594446e-14
5.88573042674425e-16
1.2849130979233318e-18
2.4602374744858123e-09
3.9432973876649273e-07
5.934690939208376e-20
1.1192146680957297e-24
1.825781525085009e-21
3.0708402465330373e-13
4.2581333781551556e-11
8.646158975810295e-12
6.582243734758082e-09
1.0455345960401112e-20
1.4511542692386139e-15
1.9949180237642515e-25
2.3459151202199882e-23
5.285555328061316e-12
9.312742091652118e-14
7.179986725384325e-16
2.540953274332474e-18
1.7736490348318854e-15
5.988977076224643e-14
1.0950140258499871e-13
2.8622294299423876e-26
1.815545494481251e-24
4.05552343808936e-25
3.228479689104021e-15
4.083831470005582e-12
9.235945247585785e-09
9.584165361762948e-20
3.440585779420644e-25
