6.870537299482058e-18
1.4239420059479562e-18
4.873758172462647e-12
1.191556453707553e-29
7.982625668775691e-21
9.54439244824825e-23
1.4939284114348317e-13
3.879944236569568e-19
3.7424642994793397e-22
6.154248662650494e-16
2.5717035091631195e-12
1.0630445104705561e-15
1.6675140237261814e-20
3.763475862429151e-20
2.0846102407549656e-15
6.133759319762156e-28
1.0586173174976381e-32
4.076931237978718e-15
1.0478721872925913e-22
4.010224837393929e-13
5.545388259983995e-19
1.5354117259523664e-26
1.3407560509707281e-12
1.0481563560630356e-17
1.0199148428454765e-18
2.6300504863699237e-15
6.109892681774815e-22
5.779511327671497e-09
1.987413285602488e-17
4.0454787180244235e-18
9.783028707321922e-20
3.194092412621709e-13
9.594157008595819e-26
5.200938684779983e-33
5.772535754762689e-35
3.5237114983522065e-19
8.666943758193733e-16
2.0289592287185433e-20
2.7251785407826878e-33
1.2750419755824143e-25
1.5117176479234629e-27
1.7290416151797567e-27
1.508963679076419e-25
9.690186225149556e-19
1.2004468204944918e-26
8.649973693557362e-21
6.127658595290875e-35
3.860275237481945e-24
2.355553211838181e-28
3.774915093154433e-23
2.316444888873135e-25
6.557700662200913e-18
9.922887152111484e-14
1.7062212402546733e-26
4.0590876710195746e-26
1.7504422141680951e-28
1.448758560608696e-20
4.101888844909042e-20
5.5216645235439135e-18
1.0209795142384873e-21
4.358755901336923e-21
1.2688410573382213e-10
6.668363500342531e-34
1.1667228451670354e-18
3.1165033710448488e-27
1.567918279138869e-19
2.365926470553706e-23
5.059776832521845e-21
2.2310192757323512e-28
5.89533536598876e-30
1.8450768490887704e-15
1.4936717808647053e-12
6.767554603554365e-12
7.634094572855194e-61
3.788848333001333e-26
3.8636605959834146e-28
6.52663891914889e-30
2.804556991662622e-19
4.942131097770198e-28
5.3944571720889e-08
3.581001612663581e-14
2.1103878427526615e-32
1.0215032762948062e-15
7.014516386118574e-19
4.4469065456175774e-20
2.2037566456059605e-22
4.440912763273927e-16
9.942313894303177e-26
2.9595789903246744e-18
3.6072311456465726e-17
3.854716340351826e-29
6.301197993358462e-15
7.011977239016905e-27
2.181265476137289e-27
3.319691627228188e-24
1.0028802217344598e-20
2.270991998307963e-28
6.801272892067615e-34
8.283954363055057e-22
1.3611984740858645e-22
9.033945093782672e-18
4.678503277554864e-25
2.5851632130619284e-18
7.314612469795765e-21
8.64929377234474e-52
2.8156619098888464e-23
3.114066483960618e-16
6.767811625423412e-06
2.9276552799697313e-30
6.749620934958369e-11
4.675413530949011e-21
4.555154316223884e-18
1.8282189700670863e-17
3.6942857440043754e-17
7.521167581538995e-31
3.8252339532517855e-45
2.2700314093276182e-30
3.262944157654998e-22
8.685803118860887e-27
1.4724679444239052e-31
3.5832305789856674e-20
1.798091635522079e-46
1.1201068035839791e-20
6.224324303294883e-16
9.240850202534789e-23
4.0424119464903344e-08
1.8209646590832067e-26
2.508698236847398e-27
1.178291081160237e-23
4.8084580184523545e-20
1.9784578185864325e-15
2.8782210917455537e-11
7.419811128766755e-45
4.854735378689775e-21
2.044197392998228e-34
9.074538685488157e-28
2.103961808221406e-23
5.0286790835768735e-16
1.1435065879796682e-39
2.0225510684650177e-22
3.897811724238039e-09
1.545291050798243e-23
4.5870115022458026e-12
6.100473519872431e-07
2.826428341572364e-35
3.0749675861415786e-30
1.3923258202824512e-09
2.344273146530999e-38
1.5452967287678937e-30
4.958538041397051e-21
2.2516804998363842e-23
1.3536207650813353e-26
3.4328141339177813e-28
2.236017207157636e-25
2.035348304274803e-15
5.7911464480627074e-21
1.0793736785174207e-40
4.145829501700808e-32
4.786896547516325e-17
3.6428754487044858e-09
7.4960456764124764e-34
1.3000503964147725e-25
3.5937347302397155e-17
1.2315615344894027e-21
4.7630404532905115e-18
7.583092407463126e-11
1.0071446370981093e-08
3.016577408235147e-15
5.9897389385463995e-22
1.3913056307492504e-25
1.5438004152889775e-11
3.94638541566376e-16
1.957115084554163e-21
7.53319514209442e-25
5.640759140055861e-25
2.099148242864077e-31
7.099026857780859e-24
1.766458571810703e-13
4.3952734355137975e-23
1.3056942779299635e-16
3.2934205346690077e-17
6.973056445978952e-25
1.323934934759974e-25
2.9861910492565604e-08
4.377238661505804e-28
6.899352870153808e-25
2.244683661879675e-14
1.979750707058297e-26
4.237273730074033e-25
4.375074472110671e-28
4.445326635857183e-12
5.667850790576212e-33
1.0001656716182257e-19
2.284120775278079e-32
7.78081834697995e-32
6.254124659211837e-13
3.37607166586642e-30
9.44834337217123e-23
2.4157998077122526e-30
7.121693071783714e-14
1.1085414137660774e-13
9.021212663406606e-28
1.6626446093043588e-14
2.2207906996120336e-18
1.9073799354732781e-16
4.464206935503012e-28
3.1031473670126447e-16
8.40122874125073e-30
6.666928161716724e-19
1.2608044266464639e-20
4.694827382726656e-25
4.3805141981132536e-21
5.612146983385338e-13
1.2721371028662608e-20
8.959058937058166e-14
2.141988552838048e-11
1.2744559254593971e-26
2.677369549108466e-22
4.659452276902391e-24
4.73612221920566e-22
5.390830959517853e-16
1.0184406610867479e-29
2.99743119394968e-26
7.085440580649118e-23
1.1848249734040295e-22
1.999985778480379e-14
4.0573246375980403e-19
1.3541687493611219e-17
1.4017151090101304e-19
6.467259691017118e-07
1.0043117511279864e-29
5.501465151673217e-24
3.072983564213854e-36
2.3607868504139045e-34
1.3153293080402086e-37
2.1563776648279485e-21
7.504403675509847e-38
3.2887381694232635e-20
2.9291144636091914e-22
6.633545947795315e-17
8.592287488599609e-24
5.2936511660889935e-18
8.801996942770065e-10
5.849259268199357e-10
1.374214813964531e-33
6.323412728819094e-30
5.810353041764393e-21
1.594670629315059e-22
1.6423267628639189e-19
8.355750623269196e-11
7.384536078693091e-25
1.3642348958759174e-15
4.1803603917746404e-21
3.372874969268944e-42
3.2812322194796037e-16
3.3136544742853144e-17
7.213394399487007e-23
1.0498844220916959e-23
1.2109839217096382e-17
3.5717871488298757e-19
3.8320885599258355e-31
1.268832461140559e-22
4.126910643211056e-35
2.0812305918433238e-20
3.0888735996906907e-34
7.454034844162972e-14
3.950914726607461e-24
3.781123068645611e-29
7.273593199168027e-28
3.944861472203571e-19
6.786334786408027e-27
3.1556729560370567e-37
6.043628039304963e-33
2.3379709709758276e-21
8.273110291950998e-31
3.771304710787672e-38
2.3344161070892884e-16
6.028502194451157e-20
2.4238498374554727e-47
6.039875064871955e-19
3.724770804960545e-08
7.444491505642218e-31
2.3354390188211825e-30
1.2935443721377302e-19
9.635057029181748e-19
4.746349262700489e-10
4.2910474942540375e-19
1.3324810750875428e-21
1.9255145501620062e-17
1.5188256074622095e-25
1.050231293722402e-26
3.628814816379785e-08
9.28876383303868e-19
1.0162853510529513e-07
1.713826029842427e-16
1.144378789326579e-27
3.6190156874042e-24
3.2131969757906596e-26
1.1864090289372938e-23
3.5180948248349874e-26
2.0488747093603525e-25
4.744178083985734e-18
8.305044922665435e-07
1.4996412823816509e-35
1.6669325896304398e-31
6.4159652497985155e-12
6.759689930259495e-34
4.275642362220348e-16
2.2190197274213937e-10
1.0670219857853899e-21
3.650024049250028e-15
4.9010380414721584e-34
8.382159677127149e-27
7.028889826936309e-23
4.464867172499214e-31
1.3763655919388175e-21
4.523307268770425e-28
2.7821388505451383e-27
6.342715752735927e-14
3.010101496424913e-15
3.7268535560607016e-30
5.812798955464596e-19
4.3249590601178845e-32
1.7449494599128254e-27
1.1329448318912062e-21
2.575327854468642e-18
1.4260643461215698e-21
1.2500542870034176e-19
1.8470130527386205e-20
6.7781196393634215e-31
1.3759507939257523e-17
4.2790070604931336e-23
8.328169972756031e-30
7.87447116863312e-18
7.757554340850375e-27
2.3717395415631935e-09
9.937945760951912e-33
6.036067907673552e-24
2.562744608308287e-31
3.594343589338146e-25
1.898881334838197e-20
2.245399579836449e-27
2.873275335041518e-18
1.8882422775799404e-21
1.4366990090796265e-22
5.534921267276317e-30
4.658721140929517e-28
9.639668967269444e-24
1.1236121147835093e-15
5.262591420280941e-14
2.6889824925861567e-18
2.8515827667325694e-38
4.329474797193576e-28
1.1844265997447675e-35
5.435527207510692e-30
4.386648695793029e-18
1.332794535150912e-32
4.527622013195842e-18
2.278375766107326e-13
1.5457370702378558e-18
8.879974066058876e-19
7.057024816408819e-16
7.48822094493869e-12
9.348869520592894e-34
8.718428998228287e-23
2.2572093161065226e-42
2.0492378299492123e-06
2.3163882255243698e-31
9.717149091212318e-29
6.231262202243698e-28
5.871190619493024e-31
9.330559859209928e-22
4.645438903009606e-24
2.2281333248096502e-26
3.027033960949397e-13
7.67409065555943e-18
3.1919961108828634e-08
2.998544803977516e-25
9.995183649983756e-32
2.0076146438116422e-22
1.3100606345443561e-16
6.1412621661399615e-34
4.1351632497442554e-25
1.9227951015996054e-10
3.731268047983532e-27
1.3928263442232052e-26
4.543361269866573e-25
4.3472219966739e-11
6.710823822313288e-26
6.5029287844312705e-34
2.5648339174460777e-25
1.8359665429963427e-19
3.626801596704641e-22
2.0798343132686269e-22
2.2790070301288286e-28
7.080577759883466e-17
5.782185407210194e-24
1.0767213773102194e-15
5.63297406728403e-13
2.1895867417622455e-18
2.2272057264104652e-26
7.929524397422034e-19
5.649691700674862e-21
1.3337924311856335e-17
8.882747133212878e-18
4.711088452214721e-16
2.3104815220183584e-29
3.0995074191459268e-28
6.31506953894509e-20
1.8396349971016506e-15
2.5347530203490123e-09
3.543969998410873e-13
2.4902835821514332e-23
2.561113534330511e-24
4.1111145182349635e-24
2.5717974253004424e-20
2.7339773022564386e-21
1.7820211917751963e-23
5.394952748607256e-33
1.5917549001387654e-27
3.9416396966164066e-25
2.5492874705924255e-28
7.390364218741078e-20
2.874774521117546e-24
1.7530080999594922e-27
2.57478498067377e-22
6.949347301789286e-21
2.480894401920863e-19
2.4133970880810118e-14
7.203647455856297e-19
1.2408687595397291e-18
8.339869751964331e-26
2.2505296476869978e-29
2.8586532881793276e-23
2.6474187291618077e-19
5.828196705419991e-32
9.24862583006131e-45
1.1680231431654426e-28
3.3441515554542665e-17
4.779384033443254e-19
1.305709452508982e-12
1.2224216831584424e-13
4.7084429139146714e-27
4.7500771741380106e-17
3.871444407348083e-24
1.2766384593976264e-17
6.289619971167553e-32
1.7532807983276372e-26
9.005199068524077e-23
7.055137060471239e-23
4.3513386779366963e-10
1.0598378833701524e-06
2.2055717300176147e-28
9.349593936978603e-13
3.210960994565548e-30
1.5454394492760738e-17
3.283995035390871e-23
2.0185385185326614e-24
2.8340076442591343e-17
5.624148009314574e-30
6.664020416702832e-54
6.865236244293538e-21
6.7430769372669555e-19
6.905907856481534e-33
8.071514211075604e-27
8.822550993371366e-22
1.8815435235762805e-12
3.610463681906583e-14
2.5587407793189624e-27
1.9525233787624244e-37
3.475856611137447e-24
1.07293459651716e-22
4.1900493622369657e-29
1.94581751266281e-22
1.71622817226297e-20
2.0579487428011963e-21
1.3661320215843654e-21
3.0795291002903965e-19
2.511460903774809e-31
2.4701924171148403e-27
8.022709135172165e-09
1.2220847063514935e-24
4.6930661564558246e-33
9.84628552465644e-19
1.5083649808069408e-30
8.439263102633208e-30
1.7711905357284766e-31
4.5359661590975597e-32
1.3661415367119341e-15
5.760225562856677e-13
1.894592351172775e-23
1.5358921556524166e-16
1.0306304815550883e-14
2.0155447176796072e-16
5.877966481158249e-25
5.22692548515909e-58
3.914137057489296e-18
5.6527114238387705e-21
1.8539698384477485e-24
8.021537047011066e-27
3.231148959151842e-25
1.463240705242288e-21
1.828119284842477e-23
2.1419897964291276e-17
2.1358926870973173e-09
9.741711092465895e-31
2.995951428350626e-19
1.0708422340976183e-34
2.1851261701478227e-13
6.514875849551315e-21
2.264822565692159e-26
2.2991572473681776e-19
1.2465926648570838e-33
5.544399659846633e-12
9.513488664707601e-33
1.7192152701719228e-20
3.313549953436781e-09
6.265677533834999e-10
5.211008350167724e-18
3.7892183354723185e-05
3.9511087011659946e-37
9.718491740748935e-26
1.6883561374938773e-17
1.846311008033912e-34
1.7236930874125755e-21
9.146922542975581e-35
1.2597506317633647e-31
2.310936176256085e-25
2.9381603216798924e-26
1.4044194890771095e-21
1.3993897374855867e-14
4.848036768345502e-21
1.4975136439487353e-25
6.720576597325073e-10
4.012445482723354e-26
6.030142441401061e-32
2.7733083319860862e-21
1.5955565556936647e-14
4.49619385965675e-09
1.3377017598646452e-19
5.375787699282927e-14
2.0333468921317116e-19
1.8495707604960944e-07
1.1245080354217126e-21
4.333863645248984e-25
1.2887707863237253e-31
1.2936766248042117e-22
6.8129462062692215e-40
3.8370557482304917e-16
4.504615864148048e-28
2.4992255895832838e-11
8.456977328819201e-09
1.0846785911602612e-30
4.113161130390544e-25
3.509180303983375e-22
1.5045818303049253e-26
4.815358216311619e-13
4.375622671990077e-26
3.926695511509008e-24
6.222573970464072e-25
1.8725978461669334e-22
2.096243491278959e-15
6.580646996177608e-22
3.94675792643964e-19
1.1414103060759309e-21
4.5721760289573256e-41
5.783327706166722e-24
2.453602073524978e-12
2.914162354216282e-18
3.530826517797196e-13
7.453884521560617e-16
1.358974346807149e-23
7.90111379407682e-18
1.702291209449169e-14
4.4330160640853636e-20
2.79705865170284e-23
3.3020081700150457e-07
2.929439443296515e-23
4.6785597116977e-31
6.374580767470168e-35
4.967030313784775e-07
7.360623089402354e-33
3.3576213140894195e-19
7.181989112097536e-35
2.7406078872341565e-28
8.994390467264999e-24
2.3777983436344806e-19
1.1697544718032433e-24
1.2304481068861728e-25
6.295629924613689e-18
1.9578561980664038e-23
2.832230278085192e-20
2.872910878232241e-20
2.1524064798614498e-14
1.4273706004834184e-17
2.5715666110591666e-13
6.273993249237812e-26
6.055640069733752e-25
5.729624378008322e-25
2.4385427327532562e-32
2.317969823177148e-18
2.575584408724167e-23
2.4217508443570534e-24
8.238512891630078e-23
4.8624272634608445e-12
1.4590838828807528e-06
7.21194011317368e-23
1.989510581485251e-31
7.549120128793892e-26
5.756792341849211e-11
3.8579231031159826e-27
4.2975635233846623e-19
1.3502041347253955e-20
1.5371615040987117e-21
3.139171401128148e-31
3.953009093055581e-32
2.9571062154850245e-14
2.865604458379232e-26
8.684389110778471e-41
7.422379123036819e-20
3.057184463411356e-11
8.81424592855987e-22
1.6148924927033677e-18
4.7491832708719986e-11
2.4839964114534792e-24
2.526217807445326e-32
2.9360400011376955e-24
4.198735054296763e-30
1.0134515936670915e-24
6.612718782606597e-18
7.477733484038249e-42
1.2712319878332626e-15
5.839485616706269e-31
7.348831846832749e-28
1.01541776889467e-17
9.946080832068338e-18
1.3927382409570803e-18
1.0224230176657628e-25
1.408582892560345e-06
2.8307998144599327e-37
3.188372946598764e-20
1.8417567669954193e-13
7.219312942719962e-19
2.7636444493001865e-18
7.016907753838398e-17
3.008183837986913e-32
1.7640777678420298e-28
7.969975089965894e-25
3.300364302701734e-25
2.991378743604324e-30
6.00830272916878e-13
2.9356020755851425e-22
1.3364236473545924e-13
7.334938010440371e-32
2.037831093963887e-15
8.593665568242098e-30
1.090698005603337e-16
7.874637901801707e-20
1.7840071358359532e-15
1.2921846966020414e-18
3.314216457973779e-08
4.803996367091673e-27
4.4513252241563375e-13
8.390797159655466e-22
2.1135312445790876e-30
1.0862627319656814e-21
6.833682383516191e-43
3.026921906792255e-20
5.1514634058125325e-25
3.272693575044122e-08
4.5356095892514944e-23
1.4928199265828847e-27
4.1170984589759874e-16
1.0171642104461955e-26
3.2652995209642045e-21
1.5020005526277405e-24
2.808521708694457e-32
6.886784668744392e-24
1.1743370410536226e-12
5.8099732863490034e-11
1.826901794277442e-15
1.1423264272488824e-27
4.6119035638172365e-23
4.24396858311876e-26
3.6193451012349055e-28
6.913017509905688e-21
3.890364546151949e-22
2.520511575897581e-15
3.971392320424397e-06
6.065033034043144e-22
5.469300373913351e-13
1.437498455350179e-23
6.756513201076571e-28
1.7711671664893934e-10
4.084801694543036e-37
4.121892786257658e-09
1.270714692429107e-27
2.5652600557300466e-36
1.681815433084974e-17
1.5995496554087194e-25
1.1469721507105056e-08
6.49431748529959e-26
5.12077564236377e-34
1.1251021400061524e-21
5.846505110934001e-89
2.810143907147189e-06
1.557596563824459e-44
2.65469139547982e-18
8.585564565337825e-22
6.73358241211952e-23
2.724007013308408e-45
1.7028827992188046e-21
6.563329270962147e-32
7.045219911708828e-32
1.494605492876748e-26
4.7531455772269855e-21
1.0489097007709832e-22
1.168900578996678e-18
1.7564226231636457e-19
2.2212564143822435e-33
5.8017275982798e-17
1.0454536338575501e-30
4.002957003909439e-32
3.1740233369836367e-12
9.642844692012948e-25
6.035391900275899e-20
1.3825617083019854e-38
7.344862251058956e-12
3.3396138892167055e-29
4.3294399148050955e-25
3.9635614651613677e-42
3.834935419499006e-09
9.107448327455818e-35
3.002445347806462e-16
2.2675985427834013e-35
1.0094307564989444e-21
2.664046138471198e-32
3.5673715024976175e-30
2.725286619408958e-19
3.518967813413735e-40
7.621988261803184e-24
1.0770255951576631e-23
8.952195677091888e-172
5.607067570909153e-18
6.583639868429158e-34
1.425871633789221e-17
9.148333004556133e-37
1.3804089408781466e-33
5.941425979905867e-20
2.2380821508268754e-30
1.0679711071945588e-08
1.1133812962662634e-19
3.2864797312743265e-49
1.0039513120335311e-24
1.457055234996255e-26
7.043067119401402e-08
4.2262058150660607e-19
1.438747816542305e-18
2.284215515090359e-21
5.534694826456653e-15
8.664328880801682e-13
3.251143822752144e-17
2.5752914994125545e-22
6.181256357485131e-26
6.909902998306214e-31
3.982515964302782e-18
2.577800026216254e-20
3.5737306792156e-08
1.3113584040749405e-44
9.539981388465725e-27
2.7723076972917785e-21
1.7998831510751965e-20
4.160573772571996e-21
2.694506026844836e-17
2.6827730884929992e-08
1.6323095134983524e-32
1.5592070806702064e-22
2.9204477673851015e-28
3.741136044436053e-08
7.704944481121197e-31
6.675719280632254e-14
1.0296468838035178e-25
4.31391145286767e-11
2.0537178175734878e-26
7.142008698512025e-63
3.9641283032819475e-12
2.8387718806803206e-42
3.12352848632764e-29
2.1741824717369684e-16
1.5702357317540474e-20
4.949841744642654e-20
3.0977436214166375e-17
2.451054811955369e-40
9.663845278373894e-14
2.6672867592639715e-25
8.132900534233407e-32
4.0786592872637425e-31
2.7939041241677324e-18
1.6414811787794673e-08
2.2812984330918803e-21
7.354496943618073e-45
4.0373388343232597e-13
1.6487616344986966e-19
4.3855187531256566e-27
1.634994939755437e-25
9.010099977965117e-22
1.7543944708418064e-24
1.1495542166184817e-21
5.9482430432047306e-24
3.735416542850317e-13
2.5972711327744214e-28
3.4149772086924507e-18
2.4428834259068463e-25
3.697991288924958e-17
2.3114743773758416e-23
4.684682738049767e-18
1.6195907995608688e-15
7.554267810293732e-38
3.818608567069687e-18
1.2326134108950685e-24
8.844099751596236e-16
1.92596679718658e-09
1.264957589711422e-22
3.446016952289532e-22
1.4586544485584907e-28
1.8005209800647612e-22
2.2171065812880515e-13
3.3750594645101104e-25
2.0821125985361195e-12
1.8975385309804996e-07
4.110939647259657e-30
5.8122928512295665e-08
8.449033168155559e-08
3.799633315106543e-31
4.099995672285135e-07
2.9277777409060732e-25
1.9987337876850152e-39
2.1294491861241617e-16
5.663913342460638e-15
3.9747655422638784e-23
6.595393678944472e-20
4.7619889010342336e-23
1.0524342530393587e-11
7.473766739309963e-25
4.383066219029208e-25
1.630612797897029e-27
1.2368858609618164e-36
3.0444016909512595e-24
1.1279255268380727e-21
5.292532898286187e-15
2.480993435187054e-42
1.7757797584309182e-40
1.7216402251543715e-31
3.875286635868553e-31
2.4941551454952796e-17
8.893904141663985e-24
5.137155344770856e-19
1.0675477612811422e-12
4.7696423929278175e-29
1.3501621313886592e-26
3.4415979392599657e-20
4.5696852173723554e-30
1.8998326329310935e-22
4.695785768772869e-21
5.360311283588719e-40
7.101628373993886e-23
7.685626582777963e-14
1.6009165025706098e-41
5.152510629824435e-60
1.0120187838719084e-19
2.8504002197159276e-31
4.8673551397804536e-18
1.7483381976273187e-25
7.042692821144131e-26
3.404789573487733e-26
2.6859959914563257e-40
1.3361215586172613e-34
2.657451166174264e-33
1.3210531870995247e-19
1.8237217116122383e-19
1.435704978466972e-16
2.435741735332853e-09
4.709438504952504e-18
2.9869239561830644e-13
2.464419485992172e-21
1.514303243598573e-24
1.0765745751334021e-15
1.1163540317844507e-07
4.512620552005266e-28
6.85803994380889e-27
3.0311938442602847e-23
3.3967313471469994e-18
4.562047829286883e-35
1.7296279437052161e-12
2.2611146700075975e-18
1.6023713921646305e-52
3.88079768479322e-24
1.4456204573334147e-24
3.9226674561117827e-22
3.4580516530423293e-22
1.636773494278676e-19
1.0647770138130437e-28
1.0741206310983805e-30
1.5777994697542339e-13
5.5516994404144336e-27
1.1017255890647086e-16
7.996917225245787e-16
1.0796670235386735e-17
2.1973267597268118e-17
2.9696795312077534e-22
1.3894246341359203e-25
2.9023375451655814e-21
1.0032899941649921e-23
5.873898397078355e-29
2.4323254469756985e-19
3.936548884224093e-21
1.2516718164638558e-14
3.8888238785050143e-19
2.035982812590332e-11
1.3992865761231825e-11
1.6314610249655386e-18
9.779571596719757e-14
2.2858288033053908e-29
2.5044458197667043e-23
1.5625059449926315e-28
8.24467881943058e-23
1.4134062900698507e-19
4.4598908039335905e-28
4.854187795335773e-15
5.760336835494109e-15
6.2370590882850795e-31
4.2668193841593985e-51
7.789733505432292e-37
2.544381691385285e-20
5.609608528331042e-23
7.267537308960589e-18
3.932218430844047e-18
3.280228102843739e-22
4.064064837033492e-27
7.863386010233779e-12
2.4701720211594916e-23
7.465989617650714e-25
2.4784885576903066e-30
2.5546466227429667e-14
7.530588188085186e-14
4.1913485234751135e-19
6.171278474405467e-34
9.790702535732911e-26
4.016546852029844e-31
1.4571818870426831e-33
1.1170207056239725e-24
6.973377320984686e-28
2.621310997430768e-18
2.2142718488733292e-23
3.6722933094971335e-18
2.4776602596916292e-20
7.4017324038338984e-34
2.207177063485818e-27
3.112061720739904e-33
3.366477351070864e-20
1.3352905472677342e-17
1.999206706511046e-21
3.423451263939599e-45
1.7985607652877657e-39
9.843827848102649e-36
6.9209981911639096e-18
1.947581173544432e-37
8.233617570378433e-19
1.526870343209298e-25
1.5948621145557112e-15
3.5992352623501128e-22
1.6272993850347825e-24
2.4292718307219165e-17
3.2667028986604087e-12
2.0745485543762464e-13
1.2954780094078115e-16
3.9396668065425955e-13
5.985401558379636e-12
2.0430642310700592e-13
1.3664205916034609e-24
3.267150007843537e-37
5.194820980671364e-21
1.5821095917808854e-13
6.965333624498015e-13
2.371446058387254e-31
3.498390261652005e-16
2.513482062002839e-42
6.898792266805663e-25
7.600874500565746e-16
5.201238292320838e-15
2.4653939965274377e-28
7.028347346383531e-09
6.623710222185591e-35
6.596461228411217e-24
7.456451232191124e-17
4.4923599691160826e-21
4.2330805891209835e-14
1.1986474375562906e-25
4.541490033223873e-41
6.562197868514033e-11
2.8370112655810418e-14
7.160595945202954e-19
4.174500648776228e-20
7.94720962181275e-21
1.7118178924868768e-14
1.1784773572839779e-17
2.1398599384800483e-23
7.059059549685047e-18
1.4586137672159314e-25
2.5378688914211395e-26
2.5098345051823054e-28
1.5314539681241362e-34
6.396078442519137e-14
1.3226267383248965e-24
3.725390742425413e-26
4.4891689178135435e-09
7.035701300960045e-27
1.1693307843357737e-13
8.244757789241597e-16
8.116645318929748e-29
6.644218995386061e-32
2.6867449282384773e-16
4.543968076378921e-23
4.744101308455601e-12
4.8758472846146027e-26
3.121375610725485e-20
8.129023491913755e-16
2.193709054942565e-25
4.719262667919511e-12
1.366651295160891e-16
1.694920403374234e-18
5.706381780318398e-22
7.680763218183545e-07
3.7053011335404556e-28
2.0443262064700814e-19
3.24468965411011e-22
7.951128133723793e-24
8.33978967104189e-32
1.2658731822067054e-12
4.784568564541057e-25
3.068847488725058e-38
9.417024759134296e-16
1.841179216702001e-15
4.17105968607886e-18
7.863755506272521e-19
2.507961456579016e-35
5.54454468639135e-25
1.1704805834623184e-20
1.0711741371610565e-15
2.031054165240646e-12
1.314934248366156e-37
2.688122303028696e-26
2.8022142309189378e-12
6.142691508270296e-31
2.159022328232445e-42
1.161140396501271e-29
2.432222219889445e-33
2.822203485496445e-25
2.378445305609213e-23
5.872280961380825e-23
1.60348775794557e-36
7.0740269439058795e-28
4.721239153285043e-22
8.122263560660808e-08
5.337874297442018e-21
1.1974467437327792e-30
2.4880431109274368e-24
2.0473912709934894e-27
1.040888975357462e-29
1.0516233754510926e-11
1.0540167385920801e-26
2.5229099158569737e-27
7.261400214882815e-21
1.5431745917104074e-17
1.1123130092763615e-35
1.436018035304412e-12
8.836675517345616e-29
9.74291063420607e-28
2.1128641318042944e-19
3.067024782987828e-23
8.791863207281844e-09
2.224803759948011e-32
2.0540405644066343e-24
3.740041277717836e-26
1.5134930079622985e-30
7.057337199987183e-32
1.747105555219318e-31
1.117915089745181e-09
4.6770778107896244e-20
1.0408171700450651e-11
1.4585415296362278e-29
1.2876352095097616e-15
5.870021966914646e-22
1.6744044910125602e-20
1.1611648064208169e-20
1.218895329885409e-16
1.785842162113525e-19
4.363059238746171e-22
1.2138005313429644e-17
9.662326351075315e-30
1.42990963175001e-26
7.278714012300109e-25
4.798938252237355e-08
9.170914987975344e-10
4.1463499993008326e-15
9.371765401007086e-33
1.630913937334825e-24
9.973235104575666e-20
6.7493277543316604e-15
1.852865857200777e-20
1.2006345691012278e-32
5.303395717179941e-29
6.942725341686916e-11
5.806339433210199e-18
1.726761075181921e-29
4.772201167505168e-24
2.2039984576298204e-21
1.0052020946216244e-18
8.334995951641898e-19
1.1101920863227505e-36
8.678596409024634e-16
1.8243722431973044e-31
7.132743911460965e-14
8.340284888343055e-20
1.1194854483760713e-30
9.765734454364907e-29
4.879623990217207e-34
6.764665799647372e-20
4.125882843580151e-33
1.7415774298504153e-20
1.7440709378142033e-39
4.111688239847675e-37
1.9130157069228183e-29
8.274878968237966e-26
2.1090545261174625e-17
5.141646339767713e-24
3.7770040967196714e-18
1.1822268874902339e-14
3.448236157866746e-20
2.1964382383956124e-37
5.491365894618061e-19
1.3171601435129135e-16
1.6185946436098853e-23
2.7062286355801633e-21
1.658416613866412e-23
5.975334025767394e-19
7.838780911777758e-17
6.112472011198653e-25
4.177147329780924e-11
6.989974697995145e-06
4.710931267187441e-25
2.0248901963891813e-40
5.9329599989700846e-24
1.601286048655377e-17
2.0440124064420088e-12
1.6431809688411046e-27
2.848319411517802e-22
1.7132414475284695e-36
6.632837249424762e-18
4.480603285456546e-24
1.352854372203052e-27
6.294061576282021e-09
2.5484357995935104e-14
2.6787882316004803e-15
5.255442072379196e-28
4.388520515640442e-37
1.8699467135534144e-45
7.966557701832402e-18
3.6163552207875327e-06
1.3307296683140473e-18
1.9442443555298294e-26
2.3287204521957772e-27
1.0411796215473498e-25
4.270794024034312e-21
1.888516927953038e-19
3.4574806284517356e-23
9.000114676314792e-22
2.1711574440642634e-12
9.802250305373029e-37
1.8315658564692368e-25
1.0196423040557797e-24
5.718532130128122e-18
3.765811520487217e-20
8.142489784373537e-29
2.9584143992237896e-18
6.8779077496582535e-28
6.3672176983802975e-12
5.962557695719909e-24
7.385295048089473e-13
6.67058329512629e-16
1.5302422357218885e-22
1.9575907234294628e-22
1.2514880049443085e-15
5.7206089638625065e-22
1.044145587907902e-14
4.10953575273369e-19
3.372753935363655e-19
6.947023603328808e-23
7.687138712259604e-24
3.3149197909071645e-32
1.6029091719693497e-44
6.618528534551609e-28
3.0584149094889347e-19
3.61591682036727e-26
1.5618947572928083e-20
1.0583067225940563e-31
8.519463663548866e-27
4.147263044169181e-17
1.1499747611495827e-17
5.676449750479377e-19
6.08110211279731e-07
3.308390734394847e-12
2.227910036445812e-23
4.1397580253173437e-19
1.352324155461818e-27
6.0034932210758015e-31
6.98828990707572e-21
4.572462083305621e-25
1.539562024103286e-17
1.6594012389176615e-26
6.988308263844867e-27
1.3423021243001952e-11
6.460800201392673e-11
4.400519000282447e-33
1.4162606965650214e-23
8.012157819271802e-21
2.378016753428052e-29
7.0867232895782966e-31
3.1603489639731456e-33
2.24247366701659e-20
8.434947267224004e-10
3.949090059559284e-06
4.34941475598644e-23
5.503491281955548e-18
1.2659413559539417e-23
3.296454644764704e-18
1.6939358802268246e-23
5.0249327477911713e-20
8.25766713999528e-16
4.904708719504329e-06
5.348511670087404e-29
9.181026751220744e-16
1.2538221715639202e-22
2.274976375508038e-16
6.456018199872568e-06
6.890582661422864e-20
1.532849523573562e-38
1.5251720668668787e-10
1.3487047051636876e-19
5.741913715399073e-33
2.9186774102501064e-33
1.18193796577167e-09
4.638328860937491e-22
1.053916968078538e-25
4.447299249242763e-23
1.9447068593354396e-36
7.443223432760943e-13
1.0305218065335034e-22
2.6339883260777433e-33
1.5915523460860416e-13
4.716616960582538e-23
9.27231579285174e-09
4.193789742240068e-15
7.773003617659079e-27
3.856859556170357e-22
2.873277257359455e-28
1.2789047465831462e-28
4.035788793550612e-30
1.941758938676394e-30
1.7838305545090714e-37
2.0059051722160186e-23
5.584699330194159e-23
3.6586082614094186e-13
1.4227427491678742e-23
1.5337355595509134e-16
3.0360896718297867e-12
1.352487102813023e-29
5.167310069663238e-50
2.628083966278557e-26
5.224604785885557e-28
8.727792578731336e-28
9.243990062800608e-33
1.4462413099698346e-21
2.9603215659108204e-17
6.585052737564902e-20
6.528994784859133e-29
1.8850411283008027e-29
2.586751265003301e-21
9.270693471925015e-25
2.2450657220803256e-07
1.337823380847735e-12
1.7069649893976075e-21
6.345544518945098e-20
2.4051701110204278e-25
2.195830533339934e-12
8.415354242541474e-22
2.8595208578999757e-16
8.362781148096378e-33
2.955135745855736e-30
3.9119649929551215e-15
1.9471030988850083e-31
5.859279586569788e-30
1.0697929828067172e-19
4.014620980486033e-40
2.551692603149081e-24
3.7957194921288136e-20
3.7164021938266782e-06
4.587785853069447e-106
1.6537854402711163e-34
9.458831436833482e-18
8.160955464957868e-29
2.281330289503469e-20
3.9054280269665314e-27
1.0183998032152404e-12
1.476618030469995e-65
3.2684640355968006e-10
9.445216912987654e-22
5.09000528456922e-25
1.1278582256955366e-29
4.7192403765106864e-26
1.350822239668559e-25
5.669779476498682e-20
1.423936446380339e-39
1.0640239675432888e-16
1.0806777699469754e-25
7.312101200494531e-09
1.4172920770107144e-33
3.920135992115268e-24
1.2965361387497143e-47
8.881596185237336e-17
4.734707604963061e-21
1.4233454397373883e-37
9.63638343312319e-22
9.837192968783734e-27
3.372544996814957e-23
2.369144319364847e-15
1.7436155371028358e-26
7.979288048733027e-30
2.0219537416933632e-38
4.5431321034772135e-12
5.9665004198206755e-15
1.712680850878797e-20
1.7003061921556936e-22
4.536653252107289e-20
1.9891763357787474e-24
3.887539382899277e-24
8.377957118065904e-31
4.007365623788397e-21
6.225950744670029e-21
7.452542868413198e-19
8.767476161791741e-17
5.75128965778208e-25
3.0472311554922394e-28
1.8743321172727468e-15
2.704016517859332e-37
2.2191231300652322e-16
1.6581990746248492e-32
1.1269666157538488e-17
2.9549728599144558e-33
1.1508155931885696e-34
3.715034387575809e-08
2.7011815968677858e-30
1.2863334974449843e-21
2.748355266175234e-36
3.369877814790033e-15
5.40095052176234e-16
5.100547640391729e-16
6.187410724426049e-10
8.147966615177701e-27
1.9565580671832997e-27
4.969398719369217e-37
1.4554286257271207e-16
3.6799112765825408e-22
1.4274240101759408e-22
2.0883877856511594e-34
7.342197871367754e-22
3.01299003463261e-31
1.7139066306222973e-20
1.5350647416100065e-38
2.314666197889165e-19
2.2600370235126596e-32
8.71018584301026e-23
7.15575581277352e-08
6.183230481016254e-39
8.589788825897014e-16
1.7536857765685426e-31
4.486653396316983e-25
4.002692491811329e-30
7.74999831654899e-18
1.401368229127413e-23
1.849635904984906e-24
1.5887071617518058e-23
2.6526881678419663e-10
2.0488311283329323e-10
9.011191065586941e-20
3.1246925794970264e-23
1.040465036816212e-32
3.218441040761748e-13
3.586363639556107e-18
4.587914148862495e-25
2.2211671491391873e-20
1.2725614987783049e-26
4.999462871689502e-27
1.893477582124088e-23
1.1966690684698286e-20
1.3636993191216417e-19
2.1971845758757833e-11
3.403441256762513e-41
6.197727289232922e-22
4.015950820458481e-31
2.400910745501759e-22
3.3251232734925495e-32
9.227114871016536e-17
1.542497923805103e-22
2.663281268305817e-22
7.347844342858334e-16
8.923424719035085e-46
1.8232306356526006e-19
5.8782496104696404e-18
2.7763115825555396e-14
1.4286978171199264e-35
3.903338579004442e-36
8.445710316779448e-29
4.437262376415404e-20
2.0573156812625074e-29
2.212668270815507e-30
3.8829516293946386e-07
3.4744519995979625e-09
6.208407756845789e-12
2.5291433320367373e-20
9.890793360745175e-40
1.748546365229886e-23
5.691785089426918e-48
1.7885036929052917e-23
4.560564205626748e-19
2.1002979794981502e-19
5.1209998700450573e-26
5.941143344727661e-29
3.525200669922179e-20
7.212830177612398e-26
6.7764422669071255e-37
5.0073011104174824e-27
2.7029799246165216e-27
5.235490461268134e-28
1.1768278601318995e-40
2.0462884437149687e-21
2.485469400077408e-21
4.425172929461028e-24
1.3421541396751774e-30
3.5712264460454995e-14
1.1091099121195876e-35
7.780589747655165e-16
2.9337774266660758e-18
4.5288338003579114e-29
2.190465497595426e-19
1.304920347827554e-34
1.7802719377554124e-24
2.0418904445501548e-19
7.288098324058828e-13
6.937780963098674e-25
4.693731154324429e-44
2.9256527065711167e-16
2.7508038581721376e-15
9.516002149899046e-10
1.8329137233925481e-32
1.3971986031100437e-21
4.220559858298858e-24
2.9466937062128354e-27
5.884786706981465e-29
3.217288146930038e-26
1.1652115626995068e-17
6.616881239387924e-23
1.5004998184990926e-16
2.316447867422829e-17
1.706687925445743e-11
3.635358296947332e-53
1.0737698449120376e-21
1.8392944230875813e-20
1.9568303588445503e-22
1.1362948112506582e-19
1.456030105065e-23
9.105517150755133e-15
2.2603955256944867e-25
2.46436612711201e-22
2.0228037772867557e-36
2.2223921628334503e-19
1.6804754667661066e-24
5.239765567383008e-34
2.5460139400594233e-31
4.9556694304377515e-20
3.2805812139211967e-28
1.6537332574395956e-20
2.597739028494584e-28
1.3828246439529195e-22
4.286063473659794e-24
3.662615333772197e-20
5.539820647223489e-16
3.5507229578269125e-10
3.667854563112537e-10
1.189546333292284e-31
1.1353911857887194e-17
5.673406504343458e-21
2.322691813754891e-31
4.270815902102422e-17
4.158116699248271e-24
6.342787837686364e-31
2.4809778696184398e-26
1.3726596515413193e-12
8.103413569565466e-30
7.499164149548321e-43
7.819093584626065e-25
9.358668924451209e-17
1.3811698787659967e-31
3.642016862640736e-20
3.680166895666131e-18
4.040962514724028e-26
2.5129992075686696e-21
1.9699689328263144e-21
3.4835143950635084e-19
4.810665072194641e-23
9.225466011458322e-22
2.5786674573905512e-24
2.7418416833077015e-11
1.7501377240863923e-36
2.0101647221546106e-09
2.0679944834866537e-21
5.620096454438585e-22
2.2048760862016275e-22
4.455315797881615e-25
5.175567686039593e-09
4.972308255700029e-09
2.1600353473700871e-26
1.198165187430537e-21
2.9779836068009014e-28
3.9288463582435027e-13
2.1663793749323037e-31
1.733658533022052e-26
2.8251135769466107e-21
1.461843266499464e-26
4.6521453565832e-31
2.979989780486181e-25
8.276878499189357e-38
6.125007095384124e-22
2.018117484870207e-23
1.7721426268727053e-21
9.266183564254984e-22
7.795915848359014e-08
4.4489313997558187e-20
1.2531405604280442e-49
3.872996534523097e-27
1.1596667949790815e-21
7.423323905578427e-21
8.127120665996439e-24
6.317955472985844e-28
1.4467801249039008e-21
1.9736827271498204e-17
4.760608022048169e-28
1.0026519732358787e-17
7.377549785895523e-22
2.2642675177226263e-28
5.157342013750294e-22
5.258080096433164e-11
2.783196195041796e-26
2.592436648494762e-24
1.564590591091895e-39
1.3421752270247613e-29
4.779508963023129e-21
8.460797132364963e-20
2.170707345813496e-19
7.713742992999036e-27
1.5348959210132606e-18
2.9400769289429504e-21
3.6185192221630327e-19
1.19944018003279e-07
1.368315263163057e-20
1.8295427290997007e-17
1.8850387081918335e-30
3.21683344759566e-29
1.3318953284497576e-17
1.4856466672514837e-35
1.3995464052209079e-33
4.9051734622399275e-16
5.084604995523884e-24
6.1357302399981814e-33
4.9873714412418924e-21
9.353550057546547e-33
4.6423718855689385e-28
7.640648989230708e-16
8.016855733446003e-27
1.9936403772484576e-17
7.111720215519407e-30
3.401525906442592e-31
1.3625960123246283e-27
2.5746682821727126e-31
1.863994723084309e-36
1.67423206831395e-10
1.0409826582923048e-26
1.635539523902806e-26
1.1228850673823848e-26
8.874399971969963e-27
1.2836504845865999e-28
5.552057693684092e-12
3.4102595878295524e-44
4.2254333485656814e-26
4.1827786624004144e-23
2.52921119548275e-13
1.7162377683256094e-17
8.416575390105027e-08
3.385761763371476e-29
7.655057082833378e-34
5.413150911614388e-13
2.9851773084926564e-27
8.564691481413439e-14
3.614566046054357e-27
4.4847624004584204e-33
1.5329971066656597e-35
8.765316295190814e-29
2.5035892603340884e-18
4.24217262729841e-25
9.565642428563944e-27
3.7285896012148306e-30
1.4692488943464803e-22
1.172957017203043e-23
5.586034937215769e-21
7.345762443490352e-25
1.5901866898892373e-15
3.153173836413169e-11
1.5202517851673705e-34
3.4361849144727304e-21
1.3455036978010822e-07
4.9089047050477865e-15
3.4678913041711613e-12
2.553474164009523e-27
4.469715114105017e-14
1.5666727006517643e-17
8.91366955004084e-29
7.40527968547493e-16
1.438003519669824e-06
1.9684396327544064e-16
9.515963158403054e-26
2.3690243759384175e-22
1.2241049859224365e-30
2.993594522948553e-22
1.5879403175078313e-22
1.2352064839930077e-22
1.5670140559536172e-26
1.3824385190967933e-23
2.247782594229824e-25
3.947939504918229e-24
1.6894049960069264e-15
9.367286613328863e-30
1.045948429535783e-16
3.336130730834038e-49
7.866465908346027e-31
1.5323941391684223e-28
2.726339706638768e-26
2.1341302677737108e-24
1.7903101582301253e-07
6.25163135843747e-29
1.4003915248791766e-26
4.0431931941179096e-19
1.1402366841010083e-22
6.342326186467036e-40
1.0012982893133329e-25
6.885011400477041e-34
2.00047590985417e-11
2.585341379462973e-41
3.224408046259097e-29
1.1966546255300236e-32
1.8791956477003963e-25
1.6394157953237005e-16
8.293635583482001e-16
1.679275755486287e-07
3.1984211584757387e-22
1.133209945484919e-30
6.216545975618626e-32
1.4201566034598954e-25
5.940221756904197e-11
1.8696607301359128e-13
1.3076189899527427e-21
1.3300536888087516e-23
3.022938884609101e-08
9.11233417857158e-11
2.1208436390458781e-19
1.3151188179286397e-16
1.4693884726369726e-09
1.024249403009463e-28
2.000046784340982e-26
2.1811402406693214e-20
6.143444508840351e-18
2.229007396064482e-22
2.3358328882834938e-26
1.9619454354826718e-13
2.5382267261434385e-11
5.174372464299918e-27
1.4395585065371144e-21
1.3765776060951401e-24
3.0354947761662565e-09
1.367731477708222e-33
1.728566771513865e-26
1.5009024601127174e-23
5.040055636544979e-20
1.4748258727223545e-38
3.4915620246190585e-39
1.5836395853578387e-34
1.3621441788848995e-28
6.904739705888204e-26
2.0189976761195117e-20
3.9891736673207147e-07
2.1568447117746277e-29
2.0678853104486226e-25
3.0144911576469656e-29
8.269564315754607e-29
9.654404755966016e-27
5.48780323169368e-20
1.7145310045181112e-15
2.873461021726071e-26
2.544095687353179e-28
2.0051056882099278e-38
2.4726162533676537e-14
5.827895083604807e-22
4.035859083648704e-09
3.419405135925637e-19
1.1538358580037758e-17
8.365076454646514e-32
1.8165410960208782e-20
5.618852838651331e-19
6.735943748324574e-21
9.843450828343759e-41
1.8452072884313511e-22
9.271018291921466e-32
9.086223254853508e-39
5.371311163593167e-27
8.715684892235846e-32
5.274184292279298e-30
6.930025010144612e-33
1.3681937260706497e-23
3.473180278814148e-27
3.613019582776114e-33
6.5866436066975e-28
1.722861127315549e-15
5.115039801729471e-31
2.0690431552144726e-37
2.1534998681408325e-28
1.2958029649829138e-15
1.4117578995086802e-31
2.821225531042974e-20
1.595635232342209e-42
1.495896099901957e-22
1.3538110325200356e-29
5.79814011097538e-20
5.8632797498461455e-25
4.4765649523213324e-30
5.41955389054428e-19
1.9723087658247015e-17
1.0805640536150342e-16
1.6214130684587637e-07
6.302436466011563e-43
1.3519502731180362e-26
9.606215227309298e-21
2.678255122300792e-34
1.3675852632391452e-31
2.8049163826691055e-25
5.692471155696382e-39
5.5192457153879895e-28
1.0266919467423505e-18
3.453575656565637e-14
5.724637996850282e-37
1.2872790357291763e-17
1.0288305659218299e-32
1.0339248342910724e-23
4.337813737406899e-15
4.0211669013606574e-27
3.1078833091024443e-16
9.150176032560964e-48
7.534151979535372e-18
1.146324827523537e-12
2.776789469501019e-28
1.0633189421910923e-06
6.080893217230337e-24
4.49999371453041e-18
2.1536603282773062e-19
1.100378439083882e-21
1.0226479096704983e-47
3.370084132174975e-31
3.834985955511344e-14
1.1111982743381972e-34
2.0765385761522422e-29
1.3121140691518408e-35
6.79461898566295e-18
1.4648030464745105e-15
1.8049690019037912e-20
6.749572952367912e-19
9.811031615511778e-40
2.5892358664541444e-29
2.1688902790171782e-27
3.0692411641166803e-21
8.216097222716697e-28
5.806207252139298e-18
1.4835072646019178e-34
6.511734369058017e-24
2.954862412372778e-19
3.674073574351136e-28
1.565982223899406e-21
1.4496687415619187e-33
1.0618210666873567e-29
1.114081908876662e-06
5.229227146112225e-21
1.2136143659164608e-18
2.545802744626506e-21
6.804952603248834e-20
1.360279171760387e-24
2.4234564290743718e-64
1.8104339810869772e-25
4.8619610964566865e-37
1.0008287528626329e-19
3.799648653126614e-32
1.5562457605070342e-25
1.3516246576740805e-14
1.9391700987032628e-21
1.9267524480814784e-12
4.918467326123546e-18
5.983370619240047e-22
9.513801994577971e-26
3.312782664222747e-23
3.930823807452463e-24
2.362264637506421e-28
9.784277367185667e-18
7.613241580795793e-26
1.1537784819618084e-30
1.414582200029241e-30
1.3204626730516845e-28
8.583620694052294e-10
3.701806817786841e-34
6.3562037745453976e-24
2.5607884302940732e-36
1.4886675226538187e-22
3.5723411429400564e-22
7.811530499882558e-29
6.200509072385795e-39
1.651748214563399e-35
5.297177897363269e-24
1.4628214934988693e-28
1.0918376357614153e-16
3.7996358878873005e-23
5.358263379070663e-40
1.6938219636714284e-38
3.68601736522214e-17
3.2525404000990085e-33
4.205405416873648e-38
1.985217571884816e-32
2.8599301197136245e-18
9.903785433409902e-28
5.933932625231297e-19
1.2880577036872175e-10
2.800291844831529e-26
2.5051880624091296e-16
1.1151898209090054e-21
5.517523987516351e-34
2.142379201837226e-40
9.435136200069511e-25
1.483031034313e-11
1.7722190336805253e-28
1.0462165776286584e-15
2.2186565868025585e-19
7.545418342466168e-24
3.797131966505447e-14
1.4066465548165416e-18
3.2092959242688636e-14
3.795868592926728e-21
1.2358356632338395e-45
6.674990360174627e-28
2.7359318817867645e-14
9.09527435434242e-21
1.5448448547010304e-32
8.671441460299557e-26
1.2254513855077483e-15
1.7549112004721987e-39
5.610204542830123e-20
3.2098715543133284e-14
8.572977856425486e-23
6.654971472934354e-17
1.4710227063123952e-33
5.885778069889134e-22
3.1525230294822297e-37
1.4442109562537015e-20
7.0955735973795285e-22
2.0840723292412537e-28
9.83368908919759e-17
3.258719250711553e-17
1.3607614494568263e-32
2.609574523136368e-27
2.0603691440518407e-18
8.547942497573996e-25
4.4294468270609706e-34
1.6911729725767942e-27
2.9835768403572605e-31
3.577373196905259e-25
8.391063550188529e-15
1.0954828470611346e-43
5.294973840433918e-20
2.8831761005873602e-33
3.2587167831148196e-20
2.3652902867467675e-32
9.135388010294152e-40
1.4452369503090057e-23
3.690665994779811e-15
1.1057256174096605e-31
1.5655033259345047e-09
2.7819949231533104e-30
1.9546592484115399e-31
6.517740196320461e-10
1.4504089829657147e-38
8.123673535186719e-29
5.252867528550071e-28
2.3529175701799364e-23
8.104839006430035e-33
4.440120470194518e-34
3.135601940855254e-14
7.582470410999001e-46
1.5052445144663639e-18
1.0653845161076007e-21
4.4096110291843316e-23
2.2224330544369548e-12
4.71483425280585e-24
5.0044968400997903e-29
6.575822213635827e-19
9.312643204926055e-16
1.02786378765163e-18
2.7434914209592772e-21
3.681875313216155e-16
6.564345972132914e-23
8.764465290490053e-28
6.08212128959422e-25
5.518002376468749e-23
1.2075583677212967e-18
1.441235736027163e-12
5.88106970851071e-21
2.6765713501441406e-42
1.4254787765854782e-25
1.1494627109707652e-24
3.001002567773976e-29
1.931925140408996e-27
5.493479683574916e-17
8.075454547815782e-33
5.607590932430808e-17
4.707728513122263e-37
7.766440789825089e-26
8.649311898067085e-25
6.441088123113189e-10
1.872994617756418e-15
2.2508993032373022e-23
2.0621462306921362e-23
1.10890796705975e-20
2.582851387732403e-15
1.721517109664569e-30
2.478962135951626e-30
3.64837422929609e-17
1.9338024364330877e-17
1.7311953747599066e-36
8.57126209946964e-08
2.1117922667718006e-23
2.222597187059349e-08
6.785515086883529e-38
1.2757127920830311e-24
4.076980546009296e-15
1.159912286671907e-22
1.166272448098795e-18
5.756657429494527e-21
6.085531689852833e-24
4.813904992809749e-23
3.316906376792214e-33
1.2596198284602136e-32
5.769297069897041e-22
1.1766521133656235e-14
2.299565006234131e-18
2.2720019114570915e-15
1.3955788235017838e-45
3.271675420765169e-10
9.793258291111651e-17
4.893882604946585e-19
7.187460430050283e-26
1.2624039060579704e-27
3.0947088881463054e-29
1.6581003195692448e-16
1.8017188479930725e-29
2.79293703908682e-12
6.543447650385719e-20
3.812475073115597e-29
7.853323010710156e-24
1.4888267512789953e-24
1.814232178547748e-18
4.146083114643497e-21
1.2643584057807377e-13
5.450902185642221e-32
3.240781975773791e-20
3.130451195524349e-29
2.0072936641515132e-22
8.477088544009732e-25
1.5117850077683755e-29
2.491370889816448e-21
5.41512402695701e-23
1.402951990304986e-26
2.0932988052967554e-13
2.4158037674829045e-17
3.376722289824887e-25
1.4807447503580224e-22
1.6527852266799477e-27
5.907579369400566e-15
3.2134487872511736e-25
3.499109474358429e-33
2.581314555284055e-13
1.3839747993485437e-18
6.047058155203408e-25
6.105610337428373e-08
1.8895556816559294e-32
1.0024751527300114e-26
2.4833706523542833e-34
5.7494613250014365e-11
9.505828789775249e-21
1.8946280014570042e-29
3.1952633822807615e-25
1.2102242890832843e-08
3.8469306216808415e-41
1.1460449231984084e-20
5.688017427935363e-17
7.051244234773593e-17
3.1286508794927904e-27
3.931916252102175e-31
7.376421999898328e-24
1.3714694243976751e-32
1.634469356799137e-19
7.675106490414555e-21
5.149236592084364e-21
3.869559933715567e-37
5.98171924268952e-25
3.9800218393425806e-23
3.1369089134787186e-26
1.6106795367867506e-09
9.475088659417686e-32
5.38673538926923e-22
5.108507440770074e-16
6.022574356302901e-25
1.129812582000191e-18
2.6539274573826165e-11
8.78115007693341e-09
2.6644374314302234e-32
3.4513803053735816e-18
5.129800620890047e-24
1.8474257302165618e-27
3.579412021059218e-30
1.6218768377942202e-32
1.5591362753978697e-13
3.622161730832386e-29
9.31874474272779e-22
3.094922529375783e-28
1.3571076100502012e-15
1.1871077337699407e-10
6.828273771276815e-13
5.5009629119482395e-21
8.864258797977271e-14
2.2294125422255984e-22
2.4095938071464675e-28
2.075675211403879e-28
8.648592694494328e-26
1.3365465582570853e-14
2.6314584318284048e-22
8.853703733339313e-33
3.45876911261272e-27
1.1798880521561549e-32
3.278519406763697e-18
8.702281248749971e-20
1.8136488967831982e-06
4.465237563708047e-20
2.0059656316021993e-14
4.884859489012809e-24
1.1463295361210558e-29
3.85947789099128e-22
4.412083138273846e-32
9.718234227097944e-29
6.990642004345933e-18
6.515539307452856e-30
2.6623278514984996e-23
2.388728183389148e-26
4.995908884523702e-21
4.363614350932582e-30
2.4612628716913814e-51
2.4839608026427927e-12
8.896026698068589e-16
3.239774147650027e-31
1.3601235935386382e-17
7.8781882948991e-16
3.362399959888826e-22
3.433416708301886e-15
3.42487108285662e-15
6.709054655501966e-11
7.831257597382625e-09
1.9714808684643937e-19
1.0857779086559286e-18
2.064706411246107e-39
1.657381445542374e-10
1.8260850060863046e-42
4.948197356980981e-44
2.260892050951127e-32
8.31741237491993e-20
3.6776650336118936e-29
3.1362975817876054e-19
4.298885161797693e-24
3.2742249197462183e-19
1.9935037473314248e-19
8.479176609377726e-17
7.648127604472029e-14
4.270706507317287e-22
9.67875475680077e-18
8.977146274611026e-27
1.517777991860807e-06
5.644528655207491e-24
1.5299818412960767e-17
3.528976110250333e-18
3.1605927347295276e-40
6.836559344930427e-10
1.8574409846051185e-32
2.99391502962347e-29
5.556126878882533e-48
1.4772984762071872e-10
1.4605099364714545e-21
1.9492508777488808e-29
1.0033695039049292e-39
4.20862394941441e-08
2.153713619912256e-22
1.5028652103056743e-24
3.7964648744375477e-25
8.315184870228412e-19
2.2664489571749817e-57
1.089825397832322e-31
5.075910500430802e-18
1.8107393317665937e-19
1.2975105778472914e-32
6.286759492211732e-07
5.877306727174209e-21
1.1246531362295764e-18
5.62232351181666e-23
7.528004903478345e-23
1.4283415735834524e-13
1.4147597847981365e-22
6.70273014904686e-16
4.425402736513849e-18
8.789871090557318e-40
2.2277414243167673e-35
1.9176038733765224e-17
1.9217318020029638e-17
1.1220325350352977e-18
2.734496083421203e-31
1.8945926947697877e-14
1.55156883534853e-22
1.0016753966152317e-30
4.585789885009285e-30
2.0355406083635722e-33
1.8762373070470836e-06
4.806733582579244e-28
2.555456216190046e-19
9.173529261954305e-10
1.8108753547741002e-32
1.0600875605485472e-23
3.2873381491141763e-35
1.4380423470169056e-23
2.5580418949540005e-42
1.731941052763077e-19
3.182920339758451e-27
8.775270997664212e-24
4.556301883773848e-22
5.292177728174508e-13
6.014760146767051e-19
7.5112607693019e-46
1.844248919308185e-32
1.885177034815917e-23
4.243340370384995e-14
2.1953686981959328e-18
3.3725895462989094e-34
8.348253744539398e-19
8.623405334090794e-20
1.316143966409156e-21
1.3905952096231537e-36
3.9736954790192125e-24
1.0015459006486913e-31
8.878793201493236e-38
4.159356953626615e-25
4.03708241677738e-23
2.892290211148212e-26
4.524001977244551e-23
8.315892965430726e-25
5.175062230090009e-26
1.4391048756756677e-23
4.8783100667630915e-20
7.3993861826105555e-09
6.162737456840839e-34
3.1558500962551727e-26
1.2675218740195392e-15
9.635608265996692e-28
4.1534059999561036e-30
5.755366959384372e-32
2.7915711867219484e-29
3.138760054124584e-20
1.3796547092676807e-33
1.4645989951966063e-14
3.910203714924534e-27
3.296470516092604e-33
2.2021879050109713e-14
8.151325927451392e-25
2.674564645273421e-31
1.0098657941572486e-27
3.799261485761745e-19
1.4917222115101323e-25
9.214107279710206e-28
1.1096644507575814e-35
3.8560219547450566e-27
7.206686413934157e-15
1.2652841514295639e-20
3.032178884221885e-25
1.234004620668989e-23
1.0001787490828064e-21
8.299032985091644e-22
4.3809532676309134e-27
1.2069233327698095e-30
1.8805198868428164e-06
1.7672431134143825e-17
1.2612941685305293e-34
2.1544674761026743e-17
2.505387780506357e-22
2.489219636127893e-22
5.662444370714795e-26
7.214047182795306e-23
2.1252240476355222e-29
1.1784626877805632e-15
4.9747112277976e-20
2.597550196109695e-13
4.751171560676348e-25
5.704313173172033e-29
1.4715999905670825e-24
4.862324689268807e-25
5.652839242279278e-28
3.382226233258097e-37
1.9389133417191887e-23
2.685776624674805e-18
5.924314221140147e-26
5.886420913539127e-18
7.568651685924908e-33
1.021103056605393e-29
4.484303732994194e-29
1.6642427416813752e-45
1.0727514173430987e-28
5.129025829216243e-22
1.4250948576801553e-25
5.381357690035569e-14
2.8514883013201994e-16
1.2252442629872341e-18
1.6677727918688838e-13
2.206148436389552e-21
5.930756799701338e-41
5.452958873153911e-16
4.0301351013535e-30
2.246398352435905e-24
5.011352463444295e-29
6.122169954092847e-30
1.2035850643732792e-22
7.959809254292058e-24
7.080204841647494e-19
2.7276482010297693e-19
4.3620172464219396e-08
5.653431056688939e-17
8.97467465330554e-32
1.6503460808438325e-17
9.278774886277259e-21
2.735312139889269e-15
4.615679723355304e-39
2.4698157500379394e-29
2.4835624645206957e-16
4.223180342031408e-26
3.2715132517589754e-08
6.161325827306261e-26
2.3906151655803523e-29
2.763168290240975e-26
3.4901490582207535e-24
1.2217955474826425e-24
5.144694168558237e-25
2.768256601068257e-20
1.73730916746978e-18
1.1435741687986673e-25
3.035725930466506e-28
7.868254271059624e-18
2.790544635804361e-25
1.0802952679421397e-25
9.315739369359308e-11
3.169781315765039e-10
1.19362897586485e-34
5.253323367916129e-13
5.990312758468906e-22
5.482502125594228e-36
2.1095392657184233e-41
8.324874845215904e-29
3.1498392948561076e-29
1.3644811842123548e-26
3.0903792312363537e-27
4.86599483559111e-39
5.491737501776281e-23
7.054248310405022e-25
5.021675615363036e-26
3.190883940161114e-18
7.335778645767961e-23
4.725837460698267e-21
3.7906960912748634e-17
3.845798377212075e-27
7.71705320883654e-05
3.8971255243114764e-24
1.1668441088550699e-20
3.7401701844613843e-28
1.3367895165991332e-26
3.1384006851050242e-18
1.3416811275234411e-12
1.1616616380873396e-17
3.019397961756139e-25
7.428918437423623e-28
2.4673703859739318e-12
7.17944014266443e-22
5.796104006775216e-17
6.3290012040136775e-22
2.5183335791117495e-17
9.441231219917127e-23
1.5856506924480579e-19
2.2369360373536675e-34
1.693645071143078e-19
1.051313017102888e-12
2.1516938750719126e-22
1.3437748349028474e-17
5.624822493935027e-31
4.363549233405019e-19
2.0402094760770596e-30
1.5191075287553845e-24
2.552303086236741e-15
7.277942281307555e-22
5.313867446811014e-32
5.852419913236769e-19
2.293348689772058e-24
3.1449788034070745e-24
4.8380796584102544e-20
8.436723489393482e-27
5.450516357459616e-20
1.5325588303755684e-17
1.7076910249219454e-27
3.4075263921957013e-19
7.422379575662341e-33
8.4196012902227e-26
8.324137758679659e-39
1.6616271721717463e-27
8.822847402542695e-18
6.603235737906582e-18
1.9292631949453144e-31
6.681384844936191e-30
2.356351941814441e-19
1.3238069711390282e-34
1.9039050238607135e-37
2.966617925578569e-21
7.609525675419183e-29
2.4975104535199597e-27
7.67568746369929e-21
2.547568926729778e-13
1.3288457173458292e-24
1.4586761469541923e-12
2.1040195334485993e-12
5.841568001578645e-33
1.207641196093135e-07
1.9985284496683685e-22
2.2955891963535255e-24
1.248470813293634e-16
4.196982383291396e-13
1.2751749850300768e-12
1.3015891144934547e-21
1.4316533604169484e-37
4.852539828918339e-27
5.747385408140742e-20
4.666250408992508e-17
3.4231490907867016e-16
1.8602482675365144e-23
2.0047241518421405e-23
2.7213683126466798e-45
4.405488217036444e-09
2.436149603259384e-24
2.165477155242768e-22
2.6352925458884668e-27
1.2366989559153811e-16
1.8283231048587197e-29
4.6512711797115964e-24
2.2009675378519384e-18
3.4898419949514965e-23
7.42566273046589e-25
9.461403112388253e-11
9.95486772661356e-33
7.883822903773653e-22
2.3897699634303546e-25
2.0205699295151793e-51
2.487499359893698e-29
1.790685997473751e-29
9.752945230147321e-20
1.3172897407935013e-17
1.7695220982303406e-30
1.0977775235269772e-26
1.519294084121074e-39
5.334668359671126e-40
5.7561507695507135e-18
3.356414537625764e-13
1.140981239023822e-28
2.2127317880049254e-30
2.0427601323371815e-28
5.265133096425823e-30
4.056983047709646e-37
1.8480521760592045e-24
7.726926821218277e-26
3.846126805860422e-25
1.556237587166411e-21
1.779681571794403e-21
2.2952761420529657e-46
1.262417031266067e-23
6.355424494428064e-44
3.6901665310899355e-33
1.2679816130074415e-35
2.500777475381834e-13
4.5113579759247925e-25
1.019940767587088e-28
1.652720100769827e-18
2.155423699854791e-19
7.946366238455645e-22
5.437911516880776e-22
5.928517940386008e-20
2.208141925332695e-22
6.306072448772695e-43
2.494844355299567e-21
6.435509578659379e-29
1.2567474815483973e-30
8.890441431364217e-25
2.4776962702089206e-23
1.347979245040542e-25
1.1765939798338239e-09
2.2115678920064376e-33
1.471924972300866e-26
2.1418973561991407e-17
1.7193052428927633e-29
2.40376351231862e-13
1.8038180029304782e-22
6.561729324666778e-32
1.2311126325458767e-27
8.240833028428007e-35
4.935548231877015e-16
5.881014571501284e-20
1.5343798437115664e-29
7.323272023847131e-16
4.887874044535245e-35
2.718690740662058e-15
2.063110919992632e-19
3.3572580018112007e-22
9.622726886652317e-11
9.573686442714761e-14
3.925695929598306e-30
8.325039178118076e-27
1.7502370422612282e-21
2.4083223535589865e-24
4.706009713269649e-20
4.7162258164638203e-20
4.83039774811202e-09
1.2571022510170212e-14
3.1022435773831816e-32
1.3399466961654067e-24
2.9219685377355443e-08
2.4998214426672213e-20
6.7757562756753106e-43
7.9423155606332e-15
2.0242370264896535e-12
1.3941075674925606e-19
6.366285876500509e-21
7.065169661977772e-09
1.1588257338523343e-24
4.960545260819823e-16
4.832378720615363e-16
1.0624599441478834e-16
3.5437296112264397e-38
7.999626890426092e-25
7.301954338571895e-31
4.7796450953183155e-27
4.628769890214489e-29
2.4119441706062654e-16
1.28747664609917e-13
5.324563557743772e-21
5.4799570687851e-21
3.301422956655592e-48
1.4627867952588592e-15
1.3293920750751445e-30
2.0874097624841778e-13
5.087554641974857e-13
1.3099566673285779e-15
1.7956518561298877e-18
1.5127031173817967e-19
2.0627699168449413e-29
2.4921599643884912e-31
3.8894289904985844e-21
8.501771191612258e-33
2.512950825677476e-32
1.34354211125267e-17
4.1592971596798705e-49
1.7775051729761903e-17
1.0899456240181735e-20
1.882019215061979e-24
5.751988060669859e-15
1.2894609852393505e-27
2.3625379646297417e-17
3.1293596310906255e-30
3.5395074738706355e-23
2.0184084072130357e-13
2.5150403632467033e-30
1.0035345452595554e-28
2.7884371491922057e-18
2.1342375047210313e-20
5.206063221153225e-33
1.4326796816098832e-26
6.296904725620558e-13
6.91828766596226e-28
2.0744642508591195e-27
3.79938384811125e-13
2.4315390188810447e-30
6.430451518562572e-28
3.38676885611081e-27
1.2843615509448479e-22
6.941775530084948e-40
1.0200942869496084e-23
6.946002614120599e-37
1.46845613648608e-32
4.745904270880255e-18
3.488335692956299e-39
8.356170071588306e-13
4.4480187468113756e-17
6.00665848858507e-29
5.899629799615578e-36
2.570280567867875e-09
5.1547553491242356e-21
1.029825061046104e-29
4.1103612419255803e-22
8.994298704737749e-28
1.2918111228199588e-34
2.964604536884451e-23
2.4622077982577696e-26
2.494948531014983e-18
9.425395211619929e-06
4.88443111459465e-22
1.7827605878743943e-21
1.0655049423156004e-17
2.065147754268448e-31
9.138171370216113e-18
1.5365941414705743e-36
2.69104491708814e-31
6.145913514780148e-25
7.519562639480883e-29
3.1327531732475746e-25
2.211260224683432e-21
5.267987127780504e-16
3.491634232613841e-36
4.775363192610615e-23
3.9142184041166315e-25
3.2190545939473833e-12
3.788966015206767e-28
4.536583076029633e-29
2.6816771243156465e-21
7.713833307152146e-38
3.16223426399573e-26
9.677513817571465e-44
5.887243340584695e-34
1.673651669067363e-28
8.90338009371377e-20
4.4578970733390343e-41
5.854920550577041e-09
2.70551221977531e-27
1.7508646851242257e-32
2.130583467152078e-24
1.4228751512967836e-14
4.022377308925472e-68
6.91756373706249e-18
1.438239729388607e-31
2.120843624125183e-30
1.8431971280707717e-07
8.128255935639869e-26
1.0101413462352223e-30
4.364900736649133e-23
8.6004007998056e-28
9.752904591695e-08
3.592538883553706e-28
3.4959687972489675e-28
4.135051121253235e-22
3.149244857933889e-21
4.8309860224885675e-29
1.1797154550961976e-19
7.301691992434518e-20
3.7592326932932387e-16
1.1090164299493007e-29
2.595481211265349e-27
8.30953775413178e-24
8.607279079259828e-22
4.175897331787069e-23
6.355354515297051e-35
1.318073149614857e-30
6.711300843662647e-29
7.432148423205049e-23
9.20590452574278e-10
4.981372355989043e-34
9.278169249850512e-30
1.3118280409154097e-12
6.7430047599983e-18
4.6144135205598085e-18
2.133846576546804e-29
2.436186775999778e-22
8.11443804001425e-22
9.592142268725557e-16
1.2380629575720898e-26
5.2483801818487916e-20
2.0221643567722565e-14
8.854579278532024e-20
3.64662417709396e-33
1.771325979931954e-15
3.9048663562053673e-31
1.8546853630498983e-33
3.7000258188416574e-25
9.981858458162161e-24
2.537108973562568e-24
1.6860249486691222e-17
4.548109648513862e-18
1.867931534186864e-17
5.512485237799096e-31
6.086005401186418e-23
4.280808938861665e-33
1.629854489833124e-21
5.5571432480721265e-31
2.095337995104209e-20
1.8438966946831774e-18
1.228688897457559e-37
2.1090768175632074e-20
2.29460830200484e-30
1.4794180011108614e-23
1.0190208541742204e-24
8.332467372100394e-33
1.7836971070141992e-38
4.3371629641097535e-26
1.1025693092455932e-06
8.72361754873077e-18
6.193299873662531e-21
1.45504596754269e-16
3.180831490637155e-23
1.5098160419309778e-29
8.739654433810322e-38
4.121634222290333e-31
1.7114631694727205e-18
4.877237152578896e-51
1.1990643595592306e-17
1.56256915219971e-19
3.7491943499520815e-36
6.560716891922229e-10
1.436533690056275e-26
3.739026375260818e-38
2.803194829096481e-27
2.850093433660524e-18
1.0635786576532644e-20
2.599087977040292e-29
5.491581864456948e-07
1.772712546452852e-22
2.958494290121392e-09
8.799593274254182e-14
3.2163719254036312e-15
9.503342026033612e-25
4.137704330382838e-18
2.279506396818384e-21
2.2697258836141417e-20
1.989942528625074e-15
2.1261239316280003e-20
3.0127554855940905e-25
1.6114015861787698e-22
6.713801729885744e-13
2.957591348510615e-20
4.239733520041055e-34
7.87665784309096e-18
1.5482315631682672e-28
1.9888492794030887e-23
2.1245455607124895e-27
2.04528029463571e-22
2.44884356346985e-25
1.612449585828944e-47
2.610015478620881e-32
3.236432102494016e-36
1.577227845843704e-39
6.05871277326e-24
4.535953558773336e-18
9.278887238679098e-36
1.5089871844363722e-30
2.5654957369504703e-34
1.3187051620995087e-36
4.7599356690564325e-20
2.1083352626052202e-20
4.435156659094989e-07
1.2168750090409816e-22
1.497553583959274e-17
2.873855594351609e-22
4.4549021014245825e-16
3.5829954874446744e-17
1.3520774949636723e-22
8.361041295689288e-21
6.654169049516853e-23
2.386481232448592e-21
9.22911156598621e-22
8.624807059591715e-42
9.68094619073871e-35
2.437032932643426e-24
3.6108045160255756e-21
8.436246202057342e-12
1.349253843123697e-18
2.135907137630237e-37
1.376777297336718e-24
1.7938188280690916e-15
5.556168094815017e-29
1.0919275227099311e-39
2.997347844342022e-08
4.8265337582823e-30
3.684482590940713e-18
8.571714658841948e-32
6.361654234086035e-22
6.766336829231973e-27
2.6913134648346734e-36
4.2466837544619967e-19
4.0196330372702493e-17
1.2717547200206264e-16
9.22299608305274e-18
6.675252037725525e-23
6.295431780350892e-27
2.0083900239539816e-13
8.703048622514079e-25
7.805382650103623e-10
1.1176797198582794e-12
5.233521085678745e-29
8.165927456820821e-35
5.448940741234188e-34
5.643461809220679e-33
1.8205814889712584e-37
2.703511909269127e-28
2.434214102309408e-36
5.034417121940159e-32
3.3859934539883875e-19
1.146737431932624e-22
4.916995862818864e-23
5.043293933998227e-33
3.9396812676845646e-24
1.4060012888369494e-15
8.196886523760612e-27
2.337403560970331e-26
4.0415575783914594e-17
2.0970977292372306e-29
5.048789833540802e-34
9.30591264005372e-28
4.33773562190247e-22
5.322658964661147e-09
3.4610651760443007e-32
8.354600270028355e-34
1.8778071651561284e-41
2.022450072270446e-24
1.3921438717337327e-35
7.807073683335836e-30
6.020543530318194e-10
3.379816448506092e-24
3.370798096693514e-16
2.62999403686486e-14
1.2129363747309031e-29
2.2360997889014437e-32
8.238001650584108e-33
2.0020469934001496e-22
7.010698475602524e-15
1.2844368512524026e-21
2.3115333056107473e-17
4.751993678220494e-25
1.5706136743630986e-28
9.52562907276609e-25
4.804033895098842e-22
2.3941042170855204e-30
3.603349710813839e-15
7.532191206524177e-28
1.844193024030554e-26
3.945952387101249e-53
3.3425591979551685e-25
3.6741952639994927e-41
2.3622732434411363e-12
2.4057844409837872e-23
7.007584701141223e-25
4.0111389836739807e-26
3.06823291157279e-26
4.257177630545904e-14
9.358118984657816e-37
1.3678136767162053e-18
4.7320342426167266e-33
1.8825135194047703e-36
1.4735180644147216e-33
4.494798595255364e-29
1.4949042638708718e-20
3.980015744774944e-23
1.3998753832905958e-26
1.339442371546097e-24
9.083755865618327e-30
1.499225393689141e-09
8.382790788121916e-13
1.4737006140999956e-27
6.816167268158326e-16
7.870154241050756e-31
3.161500722523314e-29
6.405905623141339e-22
7.287580234539285e-26
8.669797476114519e-19
2.2174611213807168e-30
3.541799707319728e-33
6.781560237909106e-14
2.240014974875948e-28
2.3105901728871186e-22
2.6700303860568653e-26
3.8484107665367145e-20
1.746001531758079e-19
7.467268545385788e-56
5.580680908110893e-26
2.5641314048767096e-14
6.590081327354556e-24
1.0142520262914164e-17
1.5204465711414478e-26
7.822681266918275e-12
2.0668256763783426e-21
5.5746825343123216e-27
1.6365596066748425e-10
3.529867571972476e-54
3.7708716685279544e-20
1.709078001943172e-30
2.0299365438339847e-21
1.2013067625144385e-23
9.325831264672793e-42
3.285780707064925e-41
3.700501085687064e-21
2.6175382698526013e-08
1.9536300965527873e-24
1.5229247033989738e-17
3.7384198234373206e-33
2.5155027162543245e-25
7.419259899698209e-17
4.478735314128436e-24
2.009063750812426e-18
1.389155911605727e-23
1.6038892081804272e-23
1.680266521199958e-20
8.349014778980351e-12
2.1579262741643267e-25
1.63790581344035e-31
3.0732190822301287e-31
5.29899045709817e-18
1.070843578455492e-25
8.950893832481994e-22
2.615684651972954e-31
1.1165533940385917e-45
1.8692131155574476e-27
2.0706407616800487e-22
8.15178353506925e-21
7.822644933049185e-19
1.0905130747927237e-15
4.727949519326044e-19
1.602736503144803e-31
2.72709406570199e-25
6.214696797902609e-35
1.5483243257425505e-22
2.146077654236024e-31
1.0453861854979945e-17
2.055705135667998e-10
1.3302380300279026e-21
9.676021896092834e-13
3.265003397876439e-21
2.787108099272729e-22
3.601094821236807e-33
2.9096609965311006e-41
1.74240277343676e-10
4.8479034052447624e-32
1.2552267582617318e-25
2.85025803100944e-31
3.366794530025435e-19
1.0018277165447887e-38
3.45241173964202e-25
9.061752034572085e-27
1.4625444185813602e-31
2.092628263966831e-26
2.660436128268042e-28
5.064864561636898e-25
3.455721761670278e-24
2.7932121247293638e-27
3.8985666833922375e-27
4.640961690091541e-24
3.116331711097052e-12
2.77338533529837e-14
1.8587959505899097e-20
8.229590262614498e-24
2.152209867096963e-09
1.8965670634643633e-33
6.812309800859298e-23
2.0295921679009617e-16
7.469203830221176e-20
3.957229688031363e-34
7.97305528402104e-17
2.164761506810664e-21
1.428684284488367e-37
1.806481520472197e-27
7.105789187611574e-16
3.733151967901343e-09
3.8405228312460144e-20
1.993610841737061e-18
1.0306382311389585e-35
1.1864421247431182e-19
7.245375343064243e-19
1.1583067391120541e-30
2.868905949628625e-26
1.397197998949469e-19
6.1194011751802775e-33
3.560667311858901e-13
8.737482676697886e-15
1.6498283722934196e-11
1.3964782983963473e-32
4.400399967434915e-19
5.599896736722845e-23
3.636316791658702e-18
3.805727089820256e-18
4.7794300462847204e-33
5.807628584327083e-21
8.516047744896085e-36
1.066634739986364e-21
1.4055999391641476e-24
2.8826119411685774e-25
1.6306605467232377e-16
1.6512079446937627e-45
2.9334969014119337e-47
3.9846183757613443e-10
2.6671104896910794e-19
5.8257358929852865e-28
5.462619429875751e-42
1.6948073898276255e-18
4.205380891377842e-19
4.2507734644528194e-19
2.6416101338000265e-15
3.823812835415251e-48
5.6924793851310225e-30
2.80296408179226e-14
2.3516176132714946e-14
6.9774386331353955e-25
1.7234806200711626e-32
1.8575880237240147e-24
9.916367334462669e-25
2.9258909956449174e-20
7.265187748008977e-16
4.151458228791495e-13
1.0116261062639313e-27
1.3054210019781694e-16
2.0540452434340868e-20
3.467539871462354e-09
1.777164138321109e-19
3.859104446985452e-17
1.8373104728319103e-22
2.6940074179057347e-25
9.5571821291463e-29
9.978798290987735e-28
2.5136172116174903e-44
3.9478569834728886e-16
2.3182830768813e-24
4.210182876384813e-08
2.205771385130065e-22
1.4210774244766847e-19
2.4918756635746722e-29
1.894185341108862e-48
1.7476916046665403e-40
3.1707930061032537e-37
1.2291922747707587e-35
2.5079017362035657e-18
8.096735034470199e-27
3.144012741019111e-20
1.9842872105502532e-18
5.323964185239181e-35
9.20730802254582e-18
7.478881643794346e-29
3.2675125736770945e-17
3.163931855929814e-26
1.831562082481501e-17
6.450683305467389e-17
1.6460135092071127e-26
1.2072484030818197e-07
2.5270904366879585e-19
7.997481812719539e-16
1.4229721367764336e-31
2.6228821550635416e-07
1.4208328980415991e-16
1.2209618412350938e-05
4.423841210595907e-07
1.0071578410751427e-41
1.5871510584735618e-10
3.762284776015157e-18
1.2753716862104992e-29
5.840027429238953e-28
4.0660640934007615e-18
2.20723488515122e-14
2.1420963805209235e-24
1.773752445490659e-26
1.9771922947701485e-32
1.341305473695464e-15
4.245936280684854e-09
1.0062955114194275e-27
4.3407958981803364e-26
5.833017437403238e-30
1.4753678258922154e-25
1.3502710974491682e-23
1.0706118434247993e-19
5.539385843071306e-32
4.1144162009682974e-11
3.4771285142337727e-09
7.608284311342e-29
9.472053836442364e-15
6.635306243341825e-36
4.9733324202576343e-11
6.104915537017198e-19
1.0525376784563065e-32
2.7005491836508676e-14
2.433683192584745e-41
6.4793182264213785e-25
4.044530074755366e-25
2.8901789311894192e-21
1.3624392476868845e-31
4.577928727045952e-09
6.431928240651848e-30
9.504269195331967e-21
2.4429925422312486e-21
4.5069321537380827e-13
8.10440945677162e-20
1.251502994180768e-21
1.0113863854767238e-24
7.0329718102616344e-15
4.0808918570294046e-26
8.526574818600796e-29
4.395939436101444e-22
2.0443623286713227e-25
1.4442046999614363e-28
7.634153134923261e-23
1.891496419562407e-06
3.969043259883775e-34
1.1883038838631139e-16
5.2599183454370776e-17
6.770195545912545e-18
4.979991035899417e-16
1.8169785815032775e-43
1.6298575655507578e-27
2.487540448411996e-31
9.176432822746589e-41
1.4786900900477743e-26
3.91377600654062e-24
1.8293437636307438e-27
1.517283958039436e-11
2.306400735342878e-15
4.2333016996564263e-26
6.025723751403973e-22
3.582771936783096e-23
2.303460986781816e-30
2.179069397557635e-12
1.3517054709900745e-26
8.146473918169549e-23
2.420400813400532e-18
1.965662583823586e-13
7.315448230343491e-21
5.376778910285328e-21
6.90013030010721e-32
1.7186885306704132e-19
6.964219349136824e-43
5.711330313798166e-18
4.030568959910252e-18
5.613627450068097e-31
1.337209712734021e-27
9.494050316441067e-11
2.2906213122150007e-26
1.1570915861992495e-23
1.156966319501319e-33
2.4708173064531715e-33
1.8234486928702043e-42
5.613642717996825e-35
2.1460678844365856e-26
9.966345441798038e-19
3.5351577365154497e-06
2.909153276796083e-30
2.765942009326732e-23
1.2424076281648828e-26
3.192664408411036e-22
1.8282650458268614e-28
4.791569835076539e-19
3.3966650218496305e-15
5.48912406479135e-38
5.648793244255953e-30
2.0286982081726996e-36
2.7055486811329126e-28
2.3351442845586026e-16
2.641112107961157e-24
2.306611459433867e-10
7.291761319438079e-35
1.8256255984072118e-16
2.979094001163473e-20
1.965793622896733e-27
1.8331749738214155e-54
4.760766928245552e-22
9.577840412858581e-28
4.0692020634852768e-25
3.3378017571531265e-32
4.1602638251200156e-17
1.0902504151240568e-32
9.998685232618014e-33
1.1150496701812054e-30
3.3245086497330605e-24
1.4826582791488607e-18
2.3652827169831268e-33
2.4803369759888488e-33
8.056499202878205e-26
2.5770885862920205e-18
9.057591046024915e-08
1.711922429979457e-10
9.043239218969486e-17
2.84599370320282e-22
1.2793150825766522e-07
1.728113305933013e-33
4.4268785491557615e-21
2.853357476006339e-37
1.2790964835402612e-20
8.35720124036178e-24
8.31678448413784e-28
4.120629151467501e-07
7.67903081219295e-27
2.1742317569962564e-33
6.450272133229398e-31
1.7690728404192816e-12
6.8928382711060895e-31
9.079529822365878e-17
4.9955707235129285e-20
3.069235001950431e-17
7.95237805909704e-22
3.2264023106428205e-35
7.623053787711816e-26
4.418659530098252e-12
3.113354222204692e-29
2.3577107903970584e-22
1.2655006858263296e-26
2.273270852576967e-09
2.6127896985784384e-27
1.374765453597819e-22
3.5562844072404313e-23
2.4705301794215915e-29
7.491276502725956e-32
4.3193736905941856e-30
1.2985061061249366e-06
1.3124458825234037e-24
6.613830847553043e-35
6.756887434641235e-24
8.032870158201749e-29
4.122707211966492e-49
1.7715343933057505e-38
5.272047944957356e-29
2.1531622700777608e-23
3.803235021569353e-20
1.7456692898156138e-13
1.011085737406111e-25
1.815174298363787e-29
3.0062393059511465e-27
8.248966986474243e-46
2.251408385414804e-19
1.3622365938123422e-12
2.3317662735847947e-23
2.972523782339596e-18
2.1409121183034406e-24
3.150058572106823e-14
6.935326396359949e-13
1.805815538650543e-14
8.353202171503816e-26
1.2783797101091948e-41
2.115517237198069e-20
4.3022677434423917e-38
9.565989871206746e-18
4.2302869277750185e-40
5.244043109548365e-28
5.691591946039919e-31
5.893454363863632e-19
6.267723633999184e-23
5.139197657147904e-25
5.197198013048764e-19
8.202544138760789e-29
1.2385254982181206e-07
2.487827419149729e-19
3.1047879966953304e-17
7.042065337597129e-28
6.847148752115252e-42
1.9889307277134125e-21
1.179790618510799e-21
1.1640928011301708e-25
6.933163796368301e-32
3.603001858405547e-26
3.848765457384158e-08
4.9484378628318804e-24
4.109455592134332e-30
4.61176870116668e-18
1.3519251360390725e-23
1.0801861923698023e-28
4.967760995127478e-16
5.473160723482124e-16
1.1014162632176558e-18
4.456205088096358e-32
1.1525789523752542e-28
2.342813839734134e-27
2.180950069675874e-31
1.3077223133114147e-15
1.0652811994383955e-18
2.6206291175214156e-31
1.1092919304872252e-31
1.2211552079709246e-40
4.3287545408584666e-14
4.738211225140777e-26
3.234423144263003e-20
4.788300762144666e-12
2.9180400910102228e-27
3.000343678860264e-07
4.30252092474149e-10
2.3557964796532477e-09
7.863695207861185e-22
7.681643966420758e-20
1.0058817397524353e-42
4.185922080497223e-18
8.746448782216769e-11
3.0403665272072212e-33
7.991996511669793e-22
8.284003229564094e-39
2.263479006919727e-40
7.99666233170436e-16
4.929592302442626e-25
4.8956044769642884e-14
4.1184968118875815e-16
3.220937116246141e-30
9.626680154418772e-08
1.5058312364259585e-30
3.6013500427088786e-19
7.37269340424352e-25
5.565743220418054e-48
7.415718717122146e-19
3.481572480951222e-19
2.634815006377006e-19
9.767678995547792e-16
2.1894459421336782e-33
1.6131685284074956e-27
1.417447056215745e-07
1.3008508229995836e-20
1.2477034929073333e-30
1.5575166354135975e-25
1.5046247434281986e-21
3.56548051542933e-19
1.0444934786187947e-16
8.456119880961288e-14
1.5607935012016634e-08
4.419460135956743e-22
7.661018742678385e-27
1.7013095054856118e-40
2.874041787219329e-28
4.782260353327599e-14
1.6279529245038246e-21
8.430386064903892e-40
3.1172602537163144e-29
4.22417181062623e-22
8.702907677789397e-19
4.618167708753908e-22
2.986695405870484e-32
3.2132095864275263e-25
3.0000846593419343e-24
3.811935015501587e-26
2.2144597372612383e-30
5.799451547054715e-36
3.469297505660089e-13
7.053063549332185e-19
6.3126972624923716e-12
1.3310464782840883e-45
3.255653033115583e-19
7.407044760264363e-10
6.489204947993618e-17
2.7983509545358683e-19
3.722096683714354e-08
4.1464083850912443e-38
1.1046322831301432e-12
6.58761578488392e-24
3.613716621392609e-22
1.6317470173573768e-21
8.089077914925498e-14
2.4590662829664065e-33
2.3631699057080056e-24
1.4152391426919515e-22
4.181669780913115e-21
5.1952304281437716e-17
2.2101818307033455e-26
3.857357138832022e-30
1.1094970348016937e-09
1.4187433548664476e-18
3.120130940556178e-20
1.1470745729841972e-29
1.33679775050748e-35
2.8368940517874107e-31
2.764342766898059e-35
1.268155230053685e-29
4.0712615930753337e-26
3.168754935628998e-20
8.361516347089269e-15
2.32942173614931e-22
5.5628783459590545e-30
3.7254534444412494e-19
7.73729410390727e-17
1.0879652058092716e-28
3.6682351056890013e-34
3.2074682258476762e-09
3.0023629105907698e-31
4.7909361005896225e-21
9.625418533733416e-33
2.5712544989928125e-33
6.320990241203028e-23
1.3541528417621299e-20
2.078861326034864e-21
5.999090882145362e-28
1.2631477420141463e-37
5.5487285980422574e-17
1.4098114156600987e-21
1.1451114335627701e-21
4.0386961289194325e-26
6.138661735494413e-31
4.5123508390823804e-13
1.2725346929572661e-14
2.985503198920268e-32
9.34207061411183e-25
1.2300052147080981e-32
4.990282937593116e-09
1.5467607706969927e-21
1.6406420916929498e-33
1.3223787365082469e-31
5.812843398299486e-43
1.1631835054832456e-15
6.853369396491322e-25
8.187640520846836e-29
1.9092759916886172e-25
2.7880112277884553e-10
6.074798082359913e-23
2.5562220257034743e-14
1.4974093294998997e-25
1.4427631644354532e-26
3.281617907386952e-26
4.202286017113937e-34
8.46094782585553e-27
1.2816579240117742e-20
1.932247771300186e-18
8.114498945933144e-19
2.0540618152405793e-30
3.70454752123133e-08
3.980678941123068e-34
1.3465064812949973e-17
2.4104244147234606e-08
2.918944850340381e-25
6.455391681138889e-13
8.119792195933127e-19
9.711237110561725e-33
1.3934822865249944e-36
1.725653675911222e-24
3.64353646793086e-14
2.302744408559878e-18
4.642967385685205e-13
6.095527621607566e-16
3.061835003316172e-37
2.1581157335418107e-26
2.749351904308533e-16
2.0212752614203366e-19
6.901689251024913e-17
1.8715910840160584e-17
1.939897026420633e-33
1.1605472535752132e-38
1.9222750449986582e-07
5.185385417344663e-27
4.386985494623928e-19
4.164580519744552e-16
4.802715062124323e-17
7.489319222982886e-22
1.100599048576295e-25
5.623212655851517e-24
1.3961130218907364e-31
3.6293851939169827e-16
1.5464567064641035e-21
9.736989070688888e-12
3.1783720602931435e-17
3.2179521091651275e-34
4.841071640712272e-21
7.856448821239761e-14
1.937555969209634e-13
1.5799244487905685e-11
2.4409805167935553e-14
6.875545268499565e-16
2.3796882166601306e-17
2.1214616600175303e-29
2.8576366749951205e-27
1.6432279066828196e-36
1.1302156989388163e-35
1.8400096775935691e-19
1.1474977531049293e-22
8.339572472552378e-23
2.673339472668884e-28
7.101026754827429e-30
3.687591590780275e-21
2.472049779396115e-19
5.1039952378015833e-17
2.8043620744124424e-33
4.430027278093307e-14
2.4359586309676785e-20
2.542635328558588e-15
3.2508978427188517e-25
1.0117139231651086e-28
1.2513003314962488e-13
3.9471718217200936e-23
4.3643406611001415e-42
9.163915092355511e-11
1.1684223949502587e-21
6.199738493033906e-17
1.7230647855791383e-41
2.9285675349696707e-35
8.689627446425563e-24
4.0254500744067184e-23
4.7861582246872996e-11
3.448534852594622e-20
6.743540870491276e-28
3.096929391088305e-26
4.3644349280117565e-29
3.82109805900548e-33
1.1633264804369076e-35
5.57746715865653e-20
1.2350867419637185e-36
1.234977194117515e-13
4.940999867512438e-25
4.8070124178884964e-33
4.674210228398825e-23
8.178801977812536e-25
1.51805395283187e-30
7.157205217234802e-13
1.4575152525363252e-14
1.0633862658978003e-17
1.9174530598894174e-21
6.856584263763978e-25
2.910834490731872e-15
1.651077559019029e-09
2.226773052688165e-26
7.022113248740578e-14
6.823061494231845e-25
2.552776197482426e-12
4.4207280587050364e-38
1.0223200260704992e-12
1.342181958238278e-25
8.662903199414952e-14
4.5849839100212327e-23
6.6124661647423554e-18
4.004219009131144e-23
9.219118273011144e-09
3.422744393011094e-33
5.343910444629113e-31
3.9745811481546436e-30
3.1333451148601887e-23
7.411417487199988e-37
1.9926713855037155e-20
6.530190892378599e-14
4.061288541517944e-18
1.86045179399367e-22
8.964598279486194e-13
2.447999027641237e-30
1.398431062214377e-17
4.514963683237989e-21
2.5164382706953842e-29
1.0115005348416814e-09
1.2807381638782127e-24
8.280417463368927e-22
3.362708012304144e-23
2.411803021003192e-13
1.1639128793285486e-18
9.049836442785857e-26
3.0277093461076373e-12
3.7119872335548298e-09
2.109505222625108e-33
4.84444723458722e-16
1.6048863348591838e-16
9.957074291587315e-21
1.1433491565938468e-16
2.7570076774272114e-28
4.87984443173809e-25
1.339488764487142e-07
2.0106228270431173e-28
3.949796995377596e-23
5.720486644496495e-25
2.7548651028698766e-26
7.175952680331021e-27
1.0637681029129423e-08
3.301196070458164e-20
3.900521458354401e-26
1.7236226745882031e-09
5.618206869019695e-27
5.47223553693807e-26
5.360417017971724e-24
6.685350055898932e-48
2.0519935957892414e-29
1.1672188918506637e-39
4.925768859108545e-18
4.3049524120928865e-26
1.3029355610587501e-13
5.517627901494479e-35
2.3774334906865164e-32
2.6166559183777805e-09
7.592554497399666e-31
1.2064998348275041e-27
2.5055833948458654e-15
4.835683310572128e-20
1.9581873091339615e-10
4.820641931697008e-13
1.4103248012374024e-21
3.0721217056672485e-15
5.002582287618747e-13
6.743371015090763e-25
1.6782358092976747e-26
1.8449902313127043e-26
1.2847170789996127e-25
6.133223228786423e-18
4.103398824041086e-43
2.9436906567164358e-24
1.2071352060995935e-51
9.688016552709582e-38
1.7121983632151817e-28
4.827484254505489e-17
1.6228833841919418e-29
3.794613654960048e-20
1.0371618798021684e-12
2.7572247645639143e-27
6.861364859918405e-18
2.6643108368124303e-25
3.103286699962424e-20
5.651319830752193e-24
4.218576634578482e-15
4.007878255093596e-15
1.3327250418856952e-23
9.557112375222746e-19
3.76872751068045e-19
4.46090693962515e-16
4.675473052369018e-19
5.370512256166184e-40
1.1330746013385609e-27
8.554967247364722e-22
1.0185274529866322e-20
1.6117011814543133e-19
1.9474196643815793e-11
2.3391056964121335e-14
5.800166304231452e-20
1.8802221031176618e-26
2.621839736583296e-21
7.353142332256438e-30
2.7331142346578407e-18
5.182413461870779e-34
1.6640283068463688e-21
3.666577601839807e-09
5.396149786401969e-16
1.8850084637471785e-19
5.5029232032453e-19
3.3019285800935213e-32
6.917425616992965e-26
1.432940089609508e-19
4.234861287299168e-09
1.9985228023146687e-11
7.648175247484944e-46
1.5912414098579625e-24
5.326622837626534e-19
1.8837727269825407e-13
2.929752070718647e-24
9.423668011171837e-33
8.936300870975778e-29
1.2086190822917499e-32
1.602334980541544e-19
1.0341495917062409e-32
1.2489788512633137e-23
3.6781168806099616e-32
2.178118343538377e-25
3.234961548324097e-23
4.590013387658087e-18
7.573605700777637e-20
4.796862068382336e-38
2.2843270467510058e-29
9.631018219195023e-13
2.5015743002931483e-29
2.4225409604488584e-23
1.18575919837937e-18
2.5390303161857017e-17
1.098174723903344e-09
3.6904241822454926e-24
1.694608285121399e-30
6.137656083185391e-17
1.0711875752485633e-30
1.3553572942870341e-21
6.791195726741404e-16
8.564610581727875e-33
5.980094589961729e-18
2.3947748093633196e-13
1.2907608267387415e-34
4.8784967226773566e-46
3.596874363065876e-19
4.9009347465275403e-08
5.5245724296256085e-34
5.458191796763437e-24
2.7934684395444443e-31
1.5091142132611352e-27
4.597193639620431e-23
4.5680118081665873e-29
3.0859851273089454e-20
3.5977771106065497e-20
1.2727714022017657e-26
6.148360228300219e-25
4.226470339262721e-12
1.4305991587272382e-30
4.3907056148264636e-21
3.7931260462035696e-14
7.483238401504694e-10
5.236940948641217e-38
5.759629046924008e-14
1.1484823466156277e-08
1.0712239781648454e-23
2.725522112627889e-21
3.0732339622999743e-19
3.513215218925098e-27
2.356051269064294e-16
6.3953792304974115e-28
1.0387767554806838e-11
1.6374907427663189e-21
9.42785278024291e-25
4.271431349072227e-23
3.005413800051042e-26
1.2885789730670397e-48
4.6632338817221606e-23
1.7275288030342464e-25
1.439575591647285e-17
2.649315636113937e-15
2.0152530488137113e-31
7.229342346401812e-28
1.5477634499174568e-34
5.908676668624542e-29
1.3570161239447637e-29
5.943590991310612e-16
4.178531090059219e-25
2.1662555902085842e-17
1.918789332823687e-17
1.7838632480903558e-25
1.4096362610214321e-21
1.8101396886474088e-20
2.8126407976715693e-20
4.1261793332286945e-38
1.1006123913066283e-17
4.607179120567398e-19
2.4819299469218301e-26
2.38157745615361e-34
1.6090136361559442e-23
6.185551934637548e-32
1.5126002230224104e-15
6.916419388255721e-14
7.814458759574745e-22
2.038536024787747e-18
9.854377084770167e-24
1.921139175618392e-19
8.187484600784562e-11
2.931396366049224e-16
5.138278123172111e-34
1.7414128355372532e-31
2.750486003653012e-25
4.8120554013187275e-47
3.43914831131007e-32
6.050277643114624e-29
8.013646478222998e-23
1.3377432310648967e-24
5.4342524185419874e-09
2.2333242832517483e-31
1.5549157878180465e-29
3.6286605769112846e-23
1.1069691837524702e-21
1.8988204184677325e-25
4.695258290251126e-19
8.442497488591706e-18
1.6202270529657817e-16
3.215182314220152e-15
1.0257281705610628e-34
1.3994439701699246e-30
2.9000271573819924e-33
9.41250514915601e-25
2.1339326335014698e-14
1.2635219894891036e-11
2.0627904750086758e-17
3.0813461460667757e-29
5.219255615047071e-06
1.1835378635425396e-38
1.0229402104604093e-12
1.6875067896681812e-14
1.0946289132339887e-22
1.8551616234609683e-27
8.006733899683181e-23
9.941684766048995e-34
8.670423524766901e-29
6.961545746465848e-07
1.4309978584379725e-51
2.7012997491451606e-32
4.3949367904208596e-21
1.742814622653213e-18
8.039416968377095e-30
1.107093559923368e-20
1.1030443478313209e-19
5.833665303434623e-22
1.1515001116997088e-14
1.122422496045836e-14
8.058444834783413e-20
8.054133622446149e-16
2.3903694978511066e-25
1.448526175646097e-25
8.132065514428359e-10
1.8150082208984044e-16
5.322337565161312e-32
8.475330337066026e-25
2.9575483462487644e-18
1.240398152855797e-08
1.5232093421466787e-16
3.360912378192862e-23
1.7193925054158843e-21
1.2756610659358386e-28
6.0275005057216164e-21
4.920343812117972e-28
2.4021162649851063e-07
3.688589246232575e-13
2.651716986346362e-21
5.672757348651573e-25
1.7378167505944066e-22
3.660925394516126e-08
5.853696804797163e-13
1.678122156223394e-20
1.6580467790741847e-17
6.101837742088233e-30
3.3226721097478858e-50
1.366632338389416e-10
3.0480743638608804e-23
1.7178848105621098e-31
2.742334625175645e-22
1.9360227078910908e-11
1.2995830582401298e-06
3.5201810254344205e-14
1.875963562815158e-12
1.0528528765375238e-23
5.15062389852894e-32
3.445385923320598e-36
5.701307283054789e-26
8.803232508254287e-25
8.612684673145929e-24
3.619457299992418e-22
3.546544414315192e-28
2.177596521532632e-18
2.4924686053501165e-24
8.284257858420426e-22
1.868560781625302e-34
6.309363933721061e-10
6.101676460472629e-22
5.57377500811994e-25
6.648030980652264e-26
4.399501312477433e-23
1.557229185634308e-17
1.3265299504981498e-22
5.569802695124758e-27
1.6794976503796735e-34
1.2654598006190273e-32
1.1233752253518955e-27
2.129469654450865e-21
4.019155430357083e-23
1.771446421336758e-19
2.2408929137106208e-17
6.230837144576277e-44
4.385653627784129e-08
2.2898546155769146e-20
1.5334771817496276e-42
4.715607845534212e-41
3.070495107165323e-11
9.392756216230223e-11
8.441477393520114e-15
1.8057792377115512e-28
1.7794345140702472e-22
3.347276137517757e-25
1.262320339799314e-32
1.9132697896180254e-17
1.8895285254573134e-17
9.362329745609732e-35
3.5781465420716046e-27
2.0866234264114496e-16
3.539866500336147e-18
1.9290791120169129e-29
9.254148181865844e-23
3.455750594653717e-24
1.572584453753616e-32
4.970327599371856e-28
1.2222941170579783e-36
1.0728856672231086e-46
3.902335716294577e-21
3.376347099406901e-24
9.481622561173707e-31
2.5608677675960905e-22
1.9066051896491834e-28
7.405839676936163e-27
6.251062019981694e-24
2.1197822099266875e-24
1.9576831009232566e-21
1.1810495883204297e-15
8.466781730380831e-13
6.939739599368807e-22
6.925635801682525e-20
2.845205384636681e-24
8.688946013833445e-19
3.3002765090825093e-21
3.041059695955473e-19
6.828953294773173e-20
5.876687914296284e-16
6.224702805564544e-22
2.786884318078701e-21
1.6860971248887171e-06
1.415213601818161e-30
5.651204460669191e-25
6.480997366556733e-07
3.802326449753959e-17
3.5650812231401106e-23
2.890903269393833e-33
1.1054728296221361e-21
5.615519090144206e-15
1.9658233327240688e-22
5.531062191051691e-30
4.944779440793224e-15
7.910964995362099e-24
3.897816136300272e-11
2.7458643982528197e-10
1.4587835326794145e-26
5.267733879743748e-30
5.401019272222005e-16
8.452913462506909e-27
5.539872533634389e-09
1.4243499522401177e-18
2.9437868250477644e-13
9.21234309212848e-51
1.2412309589791681e-19
1.3357791884313785e-17
1.1054413516651473e-18
5.741229336026811e-17
5.104880909478699e-38
2.7994589854709917e-14
4.630531176353597e-12
1.0515676988486368e-07
9.412669367406564e-18
1.3089691023619702e-21
4.879447381630656e-29
2.57783175947994e-16
1.9282907057738664e-41
1.9628600362053288e-22
2.7559265615404557e-21
2.1332701754788037e-21
7.5992376167642e-35
1.3181714584314572e-25
2.114861627265998e-28
1.1505990697650835e-30
3.963810457492493e-23
3.0982327913834367e-24
5.076006702981188e-15
4.965703841007525e-25
3.583588066502866e-35
1.776719991969331e-18
2.5175320528255108e-17
1.1973331046698107e-22
2.8974166351683862e-11
2.5265926659157892e-21
3.072727576825542e-10
1.1641876296339144e-22
1.756674545849051e-16
1.1532442412622592e-25
6.607038557519245e-20
2.0723334441322465e-30
2.10157720186579e-26
7.189591140390237e-19
6.764686662430759e-19
2.0737096573867636e-14
3.997624586427846e-10
3.5465097287320443e-28
2.7822817639748305e-33
7.446525630401865e-22
9.523582050261872e-21
9.352913477946214e-25
1.1405833410863403e-19
2.4523892990544206e-17
1.1318647964005023e-26
4.658703513087689e-16
9.165297302898472e-38
8.584532086715014e-28
3.159549067727365e-20
1.4746367692374111e-24
2.9814008308582653e-28
9.903696881879042e-29
3.6352645394131803e-23
1.4742142642085313e-44
3.6195234374546245e-19
1.9993634039353753e-24
2.50909195677874e-16
3.2584786072655323e-21
4.3360643430195893e-14
1.3226404007829293e-08
1.6971989919245511e-06
2.3247871528120956e-15
4.1825296570814335e-29
3.079196487735776e-28
2.1744825575611625e-23
1.3758423186162755e-23
7.879142268174919e-19
7.375736102834941e-42
7.811260741782167e-44
2.0026763166799826e-26
1.5682573237657958e-19
2.2296894107519202e-17
5.599260496934951e-33
1.7637789225600054e-34
1.3658066155756274e-39
1.6536026154087693e-25
1.0759072113931207e-27
2.748143423006212e-20
8.042519129041964e-24
1.1512961957370908e-27
1.2502620165951756e-27
3.003623382123044e-30
9.252126754371372e-14
1.8562802299584104e-18
1.522591501103271e-16
3.2552467174985203e-24
3.1709300908445255e-26
2.9822202789693754e-14
7.956053523463304e-23
5.8703964972698545e-21
1.5398848741107526e-33
1.2211404108693243e-18
1.18989535372724e-09
4.5365482776619405e-14
7.900637385647611e-21
8.131038092954749e-23
1.3077827391662523e-48
1.6121844103825985e-23
5.897968529325902e-39
5.161616602857739e-25
1.469106383138919e-21
1.5386227003474499e-15
2.1573121771035104e-25
6.838067256416778e-32
1.2192023039412486e-09
1.664182274385997e-21
6.836581747625988e-13
1.08823603393455e-12
4.0840690048611304e-22
2.5133661152399396e-27
6.699110820582532e-28
2.993254149192899e-15
5.3264578984647795e-36
5.056972934321335e-41
1.0010547283145339e-23
6.391768277588501e-23
2.7782379927071953e-24
8.209542673888767e-25
2.115069191200175e-28
6.19329257134862e-07
4.273458433552647e-12
1.2576040489192105e-16
1.0479866426217952e-25
3.260833485044937e-38
1.462118191117291e-38
1.4485087015990837e-214
7.693551373535108e-09
1.8011726243941122e-27
2.2048184125857722e-26
9.369630945115093e-30
9.774528081009104e-27
1.168086794998512e-22
6.869791498060903e-13
7.519749165954607e-24
5.33805075135633e-18
5.842376369673359e-29
1.1029789665576736e-29
1.7882461504600797e-29
5.853414240955083e-13
3.752174015942492e-22
2.224455557464685e-27
1.131787826653237e-23
7.684403046177082e-29
5.995180796337614e-36
2.726376847004124e-17
5.403461674209609e-28
3.901979840011053e-06
4.1868601161213616e-41
2.431614532171563e-23
6.079252497872744e-20
1.0731728110138126e-44
1.0447159743863899e-21
6.804251817985213e-23
3.43902786626783e-09
6.1989136702536156e-27
1.1939235320746582e-43
1.2822634379571171e-24
5.446828749407457e-20
9.177303107727246e-07
1.1510441272466921e-15
2.6490588674310566e-11
3.08697350129579e-16
5.114837358130852e-22
9.115657011537066e-21
2.3296606294281387e-20
5.136839845482662e-15
1.2350422703985353e-16
9.85946022268532e-10
2.7061446682844125e-22
1.044469675406771e-31
5.949657101236227e-13
3.692095821265831e-18
4.407442202881008e-25
3.094739872440549e-26
1.4602333402069203e-24
3.992494647611668e-30
2.6393212125591066e-08
5.601426648992149e-10
1.6910158341290569e-21
3.5249629929151026e-30
3.863610765575265e-20
2.202545771954419e-17
5.212669573916297e-24
9.778519889963486e-13
1.2239213784358953e-13
6.4411108955563045e-34
2.5753768905676726e-16
1.428801910663449e-21
2.3326103877037604e-26
5.783994812379462e-22
5.59583583310093e-17
3.565146879986143e-28
9.301842687961615e-39
8.001605240204848e-28
4.482550368175603e-20
3.287538827484104e-09
4.732216885589004e-27
3.899669142985476e-17
2.417523295947587e-30
8.368759375695252e-24
4.11123072963595e-28
1.0662484105225984e-31
1.5540934221079984e-20
1.7914917275775751e-28
2.802393301298108e-29
3.6270429644698063e-28
3.84797090300394e-20
5.026293904805693e-37
3.335016209153966e-23
1.3396587227071662e-19
2.796810072790205e-13
1.302857781678831e-09
1.1387071397739143e-23
2.119020010284588e-29
3.685393419159769e-24
1.1154485136106451e-36
1.2868770779506232e-33
3.8035364279701526e-39
1.5174985978713456e-15
2.0874052268993457e-28
6.456462250564315e-27
6.978021885684921e-14
7.597287990899156e-23
3.6578383630252474e-29
7.021964194896974e-26
2.824123721858214e-23
8.867002065396449e-27
2.0655743926108977e-36
5.2497106871865435e-16
2.4628780443882387e-09
2.4616509356602806e-23
3.8094128602591785e-16
2.982721566415575e-27
3.36260106933916e-38
7.699827495416953e-17
5.381758690374587e-13
5.663614830409905e-26
3.5772185550357695e-28
4.38570561461968e-24
1.4463351012888143e-27
1.0042113920673175e-11
3.671044468148917e-15
3.6884559868695465e-28
2.434515986620738e-20
6.614994840373306e-20
1.0623362839063066e-22
1.2611437635575244e-16
3.099552358884841e-15
4.558631885131424e-35
8.021078154582782e-20
3.1243592876623726e-33
1.1526784729193857e-05
1.0312024390825047e-40
2.8299641181387644e-12
2.736675122892359e-30
1.1707489207751933e-39
3.434035394541231e-33
1.3578436213216716e-32
1.892098683743468e-12
1.4073579883719869e-31
5.286676147992365e-40
7.96531130314657e-24
7.208615381222374e-36
8.698471443969528e-37
3.585386611235926e-12
5.389988623082571e-16
4.614866053562504e-20
3.43757607908814e-24
1.451886835098473e-38
8.6945646764124e-25
1.2147223241661884e-29
1.3209089074484896e-23
1.8070870342268034e-18
1.0696719296227e-28
5.66870605828271e-28
3.049751197498956e-20
1.3406793480637275e-05
3.405682356233303e-27
5.046902611089601e-22
1.4451992548764447e-20
3.555403312229804e-23
7.051227612157345e-14
1.45712966274905e-20
4.886271503898456e-30
5.942077400523211e-22
9.239516655550129e-33
8.78080508026859e-32
1.641964499450656e-37
2.5520793969435056e-25
3.703191422222352e-19
1.6049903671733285e-30
8.970972116953994e-43
9.357868988013025e-33
3.232982131147184e-16
5.011151748452115e-24
8.331623415167213e-25
2.876849387720224e-13
4.088210045001006e-15
1.2201668558854303e-15
8.023084816763087e-32
1.4105134843601002e-27
9.534962138527406e-23
3.4003592174835024e-20
5.010515107829454e-37
1.4332094520744643e-14
2.563715833192342e-27
3.515842933960375e-30
1.398885579862727e-32
7.55031361438355e-31
5.277713026062721e-12
1.9084223539145186e-23
6.087716061848509e-16
4.533994834774523e-16
1.601810514364455e-27
1.3527751870682693e-17
1.8819532856342452e-38
4.7935466493751653e-29
2.6542034259269492e-11
3.491972484150635e-27
8.107520578197134e-10
9.667117474669407e-19
4.81008497164899e-09
8.10908646947851e-16
6.116120957204294e-39
1.1897467121538837e-16
3.447722008091991e-25
1.2666051496265073e-33
5.568277966608867e-15
5.276861255581644e-34
1.8587566242543557e-25
8.369588460852172e-21
3.9905676305034864e-08
1.280649338400299e-19
1.2099985759331486e-20
4.399743298905954e-22
1.4714701918585728e-23
2.940483425459187e-20
2.92410725667768e-40
1.6285968061619164e-30
2.3578500192044354e-23
9.221824600470489e-21
4.3366734300727127e-13
5.700117686473713e-24
7.032774685192416e-49
2.091203305671898e-19
1.417515254175319e-21
1.4389569641870339e-21
2.8002117467502577e-30
4.086460390678596e-32
2.6177430182073522e-40
6.100333364602374e-20
9.480167811827102e-30
6.31501412175555e-19
6.2143943667815386e-18
9.603781744972345e-20
2.7048710344820337e-26
2.3237351209515263e-20
5.804573156702231e-26
6.695423605320598e-12
3.653693956672082e-20
3.984003651640121e-15
3.4786995526332905e-11
9.734377194061241e-16
5.602426932192083e-23
4.1040417829936e-20
1.3365252664473187e-11
4.9249105029044386e-52
1.4247719784512937e-27
3.2437772123660763e-16
3.756552585189414e-40
8.949543097097018e-32
6.736408044837087e-34
2.8520692627567202e-30
4.204526666126208e-25
3.7500782593812097e-20
1.27657091288512e-23
3.5943632904034675e-35
5.19700376140691e-16
2.7168923393527062e-27
1.0937433655016524e-14
4.603561188279661e-28
9.924013802750309e-23
4.665062589737788e-34
5.197912175051969e-25
1.268688448155588e-22
3.98560197773233e-13
1.8538988774080848e-32
3.494514345578542e-22
2.9904276634628116e-21
1.1874645397724941e-11
2.8261487070392123e-16
4.597537488524657e-24
5.788851117608373e-19
1.097205639309728e-12
2.889740115411822e-33
1.809559808425515e-23
2.61728106217334e-20
3.446180101329552e-13
2.7645925819207614e-19
9.4903414556708e-24
1.4660487240430628e-28
3.514987716812023e-17
2.1616137842448464e-31
3.2559170123746285e-25
5.927351832986227e-20
8.808233483578109e-29
4.093632585933082e-22
2.0071091487434948e-19
2.0327420713858275e-32
1.0210937569551166e-17
7.151737607831815e-29
1.3707417856651034e-23
1.530670665192113e-33
9.50595427163167e-31
2.465852424536627e-19
4.2454338150328857e-17
8.550754753387808e-31
2.449569380479203e-07
3.9585941366483604e-23
1.0739281737355708e-21
1.2743232613706358e-32
1.3924818439844697e-15
1.7235518463408965e-29
7.163589223560592e-24
1.35913217431383e-09
2.778550727573727e-35
9.112794371759055e-30
7.795586315189436e-18
1.4334985534854478e-21
3.1053575969805157e-13
3.838195034108741e-30
4.67098195877697e-16
2.0011889175132766e-09
1.9671430540523572e-23
1.4263506222526974e-27
6.35554004775041e-26
3.3820563243996494e-33
4.2764811416822744e-39
2.6113840530178215e-28
1.7594745429670976e-45
7.025225372280026e-28
7.256446411239625e-21
3.1831863666809253e-27
6.569069405495611e-31
6.497608038149579e-22
2.867607564951594e-39
3.6738930895795803e-23
2.61702166970147e-24
6.815698519981875e-20
3.0075835492226235e-19
8.672814725344797e-33
1.615396672741317e-25
4.593347796544249e-12
1.0514173221840037e-37
6.068480665228515e-37
4.7605426756716986e-34
2.517861978488414e-22
3.5732287135810635e-14
3.0683349727075836e-35
4.828848142698534e-27
3.9901386324891555e-19
6.353729536453808e-15
9.244416026968218e-19
2.7669252104105555e-16
5.98510946995306e-26
1.439380339883638e-35
7.622026264661894e-24
1.4231098929212032e-32
5.2558775097346135e-21
8.005486167872486e-35
1.6185889518954752e-18
1.8993419208520174e-15
5.591111408781769e-20
1.0125922867641766e-22
1.8689248265207442e-07
7.120990477255552e-29
8.1250884669076e-13
7.112778015699817e-14
5.3887901306785716e-15
3.1186580061853643e-20
1.2306685615575741e-28
2.0338320820191965e-27
8.34690755886381e-24
3.0102700833368477e-18
4.6995389217727845e-26
1.753786458555825e-29
4.224610184208639e-26
7.604385514120448e-20
6.820156401570229e-24
3.0968552144994612e-46
6.695584119549536e-29
1.3260962206191232e-10
2.18229819635685e-15
3.548970807010841e-15
2.6843561439364664e-15
1.3793297261201664e-17
4.828802771228689e-25
4.55975364074633e-33
6.744426323919778e-18
7.595449450012553e-20
1.082256433595125e-40
1.6764673230281247e-23
3.589188443749026e-21
3.25748942798712e-24
1.0921163959504712e-30
1.4255717325701945e-30
5.465444757218182e-10
3.705704303720265e-14
5.5901357944785946e-34
3.181254310019225e-19
2.375336880542939e-24
1.5174126134978936e-27
7.027171656329277e-46
5.47134226418889e-17
3.672452287383602e-14
1.3216964618988554e-21
4.926504054584867e-22
5.43140148843808e-28
3.764975618519213e-18
1.5939977019439192e-16
1.2937409917127012e-29
2.9368265890586105e-24
4.084545545563174e-15
2.5488905246543357e-13
1.4781379051386862e-33
1.5744945261860214e-33
1.142271684320556e-07
3.0568038388169898e-33
6.005481288736287e-18
8.229013344315453e-31
1.4024456310669973e-28
2.2903039596845785e-42
2.3073248695269014e-27
4.8746247384856286e-26
2.3682864856268506e-09
5.736533716256968e-26
1.1658614313018074e-36
1.0915395747343668e-20
6.515902940934493e-44
3.7312276566916006e-18
4.569363051308206e-30
2.571058406472305e-15
1.3447507979662818e-19
1.4304101914067402e-29
1.6334887831490985e-27
2.8220586693757722e-14
1.2904747948669228e-21
7.186704907456638e-33
5.36674578132997e-27
8.03373537573885e-36
1.0643018143114038e-35
4.295768839609188e-32
8.171520205184205e-19
2.769763082864874e-20
2.1277957391903777e-22
1.6333331117140757e-28
2.31502967945982e-28
1.3437947399393936e-16
3.193808674349513e-21
6.431712312888185e-11
9.182709957144198e-32
9.728243129868447e-23
1.2947693151451218e-19
1.5533557350861678e-20
3.091184106832605e-29
6.035133633456692e-25
9.179754022378006e-29
5.385542008674586e-16
1.7066807567345642e-23
1.4375269868523833e-28
2.202423288939898e-26
2.811108874860468e-26
3.967966463631281e-22
6.162153134342067e-28
7.303479125858155e-25
3.128796639392153e-26
6.767968065627897e-31
8.325465413498333e-33
2.7715868015058876e-12
6.818830795543428e-29
3.8687077393330206e-17
4.277918769544527e-19
6.063116180188743e-19
2.915518499050336e-34
7.532604688873176e-19
2.9040592650368093e-15
9.360502077956966e-32
6.917440071908962e-13
9.377455177072865e-16
2.6524207520215083e-35
3.41397894767344e-24
1.3624166114053616e-22
6.874560948883941e-45
1.2415218909421363e-25
5.172854440714242e-24
2.7286205203001787e-17
3.828225602891139e-27
2.189208366462001e-19
4.696912519995427e-09
3.3868338352917394e-08
2.687174487481113e-27
1.936421841680312e-22
1.0007695855491664e-18
3.1966588619112274e-21
1.7525426585482767e-26
7.325871980208235e-22
1.6672890865810348e-20
4.1017446919790465e-11
5.7596624402128e-10
4.2940466940832e-28
3.9766426724172406e-18
9.306883564840109e-07
1.0790491439579853e-25
1.2711838636804293e-21
5.781276768102288e-16
7.541987085083884e-25
3.5805595415821616e-22
1.0310876050715087e-14
2.3436463847816482e-18
1.5025152796946498e-09
1.1678563446122022e-30
3.1210976066100377e-25
2.47089921597231e-35
1.4808918475618215e-10
1.5132573976366848e-08
2.32854360387059e-32
1.9528803714293857e-23
4.102456789537055e-22
3.0749073203629415e-21
1.1321647367594263e-11
1.7095816103454768e-33
3.2130870528273324e-15
1.9778510796290448e-35
2.8517893558270342e-21
1.2000132756950796e-19
2.3441891452143452e-07
1.2856750939984183e-45
1.54418706968615e-27
1.9092670318461953e-08
5.928711101267852e-25
4.466524509807045e-26
2.054609937621315e-25
2.130494367690423e-49
1.2454449814049207e-23
2.9095473552393776e-16
6.525795683255568e-24
4.874174538702161e-16
4.86550593453297e-18
3.0885826042488664e-39
5.7555072937259154e-24
1.6287348781666173e-40
5.312068731641313e-14
2.28050844170647e-28
1.1630196753339222e-20
3.760006192372969e-08
1.9624421358302998e-28
3.2068299155008637e-28
8.586249012147871e-29
8.2548094041802835e-22
7.114958956180124e-18
4.889632989856312e-09
6.685462776825851e-22
1.4805651365990704e-21
1.385635020976191e-13
1.8171073566156825e-35
2.437066453425644e-21
1.9561766064920671e-25
2.3848833572286593e-20
1.4567070208970014e-15
1.0608028704551626e-09
1.0853748358751655e-28
1.1179434778602124e-20
1.762953523185909e-27
8.475677947572005e-13
1.0534692438014925e-25
2.0099027401798455e-19
2.849542063902295e-16
1.9331719128049262e-30
9.970823582394952e-16
3.623294104279875e-34
2.151175159604354e-15
7.4381574199492595e-22
1.7746162344021118e-17
1.3256698000084368e-14
2.3369282826887136e-29
1.4021131207229758e-11
1.473299315554517e-29
1.535360236673093e-20
8.614979487938716e-27
1.922679038321597e-27
5.362328386561497e-36
8.236085572343218e-36
2.73100011494675e-15
7.481425480192943e-19
5.499771157315781e-22
1.343539873521961e-23
5.022096304213279e-19
1.1841426453256367e-38
1.0397598108021682e-14
7.858713269675978e-13
6.681049604622082e-22
7.028695235102895e-25
1.2874900349167844e-19
1.0015893302692441e-27
7.513243967219731e-25
7.772567718865776e-30
1.5784465781689704e-30
2.1955514665457994e-27
4.77670170942963e-30
2.0999839031680617e-16
7.779252288440569e-21
4.281309335053416e-23
2.404609375438519e-23
7.162572484005141e-29
5.144325701998098e-25
3.459056951516467e-26
3.799553668832251e-20
7.472028570494579e-35
1.6981685546475305e-08
1.998659552990296e-21
4.897379627353332e-23
3.036262885605533e-46
1.1217309549279335e-19
3.69502519359776e-23
1.3173394792763382e-21
1.8199388572802376e-37
1.0219272023626181e-10
1.5103071247305507e-52
2.268386297590534e-10
5.519467713186153e-24
9.059344520437778e-09
2.6068107258143644e-50
2.2748481684608648e-33
6.939008564120895e-22
5.297829089997473e-26
6.83846359536048e-30
1.802435750563707e-16
1.8617050494760907e-24
4.8305061757762805e-15
4.260386102904798e-34
1.1723354210538606e-31
5.99805020619419e-19
9.548328034237818e-22
5.9907957583782265e-34
8.589115134755946e-26
2.1849682782073794e-37
6.871195422713417e-23
5.6403414084542793e-14
4.4030795605910686e-11
3.770091489147042e-22
9.73958658314452e-19
1.397977365706457e-24
3.446742394572088e-33
6.329357553147797e-22
7.382123018831592e-20
2.928107439004068e-17
2.4677722711052305e-20
8.774846904188723e-16
2.126185217622657e-14
9.051644234055486e-21
1.6772114978052066e-20
6.067916417512083e-20
3.0339425337802293e-18
1.1692583798948925e-37
3.8822254391426824e-12
8.414040864362188e-23
9.27138450410407e-17
5.665966969038167e-34
1.4543895487005328e-23
6.957469426647014e-27
8.797599193698741e-07
6.82622855759362e-21
8.557080387177517e-14
9.959567054236745e-31
5.510026536621626e-18
1.2715247200644922e-19
1.083660169203116e-29
3.336797930804295e-24
1.2693247370277015e-17
7.21620621497587e-22
5.330762815695182e-21
6.191668039912823e-32
6.729974880009382e-30
1.4243272257516473e-41
2.257654987682222e-22
2.104464792865385e-12
3.084643760963536e-26
5.992707377695085e-26
5.918592044750928e-35
1.678981036784979e-19
5.969034703964148e-18
1.8418246219750495e-38
5.690042526762231e-26
2.5758138481421004e-31
7.59781914911479e-23
6.723919304623981e-26
1.5218802186870565e-25
1.1024328924460896e-22
2.696548811065891e-07
1.1271803478408784e-17
2.206625881073979e-16
6.714980778505209e-30
5.097695730092673e-24
1.1034673579300409e-10
4.178716997358808e-12
4.018789129614441e-23
2.6333061135025743e-32
8.477906163130846e-31
2.5932680818982363e-30
7.705102588199953e-22
5.61541482312927e-22
4.803371873205828e-21
1.9648203981366432e-17
2.852517160634767e-27
3.9522512036493783e-25
2.9918548882884484e-20
1.4952227492119804e-16
1.0547894361384012e-21
2.222663287858671e-19
4.378807626638622e-22
1.272659397893651e-17
1.8785947012593274e-21
1.4669411888825978e-11
1.5846881816179279e-21
5.188946416324682e-27
5.326419699077064e-08
4.8768690520356e-16
1.1892638425355484e-21
2.3998149136104892e-26
1.0733742656487159e-16
3.186800060803991e-35
9.404280248523114e-22
1.1462974591637522e-14
2.995717949154277e-25
4.423334297384389e-28
2.5539350953766577e-19
1.6576191282145943e-35
9.980458844200759e-24
3.390784123144938e-16
2.5766883804550903e-36
1.7073836088643827e-31
9.613137306715486e-40
8.286615991091142e-23
1.8424284135359896e-22
1.0270779702547853e-30
2.67540685325229e-30
2.0944221951618628e-24
2.3407814455589637e-19
4.330697216213356e-22
1.619998608222796e-24
7.02853902675249e-14
7.717994365384378e-37
7.765288243114039e-19
1.279563812029421e-39
1.336227019845136e-42
2.013344947448098e-33
9.019649915076743e-20
1.2362386672560813e-24
3.0666397476053803e-25
3.4622572906774858e-12
1.2780568541238839e-14
2.0924892249597835e-19
5.113345220470994e-26
4.99660911145578e-20
5.640767654646247e-19
1.9193965114339118e-29
1.2239147879860176e-32
9.186409754145056e-46
4.473715388895319e-22
8.948189514107073e-35
2.659430126549492e-25
4.356999115860139e-17
5.055480802231773e-25
4.058839404330127e-22
6.051667280948775e-21
4.159212580732705e-34
8.095450872402362e-15
1.0085496157105791e-10
8.937733684336644e-28
1.338515313444449e-24
8.154545022886074e-13
2.4168017671279958e-24
5.251042425460195e-16
1.3724586726560923e-16
1.442767418331302e-26
1.1768530899845144e-31
1.044126963466485e-15
1.3901940674697876e-19
1.2712135643762483e-24
5.819096929684804e-23
3.319309068727555e-22
5.877502624027472e-11
5.923307833657234e-32
3.235092782902077e-45
5.914885674663745e-23
3.5826004229259286e-12
3.567212427211836e-16
6.71762202299429e-34
2.0243957190028326e-27
2.4875101627358173e-36
1.924293944599626e-27
7.680026581842362e-39
5.0510061501813166e-23
2.580046274715745e-27
1.1234282982641198e-11
1.7442223598861492e-20
2.0905897135113988e-14
1.7624105978372004e-27
3.220271465506155e-36
3.392366326566106e-30
8.720475460763866e-23
1.1017161419025244e-18
9.732373906109374e-21
8.612808693632528e-26
3.599193088621043e-26
6.075773594209e-13
2.262353230783086e-37
4.5854956755264055e-43
2.1276187565145194e-29
3.342978751279466e-30
1.0310735927661922e-21
1.1697413463141661e-38
3.7799036082085046e-22
2.99134892025847e-20
1.9535411832906024e-19
3.409947857192024e-40
4.040726569597359e-36
1.0993672687656644e-28
7.155788291461575e-29
3.607701619559386e-31
1.5533506237465748e-27
1.048143643884726e-22
2.9346820894031303e-19
2.935617316957055e-18
2.67726733049759e-27
1.5371028213047156e-14
3.186416929400414e-39
1.067522036935458e-20
4.0356295769988593e-32
8.316144737228388e-20
3.6552995342612068e-28
4.0451856044744577e-20
1.1464065789585289e-23
5.582378509749126e-26
1.8316616792454014e-27
5.233832105586397e-11
4.617059217905512e-17
1.1966018364021627e-27
2.7707165523801138e-24
3.370977703818293e-33
1.4213895234559114e-23
1.1791051393070928e-23
8.582916996410458e-33
4.788821045539495e-26
3.527934144940939e-21
4.85136918587731e-24
7.255690447141273e-25
1.2976331028970808e-23
1.0267472800859673e-45
4.752234694309573e-23
4.003678737977521e-23
9.426159971740116e-20
3.39331177702166e-33
1.0739754146367534e-29
6.647445795222986e-21
3.8580195692901293e-32
2.336823343166331e-22
4.58379125759975e-26
1.1777325218469019e-08
3.845257351981736e-27
1.1348176239118751e-41
3.486984622762135e-24
1.4843447470619267e-21
1.350426212012789e-14
3.2650413633819295e-16
4.7694306064249595e-08
2.2308496980981543e-14
5.546316348882073e-25
6.624090581291526e-21
2.145564483125457e-32
2.129992660915918e-18
1.7469940836000313e-32
9.422682865480828e-24
2.2116820958288167e-09
2.0063411727060065e-31
3.0481300797708143e-31
4.458431527014626e-28
4.575642484134099e-17
4.485806061264429e-49
7.004103945432388e-31
4.391190598580203e-16
3.458002771793047e-20
1.041211889811303e-37
1.6828665536575319e-31
1.832167359792416e-10
1.8820241040289943e-30
1.6585880475080633e-21
3.183279376338841e-33
1.9753824237319017e-42
1.236742814692389e-30
1.4999250845937392e-19
2.2408991344569712e-24
7.484410437959096e-30
6.427958296919009e-23
5.19495643554159e-16
2.7198998505949608e-15
8.202757949434661e-15
2.6332779028839116e-30
2.1557212506785226e-17
3.321752039830665e-27
7.371642538294214e-21
4.942292724523196e-29
7.720830919649034e-20
8.207002298954897e-08
9.985371573315952e-27
1.1472125208116546e-32
3.5208520570995494e-16
1.059282182860963e-30
3.941467415101199e-24
2.4546277603883028e-20
1.7990175517132172e-35
7.921991838432704e-29
1.0792733919697496e-12
7.308013573567328e-20
2.2993042909821547e-16
2.8653063804796194e-08
2.2037625955618953e-32
7.153283006773282e-19
1.1873798069489533e-40
2.0117973811877697e-29
2.9693170289338535e-11
2.5346687134224766e-26
1.9492812687518677e-21
6.725724797711847e-22
2.8076698955655336e-24
8.382113888433673e-24
1.314291316420335e-47
5.678631023036216e-12
9.50475851352227e-21
7.199480696823393e-21
2.865777498307993e-25
1.8494036270532627e-33
1.3253047306463897e-20
1.7844067755853947e-25
2.032094275663514e-25
4.337013784315647e-31
6.569020997241801e-28
8.984643880766217e-24
6.174563669909433e-25
2.7748039594918345e-22
3.337450316883958e-30
8.791481865431924e-21
4.336974948006516e-19
6.110289505987633e-28
3.0184922932872796e-35
1.34981990383671e-23
7.107657083902213e-20
2.3190139398145885e-23
3.433044258449873e-35
3.948851066001368e-26
3.749384119463104e-20
3.1291356927316315e-36
3.3970181577287815e-25
3.913728402558974e-23
5.173849328266626e-26
9.8170592883136e-24
4.476863170081189e-19
1.7471593357578839e-22
1.8350070043181914e-25
5.101675508251763e-24
7.256816364468093e-17
7.681919592818481e-24
1.6874810855772707e-24
5.5126449011583865e-43
1.002417536916542e-12
1.3840052889221006e-25
6.402599928666303e-30
8.038294373516164e-15
8.86569602785694e-37
3.0092536895006113e-25
8.030416751375031e-25
6.996190980850505e-12
2.9839412398958313e-07
1.0477254814938999e-19
1.3547778873751208e-26
4.84659369183123e-08
8.90186663949391e-26
8.63711528390529e-50
9.836148872937004e-26
1.89140838395288e-26
1.003429720632477e-23
1.8801443545420502e-08
1.2411001709214216e-24
3.547289906839046e-41
1.95776194320871e-07
2.380934034023444e-21
2.834290547844571e-23
1.5476637927363556e-25
4.4141659639862785e-28
6.986260932253145e-31
7.184207079853431e-17
4.2260340688282525e-22
6.766784763658805e-29
9.086942129887028e-45
9.56050330932876e-08
2.2717324669687703e-31
1.0160711382326839e-20
5.1235509772597835e-24
1.2376497040656175e-25
2.0902600178594302e-39
8.514137402027619e-24
4.788244431991092e-18
1.5732536596910524e-08
4.8187249720932806e-20
3.4336375899620896e-26
1.2157742191441313e-14
8.719694545253673e-23
1.3328825688359206e-14
4.723148963056465e-26
7.057046651501709e-18
1.0423325976838638e-25
6.426534864505086e-17
1.0464189416110516e-21
1.0687254464785967e-34
1.329735551287668e-26
5.362156850791785e-23
2.8377274110788444e-25
1.092640942823134e-23
1.6966193660216228e-25
6.795972226795976e-29
3.893814036394314e-31
2.740141943921985e-22
2.344142057974709e-13
3.243365629765847e-19
3.7981437164852535e-12
1.0650963444612274e-28
4.337215988058989e-40
7.643563487765795e-58
2.3447082191404864e-21
1.704226012750212e-20
4.048179082774709e-29
4.851095862456901e-21
5.956567793319823e-33
1.17830920721488e-19
6.158566573668972e-29
5.650743778961526e-22
1.286012352786431e-11
3.796242609203869e-27
1.498591558597223e-26
1.565386251971709e-17
7.18087118147294e-24
1.1124592659084488e-25
4.646151416933684e-29
2.2645089190395977e-16
3.984550425301317e-24
3.471027331061646e-07
3.102234338645886e-16
6.828875143978533e-09
4.040633033788324e-20
3.3759678785107737e-15
3.8350052144545944e-23
4.9004551413290537e-23
8.986865012469269e-29
4.589762894493326e-27
5.661579469576954e-26
6.919995431638563e-29
5.032881609017931e-24
1.4022244984482332e-23
3.946911070640828e-37
5.1116567424386844e-09
2.2606852422983013e-29
3.2720333591314204e-23
3.531019699237799e-13
1.1844891826119595e-29
8.391993991666437e-26
4.521290532689256e-16
1.6428473064555413e-16
3.217266392663464e-26
5.363978907247584e-26
6.804246397491762e-31
5.3470933607251e-31
4.722883890425455e-13
5.885572138340806e-33
4.9230129359834004e-12
3.560093472959046e-24
2.5899429436457692e-36
1.4093542400695815e-25
2.4643236496377625e-17
1.5855837741723746e-34
1.0026309404205603e-21
6.994456389115827e-21
1.0891599717787557e-30
5.6707828089122465e-34
5.101245495659843e-27
7.799260043127667e-20
1.795634652545879e-39
1.517192483955123e-14
9.688317272370845e-12
1.320790219057272e-16
2.3058832825119727e-37
3.4950241612066986e-34
4.7280759818133454e-26
4.785226747313779e-29
9.031660693090265e-32
3.7339515885718036e-26
4.1672872139333442e-19
6.35286344295065e-30
1.0760528729882287e-30
4.4015976548555624e-08
4.8763263589614804e-20
3.9619627488757154e-28
1.2582007464756403e-23
2.248540927277287e-35
9.687524675734418e-12
9.908954694475182e-24
4.2428708158272184e-19
2.5625057562431834e-22
1.5655818010520272e-23
1.987747411484778e-28
1.1497008309464397e-33
6.850332087966224e-16
1.2267358305450285e-32
2.4549846640383067e-43
2.749736901557292e-31
8.76794666538251e-20
3.1956490871206237e-24
7.472324869833681e-17
1.428117194311966e-20
6.140323479699405e-30
1.6841741163094164e-53
5.3923791184900324e-36
4.703951158569232e-33
1.271451023950528e-30
1.343865516882003e-07
3.322357874039669e-09
5.726642427229451e-22
1.1726547102787448e-35
4.0250385210992736e-29
5.543655814527267e-12
1.7212095170296677e-32
1.1320294120134762e-15
1.0607210285238962e-22
3.057880020041289e-26
5.844509148684535e-25
4.860837563812199e-18
9.437880632900778e-20
1.3428653280538572e-22
1.7910748348241523e-16
3.889118173524938e-30
5.583760261087402e-14
1.2847095183307714e-16
4.769242604167054e-12
9.6682134855739e-13
1.8998185904814e-19
1.1527524675853567e-26
4.013552641815417e-34
2.0074426919967598e-24
1.295523282907379e-30
2.8814476819803715e-24
1.6586888868265023e-20
4.2499762688861046e-30
7.33206480591697e-19
7.525373489284614e-09
1.0465861960030175e-29
3.3139261236368283e-32
2.914486195998213e-31
3.1587744192794304e-06
1.0641184045692092e-27
1.1470131228023196e-17
3.0776749184732274e-39
5.3333899636875024e-20
1.676161114606139e-25
9.037532622671142e-08
1.2306177523108329e-36
5.200012437024085e-24
2.844106483992052e-26
5.03106195477155e-34
1.974630841274127e-35
3.0274565204974693e-19
2.4614637656679067e-40
4.993392759971126e-27
3.321092224611237e-24
4.7493096353808015e-33
1.7088376495000498e-17
3.883264284828583e-28
2.0647888457463232e-24
4.3053843496812416e-15
1.4999841620832958e-19
1.2274341743026326e-29
4.452927829361615e-39
3.523636290897e-11
2.895935444813235e-31
1.9716651604306785e-28
2.83297392338605e-30
8.427934734315477e-30
4.690000645740056e-26
6.362148033424022e-13
8.85446538955784e-27
1.218348478854963e-14
1.3042572661824014e-27
4.851114725104073e-21
1.6208900030143796e-13
6.267352092874884e-21
3.345401113501286e-24
8.424422488792807e-23
5.3555875176272225e-12
9.747848865472844e-23
4.899267204252955e-16
3.518431303321336e-24
3.459890388728595e-22
3.944239945386102e-28
3.5247469450359605e-57
7.342585494243293e-20
6.673203818832318e-40
6.123866517613262e-22
2.6070087648358694e-13
3.48573488491431e-07
4.9321317308205215e-46
1.3895205265339702e-08
2.2061864459068026e-29
1.7311010679319902e-23
6.107427159650987e-22
3.384940383246158e-23
1.647221327930141e-30
5.125566341324104e-34
7.627696731509013e-29
2.0160054675225854e-24
1.808801504989248e-24
3.5659114789960507e-19
2.826872575289502e-23
1.1595104723864907e-17
9.76897645140643e-21
6.89562390217431e-24
1.4519370653245997e-36
2.7760325466521885e-12
2.928221049513541e-45
1.0514698805442617e-31
2.5464987587835617e-16
3.705876441018619e-13
1.1552459646144033e-18
3.2243413835722235e-18
3.7576153471640234e-34
3.4594617904951795e-31
8.699626594331273e-41
8.324485449546461e-16
4.530951214814724e-08
3.319205023752393e-15
3.120667696005422e-36
3.4727252169812895e-31
4.5575670541647076e-34
1.3015376170495629e-14
1.114017128091259e-24
9.281946338710876e-22
8.093243931246157e-28
2.9617334509328845e-16
8.927313899761548e-25
1.1184713327772006e-23
1.987762242019403e-18
9.581088474830748e-35
2.9410990896509915e-20
4.533860105702072e-08
1.1651513124002908e-27
7.83014069756884e-34
3.994553745667544e-18
4.805695490361478e-31
1.7207926131084503e-08
1.4030128611855483e-24
3.3845860117893142e-25
1.4992883933888676e-13
2.572123817359477e-20
2.0649801817276153e-17
2.776705784288583e-34
3.804613072060407e-20
1.98670626478482e-20
2.4333955413425158e-08
3.1405608730477446e-08
6.09614246655499e-34
2.449288585336082e-24
2.4023154882072803e-19
1.5089872228392968e-22
3.764201973623283e-12
1.0589154494976136e-25
9.623524335294453e-22
1.9365445991592424e-44
7.158675255592675e-21
9.071034346512894e-28
4.60012274027151e-24
3.842878169891596e-24
7.491293611111857e-22
3.9159292386808075e-24
5.225773321652782e-32
6.700762210787488e-17
3.6689514393295722e-09
1.7233997433619896e-37
1.1688599919458125e-22
3.39254148706966e-27
1.7091048542660022e-15
5.8394315159603545e-22
1.0118641253392236e-17
1.8733256429535194e-21
8.92080305071753e-15
2.027727979601623e-27
1.100357762962595e-19
4.471337902323512e-26
7.807383388568477e-37
3.418507732316063e-36
7.243662435889573e-16
3.6984701638466854e-16
1.3000650072754318e-42
1.4737827642262698e-14
1.6977084702998033e-14
3.3849983195159884e-30
5.564602352346363e-19
6.977120730705655e-29
1.744129904541168e-16
1.5084567046672497e-07
7.63662135569882e-26
1.814698192508867e-23
6.239955961626343e-27
1.650335334531474e-16
1.1994362287707024e-28
1.0249669552478701e-23
1.234703117999793e-16
3.02336804493425e-11
6.241089389736364e-28
4.601025329656731e-39
9.820614250013857e-41
3.549677599414157e-12
7.209717103428131e-25
5.759599125914306e-32
1.464520589420318e-06
7.74877914748436e-18
1.4013779497553104e-31
1.1952657601479508e-15
3.898924191958312e-24
4.074198481910347e-22
7.052231688285274e-08
9.60181983642853e-28
1.121395100563035e-33
2.069826447603086e-19
7.680089866345432e-49
3.4928195441938953e-17
6.174498052828521e-33
1.741473627078937e-23
2.1243669424266145e-21
2.0187667018753733e-45
2.5504023939335956e-16
1.1028393661589576e-20
8.900394546405337e-18
6.3313174700633524e-24
6.171582195717945e-24
1.6979982879674667e-47
2.9299003685740585e-29
3.399593763900147e-22
1.3924892128120341e-33
1.3492723422059078e-14
3.125526181772792e-32
2.3541990273146054e-24
3.549462707079473e-28
8.222402687940069e-29
1.9237938882817314e-36
2.589445193486817e-10
2.9810514662436817e-53
3.16105371856423e-33
2.050988886699257e-15
1.0405658880284313e-29
9.185081819429522e-29
3.764043921003207e-23
8.66444273506113e-30
2.1946100285523166e-25
8.327047565284362e-35
6.804025784165647e-14
2.886127734816083e-28
2.9148524755806217e-25
3.0318922513535155e-26
3.8306377461664194e-18
3.4536330984024457e-18
2.9316817694285854e-23
6.092310086291092e-61
4.7799939981435705e-14
3.642149980327369e-27
2.178353228935934e-19
2.2026744935527557e-27
1.8420221003098393e-16
2.5267153197968583e-15
7.81034445990981e-28
7.479755149483558e-09
9.437959250113138e-32
5.943693320361923e-07
8.641359863504638e-26
1.9574632904345859e-35
7.823951893681685e-19
2.672559641592154e-30
1.3302854012206366e-12
3.639915785544976e-22
1.4015030756389212e-43
1.206199158955343e-21
1.007946270747764e-14
1.9459384166441996e-07
1.6373401913413436e-20
4.985129732217778e-18
3.515386900426177e-33
2.031494115837834e-19
1.6750550716343064e-19
9.132618523282629e-31
2.4137618865492826e-15
7.680611365176982e-15
9.985909745929083e-29
4.648074837131197e-23
1.3306520696162049e-30
4.282602859588146e-19
6.880600274436303e-23
6.792855606836447e-27
1.0198661360487547e-15
5.59708145079153e-15
5.138826136958332e-16
2.067202233394422e-15
6.22307962968466e-40
6.1635374437246185e-24
4.1569082957408e-20
7.520464748807611e-27
1.6730682049117608e-20
1.6764422420389492e-18
3.335860186216744e-51
6.764680861683047e-28
1.1912031993760267e-24
1.358537252289599e-24
1.7716152944392114e-15
2.9164955025816625e-32
1.0070316466904747e-28
8.317469502202773e-42
5.217090014703976e-41
1.2569670780301966e-20
5.903101001439955e-29
1.0491502913459863e-15
7.898340511002281e-16
1.4291973792307797e-19
1.5313660065757102e-35
1.066058554326114e-33
5.531985333660263e-26
3.864280536661806e-35
2.1592664360886627e-32
7.965374416949458e-07
9.026013371559386e-32
1.952864087001867e-19
9.321365288036377e-15
3.248682960343877e-22
1.9203923039683487e-30
6.781219724845911e-15
3.9235133515172996e-24
3.276652276447686e-31
8.001294952194006e-39
1.5952602134833162e-19
1.1985888143015748e-16
5.14414785180039e-18
5.467444001154151e-15
2.420206863185587e-28
3.825071478648147e-29
1.1873043824677622e-19
2.2126111077314007e-26
9.67812275373113e-14
1.3156262403592849e-16
2.4181489935161118e-17
4.25331573006932e-16
1.6759504231613384e-32
6.710321201635897e-27
5.258318070782129e-16
5.806104453935154e-22
2.1926068412016108e-14
4.4475899945207147e-33
1.5299210814527304e-29
3.131310865791198e-26
7.776312015207311e-27
2.0784623342168155e-17
4.951073656668617e-11
8.078655925978958e-18
1.6026374197423876e-08
2.1080456850053536e-25
5.73140669835138e-18
3.0867695753614082e-21
1.2436667829444523e-23
4.3355855925995197e-19
7.23748966501402e-15
5.026369661866354e-19
4.548730448409709e-13
1.2557998499843e-26
2.683321008057145e-26
2.5231014483057056e-13
8.077244999533014e-26
3.569289512696698e-22
1.6763896447543785e-29
2.405990744475567e-29
1.9929304732445612e-25
1.1803509956834094e-20
8.935477658210465e-18
7.8531750555702495e-28
4.4651575636262994e-14
1.1987432204422905e-31
1.6108288312410713e-15
8.927396017389102e-37
3.9459438172167026e-16
8.674434466112979e-20
2.63773733647105e-24
2.6116698691408967e-35
3.289730820060327e-29
1.2374334639649774e-16
5.062566839529867e-07
9.281942457250698e-26
5.215000996292255e-21
8.473559600056741e-24
8.199871332027724e-21
7.20368779753701e-29
3.7623968348160587e-128
2.7882303405455257e-17
2.416716734905974e-30
2.7955811468607714e-47
5.1101024398944445e-24
6.014137574619083e-24
3.6051674415074294e-19
4.840952240073625e-16
1.1110366335922629e-14
8.79561800600329e-17
8.209721844809413e-17
1.8871196001702455e-27
1.9845296572722107e-09
1.6760813236857295e-27
9.095719532989154e-38
3.073892589904016e-31
1.3999704614147894e-25
7.321212213066848e-27
2.330547626740079e-24
8.772249524171887e-42
9.387304676728166e-28
1.2298151815350823e-15
6.172430981428366e-18
2.047851810913496e-32
2.0323351173993584e-22
1.353581230354665e-17
2.270615310394018e-38
3.3774077987704577e-25
1.4794648355544601e-27
3.6460720866654706e-20
7.09128261078888e-11
3.3221338549634445e-26
1.522867475882298e-23
6.332691438758997e-33
7.155648557513596e-19
6.841515198775251e-23
4.809454954664417e-23
1.7738804674497623e-07
1.0462030934208217e-15
1.1161528591823267e-22
1.002022253449395e-18
8.016460566857167e-18
2.583269178877694e-22
4.745944775629728e-21
3.452383052838267e-43
1.2627056817365592e-30
5.473762372625064e-16
6.80785666752226e-33
4.026164835102858e-26
3.918363258292622e-09
2.890129298812216e-29
7.840436920534501e-30
3.53073259208672e-20
2.312820824974257e-09
4.080299366046305e-23
1.0770188030255607e-27
7.52575774688421e-21
1.0752439837151745e-31
6.824414096611842e-25
5.016778249035879e-24
8.345087166260094e-23
1.2529328547897274e-26
1.6785574997925467e-25
2.819289064303274e-23
9.968639235422193e-10
1.093131809967133e-28
2.0990554560408455e-27
1.8424532504283772e-09
8.433188982699481e-14
1.3602841483567656e-22
7.07887309880168e-21
1.3277749274659526e-20
1.04106901767222e-06
2.2376774801814354e-18
1.2577382454567241e-20
4.1378958063679277e-26
1.7189254446845557e-07
1.9356025635627052e-14
1.958247486377117e-07
1.4396573874424155e-18
6.659879185968498e-34
1.1746088645576771e-43
2.5965716585862403e-39
3.542463670264961e-37
4.232508879963919e-13
2.0396729773031338e-07
2.7851507999281554e-27
7.771249076985953e-07
5.172642427670914e-33
8.100743617349785e-20
5.272045826493511e-24
6.1377746673943175e-30
3.797383154230018e-29
1.1918537090637963e-26
9.40807205684518e-38
1.0958400785186242e-19
2.8699568842710995e-07
4.346034022660299e-29
1.3570355114871807e-22
3.7909809043303966e-08
6.2496510595730996e-21
6.940001255294268e-07
1.6304730622026617e-07
3.271279598685769e-31
1.7807860285921215e-23
1.1234315599307543e-22
1.0731166751349813e-27
1.3098800158837906e-25
3.3275779389500706e-15
2.0306266680612812e-23
4.813223183628343e-25
2.0045949456814567e-28
1.3752985447886394e-21
6.146810577506456e-36
1.4584541185754495e-13
3.042458264341515e-44
5.8200921101319935e-24
4.201602631059307e-31
1.55818632972638e-32
1.9391220967277797e-38
1.491705185144502e-17
1.477804714278551e-24
1.0043031593269457e-42
3.40991923655888e-29
7.37744079148682e-14
1.9197953650825786e-22
4.053726285388495e-30
1.0120974223932014e-19
3.6150522882544046e-24
2.4339437543580853e-17
1.7804272220530706e-20
2.3401147147710917e-10
3.1053984167768205e-09
1.4739200055804925e-13
6.188120850124185e-16
9.098102970033246e-18
1.2895401452869637e-22
2.1987389632542882e-29
2.2309885404571957e-10
2.970968601685394e-09
6.365197922536381e-26
1.3012165944844478e-24
2.7518992331852532e-15
5.082187426163713e-15
1.7786509484869208e-23
4.082253464235422e-21
9.37174626334598e-31
2.4730693418641932e-39
1.1030080646247844e-40
2.086396588093826e-11
6.680848498062727e-31
6.07528222369422e-26
2.598221384711499e-16
2.771895196728379e-30
1.831309471565985e-18
4.85631303423693e-13
9.572375707704123e-10
1.706948250777623e-10
7.287086251291504e-27
1.277034475501137e-33
6.1367379987977226e-24
9.022321168165684e-08
1.0717336402653854e-24
1.147760675998642e-38
1.499457956259596e-38
2.0483490221645702e-44
9.180504048835902e-19
2.029043073734906e-34
9.990606952097577e-19
4.8420293108035653e-23
1.2260568174951472e-44
1.428898575858441e-23
2.013323579245289e-24
1.4160878173667284e-20
3.4447636489957175e-21
3.1659447812056977e-44
5.7355560778033185e-18
2.8170062402791485e-17
8.91165535381707e-19
1.607948665094616e-16
3.9060302022164524e-17
1.963552621725373e-23
2.006645632787489e-24
5.1055025221660824e-23
7.513942826843597e-14
1.1983442341199206e-21
1.2698994091850994e-26
2.4639644964446202e-24
4.845095759969067e-35
1.394496536789552e-12
6.3010033662880606e-15
1.7014751452784748e-20
7.254722431339505e-18
4.818088154441656e-25
1.2760163932952264e-25
2.871285717202509e-20
1.1358071949865488e-31
5.906021209321916e-21
7.309580954256086e-21
3.1587343058650935e-22
2.061443084053205e-23
2.4977718403026733e-09
1.251337393192657e-33
1.375735949571918e-21
1.0714664868507713e-06
1.7511063713692595e-24
4.775373029691516e-09
6.396251234078927e-39
3.6674474526308923e-29
3.024062182154525e-20
1.1858343963549562e-21
3.528759795057095e-28
6.545358011794509e-26
1.3725693941747728e-29
5.2413327947106444e-27
3.6407307042798364e-23
1.1374621577108475e-31
3.1243952984843495e-33
1.1818416060668522e-13
1.9987072307165843e-28
1.8959844797815183e-12
2.4149339688611116e-26
3.099250676670986e-20
2.629039702828301e-18
1.045284496320322e-25
1.5420364028123812e-13
7.841036543929077e-29
3.1276040032517823e-12
6.095470353260384e-15
3.026095526690582e-19
5.348399545677899e-14
4.6876520539066415e-35
1.0125442439190932e-25
2.9137787918274164e-27
5.326638627121983e-24
1.575081634253251e-27
6.725338833493662e-20
3.581050022845236e-32
3.6446724638048955e-11
3.0920499855654376e-09
1.5800869555997497e-36
1.6751788068452895e-10
6.43046977418505e-23
1.3513535343017447e-31
2.4245005614939587e-26
1.5892982273269984e-25
6.284619606312099e-16
1.1792953608799804e-25
3.2554995884904606e-19
2.0671818120785272e-22
3.610652865334273e-15
1.3893736019305905e-36
4.250205616737259e-17
9.494191733871158e-29
1.940339417425366e-07
1.542388739551665e-38
1.974657660212867e-26
2.8921367475182325e-25
2.34167874691851e-24
8.7270411311073e-17
2.994538958771503e-26
2.4158343850421953e-08
4.1629382237002186e-30
1.5724746667139236e-32
2.284763425324517e-27
6.308144736148773e-22
6.846712748694251e-29
2.4985645521395622e-22
1.5686393641181744e-25
1.6720667610046e-26
1.1289374633476791e-20
5.191984227616099e-47
1.9856602225046095e-56
8.363921559944973e-26
1.5302275770093756e-20
9.057308516760475e-22
3.010578352798882e-16
1.2158351567652593e-08
2.08691531468366e-32
1.188566934578187e-25
5.856957983344353e-28
2.053409779155468e-36
1.266345770043101e-32
4.743130431834883e-31
1.0236163076260936e-12
2.8914442552447096e-17
2.74562838919583e-55
7.581560175840042e-20
6.062435017303168e-14
3.633430261142383e-11
1.9845082680242926e-16
7.907810230090788e-27
3.3169694759976485e-23
2.11497784053685e-18
8.426369687234517e-25
1.5460872988267716e-26
5.190136840962059e-32
1.2897085659619689e-24
4.308766344861855e-23
3.976824434742952e-23
6.623945496380258e-31
6.720171752559574e-25
6.71777974814063e-29
5.308189088477783e-19
9.453497960268022e-25
3.6058705042704685e-25
1.0073441022805528e-35
3.5738837624679744e-21
1.6163602158207685e-19
1.4040727167631996e-27
6.525359158970734e-33
2.1254772608129988e-49
6.77631639158638e-32
3.5957370537642046e-18
3.0770553700226503e-25
3.2701124873993885e-33
9.855426988277516e-17
1.2365382313150723e-07
9.293626733503964e-24
8.526607093538883e-36
5.525298058457342e-25
3.619836756352048e-22
5.198604436185187e-32
5.467395886472589e-33
6.386614746171495e-19
9.828919112805218e-07
3.7115193366025875e-21
1.5923339846481826e-21
8.469108744178567e-22
1.951902455632691e-30
9.313836902235835e-32
1.0919396865878699e-18
1.8287609525960837e-22
6.857980899550342e-33
2.0411651040519818e-15
3.089060220371299e-20
5.139758220107526e-21
9.245488180316996e-27
1.471171507559779e-73
1.5045517335219746e-33
7.572501287371005e-15
4.1289410641187095e-27
7.807417513386334e-14
3.346141838031031e-19
4.8694592711223645e-24
4.849857368995781e-25
8.835467921459452e-23
4.2012086669568097e-13
2.0039894391591595e-20
6.432248830480419e-12
5.137805860942492e-17
6.450207722866285e-27
3.061774500128086e-20
2.1490938809105955e-24
5.011678547405482e-30
1.5728925822151829e-15
7.514378354974204e-23
1.8140937507750247e-14
1.1842375189920623e-07
1.6153545994778656e-19
1.2729365411808575e-25
8.78242547813945e-19
1.4013529742425482e-20
1.4072965638645866e-25
1.2509263977733214e-26
7.136706376160666e-20
1.8787069791033078e-26
1.343744147941872e-24
3.555354439886845e-24
1.4951600935496968e-35
2.0008599805963873e-20
1.7128362037991825e-14
5.847502645742404e-37
6.46441204227111e-36
9.650576773328515e-26
5.058554798576326e-13
3.355414821420058e-36
2.1636270312343342e-20
1.703038451753782e-21
1.428906985570104e-28
1.2546205531906115e-20
1.175367239417515e-34
1.2101601504431277e-19
8.617631917377951e-07
9.312823379520702e-18
4.3242655205107694e-23
2.001621450740687e-34
5.767287218538938e-24
2.1154507349562578e-08
4.2947193306309544e-19
9.222104347515096e-31
1.495494662461008e-17
2.1848151070130634e-20
1.5022832138110528e-24
2.6738117850377627e-20
1.2561673085746027e-23
1.1533216432769733e-33
3.257015640232234e-27
3.603527600104195e-09
1.0249898586144863e-19
7.185044588760033e-15
3.62497252095377e-29
1.3289762637623924e-20
3.298679611096415e-24
1.274770345234011e-21
2.592928483402907e-24
9.35581081639753e-17
3.7046561797015856e-30
1.3297048386993148e-29
4.47250317529825e-25
1.7663134241158252e-18
1.764272623863186e-20
7.905227881119665e-35
7.013126955100159e-25
1.1068901245973732e-26
7.445677040944504e-29
2.6700652855353937e-19
2.0355042122749926e-25
4.0689675893668265e-33
1.0837300143454466e-25
3.3084742634683974e-13
3.6732343443272853e-34
7.466955457493985e-26
1.7483381644668395e-15
1.2536006535368403e-30
3.2487949399853996e-18
3.646048445351739e-23
6.040867467524237e-15
1.8440874473455395e-32
4.040765477602419e-33
1.2991283902593643e-18
1.0527185202040145e-28
4.731471825058213e-30
1.9246353608593727e-24
1.4119352953849077e-11
4.153298489843301e-15
7.765135301171705e-09
2.220871490182678e-21
4.4040470874448875e-20
5.376396921839572e-28
1.3728988754682828e-23
1.6348704441759926e-10
7.429200872933425e-21
3.042315323000088e-20
5.058473789174702e-40
3.5000792152847834e-25
7.191038812874734e-09
1.1171702567873095e-14
1.0694645278480333e-26
3.584683736775584e-23
2.502235408245454e-29
1.2016475830465743e-25
5.633876133832135e-21
4.578364223722951e-16
6.166772297446615e-29
3.2505080721492723e-20
7.076653203890889e-34
3.7237598771246565e-25
1.83006389021177e-25
5.451799447770582e-27
1.2050304899369342e-22
7.613369308328644e-09
1.8967568837636685e-19
1.0283247437619457e-17
4.944330319970095e-32
1.08062425786084e-22
8.735798136994024e-24
2.9435138007461226e-22
8.801035658429195e-28
7.599609486841242e-20
1.555852472680902e-11
3.261755955941407e-09
2.9579504195581157e-25
7.84954285189685e-21
3.990941297000561e-42
2.203794313144486e-22
8.060731551671851e-21
8.426897126069413e-16
3.702714210579414e-09
1.9771791531509725e-34
9.693589397124477e-22
1.084685906673064e-18
7.025319987149282e-33
2.5618343632194884e-29
2.036509813159447e-18
8.6487979409162e-25
7.900067376482518e-40
3.0314348400546826e-26
1.758862537885467e-08
1.3363153737601299e-27
2.3164235064759717e-27
1.1712835813895456e-23
6.280179730819791e-17
2.320799770177928e-22
1.2477777563949384e-13
1.1047941575558476e-26
1.2668370278085735e-18
7.501259920529964e-23
1.016229185743805e-15
5.921095720856432e-29
5.108186324497652e-19
9.876901818077221e-21
9.760714292090318e-22
1.8170662961985258e-20
1.449847721210862e-17
2.8275362437726642e-30
8.678457871242385e-39
1.7250049173175656e-31
1.3482172410947558e-13
1.8809438818711387e-19
5.086796402585328e-46
8.929926023793345e-23
2.441888458835339e-18
1.0479819621993806e-23
1.5462590729541003e-20
3.5497391518579413e-28
4.357347982882387e-22
9.90403897315009e-06
6.167194037334241e-18
2.598971443687981e-29
3.1689751123917824e-16
1.1804585662951558e-26
1.7853678738697263e-24
3.344537238181245e-21
1.4993779103080887e-19
7.582253851670828e-28
3.738568280582823e-26
2.2382491233900072e-44
1.8629307925812416e-24
1.4091377307647256e-27
1.4036150299448434e-38
6.1011496470396535e-28
2.003661233304237e-29
5.2431264022833506e-08
3.066664443848766e-26
1.2605131488018808e-16
5.5558639351429225e-24
6.779443514643706e-37
2.720053045306027e-16
1.685149896552516e-27
2.0838367036486446e-23
2.1159437227032482e-26
1.9245967638776057e-23
2.491777359201126e-18
1.0318621090537763e-15
3.830484216219273e-26
1.5164627785239505e-24
2.2568473735184002e-25
2.7422002345644872e-27
8.803049671405019e-26
2.2415666656524677e-37
2.58418927276546e-07
1.428995367599088e-15
6.355029461128905e-24
1.814109813737874e-26
6.580871232854613e-25
6.718490413227695e-29
2.001528330538136e-21
4.882432578886044e-27
2.728833177334898e-16
1.1879566278375037e-22
5.3271141067738305e-21
1.7624452794270137e-38
6.944696776558188e-29
5.626674706307399e-19
3.7220199483257313e-07
3.930593687504772e-30
3.4676691986711934e-29
2.203448875912667e-25
6.489388784016163e-14
9.257891251818414e-28
6.292130664399654e-35
3.2209350177743326e-15
1.1443101280677164e-16
1.5378216852728206e-24
2.8378218931540756e-17
2.7303928609328683e-09
3.992061048672841e-45
1.7348437611523716e-51
6.687257183050601e-21
4.557956424704773e-24
1.0866629188461927e-38
2.660351047813237e-36
2.548756778921422e-38
1.16053501157605e-35
1.6822583570282863e-30
1.4104253834694836e-10
3.080937034281722e-17
2.933097199590411e-32
1.7428754058076461e-15
1.297627615804189e-31
5.775850277518087e-11
1.4167368435142562e-23
2.0788320840931853e-11
2.7646972578196305e-44
3.287146184459686e-12
8.965625149172768e-23
1.105972598051215e-27
1.711286032450614e-26
8.029939847909036e-26
2.1503279445407734e-31
1.1303042297472062e-20
5.646967644782685e-36
6.502529729109301e-24
1.119534153864808e-30
2.1219758742996844e-30
3.229138191988098e-08
4.818793357440715e-22
1.113947087575632e-15
4.546017863731108e-31
2.6125874998028194e-24
2.343943087502166e-25
7.135808200039726e-26
2.1042506927072027e-11
1.4669405225198352e-35
3.7130547032691203e-07
2.679959152101426e-45
1.0564122077812069e-21
1.6795288722632377e-22
6.739571565053722e-26
1.4172712356927237e-19
1.1581393526039835e-28
6.082333107311082e-22
1.013209940638248e-22
7.520205960733515e-16
5.628020318937865e-28
3.447135006325674e-21
5.2842927136448385e-31
1.6643384225523432e-20
4.2074615553254584e-20
3.665560893571702e-21
3.18550226984527e-25
2.149756313769111e-13
2.2120029136851792e-17
1.0066230375908511e-19
1.552988499357697e-05
1.6242276381857538e-18
6.442876158294998e-10
4.9860563743716176e-12
1.4344301778774255e-67
4.733556877123756e-19
6.134231338617918e-35
6.852199239819968e-32
4.414614021941211e-19
1.6525437141335709e-19
5.402597391960598e-25
1.3821496296727596e-37
1.2949952076897832e-25
8.631341175672863e-24
1.227673399575101e-28
1.6749297587207303e-21
3.9283450299987584e-27
6.563017968098316e-18
1.3545424186396836e-19
2.5079433868702034e-11
1.2969032126503388e-41
7.175886279162062e-34
2.5413484133989113e-64
1.2960962563368973e-22
1.5984009365198938e-26
2.6921854821530442e-14
1.3867643467119204e-27
8.639258579871905e-20
1.3164835260369021e-36
7.201932804660087e-23
1.516376897584545e-11
1.600087388307737e-13
8.130585053073777e-30
8.060015376185721e-20
5.911243512989356e-25
4.20198218282892e-20
1.1792445868091055e-15
9.713947940683658e-25
2.2526805378615588e-26
6.6991322887246546e-21
5.28640607927586e-33
2.8000205606454146e-23
1.0921896462158658e-32
1.5784989871135562e-20
6.915138993774173e-31
1.0041508663652584e-23
1.1966646887645174e-29
2.2263644549143705e-12
1.2907968310568857e-29
3.302649087656165e-37
1.4674952179731897e-19
1.8565714866541981e-28
1.6368974332317059e-15
1.7656211832519234e-17
2.6308528928497945e-08
9.011823069484172e-29
3.466185156644248e-21
4.7192491364583886e-29
2.7701175045674015e-26
1.6424457486596724e-28
8.825506618049833e-08
2.689006796671728e-19
2.79640636209807e-32
4.5736339245228864e-35
6.53908523734291e-28
6.640434899190457e-27
3.4023658353738783e-22
3.466518442843951e-08
1.5458877052886058e-07
1.885542645310406e-22
2.730312684961077e-22
6.274038920349875e-26
1.3702500100839526e-22
5.762793480656874e-23
5.961151588695414e-23
1.1670268395857525e-11
5.904345919264921e-29
4.853590856013315e-33
2.6819980285417247e-27
5.3104529086019855e-14
4.1968739088526375e-27
2.0435361689938636e-23
1.415835551343311e-17
2.345824512466252e-18
6.544806223194716e-22
1.3600591234109296e-31
3.1591276183461237e-18
5.36433589701881e-38
2.4026497080195344e-24
8.803966720973949e-21
5.589998209014041e-09
3.9590786000360866e-25
6.077135465849266e-23
1.6122679972301068e-23
4.644993673712968e-24
5.794443045171646e-28
9.453164818944588e-28
2.2211774246329578e-23
4.433677366291896e-25
4.308754992777585e-19
2.169433333327584e-15
6.467520599634485e-26
1.5139569861320915e-20
3.5772796489843155e-19
9.960211216057438e-22
1.9886749666733766e-36
3.6587150341506236e-19
5.220185804355982e-09
9.99822949237173e-20
9.659536709500436e-19
1.4886736549232312e-32
5.318292796875045e-31
4.4255886004558696e-24
9.059909548649876e-21
8.67275503097119e-28
7.491440523813674e-21
1.763885170749981e-24
7.510306573847376e-09
1.3534477011721486e-12
5.391522822409167e-42
2.3556945340332215e-44
3.1556110712277114e-18
6.483362850226458e-25
4.214732016593266e-08
1.318645152869673e-18
3.848116558251743e-34
5.328132567814788e-33
6.444954048236234e-37
1.961684052462089e-18
3.5194928245505703e-47
1.3472799664634915e-33
1.7065541084127542e-30
4.677012719936777e-25
4.2244680551728496e-16
4.7252518443659976e-36
1.3649686305304248e-09
2.0765856318908726e-17
4.7538368977332846e-21
1.1180822569986609e-29
7.218420320120691e-15
1.7367692563583246e-30
9.259987806663335e-24
8.92813516851269e-27
4.784234169352418e-22
6.897182049693042e-27
1.5873094069905888e-27
1.3023891252439886e-15
1.7804881195236647e-23
5.028353175151233e-16
5.900291722869847e-18
3.514000746509884e-18
8.80565519516549e-45
6.550331612135307e-32
6.735433862598636e-26
8.607426946680243e-30
2.888712017413592e-22
7.735699052202941e-12
8.90778693662503e-21
5.882068621177469e-30
2.1224335069020717e-13
7.510408001652863e-30
2.384606066890946e-13
6.651476465899181e-12
5.7267370776802e-23
2.9825199347468865e-06
3.458140564920899e-19
3.48717398503485e-05
1.8589353765762185e-18
1.4525534932501716e-26
4.686410647629098e-12
3.153250305029998e-32
1.7596358402633012e-12
5.4727001446384105e-37
1.7509020911754946e-07
6.884082221251445e-27
2.444753651632437e-22
1.8550998500013193e-13
2.2771602667111394e-25
5.557162536319303e-22
2.371019556891126e-18
7.285564575925031e-25
9.940229657352711e-39
3.623899856830635e-08
5.644934774706351e-30
1.9544755143952454e-21
5.018474071128493e-40
4.584175765817467e-33
1.0888588809516295e-25
4.3783615350699844e-14
6.595092405819638e-48
4.6012450503305444e-26
1.6483528351092871e-35
4.0004477343532545e-18
1.8221958627627757e-11
3.641406396060072e-08
7.696114923662062e-20
3.994648543842697e-20
6.167374359442702e-27
1.0940806800194574e-25
1.442728383073821e-18
8.634718243462108e-27
1.6043505641579197e-31
1.049029917853977e-15
3.732536311099369e-12
2.776993942679932e-15
6.057040053917173e-17
1.6196019415519136e-27
9.183910394043921e-29
4.5044595097155253e-14
5.737522115679608e-36
2.7272437458595293e-28
5.021117644622207e-14
3.2470362623254503e-26
2.1428028942222947e-10
6.140531122107796e-17
1.282416958657432e-13
4.0003589260506695e-24
1.9433683999772122e-14
3.2508694608535477e-28
4.408113131496257e-22
1.0144406840439397e-18
5.876847435994908e-20
3.0869249158664155e-21
2.0999916784526875e-35
2.8536142981339874e-09
5.671283741184623e-37
6.9147787281114724e-12
7.16891074485482e-17
4.505549130790754e-36
1.0638797263583903e-24
2.665775792974465e-30
7.292583719664293e-20
2.5067874975228085e-26
4.211390634173658e-23
1.9418153950049845e-19
7.182224732256512e-22
5.460156537492772e-10
1.7513936697741846e-24
9.527431471226931e-14
2.5526017759169184e-20
3.091829335475284e-17
5.121183608245504e-16
1.6054073055936828e-29
7.142500603939815e-18
5.421790391241574e-29
2.903589636103442e-21
4.360117820287416e-19
9.779431373073939e-10
6.291017959911482e-29
5.997513772230121e-11
6.379461093850144e-22
2.8464270887794557e-26
1.3131647824252148e-29
2.2168031907294773e-24
4.583142644395771e-09
1.7179900326551423e-19
2.2108820596995272e-30
7.10751264221961e-27
1.681356153128103e-17
1.6226938928536185e-25
8.046270361976392e-27
2.9478463851263076e-33
8.5317109786911e-08
2.0598103695052573e-14
1.3360517308543592e-21
5.201599466987802e-35
1.957895572501718e-27
4.767695278044518e-13
8.298250253367125e-25
5.401710652224916e-23
8.05635327821136e-31
3.424687876026224e-30
1.1014112736825672e-22
8.785250928850167e-32
4.683764859586509e-30
2.6047235712209936e-11
2.690284654553344e-29
2.1468188416560228e-30
4.750534225472509e-18
2.3659215060542626e-17
9.786144303633178e-23
3.554757784925323e-18
4.828614042962752e-18
6.926958676401524e-20
1.120238033508583e-18
1.5244750419805656e-25
1.5822752076921264e-14
3.886949624470097e-22
1.7325935991725506e-18
3.8335600012239024e-27
8.223832678421405e-31
1.632270188902413e-14
8.976110306645983e-31
2.8688653608177306e-20
3.3533160682140763e-09
3.3029246354668307e-16
3.2662597972476474e-28
5.568090986352477e-25
1.8002011158927844e-16
3.0629052709732337e-24
3.308476684466337e-22
6.015089736312605e-16
6.4967839360019865e-34
3.5444328942297657e-43
6.858571189719944e-24
4.0266349987900267e-25
3.5870755200902974e-53
7.337103263516318e-29
4.770990946450425e-13
2.6577297519769552e-17
1.239854085591339e-33
1.5921763853611796e-19
2.9465523035600465e-30
4.495054440084973e-21
1.2708430235987536e-18
4.207308748581398e-20
3.6534656557080487e-14
1.2613340716640172e-10
5.975097323247585e-19
5.914237070351072e-31
4.0460875657482926e-20
5.773573586240808e-20
5.138951344265459e-40
5.936480000486284e-19
4.922960253025088e-31
1.9832129208813233e-26
1.5991212041287694e-19
5.995213611475514e-19
4.1204578206156335e-18
4.043842607752182e-15
1.1784102154886099e-17
1.744605573369752e-45
2.2557937001600907e-33
5.2499932904867446e-24
1.0239485381493215e-25
1.4826881340394557e-26
1.6749383442090682e-28
1.8875412372674166e-21
6.186368832542819e-27
3.220504848462449e-15
2.3674296952913634e-13
3.435421610094667e-19
1.5565430935308784e-27
3.858920180824168e-16
1.2375919979170471e-16
1.1050619194790589e-21
9.670991148342052e-25
1.93284719203123e-34
6.685830533681508e-26
3.261088043382419e-33
1.0189099339729625e-24
6.200154442293038e-08
3.5139996461305577e-13
4.8796157983417094e-39
1.8169721067167156e-19
2.861620020910747e-37
4.219088443205971e-22
7.888687827793546e-33
1.0383949540065103e-17
2.7728768961040565e-34
5.554672305134021e-20
4.943693166207824e-25
1.1348999552344835e-23
4.085128017432376e-20
4.123494560752591e-25
5.538042669217434e-35
6.394480670203816e-25
5.0706840417454345e-26
3.72181900039452e-16
1.17277636822558e-16
3.099935084108323e-34
5.141325252180827e-22
1.2072009110112818e-38
1.1211414493747224e-35
1.7946312096069707e-89
4.499437327180712e-22
5.827350475810496e-27
2.969197670782572e-35
1.6947561115519424e-26
4.4752013576422415e-35
4.169929295170657e-19
4.46464850599657e-15
3.9847271213023596e-37
5.811492948226672e-23
2.1861154922784693e-17
1.7612308391762338e-28
2.1878570530508756e-09
7.009995520157325e-15
6.423685248554059e-29
2.7814853861794745e-29
9.188072781967174e-12
3.142776676152817e-13
1.124013256620034e-29
2.4716866251574253e-30
2.06460029574729e-25
3.2678757632353685e-24
5.80117707756871e-16
2.527141993382394e-07
2.2573273131847185e-22
1.1045179702583266e-06
1.3875485922051003e-09
1.5158195516451626e-16
9.651751793718337e-27
8.129049504342232e-26
1.1179953428288512e-26
7.784971936766272e-14
6.185825658669416e-21
1.66319107025373e-08
5.021886451381227e-16
4.574207902476568e-34
4.760296961715598e-19
1.436152874253428e-20
1.5239718872111503e-23
1.0119302098631011e-25
7.903065919784666e-11
1.1734047539779573e-23
4.566907208184496e-18
6.051408153628417e-27
2.3634795185594454e-21
1.0981483911863091e-23
1.5547222158052682e-29
2.1574850589972356e-20
1.1440985321041209e-23
2.215693783894247e-30
9.824680731438949e-39
1.4122967283473051e-22
1.3083166388557862e-24
2.8528557721156045e-28
2.0123734158131777e-32
6.354686002465207e-25
2.2519411529003356e-41
3.6248639142917135e-33
1.3254279029565308e-25
2.178075260523063e-16
2.3481492469760027e-19
1.9238315886616568e-31
2.250667810067788e-17
5.914387563277642e-09
1.980936193612637e-32
4.4588200647876473e-13
7.005376929046122e-18
6.052613745594617e-29
8.759031258438927e-22
9.034113028025198e-30
4.15853778836072e-10
4.665964688425639e-28
6.7026965116817376e-21
3.4367184261580476e-20
2.1310849948705252e-30
8.466300502408985e-44
2.1358830612403167e-15
2.677519878621188e-29
4.3689505637308583e-26
1.0334599362570326e-09
1.5563058694616785e-32
6.2325577111725795e-18
3.184672184670398e-22
8.221120201646052e-26
3.3172595601334964e-21
2.628027922868217e-12
3.229611838463111e-21
1.26648747713185e-17
1.934749721004095e-24
7.582607546503769e-23
4.211682001303554e-25
1.3143789010170198e-29
3.7685636101468e-17
2.599776340118148e-34
2.796311206879074e-09
6.707469756972399e-34
1.4607201202378695e-24
3.5394659909540735e-29
2.86080646787944e-15
2.0697799849532696e-25
2.4070791380490215e-25
2.976710235767912e-18
4.5732142423287905e-29
3.1636725427310432e-28
2.1942991440357285e-14
6.478660947275998e-18
1.4193037906911233e-18
5.345987087261906e-25
6.538235986556645e-55
2.4515688247627326e-27
3.5853079745252615e-25
8.863951989556804e-36
2.549333901341274e-06
3.0947853362551804e-30
4.708902704789993e-16
1.1670355415298128e-26
6.331960935178403e-17
2.6777581987517463e-24
6.47534432835974e-23
9.686236743819192e-24
3.0094061341049733e-35
1.2611851968486239e-30
6.271695772410572e-31
2.2356049348538748e-30
8.069472544766308e-19
1.9076390723529656e-18
4.9928612542338297e-29
3.019711575198103e-17
8.463605429761906e-10
1.4407161236575516e-32
9.9194072649226e-24
2.68936086476673e-28
6.263754110605014e-24
6.778930811136378e-15
2.3875650718060662e-23
3.2747306277749416e-14
1.289726871105966e-22
6.657063533251683e-29
8.240103736277206e-18
3.789117389918062e-23
1.428518024276152e-21
8.037198192685217e-26
1.7613944394692734e-18
3.338489572639e-22
7.795559945078141e-24
2.2597471438333573e-64
9.621020794762496e-23
3.711726887514447e-27
8.011440939496254e-16
1.7509505103581112e-10
2.208552071137674e-17
6.113147506937395e-08
1.3585118163154967e-16
2.8075786371794465e-14
2.9070856453233645e-19
1.1683431767239115e-13
4.122515385406064e-20
9.10456070807672e-46
6.411429191836985e-07
7.285963495600432e-09
8.76199655147839e-13
2.9922178214873326e-32
1.6718064445326468e-27
8.319934592638088e-26
5.975188527667588e-19
2.01980664415171e-21
1.9764419117987355e-23
3.063193487781567e-30
1.0074589408601696e-13
8.16988169038628e-26
2.9878545347173932e-19
5.398257543124794e-19
2.193298004514257e-08
9.532397987766089e-31
2.2363422008299915e-28
6.131419557995601e-26
1.6378284921016265e-36
1.0950215146330914e-30
3.835466903639798e-15
1.8728147085210633e-17
6.160072945079559e-36
5.705766157333831e-16
1.8614077362433184e-38
4.9006753142641015e-32
1.7408573067632907e-25
3.437825975901064e-22
1.0234347051971811e-08
2.3062657823725572e-38
6.4702316245332004e-24
9.119360661607603e-21
5.678393537588055e-16
1.150036824821626e-19
5.82900142959914e-21
1.5168257518074273e-34
3.5182979824690753e-28
1.224336948185634e-19
8.22318074875909e-27
1.1774120793825823e-19
3.367179244048219e-17
1.22096286677453e-12
7.535151907932951e-09
1.2505961717504169e-17
3.2318843548224705e-28
3.0908963410451473e-27
1.1292082312906683e-19
2.561778225059483e-21
4.162156638689982e-11
7.433740189399867e-32
2.7887223625627133e-35
6.961800492721185e-20
1.6098281209616177e-25
7.967068491108151e-15
1.8639865262044486e-16
8.929966474927847e-27
2.1581999279256535e-25
8.365835573231421e-19
7.943655172594247e-25
5.313232139224992e-28
4.429449372867189e-27
4.834369368399718e-19
2.9856081432425895e-40
4.56974727339352e-21
2.6278834282611024e-34
3.839577084467312e-19
1.130933567738018e-15
8.774105572306529e-24
3.4310559657235203e-23
1.0596235298062979e-07
1.4895268213084004e-34
6.079342544179578e-34
1.1265448236061434e-26
1.873247718285766e-18
1.3869846541064498e-18
1.9881206551549036e-20
7.451672463075515e-27
1.1818751077849553e-18
2.9573458703076734e-17
1.3376142510399074e-16
1.2854227292537642e-30
5.276529276018479e-23
3.1234187470135156e-23
6.262203464628444e-10
8.58449241835844e-22
6.410101636731387e-15
1.290682481541345e-21
3.8902811123602056e-17
3.2139678210347362e-18
4.217257601562172e-22
5.623685238225757e-28
3.0070513654164994e-25
1.605184077596111e-28
2.919326027320172e-36
5.253933828057248e-24
1.5849335349880144e-25
3.619091952299138e-31
2.3131820183675298e-34
3.6993947498709153e-28
5.6797734717565365e-34
1.168410461324118e-30
2.5785627599373347e-24
1.3031084071464825e-38
4.896665309104963e-25
4.588192326292412e-23
2.83538225795407e-28
1.221773524596013e-21
6.977916338347453e-34
2.5930747578929716e-22
1.1512369527184946e-34
6.641656058096926e-33
2.9883965957886706e-53
5.252191730673991e-17
6.341771918292847e-26
5.089063505378608e-15
3.068449714622412e-48
6.952112668152925e-16
3.213432666564099e-21
3.6537521369039444e-10
2.653949272359297e-24
1.3144761648352334e-07
3.73702097009314e-27
6.722922279178627e-19
1.4497173620533122e-32
1.5417728559188853e-19
2.424128165113603e-26
4.026536210931651e-12
2.377876161597771e-26
1.1702321460877159e-27
6.558189110529011e-23
6.579116113094768e-20
6.185526608875174e-12
2.907761408370471e-17
7.63995305004425e-35
5.008847758049797e-10
4.071133393721497e-28
3.84303399360216e-40
5.721689806824722e-35
6.302623762625987e-11
2.5201578485832398e-24
1.800819066037664e-18
1.654004384205126e-25
6.906897384737905e-41
8.840804816141831e-29
3.352111784281808e-49
7.616092084592255e-32
2.152846665887105e-43
5.2432742775535166e-18
1.4767699173296254e-27
1.0922971172906512e-28
3.702793969963985e-10
2.3822823733863343e-35
2.775569893483375e-27
8.136161331979914e-21
5.603935620291074e-30
8.8446765756929e-36
7.729038830641543e-07
7.268412755772541e-22
3.888166431102663e-20
6.346620337738778e-09
7.239579904664934e-17
3.8002431119644243e-33
2.945534034783522e-35
3.1007390736829434e-38
5.378292296320145e-19
2.5038322802667133e-07
2.306044640349308e-33
4.73542710632809e-16
1.385175286428024e-15
3.4782202492283864e-29
5.2228638215226165e-27
2.953641866101218e-47
7.609194704812621e-31
6.202093214262184e-24
3.8005471409437676e-24
1.3551602798779367e-20
4.03431567181485e-15
3.834156554462621e-20
3.449371386583528e-33
3.9649146580137443e-23
6.401970123619099e-27
1.2352374952447051e-13
6.951035814073492e-34
4.291727043582255e-15
4.847827666334062e-09
7.332489959630012e-29
6.99780801940814e-27
1.9039402147428108e-24
8.24938805438311e-31
4.571562425670436e-24
1.9189835953421615e-18
2.7724041970907204e-20
2.144732842768917e-34
3.0449952735889e-19
4.217585046921417e-28
8.562618827750706e-11
7.823122550068462e-26
1.8673511956044944e-26
2.899249615033087e-11
8.16942780667581e-32
3.7716375907871314e-27
3.406543916922658e-10
1.48784450683126e-17
2.7765732657488685e-30
3.012850107198516e-40
3.3975529331768924e-30
1.1211500204961491e-29
5.535750035195291e-32
3.434996016145242e-22
8.017591299356831e-18
4.756654448807311e-26
1.977276769981569e-07
3.9263767980480474e-25
7.999935431305408e-49
1.1051403018283843e-29
1.3397096649389596e-37
7.610285951530155e-22
3.5794639961063496e-24
8.276274126249821e-27
1.0973973963079382e-18
4.648769222216688e-21
2.3960551607452597e-21
4.217304027517012e-33
1.3415641684268935e-31
1.451664028792754e-31
9.579304528873149e-35
2.201881720222283e-20
1.8617563644886152e-28
1.38935512080784e-13
1.845531699087329e-16
1.7144757705052212e-18
2.838728224407483e-30
1.2451649200772851e-24
1.5812651564299682e-22
8.583579871869953e-29
8.558304689021718e-10
4.42129051714782e-36
2.212970398824123e-17
1.1247412976544366e-28
4.893348874460213e-20
4.673976033381222e-27
8.14440019250641e-27
3.5312101882784203e-28
1.2455536853394004e-28
8.150856821396217e-27
1.35387128124503e-19
1.0072262155916333e-35
7.848228548675145e-25
2.9174391227116555e-33
2.419272100084293e-12
1.740246140245762e-10
1.5346726279289711e-46
1.0478100309369996e-25
1.4125492100714525e-23
2.4187340602324357e-22
1.852827500788348e-29
4.283884877520619e-14
3.051717436087968e-30
2.3526461858029196e-30
1.0078928726492122e-15
5.1886913797439554e-14
1.0874750439538433e-25
6.565980120713028e-36
3.756033046000138e-33
1.639490138803803e-35
7.514199231946914e-38
5.399568112812672e-25
2.618883156156174e-35
2.48228256019408e-21
1.9761321959622828e-23
7.451532740862046e-35
5.121582291567635e-30
1.5865624746756751e-18
5.1502460131151294e-21
6.320776320917822e-16
8.469162391003953e-31
9.189132394095293e-19
1.436724887742348e-30
1.4120150526456159e-27
7.670230185952825e-35
2.861953951821441e-28
7.606282611717778e-17
3.1953819461208537e-24
3.1212531509852296e-33
3.0590360443000243e-08
2.440919558743722e-25
1.0633509006238829e-50
3.988206687314926e-08
8.246038244769238e-25
5.261291138244198e-25
9.266270328375419e-27
1.0159499807940996e-22
1.371723601019548e-24
1.9706718651037785e-20
1.9984968555942766e-08
2.8080918774786774e-19
2.0461507978067808e-25
1.4224145468663747e-21
1.0998876725038005e-23
3.7853969435143793e-19
1.3086957158670281e-17
3.6900637161276527e-31
1.1108123246385582e-20
5.4398230842362845e-24
7.21452630622234e-15
4.1196697439720376e-29
4.374371773023774e-14
3.2977039321991453e-31
2.3142707434932576e-32
1.6758649834033211e-15
1.6501124307542429e-24
3.457020873181922e-21
5.555302472934407e-24
1.192114050340047e-19
2.6673032675401376e-23
5.066505950427457e-17
6.805400581268757e-16
5.774470555883768e-29
2.1066025584592567e-11
1.5233625959876394e-17
1.938677557702227e-30
2.2948724411100695e-22
7.691377676141608e-20
3.898469430825846e-39
1.038139881959919e-18
9.120386901533869e-20
7.478360204963069e-20
9.784138869814076e-33
1.3005933230682479e-23
1.0939523861055996e-25
2.9054173739403203e-15
3.1972283754216403e-23
1.5325251664830914e-22
1.4077492332624235e-29
1.6328491418587164e-17
1.6355282276179638e-39
1.2242121206661967e-21
1.4054096030296685e-21
7.174846938764878e-06
4.661179560327752e-26
1.3304219517805813e-24
7.327842111912776e-12
3.101128509066952e-13
1.687404402941609e-28
2.9863589526683218e-24
5.941281989699812e-31
1.3852323724671007e-15
4.3152880070408104e-16
6.157445604572629e-13
2.3066506096372477e-31
2.4952811499396715e-34
3.442956572118672e-23
3.659393144507655e-20
6.812003449861242e-22
1.330141208001932e-16
5.586824621086309e-23
4.517563348097206e-26
2.672514043338935e-23
1.790923832808949e-08
4.61676096399127e-09
1.210420363977711e-24
5.2397868177104255e-20
1.1133798077435345e-30
3.5172006383671257e-28
9.545235164150466e-25
1.575256019571214e-22
1.560928357605756e-27
1.2074558380213002e-48
3.5659135712986984e-18
5.745720497166723e-07
3.7093265460569707e-28
2.754617641294686e-12
3.6382778000930986e-14
2.2885164907489706e-18
5.676045876550576e-10
7.708180770827144e-17
5.441637649487925e-23
2.118938767751181e-23
3.8745842775342286e-36
5.305957781294213e-19
2.1399972888331956e-17
1.1928696550220784e-22
9.912765856785555e-14
9.710620650233078e-20
1.1880859858100513e-25
8.550010747466902e-29
5.4888026415778165e-17
2.9682467264698244e-19
1.2992773616504349e-17
4.878612254337192e-22
5.164236713677738e-31
1.920993336153971e-23
3.2518529709024295e-08
5.1401363280169345e-39
8.236835054960287e-29
4.118269828418854e-39
6.200776083529635e-13
3.810705955273285e-15
4.5426025661610785e-34
1.3172822152774356e-33
4.8892370722840074e-29
3.431037284810834e-29
1.0386667583790325e-20
5.295695958664996e-14
6.16098765306332e-24
3.0097871844926292e-33
4.884833368645402e-42
1.9574459278108674e-40
1.9663665006918365e-14
1.0396399758104369e-26
1.6568540384354902e-25
4.23290663737545e-31
2.440564081325862e-37
8.275834914323729e-10
1.5463246950914647e-37
2.896914278723334e-31
6.762717956131663e-12
4.29918855346547e-31
5.518011402152961e-16
3.44088713496668e-23
5.1169414949709836e-27
4.4213837080627163e-16
5.4056841985008745e-12
4.5683696906616485e-31
1.2515059755467978e-16
3.4298655357515015e-10
3.35242210776352e-12
3.337493997788669e-11
1.5414669326107675e-22
4.932650657069597e-13
4.072159322499212e-20
4.1636554215178512e-22
1.877489116020851e-09
8.2624735469795e-31
3.5172423111914e-26
2.704876395126794e-31
7.296316536330363e-26
3.7197501800672925e-26
9.912587417475803e-26
6.04165304122763e-20
4.8832326146873174e-14
9.971701435733532e-28
2.790090828495723e-17
2.259687957799584e-18
4.929221061980055e-13
5.462549001403394e-26
1.5620676512900556e-27
4.998403975416593e-18
2.256073163383882e-32
8.633000489520147e-22
6.733640494805303e-23
5.434884181618424e-14
6.413511524950886e-31
2.789640496098558e-18
5.814130504488523e-26
8.773306082900111e-28
1.6428847934211775e-24
8.245687562644312e-15
6.873694966960104e-40
1.0036649421609577e-29
1.8063844534528292e-20
2.4431612711149764e-16
3.9030624390952555e-11
1.3279844285827556e-19
6.047920343956575e-36
5.096616777761069e-36
6.922507782714323e-30
1.883926063602058e-26
2.2701763064357986e-49
2.6734212171776057e-45
6.850184495175319e-18
3.451029315663839e-23
3.6092401580319726e-18
6.203421663072124e-39
6.805732395989171e-22
3.0707382796121615e-24
7.820996578988184e-19
2.4342378060377367e-21
3.4031799537519637e-44
1.758176451772228e-18
4.559900050691079e-11
1.059355282408152e-18
3.6368555952485737e-19
2.0745277690029422e-19
4.3238334216106815e-24
1.596276212855749e-25
1.5932454505157421e-27
1.186243137840429e-34
1.509599235160188e-17
6.2230376601786994e-21
4.2867585377781195e-20
2.2169171544392477e-20
7.126982509495797e-25
2.3204116299525583e-31
7.371625048884334e-22
5.45406688458428e-24
2.115786592731879e-18
5.210256458376266e-26
1.1109758735055702e-21
6.73663992218411e-21
2.9963128526978825e-46
1.150489466987772e-19
1.379544576248777e-14
5.6621302318046945e-30
1.1647631459050492e-19
1.8699819321435004e-27
1.074143630432791e-24
4.3388313624671126e-38
1.0519152786645958e-40
1.4044978504480093e-17
5.023259639409027e-12
3.2133271794497124e-19
4.832450548133373e-23
1.3517878803621277e-07
1.8291564771405216e-22
5.496552268795721e-42
1.4681337214881345e-19
4.858667650578649e-24
8.216439431888967e-30
9.658085406851532e-27
2.899235459363471e-18
2.6846941668885097e-25
3.846237120813471e-20
1.0976428139041908e-29
3.904283142771523e-34
1.507449586678338e-18
3.270737869949048e-16
8.843950411079074e-11
6.02427706161342e-29
4.19621555528865e-32
5.992963088994036e-57
6.594905657401851e-19
1.2146626302999612e-10
8.975926911820446e-13
7.190153652100229e-13
9.680529648577337e-22
1.904686707557548e-11
2.663466570139959e-24
1.4058065692792271e-27
5.26854717940127e-25
4.5560439911076705e-28
2.5799858803805934e-28
2.738625785940645e-24
1.609617686028204e-25
6.029043958704863e-41
9.767711745056534e-19
9.262344303245639e-10
4.361960310256143e-19
2.9974646568464697e-31
1.298240117895749e-08
2.9046830840898297e-25
1.6649770707329263e-17
8.79864249284389e-27
7.085904688258159e-32
1.5695913512868027e-23
1.5209094411930453e-21
2.1375520243206157e-40
3.4010153556273103e-46
6.839539336002382e-19
1.3284897652082742e-20
6.647140895857733e-36
1.1514088963515252e-18
3.389059875350278e-08
1.453063410340894e-32
1.1756070391829349e-11
1.4565454126588117e-17
3.4661972074386375e-19
1.0249370575901908e-23
5.6788323078788585e-11
3.824201960866203e-35
2.9022246222370536e-25
4.204095752564071e-19
2.129867259195807e-30
6.9492624648710195e-34
2.930380380912628e-27
1.2902460649895464e-23
1.343907825993718e-23
9.545605952491274e-12
1.886377862838795e-12
2.489854030855889e-35
6.379074865198147e-15
6.084254554942356e-23
9.898083234535772e-41
5.55928548452767e-10
2.220147174816952e-25
3.3911701362100907e-35
6.0531311927252854e-27
1.1598660107183244e-08
2.8298462798461114e-30
3.0429214364134197e-23
6.6494964244385e-25
1.2838957776465647e-42
1.9069982676465153e-05
7.456679211616082e-18
8.97212146442591e-23
9.56160522970145e-21
7.312302303782777e-30
9.610056415500481e-32
5.3838515277904076e-20
9.633209134901118e-18
4.0843856137505724e-32
1.663674840828185e-29
1.0483730271351878e-30
3.1221740285307855e-19
5.0605592841823307e-26
9.120938735054429e-21
2.4699353711202727e-21
1.91000082760532e-27
2.8058667870616745e-19
1.6577896582877987e-28
1.0974617232318072e-24
5.1528451855631484e-24
6.2091244258423634e-30
1.813919102783605e-30
1.7038310119891594e-29
4.295425132507143e-20
3.8176896035290833e-14
1.4291440336547602e-20
1.3536925073894376e-33
6.261981543173004e-13
4.6398729211619685e-20
8.670051055296325e-31
9.679227282531846e-31
6.042759853264769e-10
1.4272656116598326e-25
1.5590635898368783e-29
2.3718350440130067e-11
1.834487287087503e-13
8.517372260813191e-18
7.399555024035282e-23
7.906278837353551e-21
7.595431506018163e-19
4.126619651670098e-24
8.241374258732521e-37
2.8525513217867535e-26
4.7622523154157793e-23
1.472831101517506e-16
5.748675331775813e-20
3.3840364157116584e-23
6.891271341751499e-44
2.481553614046234e-24
3.002271215961732e-14
3.488601673724575e-22
2.0368649493357422e-20
2.6845369547105022e-14
4.780779214235162e-06
5.354216679474081e-35
4.430616020429469e-24
2.8470622600444556e-29
5.178720316445425e-29
8.917065910132886e-22
7.820498657451473e-18
4.75825574017356e-26
2.3664967086810852e-15
1.598457860912382e-20
7.779383020625917e-10
6.488300467686311e-30
4.219882496110349e-36
4.475886498406301e-23
1.2095881434266215e-14
8.186573872356702e-12
1.5571464020300518e-27
2.3747525800398463e-26
7.514546325926525e-32
1.0707070057790286e-27
7.199700108617917e-24
2.308200876881759e-19
2.316492037199017e-24
6.581076999378956e-27
8.767039733765239e-39
1.9944106366493592e-29
7.007706046951695e-08
6.0976218830324474e-24
2.57830291349717e-10
1.0581168903949331e-39
7.739935343099451e-30
4.24078389967556e-19
3.2863059927386076e-12
2.275463238910706e-22
2.0793491938871467e-21
3.249204659157044e-31
1.2517498624767076e-27
2.1516187205976668e-13
4.93489378393436e-28
8.015665167579872e-27
6.802993229702393e-10
3.707661101632809e-15
1.6684681764999677e-22
2.777042091601429e-30
1.6354846422333612e-38
1.9838348828490887e-15
1.9809918423178295e-29
1.0374891291988807e-25
1.4333459662194643e-27
7.496552221990493e-18
2.3069631352467502e-18
4.453551359914566e-25
6.870680350841334e-10
6.756061312289805e-24
3.210937207513839e-33
2.219126004751092e-19
2.360927173740432e-30
1.488944908833201e-07
1.4689612940226863e-22
7.709713060628419e-14
5.80195822401241e-14
1.6267590041991516e-35
1.0171954270329292e-08
4.85079811827277e-41
3.2760428684103567e-26
1.410574354637036e-22
2.092725352458974e-14
5.014738542225385e-16
1.884564497256639e-35
1.362193923711228e-31
3.034419558990293e-17
4.4163742071839955e-27
2.789594993691475e-31
1.2844066735094345e-26
1.446435064321553e-23
3.837572784134708e-27
1.741673059553913e-24
3.8878310784187603e-25
1.9849297820852574e-41
2.102902611848808e-28
1.8049906764912905e-17
6.293951168336812e-18
3.5920300154422865e-29
1.7489458391617107e-21
1.5071639033794094e-31
1.6169567779653769e-26
7.563201320092556e-27
1.6157297939373953e-16
3.175344136368755e-16
3.585617919394511e-21
5.3617599652376154e-24
4.0826714944019476e-25
2.23528823840862e-19
1.921360401251517e-14
4.90996360126925e-33
1.2104643748329318e-31
1.6641222588653468e-22
3.6978467202312805e-12
2.167105942852211e-18
6.157682906009488e-07
4.3748102501885094e-16
3.183958504806124e-30
1.5728830114031742e-14
5.119894823893777e-12
4.598627287170223e-16
5.346323277753496e-17
7.8404057125164285e-31
2.1462768859362273e-24
2.437337185519058e-17
1.138670334122787e-24
1.7766808309031525e-18
1.1583918690417634e-30
4.0061206807538166e-20
6.912347474854484e-21
2.896648000264088e-19
2.0884469968228993e-21
4.875898514402384e-39
3.000774739845898e-22
1.3439585445882026e-14
6.179597185868742e-21
5.575112953917837e-34
3.241534858235623e-35
7.160160341070078e-27
1.643573292952452e-06
1.2300807994735572e-20
3.671835466261909e-21
5.715904632605845e-23
4.295101137883301e-28
1.6804168609806566e-17
1.478050282400774e-24
3.630573614432409e-37
1.1399154162138672e-26
2.247349079351257e-24
3.911312200478417e-22
3.250560728398338e-22
2.660590866444212e-23
6.17616474278975e-33
1.4885810653530536e-14
2.1266359593619766e-20
3.427146099312229e-34
4.823265291928259e-29
6.82175063122287e-39
2.6618182065157637e-26
1.5885313966340243e-15
2.8874207462536637e-26
1.86303814208493e-24
1.9853441618869146e-24
3.059714770983718e-23
2.3763764532573104e-15
2.0204296064234557e-24
1.550554741797136e-17
6.113022592582829e-28
4.0028577224732474e-35
4.628967506363294e-27
4.4682768449539204e-23
5.4519010563719475e-28
9.470321936375919e-24
2.7362757562196072e-39
7.333224460931703e-30
1.9925025076393763e-14
3.027823005372568e-18
1.428087139996882e-13
5.159924436324029e-17
1.6873956853934174e-19
4.621829717735866e-25
4.429720144161891e-25
7.344711286150041e-12
3.327749008596165e-29
6.059088808135897e-20
1.501355861507907e-17
2.2436398114305587e-13
7.567021050953724e-16
7.128019999426412e-15
5.951514879975817e-30
5.9452764172866924e-27
1.5186336122696748e-19
1.5073068256306988e-10
9.140754370551088e-29
1.748977634759226e-32
1.344741132202112e-26
1.457976441428372e-45
4.374249481698678e-21
1.7346232518056593e-18
1.8503922870682364e-25
2.6495391702397854e-24
4.941358596839026e-26
1.3680176909365025e-13
1.5666790937556117e-28
7.82710136733077e-20
6.069008302879312e-22
2.878497768495267e-26
1.7402368774391648e-23
1.7121482982751654e-27
3.856628377098021e-11
3.630591130592861e-18
8.40720459905776e-18
4.271889294545131e-30
4.414080897214652e-21
2.89435892599359e-24
8.104440304689206e-16
1.320172600503424e-41
3.129668370125763e-36
1.077540987456343e-28
5.055217241356131e-33
2.501434310390931e-35
1.072072654999483e-17
8.353926478715206e-10
1.6370785286493388e-13
1.4296556195564855e-14
1.963470187639086e-16
2.4669180788041913e-20
2.0171066303736847e-10
9.450879854370776e-10
7.806700208810063e-22
4.0105304077966273e-10
5.233335200175141e-20
2.7380897051311362e-21
1.3693876565175776e-21
9.928598667373983e-16
2.1426294361978316e-21
6.976138633286193e-07
4.973684097727137e-49
6.566452943073523e-23
2.1139385152941518e-25
9.789925154329877e-44
5.749423402364958e-15
1.0705632563559117e-26
8.123787179778332e-33
1.939218557736726e-16
2.929185362618088e-31
8.350629601459766e-30
1.6316541381429286e-13
8.40172080926267e-34
6.323406408999887e-26
2.2395950649428406e-17
6.799923674451461e-28
7.231901583552974e-29
2.304760395358464e-21
2.279761024166688e-18
7.142724887551456e-27
5.3946879705112175e-14
9.354418381514157e-10
3.151558268674262e-23
1.3952424680180848e-17
4.360766906225878e-21
3.0535239729258763e-34
2.766653413004452e-35
6.140900002093985e-22
1.5287831797489058e-20
3.165013609857987e-21
4.019493191209245e-38
3.5079279820339635e-23
1.0008436304485535e-31
7.277072737063405e-18
7.134404005744831e-26
4.6461327241785304e-11
2.66642163761079e-17
2.417023727270465e-10
1.3435847859052435e-32
2.035301540047399e-13
2.4083150745297206e-29
3.475787241828562e-20
4.20678909872036e-20
2.854753075560314e-25
3.25215421715129e-27
4.094364486331198e-27
5.991010430642553e-24
2.7489250862036143e-11
1.833953889250104e-12
6.010627068126093e-27
8.524781945741543e-09
8.152463028863658e-25
7.191598621408501e-20
5.388318598476676e-24
9.434941790865302e-19
5.337147666238763e-18
3.275693454831252e-19
2.778623134361171e-26
2.903144169324193e-10
8.889703588496811e-29
7.976448688281863e-27
3.693166288859883e-24
1.9011549143734948e-16
6.732843380757759e-24
5.988788844663507e-19
4.2171438808054307e-20
3.1062107589924346e-17
2.691698629250975e-34
7.412328191281632e-23
2.4032540194120153e-10
4.6557022450765644e-26
1.4021339236106895e-30
8.217744411433718e-18
2.2781182696950698e-33
5.343763205031863e-19
5.46149800934572e-21
1.1833230082914056e-18
2.9223233747772995e-23
7.951712766025034e-16
1.4882816450715503e-27
7.084569002783952e-23
1.9598888942675236e-30
5.728959269936194e-26
9.12148626172307e-30
5.41138864619551e-26
4.540112339298432e-27
4.5464381950124275e-38
2.5417624049182802e-34
4.209481624356791e-24
2.894920696644728e-12
5.388987918478484e-36
4.3072320099250237e-41
2.4301257553720144e-21
1.2866570753021512e-13
2.3733930684852864e-19
1.4398075226585257e-32
3.1091871986832e-15
1.1525271429981796e-28
7.016914837021588e-31
2.6513393923667758e-25
9.897860730435731e-11
9.093134567827343e-21
3.1395080626310473e-30
1.0380476495792886e-16
2.097330823849497e-24
4.879838293866026e-29
1.2294075603818452e-19
9.612526801467156e-27
6.166119652107482e-16
7.66294782643572e-10
8.419822889189752e-24
1.2669035246572431e-17
1.0391362592303804e-37
2.758327873661918e-24
1.3393605003628339e-28
8.837236930147536e-23
1.2685630380205608e-26
5.530250111129669e-29
8.803604764938643e-21
1.5487416275137817e-24
1.4796270920862947e-30
2.7289318182824406e-34
2.657011609657167e-16
1.3106412944845778e-18
1.17729485921564e-21
7.462294400974324e-24
8.236536644218674e-31
8.56686376405118e-19
2.268856728703613e-32
3.6428533223513845e-12
1.4978546456174455e-22
1.2498794162817654e-17
7.59207828033051e-48
6.0213023097753e-38
8.383536659076916e-22
1.528069746177741e-25
3.633616669272192e-16
1.9778975675276562e-17
1.4685909301613039e-22
5.430722416179335e-11
3.140365278726243e-22
6.04704493561173e-14
1.204929013621613e-24
1.4731886558833415e-24
9.191562275950317e-13
1.6335972973307742e-28
6.337070327570074e-22
2.285349409388533e-09
2.4726302342450257e-30
4.276440453436953e-29
2.2146167626796855e-24
1.745332740754651e-27
7.914773801620443e-29
3.106027731805113e-17
2.7492105387244413e-38
7.748109771506634e-14
1.5703444016382718e-16
3.7151851556047363e-28
7.651503836703079e-35
2.8844945420776906e-27
2.0384441622259998e-29
3.492652382366568e-22
2.6680812650703186e-25
1.3554160374355182e-30
6.412619383378601e-31
2.475858285443692e-25
7.18141795042391e-33
9.759625325843448e-19
1.0779254970248626e-35
5.016678142008847e-23
3.856030873809315e-27
3.752365078666502e-27
3.2695303733389235e-34
3.910248413906939e-35
6.091171001141763e-24
1.7574890257010918e-25
3.4927079301646847e-35
5.975463855339138e-27
2.3886139413409783e-28
9.82691992617819e-37
1.5308972136525898e-16
8.84413194139918e-18
1.4352493519402056e-25
3.0291887993864854e-17
5.457870015234096e-19
1.0593172585310964e-29
1.3851064914619954e-24
1.0829916723333816e-05
2.7044920847451776e-19
3.004162120244228e-15
1.1633551337353582e-36
8.535641346509401e-27
6.788030427771011e-29
5.5194590604911604e-17
3.204498473680301e-06
1.180746029486167e-13
5.708192719908747e-18
2.0599752874614105e-18
1.1175509201679092e-22
3.973248685415338e-35
5.9620045074137e-21
8.566361268476449e-35
2.185587883130848e-15
8.142396859261659e-26
6.524523687121444e-22
4.391181775733468e-29
1.1336744405719194e-22
1.241810580547342e-08
1.0186446275400978e-52
5.686234618362898e-16
5.323605845607459e-15
1.0142834680506874e-22
6.5408297920146875e-31
4.854918161466046e-24
2.6285961411164826e-24
2.719454213219045e-16
3.135300282790069e-07
9.007278595193218e-21
8.65910160300391e-26
5.888090872711199e-31
3.895982621653708e-23
1.2066467609189383e-08
3.1580981133206826e-33
4.3756886852671294e-21
1.4827587911716988e-18
1.71068125056184e-18
7.187387807063738e-09
6.855600355922886e-26
4.719743067673229e-25
5.792376946888737e-11
5.444278303081843e-17
1.538681709836659e-18
7.381667333434881e-30
7.243552352224528e-39
1.5763371875153003e-22
7.156122323919935e-35
5.3861241408871496e-18
2.3852108421945235e-19
5.097821839963835e-08
3.7071180396894815e-25
2.5343381440362946e-25
1.7658497945135924e-31
2.2318193149274283e-25
2.5633498225299154e-26
1.0074607280470657e-07
2.9091115070707687e-21
3.7090553644262062e-25
3.490706118056838e-31
9.788201761212955e-12
4.139504802152793e-25
4.644416186251426e-25
6.031020818265694e-26
3.1535387526790806e-32
1.1705773985464695e-35
2.12921388433167e-09
6.02761774691243e-26
9.641092706749676e-19
8.252683884240514e-35
1.965936362001828e-10
2.578066802134749e-21
1.465457071020596e-24
1.1510589254064042e-18
1.1266043262801402e-15
3.061606608663388e-22
2.0472152668384835e-17
7.071721790536398e-23
5.8411270113638005e-21
1.6975655997011432e-22
5.082490708374058e-26
1.377575637491021e-23
4.4515327136472226e-38
4.316727010048261e-25
2.0923228220476475e-50
6.644616563194284e-14
9.24327336095835e-28
1.93255645937442e-27
5.788291760141525e-41
1.2331931980822087e-14
4.530814328131146e-33
2.2829508246766703e-07
1.2848345870031312e-24
1.8345730412281224e-33
2.9442582362395486e-21
3.38874366279264e-32
8.417293218065129e-29
1.539243215613183e-23
1.1694192788384333e-12
4.5773452471985954e-07
1.4899371473143121e-27
6.575016383740902e-27
9.324824763504072e-19
3.170001528701502e-17
1.842552748679082e-23
1.1021095600948773e-17
2.239843649124732e-28
1.1518413830257274e-20
9.864675283142744e-38
3.2209475532182884e-10
7.17290400747396e-15
9.90043112182089e-33
7.151955698727855e-32
2.8042010096576758e-08
2.3634647050094335e-30
5.374779653770075e-24
2.323593019460883e-43
9.359750129009754e-17
2.3775660932700213e-28
7.041395599630286e-13
1.3053014991334304e-31
5.106226574435187e-21
4.9233046683820645e-15
7.055307271098747e-27
2.1608879915748814e-33
1.3056027944843016e-45
5.62745297957413e-25
1.4842518949248488e-19
1.3675059833565769e-14
3.358272351172065e-17
3.086786977669249e-26
3.7729220366763235e-14
1.0963848211749114e-34
7.138832729482231e-43
1.993025494712952e-32
1.9959484066569304e-34
1.724067034740061e-17
6.95792540806472e-24
4.365556301332966e-24
1.2288482751129918e-10
2.48392414252037e-19
1.9023047129011884e-32
6.296181522363674e-29
1.3449619899359518e-20
7.28944582910208e-23
4.320409133366101e-31
5.196223125296542e-21
2.1333168076926752e-21
4.959469099208371e-12
2.2791924088061866e-14
4.142912000599754e-26
2.3757002159905963e-26
2.9473838922073053e-25
2.8047926883323013e-18
4.033363381307796e-16
3.542388026884292e-22
4.1847812162116322e-22
1.9250732925481854e-24
1.2293324033691075e-17
4.835571580010344e-30
1.76522319987894e-24
3.6911564801570865e-09
2.206277762124327e-27
1.432701808560611e-22
2.073054305218048e-29
5.1577655627298304e-18
4.285372029404246e-23
2.5157538499819627e-17
2.5089514546713225e-33
6.4071505482431136e-46
7.557973767985679e-25
2.3271609783854687e-25
1.7710814026579723e-23
4.281368300845205e-28
1.1647741147460443e-27
3.936198868299246e-21
6.258032306343924e-22
1.4046333635860726e-21
2.3664046338210527e-31
5.1696405648521963e-08
1.1860264751068726e-36
2.940252510749959e-35
1.7112013151589055e-28
3.7223906120370486e-22
1.7251469522513076e-20
1.6369034178258377e-17
1.8606206242207833e-22
4.2828387381853664e-26
8.00299846458746e-23
1.3523053572419564e-22
2.4952614773113744e-19
2.398447017000859e-24
2.9513582248661127e-29
3.077695486485455e-12
5.05921593988447e-35
1.1040519395739716e-15
3.04141939182617e-26
4.048630605903485e-35
5.1349873025762534e-17
3.6217722866791473e-28
1.919460411434081e-19
1.3088562622061422e-35
3.514522801453686e-35
1.5337144586513764e-32
5.891758150256479e-10
1.3848825862857847e-19
1.2061357156887341e-29
6.821692138219727e-25
1.0307347498857739e-21
9.185653195252091e-10
7.966267609983029e-25
3.8250009617349695e-26
5.596117826780587e-20
1.2031476462104754e-33
1.567524527510082e-16
1.1156347262630301e-28
1.1531289740751368e-35
8.900499140450777e-17
2.3982194462248633e-28
4.04842131378446e-13
5.025704205948438e-24
5.2785582735385243e-20
4.428909175800836e-15
1.7748781276790731e-15
1.027622162841879e-22
3.1019132155978728e-25
1.730229115592583e-35
1.3924686019508198e-40
5.230774626992453e-19
2.7543853476069307e-41
3.274654435844647e-25
1.8443381776817337e-21
2.620786135524025e-11
4.422354291360991e-23
3.02831165376682e-08
1.6945067106764954e-18
4.726131283392814e-34
3.326791034524839e-19
2.9261475410175884e-19
3.561038820368173e-28
5.009669914932937e-17
7.457465309796567e-21
3.905724843991277e-08
9.14791125967842e-32
2.5213982690662735e-22
2.823056222524468e-25
2.2534127000431524e-26
1.8647299486482177e-63
2.2979699288493196e-20
2.7981766802155404e-23
5.474564782709516e-19
6.121754911737041e-20
6.119459497909621e-27
9.829452829605811e-15
3.915081799865935e-36
7.578404408932576e-32
2.7904714928960714e-36
2.044944714747536e-46
1.8808618999753938e-22
3.0726403260780815e-30
1.4886065450135787e-18
6.5714571999198115e-31
3.526621735484146e-17
7.730137206617655e-14
5.912047540070041e-25
9.904584001632227e-25
4.786829238938801e-27
4.670686713537354e-28
2.108969761904111e-21
1.812886528101769e-23
1.6940702429034812e-12
5.717060767069138e-28
1.1267118553505489e-13
3.151712293838502e-48
3.140546971612038e-18
9.164037558021882e-35
1.3752139656718796e-23
9.46567658416785e-19
3.2780184357098884e-20
3.8553839247073187e-16
1.1596960497795813e-23
3.321283604566407e-23
8.842316630700651e-23
2.546085790831123e-10
1.688966773498467e-13
2.7842737282577037e-21
4.1791305892355825e-24
1.7225613777802037e-19
2.3000969482007725e-11
2.8739844951492985e-27
2.6827868057416017e-10
3.0738254579426815e-24
3.3167912830227195e-29
1.2329665929987024e-41
7.531962834904887e-17
3.399914375809473e-23
2.709442820927842e-23
6.077444573976022e-09
5.349431799021337e-28
4.348367887638455e-27
5.979460123787126e-15
8.787246168794457e-26
3.2416231977057095e-09
1.2204766219389532e-19
1.138251108045119e-38
1.0674949968576844e-32
2.452681579200109e-10
1.1297865477296317e-13
1.4064797234397888e-25
6.822607964720708e-10
1.389510284412878e-36
1.186707061577155e-32
1.0251196355083411e-19
4.00925377052468e-19
7.84298399387255e-33
1.4830256550571828e-23
1.58836038544552e-23
2.2649261017931256e-15
8.349046390735967e-22
7.342067369679671e-07
5.805604796855853e-19
2.4270862756962557e-23
5.897095210702306e-32
3.809792168658312e-34
1.12822628127076e-15
7.066144313256903e-29
2.1803732512654796e-18
3.4352426314462204e-15
2.8906574738126317e-32
2.7202797088329203e-19
2.1860558302075862e-39
1.847260378209453e-06
8.005963997446027e-16
1.9496928987725816e-24
7.483868053475188e-33
2.5841110424151064e-23
1.8735644827371855e-19
6.020022941171161e-20
1.6713405318514134e-60
2.8501412009033225e-11
4.89273764861412e-20
4.904839023989028e-07
2.0894703821560147e-38
1.4416448410422703e-26
4.958917564966954e-26
2.647470852438067e-11
8.125482781446132e-10
7.592242523080526e-08
3.509844396111901e-23
1.1685042516816969e-24
3.772772707469496e-23
1.1769014821175772e-30
6.863645414045002e-25
7.407040103891163e-21
3.1557125643169467e-19
8.034929174497746e-17
1.3600953045174315e-15
1.5121139382309975e-44
1.2250713345464828e-29
1.6534427276577374e-30
7.853645384563612e-35
5.410076129135417e-32
1.3235443411929722e-22
4.745706643460069e-37
2.1580216496992014e-31
1.290357005970119e-28
2.0399173514934555e-31
3.996672398624038e-37
2.9770044671312362e-25
2.693723765187055e-22
3.094849740151432e-25
7.446184033580862e-15
1.469906183728859e-42
5.9049038947253715e-19
4.2853002566142e-18
4.3767765639340233e-32
1.274312093212919e-29
3.1713820049506583e-34
4.299044177395456e-25
4.5900722051710347e-41
9.06821631385575e-28
2.6952755094530367e-21
1.1002063220867771e-23
3.0154555739041177e-31
1.997471896226611e-27
3.016393773210974e-22
1.5726560461675476e-36
2.4063447923476303e-08
5.079131460727328e-22
3.865293572077283e-13
5.415928373937961e-16
1.8098059165342398e-29
4.350604689436225e-19
4.8076535740342854e-26
3.899389034741527e-21
7.630036739734919e-12
1.0509748697925706e-33
2.3117625292321262e-07
7.928816097935817e-18
3.266259877661596e-24
3.1868428501379303e-24
1.5881244094879302e-18
2.4314688713484063e-21
3.6169032436000276e-13
2.386315606868164e-18
6.93005535851983e-22
4.260185085895355e-07
8.893747642003588e-20
8.998233025718804e-24
5.461707359981438e-09
9.79996841444412e-33
1.964570692596164e-26
1.9281145630804068e-27
3.00375903122855e-25
8.74271100806023e-20
2.1005887672665892e-38
1.5646607179597417e-29
1.5858058132148178e-11
1.0943519212328347e-17
3.321894002381886e-26
1.0152722142393202e-24
1.7174425975870104e-31
5.1601625232672896e-24
3.101058067071743e-18
5.298809178097395e-36
7.162958759288993e-21
1.561817408687885e-31
6.710363255913496e-24
7.526969141146173e-23
2.34982923639197e-21
1.1844608207694173e-27
3.995377208023376e-14
4.658464632089611e-24
5.2044583993206985e-27
4.095506873735038e-12
2.0757016810156293e-29
2.8242264942238325e-09
5.378939090621436e-17
1.3928465538544018e-19
1.412342316788772e-23
6.72247459788043e-26
3.215727324934861e-26
8.424514381787185e-26
6.0472949227185275e-33
7.127436751959784e-09
4.2054148691276455e-16
3.468155518630967e-28
1.402654625873103e-18
3.143504100235173e-28
1.4050933893242511e-38
4.8970146451854236e-15
1.0667407696152144e-38
8.91319673408062e-14
2.3355646591546013e-18
7.686516194189273e-35
1.5895240358286206e-27
8.929117678041724e-28
6.98861748355988e-23
9.051544286757928e-32
9.801254404915808e-15
8.739799655755288e-25
1.0773836572871366e-13
1.1307664323677095e-13
4.896077402993831e-25
2.342571006520227e-25
2.412716538271384e-25
6.333991097710649e-15
1.5746559251655703e-23
1.7365065124627016e-32
4.309483037899733e-15
3.765345689828262e-19
9.443380860285237e-24
7.01493198806635e-18
1.5420231054532033e-31
5.816052606300112e-23
2.752471850443903e-40
1.1763094875597527e-21
1.32184174487254e-24
1.2281599169635395e-30
1.1409812599407404e-32
2.0918132003174358e-10
7.688820108698885e-24
1.2052014289665043e-26
2.37118374662459e-31
7.275337195729513e-25
2.8368204970896827e-14
4.63097199892822e-19
9.75932071458231e-41
6.519375499206191e-10
2.1636830169525878e-23
1.0263290667635619e-29
1.2472080829460197e-34
1.8253011476640213e-62
2.672361321068677e-34
8.3044592440443e-18
8.565901342948268e-26
1.0752794212703945e-29
3.1751225828518575e-25
3.996127296797463e-34
7.50112883752198e-17
1.6728179683790052e-44
4.9498548994349357e-17
6.227537967969713e-25
2.1940903488102576e-35
1.1665864558711918e-39
6.008478106482785e-08
3.8626668256031105e-26
6.305196512060089e-14
1.274653534638502e-16
4.836416837772303e-22
2.0207054203102766e-19
2.4946145402924603e-07
1.6347170977337344e-17
6.146890094491283e-17
4.118239884760064e-18
1.2158331772930967e-30
2.9827645768764777e-27
9.966500689424266e-23
2.10480584664107e-40
2.0929100552569615e-35
1.2654956459235275e-28
1.823489419534067e-35
5.609477055787349e-27
3.5569769825899007e-10
1.851849157723174e-17
3.0594456263475732e-09
5.7780429880152544e-11
8.925290631073097e-25
9.135445061197768e-35
5.1916750293244165e-30
1.2665189501554221e-16
1.5734099716009357e-15
9.552671214712368e-27
9.665495742037755e-26
3.4867132012759724e-20
9.24216947543484e-26
4.5997800782472233e-32
3.057962865974869e-48
1.5757762301006795e-24
1.125628707838444e-29
2.350701028485393e-32
3.1773756200531384e-29
4.628105541804522e-25
1.8118440663018428e-25
8.800274638233385e-19
2.434902761294844e-33
3.20842191435103e-38
7.6392780252223e-27
2.7492961177505844e-24
5.830021156144621e-22
1.5152391440619121e-19
2.452640326030144e-11
1.3842884295779605e-40
3.80880738971932e-17
1.5342985441649787e-24
1.3258897877023395e-16
3.693433197306566e-31
1.18597328381623e-18
2.1597582429783984e-11
1.0798276468131145e-19
5.116393430221567e-18
5.092845328678453e-08
3.660525791886905e-30
5.507104241568021e-22
2.546354578376712e-14
6.07085759592501e-21
1.2598390632439734e-07
1.7298577985570407e-16
7.698633075190044e-39
1.4915142198878595e-23
1.7841065400954783e-28
4.129403147084255e-08
4.272892322369156e-07
4.464673024405107e-37
1.3535790338649713e-19
7.586381075682156e-23
1.1261837955716851e-29
4.7126166923791016e-33
7.833576823788905e-24
2.8961941772883028e-21
9.948273465072716e-18
3.1319226383558564e-17
8.976512729346838e-28
3.6776349188735054e-39
3.359090392055001e-25
1.0372067437129388e-31
1.20799866129969e-29
2.500584724515714e-07
4.403832791408004e-31
1.0634682178776625e-28
5.568065645821835e-26
4.3232515968376075e-29
5.6273906996034e-25
3.8930063376716804e-13
1.4902421972968553e-23
3.8945952477549174e-27
2.2178498020336056e-33
3.2979635859140475e-28
1.879029018669167e-22
1.7028163001561849e-32
4.823120163419187e-23
3.205811923844691e-18
1.4208255951583646e-20
2.4539369983076057e-07
1.4639175719367775e-30
1.0529061416157049e-38
7.31479720518392e-17
3.766812522951023e-16
8.690664016962452e-24
5.969886662546832e-12
3.382435339947284e-26
2.696493926903753e-22
9.416317529993442e-42
5.123281419840574e-36
3.38244192076343e-27
1.9224932249442414e-24
8.013430796894521e-25
3.285397744827605e-22
1.2827283413261841e-24
8.169831019796169e-20
1.3324961386905782e-33
8.022528130922288e-22
5.267203094747816e-22
5.582655054071779e-29
3.677871628342592e-11
2.3959477904911792e-24
4.704454249909308e-28
5.0951193238049327e-33
2.5644417169452098e-23
4.6504078642722845e-10
5.723089309004024e-12
1.1414067982375212e-15
2.2670458978977428e-33
2.8584077715672007e-28
2.9161784581984092e-40
1.6391007159769742e-16
1.3222825477692086e-26
2.229593639660286e-20
1.0280611240638785e-18
2.4842817758500206e-19
2.613637914640541e-34
2.3330973165879258e-23
6.408184400731298e-11
1.0875214154464625e-22
1.263809829669589e-21
9.028217174607639e-25
3.4282968973762097e-31
1.195150239619358e-22
5.468455977142361e-20
1.5220320757736034e-51
3.232470249816666e-19
1.975687414772015e-36
5.176201328305127e-18
2.470472173605988e-21
3.4997354811905115e-12
1.12799811187669e-21
4.820599458170992e-19
4.422246639454156e-23
1.3764864810791467e-29
1.4904778744258632e-17
2.1951774584158416e-52
3.6740638926707024e-21
2.0161793177359658e-26
2.2690651451220545e-27
3.121853023319743e-26
3.984410161247806e-37
1.6874937211776835e-22
1.5014473043967893e-20
4.572652457882409e-22
3.872712676138789e-41
5.6122919870385286e-15
1.6666449492548114e-25
7.993802713786942e-23
2.1685823396083076e-18
2.3714913256844824e-31
1.3366961829492042e-24
1.1219498124913781e-31
2.375645266542271e-22
7.571939029100914e-23
1.4510723837364325e-16
5.301562444962931e-07
1.1035268879096546e-21
2.90391481126912e-16
8.990683368408528e-32
4.2913927792034187e-14
4.211523286096598e-29
5.655588388588453e-31
2.2011321923989945e-25
2.3367146413775797e-22
4.7502294862827974e-17
1.0922402601357902e-19
2.2390269985449552e-23
2.2085319220768936e-29
1.8606514540289024e-24
3.9145777280310105e-15
1.7366113632976595e-27
1.9384903541903836e-29
1.8615055351379108e-20
1.1481103423731093e-18
1.6251538692788076e-24
3.009000768820308e-24
5.470732306132702e-06
9.587050430206965e-19
2.840763579657076e-23
6.556353491085626e-20
1.0769845579941009e-05
9.770960393928887e-10
1.0960920499030186e-25
1.6956594969819942e-23
6.050182236591068e-36
5.670819223567787e-28
6.997381836174494e-44
3.2515057038977023e-07
8.147716641631124e-16
2.369120118661336e-24
1.106164032530504e-15
7.168829386952146e-32
8.876506203817979e-18
1.9690919532320572e-36
1.1426359569263155e-24
5.514326590335222e-32
4.3973850108312105e-25
6.333390341428689e-17
7.947083874161697e-19
1.6936883646268155e-35
4.0133350256706414e-34
9.578323440170722e-14
5.408264967955601e-22
2.0734251803171508e-27
2.368822049227888e-25
2.125637214234788e-08
2.787599144686209e-25
2.606410588110301e-29
9.889032010822965e-15
1.1112051487896005e-13
5.543341817453126e-22
1.483014808444382e-24
4.629332189141372e-25
3.4534580949266162e-40
1.8949962354186464e-21
3.106454553643248e-24
1.2207861694990886e-25
6.481032047256785e-30
3.289263221320231e-33
5.8803932975163746e-24
3.206358994322136e-42
5.797570969080934e-15
1.459780433037643e-26
1.211452749457619e-20
6.0415786031022665e-30
3.2659452262033266e-24
3.3974310803558217e-17
1.555646757968046e-29
4.7194074902444116e-27
2.5237356937923154e-16
1.521437626909732e-09
7.67851244900624e-10
9.970329879566553e-30
3.841736880147303e-26
3.1221211253739097e-30
3.479947437624692e-24
2.116745787813222e-11
1.0411595406474223e-18
3.163251252365289e-08
1.5178982328216204e-15
5.806110285224407e-26
3.6252727870273066e-30
3.1877195287773724e-18
7.438704139152556e-19
7.807337320189836e-36
1.0780488449001479e-19
1.33746992846856e-16
2.5868077243617674e-34
3.3748904532548065e-20
1.458508161273987e-47
3.938768900365051e-22
5.299505696295684e-24
4.225755159217486e-15
1.2722756426351616e-08
3.2662271710432167e-21
2.7938870180963325e-30
2.685116850492846e-31
2.5533229412544427e-37
6.5478753840094e-36
3.6600190388450543e-34
2.061353764310493e-16
4.397830206107003e-25
3.965573658509058e-21
5.062767533986694e-31
6.4697817090129185e-24
1.7894505362619355e-21
4.227070951332468e-22
1.2807251330007526e-14
7.671828075904369e-11
3.0096898774248167e-28
1.7324357831231883e-12
1.9346312389003204e-12
2.2484874484434466e-13
4.519512131895286e-31
3.550214358103415e-41
1.245242669563278e-23
5.68423545130843e-17
6.0417833877331054e-21
1.6093336860580441e-22
6.325393796912364e-22
5.925349800130208e-28
7.461973629936892e-23
2.059738808636963e-37
5.916735314922657e-31
4.632404971842357e-25
3.782264170176603e-09
2.209914657446425e-28
6.796320682848681e-24
1.058215328916719e-16
1.1919373675082148e-37
1.3878421419078871e-22
2.5763924439387188e-28
8.110145019344257e-10
1.2921332414600508e-40
6.752668280778685e-25
4.908200796799802e-27
3.413464504718325e-45
1.3151340344036884e-34
1.2388456923823646e-19
4.2909008406524914e-23
2.965753202001017e-29
4.5383948252904117e-13
5.595945879665141e-09
2.515434317109696e-10
2.5468097388337373e-25
1.2596854238609858e-25
1.2351522441171091e-39
3.089963720795546e-22
8.050683084603298e-19
4.680165566411512e-11
1.6992597150401883e-29
1.1158199148136273e-25
1.9600797846115385e-33
2.2151640553569544e-10
1.4458625197917942e-09
3.2224483528845e-36
6.575802243328114e-22
3.372647030695234e-23
1.875293189882333e-24
1.3338723094827846e-26
4.611008231718324e-18
4.508820715608392e-22
1.8292867494268223e-12
5.180430490091287e-11
2.869213194899624e-26
6.030017686006973e-24
3.097816187164385e-24
2.3670250890555456e-23
9.319345522237676e-25
8.180273744853532e-20
3.209870496782953e-20
7.792549633694715e-14
3.938943115552856e-15
3.401309066943993e-22
3.6424690776702796e-11
1.0858216581173061e-37
3.926262048631512e-22
3.8911173830466494e-23
4.045844905748655e-23
6.210919586802359e-37
3.381288816559124e-23
3.9415705379268916e-19
3.3480675162778594e-43
6.913715434322133e-14
7.88807726970864e-14
5.891390332293394e-48
1.2796170172775343e-26
9.795981014194039e-20
3.551633078969945e-34
4.6485245093482264e-20
2.704086848528149e-08
3.292820789008688e-27
3.7287444307571134e-53
1.2501077457366079e-23
3.6904263310542875e-15
5.2887063694619865e-30
4.6167551107881817e-07
5.781346295894784e-31
2.5145991880649933e-24
9.334141131717123e-22
7.590719911839451e-23
2.584432451633574e-21
1.7669143344228123e-26
4.351761076290018e-28
5.053422808047834e-20
1.0551836908166833e-37
1.5351763706599277e-20
6.960910890344692e-24
3.1076506699488625e-10
4.4732210230131893e-23
3.2438392857430984e-34
2.9169547176898927e-19
3.977580230999726e-24
2.1442811748923083e-15
4.612560675249483e-22
9.183492830221688e-34
1.3283387699483522e-08
1.0158773461159415e-34
8.403225969854764e-27
4.3317123007207204e-08
5.919786005547117e-22
4.679625470178257e-34
7.021111322841362e-23
1.23402491509752e-25
9.518204966196493e-12
7.927044159921844e-37
8.70132444028301e-33
9.726123004690692e-30
2.590357252498363e-30
8.872840786827985e-53
7.79989437110218e-28
4.748899928409828e-31
8.302361641064345e-33
1.2432894839910262e-21
4.7258980951501415e-23
6.92456344697327e-42
7.568512486157875e-25
3.116242153400882e-24
1.4814432884926057e-18
1.0469035029018813e-18
5.2843670925611816e-23
7.318027128859924e-31
2.937285399954285e-18
3.3498241701905463e-22
6.016171167709714e-18
1.3162556291285679e-39
8.365813398873421e-41
6.588779150279529e-22
1.8702944634264604e-13
1.3719558779941754e-36
2.343371885361322e-29
9.031304690951914e-29
5.456751645798824e-32
6.283678309082853e-17
9.20784688690477e-30
2.1885022072930964e-33
4.893411439826904e-30
4.337819152800404e-08
9.183437974571749e-35
4.43693242873133e-40
4.738782262149522e-34
1.3807602660223418e-30
1.70300141454352e-24
4.2694959461233894e-24
1.6451779204862095e-21
1.6997202979371922e-35
2.09852770413965e-28
5.750002413721429e-34
8.403393901561324e-40
1.1061028670108475e-30
3.5172517836400984e-16
2.8089226222596126e-41
9.207860095306783e-17
1.980676943359033e-43
1.425249040882283e-27
7.252703536469447e-18
3.048284615318905e-32
4.3700949861617687e-35
2.4062741531442635e-09
1.2576265251284769e-11
1.3651678779770458e-25
2.1204115464990746e-28
1.9173019214598304e-21
2.6792739408319312e-24
1.1850458473267896e-20
5.252561247458207e-11
2.2945984071505415e-15
3.717497999464755e-25
2.188927878272738e-22
1.244059764368639e-09
9.154892629122658e-18
1.493513174626569e-22
7.138633355927875e-26
1.9222994868016985e-14
4.7946791523474055e-25
3.325758898218721e-34
1.0981649628637741e-18
1.0270771607942487e-36
9.549590774808223e-25
3.118270570162446e-21
8.519740146984395e-24
9.499838314173764e-27
8.112502513880289e-41
7.676391644832536e-18
3.2734440174491768e-09
4.29439023863403e-32
1.1570226873889582e-24
1.311138072764593e-10
8.397842783997268e-26
2.137073789391051e-23
1.3584179844974353e-20
3.429889355902997e-20
2.3728069612219714e-10
4.223225305371184e-25
8.481896183825206e-22
2.5988936033795248e-09
3.7866690204875894e-21
3.544978348447729e-42
1.952505229416734e-25
2.5062555140216156e-22
8.59279088975058e-28
2.2449357329152482e-26
3.7377059489724934e-22
1.873567063329051e-08
1.0893111575193325e-28
6.243212031658064e-38
1.2140710969835381e-32
3.255091680557453e-35
1.1270897370850155e-26
2.6703150534363805e-22
9.980735698317272e-52
8.396211752116165e-20
3.390316513067402e-27
1.4371327879357346e-10
1.8603556414944927e-20
6.435338316315545e-07
2.0837535584068105e-16
1.3017941507023991e-17
3.417965408798441e-21
5.0455748713739874e-21
1.9557078584054585e-17
6.269444944378847e-19
3.1326410286106774e-14
1.3225532259568012e-07
2.6651167396022897e-29
6.912394960754414e-25
1.306693735242082e-16
2.7303528459150053e-23
2.3961383695854648e-33
3.3689991923141327e-21
2.075191087619756e-24
1.6239861950946513e-22
2.855695953784543e-36
5.3401673113040596e-21
1.5958433614879648e-34
5.2931658709977386e-15
1.0331523967744226e-22
1.1140846082294606e-22
1.9570356715277943e-21
1.541941715955137e-36
9.827144050840182e-24
2.9964686566245573e-26
2.1196002775451934e-15
1.666670347324447e-26
1.7562011162283843e-16
4.598201729367063e-20
3.3218447474605023e-16
1.6293692602311853e-06
3.6216536141915764e-30
2.2245681119411157e-20
7.872879764205583e-06
1.1393329051451158e-29
2.2098874261036596e-08
1.2685731782809299e-14
2.575461292264474e-22
3.4839807008959917e-13
9.199065137265955e-28
2.3645188038628974e-16
6.910494064039748e-28
2.9177699100852656e-25
5.731360416603842e-34
7.778741872640214e-35
8.99548736390987e-26
1.422216684303193e-23
5.684669621795474e-47
6.1639637231969015e-24
1.2663203172884518e-21
4.878974387931172e-20
4.816627063585637e-35
4.587734589337016e-19
6.975517033546737e-18
1.5056710253708425e-24
5.369754883776022e-21
1.0382579662302792e-22
9.425272635660226e-12
5.432216838675976e-19
1.0801540904986473e-28
5.460227756558702e-26
7.064940973335213e-11
9.198302257418304e-25
2.453036776510355e-22
3.3107303452781263e-16
3.615288906196162e-35
2.0285478781737736e-23
3.2627852889596953e-12
8.882908231608575e-36
1.6193356070836433e-32
7.371434796413346e-32
4.2609954371986416e-24
7.900761039369424e-29
3.2987544287131282e-37
5.248070941117949e-41
1.658686080676571e-25
5.508851877952417e-19
2.049462878790551e-21
5.4189987454294374e-18
1.2504124842826944e-21
1.8961448982155428e-20
5.042927477158796e-22
2.5327778749283376e-15
7.641459400489979e-26
6.598796478752757e-19
1.90325153667747e-44
5.192350701648647e-16
9.246696406579372e-13
3.7702313263663583e-35
1.5738581089595571e-31
3.7690002412806014e-23
8.823865465047972e-23
7.670579844477933e-20
1.0141825835617322e-08
2.3017032714688716e-16
1.2528140764226567e-24
2.6862378338565993e-24
5.915025249979828e-44
1.379276946723846e-05
3.416068266555558e-21
3.51176757496351e-24
1.1166449629524202e-25
4.398724752041433e-26
1.3176143555429234e-24
8.876098588453065e-34
1.6807146570028883e-22
2.8896561432059793e-22
3.4884270605594176e-22
8.597289191731409e-26
4.837301411052686e-52
2.4265460050415184e-24
3.238058653404344e-27
6.376539233946213e-29
2.5438143642888294e-26
7.667917452609336e-18
8.380920538072676e-22
3.7563273210553705e-23
4.295829756435394e-32
1.685390092099287e-24
1.0560117566646892e-24
1.6873607901560553e-27
1.7003028758586943e-29
2.671410986528249e-32
7.553837673426297e-22
1.0248832932523662e-24
8.189435121511095e-29
1.055435108759944e-26
7.061142185480833e-23
4.4877448341126285e-57
1.7662819744479694e-25
3.003499344898897e-22
1.3309162184777635e-20
5.766068227241895e-28
1.3869823144336165e-16
3.741186342293367e-19
1.381633981633314e-26
1.8055419976374947e-28
1.9602730874787325e-16
4.346727950626746e-19
4.272154915075858e-13
8.670633143357093e-21
8.572981446842368e-26
4.632817908437164e-13
2.552554705093426e-09
2.1641993727527546e-15
3.987098821536915e-30
2.9280089657563857e-53
2.3980469282963186e-18
4.235891184035101e-17
3.693868397905442e-29
7.590997001611932e-23
4.975749546970142e-31
1.3885156429685579e-27
3.0175584348704997e-22
1.1796438266059407e-36
1.9566074823180615e-13
1.837891658057566e-25
1.6910256820350687e-17
4.869242455562168e-26
1.6010778086263025e-19
6.775856261766242e-12
3.8179986158203623e-19
5.357076220696656e-15
9.779411531305207e-14
4.791945894264702e-20
2.113596214552753e-08
2.620296039185776e-19
1.25579489245678e-29
1.413314669760397e-16
1.5680807418175528e-14
3.116882480994715e-33
5.71369581994925e-15
2.4694152129698494e-15
2.816555261572154e-26
2.1920180271019586e-23
7.634766131324332e-10
4.2824473364877373e-17
3.7097360712736843e-35
3.444435496721048e-27
3.601032242558407e-33
3.1817090330381007e-25
1.1917915826135175e-13
7.962185854410936e-30
7.842836415660791e-25
1.6512879046471338e-18
2.3357749158024777e-35
8.558644523489379e-32
2.401348537925227e-17
5.833406943582981e-12
1.1784264290131657e-09
3.6125135183226365e-22
1.0607603031075451e-41
1.8940459614288595e-21
4.362412713481941e-21
3.6150522989403157e-25
1.6022322448044533e-17
1.140801201980001e-17
1.3612911836849384e-12
6.456672290268162e-30
3.334472226477207e-27
6.966329389351027e-28
3.1674664638650763e-21
4.059119493365425e-08
5.248946938442426e-25
2.4535763350142597e-24
9.69615679895112e-28
1.0995551486493271e-23
5.51636800425141e-26
1.374632272590444e-22
3.7153667102196956e-19
1.836770400642115e-17
2.6172747269271595e-29
4.987437785659696e-22
4.837069583273514e-30
1.9006571484642175e-28
3.171841308675979e-29
5.357585952350917e-14
3.4139800583054796e-06
4.6781668527065116e-46
3.90538240846385e-24
2.2657291413409077e-26
6.829969077959692e-19
7.074128302123686e-24
1.919405812710336e-15
6.378287688919573e-15
1.6737748463529982e-13
1.4280738665665666e-33
1.4349123012979083e-26
9.983963832565975e-26
5.257518420862635e-22
8.113893150201443e-31
3.2718786519257112e-21
1.1939630380143754e-22
4.694814532150066e-24
9.83968855399544e-32
1.0959921710706436e-30
5.967381073006897e-24
1.337793859160366e-27
7.072510201382627e-24
1.8984876978117896e-24
7.578802553523264e-49
1.3240941537392344e-11
8.182812550448405e-11
3.796729794289419e-32
1.2031556601345872e-20
7.595225525411606e-09
9.283416832751757e-43
1.8765020001708706e-32
7.417077544621729e-22
1.3503403915895637e-32
1.0009641779787942e-21
1.259225363106714e-27
3.944784645579567e-26
1.3343602043602895e-22
1.2390702155920696e-13
3.470843004600446e-19
5.9106469216252314e-15
9.946224854128971e-21
3.8080603384828125e-50
8.792267387826974e-24
3.91619011148722e-12
3.9401760658967515e-16
3.078046847312715e-12
6.504396577288535e-46
1.1383941155216105e-26
1.5328525738508066e-25
1.0497889097890043e-21
2.8759241635107782e-08
5.2307482712311134e-30
1.2179051369746354e-34
4.7467482250929324e-30
2.0525334689446137e-23
4.712897980083086e-06
8.259642156864117e-34
5.258287328283587e-30
1.0247716008257401e-15
1.0782788006001538e-16
6.58613052690387e-36
2.732636535790582e-33
5.490531133279859e-18
3.051225703440846e-22
1.784114448537537e-22
1.5843196497395673e-17
1.982058079448092e-37
2.5620123652588364e-28
4.8819987131727734e-20
1.8986725700769272e-26
8.127134140848503e-37
5.951480312116687e-38
2.52763827513443e-13
9.448986709287928e-18
2.591334136966659e-19
5.91096054745497e-21
2.2174829920299627e-17
4.991257830604107e-12
1.1325065350665156e-29
5.01919370938808e-40
1.9241697317749312e-39
1.772611441103941e-21
3.1605139328338415e-10
5.85882542329389e-15
1.1866164874970728e-06
5.099015576378187e-21
3.1096908438151094e-18
2.9970069761942105e-31
3.3780074988751127e-21
2.6394904382859406e-21
1.3576828833360445e-25
2.3489936335065394e-09
2.1206681891698484e-36
1.9886401348157577e-21
1.6909357124958642e-21
6.340196688613614e-18
7.356980456321228e-22
7.475729592411927e-17
2.5530262396823233e-20
4.508532627731078e-19
1.320504646472283e-28
3.6113040240835844e-25
6.221080194699426e-08
4.388014961226757e-18
9.199760454823078e-25
2.2657367564252246e-38
2.5774694538436182e-20
3.8921284688027056e-25
1.3073173118949363e-22
3.5048511779299634e-28
6.892193677813257e-28
6.546134904580755e-10
9.094290078326803e-31
4.533107131252318e-24
3.0976069961717343e-32
3.729844700093141e-20
5.387676421005699e-41
3.599219134019058e-36
1.0944145446191084e-28
1.2161675301430495e-17
3.1921641650561717e-17
2.6259626557497452e-23
1.5363077534530884e-23
1.2679029158506734e-40
1.1201772109872989e-17
2.870949585577626e-17
5.893308284300774e-44
9.97959005291242e-14
1.0409222368523781e-23
2.241003804970625e-28
4.872471140111865e-23
5.342603216690721e-29
7.20388311879951e-10
1.2368000809245583e-28
2.0082625683785581e-56
3.4190519580087126e-26
3.9628869164288375e-27
1.5194202641659987e-24
6.637465018455031e-15
7.597204039716154e-27
6.36974110020881e-25
5.192789061246876e-27
2.2849987913136636e-11
1.3657268631879181e-30
2.064310238950855e-11
4.023717522997447e-23
3.0674916707147397e-33
1.670875948405178e-25
8.439570052635472e-25
1.367070211236076e-09
6.317107067999564e-16
3.426597204917682e-24
3.977329854304648e-30
1.2326065771689312e-38
2.7884558818710346e-29
2.0087772954851105e-37
1.705959670857722e-19
6.314490879904371e-35
1.2149781311454125e-19
5.57370452158069e-19
1.896481724930613e-21
5.639011464462386e-10
1.8346749165133006e-26
5.045548412211106e-18
6.877405008671016e-28
2.178970350525172e-18
9.148531488251074e-26
2.374108033465076e-23
8.85361592126141e-26
1.879532059733663e-17
2.3145828984298324e-33
1.2039530301134385e-24
4.1182695685655975e-23
2.6079080016782355e-18
5.681652404264021e-17
1.9252339638366452e-22
3.6261630032277536e-23
6.101827806916551e-20
1.3642513903082502e-30
7.611989704164919e-26
1.941525604147489e-09
1.4029001552191859e-14
9.193372642074727e-33
7.307021156780279e-22
8.300254299937372e-30
5.867986029143156e-35
3.1855384480671785e-25
1.1292514880484866e-44
6.568870440379322e-13
6.270936517769177e-13
2.429455744653843e-16
3.5105684357990927e-25
4.076993818437052e-19
7.720520650038321e-18
2.706305954587057e-30
1.27183858149388e-22
4.409073885795445e-23
5.0359031123028176e-27
3.361220590746434e-28
3.3928073977837947e-53
7.50800039151069e-29
3.3603291694017788e-21
2.1449018053817848e-09
4.118371389202924e-41
1.8224540091794737e-29
6.917846243693376e-31
5.297375528059615e-43
4.854176441604603e-20
9.615441458841485e-33
4.9663402330778016e-33
3.605171940706157e-17
3.3894798133489186e-22
7.990031205072734e-09
3.672835479270224e-24
4.4633282723693646e-24
2.1579848848540306e-14
4.047840968967462e-31
1.243978359340101e-26
1.4653704305656953e-19
2.2470351143065816e-28
3.1115091820481313e-28
2.5994840027577355e-30
2.936558258547657e-23
6.201807777559245e-30
1.9113624635268237e-23
2.0359446880116105e-25
3.1011110916428287e-13
8.808745017943237e-18
1.0929749111805282e-22
5.144998244689929e-31
4.2598198824977384e-16
1.086148635612803e-26
8.260970469074434e-27
4.95670201288142e-23
7.946478767752278e-26
9.333793756735907e-43
6.419411879306353e-39
3.051925123750086e-08
1.3804227244590292e-25
3.0416639206692394e-23
4.841934336832928e-38
2.8797986219108584e-16
9.286665067202228e-21
2.3450219818425086e-08
4.569401448161295e-21
2.1932597663963774e-16
1.6463388981669835e-30
5.241622842299137e-24
5.15581526865716e-18
2.685663178891035e-08
1.316259244786224e-47
3.0294220468488877e-24
9.688905933780221e-21
3.0302381849373556e-22
4.8090118985835775e-37
7.011092530688479e-12
6.0986035300610505e-27
1.7371368707393727e-15
4.0152874747758074e-24
1.5155465785537857e-26
4.2091338952578595e-27
1.0935468067487267e-22
5.047044423557907e-25
1.361696885042544e-28
2.7260422482565757e-36
4.848310838944736e-24
6.221142863753428e-18
1.1823260193226522e-18
1.916174293876429e-08
3.8396442362552414e-13
1.0576267077314362e-37
1.6837316428832894e-33
2.187292151587753e-21
2.2383655962844763e-25
1.1201686071476893e-15
9.961762190911623e-27
3.0785798983305486e-30
1.0272110288453993e-19
7.068862767411014e-08
5.2681180154773236e-23
2.2342783545479033e-30
3.461726803392828e-28
2.879251294133457e-29
2.954205066649038e-30
4.1480539648373546e-26
1.749527282166588e-29
3.849098949430779e-11
7.130286372100003e-24
2.8308845171800068e-15
2.656301067031909e-38
1.1023976377801711e-27
4.606386943574503e-26
6.8854270751295955e-34
1.7274726180314774e-24
3.111680870965587e-23
1.6280172356384764e-30
5.145515768393966e-14
5.782481635191636e-27
1.0699679575458746e-23
1.6825988719613105e-21
2.789663520027659e-17
7.459654977761148e-38
3.8282197447468375e-21
2.7772875429479467e-25
3.41208265058717e-48
2.1732369461579118e-30
1.717236608761337e-30
1.1187305563046087e-14
4.0479321532934384e-21
1.0984597386083154e-24
1.1587147230420008e-36
5.051877855136578e-25
1.8071873353764296e-23
1.6149446774092198e-24
1.926651072940598e-24
1.388250125560593e-32
3.68904156224391e-21
1.1551175876921949e-29
1.497908699587162e-23
3.406264029120062e-11
5.7697744552868805e-25
1.0848450465157462e-37
2.02710689293079e-42
1.1475842033779702e-44
2.1363863787068717e-17
9.625346900892839e-24
9.160013417002137e-25
3.389506308312874e-21
4.4458115952466355e-27
1.2721268620114092e-17
1.787723748284695e-24
9.153576492235131e-46
1.0831925201939703e-26
1.5111972103386951e-22
1.1436133082442972e-10
1.6727488183595065e-30
1.7026069516421143e-26
5.983325145044022e-34
2.5083768351531192e-18
7.180847123013741e-34
5.178570396652212e-24
1.0392155695343368e-10
1.1629727805632394e-14
1.296380907250713e-36
7.04738854546129e-29
1.4708005397687572e-09
1.2328394447778108e-25
2.0771142637333134e-23
3.7335181462343786e-22
7.199070839936055e-19
3.4699028613005646e-35
7.25660998193905e-29
1.3147384224219373e-32
3.5613114733778963e-31
6.084210230804572e-38
3.690263746316237e-35
2.081188537283611e-09
2.1942070129974194e-26
5.814676391607441e-10
7.882158272309044e-21
5.173515572509e-18
3.458043422026332e-27
5.435816692046461e-21
1.8086628988492135e-26
1.305760184758787e-17
3.4036635826182862e-37
1.6896398319181711e-21
4.2990179370445304e-20
3.017365096746816e-16
1.565566501787351e-26
1.4585422192761457e-06
8.056804576693815e-11
8.488185981318639e-38
5.058982897797979e-10
7.266175274605606e-28
8.160676815248292e-36
7.344000382842007e-20
4.0917891000814417e-16
7.133626201326145e-31
5.787853126821809e-13
3.71154619870852e-19
3.426934938117147e-32
4.094848117675883e-17
8.623619525762773e-20
4.9250963503847976e-33
2.178770652694219e-25
1.3825605221338472e-31
6.846766718181634e-38
2.965639432938148e-12
4.799580327310013e-25
6.285566703674027e-28
2.9844851863710436e-17
8.147589815764958e-23
5.959870631857241e-22
2.993186314910466e-07
2.5887509608233212e-21
5.687716017827276e-19
9.449581518344939e-16
9.064734090120215e-25
8.58317831452528e-21
1.1956975201894604e-23
1.566855500769021e-18
8.895977061268474e-43
1.0250513731486405e-22
7.215141481127253e-18
5.823694800542964e-12
2.793535317282023e-15
1.815942726633008e-23
3.1781783369616468e-06
3.3336037237784664e-14
6.871341291399049e-36
3.8030346359955792e-28
5.053155899930878e-33
7.34805268461159e-26
3.156438402719301e-32
1.531589165435399e-23
1.669406950401332e-19
5.635978169067488e-22
2.0718779178757295e-28
1.5686324802302848e-15
8.38793890073939e-30
3.648158332820089e-19
6.879819697126383e-30
7.505148055277971e-34
1.383798045112899e-35
7.579728768274776e-23
4.064265505657942e-08
1.345698478235386e-33
9.113889591355766e-36
1.5573314062316125e-17
1.620068439872304e-29
7.911171563285308e-18
8.04700698554185e-42
7.555090644080788e-23
2.8221072858229847e-24
4.9389420091413085e-24
8.056048161813562e-23
1.6987699688021034e-31
3.92695006567288e-19
4.700130657585556e-26
6.6545905934011e-16
4.052836930000428e-19
8.380189759331856e-32
4.878053904962014e-34
8.656254952082429e-22
2.1299926840039114e-20
7.4673151993359e-18
3.3117539430989e-31
1.1585595121509741e-32
2.1004959966290738e-20
2.127371905298173e-24
6.537769239729596e-24
1.4311968889393805e-30
3.1647380244249777e-26
2.6641341052205917e-09
1.0850675811334099e-25
2.789743724610272e-28
2.366335518131247e-22
1.1404056278919879e-41
5.489700597631062e-15
1.6713782182384363e-07
1.3330465238119006e-38
1.792672945590581e-21
5.159693762174316e-23
3.0697755605176597e-21
1.345377655954709e-13
1.9173007727707723e-22
4.640062954401735e-35
4.3812873968403426e-36
3.090376951540572e-20
1.0516534608210064e-29
1.820843937697674e-15
2.945505703119679e-10
2.4126982035155733e-40
8.631797177995905e-34
2.8919095805534434e-19
1.4064769147644525e-47
1.9559852170378873e-34
9.710290766966264e-11
2.1902000347196635e-23
1.2523934201547347e-10
3.858143004780825e-15
5.755756499218574e-22
4.594946528691864e-30
5.060292785527772e-19
1.1331599063844095e-41
1.1676368661503166e-33
1.542738327094483e-08
7.727725603080587e-22
7.993295829716463e-26
7.257068343774652e-25
6.64587941677549e-13
3.8471770795714155e-20
4.70255515778174e-20
1.1020073528798534e-47
9.612073277954036e-24
4.150178847813635e-33
7.089845865743117e-23
1.1417926812921778e-23
1.1919578321288016e-19
1.6530966189486001e-13
8.045238337237814e-38
1.2399412291036542e-28
7.192020312935403e-20
9.602003931052069e-24
1.2443866642052711e-26
5.534449198885065e-22
2.6608761026657542e-30
4.0084780524407e-32
6.7148354535757585e-25
1.7621414843323914e-26
3.200084264624924e-20
9.596629621042362e-29
2.933204947870151e-29
3.739378187609896e-25
1.9623638649406982e-10
9.111830450222618e-12
1.2416960996010573e-27
2.169591845134265e-26
4.948537493485362e-37
3.576695507820566e-18
5.723929981240987e-37
5.061608192277231e-28
1.97842906535128e-51
3.300852447763736e-39
2.3209837665940728e-30
2.3693933808977658e-28
1.6862617435142348e-21
2.6307753907661755e-27
2.6104112942505094e-30
9.980665738078942e-21
7.641300106092023e-35
1.5025962470060267e-21
1.2903684817351045e-22
1.0626856719860002e-09
3.4541611615484823e-35
1.8518189311274486e-27
7.298297076120486e-17
2.633043071224795e-16
1.784395635353363e-21
6.381934238946344e-22
7.229273158068323e-20
5.275888355121774e-30
3.351828545055678e-15
7.603743142665707e-11
1.1678227533358715e-27
1.8169386673629478e-15
2.506024416670577e-24
9.878502052272778e-24
2.8899197744436378e-30
6.393737071031699e-32
5.897475555257997e-29
1.1681935833833867e-30
1.2419225926360819e-19
2.5510110926858725e-22
7.903469442416875e-20
2.6844582580874303e-12
8.92435497958455e-24
1.671338025566876e-08
8.330723700763014e-09
5.888876363356451e-35
4.530464342520498e-28
1.9843372888828154e-29
7.204281169831279e-37
8.986113800452254e-16
1.2595941276493086e-17
1.1934475716020431e-28
2.179951098568338e-26
1.2397597510386835e-21
1.3602718509551042e-23
8.228240840928847e-19
1.13066224392998e-21
5.332545310699589e-29
1.115928830560044e-31
1.1498589626508107e-31
7.41055400569906e-10
3.568241226646552e-18
1.4155440335840792e-11
8.00042914722193e-33
1.1919497934867803e-30
7.031194489009014e-16
1.7370078070687046e-21
2.6828607850552035e-27
1.0821654902868549e-27
4.841142087650042e-18
1.9095315276040683e-07
1.802317711646663e-16
9.833844521832412e-15
7.084066840755642e-22
7.523635347838088e-09
3.838332197588874e-17
1.0290879914844683e-18
6.686460466817643e-30
1.1738370072033143e-13
4.581650515901722e-39
5.123857339041615e-22
9.372080537358189e-27
4.6682958756730775e-33
7.435858278464889e-26
2.3120496890386654e-29
3.118373362305915e-28
4.258333282557175e-14
6.573393111657062e-18
1.1885540328378202e-06
3.506046270336142e-33
3.5783872134721305e-22
3.4806730768984004e-11
6.257445481899485e-18
0.002568944167151277
2.4212137459713347e-22
4.5288138873244863e-20
1.9743387843338636e-24
5.054953992478639e-26
3.8795295196951927e-25
1.201405462455293e-23
2.970941816059534e-38
1.194909603149979e-37
4.867342796372282e-27
1.1761826522323247e-19
3.706618655876454e-29
4.065759565627474e-19
9.441579704845283e-26
5.9478143805935796e-08
1.050401633995607e-18
3.357041786843992e-17
1.1046431469999042e-31
2.2615642752639453e-24
2.9898111040032694e-40
1.8656742510707726e-26
2.204761048183104e-15
1.260946132827653e-36
2.641763911983481e-26
1.7160618135933687e-23
9.269440711754964e-09
6.4168005097462244e-27
9.051100183682737e-26
2.0060257652972587e-28
2.823037143460429e-16
1.921314014508322e-24
4.1211717004356065e-21
5.847084636608248e-41
4.138760616412032e-15
9.496031980637949e-26
1.0725156226261904e-12
1.2853143435262423e-29
2.8556754435299384e-09
3.110708015500151e-07
8.3130441152533e-20
9.483569307953102e-15
4.262857887621313e-28
1.7064015272583593e-33
2.429338393236508e-36
4.863911264533616e-29
1.2732014573116089e-20
1.3090515288908448e-15
6.039660689040265e-12
6.051556926260776e-26
3.5840614432601164e-23
2.6128150016809685e-17
1.543451049852312e-20
5.643493131430166e-26
3.8280654529498047e-17
3.031356474061946e-22
2.537527803124892e-27
6.96563618501374e-11
3.576417342206442e-26
7.652536445962856e-34
1.2147021434393394e-57
6.02464991326709e-19
5.4826331683055375e-12
3.272694498573334e-31
8.305167995725126e-36
1.0178634244076972e-33
7.772956655440937e-28
1.9410110404611536e-23
4.8487495106710695e-32
4.9306617837131234e-26
1.942032191389342e-23
3.708288856727046e-16
7.68134287246522e-14
1.0305451622370914e-19
6.222587400427471e-20
4.56846086574132e-22
1.767042000503725e-20
5.585477892572389e-32
6.797685611958363e-29
1.3584443410497886e-13
1.1660795641495033e-08
7.84866034483459e-20
4.045182631157114e-33
1.2901221252525165e-22
3.4487978752032844e-22
7.40342303772641e-15
2.0011593455361312e-24
4.883985920607502e-19
5.624335191901148e-23
9.56249938399403e-26
1.5609537138033993e-13
9.781873045724554e-09
5.756662737905179e-29
2.1302450222017027e-24
4.6809232939018077e-32
7.15461328731578e-30
1.7641194267508766e-16
2.8927891182544283e-12
2.7279673450856397e-23
1.014711074658645e-12
5.968119645464597e-23
1.7004685737806857e-20
7.345415066545166e-25
2.480842129514811e-32
5.573517227636752e-31
1.3344643414795025e-28
2.0886966962025993e-20
1.0816524797049013e-22
1.0559480288632265e-29
1.3415261475916274e-22
4.0466787209949685e-08
6.863473745590006e-29
1.363512442075905e-29
8.653753081379006e-26
2.3523931466006645e-29
8.037660066615427e-36
3.752789215888493e-18
9.772167113887245e-18
7.577736714668367e-17
1.8654835246204843e-27
2.6502731551331805e-23
1.7550618824326746e-30
3.9239608410081855e-33
1.010455869990116e-36
1.3501766837537123e-24
1.4589260693083658e-17
1.9497486648551115e-21
2.0842821482897364e-38
1.395252206656594e-24
5.630863291340333e-24
1.7482912051126695e-18
2.141971898563874e-25
3.5614650671753503e-29
5.644325767074688e-38
2.3011473718777372e-23
1.8423278098617987e-32
2.026997816987922e-21
2.33866620397419e-10
5.443706549394055e-08
7.402040465095084e-19
8.276190939283575e-18
1.220981496753944e-13
1.396361906495217e-20
2.7635810471592867e-24
6.777076715186447e-13
1.685893237292426e-27
3.156671948539703e-27
2.6899718441962507e-22
1.1866652060620413e-31
2.0333353660169683e-22
6.957723529213568e-18
3.4574393659517775e-17
4.609658366049735e-16
8.171671039289429e-12
2.0555181181750024e-29
2.9722281452428077e-31
1.1175374642650178e-30
2.1248775262988998e-16
4.4041985427060536e-23
2.0595431561041215e-20
6.103794074045221e-08
1.29134936188601e-17
8.763599020877319e-20
1.7848660224270434e-25
2.9432350912926555e-20
2.2874765528498155e-31
9.489291344969263e-25
7.776553434581975e-13
5.1768765191635486e-12
3.4578512053732277e-23
1.1663490812527091e-39
1.4503016248788041e-30
4.341241761725706e-31
7.140148507694357e-22
1.5552370590786975e-48
1.1707796003964282e-19
1.009889558557054e-26
6.878260133683765e-21
1.3603726569486068e-32
1.8528220037325508e-30
9.534419349331545e-18
3.0765934473659445e-15
1.2118539395182912e-08
5.557636365966293e-22
1.8366994207786524e-20
1.180738412467639e-19
7.975572616242466e-23
3.3234801122389746e-07
1.2896475690438633e-15
3.180143696812999e-20
3.2395711920250703e-21
6.669465207383414e-50
1.2597637239635428e-09
1.9135939792715259e-19
1.884491090367918e-22
6.891240908480214e-13
6.933523942101342e-10
1.1846460943419388e-11
1.291115542021433e-24
2.0414483410640438e-33
2.2693941459956653e-14
3.766989703485937e-12
2.4027708224207736e-12
1.0740198586981934e-22
1.9751445762861118e-28
7.939211591557692e-23
1.0992027836844735e-16
2.8600694805545556e-26
3.877860766015831e-36
7.071593578339997e-07
2.166443778758418e-19
2.541507538931338e-21
1.9420578028289032e-22
1.4644724023644798e-20
8.228021921810357e-17
1.1529193160930056e-27
1.651824252432516e-51
1.7712431255083324e-26
9.71273067690843e-41
4.0585131873172045e-31
4.882286800016604e-14
3.532237962085816e-33
7.772013269578155e-21
2.518918596647841e-17
1.0445584945287775e-10
1.7108430787524387e-22
3.1503844750711253e-27
1.7711337761528201e-31
1.7606168439385116e-36
5.823206114609859e-50
2.875054995030163e-34
1.8780629881006475e-28
6.748421247470803e-20
4.5986466240788135e-16
6.299368161374766e-35
1.5076096177669556e-14
2.0949703467347617e-27
1.0794047504424176e-23
1.1398033771122808e-24
6.089514539698949e-26
5.424209802903123e-31
4.728716013424324e-51
5.673584045026201e-27
1.9175453279689778e-21
1.0997078320839048e-25
1.2957083963595172e-40
3.029750623532156e-23
3.4891078882023316e-35
3.4378971318495996e-19
2.669136600092234e-25
6.09976492930968e-32
2.452231715711339e-24
3.815696316619372e-24
4.1330606642951373e-38
1.0972879659464175e-24
5.603673857717188e-17
4.48444833478935e-18
1.845620792966516e-14
4.0073337721623236e-17
5.1455087032992667e-17
3.9735526771681394e-11
4.255739578524545e-37
6.997223355217913e-10
2.5891375149384816e-22
1.6722242406276164e-22
7.259610537780665e-48
1.0264696840715035e-19
3.272987809081013e-33
1.206648116425093e-13
6.739169754849279e-27
1.0122337137246484e-35
4.843628459410831e-27
4.2189896563836166e-32
6.453063762107432e-32
1.887666717508964e-23
9.265596759720515e-12
1.6104779616820056e-40
1.960488338666908e-29
3.959845599313407e-19
2.2619671733549724e-26
5.5611951385037416e-09
9.737444999628678e-19
1.5358294155387694e-22
6.9859863879379555e-43
4.1298902560275355e-30
4.711000754247741e-24
1.7029797830112453e-21
6.775528657277311e-24
1.1853131948549669e-14
7.455733921355689e-22
3.3766489166005278e-28
3.295777796124016e-32
5.700837990267264e-34
5.67976939278955e-27
1.5741982105913946e-20
2.8217118545149648e-25
1.0694959469154635e-27
3.6010339722548713e-22
8.70516453203492e-34
1.2212637694524176e-20
9.194905710438417e-36
8.011776523904126e-10
3.4753083523459565e-21
5.684583583018343e-24
6.721385959181506e-33
6.261722370335081e-16
7.448974638942276e-18
2.7374772833013216e-24
3.4868429481452736e-23
2.3632201013546017e-31
2.8118290234058884e-23
1.6067871523690613e-27
2.7168278661362786e-13
5.1181479417420005e-23
1.3697996946491993e-23
8.403597917475639e-39
3.2633533774447523e-23
1.625897234612299e-23
1.0526378126786834e-23
2.0256288661512172e-25
2.1295588069270715e-30
2.119448569481604e-25
2.0936323458063562e-20
9.682970924045027e-41
1.4523657749488213e-14
2.3988094521373037e-33
2.1885918741171256e-44
6.324047407765417e-18
3.7033931282773533e-28
5.32475841624287e-15
2.5142185532943118e-26
1.6267994978650247e-40
7.534727104111679e-26
1.2749021482012795e-36
1.1835377987245387e-22
6.69808738475408e-31
4.89778348156077e-19
1.5672908866160513e-34
8.077687862355177e-17
1.9097493311887756e-11
3.416535446281833e-21
1.9555159954184312e-29
8.498571443712574e-27
2.582027081206346e-38
1.3112992332687795e-35
3.089750755702191e-27
2.481658988275922e-22
3.3874201326182257e-19
4.0484901922569926e-21
2.072219684735654e-21
1.93518979058607e-18
3.449645366497107e-29
5.99989034813628e-11
2.4373214992711202e-37
1.004458131036319e-15
1.1040143129188436e-26
2.94468533852037e-23
6.535696033770693e-27
5.600945736387042e-22
5.091556217542968e-20
2.1860659354306296e-44
2.4221775465046003e-28
1.2110231756887404e-33
1.8282897566629217e-24
2.4732775505989742e-23
1.8743724009583174e-27
2.871614662647699e-32
1.483129607653861e-25
5.089601264359529e-28
1.826322059922155e-34
4.33115716522826e-11
1.9363826044494214e-09
9.968058189601087e-61
1.9995983662831554e-19
4.331793497475301e-25
6.334695493239474e-26
5.888959464767657e-15
8.99176468322494e-31
6.825319593051855e-36
4.464793179163365e-31
5.683450472051211e-16
5.533891002045005e-32
1.3139596176748536e-25
2.189058884157985e-19
5.220954447070468e-08
3.8428441356333176e-11
1.0634223477407e-26
1.5118721761923725e-22
2.8325806479102176e-32
8.418944632599677e-28
2.587527730275019e-37
2.1333253200223633e-14
9.319770029534792e-26
4.846497098066724e-31
8.71185860008057e-49
2.6142224735489205e-26
3.9812111897922783e-19
1.8546082711778153e-38
2.144772670980179e-20
2.900822098557365e-26
6.610933079177368e-25
1.5569730504913674e-25
8.817824618537623e-25
9.100446974637014e-28
6.402040408594799e-48
2.788591243970162e-21
7.153154515922822e-08
1.0887845271033903e-25
5.7001149363753655e-28
3.336951201559179e-25
5.978737261305366e-33
1.02730343331849e-16
4.779557389711146e-24
2.064224719464148e-23
2.1117196838452663e-21
2.091821883315756e-23
2.3476509046491332e-20
5.14954007424062e-29
1.040623805694625e-30
4.8490196851964935e-26
1.1693712933331646e-13
7.655751918615102e-31
1.443581663684198e-20
5.604216680072607e-23
1.7471407211236332e-20
4.275810283237974e-18
8.630227458401841e-40
1.1923739238205442e-54
1.5522347868049044e-11
4.651109067989055e-19
3.4361001321241424e-08
2.9207239546964376e-20
1.0827434650756968e-25
1.1535278119936762e-12
3.9695193987625555e-34
9.333429365800947e-17
6.052621506530169e-36
6.269069056086124e-33
2.8166338955094312e-14
9.186412617555898e-11
1.3847194129203067e-44
2.645975360660492e-22
1.7082297623221893e-26
1.329254005659964e-21
1.1620288199921253e-26
3.54554050899221e-42
3.54435367266137e-19
2.0005495901960037e-24
1.982118742992711e-17
4.978862875599368e-26
2.887259859533499e-16
4.9643688140141726e-23
2.0857545876099798e-30
1.2473600729206868e-33
1.8803912882080405e-30
4.839452903966495e-26
5.419181463257599e-31
1.1497774455049052e-28
1.53211445562042e-29
3.5144912426530103e-16
3.282458828631549e-19
1.5039671856219952e-30
4.1916910518233394e-29
2.724910931594345e-24
1.002300824247021e-21
7.018672139377688e-34
9.400973142636852e-37
2.217198814276167e-23
6.185080879628393e-28
1.2832085473816246e-27
2.121200282335089e-31
1.6665699593851387e-25
3.0455791236886315e-22
3.386026752343841e-36
6.63576794618237e-18
9.75915379126633e-27
1.3726423070870147e-08
4.303216648808243e-43
4.308802314315679e-20
1.767085809868332e-27
1.7204166831756184e-44
5.1402089071556e-10
6.80668753478596e-43
4.189230305273282e-23
2.097214345696678e-17
4.30364830583793e-31
1.9127892655488013e-11
2.032765296190879e-12
9.833125992144062e-23
6.043405915578345e-26
1.0136484937235834e-30
5.834578624838467e-54
1.226639300735272e-37
7.783669597483516e-16
1.5278972638356199e-47
2.907941399455628e-26
6.429891991672646e-33
1.7108703044180984e-12
4.298587619511714e-16
4.5355660523032535e-10
2.7147999246779073e-24
1.3095788696384024e-24
1.6978258409645463e-12
2.5010031119904914e-18
2.515482151793954e-33
4.44399236377648e-16
3.007890108008798e-30
5.166384089327371e-26
2.680845338088731e-18
1.1177302461218186e-26
1.050043487018762e-43
4.6871361956671176e-09
8.546850092034031e-19
2.0979110852354747e-19
1.1074696034960339e-29
1.2527475955810206e-27
3.104919689545154e-40
7.003493183984929e-32
8.511913035693783e-18
4.525136664337305e-17
8.568075783899876e-25
2.2365484659912925e-32
7.215288151104567e-27
1.5270892498030486e-21
9.432038200427701e-23
4.7705463578001994e-36
5.6164992587775814e-18
7.233827132450874e-10
1.2613847763167547e-33
6.389800676399035e-26
1.5912438625498636e-18
1.5032136790866047e-15
8.982547158940475e-54
4.1241058544741386e-32
2.2213615597749588e-44
6.990055679323888e-08
1.454938562173813e-09
1.649400069888587e-20
9.699754665922173e-29
3.023425178555026e-16
1.9557333996962193e-26
4.0336176069739e-21
4.874084911609148e-19
2.332856719351381e-35
1.6214900543966524e-24
1.3162503701483194e-15
2.1954193743470603e-11
2.707735317254145e-32
4.3641141053682077e-13
6.893111883236465e-15
4.608250930030214e-18
1.4193399459613045e-11
1.6183964194136956e-19
4.461965991204608e-14
1.9710698053235953e-23
1.0699287845928548e-30
1.7165406549665638e-20
3.6829506982403464e-32
5.460669358443596e-35
3.9535733423558735e-20
1.6751803811514234e-15
6.089012692742381e-21
4.0433097561207233e-11
3.2671826122461446e-23
6.322538884028971e-28
1.842595373208678e-27
3.502712164928864e-31
4.1283555602695533e-44
8.314047751602217e-31
2.1585379116457916e-19
1.5048095598745895e-41
1.1169137247360637e-25
6.670087166085409e-41
3.3739791575619587e-26
2.5538221746959358e-27
1.317723118365347e-34
1.3863360404525804e-17
6.933344816782463e-24
9.870564208410702e-16
1.1019687261390738e-06
2.8432291717534687e-21
4.841054905986347e-42
2.1970636089344804e-14
1.7375325697147758e-33
4.416002513339345e-23
2.607434115011229e-36
4.072333187586976e-25
2.4597203924178963e-28
8.908231431188384e-13
9.775406806682789e-46
3.6066479936069663e-26
5.523601296799746e-20
7.202298420523425e-18
5.132606725200088e-26
2.8580904246830756e-27
1.349135538231843e-26
8.341570801695836e-10
8.198646850250114e-15
1.1757072136474177e-26
1.9003853615924966e-36
2.5047988885874526e-22
2.658878211446787e-24
1.1515205267481051e-35
1.019856024051637e-28
4.9362133445453885e-20
8.84683385215394e-17
1.3625249824713523e-16
5.3844351432466575e-37
2.6741186513292876e-24
6.459313772936337e-25
1.837023668175208e-15
1.9693256037050784e-10
3.0496105157746367e-31
1.1090358081258239e-10
2.356547790067656e-27
1.0621526973177413e-13
5.557666209503544e-08
1.6967663418544407e-32
1.5151853471998594e-31
5.796245741772011e-12
4.364566716630726e-32
4.0874066975592025e-30
1.0516824926501819e-21
3.0614265681514973e-18
1.6042857763019948e-37
9.596010197295166e-32
8.298993253419036e-34
4.563713737468364e-35
8.989508776589356e-36
5.0624835023934445e-28
3.772346216007362e-27
1.977026230786075e-11
5.936281096606758e-28
7.84186441625742e-43
3.975051709471226e-07
1.2960385765281866e-20
1.6449084153258323e-25
1.2234489626528882e-32
3.048646954242873e-11
3.517673662579698e-26
5.4582203917237796e-21
1.1433802879002993e-35
2.543258508975101e-27
1.4001353794259212e-07
2.3167150787899677e-12
1.3321400553352582e-38
3.5184333163229333e-22
2.1811236950348132e-17
1.8354986358458148e-30
1.1824836637705392e-31
2.5228982332797374e-24
5.812745178429972e-08
2.0700490927037793e-28
2.0069247690844657e-31
6.819551831513643e-61
9.62863930270367e-27
4.232372211182749e-51
8.462540803418161e-39
4.1242874017694525e-14
3.047980917364766e-29
2.355414724927199e-27
1.1512612998900313e-30
4.54676172482372e-07
6.871212013610604e-23
5.040797558483874e-18
1.7827441972199273e-29
4.5656775604598207e-32
2.712942449207104e-20
8.977295651043338e-22
1.1986920493126966e-14
8.906828733494068e-34
2.5173406771162814e-15
3.1684189007109923e-19
3.641842621077995e-24
1.9993097312966565e-11
7.132462975771435e-17
5.88893428549329e-23
1.3232208745705513e-22
8.8728776766618e-25
8.94100987633319e-32
7.243034902554184e-15
1.7563311976626468e-22
4.140306263427192e-27
1.3984677585802256e-22
9.456371331853319e-22
6.755694451271123e-11
5.81565283479514e-16
1.2884764806363605e-15
1.7552406743450278e-31
1.9108453972042694e-21
3.648435512503958e-22
3.103841380257899e-07
3.0760946857819674e-27
3.489014889902787e-28
4.323040058333376e-23
1.6337992302486998e-10
3.197984068889678e-29
3.254260642445263e-08
1.5486987041942564e-23
2.8520995490476904e-34
2.3091081349268218e-22
6.140668711193449e-26
3.993643117418743e-23
4.1609690852963515e-20
3.5016502408101055e-28
9.679852779474849e-39
9.336016707975145e-23
5.447417212906006e-07
2.5295374588825307e-29
3.373922716046295e-21
1.411841052759298e-25
2.3989935032630775e-15
1.4137191552280817e-29
2.9585275197262366e-11
2.4414098247254356e-24
8.300642599646805e-07
6.911704154516653e-16
3.708153686330557e-55
1.809556175683897e-11
8.141606602262425e-28
7.008122111169086e-31
2.146455779777693e-14
4.732599781765583e-11
1.0739311166763021e-31
3.45314981274601e-12
1.446413567207086e-06
5.017663284759441e-34
7.209408555165182e-30
2.0097391913365536e-26
1.2394142444026816e-26
1.4077989338644156e-37
1.1537471531009096e-23
1.0280410106840089e-28
7.759158465285456e-28
3.0343766277774126e-10
1.1855739829657192e-10
4.3334251717161344e-17
4.492599778055362e-28
7.585155946256432e-27
8.903831076131068e-16
1.8569356351707523e-20
3.3936576035584984e-29
2.304559274563613e-12
3.0452620937722173e-29
3.859323876032201e-17
2.2893271392927098e-20
1.5340332632559314e-13
1.4269039987177592e-20
1.9437225676391335e-22
6.1096850570646555e-33
3.2175334426922326e-24
9.955555550101577e-10
2.2357166087135747e-28
3.802425015814691e-24
4.734810947314379e-43
8.107571136086953e-26
4.7937797984346014e-18
1.0544165680204608e-18
2.4474602807868513e-23
1.354299719391776e-19
1.6898779105689769e-32
6.715476869796031e-33
1.1074626494869408e-15
9.787502769610877e-24
3.7756660930182597e-25
8.459162441560671e-23
2.9483197391902542e-27
2.1805321524297503e-22
4.6727456987518645e-33
1.6799787133891e-11
1.1329097086687024e-21
1.781609404278977e-20
3.6613572276403124e-33
1.767193676105849e-31
7.245026800899804e-39
6.499956413601133e-10
1.4070079628602956e-08
1.2770111378454081e-20
2.32095268192391e-25
1.2260368138733358e-38
1.5068765477274703e-27
2.2878936691441068e-35
6.861865765774499e-11
7.870529781747402e-53
7.79216324825698e-23
3.399663353463235e-32
3.628064979893374e-27
3.2758218654246434e-22
3.791930697424542e-35
8.053805453253925e-28
5.991709088619276e-39
7.490228653879643e-16
4.634541590802857e-19
1.5998982939151958e-44
2.1545746151086242e-19
3.556258857504999e-23
2.547999538236896e-30
1.8157454748807298e-33
6.087384236191653e-21
2.860445932528627e-18
5.280480924848847e-16
4.628224470072621e-44
5.0265998647832015e-28
1.7802060698084829e-37
7.451994263369269e-23
6.438858727137616e-24
3.7919806957783795e-22
4.7316402780487246e-23
1.4556785767992546e-31
