9.30776789879839e-28
4.580116094622392e-26
2.6539710687880834e-29
3.8543595022127415e-12
1.9981840568810287e-86
2.4601252690170275e-07
1.2079183923350894e-40
5.442406542305642e-15
4.4307542572531417e-10
9.84492048139508e-41
7.483149864563697e-35
6.3615043913127355e-25
2.8531805362600345e-25
5.681175593217241e-21
9.498135464979416e-38
4.934357351373156e-26
1.5497067582599355e-33
2.5344204219562775e-45
5.351444576846733e-43
3.080921526359655e-16
1.6353202125301443e-36
3.7548007431396483e-37
1.5968577644078074e-19
5.1443701606010817e-23
3.0430140472601693e-40
2.1093294767273464e-74
1.047570241986477e-30
4.121950019226729e-20
1.732129042220606e-24
2.1930864202499896e-35
1.7303736878852068e-27
4.858390527612474e-44
5.323586912061014e-32
6.500799221378974e-28
9.374255899339673e-35
1.0136250559370087e-87
5.8108802074204e-15
2.487784741844056e-23
3.6096046268035385e-18
6.584994352610989e-41
2.299626499825293e-30
2.592380269133898e-12
2.8487669029313666e-45
2.0593792784694484e-09
5.155082690837953e-35
6.645117655513349e-38
2.0331088450166595e-31
7.392101656284206e-26
4.402205883581558e-27
1.988138655709914e-11
2.4440128270824564e-69
3.44292019052003e-33
8.154506548788011e-33
1.2888392752601573e-26
5.980335775034335e-19
1.0010930926535108e-25
8.56208209021469e-37
4.902203186675727e-24
4.113977878767459e-31
1.2648111333964456e-21
3.7340360855508434e-47
3.462948872121532e-17
7.995039046164187e-90
6.345570887270715e-29
6.852680786714193e-32
2.045156360158658e-15
4.83826885759326e-35
3.98946120686226e-31
4.967321520476203e-83
3.0262888125296533e-41
1.9915840972275488e-43
2.392852751029508e-33
5.03109117324e-25
2.837755788394173e-89
1.2012047740195928e-75
8.508721125758239e-28
2.1462866775099195e-19
2.0007388132870027e-20
3.379740951928819e-39
3.326045701463136e-19
1.829779204301185e-55
2.8148329920399916e-38
1.3261842676086647e-14
6.869388333877609e-41
1.0996316720520537e-49
9.071850812998078e-17
1.4524129181332954e-23
9.062770990360023e-31
6.839023334060308e-56
1.2595195786953616e-24
1.3910999935784813e-36
4.9434239970965976e-11
2.0183549399665992e-89
8.408533858037812e-28
2.121221796011263e-22
1.3050502589045956e-32
4.340963861868816e-24
4.574028166537018e-33
7.934469101522837e-35
2.1230883803547343e-58
1.0609648414090505e-46
1.5567179013544194e-07
3.6050353745358156e-34
1.1498893374562298e-12
2.073595674928662e-55
1.9740498867927095e-38
5.731412145180668e-07
1.8311057470158383e-23
6.186598834202995e-39
1.2673048815823132e-17
2.801979865856077e-32
1.4229395286925875e-89
4.613490675306289e-18
5.4838231193107365e-44
4.619657175404648e-19
2.0190657444900472e-14
1.6650740003290723e-23
7.415444063198047e-19
2.02225812045723e-113
5.6235998957619566e-30
1.4533416167086823e-28
1.2203600552421912e-36
4.957405944603512e-32
4.2141911717410073e-79
5.753096033962799e-15
3.2760298054150726e-40
1.2389946495797995e-23
2.1771978982763214e-14
4.4192535077915175e-76
5.085776069178672e-32
5.569996019799292e-56
4.023023917643897e-71
3.886931885640484e-15
1.3581187930174546e-28
2.4059372620360236e-18
2.1612637567804485e-12
4.589793076319329e-37
5.974229708666687e-34
1.2500479744183648e-19
5.87459504777852e-32
8.008850893010992e-29
3.5761700788219684e-38
6.057434855240924e-73
4.233635109402754e-36
9.497161658409852e-27
8.094952227638793e-23
6.217822308076924e-12
1.3032114476855008e-44
8.74056930240846e-16
3.304066398889178e-13
1.5135511864078824e-29
1.0656195156568178e-36
4.402603913074796e-80
5.485082093825778e-16
9.75267456326837e-19
1.3834702418066028e-109
1.0618352216725793e-31
5.423928243273053e-19
2.3770501047328773e-31
3.821455461717159e-07
2.5464129200097495e-80
3.3431755202703614e-57
4.53196440144451e-29
1.0311427597222096e-31
9.32622353046666e-31
1.0502616424390028e-49
8.30548197115223e-39
3.054810269638695e-29
1.2163088093957805e-35
1.3671717214025712e-27
7.023540423906392e-117
3.883192934933813e-09
1.4731461165753712e-38
3.778045850128329e-37
4.465951977799875e-22
8.832453284276469e-07
9.31975804094191e-33
3.828321079020013e-39
2.1717209835308472e-26
6.071887300623982e-07
7.816014432508835e-28
1.8592991308295177e-19
7.3366815824122845e-31
3.5720783277422916e-36
1.6771097650006628e-35
4.922694994353706e-42
5.9887455222632766e-33
2.1570256016773627e-54
9.947607063166443e-23
3.830367921230454e-33
6.474614875712127e-47
2.0161234478109654e-44
4.98809077383293e-26
1.6816358373956523e-30
9.955911227724628e-20
9.495029864777622e-89
5.021864823272514e-17
7.429295504364198e-17
3.215577250830325e-09
1.0206750219579648e-73
2.4327310105330977e-28
5.456161571521653e-29
1.471111600467695e-35
1.0896706620134327e-37
1.3120990376544002e-33
5.56775137041046e-28
5.474959378525703e-26
1.553318206676464e-30
1.0366515124523073e-20
1.7338022712914377e-37
4.9400801450995546e-26
1.9086758122244646e-93
2.2508483530323756e-38
1.9222452056521963e-07
1.0350972903194108e-06
2.0592367135114716e-16
1.4377777859263142e-13
5.941015740203906e-45
1.8122672444935413e-32
7.954824561620146e-23
3.310728121134235e-69
6.137054502066558e-32
4.713485779371157e-14
2.0305446011937892e-19
7.976762020566168e-33
2.1289287282678124e-24
2.1656368324705825e-20
5.157074475328185e-34
7.802966142407436e-25
1.3539691327483895e-49
7.859577481660692e-21
3.5251437711789464e-32
3.5529676866901735e-13
5.401149571433606e-09
5.386162782067434e-39
4.300865791821482e-57
9.35261631941242e-19
9.303742323340534e-24
3.4605997804630344e-33
1.7215913413933748e-88
7.14868438632244e-31
1.7390826460652757e-32
3.0904754209367096e-35
6.228487468494669e-24
3.1305190651091652e-18
4.737462429283598e-13
7.40912245563608e-32
2.8183815683532205e-13
1.9235617994470468e-103
2.733612163011494e-20
8.6085173084472e-22
1.1852788573082547e-37
1.0321495689697821e-44
6.876253388039152e-18
1.3058442782176228e-24
4.781228237894318e-16
2.0011626755944694e-33
1.7962750836021095e-25
1.8325724017511812e-35
7.051928877183717e-42
1.518966228380096e-49
9.293701116843994e-12
8.189517226709152e-46
8.040795837508707e-27
1.0778063686037007e-37
1.8571591766489653e-14
1.782872319032397e-74
2.53152116406439e-22
2.117215548324929e-31
4.029374930461664e-34
2.999172920411018e-25
3.02767031724585e-20
3.0611591646329197e-09
7.751675722044077e-34
4.892595356039243e-07
4.655651302787191e-33
1.685744203643193e-29
3.356049687983411e-45
4.83986519338966e-47
2.2477120139137338e-40
3.30495136983977e-27
1.1693653148405107e-24
9.591574161610336e-28
4.9661612020629554e-23
1.466496489136192e-09
9.50547351722232e-124
7.753317364586176e-12
1.4737522251647651e-41
1.9137761113711738e-17
1.6439114887790771e-19
8.965947770872476e-74
8.843655049652138e-29
7.106859343133748e-46
3.328526497703339e-99
5.8334004608102836e-49
6.83108006279692e-11
3.244155336987638e-28
5.193979366894668e-41
8.980375324899385e-46
1.183537939203375e-16
1.6875469594376304e-29
1.5232016431405967e-34
3.59003431965155e-87
1.3505354335644587e-28
5.31309572177647e-27
2.1033979663516386e-34
6.35822258480027e-24
1.8360889822582244e-39
1.90712544188843e-24
8.664049960428746e-18
4.831672061830528e-34
3.0296828220391417e-31
1.8781434055105927e-36
2.536163712571536e-39
3.7126754050824206e-37
4.1605760844076704e-10
1.957774867971539e-36
1.762044110250414e-20
3.281659770226321e-14
3.670673049464983e-110
4.358953708260964e-31
1.0889924232925793e-47
2.696614452922139e-41
1.7750384599289976e-48
5.380208759899007e-36
5.564294793693599e-40
1.797795665208023e-35
1.2042768312532155e-38
5.3320346702572e-22
3.6253312617266893e-22
3.353966087595544e-38
1.5054273790577728e-22
5.0420867606372045e-29
7.54939007860447e-48
4.067151733126544e-08
2.702057774641578e-33
1.7451585816394956e-45
2.1988274240879408e-35
1.393272286157752e-18
4.2189405419102843e-41
2.434118301852472e-44
4.401834165487741e-20
2.152674482245645e-22
2.933728998622082e-20
7.324463936723631e-35
7.858135002031142e-39
2.2289026339597834e-40
4.4587795854588577e-57
9.792603979242794e-53
1.9911940214009926e-34
1.4400941606183277e-26
4.153209241133242e-42
1.5913374985452134e-40
9.492785542190405e-28
1.042456702752278e-09
8.212166894837643e-43
1.8678499084015016e-28
9.491636040054073e-13
3.2423778965273158e-87
1.3221841445252972e-26
2.4886034491077224e-67
2.1785648602656012e-20
2.5720894921775993e-32
2.648915685254106e-07
3.399288348200404e-25
4.3759200541383937e-20
1.5628963245958405e-08
5.718865677423205e-22
4.121051469362064e-30
8.262165472479729e-22
1.3022452838986021e-27
2.921564255804168e-26
2.2802971146184505e-21
2.158041557579214e-36
1.4900349990681648e-108
3.9109939076886215e-96
1.1708201461421442e-10
2.7017022101706514e-23
1.938238481943073e-13
8.477734664994673e-19
3.0660373496924513e-141
1.4513051859439397e-41
1.2651242521634512e-31
4.679327200008172e-46
8.9507607306574e-14
7.699053194252906e-18
2.999443840532332e-37
9.678355725053144e-08
1.2390840446513477e-22
1.2835398221026487e-22
5.236235028643792e-10
1.672218769972171e-11
2.835944312946206e-42
1.1398715799759171e-36
2.073330417725923e-15
2.2770125458634594e-21
3.108178577429479e-13
2.7274396139492617e-62
3.3714405284719325e-17
1.8902890001485113e-34
3.1730307520227563e-31
3.6963706865159585e-14
8.14371441478655e-26
7.564482033668079e-26
2.663246601249905e-37
1.5530019549749594e-15
9.680928418256091e-48
2.2192813951643313e-09
1.6209645001525642e-41
2.4964762858335878e-39
9.057047944681202e-35
1.6129828431243334e-31
7.119774242611866e-23
8.894749086126169e-21
7.155280786728421e-42
5.7444110667644044e-11
3.560610057216653e-88
5.017265886561383e-55
2.3526502007297756e-29
5.489102468363968e-16
2.691112478697095e-91
7.789667875482007e-40
2.447769817217702e-121
5.515841387176997e-23
2.3909577387301914e-91
3.684065776148545e-12
1.2678203170744706e-38
1.021877244498255e-34
1.3672466137842224e-42
9.303676462094141e-48
1.5315217573753375e-13
8.325831804492965e-44
1.6929575335614544e-37
1.3556703571855813e-27
7.719106180324768e-35
3.438246421253871e-75
5.301906917286886e-33
2.990791973166157e-28
4.3496763201595025e-35
1.1814177905828495e-07
8.084107401752996e-34
1.254459346082001e-08
4.4318382829437386e-17
9.499202536268042e-16
1.5014684776010357e-24
2.6243888659323213e-16
9.801165159680903e-35
1.7271271636390128e-26
4.872675697766694e-59
2.0765246049950022e-16
2.6427790108130293e-34
2.0178858933404825e-82
2.786183553330116e-35
1.0146620227519273e-22
8.401021205312493e-28
1.7193476641921704e-107
8.130423182435275e-32
3.0061997288299843e-18
8.645350690573742e-23
3.5883359529144523e-10
5.885783472201748e-85
8.802282900100022e-09
2.358215206845556e-20
2.0535544264431755e-56
1.6800491662605224e-37
7.597572707310501e-38
2.4972224307135987e-50
1.3141075173096933e-27
2.0925104059925625e-21
1.0649848280411949e-40
1.036319958068337e-28
4.845262845681366e-33
4.789782820612459e-44
2.734326951853399e-68
5.02814193478692e-99
5.00602295333004e-48
8.356762798462234e-37
5.340993833893669e-49
1.5818325473315306e-27
7.179134801503033e-50
1.1335691256649594e-39
3.054925109739542e-100
4.28454841926364e-28
6.162365747162542e-17
5.573145654999545e-28
6.561116436845417e-19
1.3177200582056772e-29
1.8646942700943146e-27
1.0749438658053904e-10
1.4152693295371764e-78
3.9600402505839724e-16
1.0857815477819375e-14
9.133254153852405e-17
6.829607268424083e-35
3.710172508121334e-83
1.088028351889403e-33
1.926109139344688e-26
1.5771050124348738e-24
1.3038363520805819e-33
2.8455987727499288e-18
3.5368479788184033e-102
3.160752720705026e-48
1.9017819547903667e-41
7.170311084748261e-08
2.9293885971274826e-126
7.586431527008444e-42
9.448174076144956e-16
2.813883000953993e-19
2.0020871837393133e-30
2.5132346633271712e-20
1.9175266264460253e-09
1.634734308309581e-34
6.69451157812277e-26
2.17482594691851e-12
1.638198649987126e-07
2.0138720279017718e-86
3.3776981696879996e-28
3.0752912980173236e-49
4.439640449444187e-36
6.553308729314711e-36
2.8870611079535945e-100
5.216546791415483e-27
5.104519019293746e-22
6.081095551582446e-32
2.042930412817651e-92
2.181231483128035e-22
1.7133963582377019e-13
9.31599450852378e-33
1.219586777997273e-21
3.954179148013163e-15
3.497020959937823e-38
9.009168500665448e-42
1.1662001271798945e-99
3.568343690448599e-24
1.0540140419613665e-57
3.585060293490079e-95
2.996797445363101e-21
2.471798491871897e-58
4.247975801970385e-26
2.5229766890118118e-30
5.534611736299878e-19
1.1652435347686903e-15
1.5543679306202839e-40
5.252193466595237e-30
5.826539161695731e-20
9.988875192325331e-40
8.038389385148227e-30
3.1306112487653307e-110
2.153146211775262e-25
9.18302452605099e-05
5.362533028990933e-47
1.6771997064315186e-23
1.687686948104398e-22
1.3577822894373573e-23
4.162722337545358e-34
3.301162649297244e-12
6.652805116666614e-109
7.743676975614331e-16
5.102047538206937e-43
6.969929639248784e-33
4.976923910076555e-14
1.1985162114736622e-42
7.911144437350214e-25
1.1443081883157005e-28
2.96261561065968e-33
2.7888179578049816e-35
9.534893646819531e-26
3.485507856291307e-32
4.4392958059889735e-25
1.5366059700434717e-11
5.813147584213592e-22
1.822941969148997e-39
3.1506580140136895e-34
1.5643726435210457e-15
7.57954000699876e-25
2.4966367536183504e-25
4.613361686882091e-31
6.95330054711922e-18
7.174236859598812e-30
7.555531133696966e-96
8.880507667209597e-16
2.3354224912479064e-36
1.6435840012959514e-24
6.162621166379622e-31
8.166840295113972e-18
6.21454266746688e-27
1.1005192616563003e-95
2.5662708891454698e-20
5.376738460166888e-18
2.9065627587155183e-10
1.3779639364416926e-09
5.109351074613537e-27
2.499543899486917e-18
2.423528297910216e-12
1.0151437238951402e-08
7.375514064854004e-38
2.454575536091369e-32
1.3932474137457287e-93
1.0735662617576648e-23
5.095289953602104e-36
2.237956122015335e-11
1.1986874126669713e-35
3.21997294887887e-08
1.0881729509613117e-23
2.1059595160290743e-85
6.516403289705697e-51
2.7624217592948643e-32
9.076786257699316e-27
1.2549555341530852e-106
5.23874237576217e-28
2.5727348896962485e-41
3.4672156960903494e-34
9.02700798090576e-50
1.9965054505963797e-38
8.72696395235662e-20
1.0536117847845423e-26
3.3760691105527245e-20
4.059032273798968e-107
4.007780357400694e-36
1.0748985835801781e-42
4.000251972603807e-28
4.955941184271037e-113
1.1498106935830607e-50
8.992338022441274e-29
4.524093780571745e-41
3.6285116498167133e-32
5.7198210907458926e-40
4.68727124000749e-47
4.103398668336609e-21
8.429595702501126e-22
6.006415728518254e-62
1.0352545152233421e-19
1.5492529771138745e-75
7.010413397214695e-52
5.40372364272681e-55
1.3344322600828717e-26
8.284647042252952e-49
7.325354818389366e-57
1.4257788885013577e-25
8.871568616381681e-49
9.650410007783044e-23
1.883491557665921e-26
2.736028066908918e-14
3.323694663811564e-21
6.64602981892403e-128
8.47696670526545e-31
1.0127535473011918e-08
4.447536780923666e-27
3.380997303113324e-16
1.5984503772201064e-13
2.2258249937974084e-28
5.333751858584452e-36
4.844730971404517e-45
3.816763095594434e-25
3.314693027206506e-22
3.976475214456013e-18
1.0408745579658951e-38
1.4236171040454756e-30
1.0856877012755336e-28
2.4541259410958246e-35
6.924157362555034e-39
7.12545871896586e-81
9.373231616687883e-21
9.502845030555494e-26
3.0532368558439483e-115
6.0941428170834985e-118
1.3697624967160197e-19
1.8096211493904632e-13
4.5018956243737405e-09
2.403166257121507e-07
2.1642748474061127e-74
2.4423965628875713e-24
1.2683736300241446e-31
6.975646425738006e-31
5.275432599529221e-11
1.2501518325780805e-27
3.5420149751610795e-12
2.304819500782044e-33
8.561958002957352e-92
1.2267054010361838e-21
3.5185637854844357e-29
9.073012296887177e-46
1.4348085994198552e-102
4.822231774557619e-19
5.543369912545682e-36
4.7258636713542346e-39
4.653769286296469e-112
5.957301789230467e-28
4.0665829577640776e-21
4.356041565211363e-09
2.9569462551784987e-25
2.5286496946517925e-27
6.224650005588252e-13
4.5023103812822025e-46
1.9527413063645937e-32
1.5683533444609588e-30
2.5105178282055378e-29
5.606486860392605e-34
6.746772130744156e-13
1.5472636188300562e-17
1.8999592062339776e-08
4.3571371170839475e-10
3.050486646726773e-22
2.937841777852942e-09
4.5460388012784053e-95
9.305193724169133e-36
2.0976828107325418e-30
1.4192856350795599e-81
8.91172178895023e-19
1.4393269687692462e-42
5.263826576490228e-41
2.2284010580930273e-36
1.7665738396808046e-91
1.4367500074245829e-08
2.2863851716638915e-29
5.147891470055668e-30
2.31511699979929e-22
2.887281722686125e-17
1.0168756028210099e-09
1.8468108195847042e-32
6.540529730271179e-20
4.05987745321054e-31
0.0002246645786461996
1.1559203473802698e-39
5.315673133469796e-28
1.7205546355935648e-36
8.141971799959723e-20
1.187079612162523e-32
8.515028571259146e-18
9.478974759690505e-87
4.559327729119914e-36
2.0303384780826027e-41
1.4570955253111833e-30
8.122306308234291e-64
9.109920470246262e-37
5.103737337469477e-42
2.013354259357006e-42
1.6595335991108035e-37
1.389592810980308e-35
3.19457520894029e-37
1.9446525958253655e-30
1.2741047261681963e-49
6.756765607280255e-42
3.8646872154223964e-26
1.4384464405207551e-30
2.4413527317874428e-45
1.6609239790882626e-61
3.4587498186793944e-36
6.29185793173439e-35
7.177740119987168e-20
3.245724429198625e-23
1.3744144807926191e-47
5.734301968604609e-14
2.277542316363299e-33
1.1382412383987944e-09
1.2373560999688108e-28
8.934773124057202e-25
4.261117156255236e-56
1.067156404951774e-83
4.337594461079396e-31
9.230404653284815e-23
8.983504624176037e-16
3.5748261397078926e-31
1.8646438756934682e-47
1.0413050143837729e-19
2.8669732507000706e-31
2.5875867600848667e-22
1.377506600403425e-22
9.783903489859935e-22
4.657946225617879e-22
2.3372850648214882e-14
1.761993182466121e-43
5.0558735859516005e-39
2.59084909396484e-41
1.1707029763136307e-19
3.5825822874856765e-19
7.693431647284615e-67
1.8854228808533877e-30
1.2136707366627366e-46
7.948405566625614e-18
2.0133485145743858e-13
5.711099212393986e-37
1.1719380162965513e-15
1.4273107063348813e-16
7.668806674502204e-23
7.782226029418749e-32
4.434710663172482e-49
2.870630371249481e-85
3.4292948610019054e-10
1.6052185721636464e-97
9.42204096947688e-22
2.6382633667095927e-25
4.461700372795081e-38
1.5971752555839811e-21
2.3867263570939472e-11
1.3647520850307493e-11
2.89561931851668e-23
4.59743023343952e-13
9.141540177705574e-80
4.962810304500518e-07
2.4057849826834015e-47
2.7450338121367935e-209
3.11883830844676e-19
7.006148530418332e-35
1.6334925279882375e-31
1.554039117235057e-26
2.5299688773747868e-30
5.4738874567090015e-39
1.7203102220414142e-30
5.401920984973222e-35
4.578058975410544e-29
1.0139766714032663e-118
3.5553103340060186e-45
1.25126181333804e-76
1.363434387666843e-54
1.790080060196174e-13
1.4607280131637098e-110
6.075531791211735e-15
2.9739297964742697e-49
6.333768071507649e-41
7.437215108981059e-85
4.0173688300770567e-28
2.7041031658720692e-67
7.765701391914444e-33
8.629122957842302e-92
4.1913440200125095e-23
7.972564200519502e-13
4.766619138046776e-58
1.2179763544258042e-88
5.060063710629647e-30
3.980094653695393e-100
9.911758958304295e-34
8.109972684358818e-31
9.591876034622496e-103
1.3779292770613533e-31
4.059244917603903e-24
5.736172425618778e-88
4.352953065968449e-61
2.4663044733249687e-43
8.636409784252757e-13
1.5607260743508356e-20
3.884548980344175e-47
7.165524309599228e-20
1.5931634369132136e-25
1.1564830682782077e-27
1.2602202219840593e-39
2.774856481102495e-47
1.0817837545405344e-29
4.386776071736204e-08
3.2064980948698182e-21
2.5238997300897062e-42
1.2309762741941042e-22
5.943640150966141e-36
7.108716994264308e-84
2.534028141978682e-33
6.397473336387095e-24
9.193331195629371e-23
3.717637156116619e-42
3.0966051517407496e-08
3.774731132461725e-36
7.843461194967768e-14
6.752762833320642e-39
4.403237069540591e-24
8.867645131572294e-18
5.134638897497145e-24
7.303323098443184e-20
1.2776242553637615e-13
2.250929743226976e-31
4.700923152537813e-14
3.465053303891894e-107
8.387789337413705e-28
5.986019293407625e-24
8.733841708524299e-32
1.4627362769207843e-44
9.395676356650719e-30
4.966765083319094e-81
5.7729288575047995e-24
3.968983825047272e-33
9.940135583282621e-87
1.1891259817010207e-33
1.4023350118503794e-23
2.9927944629782626e-49
3.122562216032781e-32
1.718767019607351e-28
6.624844407012364e-38
1.1545238990187883e-17
9.262912152177835e-27
2.3097728959322372e-45
1.9751414674760593e-18
8.37793743184863e-29
1.2026432510405069e-51
2.4957257195605286e-89
2.7254229958351437e-31
1.402282380367871e-29
1.4567209403323561e-21
6.1051699656837876e-15
8.577567124092219e-44
1.159544874747358e-15
1.562444993316309e-42
5.626925875795737e-25
3.473466228733885e-20
3.3405656895819825e-18
1.5776414902601746e-31
3.50643218672638e-52
9.262734190502299e-09
7.835794030454565e-27
3.7952074016269705e-19
5.111993004064621e-90
1.7381300020134795e-10
3.5569865345995333e-25
5.5049227537768024e-21
6.51087666983445e-38
4.672759079422162e-26
4.696947368572433e-17
2.881247126119243e-29
1.938831332055805e-39
2.189014106119802e-08
1.2270998351627865e-19
6.212937560501006e-44
5.3558341417821356e-40
3.897792852740679e-128
2.452244975721487e-15
4.0941408279521954e-37
1.8996619578661252e-34
1.272280651631043e-13
1.1613522362491756e-109
6.325157497521335e-76
6.077410602077201e-36
1.44161935069764e-28
2.412418150432666e-65
5.881552735992989e-83
1.1036864313807553e-93
3.085420804502239e-31
1.3983317389252613e-36
1.7604438556130641e-40
3.2283578733762246e-30
3.89231126291652e-106
8.511887152623926e-25
4.168128780124935e-42
1.9138648751375e-32
4.017574449701305e-23
6.581756084969318e-26
1.5145765563096767e-61
8.385188141719297e-28
1.9513589005386916e-38
2.2984160177089714e-28
1.5798453400137345e-18
2.7703003307838395e-07
8.761714306899016e-32
6.64405609908251e-39
7.817572222267959e-23
5.284577024725215e-23
7.488708157380041e-17
7.645966065047574e-08
9.699913617169885e-48
1.8608832142425052e-37
9.788979424531868e-27
3.0385602537691266e-31
8.892802473702486e-34
8.01481973247266e-25
9.255112868435826e-26
3.698475987330799e-27
1.7169960277548476e-15
1.9434775292820096e-83
5.048416918225695e-44
1.0515981409914518e-30
2.059129111923499e-32
2.6840782155137267e-15
7.681362613380289e-20
3.073893245688668e-28
1.9716299670594052e-25
1.813396139646769e-92
1.5596106020274387e-18
7.059918364447316e-30
3.3326538473666135e-31
1.0362284751207418e-06
7.45516877973011e-25
1.0805307342556552e-38
1.2160430661531687e-30
1.497769797336504e-32
8.158970112985118e-34
9.497943808887553e-14
1.1572822633036701e-25
5.2204521480922246e-40
4.819614074803762e-17
1.5198292320569607e-50
2.645416660450414e-43
6.519649177181396e-29
7.215723525826411e-45
1.5194334594368058e-33
3.156271519094008e-107
4.316809404497293e-22
1.2380861098757032e-111
1.012245536411381e-06
1.5476062356524143e-35
5.636924520872935e-32
3.0360019066453495e-19
1.4396216389414028e-16
5.474359203972667e-17
1.5206726009482557e-52
4.0095094760266234e-20
5.375306305191922e-33
2.548149674410442e-28
5.073465220883775e-92
5.0875274689449464e-23
8.401651387159166e-39
4.703549833844691e-27
1.8042198941179595e-49
2.477770971924433e-41
2.083644933082968e-11
5.23177714684454e-36
3.5460381842529004e-21
4.1980125468747215e-22
2.1324679243501158e-27
1.2566168730701652e-36
9.860927071499568e-35
2.2993123276468185e-26
1.2923727430966337e-27
1.1618817751245923e-107
1.971972348301394e-12
1.548500659862762e-101
1.2146123673807596e-95
1.3880106880071357e-34
1.4623621976840927e-14
1.2473507222325997e-29
3.363965818247563e-30
6.371237865750743e-30
7.872732823386058e-31
7.619783507194051e-09
1.3182007658947787e-106
5.827206492504398e-15
6.974073297331377e-30
5.263509977893136e-63
7.915785868244354e-30
2.79842876473556e-12
4.7236803948816664e-17
4.721081586470875e-13
7.446322687811536e-28
1.6652008482286234e-09
2.1471891339166146e-30
1.6324765241912395e-08
4.0400201169459274e-11
2.213099962629752e-30
2.0462090373142554e-58
4.4003426886201455e-36
1.1938819744239914e-29
4.944424526593247e-38
8.875415888407009e-73
4.286928995891645e-28
2.1997573750310872e-82
7.966739363732024e-27
2.4121845074478157e-29
8.390285589290895e-08
3.3987078967662975e-31
1.8437252680056205e-27
1.0097326740907454e-34
1.211622431683702e-22
2.664889173633653e-16
3.2125325968372414e-49
7.546053170560438e-11
8.900419567351771e-10
2.2523739266324148e-38
2.4619069299606222e-104
3.1310734083422614e-29
1.8881515974863648e-28
6.194728524550062e-28
4.897800812407261e-33
1.0824806579735324e-12
1.7300180241444543e-40
9.832973583429935e-22
4.95654728230118e-19
7.887294045338828e-24
1.295157680696486e-50
4.775919799785251e-12
3.302944997076392e-30
2.4617472264981073e-19
1.6498727339610875e-78
8.035452776435215e-09
2.073488976463949e-96
1.0576437144730411e-91
2.8856406609199594e-20
2.4597821464182726e-49
8.22031560175514e-16
2.695419253376169e-39
3.445525536664831e-97
1.1104008430030834e-23
1.3258225526819765e-34
8.128931264042862e-12
1.7674935233320698e-17
6.805900508640643e-17
7.807175257207187e-14
8.251282784158596e-127
2.1773221977786857e-29
5.345989878008562e-09
1.2700539276442418e-18
1.5397149632654327e-39
1.37358194250804e-19
1.1590107089772331e-18
1.0476985299060713e-38
7.640675524973379e-10
6.331797805358968e-32
9.65917822216448e-88
3.630262093661666e-44
7.598860588999923e-30
1.3710405601499122e-109
5.2082818350005506e-14
1.3030169091963283e-37
1.4939351189223655e-44
1.0107908535281368e-16
9.151435502758144e-40
3.3211813475837286e-33
1.7390341316653273e-24
2.859964095996898e-22
4.2250347441932136e-07
8.114704579949472e-81
8.308508637037632e-33
8.166075539307773e-20
2.7245987235171022e-17
1.8461687537890643e-34
4.673146511468391e-21
1.7886132614365797e-33
1.3761142849636619e-41
2.575313453307547e-30
2.3473095015801805e-20
1.1616075689256202e-93
5.882444731980964e-81
7.243837108128395e-96
1.1324334278727554e-33
1.2066828566877667e-45
5.364086771622509e-25
3.140931251277997e-30
2.0635044172162028e-22
5.091321664629587e-20
1.4558642144695913e-38
1.5417048211217163e-110
2.5013516920965164e-23
3.892314027973394e-24
7.602375935729211e-21
6.873752270215334e-12
2.572273909090103e-13
2.83929593221424e-16
3.945628812823153e-84
4.74660419497636e-42
2.4155715345724593e-46
3.1984789486975007e-27
3.2834997577600145e-10
3.852661620850932e-86
1.453313278793742e-30
2.127627891261369e-92
1.289251784741593e-09
3.872842034180204e-38
1.141470005680594e-25
2.0805942932889084e-20
1.5243951895850337e-29
5.794316814519983e-19
1.0845707774630616e-45
8.379553606806802e-23
2.4879258621996365e-27
1.0202124050555698e-100
1.5338946355491204e-40
9.990358313866698e-29
5.724597208265527e-08
2.4708841685023305e-25
2.8654472011969974e-96
3.3622707147749546e-27
2.3809925668618058e-17
7.942616334261562e-29
2.3026972465267536e-30
4.329164200529571e-33
1.5182697871232039e-56
2.5681740306636227e-12
5.8428609098317915e-37
1.0155588325446053e-31
4.935402875129668e-92
4.9336264556448013e-57
3.883295172495355e-39
1.4540707251898032e-14
1.2684126964910197e-100
7.333402262524714e-10
4.557374711695823e-32
2.45387190789291e-18
3.8925596676761955e-34
1.1245994285086593e-67
6.083041867233296e-16
1.8130480187662576e-10
1.4403447391183845e-101
5.973276405469841e-43
3.8364373502723185e-30
2.7112677800997747e-34
1.5173824970888792e-33
3.036472843784972e-57
3.100794554240763e-38
2.1859726517484812e-23
2.2117010035843184e-29
5.033793441764101e-38
1.2719895533461855e-32
1.2344070014848047e-22
1.077850814887511e-28
4.263674636653893e-56
3.962641360642219e-20
1.497473208875532e-29
7.49603906622907e-43
5.811297878095481e-35
3.0934508907645414e-25
9.142945951644565e-21
8.157579479683628e-21
7.079485805903989e-24
1.9066021047988046e-20
9.822071926910486e-35
1.6465987306184183e-12
3.816296258811415e-37
1.290108848517622e-29
1.7497212478725312e-36
5.245729081945281e-116
4.077989128315786e-32
3.1214443928647375e-27
2.5026934902986326e-35
8.723142419475826e-38
4.374691314932289e-84
2.722826582248144e-25
4.214436604352842e-23
2.3877425064017137e-42
2.857495504130648e-22
6.018537825428414e-13
5.34979336181229e-94
2.2135411829137438e-09
2.9228313267817307e-91
1.376355419736304e-27
3.691972014014555e-82
5.331776582795644e-12
8.870546916625633e-22
1.557185664515618e-17
1.5597497823874473e-21
5.517603641455078e-19
5.678980405717536e-41
6.498919115136024e-25
2.6047961928607854e-24
3.912729788911368e-33
3.364883395730863e-46
8.128608205293263e-44
2.090455171550217e-86
1.1554930675451201e-23
4.1355599731677127e-35
1.9115114892857402e-32
4.534603848324371e-09
7.685156734517391e-25
3.348679796987948e-57
5.6904815741324365e-24
2.742890991021727e-36
1.2775425381762602e-38
3.3992067836560616e-16
1.125239394577034e-97
7.89676430692195e-37
6.386172315861909e-26
3.247270307787407e-82
2.747793068148182e-36
1.3794016641749785e-42
8.41026566446956e-28
1.5032751022784182e-19
4.9299176553287474e-36
9.136760590195917e-87
8.4735784736685e-30
2.0734041340056823e-33
3.1018094487565876e-14
9.021387560454452e-94
4.3479507661434e-21
1.9002862059411792e-17
2.783811142303493e-18
3.8869832720568e-98
1.3008360749359307e-34
5.678203627597567e-85
6.325735871098058e-90
1.255808263632663e-65
1.0695969908493588e-55
1.039144856130101e-20
2.5380316670188955e-98
4.429459915747245e-30
1.0653790530721028e-14
3.3099623986603384e-25
8.710361185990363e-119
3.0628463396355654e-28
7.81672223605475e-19
3.205422682535309e-17
2.7443886953425678e-17
3.185403106077444e-39
3.668342819088493e-41
5.209108364152884e-31
6.092972035837325e-78
1.1348398398317286e-24
3.782579138021022e-27
7.460860159191582e-38
1.6892586181170184e-19
1.898096030765546e-109
3.4134919838135834e-42
2.74635413681431e-19
3.306086909870501e-08
3.69370301104404e-33
1.0864034328432421e-31
4.1429337235158785e-42
6.210527911781718e-16
7.762308754882281e-11
2.600476464199685e-07
1.1855099413917248e-33
3.861788348278966e-41
3.6363456376463247e-23
5.506996867189868e-30
4.7903823399923454e-43
1.1216086769279597e-33
3.1383721856223737e-22
1.1428052227598025e-29
9.496067502270131e-21
4.500011607115655e-25
2.9731175983786927e-53
1.1844524146814829e-57
9.446633643217899e-26
4.4232019401529486e-32
5.953593280289346e-44
1.750799433528293e-42
5.266784293858883e-21
5.3183817535684755e-81
1.2046453389137518e-18
1.272335002919531e-44
6.978057392081977e-29
5.1928053043582366e-24
1.55833609756723e-25
8.565379543504308e-30
3.6359169311210254e-32
5.6455792308461704e-49
1.1613680464955282e-38
8.956250271669656e-35
1.473776837580076e-29
3.5880762563781625e-58
1.5238121152599357e-16
4.196653180536424e-25
7.48664832797674e-29
1.4953550361004352e-31
3.1954629016952444e-18
1.0815469489615312e-38
7.671373783551145e-10
6.452059492400873e-20
2.3725670357762522e-24
2.5854293242627973e-15
8.882997663705097e-34
1.8503024087657582e-24
4.380381602087305e-10
2.8457017798120407e-22
1.9228232829502057e-37
4.31512866037571e-98
1.3536102765543562e-58
9.997613267370335e-08
2.34570412618823e-28
1.980410368807831e-70
5.182207582069907e-30
2.2816681867876346e-09
1.108185280990078e-39
1.2237924061313845e-20
1.8798951461774174e-27
5.729041752636193e-30
2.715672430952897e-14
1.0043905672669129e-35
1.8516541422592336e-26
1.698822914740471e-26
3.7285660018557295e-93
3.0677130945262553e-23
2.0174303635787628e-21
1.7135152480761565e-14
2.317709121850593e-21
9.867714740514723e-28
5.893003933038788e-17
3.0770274024753062e-55
1.7560961241992017e-12
5.541067875184938e-15
1.7197265138528196e-32
5.41639230014799e-32
5.30655940845748e-21
1.4841986895661316e-15
1.0907040967432866e-17
2.6118602078283988e-20
6.675460065033486e-24
3.282091275040996e-11
2.7479106027995743e-18
1.484768505845744e-20
3.9811346730844004e-19
1.943379137862704e-10
4.477786497711118e-09
1.825250811920081e-24
1.353123593742379e-27
6.801533144570911e-27
1.5482970930138588e-25
5.824139858572776e-11
8.0976161164321e-31
1.2506159218199344e-21
1.7547420531030324e-40
8.952509912029489e-35
1.4276480317245535e-31
1.8085406342427038e-24
5.618751620935847e-15
3.508734942239404e-100
1.9275052888715717e-28
1.3287480365067857e-40
3.6173483124976283e-42
4.29058787347011e-31
1.5379101417218334e-31
8.20886842165291e-76
9.280108477083982e-27
6.441035129487955e-53
2.2143557018486167e-33
4.351656433832093e-10
3.4662971188676414e-41
1.321951016969478e-22
4.1643043801273967e-38
1.1599968138871079e-30
1.6499080570394683e-25
1.60717527731549e-17
1.3677582934863168e-36
6.355306952005217e-91
1.6580026692742705e-31
7.111714009086908e-38
6.259468060537368e-19
8.47489304036953e-12
3.6730966290486236e-26
1.4446177763021745e-14
1.2264151422416554e-37
2.5264940046341893e-33
7.036841654693373e-24
4.610990412623066e-17
5.400719204222278e-40
1.0953353991854345e-06
2.7148255631451246e-20
9.790414690529671e-25
8.604664389871191e-30
3.0044508440909126e-23
1.5252352922332204e-18
3.475698551551212e-32
8.732680114987367e-36
1.920767335154655e-08
7.384636742618783e-11
6.5807349810948906e-80
2.223379165896724e-20
7.277749048428e-55
1.3727397432330193e-39
6.63103582460389e-115
1.818493305484888e-26
8.948828804011264e-18
2.779379789535919e-99
2.229412380807292e-17
1.306549592677536e-21
3.5957444182041677e-31
2.7014476149109204e-15
7.326263172237259e-28
8.917529318259775e-43
1.606881313917546e-24
5.231613257511033e-15
4.763761203178302e-93
6.091098944574344e-27
1.7619903435774169e-43
6.035569485259036e-35
2.5816908906482346e-87
3.983843119197013e-12
1.0442062259653111e-39
5.558945195051486e-19
2.007612614753628e-11
9.472342417168247e-96
2.491461935851013e-45
7.629128805929626e-19
9.11166302605075e-11
5.672402401386305e-125
9.86518581449792e-10
4.649956783663032e-30
2.0978959756990844e-32
7.037779865031276e-51
3.321717462623884e-67
5.793163584727077e-25
5.171460926264741e-34
6.5103921893115535e-31
1.509143069422853e-32
8.919312328280702e-31
1.1006597433963896e-36
3.2834086942332014e-17
5.215468026124044e-31
2.9678067168156593e-37
8.45889721158065e-59
2.0964032828419087e-18
2.844340584594143e-27
5.94705269487433e-13
9.341267717868551e-48
8.106123560272144e-19
2.0473745646665253e-34
5.243545462500986e-23
1.6965643020616983e-38
2.5407701842494985e-96
9.390910343568564e-11
1.6141232917729708e-13
6.583931386607054e-34
8.599067538010848e-24
1.16284046405606e-36
7.819730359666294e-46
7.188787698011086e-38
4.340187894799332e-43
3.604574132001383e-25
6.931283531338875e-23
2.264934285440355e-14
1.702684748195243e-39
2.492796258241413e-10
1.763962352123944e-49
8.150713380678773e-24
6.204123474548778e-45
3.277023677605972e-62
4.341469054814854e-25
1.803908610788513e-13
1.6189510774185213e-08
5.20194275935398e-32
6.103357506072719e-86
6.763970724672311e-37
8.604692934106019e-34
2.862481728649056e-47
2.3700433429416224e-25
9.177995914479963e-27
6.991345803871145e-36
2.88024034783564e-38
1.174090330878112e-27
3.29107012562412e-30
1.286937392223808e-18
6.997618899161239e-106
1.7571504599206172e-29
4.241278857085243e-99
2.3390294979310087e-45
2.4848627847011805e-38
3.48973584760687e-35
6.03501208200672e-102
2.7211068233214023e-30
1.9090855798352948e-45
2.2562927297078802e-30
5.201646382715288e-49
1.5931028078198206e-37
1.1583060839718276e-36
7.5129605131724275e-28
3.9192402117077334e-17
6.121988234864416e-48
1.031440600401788e-09
1.0266476100094411e-33
6.974842188071646e-35
9.165957865422927e-46
3.17366548297967e-29
1.8542273748642832e-49
1.843117964429356e-15
4.1081658289256477e-22
2.659810921549437e-21
1.1849716323302376e-28
6.958546819554595e-81
1.5314192354186196e-19
1.4908508923686704e-48
6.466184889137187e-36
9.956834371114973e-29
4.731841535085249e-98
1.7324608089775708e-16
4.583397631599115e-52
1.2321067918214085e-17
3.327894571916583e-34
2.934537407687864e-23
2.106556271152036e-17
2.786707363583545e-50
1.9520558981979153e-33
2.3352670169716555e-19
2.2264013056024626e-93
3.2592508601921147e-25
4.189428248584636e-32
7.80942266266566e-45
6.045352792315919e-37
3.7237036286498334e-102
4.859379760485626e-22
1.8200122395217785e-43
1.1368349667045168e-12
2.25146287789571e-35
2.020965329893965e-116
3.409974665070988e-19
9.890010630179704e-26
2.2825788164325966e-39
1.1699548796483572e-25
5.976583237649234e-26
1.0983163205851314e-13
9.353631055014184e-28
2.8632665867270206e-28
1.5076330711770508e-18
4.1232902130741214e-33
1.0132010091671535e-25
2.255853413951999e-22
7.326347309455859e-11
5.0287136554593914e-20
2.5994531391649404e-29
1.9422036381927198e-33
1.3775842966881075e-20
5.537218010603597e-44
1.5308405216987323e-42
3.91141278158665e-74
8.907696122688535e-36
1.4217639036971255e-25
3.067565037109617e-23
8.523942101009628e-23
2.16533787250927e-11
1.9755730082959315e-25
2.443867047444512e-89
7.481491802083854e-54
3.191109441989666e-16
1.8960290575569534e-08
3.52749255931189e-18
7.310296200434831e-26
2.5093116074057153e-09
1.953136622051788e-11
5.896516222249747e-88
2.3039612164989682e-39
9.44089768920263e-100
5.922178489419006e-10
2.443242558105971e-33
8.865547077192826e-26
5.678786725000097e-29
7.080334850607459e-29
8.110806745026611e-39
4.638140238367468e-47
8.796889731427756e-106
5.624149988374912e-28
5.566013449750693e-74
4.603827763726002e-25
2.658534217202843e-26
1.2982240538948383e-37
1.8675259235948577e-25
9.775320092881441e-28
4.591514374451872e-26
2.907025389337038e-44
1.3398681589156532e-20
1.5168743863056023e-24
8.009378071690486e-18
8.276872131260143e-23
1.3607333195535347e-14
8.83564158170721e-34
1.8801227713219823e-36
2.331678747889974e-39
1.349621110030214e-39
6.379129242873942e-21
3.641612347147903e-26
2.088122047235302e-28
3.385633794911504e-17
9.229264865613326e-22
4.515575309696255e-42
1.3184853451140623e-11
5.027526551220806e-51
2.3105887598476278e-51
3.408861286161876e-38
1.5242564655935503e-26
4.572160135833658e-68
7.548785282058557e-43
4.226206095946939e-24
5.437617856974719e-39
3.781571164371685e-28
1.9228953880682723e-23
5.307834121114576e-53
1.4117188506078015e-43
9.477012553279015e-40
8.629187645041608e-43
3.764103312225364e-10
1.3091848716711646e-101
2.0446067034808234e-09
5.0453484972896824e-09
3.7989708880051105e-94
5.1909175248735035e-20
2.79844383341963e-18
1.521239549998555e-10
9.776399753368605e-44
1.340414355517383e-58
4.7633605659836797e-23
2.578290180578683e-33
6.281923870749072e-29
3.454305017047449e-30
1.1873141371409757e-82
6.417638354600923e-26
2.853147309881643e-44
5.2446275637774764e-23
2.7181147519667454e-38
1.343172622922371e-16
5.6122834102886054e-08
5.851037080338498e-35
7.088672730592983e-104
3.8053783389289345e-30
8.516719477675492e-41
7.013915800525997e-28
1.0469935699317168e-28
1.0591319305081275e-33
3.0873839265207195e-23
4.6617445369784326e-27
1.9885385523721498e-49
1.3745234313698585e-24
1.6328445391945924e-33
2.0209650094540846e-14
3.9840209180837844e-105
4.342060945086358e-23
1.1988251126340625e-19
2.190897338808638e-09
3.420103292352752e-25
2.7330638393569805e-08
1.4258949161133568e-18
1.6561489652201464e-26
6.879272888543522e-113
2.946520649175971e-23
1.5383751148817732e-83
2.2263126741969504e-23
3.682600281796393e-29
2.4265506911577102e-45
3.715942966938286e-28
8.456263023464944e-63
3.204501613134871e-39
1.2595143227453053e-48
9.355142561455126e-25
6.47066499217526e-18
1.2095458161206055e-26
5.737434310655255e-85
4.258945634988186e-26
1.3160066331776958e-12
2.0569328634461272e-18
9.974490808656888e-43
5.7961158852398607e-126
7.2737402887257866e-09
1.2473553394268122e-16
8.387840965476266e-98
3.598544130470102e-95
1.3452815874410015e-22
1.2368116489007013e-31
7.668508164450378e-41
1.4144290841029232e-22
4.815404670780625e-45
1.0082741509694339e-22
5.504277298532079e-19
6.1484610034895405e-81
2.7858949259920863e-34
2.2395280329123885e-27
8.121171176827743e-32
4.6337585072134123e-26
3.264544141936075e-19
1.289985321334338e-60
6.285354098510408e-66
1.2529316167251151e-48
4.667829039226522e-21
7.979459363025222e-27
5.3236538361917645e-30
9.629682165404506e-32
5.811623548994846e-38
7.136842985402749e-41
6.075876514037558e-21
1.3479457775201343e-32
8.44898696140925e-33
1.9971732557794676e-22
8.468315134309589e-26
1.8906893914957945e-95
2.6619780296604855e-13
1.6144572148102643e-19
3.0593812596541044e-42
1.637806499669045e-57
5.2672909685935965e-31
1.8337011681053075e-49
2.8368226580352496e-36
2.1583084090740666e-30
1.0212052018079368e-26
4.60866339618199e-93
1.6432277955532134e-39
2.131194612083547e-18
3.9257280409139456e-49
5.042909443048153e-28
8.733195300123452e-73
6.952291442807652e-31
7.778689455688806e-13
1.385008291604566e-117
6.019609437419887e-14
2.8839535900917227e-48
2.454236723832043e-41
3.180047128955607e-66
2.6921556674464395e-19
1.2922734800026125e-57
5.147580931643689e-30
2.8880619282652704e-18
6.48514135259904e-15
4.579433859385573e-46
1.7793048851081283e-08
1.873058131222596e-31
2.4657299965250153e-38
9.858971358248315e-29
8.93638795040356e-38
1.0244598403759011e-22
5.303632034153322e-11
2.3006564810713437e-31
3.1042185662206955e-66
3.852968810528519e-38
4.7267359267413964e-48
3.25087648861728e-45
9.080020609474597e-99
7.302406997712137e-28
3.635947643433199e-08
6.324407118682462e-29
9.094273526142034e-119
9.123620367324097e-36
9.688343248005026e-75
7.028357576508448e-22
1.1065482585132884e-42
1.938411204849946e-65
1.7650720274313162e-33
3.5472502638868356e-64
1.3016767897317986e-12
1.8953357114394706e-71
5.880681308187306e-36
6.13832334824551e-36
3.0502188944450005e-28
2.1533385286796984e-11
2.9827326607163504e-08
2.3245256092190373e-11
2.178895091278016e-32
3.357622859557785e-09
4.977056512021753e-11
1.9924536400683417e-64
2.1589915938942953e-48
1.6317639588875236e-98
1.340505198520137e-41
1.0969274469397501e-40
2.432985089670791e-65
5.206561115872692e-33
4.977166917374056e-32
1.787167468863453e-36
3.5385908837195733e-44
2.511191455440519e-54
2.7770448699461117e-10
2.12659971047134e-31
5.203615860642237e-87
4.3805899620686443e-13
3.128158954219846e-32
9.142144587321932e-37
3.17396663123924e-30
1.4191897491493536e-57
2.5585176661485777e-22
6.214500244102626e-41
1.5387039401739724e-32
1.759015289145767e-22
1.579707263868231e-51
1.7784464878343925e-32
2.8585848752792254e-41
5.656185295904381e-31
1.995565211107572e-27
3.6692668779168565e-22
1.6538255275985518e-41
1.4977483798705432e-36
1.2088619240369404e-11
1.6845683618932108e-23
8.167814366279019e-88
7.474207946830985e-29
9.25101142583103e-33
4.600027404432496e-22
2.125266651728561e-22
1.3828353787738796e-19
1.2072368822577194e-18
3.642494695513857e-16
1.5188209415280825e-23
5.2177914747354546e-86
2.950333224472753e-30
2.6264591452394103e-10
6.502607099023122e-35
1.903506313040367e-55
4.129305962186233e-26
1.8629691398149557e-24
3.9985950355171124e-23
7.04216906369659e-20
3.715496257139408e-39
4.806176409538718e-27
3.069245071510824e-33
6.172456255823893e-12
7.65608412849808e-33
4.995725347091549e-19
5.423906168628467e-14
1.325736585274732e-24
2.515532052528354e-46
7.273836175947795e-10
2.1190219587532963e-19
7.444945808461215e-37
3.9847439904647105e-31
2.0955495415234133e-22
5.532535547808363e-81
1.7190202686953098e-38
7.579452918112851e-20
1.7356241200631642e-20
8.99783303360959e-22
4.224832411702298e-10
2.456983129906367e-41
3.0723376596384115e-20
2.483195000915842e-25
2.6589500515231416e-13
2.70658107117937e-11
1.5601464896478976e-42
1.3038093214194313e-12
1.160542844540017e-62
6.622945010319739e-24
1.2447052525150365e-38
1.9873221285485677e-32
1.8340237179514255e-09
1.4428553793194396e-32
4.156210536433547e-34
1.1426234729297748e-22
6.355384635967375e-100
1.7962862906748706e-26
9.120257566714752e-82
9.988043456797443e-35
1.2024460871865994e-21
1.2470642091002318e-25
2.354960006043259e-32
5.629051350736634e-32
5.22936954356404e-13
1.2519003669112372e-33
3.962082407932816e-24
1.079301400202452e-23
1.3276008018723818e-21
1.3540759929502541e-96
1.3317428156937669e-34
2.0889139524758828e-82
1.8386380072604054e-24
7.125939123612349e-29
6.402588262424883e-57
1.7993553260174603e-100
4.867671173005448e-43
1.1005185429259155e-105
5.6554233152636716e-133
4.4031278015530465e-29
7.492669417191472e-18
5.418992354863043e-52
7.427027333688778e-40
5.597417970062881e-21
1.9989809313928132e-25
3.1815154382218518e-24
7.016178276337981e-69
1.0341006319811549e-26
5.011880946517885e-94
3.454016406405542e-47
3.6327910878353217e-28
2.3849930892906298e-20
6.269128120333996e-20
5.3227037705677505e-17
9.022873128042915e-19
8.965478921551778e-25
4.801689545945457e-20
3.25319503923705e-32
1.8406543620240063e-42
2.23400736848018e-43
2.124663385867788e-22
1.4957915681442252e-32
1.129159609016259e-43
1.820130166347886e-76
1.5504257973032938e-16
2.214368687190431e-39
4.447616341317335e-28
3.5441122146667974e-121
3.9730121444539076e-73
3.027211929180376e-19
4.6405837575009395e-29
3.549213918204434e-07
4.818141359340798e-30
5.379609091885689e-32
4.6454266591960185e-91
5.142992419607241e-15
2.3462578331114097e-08
7.233425373383519e-24
2.4171254228396657e-88
2.1421037811057696e-32
1.185909024968107e-28
3.162366238343026e-45
4.648055074398997e-11
5.191858158983212e-13
8.441162150384856e-12
1.5205620830610467e-22
1.8211328710653799e-93
2.6162792229261714e-52
5.170230151444859e-34
5.112138562884834e-13
9.745950126983508e-35
1.1391529323817303e-08
3.858548418361901e-13
1.5799418304185682e-09
4.458537017658539e-82
1.2085174402877885e-29
1.2145304538029292e-34
8.97375676861435e-21
2.6246863376908777e-33
1.582173305257384e-92
4.891528585164856e-118
9.589589659424163e-29
9.010565423186098e-112
2.5785200488524085e-117
1.7885894872773912e-39
1.0738573744470526e-80
1.0618077080005286e-47
5.603655716095727e-21
2.1665984868759563e-51
1.1210528532418528e-33
2.8504942963260394e-46
3.0618284506577485e-10
2.134724801375668e-23
4.3433617800999765e-37
3.492179555102251e-30
1.1066814390170116e-68
1.731571628122526e-39
1.7139559265814047e-101
5.632870711749105e-25
9.259495351470445e-16
1.55932753686012e-38
3.0012118085231e-106
5.685758128483361e-39
3.893673780396779e-36
4.163010211603008e-33
4.000275406180824e-133
5.246142417546802e-29
1.8794029683648617e-30
2.508670044904199e-07
1.0269939881187167e-89
1.3261509902345412e-36
2.746373531716164e-13
1.2552588987021674e-12
2.3431794660892066e-14
2.5385530514064455e-18
9.375712087774487e-23
3.253780374328965e-38
1.2355678261323118e-34
1.926247336245386e-27
9.977514805527994e-11
9.948456513027951e-17
6.487555911960244e-27
2.830035776497368e-27
1.336739692047468e-91
1.487379858018691e-16
9.104108272625733e-28
1.0497909269045346e-56
1.6256477126201766e-06
2.2446912768119723e-19
8.295262699905331e-29
3.887429518380912e-38
3.563620410049667e-81
2.0029883855034042e-33
6.9188514150941e-38
8.036478887554678e-88
9.253710040078579e-42
5.869482706815904e-28
9.263819548127317e-42
5.34821872526517e-44
4.707964417047128e-31
8.273900649428806e-35
9.682323364565e-11
3.072224741356248e-34
9.436924266720202e-27
7.635752458452212e-24
5.114348119356644e-28
4.927726489312392e-30
2.5588804008602324e-25
1.096026214910397e-87
1.952319783976406e-30
1.7377683452176758e-28
2.1990111560059988e-17
4.547196245735211e-41
1.1326769711212366e-93
9.706508053996854e-19
1.4584980019488496e-12
3.573615060280562e-27
1.0404663707932299e-06
9.337131488188707e-106
4.0473348872677014e-33
1.2195414186537202e-25
2.531772039106884e-35
6.966435949504168e-10
2.5380297531297203e-09
1.076589961172105e-16
3.960760014634688e-16
4.909726316661342e-110
9.86378817893291e-13
9.268202188519033e-11
5.1557502643337314e-33
4.7113876532231284e-26
1.2956200037750819e-13
3.4693388776451926e-122
1.3641016118867148e-15
3.8328374102531414e-60
6.094631015669668e-37
5.828208655135289e-35
2.68872494449019e-22
2.7672288463019433e-54
2.7215548927050085e-15
8.44685512136639e-96
6.691844309340951e-22
1.6940719828258868e-11
2.7832816974933346e-12
2.0314718749672534e-25
4.4932517529943325e-18
3.872901342016166e-32
4.3039101526884645e-32
5.023991594465088e-79
1.1336900630706655e-81
3.2350641458481503e-59
6.593276986630162e-37
1.9821075923666957e-25
9.344378105872451e-26
4.7599721303329744e-117
1.2801009782740848e-14
6.437861191608303e-32
3.0919407359719336e-49
1.6100866541779492e-37
6.182825690459153e-25
1.969994773078304e-32
5.278196532088767e-21
1.0538041724860988e-35
4.300102610192026e-27
4.133817376266174e-25
7.682925806559746e-36
9.277419774208274e-94
4.016175270161338e-09
2.6301400725398277e-31
1.471782102262397e-83
2.6316011699428033e-45
6.202157385895892e-24
3.2381805744208314e-32
1.1055206922433129e-34
1.4520844644044968e-89
3.2918191305944504e-92
9.912963317141515e-15
3.743948286269089e-45
1.9858668924196088e-28
6.781047695886054e-11
1.1199236578739108e-17
5.4960644901027765e-105
9.912757779026753e-24
1.3839569495162737e-16
5.828478597241885e-33
4.3048274114961686e-27
9.075379058873437e-24
1.7325737314911893e-41
2.2811845675917286e-31
4.603731953082882e-36
7.126775981822988e-25
1.605715001377606e-27
9.802342650293735e-28
2.007836860397939e-20
9.903311707880366e-43
2.474022928597155e-76
1.6457512472393136e-19
9.915892798195458e-19
1.6470752382940218e-26
1.8315523044310622e-23
6.393330461405148e-79
4.618485056784697e-33
1.877424579237284e-12
3.5791519329730763e-28
2.0739328780443127e-46
2.062667267786684e-34
1.6564316957316172e-14
2.652536587011048e-28
1.5748518377097115e-36
1.6189564629947876e-34
3.9796440442740786e-44
7.636677695175524e-42
1.416817415338269e-19
2.2704350612139804e-20
7.45739562719543e-35
1.683987097568273e-27
2.2420319771651194e-42
4.85088887946075e-38
1.8457451102264673e-26
5.850459760931898e-103
6.887403440659551e-31
5.833103566539907e-28
1.4135102190733535e-21
1.8654734233502544e-21
1.5490885597958719e-18
4.477806123749014e-12
1.588646202858753e-22
2.668856540868274e-09
1.212671066187626e-19
7.801332496354546e-36
3.2652366495023466e-29
3.076514476931217e-17
2.2447999352902273e-36
7.839646137555512e-48
5.906966672682055e-34
3.9845899341889955e-16
2.0788688405619893e-34
3.628419769763816e-17
5.977871887060289e-14
6.62856379738958e-12
1.12128983382198e-75
2.730560968097144e-37
2.8338446080476603e-24
3.0925667224162654e-09
2.288248422690606e-37
1.7637367096864874e-30
2.1414179736329875e-30
1.6192124872578487e-12
1.2012419897323413e-05
2.8193664824175314e-111
9.471825275845884e-80
8.661569806691543e-28
2.9428196754275745e-11
5.970148900204966e-26
2.760841995253335e-25
1.1237935737262704e-34
2.678869724992817e-41
1.080299846817063e-96
7.058527013852355e-16
9.039120059318545e-33
4.206143195809687e-57
1.0663020468103264e-22
1.3599920916883556e-32
2.656639729999177e-29
1.8288794436001396e-102
4.462935459671481e-50
1.82026580113036e-42
6.572418597947876e-43
1.7017077157795667e-34
5.161403320653094e-25
1.754409052882298e-29
4.631693755508702e-33
4.393679140236791e-35
1.068611091135462e-22
1.3679580853474906e-27
1.83586108791362e-18
3.385835182745037e-23
4.990485490716936e-32
2.4759502157991543e-30
2.0028555082597287e-15
2.5935049278092862e-33
4.495403950280088e-15
1.5731924933066693e-12
8.129348072753635e-31
1.841768065437095e-21
8.242460916717303e-33
4.771829248371886e-31
2.986667095335517e-24
5.432081679260846e-34
3.1650039526487945e-90
1.7703581697799793e-24
6.1940797038856974e-24
2.9991903601397316e-31
1.812857403244176e-29
2.1351266803518195e-13
9.540932078099314e-12
4.612902642001128e-50
1.529379789678571e-09
5.989205831246016e-39
3.3786865067030527e-21
6.512100246732029e-32
6.010048956142396e-51
5.994605517237252e-09
1.363270097756064e-49
3.8189631784480947e-25
3.656000598495436e-26
5.9631694331847734e-36
1.7964116908553884e-36
8.397611552910578e-23
1.6439197754607086e-67
5.485916728203983e-32
1.881667832403447e-40
5.024356352291383e-30
6.825565731110742e-81
1.6096093063526593e-11
7.101001239729875e-35
4.4570330281097386e-20
3.5718686214575196e-27
1.3552443672080153e-17
9.618119264181745e-46
4.158929535148616e-35
1.712541188876914e-78
3.715878649614879e-44
5.817344825996153e-94
3.7706336795316946e-59
7.263177428434245e-25
1.9962579372004295e-66
1.7960124102981654e-16
7.040071143953753e-29
3.5472436264820304e-15
1.0822574047474227e-09
3.652132048970725e-24
1.0024140409284742e-22
1.6453433177174167e-29
1.478000135315011e-12
4.445463891643667e-27
1.2166853550587615e-22
2.781940675443458e-19
3.128984539604454e-18
3.2614309605016626e-18
2.6639206078347155e-14
5.050456165907872e-19
2.3665916402231901e-07
2.1498122128116323e-24
2.4433951488932405e-19
2.396741644429228e-39
1.1833989400761479e-27
2.187817408636537e-29
7.139238648925061e-27
1.2049287536840299e-12
2.0762579744992147e-28
5.842902357329526e-16
2.1040138362749702e-30
3.4170926717045164e-74
4.5526326410368605e-17
8.611454035993298e-24
9.27511176791979e-38
6.529326303938099e-09
8.054145981739292e-20
1.890949665355663e-24
2.2759437294119725e-35
8.500337356517132e-31
1.16441212365905e-20
3.5831450653483037e-45
2.7128231602715835e-05
4.1642489652578084e-20
1.4392140312127453e-50
3.85913026516322e-49
1.5790182522243672e-40
4.1244099937538045e-21
4.8866309395952246e-08
3.436323872496828e-98
5.123408536830136e-22
6.515188308691161e-33
3.14435554217777e-26
8.221176847530198e-47
5.707760767409248e-34
4.4353549670109555e-31
7.359869635825399e-25
4.0183539245161846e-80
1.2646216359665481e-25
9.356627951103683e-37
2.0620668231753368e-108
1.4413118351939968e-36
3.9855659427465636e-17
1.6973296007356026e-86
2.7217576623276764e-12
7.085576056392222e-14
1.3186917928786284e-08
4.28032579075788e-20
9.54411098151293e-57
2.9821730338499e-34
7.750364580271192e-39
6.546502316738185e-22
7.802720648415078e-31
2.8444477809488404e-24
2.936438679959728e-14
3.8786676904113675e-42
1.493804290058355e-62
2.8375900907452756e-47
1.6042238700823218e-12
4.0415171279148364e-32
5.538966531075754e-38
1.0505577753201347e-37
5.911231325076235e-10
6.817417072013155e-23
2.771713993394522e-14
3.215837081861292e-58
2.593661600026866e-10
1.35885426766392e-06
4.110668344173055e-24
1.61299394560333e-19
1.8607019416267435e-31
1.8698810920557977e-22
1.8242498415266646e-30
3.945065766695559e-42
1.2459911380457993e-12
1.2200669778018907e-34
1.937815592204816e-30
7.042187006917773e-45
8.060339740363243e-20
1.7666809190000842e-06
7.38752600257663e-23
7.486495535083791e-36
8.132325882639253e-48
1.575054995331435e-72
6.1689287994258275e-43
1.484502324980151e-23
7.70747980736782e-33
2.807542612850507e-20
3.8271002081594963e-17
2.4162835049576017e-09
8.008672856964476e-46
1.1905034302674065e-90
1.0913388884628112e-12
5.137600467364311e-15
7.557846110127868e-08
7.74230500987005e-83
5.856437442656255e-78
2.5381002790583167e-33
2.1397276818056588e-20
3.9402170588655886e-23
3.76863331042391e-29
6.894403872686497e-13
3.68976069039527e-127
1.6273731075644168e-25
8.77508301947948e-22
3.96804988058265e-15
6.455619145812591e-19
5.6168191123904277e-11
5.368289289953822e-20
4.2723920568900943e-13
1.0329021659294898e-23
1.3894255165766485e-30
5.52722492754008e-19
3.4898134874337173e-44
4.196477777967838e-25
9.209954217002201e-40
3.0164470887964744e-85
1.7692452076748431e-43
9.775500833088854e-43
2.589858310889977e-14
1.6540877863399262e-13
6.315210158298666e-42
3.924395624999787e-22
2.6246262558714876e-90
1.0954671520058717e-10
1.1248700065352508e-15
1.4833791127037927e-18
3.9399973215452935e-42
5.9751684347520695e-22
7.907281708213043e-40
1.1417174912239133e-93
5.614684819013494e-18
7.949983269518578e-19
8.652305703683946e-37
1.5174479705441478e-26
1.520186335987158e-41
6.425936386637897e-58
8.57553328125126e-72
8.626394527649173e-70
1.9005990671574597e-29
3.6430873625556656e-13
1.0046379650230773e-22
7.792297176199865e-97
5.792724539223803e-48
5.43923700959854e-18
3.3585660884610505e-86
3.37859630929819e-19
2.039870462354193e-06
1.2601462970605238e-17
2.441208243817791e-43
3.966111636758807e-23
6.806029575829067e-22
1.8936195748814582e-42
7.229646987001437e-31
7.945030968438323e-24
1.3973118904306875e-45
5.797001806621503e-21
9.132697013674721e-33
1.4745043991424635e-28
2.2115478893665856e-22
2.5011518395350085e-18
3.43108465878113e-98
2.289120311511731e-38
3.3656596430576616e-40
1.4520101179262994e-30
5.865491413236895e-16
9.851604127662893e-35
8.706462391332872e-84
2.967981083040581e-25
2.2803305071360813e-35
6.128983189000064e-25
1.6856801579504674e-32
1.7192814913764163e-31
2.148536663784721e-44
6.6536015234140825e-18
5.536278081460607e-30
2.6760111814063104e-35
7.101992706398048e-23
5.350704709672444e-21
2.1679662219050474e-49
5.866529566104017e-40
1.3278031586447497e-18
3.688408757431545e-30
1.2878382262905418e-26
2.3059218866764572e-30
8.96761667043598e-50
1.7476714467633744e-25
3.4759605948739746e-30
1.1848796589294037e-20
7.723765439301635e-23
2.302999148034371e-27
8.326657814117702e-49
1.9421275981899616e-38
3.758127853219321e-28
1.4530692226488424e-42
8.020944113359933e-16
9.610919275960146e-24
2.8515807950865226e-19
1.2271477328893276e-34
6.180621251555782e-35
7.867604077903123e-18
5.323743146839255e-27
1.2774645501816251e-23
1.2004441263432884e-11
5.561231365192762e-27
5.278821878444913e-11
8.882926016306522e-31
1.004361865328312e-20
9.73607759318115e-29
4.318336418746765e-30
7.514735322661646e-20
3.3542273627492977e-21
7.701537525874757e-27
6.963381874026913e-40
1.629909399504089e-98
3.927201961016288e-27
2.5090097123582156e-36
1.3216051472542538e-23
1.2255511436386179e-22
5.3185027877217004e-31
3.187247430981561e-118
4.102849181293042e-25
4.274443584783936e-36
2.7470752507419927e-14
2.4770223440510552e-85
1.9345722087884152e-08
7.681312169423772e-40
5.472266381020995e-12
2.463807708722892e-11
2.3572617969361193e-46
1.1612030067399403e-37
3.3645688947796344e-09
5.224476450627673e-36
1.2309160090329734e-30
2.9481853795733224e-15
2.313792818966778e-35
2.350447095764145e-25
8.783619530676111e-35
1.302692453531604e-38
7.0645836745535e-20
7.171108235767649e-30
3.888802672257622e-27
1.8801506209505637e-16
1.8058599367079485e-37
8.051739266850689e-45
1.5774527798681936e-30
5.899138504024505e-16
5.896545347905399e-18
4.510620007683487e-18
2.0322690218824046e-19
1.5386765768995715e-41
2.0253406887081687e-16
1.3689459762969962e-46
9.171583968652496e-21
1.6708965873434759e-94
9.867194604670522e-87
4.318543449283497e-22
2.4681197099385217e-111
9.465301436840323e-10
1.3649545625538657e-14
6.82208292380314e-98
8.159152613373401e-70
1.2682211808684077e-08
4.969629333269742e-15
9.884700071741196e-37
2.6691624591285822e-89
2.7065411537180265e-30
1.8456131512884524e-10
6.518535233939777e-22
6.216337644322569e-50
5.7154660060162946e-39
1.6167263261961174e-53
9.823381592361968e-20
1.0432484306515214e-20
7.706897923638931e-18
3.947148702515151e-30
8.025448196907359e-59
7.11217348766074e-33
8.89464058670734e-33
9.52205097055852e-121
1.2219265377455713e-07
1.7190680758988643e-14
3.2913610316106293e-15
1.0446116752748783e-06
3.9817616413997845e-14
1.0180405089403571e-86
1.2477641552882266e-26
1.2416148003157421e-28
3.779599779919862e-25
5.9874962635515095e-25
1.2011804190415273e-07
1.7634393784738343e-40
7.852458873683294e-13
2.4179765715152945e-33
2.089368206273802e-22
1.0054444936530464e-15
4.887618717194405e-30
3.6463226798855555e-25
5.787629030510069e-16
3.0045977580634354e-33
3.0533866680950314e-57
2.970999264374064e-22
3.547503733270447e-39
2.0493090479021108e-31
7.189458636197224e-27
2.935190941300593e-08
1.8052668576375986e-40
2.287172902480373e-79
1.2288526966658299e-21
1.6877106528351114e-51
1.034314452055618e-35
7.691980847088886e-50
1.2520829377884366e-99
2.1657269413484542e-88
2.187623361730877e-40
3.2444460914785325e-28
2.8018761640362135e-39
2.3818644047812327e-21
3.4693363974380123e-19
6.703663333027902e-07
1.5881192582364384e-35
8.366439218427563e-30
1.2401238948088222e-36
1.1462794825379043e-27
8.885047430711194e-28
5.5272256834782145e-31
9.44872956263191e-33
1.3920459873209155e-18
2.8984697412170697e-35
2.4591861068859255e-27
1.8950043102131065e-21
1.2439677188005396e-48
5.752370560664758e-08
7.913543821007929e-14
4.6833553960273535e-21
4.477700269951301e-15
3.496783173239307e-30
3.5373981968926035e-34
1.9002164203039339e-88
1.5739052744988658e-28
5.904337184022817e-31
2.2410272069060277e-56
2.494539096309485e-08
4.222795873611248e-33
3.12374716011971e-29
1.8699673327760291e-37
7.743080197944596e-13
4.1542750997903885e-18
9.382781740964172e-30
5.015072188423992e-30
8.430855223934135e-102
5.4601417906061e-36
1.3888738991588166e-30
5.848993947204285e-33
2.2966809704601394e-82
3.200371816845378e-10
2.984419829245576e-24
4.3560013964795965e-23
1.1875512579771337e-13
1.7623844072061127e-41
3.7258142274358305e-34
4.24201241486502e-36
7.783432952751818e-08
7.445019060755613e-32
8.87723548067841e-09
7.831493593137338e-52
8.856998754066238e-62
7.951687223220334e-16
2.7807823937487156e-11
2.989715099105814e-37
3.4396477347402135e-69
7.4937631798242e-37
3.194221295772189e-21
2.570866927377893e-18
5.99589429538057e-32
3.914347467094503e-32
1.2999806344709425e-50
4.236749718440128e-15
2.777190427561502e-27
1.2698465794036867e-30
7.5884180627195034e-31
5.026196734496127e-23
1.1416411574174523e-17
2.6979383121208107e-25
9.981211388488287e-45
1.0826766983763313e-85
1.8063569826915927e-28
6.488184877869444e-22
2.3179126775305207e-32
1.314958874508067e-22
1.714109242211097e-14
4.120468590481586e-31
4.362139229777853e-33
3.856770010977639e-43
2.4957951209302277e-69
7.172716399241066e-15
1.3197290241755905e-15
1.1695921645644248e-31
2.914256288739052e-33
4.7956194056260125e-121
9.58474487685834e-21
1.365408379482208e-34
4.703123908132684e-99
1.1800611930822894e-24
2.2046169587498533e-27
3.641172588207933e-27
2.6909471583395973e-88
4.633577692182754e-39
3.0822796910367654e-22
1.8592827595150304e-66
4.439467930737953e-35
2.596426109363953e-23
4.0212963743195485e-07
5.221630347070891e-38
3.4100087547657243e-16
2.0187650449464146e-39
2.1210553038988294e-38
5.389664402913585e-27
2.3384476310615117e-25
4.388696065249943e-44
3.400952892152565e-18
2.9039894231185147e-33
2.2578277200087862e-36
2.864281087651542e-29
1.8730876040517872e-24
9.56421326426655e-36
1.333401617933997e-23
8.120161612690673e-35
8.618235863605905e-08
1.7212937069613244e-38
1.0605295838706784e-14
9.519123838337444e-30
2.9847954923638707e-19
8.822474114872356e-11
1.718228083657062e-23
5.517525798441111e-36
8.181569654131465e-38
4.304949741113506e-15
4.023997180480704e-37
7.008730570491156e-22
1.0271606524149209e-30
1.0597163013832529e-30
2.459777689058767e-34
6.675855615321612e-41
2.0254671356595832e-29
3.375280168426338e-35
8.879876306540295e-12
2.6949765809394002e-30
5.995943700839512e-35
6.703205525030643e-10
1.4663391644058334e-97
7.519265731315078e-34
2.944366135057073e-19
2.874092147351507e-34
2.3820219683053332e-06
1.3183032646831712e-25
1.2724678086333823e-27
4.6614694502876004e-26
8.627181845653624e-30
1.0914839564829802e-60
8.941238790706722e-86
1.1255669074020998e-39
5.211174697300113e-30
6.163712587360742e-26
2.1838933908866396e-16
6.827476057063798e-14
8.809641659593856e-09
4.771010803412396e-12
2.1791268835144475e-19
7.656795337674024e-103
1.3159498185964855e-24
1.0936069335140628e-92
3.232836284675888e-93
1.3126713440646176e-97
4.0869335578240116e-27
5.617112840143933e-37
6.931370512565894e-53
4.9013682321041097e-85
2.8279275218308412e-27
8.425660776762582e-20
1.5142349079209354e-23
3.1596775574259433e-85
7.977480154566717e-56
4.068931220209079e-14
8.68226733917392e-18
2.4024610972146394e-22
4.7201850714531654e-15
8.168240580032867e-38
4.9000921969623355e-31
7.594950277690912e-15
2.9168220360097803e-46
1.5174775295958402e-40
3.4181195634455335e-10
8.373889969489217e-11
6.146481194622405e-18
5.998986687495963e-25
1.8301015079863585e-30
4.4083781952486227e-14
2.1578759582484868e-44
2.3772537624247606e-16
2.426014133912866e-32
3.305710827173081e-82
4.231852374759667e-36
7.488328233733288e-26
1.21681542517747e-22
3.3355113490827435e-20
9.866265273781489e-23
8.51919328885672e-11
1.1597734386193634e-33
9.15735194755677e-27
1.0528525302010166e-39
5.278563086455922e-108
4.8836213126725807e-42
1.1571720237429e-16
3.5080916282640468e-15
4.750946974600507e-14
1.3660843595928256e-83
5.199724078975219e-37
4.406580821979561e-36
3.446311276204706e-39
1.0312419993875965e-10
6.050040252193622e-36
4.77872020363511e-07
2.110171683418776e-33
9.569791188189442e-96
5.898904523450904e-11
1.803557781304232e-23
4.175656347771627e-20
2.5429072902215273e-54
4.660797971755933e-33
1.5699887701719364e-43
1.553009177613598e-15
1.1394708765489626e-20
1.7594980688674358e-38
1.0513847749187884e-47
4.938365526969841e-81
5.514061242369432e-23
1.2300282598960386e-82
4.389733356058154e-45
1.4830300067153944e-15
1.1038220351197535e-27
8.545119650830365e-40
1.919122761242381e-25
1.400559772788975e-103
3.8343102975998937e-31
1.9260422063931304e-76
1.3093617171341257e-32
1.6564440770163014e-32
5.509021757632088e-88
2.939398917885215e-19
2.148893293243623e-28
7.611732029628524e-14
1.2684171281675391e-77
1.0543385849116718e-31
1.431610569387871e-19
1.873633388142314e-35
6.408180439839994e-91
2.0812195073485203e-34
6.124960285291929e-07
1.7524161122085905e-06
4.448010459447664e-06
4.1971608344782335e-19
2.1524260103998186e-36
7.569827138264738e-88
1.4998788790500252e-20
2.6841094809930404e-68
3.0934280315305884e-34
5.640446623236802e-32
4.126000839774292e-11
5.685526695595372e-09
4.902876744119646e-93
4.8642423542818866e-20
2.0136606645587732e-103
2.4290387582169837e-24
5.412558250965968e-16
1.3648193266369639e-25
3.1386195771706365e-29
6.792496399697011e-38
6.542903606422036e-15
9.558508811070225e-20
1.418482675970426e-21
1.0844683486133679e-64
7.59722298810057e-20
1.4172203863580696e-35
3.5687070340766914e-24
1.8983042636982604e-31
1.2360582300295905e-24
6.623014103589016e-32
6.623015663054672e-87
2.6073470234889326e-31
6.565546821924812e-35
5.224729827146338e-37
1.3349495906297913e-37
5.93442531966553e-26
1.0248354381398156e-20
4.217600102997437e-29
5.900889848354136e-35
1.2635052952993216e-30
1.5230818555338454e-84
7.2400614862660006e-09
2.3963244997450043e-99
3.083043927621867e-105
4.977103846017588e-40
7.238429006457093e-31
1.2238585461670946e-38
1.1913845910887203e-07
3.932613130260014e-20
8.707931909861271e-46
9.155649889418819e-35
1.2740802914135505e-23
3.316154150015342e-54
1.5548588500177081e-30
1.4348807409260057e-14
5.696192685573069e-51
4.859241191395e-28
7.078355181268993e-54
1.9260919195901036e-07
1.5044533302149116e-20
1.9838135470211643e-85
8.37196397609445e-39
3.655702836077966e-27
1.3333388639769057e-24
5.446366477341361e-93
9.079883139412088e-21
6.516568134520302e-30
1.4659090775716963e-23
7.835179695906575e-26
5.953985201223129e-19
2.3172367397973213e-21
1.8391712458793737e-22
1.1749174210347388e-32
4.532329931443531e-36
8.315335474263273e-16
6.319909140760089e-33
3.0530851916009453e-33
2.997309428299029e-31
9.029000338782617e-31
2.961806463401732e-96
8.991484780899647e-23
4.911975346959454e-26
3.7527629693661783e-29
9.751894377303197e-18
2.371603039615e-38
4.322305814780595e-48
1.8406779047288345e-18
3.150156467149643e-88
2.7342987984591117e-44
1.2420335852296634e-26
1.2008060537753363e-23
3.185926126593602e-23
2.5632063714162314e-39
2.9549210376719796e-47
7.100506315640857e-17
5.354866875833094e-31
5.78324675531277e-94
2.5468901948576064e-20
1.360854111351612e-28
1.2511087550383042e-31
5.667060781911257e-63
4.726625963128604e-44
7.89749371235093e-47
5.605388309126269e-50
1.1057893434977682e-37
7.704078629775034e-21
2.0551807114009033e-25
1.8372124464296751e-37
2.9362974428190235e-07
5.1337753147969605e-42
5.297755445783698e-07
2.065153523213003e-26
3.0498737493758665e-35
4.036662686083726e-18
2.5101131491708477e-37
1.5968982855818498e-99
4.881468069681261e-42
2.209823807636141e-31
9.740836911763874e-36
3.1057923973780587e-33
7.388942214779329e-23
6.492122913588727e-27
3.5407539140012696e-23
5.798923593823117e-29
5.706308051157883e-15
2.4824097059159906e-30
1.0918435925126412e-23
3.95427927281498e-20
7.258298921927826e-36
1.2322436019030905e-30
3.634918494973073e-52
9.442005270864028e-74
2.993814304726736e-73
1.0543268248059845e-19
5.071594327612758e-47
2.0004190146549317e-42
5.969943947512407e-30
6.013818687094593e-28
1.2834258604241756e-15
5.3442801449637326e-42
2.884269145264527e-36
1.0640779426036285e-84
7.827246065145448e-76
1.563857167280669e-38
2.2325737303830493e-26
1.9575037666196282e-07
4.565675978484626e-15
7.229591213908883e-40
2.2459294559186446e-13
2.4708886990509687e-29
5.485635801507649e-34
3.216467136180115e-78
5.9402113347900885e-114
5.014641768585492e-44
2.753477501427755e-22
3.61713860724138e-50
1.2741642016652253e-47
1.079555547874172e-19
2.3748379723231202e-26
7.721372431778431e-22
3.954728654667138e-07
4.348815325131418e-11
1.661531969449442e-11
7.587599829023678e-19
6.539570492795782e-20
7.186639385696209e-34
1.9635603769524655e-08
8.360455839686612e-81
1.453560105769093e-57
9.166051711239787e-47
3.584177406485325e-37
3.3392818256006217e-22
5.330217192705332e-24
8.353373982596235e-20
1.7315891518472184e-37
1.121475832662633e-06
7.300807379150316e-64
8.635573036722469e-11
5.816175858572928e-56
2.9757237392193095e-08
1.2672267423293656e-42
5.520408261840261e-32
1.8181128612229683e-46
9.035111898637966e-42
1.2067650980850605e-23
2.6963674237843522e-34
1.0055788813269821e-25
5.0053942712413154e-33
1.761692041729217e-34
1.894268051105061e-54
4.479070359958085e-30
5.060714104668888e-10
1.1035992816332047e-31
1.1835435461655474e-36
9.05782243915834e-25
2.4696607192341094e-132
1.083489515244924e-106
1.296713978998368e-22
7.993405763656322e-104
1.595901251744605e-21
3.306198302129546e-36
7.241454348212568e-21
1.8852338894630233e-16
1.390140782039803e-27
1.5780852422861833e-34
3.198760684520944e-44
5.664597318715781e-30
5.3742027175983954e-33
3.7178650050536916e-25
2.558625583319002e-102
2.7186383816894524e-45
7.966705334808363e-30
5.4797311118635945e-34
9.412176212574046e-37
2.8009185874188556e-41
4.0452287550890814e-53
8.50538626152542e-29
1.2984727985302662e-15
5.1407554939206525e-40
1.4693258873127506e-14
1.7283967048323657e-37
6.143023607789043e-92
1.2351611676818907e-42
1.094944991031329e-21
2.3478437263915303e-18
4.151319079032554e-39
9.266916644643997e-95
7.211709274675402e-12
5.80997308884091e-29
1.8571765288430728e-13
3.3300043135013875e-93
5.290521844082221e-22
9.69401570307846e-07
3.233237057873083e-29
3.6137324290777317e-28
3.2919746339287565e-26
6.274795264458487e-08
2.9987993688560832e-37
9.213732233706742e-31
1.225044041832048e-20
5.5780973422413705e-67
6.527716414143845e-70
4.4061597822984655e-41
1.926074617862822e-32
5.354936670881703e-37
2.6762679702591944e-41
2.4900875002147297e-25
1.9485132087230402e-29
1.063577662948452e-46
4.89995460368508e-82
4.787170008470133e-105
2.1100143732141888e-10
1.586231526700818e-30
2.2470485226522158e-23
3.0604387478003982e-117
1.799472148053455e-15
6.024853136176289e-06
5.44302684183154e-25
6.795867173587175e-28
3.4086154844721793e-18
1.449205910487675e-40
3.8018001769662355e-32
1.7676577095494387e-41
7.415393895714159e-37
5.277992479584184e-25
9.731980637772498e-36
1.426962153596544e-14
8.882418943030078e-24
2.0512034642753944e-39
3.919521850925852e-31
4.2405457837668515e-30
6.946132772015277e-17
1.3704232340795013e-32
1.2345858753897813e-52
1.6093539063234219e-32
2.3344243605935863e-28
2.338416651068194e-80
2.4973721368553082e-21
2.4023365998231223e-25
4.098063107954337e-31
1.7200125176660745e-10
1.8694285569674672e-31
2.0542533248492218e-41
8.883682710050905e-19
2.1840320032746967e-16
2.914927982266437e-44
6.902993142717924e-60
1.4951711487018205e-27
1.2660450982182051e-23
7.1011918237291365e-28
1.6013503802150341e-22
3.661597827857814e-30
1.8055676627974394e-28
2.0889430442411155e-45
5.043630987834905e-32
8.038361042010677e-33
4.966373383280491e-40
3.388925516660364e-36
2.1781788630284073e-08
3.666804942122702e-08
1.0028063306434176e-11
1.0540696271046762e-12
8.155468720938973e-28
2.1224482846072678e-95
7.397058088858467e-26
2.3283271936907647e-38
5.294902839193122e-26
4.049740244579507e-19
2.1926910387278308e-83
6.129000367225813e-37
2.235581642232618e-79
9.767057338616982e-30
1.3461964942779016e-34
4.1228454562059246e-45
2.7688705826935184e-85
1.5857601779058144e-10
1.2019110424731896e-29
8.706741692065277e-11
6.615862096837312e-34
1.7064928619585566e-31
2.4985064873914368e-23
1.079026968798778e-20
8.024256843815492e-58
2.7927618942997657e-47
4.985442084262441e-23
9.007711237813486e-17
5.531439991848149e-31
2.1863690417404093e-27
1.6175319482230294e-26
1.8436778828382773e-25
2.808518085392437e-49
1.9393285673299056e-34
5.7989462604860094e-21
1.1570022442128509e-12
1.942237575726154e-46
9.875796932093642e-22
4.366047662369273e-37
1.0882323522390379e-13
1.748692147412449e-24
1.481051143145496e-88
2.607811018623588e-49
3.95008580940738e-38
3.279866502083938e-48
8.949266799916987e-14
3.7265883036786146e-105
7.673224832286752e-97
1.0046212855311075e-23
4.599002972803476e-15
7.482622212073618e-38
1.0805679293718245e-22
3.3091419776065227e-34
5.238557731023402e-09
4.1970522372364183e-48
6.10914783315148e-92
3.728801182994142e-15
7.680091597240137e-28
4.233352096328491e-110
1.17659415830056e-102
5.658071193364693e-29
9.143144933356528e-25
4.787028376626694e-94
8.332515074206112e-32
5.670956135264316e-21
5.275481578300265e-36
1.7819364512468744e-94
3.693665497170717e-75
4.38488681213908e-21
2.7076944348826036e-27
3.3260898870124584e-08
1.5481742424697705e-28
1.6370890904423247e-38
2.213438309516064e-30
3.7372382942567444e-95
3.71949038183892e-10
5.659684363462449e-38
1.996472473373655e-103
7.117522355070343e-29
1.9337226550418476e-35
9.714418760968857e-42
5.337394024106107e-13
2.2771238182412826e-120
1.0741464331888677e-43
2.544005735859028e-13
2.641090728605728e-26
8.634396255477585e-31
1.1529652918497458e-85
8.599893476473537e-17
8.543635467632693e-90
2.186271400125006e-121
1.6494121218023455e-27
3.036374088055042e-111
1.5120862960689371e-33
7.503375564646505e-91
1.839563679577573e-11
7.423009136886741e-41
3.094830055411712e-24
4.247907613244695e-40
1.0255988427253564e-18
4.33700344003569e-91
1.3129344934568885e-26
7.893076319564428e-39
3.730351152752975e-115
3.904907467307355e-14
1.8168656219861e-48
4.541824483427016e-39
1.5526559030239318e-24
2.39584383176812e-81
4.376148356402736e-27
1.6227863228816198e-24
1.53888979148575e-19
4.3771679421388973e-23
5.874036094962463e-20
2.0741810840778347e-27
7.72937512159766e-24
5.043755179646852e-44
4.7251793882993046e-33
1.712374420353696e-08
1.1736905171189031e-23
2.0557843432509282e-17
1.7983693203314121e-59
3.9755335269482695e-11
4.006289397301244e-31
3.0498936237376477e-28
1.1935792344019331e-89
8.517853242756093e-35
1.4320040996368038e-28
1.4260892996917663e-36
2.1966888637285305e-31
5.1992720255240515e-28
1.6952185034499325e-09
2.5363228264511144e-95
5.0867439802583435e-09
3.3131909125775286e-20
6.791118524368204e-40
6.414496462619256e-42
3.008907817745465e-14
2.8166300501825534e-26
6.104644075612056e-30
4.7684886943352914e-23
1.1404680425520343e-84
1.3107701416665735e-47
1.417670273793817e-32
1.9109472092978349e-28
1.4487998883337988e-55
1.527996888043259e-18
1.533864180143902e-45
1.692717317963468e-07
3.959803348126066e-28
7.8476773023970865e-28
6.599472089396452e-60
2.809997209575621e-22
2.763598639521323e-32
1.5319301150519583e-15
2.1309861563282156e-33
2.1097110538962634e-23
2.7954755054916254e-18
3.384653928485374e-42
1.1202607808536094e-70
4.331212225550753e-34
1.2198523799617118e-09
1.282869869208483e-21
3.123112467898606e-38
2.419487131205402e-29
1.1037718812513827e-05
2.887862210649251e-62
2.415551369035566e-11
5.0112662751559486e-14
6.594581974750091e-25
9.05907153918288e-14
1.1981159101471978e-79
4.966461137270714e-09
4.4553472645774475e-25
5.618257034943597e-31
3.497438094332211e-86
2.96566170866123e-27
1.4114828766769058e-36
3.6619522375467646e-31
1.721216051580535e-10
3.1984907861117976e-15
1.9272289634662844e-33
4.717865981519954e-97
4.055311805296781e-13
3.1776582876551174e-10
5.847301834265974e-15
7.564303086845331e-20
1.0764409379709556e-90
1.0465577503443807e-34
8.338928320697878e-95
5.657580770523086e-08
1.0132452672935668e-12
1.8038456120078324e-37
1.0031026416878051e-09
1.2163554487191856e-51
4.268343625172891e-38
1.1816467737026074e-11
2.573148708065828e-74
9.608775926792977e-27
1.1682768625185655e-27
8.021640180454384e-25
3.779887671363433e-27
7.341506942660975e-32
7.796683994076567e-79
3.0416047135933684e-25
2.050231461847097e-23
1.9323526402863033e-16
2.8555218134293643e-20
1.433340257670905e-11
5.866674235596844e-50
9.04533987814188e-42
7.78511868369602e-42
2.581950820677736e-22
4.723456172157838e-81
4.505165502940493e-115
8.383766980853444e-29
1.5164200057274442e-16
4.037258537066551e-14
1.3623932890037975e-33
9.74374742158482e-10
5.258430303865039e-27
2.127152869407706e-48
2.610148935234404e-32
3.254233028708116e-38
6.820655428250861e-39
6.597297708985314e-27
1.0167420104666953e-07
1.7634947774937302e-25
2.500703223582925e-40
1.0120196898876295e-27
1.1569396623533662e-30
8.624818863612982e-35
5.316414552286725e-17
4.785007775419591e-24
1.6342244885351124e-48
1.6306323779659723e-26
1.0133513404233561e-30
5.603685458590686e-26
1.2168991631312459e-49
1.8502277111509746e-15
2.4094636184761488e-33
3.6469757738774198e-40
2.887154242938687e-29
7.77176775038777e-26
1.3293341138309154e-33
6.052990854958465e-31
9.524167055351105e-19
1.1434556199421536e-09
1.7181679452012807e-12
7.161904471113157e-42
3.23431452842136e-29
8.774229413212174e-30
1.921239289227839e-29
1.7111967520344135e-29
2.919494896748208e-20
7.540031050365043e-32
1.6190824251287094e-15
1.8940395282230112e-24
8.011916739380803e-18
1.757442281247202e-47
1.1534528757346929e-42
8.636671423073575e-37
2.755122466795915e-23
2.044017038184886e-40
1.2848363642365326e-17
1.477655722945501e-09
9.723700990989458e-15
1.0090805399236992e-26
1.1571820994746312e-25
6.073762993830334e-20
8.431445480508218e-42
3.1058362196546597e-47
2.9590711386745053e-32
3.895953656364552e-24
3.043701739207897e-29
2.0073258526981314e-30
8.230352637075367e-10
3.238286133771405e-27
4.086855741791447e-53
2.2713676134939354e-22
1.788194862120659e-35
1.6181425285685226e-34
4.357613737532518e-14
1.2007501052640236e-26
2.390073902597954e-42
3.7619657558432676e-38
6.84716210116792e-23
2.266355149442972e-24
4.144520008410169e-24
5.93619520716702e-31
3.9084256927961727e-14
1.4131206306501814e-23
2.260565436943309e-24
2.7422000122250604e-20
1.7869400129185861e-37
4.661821666667559e-21
8.676058458674178e-21
3.0489836676664253e-94
3.225566190588366e-88
4.384066967387573e-88
6.148127227585595e-14
1.378948498878478e-30
1.436312354312743e-20
1.2234662497441828e-24
1.6546468640563135e-30
7.864557146748851e-35
3.111117429445776e-43
5.824485355776677e-51
1.4812795554798392e-11
3.1604866480165777e-37
1.542928539408539e-29
1.0313375215900297e-29
1.6644840843047526e-30
4.970418344100695e-49
9.664704750949559e-14
5.166410540018447e-109
2.556926538559932e-11
1.3284992315193208e-21
9.690387663517419e-29
2.346585970075886e-33
6.520868879664264e-38
1.8572626569738736e-17
4.802178340742418e-28
1.0483432964792484e-33
1.8519882763382633e-30
6.523274464969611e-23
1.5117160870250967e-47
2.5758527051940174e-32
2.373399264577194e-28
5.701268907595308e-27
3.1578275848150745e-26
2.955932738927835e-17
1.1303870330558488e-27
7.477499968628563e-36
3.5418427285378905e-36
1.032839006542057e-20
1.110118777599099e-95
9.759959434044602e-22
3.421282519227134e-21
2.965141344931624e-40
1.0987939982776908e-31
3.9630595789602494e-24
6.956774244247354e-30
7.453753195837533e-26
1.4781269850787402e-45
4.5451164955717636e-33
1.4316519293076456e-08
4.051768389842761e-61
3.0247029655526956e-16
1.6193293003464526e-16
3.9861402000251144e-35
1.68370700112527e-70
2.616584301119286e-31
6.765356995370113e-19
8.367082018548992e-39
2.7629215997641167e-35
4.4797755981412705e-25
6.47228909087957e-24
4.952115950740351e-91
7.115947148889936e-26
5.825201239243913e-26
1.2876421862420685e-34
8.081266815894977e-35
2.9086355683978097e-44
5.299885391061455e-71
4.2763171675338243e-20
1.7471175011034055e-28
4.358457760808846e-47
1.7035272722188987e-28
2.337385669248972e-37
4.450249509198322e-08
1.9588708788671463e-28
8.509222464724796e-112
8.77164009182259e-20
1.4997510880933337e-32
1.8526579888460902e-31
2.717650134797492e-30
1.1857273541091946e-11
3.351142171162162e-33
2.0583516917407978e-37
1.0605441145153177e-30
4.5680392217253354e-24
3.323682823467339e-27
1.2483328681976813e-31
2.1414906379175548e-13
6.468141633283847e-98
2.0172712330221225e-15
3.0154806323447386e-30
4.412250467191054e-43
1.5042287279923808e-29
1.2872460333724075e-14
2.2127013673480353e-23
8.395779889241342e-22
4.187012840986197e-12
4.042656546622625e-12
8.789982669460791e-21
4.9128011835703823e-39
7.003321938391512e-13
7.214818209154288e-46
1.7250180735759846e-21
8.852167870183634e-10
8.851597350208039e-34
7.811638912434775e-74
1.089196031216918e-33
2.68548872115e-21
1.0556729270905666e-32
1.823448625069876e-42
7.059234559401391e-45
1.5994457728470185e-14
1.4378779827321882e-16
7.310331414342133e-28
9.282465447198362e-43
8.052890404972583e-42
1.0247498891086408e-20
1.596383532601516e-51
2.671635272451975e-27
1.0407036625033025e-29
6.158503202176575e-22
8.153633344434103e-31
1.1074380911363354e-86
1.6501303672893754e-24
3.274743506503011e-99
1.895934415857982e-11
4.633465524415718e-13
8.59507386663092e-19
3.669752153989687e-24
2.02559975611099e-22
8.146420896588045e-23
1.1019209956372133e-29
2.1155942037631952e-97
1.8887136334100327e-32
1.566948781869181e-45
6.926909631815866e-25
3.271483556870841e-49
6.232565821646844e-32
6.0520302228463645e-09
3.6807303763026504e-44
2.218928458330892e-33
3.9047463622555837e-07
9.300556092074702e-13
1.554318644067007e-24
8.280560237146632e-28
3.1167275367805865e-38
1.2065731127005353e-23
2.9083834522107756e-36
1.7441223054651572e-12
2.2513315761769363e-39
7.245712452546224e-37
9.72889485228885e-13
1.670083662652655e-30
2.8319537978715625e-12
1.9154543066219713e-38
4.230432251036297e-08
4.5886603221403383e-38
5.19253632077052e-14
1.6069949472133735e-13
2.0809558933879492e-27
6.956201750972966e-77
8.327940388847994e-24
2.8656756803554147e-87
2.988064529440131e-44
2.0157510153817666e-26
8.271865624776683e-41
2.537013689776687e-37
1.4645642258267432e-33
4.1527979619004543e-38
2.925457704933771e-26
4.859761753474835e-12
6.767702844345474e-43
2.046630231821936e-36
2.2008747505488214e-27
1.2258232167377053e-40
4.016991666758303e-27
8.172578070759243e-86
5.212010232399107e-41
3.533786754504164e-20
5.042057702938202e-33
1.5481505208072233e-33
2.923836121905774e-23
1.1662217195382067e-17
3.087724963628194e-24
7.412999261146091e-18
1.471157828232212e-29
2.5538887046007397e-30
2.0656934142486834e-40
3.1365934760330386e-42
4.555347604187325e-21
1.3207257072942357e-41
1.1523632407445229e-35
6.936884810844772e-49
2.753528606859451e-28
2.745179504679263e-26
1.211216794141203e-26
3.393605377488485e-39
2.8702617065609338e-27
1.363745570538629e-23
1.0553374475827379e-36
1.6102409164049786e-35
1.2989227114156297e-36
1.2887593925236288e-22
1.3577053397892503e-35
5.301702630245831e-08
6.997907236039997e-19
6.472528581036917e-20
1.3115628665811009e-21
3.4073088427707714e-32
2.4953612161148034e-12
1.4685113929576893e-11
1.9405187520733805e-22
7.18489948385151e-16
2.1376609338593062e-20
4.358347006492729e-46
9.495825772756932e-31
3.6438669797534736e-22
9.269635700295313e-25
1.3883009556731901e-18
2.2091723783581062e-16
2.3941290658092557e-18
2.1998808107978657e-19
2.2973473648047322e-101
3.8399152533612577e-07
6.21306169611538e-22
2.8493703579559866e-39
5.098399815179389e-41
6.681815823793918e-65
8.144978099902816e-37
2.8746797489180632e-08
1.7858545603643576e-27
8.118423663324692e-31
6.785398071295377e-33
1.321291820292147e-86
1.8899054041532055e-202
1.2322001343927261e-36
8.520696962967596e-22
1.048661917793351e-10
1.047363935380584e-44
8.123460518560358e-42
2.8194156551461555e-23
1.8918288677342074e-92
7.850829756096657e-99
4.810110311089961e-21
2.6063111596958337e-87
2.184381792863115e-30
3.41117686594329e-126
2.0030126027183158e-20
8.161887828282548e-23
4.308199672851812e-40
1.575497107132793e-31
5.696022090163475e-12
8.455512813641261e-20
4.656924415568771e-48
3.832986577987534e-06
3.1802952531029713e-31
1.6162112324424222e-20
9.000621082283937e-111
6.152280275472475e-57
1.2577839067590966e-29
2.527292146784872e-11
1.2712042659404171e-31
5.955155285699723e-23
5.814333009834006e-18
1.1230283695276363e-23
1.3217217866371269e-23
7.090723377446423e-35
2.5743518610772753e-54
1.0226416275498306e-26
2.101331756074483e-22
2.5493835547469202e-30
4.013754594689792e-09
4.014546530862147e-31
1.2166468783967372e-21
4.060927734151723e-90
2.6951397966597047e-28
3.0885098414620568e-21
7.219147743614034e-34
4.373227178105857e-11
3.7141396202377215e-31
8.368666757747231e-17
9.61442954166215e-10
9.693663598901106e-14
7.999131469752747e-08
4.741297618689971e-19
2.1715936953321066e-52
9.932915301248901e-51
1.0840490529036773e-23
3.374244326612381e-12
3.0664605323329853e-08
2.1633277575140727e-27
3.4518319717157835e-10
1.1188252695942287e-28
1.5769390685266735e-36
9.118188160836491e-42
2.6294526828050845e-30
2.0502666414471898e-57
5.070139586115469e-76
8.218800992168835e-27
3.273870625611127e-37
2.596000475066046e-22
7.402792482940606e-15
1.1104066718515967e-33
9.427660152280038e-40
1.7750944592343886e-38
5.852169059351784e-91
1.2318010745411583e-20
4.9563403038965746e-114
4.4579669898836936e-08
8.310243628577137e-28
2.0428883480014934e-38
4.28344099002234e-49
5.5227486580457145e-22
1.6094258973523325e-32
4.997493788548569e-14
3.653224681104425e-30
4.78880309947411e-14
2.6342119548428135e-113
3.7246350877987216e-33
1.415395567113862e-30
4.2172654315882456e-63
3.5517608513132196e-27
1.0445021350584235e-17
2.938277965456733e-46
2.6005367327420515e-43
2.814046770646882e-25
3.673429997178637e-31
5.901596788333157e-07
2.2064503407820142e-27
1.077714104979061e-31
7.620660794580237e-26
3.163321068173196e-11
2.559370914067383e-28
9.804360269910109e-26
1.736112893042215e-17
1.1318192055882239e-07
1.7750699690183217e-09
2.8824705174387786e-41
4.9508928250035037e-33
2.384693700302367e-32
3.435600027947951e-24
1.1885435057131617e-10
2.646553633595114e-31
4.663808507238278e-40
4.8377782980082805e-61
1.0678964547310975e-16
1.2724747611041822e-31
1.2904410133322252e-78
3.2218280353307883e-45
6.470553279065439e-10
1.930008002003634e-18
4.706685626109069e-22
5.716011754917497e-12
6.797695608465198e-22
2.539123592153512e-51
1.669074757949314e-61
6.340200066659825e-75
3.1105919232333074e-33
8.86288488090425e-15
1.758325349743322e-21
8.1509414403839e-12
1.3146690575536467e-37
3.290432116438772e-34
6.146824257140891e-14
3.200877700559768e-29
1.7074365661766773e-12
2.308376296101207e-08
7.509756849180894e-78
2.8213106192373546e-13
5.805772585831433e-104
1.5927581075489423e-37
4.622489557939158e-17
2.6699638960464134e-101
2.7694816711839998e-39
9.437220606156633e-21
1.4677558597859562e-28
1.3512773904209062e-39
1.0609560209634623e-12
3.374900237668015e-46
2.532464119075014e-34
5.397563967713452e-42
2.32318547619653e-44
5.997670562935496e-23
1.7772983853500343e-48
7.377768802895904e-21
4.238589589953943e-97
1.1738391208037408e-104
7.339513742777441e-80
6.637094689692952e-33
2.2076775283012667e-18
3.0910388397468347e-20
1.0196832503434493e-08
1.0305208277159797e-25
7.04339149120365e-95
4.511670633801246e-42
2.743410372250619e-18
1.9016201490845734e-27
2.3348950239847493e-145
7.946106807570704e-74
2.7406968667778375e-25
5.979621918870698e-22
1.0213332852819357e-37
2.6746968544170757e-42
2.2537034034358e-31
1.816549787755147e-27
1.5961883227141058e-78
6.668067093367397e-51
6.397031835928057e-37
5.6087719922055815e-31
6.019362483384081e-23
4.394550932198973e-22
1.7315662648503344e-70
2.419729313357813e-32
1.3854330747654727e-18
2.025660260791672e-43
1.1103366062907352e-28
6.904372916982397e-16
1.5211993662803695e-30
2.0723459529184168e-27
1.2784469879917909e-95
8.139590870322449e-25
2.774660035170665e-43
5.897593106649991e-26
2.230050153180276e-32
1.1440043515410841e-09
1.9080950242889674e-40
1.424905794847667e-84
3.0887526058050386e-43
2.8497307133507438e-83
1.3417795778362965e-15
1.044456780170691e-29
2.6457152878975306e-28
6.356776288510296e-32
3.256097195466829e-73
5.534839593023838e-98
1.1126321155544543e-95
8.369045036023228e-17
6.976700316254589e-29
3.1903390548471653e-26
1.856012189852486e-13
1.2606014540641717e-36
1.0148683112700957e-110
9.730350365078511e-18
2.4201885418784327e-110
1.1200720509201828e-20
3.016169336325013e-54
8.416663630561912e-66
2.474669140009886e-42
2.2823703779639825e-23
5.033765998108424e-44
1.4842124910817874e-103
4.206230456766837e-29
3.2851630821227745e-26
4.7538454457628164e-20
5.209145404500913e-84
1.975848890052615e-32
7.113307175760202e-96
9.108403727109336e-19
5.667060681467478e-45
5.7591515657894e-87
2.7389677251061898e-15
2.0492765225304667e-43
3.4982781830927982e-31
4.3419913730786975e-13
8.546916595838435e-23
7.488980446606427e-44
1.55135803805291e-22
7.397234688238598e-36
8.789108517782713e-92
2.1996942457914186e-31
9.863674310193002e-30
6.271377410595443e-32
4.89382949088724e-75
6.663357211706466e-36
1.63665548254842e-31
7.707613261838621e-21
1.9525246235019834e-28
1.272058695389273e-35
7.363605911164335e-24
4.9132971979517386e-29
9.006213957271646e-13
2.437302360203533e-23
3.186452850040757e-107
1.2910895734036912e-24
7.629349520829863e-23
5.854799178149982e-94
2.587749016971885e-47
3.1703748826638727e-47
6.223641573284075e-104
1.1646942728086e-09
1.9813831618257627e-22
2.0580562776492746e-34
8.130555949607281e-33
4.304110614383635e-31
2.9300149106177646e-14
9.697812413408753e-13
1.0888906448039774e-29
5.6929850170274306e-24
1.9753343114778243e-09
8.0081799156078205e-22
3.4570776947425863e-40
3.628277540961824e-21
4.5495138223574227e-113
3.3608740129184933e-44
5.2558697098593723e-20
1.0246028281246031e-15
6.716466528756756e-10
2.3927956078425321e-29
1.3677138029273123e-107
2.6484655553054485e-32
1.3952202839374823e-26
1.9934272940246013e-15
4.3770722809949306e-37
7.33110766525408e-17
6.219968277139456e-19
2.1055833906611713e-09
5.194505256666648e-59
3.8447373164640543e-63
5.704231234287559e-21
9.739410124807171e-40
7.271613952212403e-17
9.14342731511037e-28
3.1626377774751797e-16
2.2990569957155604e-30
2.68717641909872e-47
1.1999665373219352e-26
2.111593626471646e-15
8.908458975612918e-12
6.199415042942388e-22
4.93681283723281e-24
3.982142687205375e-18
2.46452589487311e-23
7.450113923249681e-33
3.079969553750821e-32
1.5967990698861745e-16
9.567542963465125e-36
2.908091716315735e-52
7.764812490672833e-26
4.425475460822961e-44
4.719527292212256e-22
3.888204639428442e-31
8.855296974405854e-30
7.910699660668458e-90
3.8211637645128864e-27
8.584726301404897e-10
1.2761465258732174e-12
2.8976684383169155e-34
8.383537537179363e-10
1.383099108509798e-38
2.46622909044418e-21
7.627502123967674e-38
5.199335090473038e-100
5.375316766743391e-26
1.871143786531034e-32
2.9661177357129843e-25
3.937973092772211e-20
4.2612137663425053e-116
4.882163624783782e-29
1.2629662645647178e-112
3.3683537228679914e-78
5.748502523809896e-21
4.669126003333876e-46
5.73232235844261e-27
3.9959591142609727e-13
1.4934858045979537e-28
2.6325204790174675e-25
1.9116583458297388e-07
5.816780734015726e-99
1.0831290796856748e-24
5.54880486944944e-51
9.062772873804425e-23
4.976829945480557e-24
5.821688356521035e-14
1.4986075331472935e-16
2.5425179336141444e-74
4.2416971835207455e-33
1.3208793000844641e-18
1.8303695376180513e-39
3.052353386886991e-25
1.4256409729633364e-08
5.415320895467126e-35
1.1993345690068478e-91
1.615784563524979e-17
1.9674356987202482e-35
2.727659745381708e-23
9.43077272430547e-34
2.0572899657730687e-119
3.649456034041362e-23
6.540602866732105e-93
3.6999647221958656e-33
1.666828006645335e-34
1.0188627415036455e-96
1.7037371604794378e-24
3.832139887932482e-16
3.081441085150697e-23
1.0988761338676645e-18
7.266688944892598e-18
3.224442924499109e-63
1.4223877421219455e-24
2.0481535005381553e-81
6.168879543529034e-35
8.654055284527399e-25
8.898740046380399e-33
8.5257872417514e-30
9.326004986869577e-53
2.4236752792066824e-28
1.898560716974156e-40
3.429316689965508e-33
1.581016765293668e-18
2.820451523266936e-123
1.762719011193921e-60
1.1738765366882807e-18
2.8832058812513194e-36
7.488274524990274e-26
5.925208896657363e-76
6.99558223912531e-36
7.589789402493657e-26
1.668521911068716e-88
5.327850096112943e-29
3.18177975317022e-22
3.1447129029894684e-07
1.5978911777123075e-23
3.3549015205974795e-30
6.434277934167277e-42
7.223907960562785e-10
8.689554628813534e-11
8.00498913752687e-21
7.185050361647256e-66
4.635578037551973e-18
3.2734395715907355e-88
9.465805255734178e-81
1.9364055519768292e-20
1.7520147625545607e-19
3.958723783333412e-30
1.0653296948020856e-86
4.608644176737967e-50
1.1538510131988687e-37
4.158404594391426e-16
1.3227504731403284e-13
5.319365485500858e-34
4.737862437134259e-40
2.3816395840653706e-23
4.0234743190093786e-23
1.1022583749349769e-07
1.4867823485406088e-24
2.991163424373182e-40
5.402060395196708e-41
1.89460111667144e-23
4.1040890612314365e-12
1.809833617643985e-44
8.779877469959303e-90
9.265922888413093e-89
1.066874183867816e-29
4.1064709387239964e-41
1.0914442461288948e-36
1.1860473836098574e-35
1.591661196019321e-19
1.9192277286257508e-22
4.805924257365309e-24
1.880926549255831e-31
1.6295796134214293e-24
3.532153899228932e-61
4.625749482012506e-21
1.751029653696254e-30
1.0813733037579022e-93
6.272168155367076e-57
4.479766150483473e-22
3.920173935100749e-11
5.099340670868624e-35
9.318425050278198e-47
1.2401377172852595e-36
2.3666066202534684e-109
1.0139295133220384e-16
1.2932280442778131e-18
2.6300955285938426e-35
2.319187475670357e-13
5.010897767433158e-86
2.6161357085687137e-24
1.974241480257773e-15
3.884651948463001e-47
8.265620537394983e-41
7.295641226882102e-25
8.793490115101162e-24
3.327789384584741e-22
2.390526012814556e-44
1.1106283019247097e-25
8.12076908381642e-23
3.084991275367212e-08
1.612720663020032e-09
3.0388675386731485e-35
2.425505014509262e-34
8.626966127724022e-18
1.942506518522978e-45
5.140281082412644e-24
1.341793809896947e-36
5.604788002638018e-24
5.721914885363265e-51
2.6693516834394975e-97
2.31051220520832e-18
5.98607525084922e-25
1.801085372516996e-37
9.559157837537147e-22
4.941580045935111e-27
4.1966288359719813e-85
2.3852366066403637e-09
1.4867034877294788e-13
1.8664325644600367e-13
5.145618494680183e-30
1.1067689111187799e-32
2.0716871547494724e-23
2.6144118166863403e-65
1.7475654689500108e-25
1.1506067350657591e-24
5.220666459590511e-41
1.3007773835740313e-71
1.2085302386626051e-33
9.308450489733243e-103
9.690091511045291e-118
5.831473214013135e-37
8.76782780941459e-43
6.4892543455479326e-24
6.641390889972457e-152
8.769203032637214e-35
2.901704310902725e-41
8.497963080249567e-09
1.2411684427741647e-39
1.46544287070663e-11
5.960467731399935e-30
1.0778072376380342e-14
6.509071514488431e-28
5.977448907491451e-24
3.2359372725371437e-43
1.933705393973375e-24
1.514806958072653e-38
8.209930512229103e-88
4.605904931264178e-39
6.517103537827612e-50
5.812561042195622e-17
1.3572803539539752e-46
6.243775544183702e-12
2.3024675109658764e-24
2.299534254170636e-38
1.5199786611336922e-08
2.0324280678704214e-08
3.0466721484772525e-63
1.2394144341132428e-82
9.653306503889842e-22
1.0539369691164947e-13
1.2554024023831254e-33
5.731782014742405e-29
5.2283755714632475e-14
6.182882795111977e-99
1.4149302796923644e-27
2.2714088355596878e-40
2.6811129969072086e-45
1.5186898834404688e-30
1.1901567983211292e-09
3.0132874396704983e-21
2.270131173099157e-54
1.8599186358317293e-37
2.743551344381003e-22
4.801172200127242e-25
2.151300221351957e-36
6.002695272045486e-25
2.080620648763686e-31
1.832976066224063e-26
7.157359092131884e-23
3.361119318286161e-11
1.70857413594937e-10
2.8252966242382884e-29
8.695577457772326e-73
5.636071421139811e-30
2.7373318513427826e-29
2.2560295338011306e-68
3.729705185619677e-104
2.4428091511157246e-35
1.2773077876539593e-30
1.9145367706695247e-15
5.635400635892335e-37
2.2587041634751864e-28
1.6845415610317647e-30
4.169452638761874e-30
2.199482653427034e-40
9.923994763833286e-32
1.6323011107976622e-18
3.6276357486195905e-17
5.874139021354136e-21
3.5318582299004006e-29
4.159668566352857e-100
8.825151325720882e-35
5.399154878359354e-34
1.1965029053496393e-13
1.7857562325954647e-31
1.5906654926743353e-57
1.274110074058587e-87
3.6717553394117376e-25
1.1422816558218639e-15
1.3556618138818895e-29
1.8905557126635774e-30
2.2787181709472478e-87
1.0206782033044236e-19
1.3368155913371726e-94
9.686485349454985e-16
2.6005941787379074e-30
2.959847814450982e-88
6.537982029701618e-20
3.560403141188601e-38
1.249685343971273e-21
6.619031775939265e-22
8.91672923172021e-49
8.103727967815633e-26
6.49343904402516e-28
3.5310425383262167e-16
3.861089282501093e-34
1.6987018119622522e-40
2.507765124808175e-18
7.89933969921031e-93
6.601152574488444e-21
6.423542687546251e-25
1.9023570493063163e-24
1.6267463757707694e-13
9.579127615362074e-11
7.881251446843882e-27
7.180661430277719e-34
6.663147802316255e-46
2.296510411008093e-09
9.060820305104217e-14
2.682687178022661e-24
4.688237061107767e-07
3.493226064079991e-24
1.2100423227250978e-17
2.466933644612068e-19
3.404150081425402e-22
6.261405707190157e-46
9.412003409707826e-19
3.322118014010503e-43
5.877413661898048e-14
6.983830812643871e-19
8.642314825290983e-46
2.2923414675263758e-35
1.0619800371880468e-22
3.7508070632562975e-87
1.9484278124020934e-26
2.6639839484610724e-36
1.216009337072728e-29
8.731615157540745e-37
5.003151466670041e-19
3.4767570712616446e-25
1.564397277959281e-36
7.512879137914068e-29
3.208335533748885e-29
3.179846481114357e-17
1.1817890272565026e-28
5.986099879661879e-51
1.2930710539030214e-27
1.3335326418605223e-27
8.324334477884178e-90
1.3583148980808225e-93
1.9396112087116897e-94
3.744548835386432e-29
2.7961755498863462e-21
1.1136838916055043e-38
5.807493911181282e-57
1.0203121157221275e-19
2.0320543142851745e-26
4.303099764498573e-27
7.357023167516936e-14
4.009379371205297e-29
1.523685389857575e-41
1.2410210258319088e-53
3.0222640567940457e-13
1.58701146630106e-14
8.145346018096229e-20
6.843106316947408e-25
5.40887937347535e-38
8.203051751818159e-21
2.668467876242395e-10
2.2592059566095183e-35
5.452151730884078e-73
3.05590923830137e-27
1.1931033332809044e-55
9.99349974386134e-38
1.278462796704012e-25
1.4358496626095045e-40
1.8978816198127277e-72
6.460394868403289e-21
8.554248629123544e-17
1.961310208320241e-51
8.508348225004936e-21
3.236649699158386e-21
1.086236354513498e-25
6.829439533061077e-18
5.977739275065832e-38
5.205570084473222e-54
2.1881928652743875e-21
1.758152710696709e-33
7.164439724478731e-32
2.664559505486211e-77
8.528858160944935e-98
3.571199655950662e-09
8.138586725926131e-22
5.726373224285279e-57
3.357062514517309e-113
1.3887532105283233e-10
3.01015109552656e-16
9.899670254417266e-61
2.1618801749174663e-23
3.039681086205989e-82
7.360339253911567e-34
1.7826219972940799e-26
7.310995526398604e-24
8.33357891033914e-12
1.4207247941931317e-47
1.196493154979433e-25
3.0389839018989283e-12
8.731406033570766e-70
2.508544288314011e-111
1.5902265453416915e-10
6.034750476265414e-18
3.925383940194517e-10
9.695166323170387e-38
1.6916504060474432e-33
1.4449559591694238e-37
1.7219679705323445e-27
3.3900544901683237e-85
1.2821940275833397e-30
4.075590137919707e-11
1.6268572094380651e-121
1.751829313737479e-19
4.628426271472129e-30
8.904919862458554e-44
2.464036672026759e-27
9.943163470498452e-23
9.712500379463033e-24
5.848362247245057e-29
7.32320675692128e-17
7.349764280370302e-108
3.486418427596631e-08
4.702108054584698e-18
7.582642141939553e-23
1.6982727139141087e-42
3.099826669836073e-07
3.4258158122280975e-26
6.436403538560838e-18
6.173962713239565e-45
7.791820816200253e-36
4.2266237995650485e-35
2.6527162849574406e-10
9.204293106954122e-40
4.351121710724551e-33
5.602728785847528e-31
4.961761832607046e-33
1.2945031464319657e-16
4.220081156993123e-63
6.5001640702609996e-31
6.667964955086542e-33
3.848146219954291e-15
5.135398407948139e-34
6.38528197456542e-62
1.683538742528602e-39
2.5311826501038314e-84
2.9363278683834594e-35
5.245478282438849e-64
1.0148002973828758e-88
1.1296192544829118e-37
3.013574809430181e-32
2.319370729108086e-46
4.561998823792721e-09
3.2177804617651534e-38
1.6087800889837565e-79
9.36591963020036e-53
1.560941142838444e-19
8.276229317238116e-104
6.374326165315965e-75
3.4849394332494917e-20
8.823559035936603e-37
5.645115407233875e-33
4.033383677230085e-39
5.110297946808521e-16
2.3150056857291237e-97
2.0337290834400254e-06
2.9473507849466172e-74
1.607149580056419e-22
7.179974603436452e-80
5.465731852438188e-50
6.523511663680435e-27
1.9706135817710943e-11
1.583219169562574e-20
2.4542880362393934e-07
6.418841926393999e-26
2.504092617780898e-25
7.120194078259402e-12
7.044405549937176e-13
1.535446490028468e-55
1.3571739368339625e-17
5.24732958934756e-19
1.7731822651111083e-94
1.0211362389651093e-35
4.745582478195081e-39
6.3300865230207996e-27
1.3485183866558622e-109
4.253970403667843e-21
1.1790144029551025e-45
1.2930073211045525e-85
1.8664073427293688e-28
1.4901763331050829e-09
3.8935565382962473e-75
6.535274186960298e-34
1.2178544336249568e-11
1.2598136931699923e-42
1.2869179135110501e-11
7.679173502130269e-37
1.0867167381296268e-14
8.825917918928264e-36
1.4148638563026913e-89
9.616825937218737e-11
8.545290032893765e-45
1.2609476689862872e-25
7.98238340349299e-42
6.248167226462179e-16
5.043503634741523e-25
7.433190941662475e-22
3.146965645087015e-25
3.791248308107893e-45
1.7237376034464853e-30
6.641620185747549e-50
2.0577938634915108e-13
8.771385573537894e-72
2.7860274423510744e-33
9.673795535201826e-27
1.6941512749514546e-09
2.330657585898323e-19
1.305125380081995e-118
7.109779734967584e-29
4.095868538101897e-31
1.404515483009362e-19
2.7577739488174615e-35
8.275134645385337e-12
1.171994636999161e-10
1.4395270693800715e-27
1.004225213125889e-37
1.8836946063543586e-11
1.3064540881913896e-23
8.023622818634644e-30
1.553250960194385e-35
3.933281468708379e-45
9.690365427720307e-30
3.464262195792205e-84
1.9768707378640905e-18
6.563516494766505e-129
1.0401446490253797e-08
6.289271676063775e-30
1.74280095297935e-11
1.6363558927513982e-23
7.27473711762811e-85
6.424555167208897e-91
1.6489423532408213e-22
3.7352260364305656e-52
1.6532001304705947e-62
9.859988003691824e-33
1.5006489913746554e-26
6.303447949828261e-14
1.1339579640425558e-27
3.385570462785433e-32
1.8797902577889418e-26
2.8578139899657034e-24
1.3295264857641284e-25
2.907387903437279e-17
7.36953020685413e-27
3.0879455216153216e-30
1.0987813102113421e-24
4.243382150220205e-34
1.1240782086120721e-27
1.9011105589709685e-29
3.351047584032419e-25
1.3022843956348383e-24
8.021446952961012e-26
1.8133853641160266e-15
1.0928093483856144e-37
8.211025598204546e-38
1.6298193371261223e-58
8.098360481216067e-43
1.1535375367458573e-66
3.895172191533016e-32
5.136975239998356e-21
4.380249827079058e-31
1.5554056143104719e-13
5.938853919218021e-123
7.518062145618573e-82
2.6708766961396315e-18
3.524128182568917e-46
1.992976752688836e-34
1.1303042229645336e-18
3.981069340890398e-34
4.239677411608246e-26
2.1929643613551094e-12
4.980135317823141e-10
4.256639633714623e-18
1.4622693346242323e-26
1.8584974582196425e-11
7.940239783778941e-26
1.8574189877177386e-25
8.287297692788038e-32
1.734318781001627e-80
2.6718276073042334e-07
4.6944399260730365e-24
7.840733523797768e-33
1.6125710557015048e-22
2.6068027518785877e-28
8.837848443234618e-35
2.0245272843861886e-49
5.688927846308204e-30
1.5383139461838158e-12
3.5395694848588066e-36
1.985628563825871e-22
5.137240634949764e-41
7.91405377021127e-31
2.2967139163595326e-15
1.3605998845279496e-31
1.480682155916329e-36
5.902438417267526e-20
1.5641869088352678e-43
2.78500951689164e-31
2.713976706096966e-09
3.9781814697376717e-16
8.098089960503672e-20
2.2076705017240424e-119
1.7060382272166e-25
5.841448986984003e-23
6.2591285954715635e-37
3.514247906292823e-19
6.230215924224125e-90
1.3865632550127335e-27
9.22417275989574e-40
9.939833059154931e-08
3.2773083065979502e-43
8.125947132752417e-27
1.6174852064742762e-13
3.404729853388817e-65
3.135224285353559e-33
2.168279347544222e-24
2.5598019992188544e-34
2.132875086825854e-33
6.709379001276523e-18
8.188314689592606e-27
1.5694312481610582e-32
5.936029083361586e-11
7.950740832212825e-25
7.480857240646628e-19
4.3017502742502536e-89
3.996412595055733e-40
1.981534594297525e-12
3.418270119509686e-20
1.5567543392073595e-31
2.358840886758251e-22
6.584745783518792e-27
1.5487436543589268e-12
2.6239505116378106e-85
6.2780640949700705e-53
9.50029531124486e-25
2.355847219081277e-72
7.88914496891268e-36
2.4377288591921375e-22
5.0050325184657645e-23
8.083154128353725e-30
9.966441051115574e-37
2.7490314535295122e-31
2.310802375958872e-42
8.793890306590687e-10
3.9259520174621494e-30
2.95724535871082e-09
9.463233452506704e-24
3.2520177237517214e-20
1.3965462487658451e-12
1.008341823829911e-11
1.6903806122433434e-20
6.562880050094168e-08
1.5882673634049413e-19
2.8840548608490985e-39
8.571024026864237e-27
6.143114642270399e-15
1.0202396948215657e-48
2.8711589780630095e-17
9.615115380676402e-15
5.315558787145885e-18
2.855972338128321e-37
2.4363696722458196e-12
1.5918577598851395e-91
7.814781303712532e-92
1.289960994517775e-113
1.4761484385119428e-39
4.5088067454194125e-27
4.199383601070856e-34
1.0258966812063054e-51
1.0976271800366044e-19
3.782669224117117e-119
1.2316960965769914e-16
2.3502442815343416e-21
1.116679683521075e-91
3.1006565284261296e-54
1.2176517557762427e-105
1.2996206560321796e-43
7.277059577175905e-20
1.1102534524466816e-99
1.4878552401132224e-14
2.3997993493302506e-09
4.864351336914595e-100
8.19555823621653e-17
1.9059639972420757e-40
9.828246749519904e-29
1.2924819110363883e-35
3.188786332739106e-37
7.035778442156728e-23
5.991193736463826e-35
1.1020967154158284e-10
1.2230403672298981e-64
1.7105476992047664e-20
1.734914479403697e-25
1.3600241020633829e-41
5.269290684463875e-31
1.4728696453935614e-12
4.926569271804198e-14
1.0745578080873603e-19
8.221727358388525e-27
3.471831821324303e-37
2.0813763519915636e-46
4.394003002563351e-23
8.247728409466348e-29
9.689399271786335e-46
1.0857923356985663e-37
5.807100785177949e-25
1.3337225496201273e-32
1.51966714714076e-11
1.6194398260502426e-08
7.931387763536456e-29
1.5570816382206706e-24
3.2978237210312886e-48
1.694616023230119e-27
6.009658780944501e-45
1.4212797681966605e-23
5.327130336034192e-22
3.819202078937696e-15
6.883577295802686e-40
2.8574220519160793e-37
1.1737689655193754e-26
2.1522727757609732e-40
4.3820095081333416e-30
1.668907346435009e-111
8.741470622933822e-23
4.8816496042117755e-70
6.721999614154869e-32
7.852214764017669e-44
3.0427856897293905e-10
3.179094222718861e-19
1.1736972664862598e-30
4.3237089790303226e-42
1.9404732138968348e-30
6.680258095623379e-25
2.427469010160516e-19
6.706267064764189e-32
5.8326703276649076e-40
2.8395157258706587e-43
2.8029316992103315e-77
9.873346213514194e-35
6.992183449813127e-35
7.260976279646129e-33
2.775978453610667e-10
3.125678452287097e-25
1.316237147641257e-12
2.9841188354507497e-23
7.778469962267997e-38
2.5858066366213448e-81
3.707382611565962e-39
5.624960300500135e-37
1.7618312543109847e-11
1.0769508676638455e-71
4.843540322487266e-104
9.169636478272069e-25
1.4628491267162283e-79
5.903899601891197e-18
2.8931519945896997e-39
1.1166214046919106e-17
1.2578847536328911e-57
5.714370843661481e-30
7.79286909687906e-32
5.396946418098857e-125
7.177637091103378e-52
4.721689250522483e-11
3.6116530546909403e-25
6.233031745277405e-31
1.9877474814345036e-10
1.092884813392197e-39
4.847235199673184e-19
4.9437444340413745e-29
1.3758592372279746e-35
3.487550921683587e-29
2.2992557719953046e-24
1.152136414224108e-40
3.7732580403954977e-26
4.697539002070466e-19
4.453941198235335e-39
1.8970521574457343e-34
1.526669213316193e-17
2.810725987052862e-78
9.169894326200378e-28
1.919215837939528e-17
1.00324308049852e-42
1.1517132876811759e-85
4.32714502677812e-34
2.874523128073974e-85
2.0147023790113554e-51
4.70411126412755e-36
2.6770357097442014e-35
5.472802222056966e-40
4.7402681349370645e-30
1.2076471468457875e-23
3.4923170748392874e-31
5.506641839089344e-23
1.4356479506693594e-43
2.2546873208526431e-32
3.077511189658623e-32
2.0557533302441685e-52
2.618465893617286e-22
9.468482824961841e-21
7.312033331098504e-16
6.84486840601458e-45
3.0462039244503157e-16
6.429873950644642e-19
9.41692112917619e-08
1.5602087221448585e-13
5.205745458592703e-19
2.4065612599395183e-16
1.8244625692327484e-26
5.895830567736577e-16
3.0630195612714857e-78
3.2655324738911986e-20
2.9959075827334884e-107
2.5967162288911395e-37
1.7138048429091403e-34
1.8615535986651391e-81
1.1812983465148704e-32
4.230693673100371e-17
1.638359510902168e-18
2.287985101515446e-42
2.0502182020637037e-49
4.11323401905236e-13
8.410958189553548e-42
1.1333880208404736e-26
2.7313462278398725e-36
6.966258643197568e-30
4.647243704593137e-26
8.859369158767656e-19
6.351950093691061e-13
5.424804772037546e-36
5.812292366994523e-120
3.3056504470346173e-38
8.370017409609857e-81
4.7497502997623095e-21
3.166701329157587e-19
1.594368265334095e-34
3.2312669833286474e-32
2.7935805308793823e-77
1.466250258375247e-48
1.194185527228996e-23
1.0870073262761966e-54
3.3584494192017574e-27
1.4544533322975516e-111
1.6310741408925528e-07
8.910724830720985e-24
1.1558515929128127e-46
2.695393400381675e-27
1.5544858846233181e-65
7.756760099884868e-20
5.625478882062875e-24
9.940686142601484e-40
1.9451924976525438e-34
4.1521614352367956e-10
7.351239097428445e-19
1.3500134763928202e-49
3.1404688850544856e-27
9.648515384916043e-84
4.3393140166191257e-35
1.44587430494645e-19
1.967888705910602e-25
8.172621503167596e-24
1.7202601436455937e-20
7.069427870591963e-15
5.088167237141282e-11
6.681981321584852e-37
2.5513021258274215e-15
1.6922486948929465e-15
9.41623423421623e-22
4.483446592157939e-31
7.240559073332741e-32
5.947707408645331e-84
2.9164432569639544e-34
1.692985591093725e-21
6.043386256455035e-45
3.5034357214838615e-32
1.33874283751846e-71
3.029675896876523e-51
1.3539578392061645e-31
3.172440592883983e-36
1.334214533697289e-28
6.553107820040419e-24
1.0088129854277488e-34
7.084526153860606e-25
8.812418681242123e-31
5.75409776771975e-33
3.552988015390513e-25
1.1004123203484287e-116
1.4445766873321711e-35
3.674479408791217e-40
3.9539529024050204e-38
9.819830361303854e-53
2.1038901443207084e-36
1.6615550778955984e-35
2.5231719443871765e-31
4.3334309087355353e-10
7.689123030710986e-28
3.3170343606622235e-29
5.603387674544394e-23
6.04987887366081e-47
3.4655069583684775e-22
7.123100661318764e-100
2.879619863352132e-97
5.212549908163648e-26
1.3468517810917014e-19
8.769451128272026e-38
3.0063175032462346e-20
6.19522457883797e-17
3.446916715157125e-31
1.1671205348106157e-18
1.6216277721904942e-113
1.550733246015101e-39
2.815945125765849e-32
4.702304400501725e-47
1.23012753646146e-35
9.467198716392207e-19
3.1120459023521987e-30
1.2559944305153796e-29
1.283270180129263e-15
7.153578146586962e-21
3.281514906540924e-26
1.848401708290226e-24
2.2073463844124394e-41
1.8203298348638835e-27
2.2971854771370507e-20
7.750239190044344e-44
8.174342141531147e-85
2.8837536196824104e-88
2.1111698223772195e-84
6.809051907998906e-76
2.0519614261760784e-19
4.9113211078462655e-113
1.885289516427888e-29
2.0591268641052484e-54
1.5136634832649965e-28
2.6782128887147065e-28
1.40701745437211e-24
2.6513925806734296e-26
1.333658408264303e-39
1.3388515420057672e-39
2.27687749555821e-19
7.460109122794998e-32
5.015219960458895e-46
2.798619849454441e-27
4.517450202837186e-53
6.518827679481413e-20
5.941491395279325e-07
4.983825350881453e-26
1.3160128493859561e-36
6.699288813585037e-41
7.942600838066492e-37
3.685762073368332e-18
1.54832746737934e-28
9.09255737497206e-41
7.683145191198764e-42
1.1511603221984835e-57
3.3981160322645046e-32
8.003271421406434e-08
2.590361695328877e-35
3.901148875554977e-23
5.341908449075915e-29
1.8651776141953144e-30
2.0111633856767723e-26
1.980164985113522e-33
1.599519642900387e-64
1.7226304692035763e-17
9.83362564393815e-74
4.872610907498739e-09
3.383984592699941e-23
1.1617065746482705e-24
5.15120745688488e-29
1.109907619091869e-31
2.442761564845894e-16
3.5637044777212487e-28
8.424862003012468e-25
2.2303209452066205e-10
5.566687672087158e-87
2.0558087883441321e-38
3.7379712974135624e-41
1.7010789545776408e-42
9.975779580876178e-11
4.50348698950429e-29
3.164135284513254e-80
4.5514737616372005e-17
1.183913633985248e-25
8.98539326266753e-35
1.4174643227418275e-31
1.431761746768149e-39
1.3663497568687785e-27
7.258729683156293e-62
6.20214911681281e-33
1.1291238757824337e-29
3.858482833816453e-96
5.877244306361026e-22
1.0245795086690482e-20
3.1426292260775715e-13
9.885561567010221e-29
8.443424723473127e-105
1.1023159013438054e-27
8.605720387625018e-47
7.0365949623463135e-40
3.6089257344772612e-25
4.108065899368921e-75
4.091221011857769e-16
3.9783316590866495e-67
8.858156134225912e-36
3.759361859764721e-67
4.414655502771605e-14
1.7906524903322433e-10
2.1705768834231367e-84
1.0082444672547835e-35
2.702456905655081e-14
2.584440320698373e-10
5.982960887011762e-25
6.87964999910011e-48
2.906109006213907e-12
9.957577535475235e-46
3.3500710257840325e-39
3.862242480763576e-28
1.6369298816433393e-17
6.757267174081819e-11
3.935386439181429e-35
9.744571071318737e-32
1.3847649887432778e-75
4.3509356305328966e-26
2.1646234722203998e-42
1.0263287232799119e-119
3.675262289378319e-81
2.3040543318850902e-25
1.3824691095569932e-11
3.2036734744142175e-105
4.8607731041163526e-18
8.318245214730743e-23
5.072390062111919e-11
1.7012211849024935e-30
3.030001510753219e-101
1.2690158621865685e-33
1.0920046275878921e-31
4.796061914955341e-44
3.842227048308108e-24
2.140573454168268e-92
2.9838183235567685e-31
2.6934267853872443e-33
1.9376233629383423e-15
2.3495966285425724e-31
3.337874202909621e-27
6.836274315997847e-27
2.5471037995510297e-37
4.1393858522484514e-21
3.602323229383379e-21
3.7262252897676126e-24
4.8310216094018936e-23
1.832083488723169e-39
7.752069570323532e-11
1.2717264968601202e-22
2.5089308207352773e-29
6.125264008545149e-22
2.4712203616636716e-15
3.457544137900561e-41
8.154079813173853e-29
1.1420535753545783e-82
1.1418414819743108e-71
5.478319245540162e-26
4.345130750987462e-49
9.742358016195195e-81
9.210836483629231e-24
1.9265731602041693e-31
2.329946725661796e-22
4.840021804049401e-78
1.091462440295337e-37
4.7974626117863197e-82
7.196602190607401e-52
3.6734121628597094e-11
4.683777514614037e-24
2.932045613778496e-17
1.7933946590785777e-22
3.4501536904092487e-29
1.0841923357478912e-44
7.044894553380707e-18
4.512076913827205e-33
3.5004204129402416e-32
1.7240604445241684e-114
5.455231468230589e-11
3.624488985528822e-30
1.3624007190008418e-31
2.9011160699618634e-23
3.3570827226515016e-40
9.146326670195524e-12
3.366312697151765e-135
2.984749529111886e-36
8.011658172851974e-38
2.7377002904562794e-71
2.7622854702026638e-71
5.0064684256244885e-27
3.436859747160678e-07
1.8735315759176276e-28
1.6231534841271237e-48
1.668267458452405e-68
8.539329080407248e-22
7.043533004957762e-21
6.052391215760315e-35
1.3650230896980319e-30
2.746625209388371e-24
3.146340884007853e-47
1.5212535653021994e-50
3.7039459774317133e-41
6.497066958921755e-39
3.225988608408004e-27
1.605525273601353e-08
1.39728395961667e-26
5.928365580498916e-22
9.639451706423283e-21
2.552790205728729e-38
7.2305031892043195e-25
2.8223289661198504e-15
1.898402924056893e-13
4.258559425813071e-30
6.152877205990115e-17
1.8229794920471063e-26
8.661400158536578e-27
3.4940908756401205e-14
9.493483998963924e-20
4.2206173925562634e-24
6.994049923914437e-34
4.7339803541924983e-32
3.0911152764235553e-28
4.469751599878843e-54
2.533197135300294e-19
3.622252731698638e-14
1.923296182034473e-85
1.9842551813604278e-28
3.9350103220435e-19
4.080769201768674e-36
1.335344485996638e-13
3.6046145008215663e-22
8.81664558469112e-40
9.411757070971513e-27
3.1583895964403965e-19
9.419943547973985e-22
4.436104536401021e-21
1.2835264954288057e-31
1.2017199432275184e-18
1.329445164364681e-44
1.1925218999887012e-29
8.779989353904784e-41
1.5576046784471344e-07
2.0120554594809145e-34
1.7303558279012665e-36
6.11731328362489e-36
2.09514120670067e-39
1.6954724999476246e-40
1.2757751904507316e-34
1.959332684942275e-10
1.9126774789394115e-31
9.6333180215401e-25
2.657664751544069e-36
4.599870067251325e-59
8.678906456096972e-12
6.577624675231151e-26
2.5496392948064958e-45
1.0616430225212273e-95
1.1319925791636533e-13
4.994654034563494e-29
1.4210644423753476e-20
1.2072027072776002e-40
2.1318034704118544e-08
4.8558360756570977e-32
2.138510063117273e-33
3.195148874334121e-45
3.8045194444557157e-23
8.271665072509022e-41
3.565943109302571e-84
4.767027544260102e-124
3.6792381177352965e-121
3.7754033576797957e-45
1.4329516441948388e-99
1.0682694907689881e-29
3.903342409471571e-13
9.06039515796604e-31
5.0600696462314e-11
7.832612101615177e-87
3.19591799970097e-33
3.4769314577063236e-16
2.9047410922054993e-40
1.3603459280174304e-25
1.1088682890037741e-48
1.813372365654513e-30
1.0199925435427204e-27
1.242184095489327e-25
1.114319334121664e-18
3.738849728584407e-91
9.062773388362135e-07
1.0650175601295137e-26
1.317335549748664e-56
4.4395612534887215e-27
1.3953222915591727e-37
2.8765736073120442e-18
1.8575073624538391e-22
5.988144989541834e-87
2.3651121906761346e-46
1.8720414673751648e-24
9.898005508222063e-47
2.1282646357827708e-08
1.8516188743704785e-28
8.11346811366998e-26
6.439874737299009e-92
1.1184245278648734e-10
6.769143027076372e-43
3.3531425183597305e-71
1.7146633918872865e-29
3.351408652219785e-08
1.0498439514592083e-71
2.0005188402230883e-35
3.043924060344158e-07
2.0549007923142713e-94
8.371489800518963e-13
3.573560535866959e-13
4.381820604278612e-18
3.314144032981972e-13
4.835771840504121e-29
7.08914548991599e-17
2.7638365829579664e-36
5.059307834715623e-57
7.355780448312451e-22
1.6801402479460404e-26
1.7254824046098645e-95
1.7118773187557414e-26
9.135931075291751e-21
2.3529684861179816e-33
7.721029992510189e-25
1.5795569171048043e-14
7.388915861215569e-09
5.355642945682394e-26
6.439577671642436e-37
2.4429467281601704e-27
2.9069476165841777e-47
4.11752944065381e-09
1.398617128038071e-21
2.0241010933579374e-21
3.126304931240089e-58
3.0902236777686703e-12
1.1007765755212965e-124
1.4915407691094378e-58
8.609823687745561e-92
5.6000614168183015e-81
1.118972364806164e-24
1.3205626198733376e-07
6.629771769184828e-24
8.516429634601816e-29
2.750997930069924e-15
2.839995820149849e-09
5.572323206645537e-10
5.893240027382359e-13
6.957850950290407e-22
6.968550154660485e-26
2.3639167709319764e-19
4.826633945522782e-100
4.2184597925700554e-27
7.590482369084527e-78
9.484575631605309e-24
4.0557336747278035e-29
9.002446962017035e-18
5.250098016718008e-13
2.735656736690859e-39
3.4385417022301826e-41
3.3221961938583256e-16
6.66150090963349e-58
2.0489290210653934e-21
1.9403083308666486e-20
8.724586959264244e-18
1.7007210429356075e-32
3.596018543872211e-89
3.514662503997113e-22
3.5697112545961946e-94
9.793833300875987e-22
5.6072388345417104e-49
1.758987199088655e-19
7.581812942203157e-14
9.620432555291445e-21
6.418901261331137e-27
3.4712977870287834e-28
6.657201459974093e-100
5.890696453104105e-21
2.790352383171642e-32
2.962451183959826e-09
6.256530509657216e-30
1.1157083274812667e-08
5.982944708818306e-47
5.790161274742912e-19
5.799763777742886e-12
6.693472210879379e-15
6.213616504279043e-10
1.2238541188051879e-45
8.600704361697718e-25
1.6483581170599528e-14
2.9069365425553448e-12
2.653804694470189e-08
2.023683064788471e-31
1.829531230048946e-39
2.6775918224474094e-29
4.081586286127924e-24
1.5024142833951663e-24
2.756574983026503e-35
3.051551088886611e-11
7.534530507517473e-14
1.7345650628709298e-45
1.3054881521641465e-29
1.1913457735426477e-35
5.557963698579546e-83
2.6964848778201767e-14
1.4283637822850768e-47
6.6222869620706e-39
3.4085655888316735e-08
2.547652831896565e-25
5.306674609757542e-49
2.0942901381349517e-37
9.270055889476798e-33
5.362460178660329e-37
9.448665024253837e-77
8.982239477541776e-11
4.960190036510982e-41
1.4104070947574795e-39
4.313894839121625e-30
1.2086590568087546e-28
1.6783082942144778e-33
3.1675020063800924e-16
2.3323604925994063e-10
1.6192001546390683e-46
3.3185138256147175e-29
5.45901321487289e-37
1.1283144251296865e-18
6.8495920416365e-79
7.037393238782024e-32
9.013805786839196e-44
1.0618089074091906e-07
3.4694415734132984e-53
1.288252245075785e-36
1.0738675225057236e-34
2.338261448266589e-29
4.5877486855630195e-99
6.683017122041287e-70
3.215544632661546e-35
4.813794710153062e-32
6.782626149566632e-12
6.872139233867253e-30
4.864141682614998e-33
5.273023825564072e-21
7.9372808905818e-45
1.0038910114189257e-32
4.568786379179533e-107
6.852946060369819e-82
2.1922164335404403e-16
6.780354703608437e-37
6.41668266730208e-33
1.6630621343806794e-35
2.147804872052792e-53
5.463575220908962e-27
8.623349180092874e-08
5.859875007313918e-28
7.1653020242426195e-31
1.5312578929170167e-15
2.074003272434051e-19
1.8349537807418065e-13
4.214219024828798e-35
7.031096119037154e-35
1.0105951931317392e-18
4.768377724563684e-16
4.693911003579282e-59
1.8165075450085505e-09
1.871643800386318e-11
1.021714888455899e-20
1.90250515400678e-24
8.618166891406325e-33
4.824288808310399e-49
2.4300054034833455e-31
6.38630528225244e-33
3.470857671651026e-115
5.2277744532157057e-23
3.5505094976896444e-39
1.0498730322029391e-20
3.5682558660088284e-28
4.520669043820216e-14
1.145574251138645e-10
1.3505196122665224e-19
3.0093050046157986e-38
7.745798585973743e-28
1.1867469450065097e-32
2.960303565714044e-26
9.418311343488873e-15
4.473026243649846e-14
5.567184473538819e-51
1.0919487851037572e-30
2.3958114175428994e-69
6.953470379736522e-18
8.614859152504031e-20
1.7503600811279702e-33
2.8454062655501213e-08
6.107159572043407e-78
2.7423217046949202e-14
2.8924872006831916e-39
7.945085105544306e-10
5.85970252870861e-26
4.286819380739258e-21
1.1123357822765602e-27
5.56181022679968e-29
1.0147771903822343e-34
1.683680163035211e-23
3.425807609045443e-56
1.4368194878372736e-22
2.7338722288046907e-07
2.8973510284939144e-44
1.625095866265137e-15
4.448474505740146e-20
2.2760288902881113e-28
9.224753423018899e-23
1.9257045147433478e-34
6.7385200573767105e-22
6.261807168266498e-62
4.4844775330958836e-41
1.4756700665249082e-07
1.6845989892510265e-128
8.997157541657306e-27
6.212340651596027e-09
6.0844106942785574e-24
6.22764168723632e-12
8.800965133624263e-21
2.7804155038215153e-18
1.527746811539311e-47
7.322718673582378e-69
1.0188616126780989e-75
1.5519546467378671e-40
1.3469925467901354e-50
1.9244095262182652e-37
6.375629588445077e-95
1.8119155521416222e-40
1.9550820781333292e-22
1.7871141547890108e-32
2.3020907201643333e-28
4.224646980109825e-24
1.9933152099037762e-19
3.270671089154286e-30
1.436900595510385e-45
6.172123951765786e-20
5.536826008385763e-74
1.2945184235501686e-08
1.5181899835896987e-30
1.45300166884241e-36
7.278612257885229e-99
1.6435193799672054e-40
1.0244197018096842e-09
7.154362948945258e-43
1.2954839001790995e-42
7.2954738019604156e-37
8.597062107875803e-22
8.016669071647421e-75
3.830627077083791e-30
3.5019022492000143e-10
1.457594057987714e-11
1.1418105245957169e-42
1.1427610287106517e-17
1.9125426913234271e-25
1.00697062261857e-27
1.958520496153722e-29
1.99195607970797e-12
4.776442322007774e-19
1.7840926175584364e-20
3.613858912580314e-45
1.5348947440226203e-26
9.833895057171355e-27
8.220959984757521e-31
3.005642869779504e-20
7.038010726677081e-30
2.440085237821841e-39
5.160053456746254e-43
1.3358167387170398e-34
9.713627008572089e-51
9.022393931156378e-43
1.4321002514019404e-28
1.6523620223615463e-35
6.939231409469305e-42
6.217606318995526e-26
2.3003092287368095e-15
1.2595418656497682e-24
7.0668567307425e-17
1.9476881102596612e-74
5.7888838306742675e-34
6.525954433392983e-44
1.2623929090586649e-17
1.4152054627376648e-22
1.140994541512791e-20
3.657766551866446e-37
7.98908875082263e-19
3.2410705440757245e-13
6.1652521714625826e-30
5.211817104715036e-35
6.526323601459896e-87
2.6551560456243144e-17
5.5511021978801155e-39
1.818843102906984e-29
7.738509050798717e-26
3.580693770363887e-42
5.576279493789187e-13
2.160159059193789e-31
2.382874194944692e-34
5.2238199689627604e-42
5.786564880272183e-28
3.9457178564224896e-85
2.2203254267254424e-19
7.60551817367507e-25
5.608601206552863e-35
3.66011206956576e-27
3.1330676065087824e-26
1.937543386407793e-26
2.069125119032354e-26
5.3470921817054767e-20
8.524286929141192e-08
2.826838601239916e-19
2.1801480082483062e-30
5.186731427071111e-39
7.346439454311349e-78
9.969569663552178e-32
1.0192844609593829e-26
5.4447618193465885e-11
5.850503399422357e-31
1.0151786431418438e-37
5.900146045493521e-19
5.956471842141472e-55
3.2592512363638948e-21
9.447048262449897e-25
5.0438914005730335e-08
9.286244606766877e-21
1.4849330408244778e-21
1.7106192656402667e-34
1.0261301285619546e-32
7.014714415931063e-20
3.2324903352124856e-23
2.7271066242551244e-50
1.642563574934629e-79
1.9032990981065357e-105
1.0841762372361675e-27
9.553330775767483e-43
2.2746253563971866e-32
2.9753580173679566e-35
5.831906161122855e-72
1.790915056777718e-09
9.376592248561764e-24
4.76584666967158e-28
2.77595756243237e-27
2.6469539722195408e-30
1.772780678439447e-23
3.0493361439826087e-30
3.1402960150521724e-14
8.381162245533918e-82
4.577706201348624e-20
2.211009622756238e-25
2.453161125127642e-12
9.90172886329785e-13
3.4795244870193534e-08
2.257086006458974e-27
3.0820937719378476e-20
1.8450820033383774e-39
1.1551771496326397e-16
1.872376219054891e-35
3.035485570675844e-13
8.180492108774644e-17
1.069169984870225e-14
5.8235835089808004e-30
2.5827483762915944e-29
2.3539065238638774e-37
1.2050338410629657e-29
4.189183273288344e-20
5.3816830448481316e-48
3.7122417805735245e-26
1.7458112459498195e-35
3.617453172003385e-24
3.1910504655103828e-55
1.8018014404647501e-35
6.417613346937608e-15
2.5326750645535098e-86
1.972678584415606e-22
4.187551207315195e-26
9.83882041747399e-75
3.6743288298836567e-53
4.6183633998693066e-79
3.584776220336792e-30
4.514406000559329e-46
5.464351931003301e-23
3.860109501250469e-21
2.6334590687067768e-30
5.871666687595303e-38
5.478485003882171e-30
3.3076758758173733e-13
2.5161346883958533e-32
3.2703772609235352e-43
1.6065821003792294e-58
3.4980581639458365e-51
4.3929555062507404e-36
1.2209127019762816e-11
1.9872106771513136e-09
2.798469724892867e-37
3.29118936697376e-27
3.568363796626936e-108
1.4534400895988584e-30
2.3884538653117896e-43
1.8715815596614398e-38
1.0273692556353512e-11
2.9267588411573346e-80
3.437295125921208e-32
6.330210535843134e-96
1.949646610411699e-23
1.738790599776613e-25
7.170920722876157e-41
2.540535033264402e-44
3.676960968290415e-97
3.6483790075298885e-35
2.2011803325311597e-18
8.401005486285627e-13
4.882661714352416e-28
1.860159825274421e-30
1.9430354977333827e-20
1.803959850807133e-12
1.6328057356821641e-18
2.601251650542241e-29
7.568337700842243e-49
1.1479235721469385e-46
1.5798530093961042e-74
2.3918393280147844e-16
2.2502822194855474e-62
4.066818237786111e-102
8.333688211625752e-29
2.321848559193212e-31
1.3129273275983248e-12
4.44437240567238e-101
4.444709216575859e-48
1.4624310051958952e-106
3.329311468752895e-36
1.6614221129260642e-37
1.851762473634784e-18
3.146917022583279e-32
3.14118516222028e-106
3.067442307223036e-06
7.244546478603355e-25
4.350523551299994e-20
7.045413280586889e-25
3.6154591386006276e-30
1.2742528935044623e-56
8.911796909718691e-20
2.8069835171862256e-36
6.097061086848545e-17
1.5824692373392372e-16
4.052467617808775e-23
1.6629059696717738e-24
3.269322303566687e-34
1.9496863918436265e-42
4.6257210372191616e-30
4.573465901953426e-33
5.416056633976027e-108
8.420383905562806e-42
1.0058179823144796e-29
4.340112705977783e-25
9.798779063090979e-21
4.2468255076459843e-23
1.5001222320769975e-85
2.443162528187653e-64
4.748630137053524e-28
2.077755548647183e-42
1.6517452111173163e-22
3.109239447233895e-33
4.534460232461319e-31
1.4733632859668504e-37
4.0461352272797236e-10
2.3340383115464124e-28
5.336680707110906e-25
8.18496905425355e-12
5.653141015545034e-36
1.4802898783563346e-07
9.331646419076192e-23
5.223220928050145e-28
1.8697420625442972e-11
4.0784988690892945e-95
1.6212138875540303e-38
7.00982433484913e-32
7.693498497592365e-23
1.732792127874777e-19
1.655712573166457e-27
1.2281533067405096e-25
3.0386596638552426e-23
1.182156940975524e-39
4.6329076946184726e-48
8.924401906998335e-37
6.105308702148216e-35
2.4918275660229553e-29
8.154925406279022e-37
6.16172627009589e-25
3.51907522508629e-33
5.065962970943491e-34
1.054198035090325e-36
7.790958536224776e-30
6.868288546655397e-24
4.349251657477127e-20
8.28373815598456e-36
2.109449451392338e-53
1.4885451501218925e-25
1.5347980242252662e-10
3.848711787447578e-20
1.0759242995259106e-38
1.4425447812900244e-23
1.4523417516053564e-20
9.954649740038208e-25
6.837220174135048e-22
1.3540826466874016e-24
2.590513492061864e-16
7.709612936358004e-36
6.50923227478972e-42
6.289559773542633e-29
3.1247563035783727e-37
1.13998279863617e-29
3.2610016593497904e-33
3.637580482539125e-11
3.0243357343923194e-35
7.726176457441084e-36
2.479108666058199e-50
2.2906484615577857e-20
1.0556089382973401e-27
6.937651027662681e-98
6.669064720744759e-28
2.6092893906018815e-30
1.0269837129769373e-37
1.0410391282537223e-27
1.2578579023135893e-20
1.9171078292361041e-19
3.4260514000854065e-24
2.7996418522978133e-25
3.257969874125894e-10
1.3459514549439739e-39
1.0350131610903714e-30
6.875908556300983e-12
1.689936370172147e-32
5.545070293645886e-82
5.285745483284604e-07
2.2372488383918367e-34
4.684705605373283e-34
1.289748329464501e-21
1.4908269819915343e-21
9.92418491420493e-91
4.899559928298637e-32
1.4274039302378504e-14
2.058617493294505e-49
1.7627365909482676e-114
4.261940708630215e-52
2.4631002289688674e-21
4.2772145945464054e-54
4.927393807351267e-18
1.8011406210998222e-29
1.2765487672657084e-11
1.3013096434134923e-43
4.2808361447796045e-91
2.4120496278004517e-44
2.247411729131644e-15
3.681758602692052e-27
5.637660983797318e-28
5.523817987639305e-42
2.4604581652157696e-117
5.023649488847544e-13
4.5597068318047053e-10
1.718330578453855e-86
1.586056078641661e-17
5.63231511554973e-45
8.929785874845836e-38
1.0356271034386015e-22
1.649220280014797e-21
4.5622847809243246e-49
1.467217390090734e-20
3.2956493601145506e-38
1.9387690419908608e-14
2.597392498465974e-33
1.1718337223670428e-41
1.143346917533361e-34
1.0722634232237641e-35
2.5147482776423386e-40
2.0694138352730713e-35
5.63354319638794e-28
6.929706256264486e-27
2.599056772793774e-28
1.0829654285073505e-32
2.766356255173864e-46
3.085506668455775e-12
2.604574873794464e-73
1.5719752974090806e-08
1.6336964525292204e-40
1.1221804868541096e-16
5.689094093139183e-34
5.36809172240151e-26
2.4284660768493346e-21
3.8546981895011884e-33
4.523722521832757e-17
2.1176446649236547e-99
8.018047066625657e-98
2.750035782655605e-16
3.5912109753128524e-44
4.0333573713602375e-29
1.6845082303654967e-43
5.97510571135187e-53
1.1871357321038334e-18
1.779791312172176e-23
4.218720017407112e-08
1.3713109430983576e-40
1.084863228046726e-14
3.623034595178939e-28
1.1396806970029343e-12
1.8015437110070506e-30
3.5982800903145035e-29
3.0376971914265462e-15
2.8780383225491468e-123
1.1946662981701023e-55
1.129433274013985e-34
6.43112219875748e-47
2.289890081322016e-19
3.552320382899979e-33
1.8889588360780545e-29
1.941893501626158e-24
7.434216620546192e-28
8.35698203779972e-25
7.018973292177387e-105
1.6597139079620007e-50
6.54645982675868e-42
9.462987725636598e-68
3.613570181498496e-09
3.2705790868041877e-47
3.5039518663719795e-26
7.351913593295083e-20
2.818290583417199e-23
1.1014710429986422e-21
9.016880852812524e-37
1.3390924030497528e-105
3.3701247688433814e-37
1.9577135240987007e-21
4.68985235524425e-17
3.9690425784548787e-28
8.179337936897447e-19
2.237558600443505e-16
7.612583809596196e-38
1.0386774110856606e-34
1.1492233511397417e-34
1.9061330494507954e-19
8.243016868639023e-29
1.3152666785357525e-08
8.83349519724237e-27
1.366275083407811e-64
4.580683182457825e-31
1.4130844034170967e-93
3.514759098073541e-45
1.9306841662071207e-30
1.054962494755535e-24
2.705826481182861e-25
6.901748118682731e-45
1.3307819251346763e-59
2.1108342364954127e-33
2.7227924406415058e-39
8.066354998942506e-31
2.3801851716626536e-08
1.2049351081657761e-24
1.055205269106254e-74
2.747122704609118e-35
1.0826897817444152e-31
1.9012300998899777e-36
7.819146554080325e-39
1.5751883566113437e-28
4.137235200594707e-11
1.7544759231391761e-22
5.4107485681916595e-55
1.2708879709661022e-15
6.751144236066873e-41
5.779700584572697e-48
1.5453492999974782e-18
2.8494874772254963e-41
1.7961806208932575e-26
2.384815669674994e-19
1.9479408315023272e-22
1.9297852472563806e-41
9.975802308065772e-18
2.998739343804508e-61
3.656739505410094e-28
3.6858982783434884e-31
8.8773784585754e-31
5.9468800047292974e-21
4.113295263331243e-21
4.10689552823539e-09
9.987007241433541e-17
8.778497229329245e-15
8.51195899219326e-84
2.3611139224668275e-20
9.579254201296423e-27
1.1506704588511672e-89
2.8367571282705297e-34
1.5412546975201195e-11
7.302619934131839e-54
9.113862503997827e-64
8.261697862271716e-35
4.448681627298974e-08
3.0675048086499135e-24
1.3038780109592826e-14
2.739520451337209e-23
1.0314424871565667e-32
1.9839606696245467e-70
7.594584365022212e-29
1.3048689936674267e-09
1.2364535073896002e-10
5.175338541453414e-29
1.8493001807152936e-15
3.8381504990341356e-22
3.243662372015551e-18
1.20813847769033e-27
1.9519102807362654e-13
3.4034833882563756e-20
1.6600891357609034e-45
1.9008145363657115e-16
5.113909739946057e-11
3.9185458927524775e-13
1.3533028107088028e-36
1.5413773138263214e-30
1.5339525333376155e-30
1.3361418533396985e-43
2.807873441394076e-20
7.326330814531452e-60
7.442765169867401e-13
8.251653808406868e-63
6.854063517817576e-25
4.26260951281116e-40
2.4806791731427294e-33
2.317349189585529e-20
5.082577652878881e-14
8.369797865970254e-33
3.2600379878379636e-28
1.6781336423666629e-29
2.2072669975960935e-26
2.083214651822441e-39
1.3121405494985228e-11
8.189562211468503e-26
8.195153475063357e-16
3.0504165034152774e-28
4.612454809366095e-35
1.1085989013497378e-08
1.0438156411319855e-89
8.262558344185753e-30
8.878665214269047e-26
6.569830644470665e-09
9.89444906589187e-06
1.0919673693784744e-54
1.1571280442220346e-09
1.0329779782216022e-130
4.9975157395899275e-18
1.5447469950284474e-96
1.4770914481438787e-13
5.138116351084941e-09
1.2156703347027657e-52
4.521256489243746e-27
7.523642388724034e-36
2.6715221199212446e-26
5.657235517804113e-30
4.025879984960924e-21
6.968902851707666e-30
9.306046039343146e-26
8.52402415867629e-94
3.011107227950619e-27
1.2306753502453656e-38
1.7703929233675482e-13
3.1280157821476576e-41
5.9463011992605864e-27
3.710041271032124e-30
1.2882064321476947e-24
9.656258430464997e-27
5.816930736837836e-24
1.6619683941330557e-10
4.106929907418656e-14
2.5347288029937235e-35
2.450226400375533e-38
2.8117348074546943e-98
1.2342569589536585e-31
6.053826684702211e-26
3.0045981747343076e-113
8.661699531282908e-27
1.4635412734845166e-12
1.9687340639783397e-73
2.7165237641993585e-12
2.6334091045093842e-20
8.572393793955727e-41
2.9752244627061044e-40
2.0122131198864245e-22
3.094120630094096e-31
3.0935634223665193e-13
4.2078467007409437e-17
7.351381153138001e-25
2.1760933372158067e-52
7.261337581743436e-53
1.1713595484976767e-97
5.188544053499881e-19
3.4142730965988984e-10
1.5790449958406234e-44
2.516104716744477e-99
1.6165456688294457e-35
3.316859688513888e-14
9.656378956994748e-17
3.699272950966326e-29
6.941564651510526e-08
1.1740854217573957e-86
1.6884360344835012e-106
3.796016178211619e-12
1.6294270067540046e-10
9.590610263364748e-16
5.473095652376254e-25
1.0677446508585069e-41
4.324100516818216e-41
5.532354076292196e-37
2.1326478631291103e-39
3.062148459783652e-25
1.339335360213108e-10
4.950853783224808e-25
4.190822847819056e-33
1.4937102351116344e-32
3.028804773130103e-36
3.0419699446466955e-81
2.1844367939662926e-07
7.157512086735005e-43
3.16821906670456e-17
4.878052141801483e-33
2.2307737792050304e-50
5.600422592650289e-23
1.1618738157107252e-29
3.8352348527045196e-20
6.055651650150522e-17
2.09181819814567e-12
4.198001773461929e-59
8.925074373962292e-11
2.4522039384513896e-28
3.86731459955528e-89
1.552924670052307e-54
1.2599986026432503e-75
1.0592197113983961e-63
3.7382174674450557e-31
3.9863615224645733e-22
8.683897697196443e-59
6.550930622823573e-89
1.9996737813063944e-41
4.792458705126045e-31
4.927280403192602e-19
1.171295159419872e-50
1.825768154558067e-20
8.392485803065825e-26
4.932292727297129e-44
5.230055453162075e-14
4.967179698990232e-19
1.4729713997864947e-20
4.588678656197388e-41
1.1851771321346242e-08
2.442280495739957e-31
2.615259824335548e-31
3.29494268442852e-130
4.5219709472616796e-41
4.6182109855923836e-46
1.1633377320979083e-12
4.855022784092652e-37
4.332893004232518e-67
1.329558446225088e-43
9.721498357993772e-51
6.251060623059376e-33
5.475429936756932e-85
8.741649360273705e-11
4.5028219771664276e-26
2.264302547676265e-28
4.132816939726998e-21
7.750281701873697e-12
1.9152593674506187e-27
4.162535044337804e-18
3.98950523134907e-35
2.0031204147448122e-06
1.2713217803659702e-24
6.908034141292115e-30
3.193735294214441e-36
4.387555544243097e-28
2.816716709331899e-13
1.8279111628128907e-103
2.9464153850143374e-16
1.1079886421407651e-30
7.505438926285438e-35
3.0535103641552496e-19
1.1748432219850852e-27
1.6834857016870303e-25
8.76145314120568e-39
3.654438542868264e-24
1.9547461781590154e-19
2.783386135051985e-37
1.0913615911246237e-15
1.2909273662710288e-52
7.767632304057045e-09
2.81790880349033e-11
1.1287134760558355e-27
7.386150140118098e-07
7.483694699116065e-104
5.7061354268036694e-21
2.319811119707059e-37
2.104860550501143e-77
2.708837299697212e-30
5.412332764473361e-20
2.4526827967257795e-27
1.8888632607684113e-16
3.149590664811919e-52
3.3056111822824365e-19
1.830091720041575e-10
8.303922200685895e-85
4.535334280214928e-81
4.5719922364672336e-42
2.041836712000718e-22
2.2280257590050493e-20
4.9618493278583725e-31
1.2822476184769742e-91
6.120219181350012e-78
2.5150596562193324e-31
4.368974101051817e-23
5.986207944302476e-11
7.658255398584653e-38
8.687314896418982e-32
1.1921886400938853e-13
2.1994165825092598e-49
4.147570410796704e-22
5.32764979713184e-54
2.1668926587878906e-34
1.1879746069553077e-26
5.79148969411974e-94
6.221480830710744e-26
3.859522787872453e-10
1.5181144775047369e-81
1.1812834371915674e-26
1.1006750756201219e-83
3.4175102953976447e-26
6.1342317107782666e-21
3.342205250450603e-21
2.6126449519555674e-28
5.633733606773389e-23
4.900323071193433e-15
6.584273250194294e-24
3.3952716488933934e-31
2.7109572073646185e-18
4.6654662573416024e-27
1.60036594334145e-37
4.177801620860615e-20
1.9498088646266245e-41
1.021291370126005e-36
2.4771192383826525e-24
2.3181311098396933e-37
5.930176694481377e-50
5.983481564962728e-26
1.6492083709978398e-41
5.72303244899944e-09
3.401884645162739e-17
1.0384206711507162e-113
9.639255328412488e-48
2.005319898767856e-20
2.3339217550143608e-30
2.9782839712189133e-33
2.292305714380067e-11
1.410671012237324e-99
2.920746970056692e-88
7.479392910850719e-20
2.5896816807423375e-51
6.682513457697809e-27
2.0743936097499137e-33
8.913455959428341e-32
5.164897227002312e-22
1.729337099719355e-48
8.414469393168298e-30
1.2503055547225812e-22
9.16166863017374e-36
1.0032787222305263e-28
1.266078735742624e-31
9.112205610724982e-32
1.5386882304812495e-21
6.110423435475957e-39
6.716478523632801e-27
1.332359365064607e-23
5.65638039221142e-21
6.967573191214701e-29
2.5782148419219024e-38
2.922417034640861e-07
1.9595645515823884e-12
2.567112655569718e-46
5.879422241578517e-39
6.006791234110705e-28
2.378446021183642e-17
2.3736480310724288e-26
5.8703180174997674e-61
3.8792330138307313e-35
1.321598547377007e-26
4.037307101227096e-45
1.469916477355312e-45
2.0896616584825784e-26
5.964186190874384e-21
1.831985252171717e-29
1.1152063284516711e-19
2.4216541099311376e-46
4.090319778154837e-08
2.0674918901620977e-35
1.0457893438971702e-76
1.5895737690528844e-16
9.2384955309177e-06
1.1756568416040945e-10
1.7143075301402473e-14
7.784052921668396e-14
6.8835281519837346e-09
8.452276646477337e-37
3.080028040704495e-20
2.9789970256222384e-11
5.173021352628709e-72
4.988034751797397e-65
3.3972596302685464e-24
2.4744643564112628e-33
4.337564150420234e-75
1.7281880536965075e-39
1.372906488133178e-20
2.7552085665608304e-52
3.612874615660794e-14
1.0653496123831226e-50
4.280586454202525e-48
1.1965536107196297e-23
7.576825516617844e-45
8.211470646891546e-24
1.8881685672484378e-18
4.9533329784771935e-17
9.94519711562073e-38
8.653388895710541e-16
5.253544347521187e-14
1.8426354683500074e-33
2.5595175253204016e-19
5.169531129954194e-09
3.6336955189260656e-38
1.6535856514318985e-36
3.975279386664119e-37
1.2888603352720611e-15
4.728553284864457e-18
1.8197955833736455e-33
4.572085433370134e-77
2.644800307580551e-53
7.310938143838157e-38
1.3422075452021008e-59
4.0937571654816006e-24
1.7443428680051464e-27
6.273088749694438e-27
2.909290711594361e-28
2.3440428053455888e-39
1.1835091114135106e-104
1.1934543366265788e-25
1.1321688310210429e-31
1.9979918837939925e-49
2.329504485063988e-24
5.932040106462663e-23
4.926343074971389e-34
1.552700375349876e-34
1.510580540071959e-31
4.2236725859367435e-20
2.009321037482986e-33
3.6304122971279243e-25
7.705660997737178e-19
4.750798624660782e-22
1.6911078682783333e-15
1.1618093253718377e-38
2.2383449775182325e-20
2.6913161192960827e-33
6.10911465886372e-87
5.182973761331671e-25
1.5072627091175503e-19
6.62705675047898e-37
1.5175514913159863e-26
1.711456629623033e-25
9.187967621416916e-30
2.841829016921862e-106
7.733061409476284e-29
9.355668165535359e-33
1.2049699664039321e-46
7.778663961828138e-33
1.3015371646627849e-20
3.1251965861720355e-35
1.5665431515161688e-22
3.39464791292507e-36
2.9787321603097585e-54
2.1791232531605713e-23
5.761140415882375e-33
5.530241931436478e-08
1.0728038167601243e-48
1.503904990958628e-23
3.301599595878671e-45
5.200451387279556e-15
8.727362339395033e-28
6.633575182318368e-28
8.962581191376447e-24
3.143835716315417e-31
7.889524302011621e-22
3.2709094614057377e-37
8.048997164620404e-86
2.1997202878985266e-12
8.433571665355796e-10
6.772162032435704e-24
9.487592412530341e-09
8.774964057503469e-75
2.737834775032044e-34
5.5341480572517104e-30
1.5196154336879787e-26
2.4974711808631363e-22
1.5816004067638498e-27
3.5373343736995598e-34
6.745150358197115e-16
1.2301412757120333e-24
1.2005937480222594e-91
1.4414444163053687e-35
1.4612865138508215e-77
3.054880538131148e-29
2.2985457470330034e-13
1.7881098988346098e-60
3.8084270738224054e-33
7.298291307452509e-10
6.872603680251304e-19
1.2366960320552161e-28
1.9866665934264954e-38
3.5831397262033026e-47
3.734490212136194e-36
2.9395264732792894e-37
1.1727184178646344e-31
1.8375982768040205e-17
6.186236802455756e-38
1.3670795520806526e-18
1.5924062823826894e-27
4.031958534347643e-105
5.407822219830984e-11
3.3577910358655164e-45
4.609475262200515e-19
3.040317042897509e-77
3.3898530849781684e-35
1.0803456781177697e-81
1.1458822779073182e-29
8.161462517478353e-11
8.973543375452258e-29
1.7946311141139734e-102
4.328008749417945e-31
6.852385286678143e-45
5.477625218097392e-21
3.521507568278182e-92
5.750636855933238e-31
7.209846814757345e-22
1.8728301635811743e-33
3.7918476779237504e-47
2.783813145381356e-39
3.610355219591485e-25
2.705561506029971e-28
3.7720477064752696e-41
1.5999405002267533e-30
2.587574443560594e-14
1.6489772976328021e-16
2.0075654091596267e-81
1.6213074512323485e-35
1.0990012032237107e-27
3.4958414286307486e-27
5.146727014050858e-87
5.54973994762498e-93
3.1301797750109783e-18
1.2761930125915307e-38
2.3040289574093855e-82
1.1648876116426794e-20
2.7321745088685983e-40
4.236586065292337e-96
2.7711150169661174e-36
6.3937999246660255e-12
1.9609803034180858e-70
7.4150882837127e-33
1.279537177247326e-38
1.439634477213768e-39
1.166123812845192e-21
5.145245346456187e-40
2.986938168180378e-29
3.946096385340752e-101
4.630728124540228e-10
2.9894447542837023e-09
1.2318779484955825e-100
6.19005278739105e-39
2.160414494139074e-26
3.825233227059323e-27
1.251845805084098e-52
2.7983082892444356e-13
4.4518811367982085e-28
1.8203206292207853e-34
9.79423790036807e-22
1.6373964482677813e-33
2.84166089727088e-23
9.959302067109769e-83
5.510538108040161e-41
1.0249520118750974e-15
2.0184778790036518e-35
9.88610891273938e-31
1.3545779793870868e-15
1.1817634573990444e-30
4.4636814409943215e-27
5.670035769586955e-30
1.609051450916763e-20
7.787126518517462e-25
3.272517653322137e-30
3.8634362233658255e-44
1.9076379836757453e-79
6.117750469710423e-29
8.932709555730934e-27
3.50811447420062e-122
8.026343374258482e-32
5.911414258594084e-44
6.443803030431623e-30
3.48720654792953e-38
3.718905180130146e-19
5.655485928472657e-32
1.9533825605127588e-16
1.4224503583512013e-26
9.96064988190421e-42
2.662943357450832e-30
4.772183545402478e-18
1.0319862093676402e-44
2.395678117424138e-19
1.1379805700000277e-10
1.5147298622444034e-20
1.0279007536925007e-31
1.5809628325202726e-33
6.742662582112256e-24
8.763191708443474e-33
1.891468623288286e-86
1.703356938278324e-23
3.0073451864925558e-37
3.388858164756756e-40
2.4942958156588903e-95
3.530931133291548e-103
1.7729386508870402e-25
3.225216064328198e-49
1.605884287459012e-39
1.0762732416038866e-17
6.4272040906292405e-40
2.9942408208754447e-44
3.212332741382105e-25
3.448138572792992e-30
3.8269320439622143e-38
2.4055091042635167e-27
3.377301824165525e-32
2.0988724734189003e-20
2.3564951043416956e-54
7.756194499523025e-30
7.630654632490701e-22
6.577794786407397e-26
3.562429941680158e-26
3.548490017485479e-89
1.5921673487071364e-34
4.3892193662861363e-16
4.885007630956039e-16
7.287708356232892e-20
4.035391639470342e-18
3.413832776794805e-23
4.8442184818771016e-15
3.1217936930333636e-44
3.8131501925391736e-07
5.661478606929532e-104
3.340726763233199e-22
7.388418709815934e-34
3.632817733011481e-41
3.530450462649839e-25
6.649669221316767e-11
2.9114675294980317e-30
1.4901891969165567e-18
2.368798184386411e-09
6.187029423615588e-32
6.041280746557465e-08
1.285425333865241e-14
7.366032333808832e-39
1.7065133520748984e-88
5.531000606016281e-12
3.489601519669304e-99
1.0560500748848922e-24
1.1014951466255759e-97
1.2169730849890536e-23
6.039287878310138e-22
1.0879411496043361e-79
1.0200385156359118e-35
1.411379491840614e-36
2.8509152591613787e-41
1.0737866335497693e-27
4.298556800122717e-26
2.7341468814386947e-35
1.418569788082328e-18
1.4106262672479024e-20
9.519490613527525e-28
3.9755884782206264e-28
2.4485643529722577e-42
1.4239565494941621e-35
9.700848978225925e-20
4.674671258427681e-105
5.766609861293937e-09
1.3009074203181801e-35
4.779337030366567e-14
1.4635412706204264e-29
7.521785075535994e-28
6.875001347986575e-95
4.578855618746518e-75
1.1774109069075538e-26
1.795900958115034e-25
2.1191080924152668e-31
1.2290565785802585e-90
9.04270530055836e-21
1.170618253769306e-29
1.0319159301884743e-27
1.184091774911642e-10
6.842990530589875e-97
4.1602245107906946e-13
1.433256199104935e-101
1.2011647028460044e-42
3.4376804643348903e-35
4.554914032823171e-30
9.455087020235172e-40
6.50737513693825e-33
4.5482525037280603e-66
1.941280800914831e-30
6.0384991433165134e-33
4.670018779591041e-26
3.2114822654379464e-50
6.636287345311408e-26
1.6382319443637514e-85
4.690153279286063e-30
2.0451425041022943e-20
7.852947229289433e-24
4.409142980888347e-35
6.164741866606508e-92
4.854189429591097e-37
1.215269291150727e-29
4.813042099287954e-43
2.0357155449027167e-104
2.1033225893611877e-14
8.567990615290641e-19
7.278819488337598e-38
1.1066888075601217e-22
1.0361585064375187e-39
9.662684765635278e-34
1.1240350394106674e-13
2.1972185935480053e-89
6.34135350523222e-28
5.4855090680638726e-21
6.05250469257005e-36
1.0452330537894183e-84
2.404848269639249e-22
7.725661774930724e-21
8.935340640919914e-13
2.4859474306861693e-25
3.0965917762709955e-21
1.4966318479750343e-50
2.0632836403700912e-105
4.283026554372193e-119
1.772731228102671e-21
1.3074547329761448e-28
1.2299119326113135e-33
1.4314650573077116e-18
8.040693510160149e-44
3.5193500508121187e-45
9.134988003129372e-31
5.861394137439077e-23
5.3031938912598686e-11
4.0003685479978032e-25
1.5486147963137198e-109
3.846179929124909e-39
1.68389739158009e-40
1.4293347224762752e-28
5.407231082035601e-37
2.2830341268913493e-18
3.7943770492810176e-47
1.2334014056735433e-38
1.702083474032941e-30
1.62593360110384e-34
2.360648555005671e-12
9.568492152470578e-37
4.456545336474555e-27
1.0022033702736562e-29
6.838875911205691e-16
1.381152486502459e-46
2.433300522661287e-29
1.4082951701519872e-37
8.730915295161553e-14
9.402033015528932e-09
4.571476593838444e-31
1.1505372088921649e-38
1.0031623632467923e-63
5.154321636482157e-10
1.4760595539446616e-26
4.374646309122958e-42
2.401303183417083e-46
4.3154425264384016e-30
1.4255520981580476e-24
5.048579253478798e-77
4.7187775644872556e-32
1.0085122880437297e-12
2.7170334354216016e-26
2.73989873255146e-35
1.6036768937705725e-31
6.62433397880651e-48
1.4353262443914334e-97
1.21307737581098e-16
4.803617229521915e-27
1.6813998184421096e-19
7.348806993479467e-99
1.4036446079967253e-24
1.2011436289367304e-72
2.4982292788589535e-39
4.251980786409262e-13
1.4916572969839372e-28
1.599007164556375e-23
2.5115714896906544e-43
3.8477962840726754e-28
1.9016572771894703e-38
5.183566498441896e-20
1.3361668803731277e-28
9.124562275351184e-19
5.154912333851512e-45
3.9540341943940525e-95
1.0722512326964643e-40
8.570433720592999e-14
4.48206852127146e-20
4.815983647228137e-18
2.2620373299173272e-14
4.932787195335474e-24
9.929418734904232e-12
7.3119062266212425e-28
1.3358921037018672e-32
1.9897928283603405e-25
1.4272516302567587e-39
7.307586161922565e-30
1.2205884777917297e-36
2.766925528516139e-38
2.0029964158796835e-68
9.645946407596299e-45
9.488463601920647e-10
2.5239422135195826e-109
9.317630899635902e-36
8.023881717728702e-18
4.956292269026391e-56
9.60515259083124e-28
3.363465684440094e-38
3.2292534510818916e-48
1.769681599706444e-76
1.5625832604499948e-35
6.796544602550957e-24
4.74522167911654e-09
3.7088855188553767e-29
2.7638127950274765e-24
5.734276542839181e-19
2.182772454098981e-30
2.0661824945257103e-35
4.318804753602702e-07
3.590154452493826e-28
1.920639915844269e-37
1.029858887149364e-17
4.778369498501872e-06
2.0431696650149688e-29
2.774762602893329e-32
5.617394035522168e-19
1.947270114428477e-16
2.20595837298815e-47
6.884506944762527e-28
1.2972743209477533e-20
1.7178710246069315e-48
9.820375007174103e-19
3.738013904212671e-17
2.992465822501948e-31
2.948206885099138e-21
7.435879754609761e-27
5.977296067566505e-39
1.3329611853871839e-25
1.2984121393255666e-30
4.131547385261579e-36
3.111751149707668e-83
1.9195641792382576e-29
1.7535885205922906e-34
2.1032428506821553e-68
2.9915394892454133e-46
3.300022540074074e-24
2.1923034880687226e-32
5.196386609490625e-07
2.0725142764520843e-22
2.9224962511676772e-80
5.909662790056343e-22
6.223853810528855e-27
9.320510956748793e-25
5.2309093296329584e-14
8.378607155965142e-50
1.466897139534309e-23
3.452572300820657e-33
8.560368637928903e-32
9.496607992444024e-18
9.27672838119174e-32
8.289923353183543e-18
1.046125385427322e-12
2.1207205141246198e-26
2.2377899557249465e-33
7.575983080229029e-17
3.7110302068651664e-10
6.776252717506051e-36
1.8612428917108049e-22
5.446402652980377e-29
4.3218849485916516e-33
1.357637682504948e-23
2.6889558312250306e-57
6.435560020740921e-25
1.9281043921041955e-33
5.495909915612323e-36
1.7894794839465037e-50
1.1526593254318355e-38
2.85824522679589e-48
2.3259170115698707e-53
3.6200190067392305e-05
1.3413459890416217e-20
1.2232303999161153e-26
2.160708663888929e-93
7.140278496835028e-27
1.0613916675203578e-32
2.0683868512327107e-37
1.472315935604517e-20
1.9891834798836996e-35
5.2256292005517e-40
4.9932447289934305e-80
8.448409605128419e-94
6.507368554136349e-18
6.336676366689535e-31
1.9998166820182284e-09
9.93121518774662e-19
7.903896579118201e-13
8.562481598425816e-31
8.279910593102607e-08
5.113242949391342e-100
7.385503998079639e-47
1.0422094895241144e-40
7.556936707529192e-35
7.989844109140634e-39
1.7105352444463156e-50
3.434684693875273e-16
4.747963085430583e-38
6.070022155439686e-47
2.726020515800574e-10
1.1717796808438307e-21
2.770359911489836e-84
1.801159852570563e-14
2.477760754438499e-32
8.913146013698574e-27
1.7291506463307e-39
1.345212293877626e-12
1.55753513257085e-25
3.708838106667968e-20
3.1402206409017305e-30
3.835074032033874e-21
6.264122967703745e-72
8.222477619707067e-45
1.7115202696021975e-29
4.5576580000298595e-32
2.093785473141984e-31
1.9466100988648455e-19
1.7209436689401892e-106
1.1738018916137628e-52
7.632442890572577e-42
3.0232335406620483e-22
1.0837867546190283e-31
2.847859908636286e-32
1.136634403318094e-15
4.076728430157809e-30
6.382340607952922e-12
5.516561832221586e-20
6.619858441407506e-38
5.3394547413297515e-46
3.570011549941773e-16
6.541329231406651e-65
2.4007516283706756e-29
1.506266479576314e-20
2.1779094079759156e-39
1.8014884469487758e-14
1.1510146433412108e-74
4.8661542231806126e-27
6.066106278309128e-24
2.50255365389336e-84
9.220529368508968e-32
5.991737884754724e-67
2.331972707214842e-24
9.044043759510381e-42
9.982390640378869e-26
7.930107176989448e-36
3.422203686956982e-21
5.220742477089489e-80
8.333195347618748e-46
1.964496139563758e-24
4.6815207485251713e-38
5.725316346592023e-44
5.279589716770566e-24
2.4394703698919448e-08
3.4769959763572543e-19
9.495351861133648e-34
9.58199517087268e-27
8.951300781239262e-11
2.856292191651713e-18
2.073234794474006e-22
1.5095813146202073e-26
1.6477302756750775e-09
3.96730566901813e-19
4.695372212458096e-33
1.029574291711502e-24
1.2157845796601808e-45
1.2718876347105245e-50
1.787058269589529e-30
1.7917118970833532e-22
4.741414191726462e-30
3.9343914189427973e-31
4.159384896062675e-34
4.10117042006005e-86
1.9554012141741923e-05
1.1433912529940765e-13
6.061862267967294e-40
2.3210842057532704e-33
1.2427466597618346e-26
5.355173607397644e-12
3.5857067309741235e-17
1.1727433631661942e-35
1.8709934455070606e-11
9.722632511863773e-13
7.800416246965553e-61
2.9561810692732915e-23
1.327732230337366e-61
9.732271855957363e-25
3.1631126584505196e-23
8.332132293461313e-35
1.4210031004005214e-29
4.345339870933674e-27
1.3943415882860195e-30
4.7316711624501825e-36
5.04466447519065e-37
2.582244635652241e-76
3.641065565892715e-30
2.808310875879089e-17
5.138937590343849e-30
5.11133630797764e-07
1.8637738072878947e-95
4.461777476185031e-30
9.104989933013766e-35
1.982929167076992e-32
2.4620182277660125e-23
1.1017583826524242e-48
1.2296086239213362e-35
4.0564084085970685e-24
4.757282591259925e-131
1.993666780287379e-26
1.2635799560314929e-08
6.619617810131243e-34
7.712555998453989e-30
2.2314435316285358e-33
1.7620909761811634e-105
1.4724872062606808e-38
4.0980378825960705e-28
2.5734922300031354e-29
5.285055523805463e-22
2.2479215771018256e-42
1.3361908607033528e-18
8.510014326219248e-28
1.0387151584909812e-28
8.752751017184685e-25
6.925737885564119e-15
3.563474003430357e-32
3.481042697297498e-36
4.358413577213088e-23
1.1805182929797407e-108
7.111002069455904e-24
3.0675147193567077e-33
9.859103755274863e-32
3.7221929174841483e-20
4.341161178527814e-20
3.275345816544255e-23
2.4668195285086053e-41
1.1952622765637473e-23
2.8990499879568433e-23
1.8105773482650213e-19
2.909488489880066e-31
4.583672231510911e-32
2.2958661790344924e-44
3.0516457609216717e-29
1.9685429523248432e-09
2.9251083069126504e-23
8.245930187526399e-51
2.516666377555313e-24
5.6216079745820984e-58
2.340759696054693e-30
1.6918622321608335e-34
1.4072593323822632e-25
3.6524692013605915e-38
1.833208307433171e-16
5.992407852311298e-90
1.203240265122543e-32
6.259544454941003e-15
1.0118040066909195e-29
8.466326042206963e-34
1.1912661502381864e-39
1.4411960768421758e-39
5.585305933396458e-07
9.035591559494897e-29
5.8897670580416335e-34
8.523197250894385e-21
8.524988628698139e-39
1.3900184065918683e-44
2.4838320565235825e-45
3.379150939965251e-44
5.7064750937784106e-31
1.6771659231426627e-43
1.3390015455921714e-25
6.128635675069733e-24
1.379059979869516e-34
3.306939180934222e-08
1.0925541536673704e-58
2.4072653235014308e-24
4.744714090564372e-103
5.613885852300637e-41
3.258317591413652e-82
3.58107779737561e-37
8.899613609426308e-63
1.7947858427592774e-32
1.6382239710481189e-53
3.8900673921812403e-32
2.590544359408271e-42
4.298536844333135e-35
2.2062494573322324e-41
1.1365138901586381e-13
7.721611796619234e-12
1.0037552865698962e-105
1.405716090804387e-119
2.880463490131498e-94
3.1307954938312263e-09
6.343793331377599e-10
1.7042033903168348e-21
5.172754014727595e-26
2.6771701003344945e-19
1.846567357912961e-22
2.737416623721312e-54
3.822733274012326e-16
4.08748841037408e-29
8.921964380467025e-20
7.283142557839018e-31
1.4141794154197322e-51
1.1462287436812456e-11
2.3180578656019607e-32
1.0710674459723397e-58
1.3452331140679465e-98
2.2862430245060053e-18
3.146640845290274e-45
7.251585331828848e-19
6.492805652968018e-22
1.1970556598621767e-24
1.005276785748894e-34
8.07365978638188e-29
7.312969516112537e-38
1.2251920922213536e-24
5.640649829109503e-24
6.459999981971766e-08
1.870576541312099e-12
4.921603881776832e-14
7.672713160711854e-30
1.1963450033264994e-22
9.509368335254236e-50
2.3300107967242185e-33
6.206301895052373e-35
5.017756739783276e-24
1.726309353144848e-36
4.661688453781198e-13
2.961716921097564e-20
5.51941196856922e-22
5.762897350026497e-14
1.129410080364152e-32
1.2355938802722101e-34
1.815684625670223e-11
1.5983934616305757e-89
3.367393777855809e-32
7.417114668392227e-20
3.416928405254959e-34
2.8297989096369e-41
1.388380968437675e-31
1.7479674268665718e-33
4.057280939630398e-30
2.2820654471779645e-27
3.8595009108636677e-14
1.7905609004085746e-09
9.21182306637434e-27
5.932656536450065e-07
1.622931833683783e-33
3.5229345351720236e-39
2.184162650523434e-17
6.574735013233778e-21
7.358929492315256e-45
2.85278079007216e-45
2.824359579585477e-21
1.8958424869927112e-33
4.644011906907085e-31
6.7757640597399e-15
6.780283351653475e-31
7.6379383338834075e-34
6.772805040036103e-27
1.2530849786418516e-30
1.0109716831299058e-97
8.16911579901983e-27
9.92728385287257e-38
1.4349864005312837e-34
2.958870069450596e-32
1.8703719836117467e-33
6.059498664154088e-49
6.5546534911233484e-40
6.042149400903973e-18
4.534851829666847e-10
6.0597265299353e-36
3.2447281571487548e-28
2.564562893731444e-32
1.5325336731480622e-33
1.0983246314441429e-36
3.4029499096382674e-25
1.4394304162995533e-17
7.31974574090633e-38
2.738481446101959e-74
8.943933256294036e-26
2.702633913119072e-36
1.4641724881422171e-27
6.518701744193792e-25
8.158082541329453e-21
2.6923405188476887e-18
7.417781039345117e-17
1.876400849617859e-39
2.8993719181331903e-50
7.164826261386195e-19
7.994863067155108e-24
7.220511386027419e-44
6.03625605795421e-08
1.4686824520132199e-94
3.962821425759434e-19
2.7431185117731606e-40
1.4700191488345228e-18
2.050710783593555e-36
3.464789404412709e-25
2.4419204246861765e-05
4.979658074206793e-80
4.8350372484700286e-20
1.4208979760054096e-22
9.287493464398144e-18
1.1406341245688991e-26
5.731611551382151e-16
1.2987344776271388e-111
1.1409813635098393e-119
2.155540890492989e-41
3.3002431627415157e-92
1.6427340519611376e-32
3.0566976853375053e-09
2.0550920016494368e-22
1.1577332000246199e-83
5.051982895408549e-53
1.0357281256192293e-36
1.3011276568992724e-50
3.7469389969716446e-92
1.5109556011533563e-21
3.4117882925673094e-46
1.5332769913158433e-30
6.290154574863412e-42
1.851668332581166e-09
3.3587685760165263e-116
5.826792110235312e-23
8.044347841833646e-49
9.838588070635329e-62
1.465827270782566e-38
5.680163916467218e-49
6.467648374765668e-18
6.135909924193781e-19
1.5259579888072315e-11
7.014953448584409e-07
5.1381789377594424e-40
3.6046381301846916e-16
9.773098031556831e-30
1.1833790292932347e-96
1.0516493074197327e-42
4.30836610026757e-31
2.345219918686971e-29
2.37163187938993e-21
2.849656875414549e-35
1.4873049571313434e-28
9.29826852891354e-46
9.428636948773724e-39
1.2901788851315734e-16
1.5712908362664138e-80
5.676108951469281e-31
7.316015498396338e-28
8.597235046949327e-39
1.2016463085216226e-118
3.828801771459716e-24
2.813670726302434e-20
3.0316114706991683e-41
1.3944675274186556e-34
1.2684330856244311e-43
1.8698090684472355e-50
4.6519277823496995e-33
9.15957163874262e-10
7.72100740779306e-28
3.726494432271139e-30
2.5511594124177857e-22
1.1714619798077436e-39
1.471150972464117e-26
2.1644582978125035e-25
4.500168483183874e-44
4.65546636804719e-32
1.9147885060643423e-39
2.3990712280644678e-83
4.292797940335432e-84
1.9696779376217532e-45
5.325735437124271e-07
1.2836513982736433e-37
6.1601711710736085e-28
3.609102917829058e-27
2.539778157575554e-08
1.5483570969332552e-13
1.022655146004654e-21
1.2765731174748164e-05
9.128703061505908e-13
3.568502637796826e-41
1.7448875381165493e-24
4.5535619544212784e-129
4.288708375121098e-117
2.0353324132655305e-37
7.495805083810276e-100
1.3886299339815212e-11
2.598640018658048e-26
2.2198362154363525e-43
8.287085625479326e-18
9.82804132024651e-15
7.540428837574484e-27
3.480011886282204e-29
4.957381719845567e-31
2.7210288874214788e-31
9.763178667637796e-25
3.233865310096857e-13
3.4544922122543084e-23
1.8761218500138257e-31
1.0396661040308923e-10
4.4486124039240843e-20
6.735849623546351e-32
4.156182030149237e-91
3.482395782386473e-09
2.250357742167024e-18
2.870062822255835e-52
3.31550635833554e-17
6.311099636982093e-29
4.6438485097908206e-20
4.06806455688152e-07
6.960795799386202e-27
1.0262443338693144e-07
1.8725953202996788e-23
9.366568827056291e-21
2.109848346878065e-27
1.659719761100715e-54
4.953940880616973e-34
5.436420197089519e-21
4.379898979612328e-26
1.8193526300162225e-07
7.954046093102047e-35
2.9342436411435025e-27
2.3417009251699708e-26
2.4928993502868273e-129
3.3800259876622613e-20
6.46874821302736e-103
4.538369130393238e-26
1.4945054085848648e-86
8.803189069583608e-51
4.076895962526075e-12
2.4338879732648527e-21
1.7560931657163345e-33
1.7621670397531174e-24
1.3080024568602185e-13
3.376372637258934e-28
1.462304304627827e-10
4.4988472823287144e-13
3.1684616889941197e-17
1.4031054370421127e-40
5.826716197803466e-21
3.443962199975949e-24
9.029303225798789e-23
1.6512700167907772e-33
1.0579372660709068e-07
1.430810286163193e-38
2.531026320269627e-31
1.2369920578916082e-106
1.0642601041085124e-41
2.917036429930395e-26
5.556463168809084e-40
1.723886908033897e-45
2.4143927053821883e-25
1.550301850584269e-38
3.485923852377287e-30
5.544571115810111e-93
2.5445998501621876e-39
5.364484948740352e-16
1.0721440290388662e-14
2.2280512470038522e-94
6.367969191561617e-24
1.7658255778431852e-37
2.4850910329396107e-16
5.559979452752913e-116
7.093645138873151e-95
3.0758922757831824e-41
7.76056635707052e-17
2.6869990059335736e-87
9.066072437120316e-42
1.9128226737779657e-33
1.8557335743490675e-78
4.227512448601947e-20
1.0256688805070797e-31
3.656054465397202e-15
2.3213999708394177e-23
5.628004743295212e-37
4.62272793508903e-47
3.298490056260813e-10
1.578093449687311e-38
2.1942871974166197e-11
1.0571856436587136e-32
5.661579112672173e-09
1.8905027681876063e-31
1.0429189398914557e-17
7.896666506546136e-19
1.019492750058898e-20
5.6261807190319256e-08
1.7130780718225425e-32
1.6626355824352781e-37
1.5822258047280054e-37
3.716017736090501e-24
1.7803631800905758e-28
1.4638047311119243e-27
3.789376748690139e-24
1.4874923761377584e-65
1.7219031563317408e-15
3.409327429339242e-28
7.375726313577482e-19
8.919893903356637e-39
2.9013021257940306e-116
1.4007187817823448e-40
2.304993414811445e-41
6.311754118919923e-45
6.877155442592284e-25
6.267263543665274e-16
1.5952662564398021e-09
5.155333371348469e-07
1.6518377464224628e-37
9.844411961858013e-104
8.068770521644725e-31
4.3099867732072116e-88
2.5327610536348815e-63
4.577564507138395e-51
5.417847134458201e-10
6.1214749785304875e-34
1.0272816331197742e-18
8.61062028860347e-35
1.5500163060448971e-31
1.8634270747237865e-73
5.146500546663068e-21
1.667980540903901e-42
1.0976396853078673e-16
1.011980760730123e-117
4.0765276795016417e-44
3.920869639353342e-42
6.98131919269364e-105
3.0048828732305205e-23
2.055998464437093e-24
5.099811642743232e-34
3.3011002505247985e-81
2.149115472533917e-24
5.103202788216294e-49
6.841164526184289e-82
9.395224659127133e-28
2.966808780656329e-20
9.95726261594587e-23
4.0158942878169097e-103
6.592276228626895e-26
2.5429368849508125e-32
7.107990566445357e-20
2.961635809421656e-27
6.223935059327194e-10
7.960266695398172e-32
4.395291453452481e-124
6.442243282453548e-98
8.681863085819397e-66
3.2513323686925657e-85
3.864811988432398e-17
5.310934657155347e-38
1.3980808171004145e-30
8.120052767164053e-36
2.7611096098197368e-30
3.208995118064135e-10
2.1514504310303744e-25
2.0991028425111477e-37
1.6740192321460192e-09
1.982251376347014e-26
7.267074759927409e-79
6.355881525543627e-16
1.9784005809908945e-90
4.93113049481114e-11
6.129075272821343e-34
1.5321850788197212e-104
7.485077034521972e-46
8.924727733853591e-29
2.978086203588905e-27
6.37689884485261e-14
2.0865011954662e-25
1.346837385688267e-15
6.868596809250312e-10
1.8445644214360246e-99
1.8007855046841317e-22
7.692266080872502e-36
1.3465881842083741e-40
1.418811255187855e-19
8.633348227487587e-23
1.824430082493176e-05
1.1347941446868244e-37
7.463494791057e-14
2.1156477189833147e-23
6.412939971760457e-27
2.840076506806643e-23
8.78578294298895e-32
5.052929114513328e-07
1.1998277650532068e-38
2.5425543768853656e-37
1.2347033323819958e-15
2.0448774404150372e-51
1.130862038631596e-26
1.5721601099931904e-23
4.181170566062135e-33
5.301635819303536e-30
1.5646959516632845e-10
5.554554158116729e-26
2.4333451907137779e-54
1.2663232915873553e-41
5.574510901418865e-30
1.112703269958331e-16
1.6608031981902428e-27
4.2034606444250973e-32
8.721361813668616e-19
3.913936067019914e-14
4.0088011093427765e-95
1.9882394209432767e-15
2.8742980665478773e-31
2.153546810140212e-35
5.142882850042878e-08
6.334953191234856e-31
8.103410101807864e-45
1.624565056413458e-08
3.3412093561277497e-34
2.9994449976445556e-28
1.486533027932309e-40
1.935598427294694e-10
4.2604729292903645e-12
6.845892712108667e-29
1.799055008190264e-20
7.74552738693538e-57
2.845818174258929e-13
8.768295206021089e-35
1.2893682168869383e-106
5.802959502658318e-09
8.453883047023193e-37
1.0787745413538659e-27
1.5073051189753567e-24
6.34816652937626e-39
5.09269264071836e-18
2.6367624354229178e-30
4.597261382358724e-25
1.1012424906864236e-16
2.5340628824585728e-30
1.0159626196082072e-74
9.362893590750818e-13
3.498713977874449e-29
4.2941624947212036e-34
1.0493651946222234e-19
4.889978053011825e-29
1.0723361691983838e-20
1.0414468894058501e-55
1.676277010240572e-36
1.303542277880411e-08
1.887332407843374e-40
3.5944498704213696e-25
4.8569301377480416e-12
5.469913273732744e-32
7.607507402447457e-43
1.9853244270474877e-22
1.0605673735381257e-91
5.296433893328796e-22
5.126602572530993e-94
5.206059346139975e-28
1.4576158191228585e-44
2.904601774267438e-107
7.441196141034041e-30
3.829155090755336e-13
5.207602134147489e-21
2.9704110507450916e-15
1.9332982337498014e-39
2.7817504940547705e-50
2.3653433508495026e-28
2.851972468009134e-07
1.2248452138100901e-29
7.107875333817653e-36
4.795722602918517e-10
5.131193553892777e-30
5.002237812823563e-32
1.3255781259212598e-26
4.25709060979512e-22
7.959212205336692e-29
2.44214215719083e-28
1.6322814210770468e-96
8.93670986705339e-12
3.5485537486462976e-25
8.182686533574322e-30
3.9998559650423226e-21
6.4724466278978684e-43
7.919445173737174e-91
3.135035986314125e-100
1.1467611638773936e-25
1.2341171918510481e-29
1.0501574211140396e-23
1.822518628539137e-55
1.1155737696924176e-36
1.888989870094435e-20
6.357632028255322e-80
2.0895356335240406e-41
7.973896496495217e-30
8.239100760068626e-25
3.2158354930490797e-19
6.40054176134285e-30
3.0374129070913773e-43
4.420914121667426e-37
7.560720229879655e-35
3.655905313021503e-89
3.885900878666717e-23
3.124333833731086e-35
2.415113380691449e-96
2.080997374867821e-41
3.2560586907780167e-19
7.065958110368556e-46
7.75106048737994e-26
1.111780262145991e-102
9.708769272293794e-41
1.5566723594243555e-29
1.2388390774671761e-30
1.2265318434258466e-31
6.022640099585036e-20
2.3938195040932894e-40
1.0876819218844775e-40
7.198686060771362e-23
1.659227341206044e-17
2.8891322506135583e-37
3.491059292672116e-26
4.277636551994192e-23
1.9413057737361428e-23
2.1841877437735168e-33
3.4131005288786174e-23
1.1263415305156144e-07
1.0028274173822642e-51
6.727157975212571e-59
2.860427675511027e-26
1.5808669721985187e-22
1.2444672540701643e-26
6.445833198406952e-20
1.170140052656848e-22
9.616058662059072e-102
5.686601616718456e-35
4.809832432836307e-06
1.1029729148963323e-46
3.1983818782241853e-38
6.882149724355e-80
1.7465869933817847e-27
1.0633298748063744e-13
4.034308123433684e-34
6.247877141383803e-24
4.5943373838868515e-26
1.6212461059155822e-28
1.4456405860769036e-50
3.8221661954296124e-17
6.629641497317186e-16
2.7601499731178093e-19
4.287428050752402e-38
1.7537514079094353e-93
1.8563252386473356e-54
2.667276259801513e-54
1.4586354464561246e-08
1.8669990486713506e-21
2.018782614114892e-33
1.4325408369762855e-10
1.3871643993203556e-24
3.6979035314342586e-33
1.5107568124660776e-20
1.6937633670033742e-31
3.960792425348379e-20
1.9430793539750439e-31
3.0063757993581686e-23
3.9170436440963504e-35
2.4221590447367875e-41
1.2733255900132373e-47
2.818042024514769e-84
7.663876255493366e-19
1.3061553023202362e-20
6.584813693485986e-13
1.2270411025367884e-100
1.9916810579970292e-23
4.5466705583934606e-18
2.483505010047887e-35
9.2460391723143e-30
2.3677004184704023e-43
3.3641102530559527e-31
3.1842898700844036e-97
2.453253384945859e-39
4.9775472598801864e-21
1.960661368879571e-32
1.0889522644358708e-39
4.593826041816827e-21
2.1528043650245947e-16
6.412915290814248e-08
5.0256115470051386e-33
1.668017202916504e-31
8.385054261769973e-27
1.4308263350145272e-34
4.93557142939938e-77
7.760039081674982e-07
1.0926083342131574e-16
4.0376265036009724e-34
2.707963137145412e-23
9.72907478164638e-87
1.9165890844424877e-17
3.5463015097260024e-30
2.9703579376255052e-28
1.2744100163899308e-46
7.414821090551566e-21
2.1064578251165196e-30
1.3995260846719718e-19
1.8461243717410233e-52
1.0122285752636091e-31
3.45129987365549e-22
3.3995551471739595e-27
1.1684775837872455e-39
1.1424416216086536e-17
2.9631098016968396e-10
7.090777879533204e-15
6.28819582988324e-38
1.3462925068222785e-30
1.9970195418868695e-20
1.47538520758203e-09
6.753860946901149e-17
1.5823400920196693e-27
1.2713290437976317e-44
1.1598446950364534e-29
1.0378921494827814e-11
3.973760598505378e-28
1.1583119054674858e-05
1.2450560367342839e-27
8.173557658582489e-26
2.0479135372365456e-45
9.134326833433046e-33
4.9765488885416484e-36
3.710776733874794e-83
3.9132506661757596e-25
4.546322744833912e-14
6.847204298872198e-19
1.6759801234700955e-22
1.2849655263719658e-13
5.0555291032379945e-36
1.2174265275527306e-20
6.8701141804453555e-34
2.815193177631999e-38
2.4812551232006095e-35
8.152798649778969e-34
3.2331492660621536e-22
1.1710261062836341e-25
1.1300583709185513e-07
4.33605507684172e-44
1.179127646479752e-127
1.6042353459212583e-32
2.1640022509869694e-31
3.547178822503453e-53
6.348825676407248e-35
1.1532814407584167e-34
1.1044049318901059e-29
8.429549730190003e-87
1.5597040405659155e-33
1.5856805052987136e-41
7.284625553314537e-24
1.209327465419068e-35
6.064733852648487e-30
2.7515896794382513e-42
1.3392716402894978e-09
1.3006830577782509e-34
3.800696809489793e-12
4.0694844349177334e-25
3.224979055023465e-83
4.5848156738684583e-122
5.074664459180301e-42
3.304187459600253e-15
1.6326290846177775e-26
5.542540648386282e-26
8.583322924471516e-18
6.288225248272497e-60
2.0117087565177987e-33
1.2333036168161467e-87
1.9413372810724837e-13
3.64898702290268e-47
2.916283860793353e-19
1.7480782907632312e-10
8.097079166591879e-103
4.527737036654219e-77
4.88537272487319e-42
1.5492315950366644e-23
1.0693613350912416e-31
5.730963174417669e-23
1.3923140320361962e-10
1.0676023382574515e-38
3.9198045697339464e-14
3.80558062999886e-33
2.2005466898315156e-16
8.419546079266016e-33
5.4109048823213206e-21
1.960013115194717e-31
5.354539253084495e-40
2.7960430502079417e-34
2.2256420490491e-41
4.6664049829562305e-26
1.384379032154647e-07
8.793700266181413e-92
3.766365882024114e-40
4.481850143229587e-19
2.74781563415999e-08
1.064517667792651e-128
3.4449196499601664e-16
6.210264740872789e-37
2.3907451581118468e-86
3.465724088121471e-32
5.1956447563739226e-102
2.9288844466423105e-35
2.962050639107117e-24
1.4206437971248473e-29
1.0858490561030719e-67
3.008623681693033e-34
4.755521761463581e-38
2.1554289800792536e-24
5.351867490941565e-22
3.043891444688246e-92
9.601815416960058e-38
2.009611568298906e-29
9.525063387943932e-25
1.6002842495150144e-20
2.0043480805027158e-35
1.9771861734017705e-95
2.523239301178455e-35
1.1637999509235882e-31
1.0795131866499835e-34
7.79250496285225e-10
2.144038491932102e-10
6.862779677990621e-29
8.665889132935831e-26
4.367331979150165e-25
2.2574914566332173e-38
9.823285967112758e-19
2.4756423458021987e-79
1.2992201230701095e-14
2.08992087377112e-25
6.545517325306838e-36
4.2194705842747713e-26
4.600152255224426e-13
1.5897949828710342e-28
3.15031124129189e-149
5.641264486841553e-35
6.960683588951593e-39
2.018024490590592e-22
4.413064848957225e-25
2.7373548627216674e-09
9.26328777441832e-23
3.269130291409067e-94
3.0198810722786627e-21
8.949409630817321e-26
4.409725726975946e-22
3.5567790633740226e-23
9.188724525610627e-23
3.787086055135758e-14
2.6893344567314495e-16
4.6035488082730035e-87
1.9885871973923262e-22
1.4190044909935455e-76
3.5061926131597643e-20
3.186731647505708e-35
1.551713958183242e-26
1.2903829452982388e-11
9.364523114237067e-105
1.0957682285468375e-36
5.61702371370054e-12
4.4394105065429256e-29
4.719008260333031e-46
6.98720903780896e-08
3.054744157664556e-44
6.160227434585006e-20
9.822834412341139e-36
6.794039881993753e-114
2.4048563612900876e-35
9.484440863892404e-15
6.889272124594212e-17
1.3841424113855744e-32
5.365589029017401e-20
1.1713221207415964e-79
2.2806235053357324e-18
2.1035395238426553e-29
1.058178742459199e-27
2.0961478637568915e-06
6.632755588630021e-27
3.139979039355949e-28
2.2758799706234263e-28
1.5095510556857534e-05
6.440667826306731e-19
1.631000240014093e-14
3.1549951807375e-82
1.2695190042205336e-15
1.3539420147369515e-11
1.5361040006690865e-27
3.933411387737667e-49
3.872277241356631e-33
2.1394285094419836e-40
7.770019779430006e-12
1.9103528673523325e-45
1.903542297941562e-87
1.405188973059849e-31
3.498664674115516e-22
1.8555328987817847e-17
4.782530071572311e-29
1.3577901959814437e-09
4.1476607587280086e-22
1.2860870240178833e-93
9.637062238604273e-29
6.703847449942673e-32
2.952063657974858e-29
2.9425982400329503e-25
2.6091617462108052e-11
1.286419531871892e-11
4.8021901340896395e-35
1.795286404248371e-53
2.218184762589167e-25
7.327032690490322e-09
5.799794795783433e-31
2.1301519570862055e-19
4.68921717843949e-35
2.488115388696009e-14
3.490275963859475e-09
3.465700756900818e-83
6.743478099616743e-32
1.0720252724112125e-39
1.0429250284029687e-16
2.2101603301795726e-35
1.5012261529029648e-30
8.474883171143559e-51
3.1173815040268486e-32
1.8085986666341398e-118
2.0726389715641207e-18
1.108491734144123e-110
9.32447535880017e-117
2.4645163725324837e-20
5.6410778639356e-47
2.7656100248639566e-37
2.3342584916158306e-29
2.2932727933373685e-28
4.7573905320283686e-21
1.72621003185524e-16
2.0950578634191845e-48
1.1000581154752825e-21
1.4151182481148983e-34
1.178996402230109e-48
3.6590283356722726e-33
1.2284482582883388e-41
2.68542716875981e-31
3.363501989547438e-43
3.658756806432999e-33
7.889056080301514e-11
6.628576665408495e-30
7.002302043644162e-23
2.3288957403761632e-51
3.7392785342839596e-38
3.404401743934409e-33
1.1957621330559349e-80
3.3415827064826616e-22
2.5920690973091374e-20
1.3526080694698088e-24
8.517466200938893e-25
1.5859451796307246e-14
4.0447655296876615e-20
5.340426758691922e-18
3.3625475302026193e-97
3.2001159735019674e-29
1.3115815737389398e-86
6.403854663808617e-107
3.855940644475771e-15
3.0101580429501893e-06
1.4724906592762872e-24
9.665918996323875e-19
5.716566292606974e-11
7.202220123037058e-52
3.8193498130409283e-88
3.2798484672250295e-08
9.924585310067943e-23
9.839382758103691e-27
1.1728181515342227e-37
3.562829294403656e-33
1.3062033673914556e-114
9.115622182075232e-20
1.7090377555058547e-39
2.8659225448444063e-26
1.1657121468088775e-94
8.220044391588388e-16
2.172103383643432e-37
6.942747826106848e-51
4.852751843594454e-20
1.430812644954647e-18
1.2685668395763865e-27
1.1573164643998103e-25
6.159606640357232e-29
8.362320124316923e-37
1.8431796354169742e-22
7.495248428108664e-12
6.18168129751507e-32
3.105311978432931e-13
2.6184762553649386e-29
1.0223595018849961e-24
7.494459798931437e-27
2.802033318963098e-21
4.859462022177959e-35
1.1409942250262355e-56
1.1981390591403182e-91
1.7441244125340538e-36
4.079996915802199e-43
6.13747718281844e-13
1.9327514896666254e-12
5.379116081291249e-85
2.2485793480349173e-21
8.201389049849598e-96
9.88659386384784e-13
1.5220136475363715e-13
2.6937152019185186e-12
1.3231474383123186e-26
5.422655231979794e-29
6.527336689323676e-15
1.6222237368541888e-40
8.619356188323376e-20
5.9864126240664585e-44
1.0243086198582654e-29
9.256169567094271e-38
1.2762953811972905e-27
7.530147763615173e-24
2.104538533042913e-36
3.779750321908157e-86
3.815499857423296e-23
7.47092334580064e-27
1.8056271253319713e-13
3.348831899963731e-08
1.4526181338860825e-15
2.0536112933100846e-14
2.1975694785666672e-44
6.180788419742615e-30
1.990914170094933e-94
2.432393025233059e-85
5.157372530747992e-31
2.635558795002337e-17
2.1793770707970416e-23
1.323182375295081e-42
1.3591063384154915e-36
4.788044681070353e-12
2.1802151257575992e-28
3.112984840287613e-19
5.444392399600152e-31
6.286743891460982e-26
7.569886063603895e-09
4.239132412096963e-35
1.5761208903503025e-27
7.473672366214203e-40
1.3892364521383513e-31
6.987858260622322e-115
7.157647784740605e-23
1.8980746072302346e-46
1.0129886450598027e-33
2.8158997345737106e-24
7.118405558485049e-31
1.0275501565746674e-10
1.3489951755514123e-39
7.390345599722199e-13
4.64257595057907e-09
6.19045563407302e-11
1.495753162719766e-53
1.065090849708524e-20
1.89530418239295e-58
7.706575810962621e-09
8.157654547039433e-27
5.88119910275451e-26
2.62245930295689e-41
1.4161216921884151e-39
4.570585946881758e-13
5.7407980123712454e-18
6.093056939472568e-61
4.8055379757055773e-14
3.8394513058724225e-23
2.7660237658850585e-25
8.718097511168626e-16
3.481731593481884e-18
1.9196974635307918e-33
4.4706781078852315e-12
6.88276571895149e-27
2.1683953583588182e-10
6.871669682716319e-17
6.315317318685582e-29
5.238102205348769e-25
1.5253495217242723e-27
1.2658289330140962e-63
6.0431883769176776e-24
9.540668408165293e-07
2.222361556590106e-40
5.275520156015443e-24
6.366729310911652e-25
9.456188339000059e-34
7.8916549082289e-37
8.79822497302229e-42
5.119732750767287e-28
9.831002394189373e-84
1.2755967423840292e-29
1.5493894345936189e-22
2.1072351753523383e-20
1.91277053110993e-87
3.365409649312673e-14
3.183998485588159e-42
1.7743253141890543e-14
9.126187900107387e-10
5.2429767397984724e-24
1.8663323174552272e-08
1.5430591923422613e-14
3.870059371338934e-30
4.577291629720259e-08
7.628950846471666e-39
3.660798419143892e-39
5.22201351869418e-22
1.789568486950689e-33
2.553653874022872e-27
4.048607169202373e-35
4.9206964783426557e-29
1.995065755476286e-53
4.99012982650699e-34
5.345946882868353e-29
6.785835728380405e-50
9.852809843917666e-35
1.0473843984062783e-44
1.5578975267489416e-36
5.847460050841752e-20
1.3694338968230708e-39
1.157089884439612e-09
2.0692546236987094e-40
2.6990266344231174e-59
4.443605502746104e-44
5.044629932824262e-30
1.2777277746502405e-64
1.0618999543921574e-37
7.570852787653432e-24
1.8895473523476301e-16
5.45185379113391e-24
2.4897891361146158e-23
2.052539159951905e-21
1.8758794416658396e-33
2.590441128209218e-29
1.669535890440848e-24
6.117254016885018e-100
8.08938228277459e-27
6.050995730608453e-43
1.1698626970521122e-27
1.4028634532558298e-26
2.9889593497253455e-20
1.8089635676170453e-25
2.1360725840333446e-38
6.632954265809707e-10
3.5636269067011303e-90
4.3336660569950944e-119
1.4699771289208237e-30
2.3702180394944896e-26
6.520029353961602e-20
1.6916544503810929e-18
4.0942407757959655e-30
2.0066162575781569e-28
7.50349042436113e-30
9.636719626329766e-23
1.432358756792812e-08
1.0667806558738563e-18
3.0111008368971046e-32
4.7069101040995575e-37
3.01039641451738e-11
1.2431391353825344e-19
3.819044787823498e-24
2.0612915922451018e-23
3.9060701630625134e-29
4.497104645879829e-46
1.674210888195127e-38
1.5110727543935939e-21
1.5752492465231552e-20
1.3632719571163728e-22
1.0075143699387353e-34
2.081193249859399e-23
5.264707450831301e-22
1.8160384118591012e-19
3.4779605213360527e-56
1.2157177797320618e-31
5.431612166061492e-88
4.924887106641037e-89
5.563975242142371e-65
6.914288873024416e-38
1.3189579800765334e-107
5.460154933028615e-19
8.821180297027233e-31
5.35741617485699e-83
1.9328644975736237e-25
8.412852526243712e-16
3.6809823201939844e-13
3.545425486302222e-86
4.389838662112016e-34
1.6145033191497313e-28
3.703034375854526e-41
6.581060508236074e-12
3.800003092063899e-24
8.30265122801073e-28
1.6064561929113918e-42
1.3738580562398313e-08
7.180773774154351e-29
3.9908641586575404e-28
6.575631415091779e-64
8.821245676723316e-48
7.366106186056148e-39
3.502995111740042e-34
9.111852592936221e-26
4.762041195734218e-47
9.274449266910038e-103
1.1127118941853626e-22
1.0153776306914124e-08
2.063121730566394e-40
9.207773985884534e-10
2.667410954341511e-45
1.6183141200161095e-21
1.4242496753120848e-28
1.9794240952766808e-37
1.089955146989052e-40
1.2706554435343578e-15
5.997074879507927e-09
3.479592050067882e-99
9.47932666907948e-28
1.6136346460831135e-19
1.4178227528098538e-40
4.1016307627520443e-22
4.3411613572267414e-35
9.926421547025564e-15
4.212955761317397e-30
3.8366143775720194e-34
3.481966863968662e-09
1.574509296939763e-97
2.2212166548746694e-36
2.247067988396504e-33
4.3976573709220196e-30
3.294808197172104e-33
3.2729677409907184e-27
4.266889730974129e-100
3.1904511452032593e-10
4.1390162442304883e-26
1.1495944035521352e-14
2.4133987342298243e-53
3.4419863631293928e-99
2.6190176742544276e-10
1.0683105044069263e-28
2.948689051545872e-30
1.6335616486866863e-26
9.662026858457101e-22
2.307786211805904e-36
2.6409215959209533e-34
2.6210743272223757e-35
1.0412021348655246e-39
7.253374850259423e-17
2.7951509703504803e-26
2.555464497161983e-38
5.04217408756742e-28
1.9017170983752638e-20
5.115399546851869e-34
2.343642704465536e-36
6.5427007336863475e-24
2.396877349042206e-61
4.536317300093245e-14
1.652748564961325e-73
2.221787535067257e-46
2.61189591407533e-31
1.3720349238327256e-10
2.3548383529268008e-79
7.343292232049284e-96
3.627776759835941e-26
8.26542892880438e-37
1.1162216278644243e-23
1.075247047049165e-45
6.3372652962526786e-15
1.0179560565734755e-36
1.2327623168032699e-117
2.0013219966571262e-42
5.961034924415315e-71
7.425097714945666e-10
6.546880542437834e-31
8.08059610366761e-28
5.497167422223826e-30
4.542566747315471e-33
2.911934439404897e-42
5.790124605158532e-65
5.690750916558899e-34
1.2509762945371883e-110
1.5620612356037588e-24
4.985664292760698e-20
9.519105155099573e-41
2.2139638003837425e-29
3.0713688501977614e-27
3.8981893733082776e-48
1.0269817803356152e-12
3.850723628140966e-80
6.96730750906222e-27
1.3530682674163484e-25
1.1912605347130339e-29
4.1352110312997395e-100
1.5721948997041644e-48
6.264016678100087e-10
2.2697444052814553e-17
1.25530329990968e-31
2.468475395878188e-18
5.913458709880124e-34
3.1517709230365925e-28
2.327660617924673e-24
7.427838655914738e-08
2.201240169655108e-36
1.2879262095534632e-28
1.7152183217058693e-37
1.1105280408890836e-30
9.732865934088657e-35
3.379602223163167e-55
7.34543177624599e-36
5.936791485266931e-08
3.270390593361685e-29
8.905420669688722e-55
6.642570605285241e-61
1.0937053739383885e-26
5.252326905188402e-38
7.871876763239693e-90
7.875630574531137e-10
3.629842888662422e-39
3.596473097582337e-25
5.115553802211329e-25
2.719362075924763e-32
2.437795695392951e-52
7.954902946238562e-61
5.28380779824819e-07
8.208170268640072e-40
2.6193595828599783e-46
6.30448775211646e-13
1.6851176812321376e-22
1.0724316185876424e-32
1.597074265423409e-23
3.305309774366192e-33
1.7027367450836074e-93
7.729347002720444e-44
2.904479863344375e-24
4.026969848636434e-40
2.6498084721975497e-21
9.723484556269773e-32
1.9134791692377124e-24
1.0149326203600732e-25
8.701475992302884e-41
1.837085620413796e-24
3.0038041448828313e-34
2.6258045565667643e-33
2.694078167121988e-84
5.701237761777908e-42
9.771311625190007e-12
2.2096353733295117e-27
1.0150400821537814e-29
4.6926953730512576e-20
5.818806846258521e-13
2.1295108485151333e-42
2.356908257681441e-30
9.81003983132365e-08
1.5649457417395605e-83
1.9765954553249427e-63
3.0117035745881617e-14
1.954140714075605e-103
9.914551936284841e-32
3.238307384463811e-14
6.699272469766557e-14
2.7420407195903e-36
1.3752812173726862e-15
8.537836978411091e-27
1.226861435948715e-34
6.304326093690407e-38
2.023152619037913e-25
1.140657014089222e-24
1.263092220844635e-21
5.575036869545961e-31
1.907219510805585e-50
3.180911947214455e-94
2.7646288051320236e-28
2.8541270006162526e-26
3.1529198623278733e-18
8.305620458154074e-44
1.1565164938266754e-37
1.1172191745631187e-20
1.9630742200409964e-09
1.6152823615036973e-52
8.72712791493473e-25
8.191058412354749e-25
1.590497308252096e-23
6.775412192713875e-20
1.3844841618078352e-16
1.3441386918361594e-35
4.835647760523403e-29
3.935951629736921e-104
4.0283635953131034e-28
6.528783063522868e-76
2.3522499492648407e-18
2.285781680138855e-33
9.198710696222688e-11
2.3463041981040843e-19
5.906634495799871e-34
1.997698963724359e-22
8.163328705456352e-10
4.1352088897897364e-33
1.958576881413819e-34
7.889963606245975e-32
7.72778875932371e-42
2.1200686136679853e-35
2.0028332110240632e-47
3.0595735205069105e-108
1.4521199021250103e-52
3.6174533769652126e-61
5.840078382655293e-25
3.5929923593644686e-24
9.952581919895572e-43
8.421102528808858e-24
1.70496587680731e-27
8.475706997566844e-22
1.8758117624905696e-55
3.712657311500634e-26
6.587511399921863e-20
4.487658051407441e-28
9.086449521381366e-11
1.9614265836873695e-39
1.804374492962385e-14
9.177210756774589e-23
1.3847044513758858e-31
1.305641263132404e-19
5.399821503410377e-33
1.2980267620742872e-15
1.2112701034470556e-23
9.866014529961815e-22
4.820775008249735e-27
4.091312336795772e-15
1.1257940460669912e-35
3.0517282621395857e-41
4.245283925280967e-53
7.808492484347789e-36
1.0038090018514167e-08
1.9278862955518615e-28
5.278490133651792e-21
1.0703413089887477e-60
8.964242548014104e-10
9.119098659921666e-18
3.5476375145183185e-11
9.956812878113218e-30
6.93283253949373e-21
4.9644510184068724e-24
2.1964055389804002e-26
1.478436160575703e-15
6.29842621102949e-12
1.406175111073739e-27
4.771135519216259e-66
7.68201176903326e-43
2.1626263429318293e-20
8.982204124483388e-20
8.364386171207165e-78
1.0119197077404574e-06
8.293577679055886e-40
4.838244884958816e-41
9.094327944738376e-25
4.067114854429634e-31
2.347002381280343e-38
1.3626007812853867e-35
9.148696297250349e-39
1.0574472586548118e-30
4.863912771635867e-33
3.658260130315342e-25
1.4855311036095824e-30
3.9333570185217653e-38
3.3527897537253894e-21
7.09586688181965e-19
4.894191588145115e-33
1.2030913886054193e-28
1.7911121692435556e-14
1.3861660850849378e-23
1.0350931060192672e-36
8.969585553406883e-16
6.430828563141758e-77
4.1212355074948e-89
2.680744586814644e-36
5.6190470105509365e-49
1.4018978636610924e-27
3.3651993822498234e-27
2.369213032192624e-25
4.588466377114046e-17
1.674393299151263e-24
1.3857838460890186e-37
3.2848404216742287e-51
6.298531020714899e-114
1.9035364968297546e-45
5.019269944154382e-53
3.4425261037002057e-54
1.929912136331352e-22
4.0260262565324233e-66
2.3246804247122157e-24
8.727121871113303e-12
2.8493924220108224e-32
2.9235968420793376e-43
1.840843607497664e-47
2.36111035517151e-59
1.4408724725414585e-14
2.298992261471596e-09
2.205173496554535e-34
6.781667725766859e-31
1.4176986532064444e-32
1.124047180105109e-35
7.6053291665071985e-31
6.090568970268237e-19
8.808851409355993e-39
3.709399431555461e-29
3.6547706325040686e-32
3.481478279328797e-37
4.996079375973382e-42
2.6433132632214643e-37
4.17330227707646e-41
6.879879653708362e-94
1.0690146291605301e-22
1.984029616694081e-27
3.81535332230388e-25
1.789330231415755e-17
8.470394213249388e-35
2.611839019132756e-25
1.7291305727305588e-30
2.5790810767570507e-84
4.226223893892093e-19
3.3465309669415015e-12
2.1920053400916698e-36
1.8878979858244074e-27
3.0379983251417387e-30
1.220103310470659e-15
6.295288686177876e-43
2.6829324913400358e-17
1.3135707132702291e-117
3.9141676229134e-14
1.6189989082385553e-85
4.510959366699035e-21
1.4416384435526557e-80
1.526796764224589e-33
7.412219090013312e-37
8.668856147996814e-34
6.207173545009518e-21
2.837152670070713e-40
6.479476509493633e-35
6.025657606749084e-106
3.595964534858536e-36
2.6264806246163403e-31
1.749127723750782e-21
1.6367380787732e-40
4.068568713291519e-33
9.192708584216811e-31
1.6443258640259919e-21
1.587261694796399e-23
4.293121350827656e-33
5.128695308123313e-29
7.128475207779697e-48
3.683500410256202e-17
6.341012479056725e-84
5.086172920266698e-47
3.812133068383956e-20
3.339091497936182e-14
3.614542542311748e-18
6.53679238898383e-19
2.7462315126519796e-32
3.640892070293928e-31
4.386228766972839e-27
2.2967583357381208e-15
8.054672125203227e-29
6.746769689743547e-13
8.326486167925259e-46
1.7267057246045084e-86
1.1095541723920107e-22
2.910884496856789e-77
1.6932653838679276e-28
6.2465028191250936e-12
1.0411812616324997e-21
5.5153547301323986e-27
1.6437943763789508e-22
3.1205256767043915e-33
2.77776207238263e-31
9.88715214346119e-19
1.6027870852768116e-36
2.6054499381286683e-35
5.584380346416134e-42
1.538450066893932e-20
4.434962905212558e-22
3.799683634299414e-20
1.8025358153718924e-22
2.1228165812149438e-35
6.157966140387447e-13
1.5498806858696743e-16
5.192760196060185e-28
6.857244764209213e-26
1.0729847472983287e-68
8.320472437148149e-22
6.895209438835952e-15
7.994454783301788e-33
1.3516065668333942e-19
2.841661986336242e-21
1.1441742231967764e-08
1.5173260558504092e-31
4.7748351789307455e-26
7.670463158980143e-52
2.48146304343969e-16
3.899843749988408e-19
5.077351316034636e-87
4.4699489166055974e-24
1.5069771783826732e-29
4.709957473537515e-28
1.7312972382251805e-18
1.2381073967628185e-22
4.2161487234311666e-35
1.539991605494445e-100
6.998969100301436e-15
1.2429231977784404e-47
5.310304586753256e-12
6.671491870131139e-38
1.9446784964821075e-30
6.838100419162518e-09
3.0279091065064024e-19
5.3021187573530246e-20
8.376919030449113e-39
1.7340009126976138e-12
1.1992134187917031e-49
9.954288007460831e-18
5.0454292010842025e-31
9.546417223060024e-30
3.7551900866510172e-34
6.928882711509224e-86
5.038566327155596e-38
4.998743311538949e-27
2.1746087753732595e-20
2.775525615564223e-33
3.079374538124246e-36
3.4058401726982945e-48
2.4916087313493018e-40
1.4467668837139237e-106
4.189560632139809e-42
1.8761843363459123e-15
9.218003221635578e-35
2.5874359333193826e-26
7.899598537444939e-26
1.3036690252648677e-32
9.500220601348775e-14
1.1096906509181624e-73
1.3313278916944845e-48
4.6432249331026335e-35
4.489052785344327e-38
6.401793868125432e-43
7.776792486617959e-31
8.286756323402396e-14
1.7389435119618672e-54
1.920158853607547e-100
2.770304309418282e-12
1.5678921252561466e-15
5.083803394034713e-37
8.32315667426049e-18
1.2618315661688567e-46
3.224546798479679e-33
3.906772984803188e-76
1.5531062708111927e-43
2.3628993165281013e-46
2.1274283149631717e-76
6.223704584903709e-17
1.3393720522183053e-28
5.933573273147192e-11
2.046618902125237e-122
2.5500615018719018e-130
1.694440675979553e-24
2.1287971985856598e-24
1.4367112849620736e-27
6.341129761042093e-30
4.196195102659812e-09
3.1257552457819688e-21
1.988889313098496e-30
3.669890349967586e-08
5.621461732275647e-35
1.2572576382375168e-31
4.57182863882313e-52
4.764421597069054e-29
1.1533969545968947e-47
1.2588336430701731e-39
6.098713497254349e-31
2.0171419537865774e-27
2.564331339726646e-102
1.2490501109900305e-22
2.641113977612916e-11
2.4558271766183686e-93
7.205428181893486e-34
1.7486660404434997e-64
1.3968756199805783e-29
3.2871379096488414e-28
1.0012443943289635e-83
5.152991958891254e-24
2.52075756859781e-19
1.4449429984129726e-46
1.2281118670200282e-14
4.974201075254956e-38
4.588678158229357e-14
9.802820222013669e-25
2.812112022682745e-88
5.989323796872861e-26
1.4894829041411712e-119
3.772157685708311e-33
3.1247362394855964e-13
1.6727593236362498e-34
5.721464038132844e-28
3.0825522166267276e-29
3.585244086693576e-30
2.9464858366215258e-46
1.2577061073005472e-104
3.314625083769768e-12
9.454496088920796e-71
1.9974620468878654e-25
1.2308662385377634e-30
3.3021233255416926e-42
4.347685200321432e-23
1.8526688267728954e-13
1.6141266250728436e-21
1.5339877247889695e-43
5.742206197225248e-14
3.1019251090395747e-91
2.828117760210308e-94
9.753667301608283e-23
2.241218363498795e-17
2.5003170646825626e-32
2.0117176130442736e-25
4.4063685138876584e-20
1.7774932535778494e-121
1.0663806106352245e-21
1.795807953357786e-50
1.205111618149134e-53
1.1206246959298224e-108
2.0047546338276983e-39
2.4083551619518843e-29
1.4867466266653013e-104
8.49227161680145e-23
3.434089160989613e-32
3.1421229232475787e-31
3.3585597317895865e-24
3.24164935089058e-26
7.710601223846852e-34
9.592525780802905e-15
7.926891554695011e-23
3.5206537612111504e-24
8.349237625276704e-40
1.2649148470161912e-24
8.779752694942373e-31
5.6104212465926705e-36
1.1743027190049964e-07
5.561193518769597e-44
3.222702192936571e-24
5.480782752537492e-19
3.7914570242780643e-14
1.025805493369012e-40
1.4877134369246125e-76
1.7555775545892421e-31
1.5731787299957166e-16
2.3585591295070704e-14
2.2285122350058412e-32
2.514102515785595e-44
2.4193705894221614e-14
5.988279618025924e-36
1.202909365528173e-12
8.955227335367576e-26
2.476375486081515e-28
2.0187537871733892e-28
5.586367196195047e-42
6.715078839291534e-36
6.506262887227225e-50
9.972171584658955e-11
4.61890562650556e-13
2.0122035918196544e-18
1.062260200295258e-21
4.831945012081216e-22
1.136566438443083e-34
1.3424902034197592e-43
4.300798987807278e-26
7.299023775585798e-30
1.9917962369637552e-30
4.41740654888724e-59
2.7944901665897196e-18
3.581632643507614e-34
1.0112513573103623e-60
1.2030304761680337e-11
1.2970435214811283e-25
1.3663179678619877e-41
1.6226194424241973e-102
3.5160302901256244e-81
8.037649804546624e-99
1.6362791876011845e-31
1.3022173717776725e-92
1.4676636165485218e-115
2.8382885296822585e-27
8.500100137870099e-14
9.108638414833343e-16
5.730558900663559e-19
7.706273050982463e-20
3.683385459081567e-14
3.273303026699274e-19
4.643251821420574e-14
1.812424154363013e-25
1.6110652799615663e-09
1.7460906733598253e-31
2.642765315506058e-26
3.1402168107333395e-07
2.3098952021568758e-28
1.1447091870057641e-35
1.0050929197502442e-41
8.4983494628278e-25
2.954982549112063e-40
8.595948110821379e-49
1.3320819319874683e-36
2.516004775768035e-72
2.909976493190408e-32
3.878885340176236e-31
5.654869607006657e-31
8.399987459266357e-34
4.251763319281502e-43
7.079231637972454e-31
3.218288535426609e-12
9.82282352133061e-24
9.35505370288881e-40
4.548690204921015e-25
2.3124728139219043e-89
1.0768116657811742e-16
2.8516692565496906e-14
5.6717588746390025e-36
2.6247673145117607e-20
1.3455775339319937e-17
5.731629251201289e-29
6.556459897061153e-37
4.669207434997123e-38
1.7683635829594857e-36
2.237832590181765e-56
8.415301240997242e-45
2.024964361884034e-19
6.159280820914632e-36
3.8945803855570383e-22
7.171621087357182e-37
7.221906769905975e-25
3.315674699296955e-21
3.508993750459089e-89
3.0323266454597258e-81
1.732384032674637e-79
1.8677521209925125e-18
4.817097940662047e-22
1.9633621893272344e-22
6.121532925810433e-23
2.0987211509625916e-37
6.279473117685199e-20
2.743803430666525e-20
9.954246556878377e-26
3.2636960385299826e-53
1.3830055981059128e-107
4.853322719155247e-28
2.5339553773729727e-32
4.956666431114849e-38
2.6119474651533193e-16
1.3952538094739414e-12
7.98892764849812e-29
6.527189315965779e-20
5.639042878616484e-29
1.8713123663886301e-31
3.436362175537997e-20
1.7516228586121133e-10
1.2001287839717336e-19
1.2671693694644707e-23
3.951295884183771e-27
2.8687257899363793e-27
1.1167515215700002e-34
2.748897851220577e-103
3.5501511501654426e-12
1.3045388713353993e-96
1.0436891319180964e-21
3.5189596677745845e-07
8.232768070141658e-27
3.3474769462321344e-22
4.510057418908894e-10
1.8508906257410458e-17
8.864149578018916e-34
9.033566881814578e-76
1.5128472513578337e-33
1.0421085625251584e-42
1.6420314286015637e-22
4.455716005226387e-17
3.732792671496351e-18
4.171689780336e-33
2.3587492138660994e-45
3.787337763670368e-103
8.37463803372735e-12
7.149400618468005e-55
2.5135246573696743e-43
1.2089881733506776e-56
4.97763498944524e-21
4.915408900605217e-09
1.0537955079615984e-22
2.9162279607384045e-35
6.93428527015693e-18
2.3638319775626008e-32
3.2750634246863316e-36
2.411295413363126e-24
1.578577386020631e-35
1.0079963943034665e-12
5.652936615066252e-47
3.5887333436998876e-14
1.989004362835316e-31
1.5860616517670793e-30
1.3726393698936961e-33
6.017346823882938e-12
2.2139217692464956e-20
2.0110660609950332e-07
1.387247739078406e-18
2.4101942587834084e-28
7.160310498192263e-31
6.38152926375685e-20
1.982306951586735e-20
4.854042773618196e-32
2.814512694261817e-87
1.1870589367886149e-92
4.881834793896593e-41
6.698067812249369e-81
1.1479407327736325e-84
3.904814631089999e-39
3.56453374213674e-27
5.172817736832833e-27
1.8939375488513928e-84
1.7661558017990003e-23
3.358293304062836e-24
4.265522349632105e-30
1.1425550055015883e-45
4.643213011835832e-29
3.7446930918294247e-84
1.1160159116113102e-26
4.618882353792549e-34
1.4985930155127192e-51
6.995555918691111e-108
2.6936374297771574e-13
2.5393300346565488e-43
9.682464531784795e-22
4.828880922843053e-102
1.8621099486370814e-25
2.655457644096261e-25
2.237277269304281e-31
6.266816253010697e-22
1.5400239123374553e-25
3.5804039413019672e-34
3.090418111883379e-27
1.7393762807088242e-22
1.8863708834263825e-22
9.57935647865373e-18
1.9912884319173296e-30
2.616251560859178e-27
1.5878300170983367e-23
4.097066653811974e-17
2.008770702542809e-27
1.3709376273636993e-19
1.1587851911345527e-31
7.763237930169938e-82
5.721560761684465e-30
2.3249069054942672e-29
2.6770794185139633e-21
1.4633207896374798e-26
4.128583838859562e-33
1.5445548549069146e-43
8.425018156680508e-33
8.713712568457419e-38
4.835410202829228e-34
1.4567994500277428e-19
1.0883556813426983e-23
5.221294427502095e-21
2.3207898731118757e-16
3.2282074180564047e-52
5.106478296471461e-32
2.2967265923805487e-38
7.214655391592343e-109
1.045136671842335e-62
1.791566150741575e-22
7.490860222835305e-10
1.7273570528379935e-33
1.4141988485750555e-55
1.760126548932609e-19
9.511445000435306e-20
2.1718388499984212e-29
2.7755080085351594e-38
1.3461475076287488e-45
8.136669485754087e-96
3.766319670894697e-11
7.074706180074456e-29
3.579955538496509e-10
7.013779984440315e-41
3.168650001106723e-29
1.6842390306231123e-35
1.7851226432469652e-21
1.8818581455626565e-45
3.572408560718251e-86
2.101936004285892e-98
6.688403737038336e-30
8.22249479684389e-110
7.58915165071753e-30
3.678611166990141e-27
2.062233582716787e-22
1.2133263977569538e-41
1.3642737831171279e-39
4.361160538105227e-37
2.462740657846841e-17
1.4572928761052016e-25
2.0390267381031245e-20
1.0710479441233141e-128
2.0836266208931875e-29
1.8141904550295027e-29
8.25614797115213e-101
1.189235228101459e-15
1.2358648480359636e-46
1.37063883830369e-32
2.6502699601548073e-27
2.169266094504545e-37
1.1601339087652439e-18
7.210819856775173e-24
1.1786101001810864e-27
5.7118935168894304e-43
2.6195097665976404e-26
2.149970814830884e-32
2.760403310243823e-22
4.348938978333451e-96
2.517108455946953e-20
3.20003727777038e-85
3.44162677030359e-36
1.4226929367130685e-18
8.396736584432531e-51
2.5337181497156203e-24
1.4882031970633622e-36
2.7433033047790825e-21
7.548562674644618e-37
1.1768227408963265e-79
3.483455772193169e-54
3.41702155126882e-27
1.7918687193293013e-33
2.558560961465108e-26
8.374683322547743e-22
2.9697777111418993e-51
5.8732192711278125e-49
4.055883263319118e-06
1.1190026073974182e-22
3.2818205025686525e-08
6.149293654015061e-24
3.58697925918107e-47
6.349103745725639e-17
1.104375406528831e-16
2.7346768777105826e-28
7.873721013349664e-58
6.126092620776898e-16
3.4877553343089087e-13
1.6057125746078125e-31
7.186406461322148e-24
5.055256678362223e-10
1.5671167609760165e-26
1.2098444181051344e-26
8.430318215986482e-24
1.0215645707028332e-102
2.83549282145531e-30
3.722608031206852e-27
3.5681803915091415e-37
1.0640861282011949e-32
4.905226417331145e-17
4.2014814203424955e-19
3.937793818879547e-18
5.687157063349883e-31
2.205870453605587e-30
3.4640422126353136e-18
1.7667594785974514e-31
5.7509966915019536e-08
9.810878350788245e-31
1.0621359951578019e-28
1.2223452890524027e-13
2.314099251268893e-32
6.318912637786192e-24
1.8579041521686243e-16
1.1536807028798188e-24
9.231668912715794e-35
1.5589740373140962e-37
1.7139167592807483e-11
5.838259205886345e-31
2.4805608110395756e-29
1.1182895680065282e-22
2.2615335220010575e-35
3.1210435272646818e-40
1.2865666353563456e-35
9.852025259400025e-34
2.069286403263301e-44
5.34464153276995e-46
4.8376018523493465e-34
5.94647486377213e-10
1.5914733842935098e-58
7.534927385421901e-26
4.9327565846393264e-15
3.2428524240386438e-90
5.653414900675972e-16
2.085252296046742e-24
2.7858700856464074e-83
2.0377505835459858e-29
2.179608607056864e-37
9.593585205638135e-52
4.751744775229275e-36
4.823159910310826e-29
2.345021267569594e-33
1.8600703262026942e-31
1.0478416425029726e-91
2.371604720585371e-41
1.1505004146178805e-29
3.03923777243471e-112
1.0433646553705105e-96
1.5827792687845267e-33
2.983738954232133e-26
1.577251784940973e-17
1.3518249819102482e-25
4.458153756147592e-46
4.5348714593401e-50
1.9855575210559514e-11
8.419809214743381e-33
7.667428164510766e-30
9.602835143497895e-30
1.2141441544937314e-31
5.61245761160096e-37
2.1645122044894557e-19
2.305124577079295e-31
1.670933103964739e-37
1.227811452300627e-32
1.9827794630751295e-32
1.5663609404446727e-96
1.0709364928291982e-13
1.1247831167206299e-27
1.0627944685884475e-40
8.224481739164836e-23
5.4096245019518435e-30
4.703815351811693e-28
2.1122152795642644e-39
4.663035006927729e-20
7.051056384053136e-82
2.6450408076014393e-21
3.516330305996787e-73
1.0677078950541493e-81
4.376468345896789e-15
4.3247958062320965e-21
6.208470659098768e-39
3.4650687503146535e-27
1.6589829687959723e-48
2.95891461044173e-11
1.4168696420993937e-31
7.661188435913084e-41
6.387965011662699e-105
8.370827726172294e-13
1.1229412839779851e-10
4.921618285851473e-32
1.0126238986933175e-49
3.850612716623038e-14
6.87685696668199e-51
5.670547406786227e-27
5.835121126651023e-91
1.614196177803101e-24
4.836201080383193e-46
2.685502326679866e-18
7.979794700944663e-55
2.2433448833589188e-111
2.705383116199562e-31
1.2239750877141199e-91
7.036310887355666e-26
8.290589912859214e-21
1.3148702061717067e-14
3.583758331769993e-47
1.9733993860953473e-22
2.851950383472006e-58
1.4823719259206714e-29
4.164228881382703e-33
7.83573896879277e-32
5.244454475777324e-28
2.2268159135423665e-18
8.84726241601952e-29
2.5265285626259354e-20
5.852767391672931e-25
1.0536280155715127e-91
1.2457145954319184e-13
1.0853122118006859e-26
3.7120935903498918e-31
1.7835081431237618e-35
2.208445335759149e-89
2.952886814258953e-20
4.824053690880227e-28
1.540999836676997e-20
2.7045104195099307e-10
2.0389208508203064e-28
1.2855864043320757e-14
8.218260534965431e-13
4.874962909843502e-16
9.053964063981987e-56
7.363350518146101e-19
9.612498661833912e-36
2.6280940077364696e-06
6.457037590913915e-75
2.7855478337549216e-21
9.420681754987693e-41
3.494417656509427e-24
4.379070211594347e-10
1.394332775497932e-13
8.337453244116732e-59
7.710551437911404e-39
8.49415116716008e-21
9.874245607324274e-46
5.336582391352317e-38
8.738329741631882e-35
6.56012785062246e-18
4.032108432559516e-30
1.1828629392373451e-21
3.0177675346580207e-29
1.6439981071302416e-32
1.2504782604467555e-127
6.160584416517353e-21
1.8647800877519882e-24
5.201106073327344e-15
1.142611033615927e-33
6.750316764874977e-54
3.530114528026146e-37
1.7379384808644683e-56
1.0885465436749912e-26
3.229810908337313e-33
1.8671488745695585e-19
2.3341853795469385e-50
1.3151997238824886e-36
2.282667882567836e-19
1.3097146428000593e-25
1.3997574969419495e-31
2.2926748894527484e-08
4.079993093186971e-12
5.0119959527939666e-132
8.215332243996282e-22
1.5884986652040427e-25
3.258360615175063e-65
2.4871261048204983e-48
1.1759580278457678e-19
6.302092526917641e-80
1.3728268949072786e-07
4.1333346431210936e-30
6.292774027887622e-29
1.5545424510082104e-14
9.861475870551873e-36
2.4839488073526854e-36
8.813835433494164e-20
4.751492494075819e-22
2.2231314820897895e-30
4.798585361922327e-15
9.214964296931897e-101
2.5793893417790106e-88
7.717305280063649e-36
7.149303467269023e-11
5.872499491375163e-45
9.391370286617938e-47
8.784813439809511e-18
3.752831634520078e-26
3.1976165353585022e-46
2.230232871794225e-10
3.682653026496945e-20
5.546257095372875e-32
1.6968762230448866e-17
3.4301691505619916e-35
3.0155395594625502e-37
5.467534685307675e-133
6.035330503320215e-19
1.2998172449933934e-97
5.4170658276438154e-42
1.9386436298013692e-27
1.1520333951557713e-76
2.462446862500248e-20
3.543372371988058e-36
2.588940795137908e-12
4.7235845670932914e-35
3.6231287102068384e-29
4.65648985214509e-47
4.733539803568065e-09
1.999128314574255e-20
1.3067885258602906e-43
6.795997525955307e-10
1.5775058555728365e-15
8.844077957692842e-38
8.804311196065303e-49
1.8830033984800494e-56
2.952123691552813e-45
2.3125477941384638e-82
2.243994598210561e-33
5.3640701606656764e-79
1.2956345141797228e-28
8.467146721136176e-23
6.333605836340013e-25
6.926391147751456e-35
1.1783584787190095e-66
5.691325317408307e-32
1.0307043292782454e-09
2.567514087363691e-117
2.0917880992865672e-43
5.169816797978449e-41
1.1661623372627588e-103
7.30787960803256e-46
1.4267872954570658e-32
2.570875405844413e-18
4.019340580085526e-42
1.727411553643868e-33
2.846435523170453e-45
2.1294078895835155e-36
4.010222410012868e-21
1.1601127910884816e-18
6.462130789071878e-29
9.369620717328435e-30
4.3730399775200813e-23
7.831814472206166e-20
2.163407270755457e-21
3.343164415854099e-07
3.310608934026471e-38
6.307060555432777e-09
4.696319960004024e-13
2.673110450776147e-13
7.122335060230078e-94
1.2574609452807075e-22
8.138642850306074e-26
5.72214615910422e-82
2.7499465861765522e-76
5.372001500495305e-15
9.978662362119386e-34
4.584014460187089e-18
1.4791733088297314e-11
2.1867861333758908e-27
1.0331414841543972e-25
1.2625831931638765e-132
1.1666490901676225e-07
8.573839078123505e-88
1.158815634801068e-19
1.662993932954617e-15
6.439839451896255e-114
3.6439088254974355e-21
8.899273578076081e-50
1.1494540613155313e-52
9.873982851157403e-24
7.5491845805654e-24
3.242707447821264e-13
4.897778002249447e-19
4.31561321545256e-07
5.404382154595663e-83
3.8916053370126786e-18
3.303353788891009e-37
2.527815320721784e-32
2.0050849058842525e-14
2.617585119737296e-37
9.720294328698186e-28
9.940719261660231e-82
2.3774723043614933e-32
4.260164465360586e-13
5.231406019181922e-12
7.422430665164428e-87
2.3163698611126562e-67
3.103470629154341e-37
1.086095848326212e-12
8.058615801940723e-40
4.649844950031096e-15
1.613557728015674e-53
1.283186615640966e-14
7.8726824126776e-65
1.09401418390211e-41
6.498693975680413e-13
7.744639530745482e-17
8.800634238292136e-24
1.732587234448342e-36
5.229999628136152e-30
1.2589627372542221e-53
9.442269851431221e-22
5.803316877706449e-09
1.6529773702689477e-08
4.923173558100939e-28
1.9574150587726648e-49
3.115166054087564e-32
5.0243914457523866e-26
1.2476504686628324e-15
2.6684759491085894e-10
2.564149935722847e-43
5.5898481627391666e-09
8.386858950447612e-27
6.549063359516051e-45
1.4480292940346973e-50
1.8984887107057113e-32
1.7162710938672041e-10
9.163503805996714e-41
1.2372573450523987e-19
2.835062968887641e-47
5.543630743500254e-40
6.897908645855497e-33
8.548222145133155e-20
1.0400009625181842e-24
1.8729286888225532e-22
1.0121147672214965e-20
9.92061056631678e-33
1.1501050961745541e-32
3.479206279567947e-31
8.611072368022303e-09
3.2523011040391e-31
6.862413660991063e-30
1.2783036935934747e-43
6.771294730549064e-58
3.6925448767174346e-26
2.54414952612833e-22
3.900382235784392e-22
3.0359964355745368e-37
2.347784565614608e-35
2.7627414390823403e-80
1.7187153967661514e-39
9.632916172978913e-16
6.739242810393314e-39
1.374563124322165e-21
5.462252034799837e-13
5.394884633061735e-13
1.8172486721354707e-107
7.339947899658184e-33
5.125343807972784e-37
1.8059753341816622e-55
1.4735167592192665e-12
1.7628080439163795e-24
1.0813795727745753e-86
4.849597139168265e-18
1.7607127666280326e-37
5.105986877805101e-31
4.096863248670558e-82
5.238948937545657e-20
9.924449669352576e-21
8.09437228010521e-29
3.309935991783421e-33
1.4140047429937696e-27
8.41578474417249e-33
2.040973188360471e-117
3.827034767673856e-35
2.5112646863310846e-18
2.6825138530524583e-12
9.494943830086821e-42
1.066278638698516e-25
7.974896202570609e-34
9.122848802796934e-31
3.314242065072292e-24
1.1525215968978359e-29
1.1458680477407483e-24
1.547559145037409e-23
2.1154597833179074e-34
5.278910289082451e-30
8.09258376640969e-68
1.8675010979275128e-37
1.4353056627283599e-11
1.287760046734826e-109
5.033493072852551e-18
4.6400620874916397e-23
9.884955191377529e-34
2.863492226922059e-26
7.554545782766281e-17
9.002686813434077e-105
2.424005765769399e-29
4.375433297927257e-19
1.2162219265906139e-20
6.152355039680393e-54
4.0662396774346034e-39
8.411880944524254e-13
2.6504678285573258e-39
1.688011687172546e-30
3.337850262080649e-29
3.920627676536435e-09
8.975431315649345e-25
1.4989895552334216e-25
9.446757504847184e-38
2.9452522827371897e-102
3.2470466522708763e-20
1.3740015607536985e-29
2.1980719658210705e-85
1.159099027866769e-31
2.583297081519528e-31
1.2281859066857866e-15
3.3699576327318774e-27
6.487705719402018e-28
6.039576775658954e-23
1.7967726806925418e-11
7.013692726710805e-16
1.5474774678301505e-28
1.5815773515383128e-25
1.0036570686034971e-16
9.123747440624676e-25
1.1069915872901133e-20
7.56778539645511e-20
2.8998062903684126e-35
1.6069040577997053e-97
6.756312939957228e-48
1.0048316483480794e-13
4.145420426854344e-19
9.729775840382044e-11
1.2136898959637875e-29
5.719598325627411e-59
2.1540658654963572e-08
1.8330046396026757e-34
6.320757878463137e-47
6.851591455616058e-20
1.3790890890375639e-27
1.2490792874988127e-12
1.880972394725252e-12
1.2686551257968353e-24
1.2982847498627886e-23
1.2286915940165753e-12
1.0191118870238416e-23
4.702041771972218e-88
2.924806860636336e-22
6.26325558600315e-104
4.12640830288133e-95
3.2767639675436735e-25
3.1567104204213116e-85
7.079836525456747e-24
2.2205017320429785e-51
1.0677349355131637e-101
2.3984151728582588e-35
2.5115761905778217e-36
2.951828608540004e-27
1.0823047790785217e-29
1.5379471487552033e-87
5.685272976662373e-21
7.744764857121984e-48
1.9751317918362079e-25
1.0420512510969105e-12
2.63969647529561e-21
1.0134718698046727e-33
4.4081099913172e-22
7.828039373824223e-10
3.097788487818729e-47
5.363286432245138e-42
1.5734039267232116e-19
1.0813288180677236e-47
6.176715362618868e-47
3.5959854882364477e-41
4.697313143554443e-26
6.131707344470799e-33
7.089060792234689e-17
1.3530985330980186e-30
5.892409248209271e-73
2.5574569830269885e-27
8.72448000194663e-30
2.139362643410266e-56
2.6388355341445162e-31
5.865072525087956e-42
8.33931393287638e-37
6.669670486020754e-22
2.5397366798094033e-12
9.0646540558218e-37
2.9595302977576442e-28
2.92340891107789e-88
6.09803982267724e-116
1.8224291936134365e-12
1.159290112002477e-52
3.6759346362017226e-23
4.045163794119845e-09
3.838894627926084e-93
7.467461739985069e-38
1.920006669067869e-32
1.3857256456908466e-33
5.77626847689982e-23
4.947711935837021e-32
1.7724641141196814e-30
3.261166628994343e-32
2.5935807288981746e-22
6.297364605430835e-105
1.063299841585215e-81
1.455714963355103e-18
5.654800586036989e-24
2.1344421005544522e-48
1.4261212136860692e-16
1.0389904630925631e-26
4.0197976646511596e-22
5.539166019703811e-26
2.2106196900210506e-57
4.308419624759202e-38
2.9661046463515172e-95
2.916729931022618e-30
3.722444976944367e-27
6.427975943294857e-126
1.845639833914384e-23
1.077882375943893e-30
3.2014547977159944e-91
1.1835293335572595e-12
2.3082939744007176e-50
3.2175062557517706e-21
8.627428355569142e-41
1.251623626187289e-38
7.372026028627987e-16
2.0992848021558692e-66
1.1201952872679493e-32
1.0791034956970562e-17
9.623667456582872e-31
2.702049881676111e-21
6.898761223282522e-24
3.1161927494942696e-84
1.324834484088107e-32
2.448392492438629e-16
3.867713287258477e-67
8.95325505038543e-31
3.8854928504272e-09
4.287925845303811e-55
1.2415445917627085e-10
1.600247799892982e-32
2.4013640675933016e-22
7.561910747028708e-21
4.426742730509985e-43
3.8625288914036756e-23
2.5183607329206708e-15
2.9956632378270423e-18
1.586410434709443e-24
7.677829158778989e-60
3.911032182119786e-28
1.1389285790453532e-28
3.2488063254004e-21
3.7246709411814474e-25
4.079407499601966e-33
1.9033302764542274e-45
1.8446381676943408e-17
8.920938767168897e-43
4.017869775080904e-71
9.596759164517482e-35
1.9551271667556495e-47
3.3436699018375774e-23
6.642566026560687e-24
2.969916359365462e-97
1.316619553698437e-28
1.0563150912742662e-28
5.712380180526238e-37
6.612134766419606e-48
4.4324849612716006e-39
8.084337560856904e-21
1.357540842835234e-37
5.0679604991498624e-26
9.96756668572317e-94
1.046453522076744e-45
1.2851306509035683e-13
5.351397324724421e-81
1.7231424618934288e-87
7.18772086014816e-17
1.9518619977980716e-93
2.5523341205217264e-28
9.837686775129773e-25
7.6757752318517345e-25
3.4741616316169466e-31
4.372488134210063e-31
5.049817779317135e-24
3.400971116465361e-30
9.233319513695444e-39
4.618460344065269e-20
4.86774563059345e-29
1.8640389952821468e-16
1.3892244095740111e-30
1.617403170534346e-05
1.0150703721816606e-28
2.49392404991504e-14
3.495135606557729e-45
1.895601063259885e-40
6.708967761254131e-56
1.7076036633556517e-19
6.065689732630882e-47
4.62705937487283e-22
9.07259116397646e-35
5.34213092486536e-101
9.671689024987257e-26
1.8232728609586762e-36
9.667906060151276e-68
2.2967177691089058e-10
1.1886739980502885e-11
6.364585600390001e-43
4.4319462121454756e-39
7.01642015410551e-41
5.496092858453467e-41
3.435225576558353e-17
1.2713163653194329e-23
1.7570775831309652e-30
3.063821906530726e-20
1.0168836723524316e-21
3.612827457850756e-74
1.997751283246996e-28
1.1823367234935703e-37
1.4965495990578322e-41
5.886480337588282e-11
4.712609133276094e-16
2.549851739644601e-25
1.2557826696661024e-19
1.1301539762925794e-52
1.2025664331146348e-60
6.121403589648612e-12
2.913875812216485e-26
1.5376430630145536e-10
3.4101010322826335e-15
6.681249626291932e-29
8.329801823085075e-91
1.7510627288928082e-60
2.7505834283979327e-09
8.710984742854101e-39
3.80929935258981e-93
1.2686251786117307e-32
2.110490886597668e-15
2.5615470101455525e-14
5.184731885047282e-20
3.407302262932014e-20
2.8962194434675074e-56
2.5953859575659422e-20
3.039527456770295e-52
2.563938177808026e-23
2.243713309321823e-84
1.2221988290348552e-25
8.907071842654471e-22
1.7187682800919477e-16
9.616062886348018e-24
1.055299069530947e-31
4.366560371980776e-62
7.386769563704933e-98
2.9893958259433894e-25
4.0571620025448853e-17
1.0320557317693936e-34
9.53911496417431e-41
2.1162762924289808e-23
3.7574264634272316e-25
1.091930819837466e-18
1.695314966366979e-93
7.761914075786754e-09
3.378066732312384e-35
6.78469871611726e-38
1.3965692971189565e-34
9.721034125373807e-46
9.822954291778252e-34
1.2295171142256198e-38
1.3345308067812464e-39
1.2220820331350901e-08
8.118031745113421e-25
2.0901931047304595e-12
3.025311848963622e-65
7.7470152031626e-111
5.2201046819233594e-27
5.720910816614036e-25
3.262667938556502e-14
2.4159971721254284e-20
6.831268953687116e-20
4.708387970405479e-23
1.5654098360588467e-82
5.065521388397731e-42
4.1489229199764445e-99
3.6917029175620956e-26
4.2120316011452924e-20
1.0741377429568468e-32
7.976849712757739e-94
4.311544388286296e-44
1.0608096791490139e-51
8.41928768705334e-28
6.049658544534873e-43
3.4838786094812397e-13
1.5351693629338404e-27
1.4296172056914861e-30
2.8886755380005934e-20
1.2717114002144054e-31
7.494594614931508e-32
4.929268505399853e-68
7.605882928295521e-27
1.7181606909988154e-57
5.3254637320090696e-33
7.228101494328203e-34
4.816397432331996e-32
2.5557282317904063e-69
1.51928051938432e-40
2.8461330047934274e-39
1.9828253209614958e-91
1.2884780604345913e-48
1.1828696430091272e-41
8.315588380999413e-37
6.834623180461643e-28
2.6666424510367284e-40
9.882265805741388e-17
6.645479208101793e-56
1.4619092946585504e-24
1.5478133551575307e-33
1.4872908274104444e-36
4.420453493080384e-63
5.792906701532596e-26
1.6790867710877512e-125
2.4194093665201504e-22
3.826908885176973e-46
3.356461190786355e-06
1.3473554986598827e-92
1.4968627388680855e-14
1.0661722423485653e-20
1.7113967463365117e-22
3.679769726269257e-32
1.2516096988658637e-16
1.3020268366525714e-81
3.904655155020505e-16
4.9451589914632665e-28
3.94784795904332e-24
1.2425339619875916e-34
1.2392840540079742e-124
1.8622447025358955e-14
3.0081341654273667e-34
1.0703974316954097e-25
8.333627850626218e-12
1.5174513600677843e-18
1.2746247089744205e-32
5.695458038453058e-45
1.296646264162152e-23
2.662232408407077e-87
2.0812113308805483e-12
4.070657026184447e-50
2.2364459949354578e-12
2.96447173582054e-13
2.467489422750029e-37
3.666082103484219e-08
4.5826903243706046e-08
4.2420530541751925e-34
3.958755383443216e-34
2.0270520724957124e-13
2.025166778437266e-26
1.2906028550791208e-25
4.597499583913548e-09
5.840786881782487e-29
6.169041032217651e-98
1.7118008336901552e-109
1.1257587495104742e-28
8.328293446649505e-35
3.947664828131005e-33
8.712004580141549e-27
6.453346700760137e-49
1.3243118383864002e-14
6.157507165237689e-33
1.5754884356905038e-19
9.774024018356036e-18
5.858400761177441e-29
2.1758027403265217e-38
8.346420876281844e-33
8.67735791172252e-20
1.3868047293457577e-21
3.4686656167668966e-19
3.2450170257137165e-37
5.623784674212359e-87
1.185821366488431e-22
2.633681180414955e-93
5.1619269530347295e-33
4.098169928152913e-28
2.21588587261249e-47
3.6157331994574786e-19
2.799106134884191e-19
1.7925155258289767e-13
1.6535435641036657e-50
3.161298269676546e-47
2.0857252155697048e-26
1.7140314872410623e-24
1.0670492154511334e-34
9.588708272344927e-21
1.3334379395920904e-09
1.6390915874423856e-20
7.444628931268376e-18
2.3044560975413613e-77
9.997441325508172e-20
7.196621330503267e-40
6.710189842098013e-28
2.5121675710947215e-20
1.8465085024155284e-38
1.0978304247881412e-24
8.583493493053528e-46
3.5811414369845036e-41
6.538127284349708e-34
5.774010526871581e-32
5.399931097150616e-13
6.851269259719324e-28
6.292342741191557e-72
3.207392987243068e-23
4.028827720866375e-20
7.018085448025547e-31
1.6329751004372133e-53
3.979953737499572e-80
5.1349899262491574e-36
1.1539142387353202e-10
2.948616790922126e-35
3.7200882884041194e-35
3.54787233982746e-28
1.932127559164734e-18
3.4119550214831694e-20
1.6015686866287637e-42
1.5828243366712638e-16
5.514960401142053e-77
1.6514468607556438e-28
1.3337238356579477e-07
2.6952513518765864e-41
5.816728618386489e-38
4.88484053101008e-30
2.244413199540073e-21
8.915080698997086e-27
1.0901395199565757e-17
3.2707219160428306e-24
2.4199063398428106e-39
1.6228909671601233e-43
2.1622402471280064e-41
6.596187904010077e-14
1.1896021248854548e-32
2.034989699165169e-27
3.6345978296332116e-41
6.236173086846145e-32
9.293108441583926e-84
2.3424467928860343e-18
6.287566586434054e-110
1.7151051364965823e-19
7.996009707185455e-10
1.945010716335435e-32
2.6113136200825193e-41
3.0839194188233385e-26
6.212232465394559e-18
7.42614572424993e-24
3.02076700789635e-95
2.0085961702254094e-50
1.5003067705402042e-33
1.8249818698198073e-29
5.284984893473601e-26
4.7355815382306054e-111
3.1228383944354284e-46
3.821080077442629e-23
2.3943833460726655e-41
8.767289713044085e-32
8.839585941309417e-21
2.0759192729801795e-33
5.487791266440941e-41
4.937771343814249e-26
2.370278165881466e-15
5.204206767306894e-31
8.788282246316542e-22
2.423575102921749e-31
1.6003662693056577e-99
6.40186093631661e-37
6.3757935246957485e-34
1.4855101510370392e-18
1.1737015171125748e-17
1.1209605971565377e-46
5.536220126248424e-21
1.9438433030808497e-23
3.0618973158974585e-33
4.048362947103241e-40
7.926797888840506e-46
4.905489195522034e-40
7.981808617907066e-119
2.2561791187562695e-40
1.0161068359421832e-14
2.1073643766007464e-16
8.374529154757143e-08
5.2190192571261796e-18
3.0068862519983805e-09
5.072288192565493e-29
1.4110038069145996e-53
6.750712526852072e-39
2.012878047191897e-11
1.8662567959732494e-67
7.356959966266759e-33
3.536577899132872e-28
1.0121499645091117e-35
1.607254127366638e-31
9.988065786133481e-34
2.4097316083962033e-34
1.047934736563133e-20
2.267191813581813e-43
1.118149468448273e-79
1.2234492756832457e-09
6.454193637036033e-33
3.978087162143839e-32
6.4723594629859215e-108
5.4899285148147044e-64
2.2591242130303e-31
2.151843436035305e-26
2.4641833661996313e-23
5.604305116569936e-35
8.261582407714445e-26
1.7565975857032952e-44
1.9073108388459065e-21
5.254421562183254e-33
1.6043753970909275e-36
3.612965394845711e-55
1.4044586210422335e-36
2.73038428664649e-20
4.168063399775457e-19
1.3408472338393522e-21
1.194426364661858e-22
1.2503389317553502e-18
2.317133294200177e-54
2.783421162719402e-32
8.359260411975337e-36
1.3790709841099518e-17
7.442196728356034e-100
5.42738522120736e-77
4.26703283261206e-88
6.20104851220118e-20
1.4652565199384976e-45
3.179530803339788e-07
1.4176852453824176e-11
2.1739284095527515e-73
1.5909901504503311e-15
1.1106230252383534e-25
2.7329031087869243e-12
7.661425467361171e-22
8.2226565976847e-95
4.829614871990747e-28
2.018707685121746e-31
2.267170472781154e-20
3.36069120042824e-27
1.6065959805128898e-41
6.057005612960221e-38
1.4083236762566415e-24
5.683240344157601e-21
2.500560540140136e-19
3.684900193659539e-54
4.383508314111463e-102
4.031235671844317e-16
1.0583681946158231e-32
3.001886350681838e-41
2.2418156313449647e-53
1.2735587184189638e-27
1.0669196224855128e-14
1.2948548213111047e-40
2.9803153702727905e-29
1.3330781699681702e-59
2.1147667259450123e-18
2.8156282222267115e-35
4.2643308996566613e-29
1.6872010387152147e-14
3.628921391353782e-42
5.217558565136851e-28
3.5618366054049656e-19
3.711805551651402e-20
4.3018772756296544e-47
5.401307210393099e-26
7.991131767375563e-44
6.104453339883326e-59
8.702250528261283e-14
2.990711963229547e-40
5.607382272645599e-24
2.2314395704835995e-37
6.76350774802456e-56
1.775853412761694e-25
5.28572968255825e-94
3.1187603524456543e-19
1.2399439825317095e-17
7.748168662345096e-101
5.171724485577268e-54
4.2157871569690926e-46
4.3280059712882337e-14
1.9657272634655265e-71
2.7597830905042097e-08
1.9053967594176733e-61
2.4074595509569524e-30
7.997969401661584e-26
1.3996487639377135e-12
3.63538855252679e-38
6.648197846373619e-35
2.844506126975502e-90
2.4948352329213247e-80
3.204972217402556e-12
1.7460128522884114e-32
4.476884999885017e-42
1.1890624986382127e-21
2.690187194462979e-24
4.0288941100747683e-25
1.4750132199774809e-24
1.7925258200023823e-16
1.4264736883909405e-17
1.0742307115680068e-35
3.56277264578635e-21
1.342435620066839e-24
8.403112226500374e-46
2.431192473169858e-75
8.86941881174935e-15
4.011937327101967e-42
3.3435941056019256e-24
9.692666010487783e-82
1.808430168162424e-30
9.829714401361142e-77
2.1087888506690414e-90
2.2001424926716e-43
1.2066346941204423e-26
1.0015385764591653e-28
4.454379759042921e-20
4.641120385755329e-41
3.03621939296081e-29
1.69480423356734e-37
5.354329648976346e-20
2.0455874151260332e-82
8.494710577926345e-11
6.379128613535053e-27
3.821543426787792e-36
1.1202882209707127e-30
2.685539466287921e-19
4.4180798840961225e-32
2.0890252576446785e-40
2.090600865510153e-21
1.0085846932261148e-36
9.751207082666524e-36
1.2509083906345748e-24
6.53459598912037e-36
6.771501504206668e-44
5.1151657544300766e-104
1.2580138869441665e-25
9.880211317360862e-11
6.8706389119048926e-18
4.067358264104777e-35
1.9042737481386016e-24
5.224934190772855e-96
9.31779594396417e-28
9.019199510579375e-23
3.0950205998370384e-19
3.650117771453104e-26
4.816139668766844e-23
4.51690118834577e-25
3.2613994958414236e-36
1.0627787072484245e-34
5.926530942669367e-26
2.0730856846109194e-35
1.4789113725474577e-93
7.826347187918537e-23
1.589974788290915e-39
1.351216757720794e-27
6.172099928887812e-31
2.58943095886459e-12
2.680368379293317e-43
2.195421085359646e-18
7.876554166100127e-93
8.975490600956297e-07
1.9167613277645792e-48
6.403943219368654e-40
1.4632973542544245e-14
1.0280052876067768e-35
9.732097902341618e-41
9.184463778786802e-36
2.0079427051926716e-30
6.681096265182304e-34
1.5385248991783051e-09
9.05036727003688e-62
5.266803464310994e-38
7.420630637105572e-81
4.717121561914298e-93
1.4446549186406761e-33
1.3261321739766157e-32
2.508623426406118e-40
5.873455416534978e-39
3.943179224652319e-29
1.14364959025545e-22
6.42859746009359e-37
9.405497447106265e-15
2.5318066673788753e-39
2.742374835378317e-25
5.14845220874196e-32
8.992890213300188e-96
1.0872114407586112e-15
6.927225116224522e-09
3.2042978441800506e-09
2.537438687824339e-31
4.5219564437890316e-21
1.4077713272871982e-106
4.3089241180237565e-09
2.0068781449190702e-36
3.2943894135502673e-25
9.043077927596432e-71
6.111906627774413e-28
2.2001858541120416e-97
8.939080324183602e-43
2.3059669317250273e-66
9.8449105319977e-62
1.6011870135534202e-36
2.940272293701924e-09
6.9806475218552865e-15
1.1919641672109812e-24
2.5964735731101583e-41
1.8401765477840742e-30
6.132682678054935e-32
2.2832248063345023e-20
3.5101138632080614e-17
7.673861465286006e-27
5.727668601917894e-36
3.875793974315062e-33
2.172291675369709e-36
1.1907786834344445e-20
5.418688237557187e-69
8.190979482096501e-27
3.725075621337194e-36
2.9260442284822852e-87
4.562732664697473e-44
5.396033001656596e-27
1.44758007261955e-48
7.411106465057081e-92
7.149386890625114e-23
1.0146001838179764e-27
9.031800073568984e-54
2.556335019072917e-49
2.0956372791327786e-95
2.3405182997396666e-45
1.452042223157096e-32
2.8665624726488315e-87
2.3157682061559096e-23
1.5234347213009189e-30
3.74510684183295e-30
2.1413892015223573e-40
6.488919030763163e-27
3.0876130841640552e-24
8.643271260658842e-64
2.291879459794772e-10
2.546492675823007e-26
5.920852392686481e-26
2.0932994627549637e-37
4.916119375710793e-39
3.016171155215251e-32
1.0402383177371666e-99
1.6370578923153058e-76
2.4079978001681513e-19
8.483082071509852e-10
1.2063051179567665e-34
6.864235848766772e-44
1.630642172676997e-25
4.3287637897555583e-110
1.6566986744405164e-28
3.289353579268809e-33
5.516004718192124e-18
1.5015505492143197e-37
2.795955229018403e-40
4.753240447742658e-96
4.801391978588232e-29
1.7577908707079145e-52
2.0081189413465775e-30
5.469339171460059e-100
3.458394386203289e-28
4.517615898912842e-24
9.124098198068057e-33
8.60192290852779e-18
2.4624485969824887e-21
5.947448042011945e-60
2.8055902062925016e-43
5.3704215001772674e-52
1.2262569692197926e-83
7.540526330578033e-10
8.210016096187178e-27
7.001999652190925e-24
1.1489744786154834e-99
5.0364901756887866e-77
3.7891735924321474e-31
9.928243732042515e-31
1.5937764426181948e-25
2.2278980628549447e-23
4.705427103347634e-13
1.3556468509582972e-20
3.952679734781524e-107
1.0265623945468298e-36
9.098453164555237e-11
1.550337362949363e-16
1.0481577707733708e-20
9.564439214796868e-90
9.142357669671355e-16
1.376345835357868e-42
1.7552430350150292e-29
9.206522821111167e-25
1.8209162861451428e-75
4.0095317699905485e-31
2.5468763860235717e-83
5.280085777485776e-99
2.2071880208026504e-33
1.9055507852603587e-32
2.2017240164246086e-27
1.4769246845898316e-22
3.1572865504635194e-32
1.2431928167511987e-21
1.4828877286496202e-17
9.413882528543482e-11
7.381512031681393e-35
2.0495974947309578e-37
5.983695680278853e-24
7.693863237708718e-10
1.8692742042432416e-49
4.0728273723190734e-53
6.231375056678973e-26
4.439825946800359e-37
2.6655297206377994e-32
3.099982020526054e-15
8.618771562505897e-11
1.6226660340674103e-27
6.245812271966654e-25
1.3553730328545864e-38
7.453703799194387e-44
9.484503666695797e-36
3.1361289212141007e-32
9.098300694262446e-28
3.2578467893088297e-22
2.3327123912731584e-29
9.018360919582565e-32
3.314272560666714e-39
6.384996028616175e-38
1.1314366988001485e-28
1.25900389141378e-21
6.626436308267593e-20
1.6746416137524096e-111
3.930547990266789e-37
6.201189455330935e-09
5.0118722601860775e-23
1.4505483017766327e-42
1.381161836868669e-85
9.180655992126021e-07
2.4186025617959385e-37
1.2580023086634245e-36
2.8473706770870628e-42
1.1701456443482153e-32
9.584955892309628e-17
1.250311517260939e-94
3.088570452914375e-28
1.980728664264596e-87
3.34731843603148e-36
9.700574782159391e-39
3.5508062277359556e-33
8.934807054369211e-33
8.323293717107438e-57
6.803294461354391e-33
3.1920478610069105e-36
9.297121196208212e-85
1.2204619129307113e-28
4.370182479466382e-27
3.2108318328326193e-35
5.300614799311741e-06
3.807228918244286e-34
7.593178904938543e-60
7.39849473277834e-22
1.86244609652432e-28
8.98908307198384e-12
3.512881433492324e-32
1.2333392109974762e-51
1.1397276289307612e-33
6.976518123926165e-31
6.143231493458475e-31
4.3349884652015736e-24
8.196617156792491e-10
1.9779653129729585e-28
1.4603658883524203e-69
2.6425045246722143e-18
8.296003161427738e-107
3.097408290458989e-33
1.1315754703865363e-38
2.7161379345336164e-24
7.311199883593104e-27
1.898421677656817e-28
5.090023472534311e-10
2.9885073493836844e-44
2.0634828429564347e-29
1.7704485830307607e-23
7.869431159383845e-18
1.452051282972961e-11
1.3141791011175464e-46
1.1830524426811669e-35
2.7176322822239713e-22
1.4518310606857798e-122
4.602131910510642e-31
1.70944983860249e-45
8.100230547479468e-44
8.782284621798653e-44
6.576681669488011e-47
9.47131485475879e-46
5.471521237182541e-84
2.0794974163672925e-30
1.0575158086820615e-86
9.072619274285707e-32
1.2397555144076332e-08
9.097212933898693e-35
1.029529615217663e-33
1.1013829990562117e-27
2.731200432583515e-20
1.4062282297220152e-26
7.5091798169294505e-37
2.77235060048165e-25
4.360876085429144e-14
1.9305349624718296e-23
3.732866096948888e-106
2.552531673847556e-37
5.202525632456576e-31
2.618530030025005e-26
7.017634273790622e-57
3.1749636134923195e-15
2.5704626468722695e-23
1.009930373512734e-29
9.72272678504616e-11
5.703814438741415e-24
5.401652840471789e-22
1.2382216358666472e-83
1.1250229091501559e-34
1.1459694450481243e-28
2.4503189348042626e-34
4.9914058356472295e-21
4.076835434406047e-23
1.9562539628977503e-40
3.721591368624743e-43
1.920689208347638e-33
8.956918954750245e-19
1.5997374114447403e-18
4.796339946368943e-07
5.038799203366335e-44
4.175600887940595e-59
3.428052646828519e-19
1.1331276036020442e-95
3.150379483905878e-23
4.430488592111752e-24
3.264032785054827e-15
3.1021675407406703e-21
3.3039321391954884e-19
1.0163390936592707e-31
1.5735196095142944e-13
2.0705570379858677e-13
4.938003268043783e-28
6.834016220906469e-38
1.6941223625149755e-11
1.0451418138895381e-50
2.1224690640467897e-18
1.8698810100789877e-18
3.6910192890187277e-78
5.027297479033347e-16
2.0209521743306874e-21
3.2674089570585506e-09
2.5116872848285585e-38
3.861065514836496e-24
3.521113261081026e-29
4.2381057053295506e-80
1.7594667557173484e-35
1.1815751921765433e-18
1.0299825772902122e-107
1.815526575849748e-17
1.564543231336798e-35
4.9953023109288926e-57
8.349872952614269e-19
1.1999052531680868e-30
2.545196252691908e-34
1.8105750977961643e-28
2.0065736196466857e-30
4.254535980281217e-28
5.56709686421123e-22
6.993446770609761e-34
1.1901614406189688e-39
5.906925326456613e-37
4.142727764601218e-56
5.107843606258389e-19
8.811187887092081e-57
6.757562026164406e-29
1.3746161011371424e-36
2.0451140286989684e-37
3.193150161169845e-09
1.4433116409076155e-39
2.1617776179232136e-97
8.59486693104964e-23
9.336027251543078e-33
5.456339740278379e-38
1.963442922745067e-39
2.3442395100266012e-40
2.0962993553242633e-37
9.633245011965685e-96
1.4607548776971975e-87
1.4809726489206202e-28
2.8754231333053203e-12
4.444464652480027e-31
2.1760460517706924e-35
1.1946237955889993e-21
2.5184475392075137e-94
1.7896272162889452e-84
7.79691360364501e-27
5.324988777410579e-15
9.295894881695824e-106
1.4648709572427233e-12
1.338464426611497e-21
2.534204345390836e-49
2.5390424330746297e-24
1.3752975314741537e-14
4.893774259801139e-26
2.3298557522738458e-21
8.780804904428739e-32
1.1559782826711317e-27
8.225275907977851e-19
6.150535769908201e-51
6.841045169367186e-12
5.788299263524969e-29
6.117122460489333e-33
2.4071005695115465e-22
4.044244276496839e-42
1.6854451050818806e-25
3.447444096333287e-21
6.414770006530654e-24
1.8973109816540767e-116
3.3531927842310186e-18
3.37158796468289e-111
6.12387971510799e-32
3.617849358821791e-33
8.0910402181085e-100
1.6497189650788556e-22
3.926904875070073e-33
9.045992077195457e-11
1.4503296771748842e-18
1.6011582287999807e-12
6.24893063952006e-92
1.0595278143369638e-36
3.757030858389749e-110
1.9966981373540174e-84
1.6198637603596944e-08
4.441685247982731e-41
1.884942453625512e-39
9.421223016442083e-34
2.497829011011312e-12
9.30979911220513e-28
1.0133535058833953e-35
1.4824011459311192e-70
5.614955825482161e-22
3.6188595716950287e-16
2.187227890035466e-41
1.0717020825384252e-25
6.860088810115924e-41
5.978296251023797e-40
2.89286519998921e-20
8.337752185719213e-107
5.758741392094359e-41
1.1629198526989955e-32
1.994954820497401e-32
7.885040636709124e-44
1.6477853532486024e-27
5.307467419351765e-44
4.072838673201348e-49
7.372394414767729e-16
4.3354835866703644e-10
4.3114323347745044e-30
2.528787837229024e-18
4.327810536275755e-33
4.167806577696048e-21
1.0594422423948704e-41
5.744945901019728e-48
5.512299916966113e-20
1.4202201402131652e-09
2.1181362584454405e-16
2.166122999062245e-26
5.13646507722148e-105
3.099263718321688e-10
3.7443387355896595e-19
2.3107980181179375e-14
7.954168593020582e-23
1.076878691370754e-87
1.6710598496434153e-08
8.428399390853979e-38
2.0911362249581358e-34
6.645674262709886e-81
1.0849851698748287e-72
1.1548323307578236e-115
5.251702600250939e-39
5.366564632276592e-44
2.301110501274635e-19
1.800705774515932e-19
5.938975528609593e-17
1.1410325081102813e-39
2.3722885792596255e-09
8.207892594796915e-39
3.122886747284912e-13
1.9740837224827202e-10
2.8335222845102946e-14
1.2189405363647877e-32
1.853768226838766e-61
3.902002639627524e-40
1.0142237991125188e-37
8.016879024288371e-19
1.4734326675643058e-26
3.1646856134567017e-34
1.6245072066617683e-22
4.573751648678974e-84
2.2104058671117246e-24
1.2940596677309815e-24
1.5004237870978106e-25
5.258915663717857e-31
6.89210070934607e-10
9.528711193755095e-09
5.46213054248056e-47
2.3260475679894687e-46
3.3766389029541457e-29
3.5469238575820306e-15
2.0754167657712823e-40
1.320098876899321e-27
1.843989070123933e-18
6.070948540260493e-30
4.0498522143790624e-14
2.3059546331893207e-26
5.966217393194657e-90
1.5253950072310117e-37
5.726664311454783e-23
1.6617274656331305e-33
1.054265411171916e-118
1.2083331966878702e-29
4.4169477902854064e-41
3.1804461108197387e-54
2.1081268282715966e-36
6.611549434505914e-12
7.151741951730142e-41
4.932597880090891e-34
9.987386734987552e-37
3.4482510683099876e-24
2.5467621440118122e-27
3.208912968865217e-11
1.5622555315580386e-10
1.2440312208303573e-28
7.33796489984065e-31
4.595806606494761e-48
3.016685241074612e-52
6.461605888286714e-46
1.1086233894051419e-18
1.6277840202029927e-34
1.4942621615124616e-38
3.320372585587421e-86
8.474332838612417e-17
1.4469038675217573e-30
4.76224766085781e-20
1.1969259386265327e-14
1.1404676370660821e-19
2.3657620910351352e-24
1.5757191287575737e-75
8.528509529733513e-27
1.6079215035912508e-25
3.501552648517174e-13
6.178538719707336e-39
5.98547758059667e-92
3.1908564707583436e-48
2.0244840554863212e-34
3.8150558983885047e-11
1.755076310429441e-35
4.5815825783311836e-26
7.077230807205579e-21
3.663552887241042e-21
6.450298357204783e-38
6.157557735685637e-38
6.428886434227267e-50
8.150421080795807e-24
3.121939660815851e-83
2.7442756179567576e-47
6.253722049376199e-38
3.555832493443755e-25
3.8805205625807716e-49
2.707978764373254e-105
1.2521419759275147e-28
7.823375447220152e-29
8.561509484620975e-37
1.3094293393809304e-09
2.2003508538516783e-25
6.833700542890232e-12
2.673675373262965e-28
1.2597685732827629e-26
1.3636867756726896e-32
3.057230109280041e-32
1.121430543083619e-10
1.6310041038252155e-38
2.901533124669136e-27
6.737628740523337e-23
8.276873955198718e-38
4.208506563262904e-09
3.1003551912297376e-112
3.186219196845065e-42
4.780486747580804e-28
1.9712377828319135e-32
1.2531313657990055e-42
1.4759378013570174e-49
1.0636582244787469e-12
2.373456615581983e-25
3.0933830827493855e-27
1.7295585432848388e-71
4.3591955637951805e-38
1.3488830936771208e-30
3.744169806323179e-20
3.9940689019007223e-41
3.262108378828739e-25
3.221375965328933e-28
2.498050500815798e-90
6.355905756505301e-93
3.477159122246612e-30
3.314726135574777e-25
3.456195394169838e-21
5.965264307890412e-11
5.5103679569965636e-42
2.294519537526409e-24
1.879393442026773e-35
1.1907424164964844e-10
1.0074174916981429e-19
9.097898129986768e-22
4.548745376854215e-25
1.501862065115439e-18
1.233108496041609e-25
2.4261296923656134e-85
1.4684398684591229e-39
1.0508794442085094e-21
1.1312347161596127e-42
7.107967737738648e-17
3.730695239651229e-80
1.0517884894419684e-40
5.725882711721942e-11
3.200730063524705e-59
1.7647906767162407e-21
3.1080840058210154e-32
1.0848753144081027e-38
3.9587516570258395e-17
1.544366343234884e-21
1.1433827093081048e-39
1.8254418923620538e-07
1.9295051529535658e-27
1.8452325271380916e-29
3.009102777682278e-30
3.954405024078925e-37
2.1757366704492195e-29
2.0993305243637412e-13
3.731377042498219e-40
1.1210203606662103e-21
2.997717042514285e-06
1.5313885273095633e-53
2.316441434337745e-106
1.0173084064496663e-18
2.028225080156075e-27
2.143238590218191e-34
4.21390330497335e-31
1.566645715665448e-33
2.251174050864978e-16
3.8331633379700516e-41
1.2914896436014399e-12
4.0763629328689057e-23
6.33588441964074e-10
2.4370485548069766e-26
3.282707600909464e-11
7.885882488681024e-30
5.05474195286161e-43
4.9113218099650546e-21
5.36720504645085e-131
4.253227256737102e-25
1.4147520276611746e-37
5.716667856873594e-76
2.158263827450988e-08
5.910277213593366e-38
9.285303423996018e-23
2.2663268854422255e-06
1.8148144682463188e-81
4.0062573604593023e-22
3.837948499281094e-32
4.075193552096359e-40
4.9697212895135536e-24
2.533098245114689e-19
9.581453195178119e-46
1.1657933990696328e-84
3.7636584008493088e-34
2.9324769859250485e-33
1.0947902346099958e-22
1.1573161390529173e-46
1.8094688734028754e-35
1.2153133463707454e-19
6.945223076056228e-34
3.1841048861491917e-11
3.8902126214139283e-26
1.0855899890988638e-09
1.3274868604862796e-28
4.302364081168477e-22
2.1412236687364663e-15
3.450051211449644e-89
8.060016069069284e-51
9.801359196462881e-64
1.7545334151647277e-42
3.136622932337643e-29
5.16695062476927e-33
4.413800361828896e-19
6.99527876659571e-32
1.2619064972152567e-10
3.916295869901485e-32
6.347259426188542e-12
1.5497068919177195e-61
6.949578653265254e-34
1.9571289955656237e-33
7.108815571031092e-28
2.5541099665599584e-24
3.671102881313767e-36
6.711824636436759e-10
1.8538844235557243e-30
1.0760424255029613e-26
1.2980982472314226e-41
3.0181110612601917e-40
2.2947220935112786e-42
9.158792769342916e-25
2.605756608052581e-12
5.375459641268584e-83
3.3300025062848107e-44
8.47251398350655e-24
2.4980016962343437e-45
1.0536693262103518e-08
3.4307922036661304e-14
5.784070434796357e-12
1.2372468950511253e-20
4.59128145385742e-25
5.2285548936263925e-36
2.3219959374435554e-07
2.8622151858498404e-09
1.5006772791908577e-44
1.129070202400482e-18
2.721698270863209e-87
3.857940497087057e-43
3.9992169775369005e-37
6.47734550543883e-36
4.987918006717073e-47
1.4360984983883489e-44
4.516353467370735e-27
4.2548102555204626e-47
7.137363356263465e-37
1.801220173970228e-10
2.5723027342455575e-32
1.3330690539258607e-34
6.031673596462817e-29
6.801219174192548e-36
2.0025600050412e-42
7.467606133653219e-25
8.075378994066224e-26
1.1698003926772197e-39
6.0258465899746295e-33
4.318955301306191e-18
3.951871357277653e-52
1.0796822123622055e-35
3.7705289563811875e-27
6.702617477512557e-30
6.281050160432116e-29
1.997084256181189e-39
1.7187546123487696e-36
1.346903996648668e-22
5.3685715868647575e-21
2.2840573165039226e-14
1.0106543658081637e-25
7.260382609013707e-35
1.6483111516897415e-85
5.406720481209795e-40
4.018787589159163e-27
7.0891175151648685e-40
6.640211223073948e-29
8.697132434931876e-36
3.071508503030435e-20
4.759953078511664e-11
2.1990496206554972e-35
3.620998293524512e-33
1.2408402265120164e-28
2.37980631730808e-24
2.436687641854644e-31
2.1984666065321345e-19
5.8222715576549815e-28
2.8997673849259873e-18
2.6014505004396305e-10
7.003831308661944e-19
2.368146662225255e-17
7.498359929105696e-24
2.0717058757663813e-10
2.328201024243272e-37
6.395933101082163e-32
1.2211588938179932e-26
1.2977777776899462e-37
1.2049727521920056e-12
5.793300390064738e-31
3.635246148027025e-61
1.3210356164505113e-09
1.793473414475302e-16
1.1295897995171614e-08
1.2750043416853919e-26
1.6410027013640666e-23
2.205267542120121e-18
2.25731925984844e-37
5.299176581609485e-42
2.648883253805854e-55
1.2078167934500938e-52
7.005206168019802e-27
2.3670019320446904e-37
3.1574663286269447e-44
7.669030404561013e-12
1.0800442725055317e-24
1.0473054457137977e-75
2.4074469411192296e-31
2.8031676164819625e-76
3.706683183064953e-32
9.640862114143287e-43
2.9669862920678804e-25
2.607044150109467e-35
2.2356659857666235e-14
3.03323482096475e-31
1.713499311292646e-101
6.849226673527301e-99
1.506104993736465e-10
1.819309476142383e-70
1.1003005994952008e-32
1.9324948633738922e-09
5.429209204581941e-74
2.018910896340068e-94
4.247383438774031e-24
6.250512604137981e-37
3.634596733872768e-25
2.221039616155378e-92
3.965963939420603e-31
1.6183764486296596e-08
1.694869951475191e-80
2.6816140445983263e-34
1.0984207221520451e-29
2.368267703866494e-13
4.4253335149172096e-27
4.531182248117209e-42
1.4789179258355782e-32
1.7783229353062922e-10
3.517365741958903e-19
2.3646202858609827e-28
1.5081070990639415e-28
1.04731300125931e-25
3.827461326523302e-14
1.5773121194767323e-36
1.6298609305977413e-39
8.71732725627469e-37
1.7699287443754097e-15
1.8987128015937432e-42
2.3475179575118353e-94
1.9588314031409794e-27
3.1716662427759856e-51
2.690330873038462e-12
5.519070173545051e-96
1.446416271887308e-28
1.4478221093172013e-29
8.976750677611254e-30
7.917178670294446e-21
2.1773051204597393e-30
8.887568627438195e-13
2.7171182043487764e-72
4.816865032318321e-11
9.494356682951843e-20
6.179119886313426e-39
5.120332019984004e-98
2.911589628313324e-85
3.469399864888308e-27
1.1335403563493116e-23
4.1898155997056165e-21
1.9203062832368033e-21
1.986371763531571e-87
6.6359593999370935e-12
1.2526508625185465e-21
2.7894250251558975e-27
6.260354545469923e-88
8.822358329318513e-25
1.0368021733864116e-30
3.6108496546069646e-132
7.077052055743542e-14
1.9968660586902243e-14
1.7014404393134978e-27
1.2008535523473012e-31
1.0722345662709778e-41
6.873437772502428e-27
4.274293585695063e-23
1.2465751551446948e-38
2.6345047242432383e-25
1.8480568547678163e-30
6.034873288510522e-30
4.58754961772916e-27
2.927216092980972e-31
3.7471870499334282e-28
3.1732044252368945e-32
2.947377871339747e-18
6.3747025825678e-11
2.023149082822511e-21
9.515171927401962e-23
4.921849306414631e-23
2.3051576425994293e-25
3.5647251743438232e-37
1.8378776053527837e-22
8.866362258482444e-40
1.0843778740674352e-25
4.695025139469242e-28
9.859013320390006e-34
1.045954983201025e-39
3.419373023146797e-36
1.7834095904682614e-31
3.1484496145323974e-07
1.7897418102239054e-13
1.8216114612355966e-33
6.914092355562648e-25
1.6022288925955054e-51
1.157308489954152e-32
7.045096474976376e-49
2.0352641945593837e-22
2.551268095507999e-27
4.448085149670929e-24
4.1302261591073326e-19
6.328019544400863e-32
1.4839898730400932e-16
7.62496241621267e-12
7.663268774332622e-32
1.7977560369619036e-98
3.8874355723964534e-21
1.7434281372066557e-30
1.802050969600904e-18
8.81165815521866e-22
7.883421253091535e-52
1.1250601979851102e-26
6.583333727335462e-27
4.0566116753746515e-32
4.45821044709943e-16
3.2966352633004705e-30
4.183286727295765e-28
4.334723201821167e-28
4.329078330787998e-47
2.5734219803198568e-42
5.90217850714645e-25
3.478418044271834e-35
1.251849391166294e-31
2.0150003764123346e-29
2.292556770537657e-43
3.0518961436867417e-28
2.1918093769433e-23
1.463130346864353e-57
5.168842136640464e-22
8.382028376574117e-13
3.353698475027684e-41
7.22569963424926e-14
5.5373095293709035e-58
1.0909001387153567e-39
2.3634231279902397e-21
9.90228383775872e-13
1.5751499378056178e-42
5.071582820009641e-33
2.5539631536257982e-105
2.9783356489396307e-15
3.1677521545601653e-20
2.0965158607961622e-14
1.5786025752994293e-91
4.72864816520927e-110
3.731173768312553e-29
5.348923611225196e-20
3.5515665866912308e-37
2.2355326809883673e-93
2.092324179022384e-20
2.2896541136548656e-24
9.758786128535187e-25
1.1620839189860404e-64
1.4205259766160575e-26
4.537969494975019e-14
4.0179109621514754e-26
7.66767646068988e-20
9.712096015241824e-105
5.328411245102806e-19
1.9225148483706675e-31
8.743991161739624e-48
2.2999801768162795e-20
2.78429073003069e-33
8.61782696594628e-21
1.9500072615895406e-23
1.717594672658739e-95
1.762290024588933e-33
1.2936382663210572e-24
1.3434452442209363e-13
1.7234627980413933e-36
1.8005486494236476e-36
5.0650810265646746e-52
3.754987479665002e-37
4.3711936149221567e-17
4.545951669205756e-36
1.6705585394763503e-23
2.2064057733646634e-07
1.0950873779132247e-92
8.132305456188972e-12
2.0139501210987554e-24
1.9284790700373298e-33
8.174633321475922e-51
2.2157575977452203e-39
3.2823372271806665e-31
3.405827625202655e-29
2.5837438320785743e-83
1.1136485358717771e-45
3.628943495826086e-23
2.226111376339571e-47
1.5426660722145396e-23
5.643531902782753e-20
4.89211386258553e-40
3.118025831664079e-06
1.959324900614803e-27
1.905983605893364e-42
5.513991164967541e-28
7.087467642681141e-13
7.580281413743757e-42
1.4799364320714923e-47
4.6667799217919565e-22
5.3630991232713233e-39
1.5201149859496126e-95
2.6843189671748426e-14
1.7041158331649005e-87
1.3950808287337678e-29
4.333508653568456e-37
5.3635017739319936e-33
5.817952599338913e-90
1.1633719336788256e-26
3.298845619900318e-27
7.811117594407032e-30
4.1963014779143736e-42
1.0233183017782907e-23
1.8623225486828684e-39
9.298844110499322e-34
9.59110121171657e-23
4.932070621500444e-27
1.1166272658081214e-22
1.0370916865314414e-16
2.4300631267479398e-95
8.309753403344334e-48
2.2442025430397737e-75
1.416098405344295e-33
1.5413547795074726e-43
1.2888907091907528e-23
7.368871863399636e-19
2.5948740789014484e-27
3.380806921199665e-33
6.591911458464235e-18
1.517913455725178e-22
7.128791140196107e-71
1.0733064126867017e-24
3.3994880415824733e-29
4.288867730383078e-60
9.548142620494736e-36
1.3119590117679226e-12
2.8893229340542697e-40
3.9412945354762435e-10
2.12562220664251e-22
9.987184549639071e-24
5.491007064045217e-34
7.70021074835977e-20
5.233108631822658e-36
2.6701584511580878e-55
6.976447001344445e-15
3.70092764633657e-52
6.921661197826639e-19
6.578429752061125e-104
2.1385646387780732e-35
2.551177156589787e-41
2.0691396185289428e-38
1.2972455007867336e-22
8.905198692830031e-22
3.775366352257487e-43
5.017493104986565e-43
1.1187137532364708e-30
1.3021753910403552e-42
4.3530540231288475e-07
3.045288847679188e-09
1.9913174677526816e-49
2.741863491829869e-40
6.474337977928224e-47
3.349184196823325e-27
5.397838637347233e-21
2.94683916969578e-24
4.604123704002277e-90
2.7392394693138534e-37
1.216661723276564e-26
4.846486018368405e-19
1.442616200503079e-43
4.030185231724705e-18
4.794150965968382e-28
1.9782264101310325e-55
1.1772382529299005e-41
8.337884637847135e-15
2.470168760269848e-78
1.0094348038281297e-48
3.971791510064306e-15
8.427283224568344e-12
9.580025125145275e-35
2.1498733069090222e-13
3.896897562638928e-27
5.969315701305129e-26
1.1854291264679672e-98
1.6971611120267034e-37
4.4571453344850457e-13
8.430932333747945e-14
6.414669973133705e-11
1.4225916647117098e-47
2.2237444776942127e-26
2.797444085548669e-13
1.3998101237546442e-23
3.2949147997049523e-22
1.0692629905850906e-28
2.285964557185816e-34
1.5771466698616772e-38
6.504659947140833e-12
2.6597213384049517e-20
1.6708701704296265e-13
1.1541443557559723e-134
1.2977928677182893e-24
1.3981478872035757e-34
5.1906488811343366e-55
1.0088543817587471e-16
4.748051258873096e-20
1.4741931827294454e-27
6.647693958233154e-57
7.899454480984761e-27
1.8092214990683754e-101
2.8833250935250994e-27
4.2520024303290097e-38
2.75756218685346e-32
3.0642976187172335e-24
2.935462384042278e-25
4.707191945805628e-56
4.2191731711765973e-44
6.425778310550515e-15
7.989655598227682e-47
4.429980597454976e-43
6.383141365217407e-32
2.037656832848906e-18
2.1811346772347554e-50
4.4929435679088816e-07
5.577410122184378e-94
8.015899161737683e-25
1.3472406896851255e-30
6.416456465586057e-39
5.427806491314964e-110
1.1380799101856463e-22
7.183100166851644e-34
3.3277544245450994e-38
3.504994259344991e-18
8.218547980302872e-36
2.655289482058424e-34
1.3856656945308327e-33
2.503629319332621e-31
1.3585919370081603e-24
1.1913989270735891e-37
1.3838503330560124e-31
8.408025638353968e-30
3.203981749121485e-21
1.898665299807755e-18
4.9593830314313e-15
8.983528650948555e-25
5.837346823862142e-24
3.2245777499019504e-18
1.4820163724166994e-29
9.235435639114472e-34
4.298079689792697e-87
7.060779490578955e-22
2.263291400927791e-32
4.583041753984642e-49
1.6437228547988685e-35
2.9316903295655244e-52
9.731001587261608e-22
5.113271793341869e-39
2.5975203943814975e-18
4.329817076152389e-23
2.861279164780188e-31
3.70605616965125e-63
5.4217266213172405e-08
3.1862410629330845e-08
1.8275064942582905e-22
5.395159057597182e-25
1.154468393164998e-16
2.7096938351273948e-27
4.2747502325848006e-51
6.328536422370091e-36
7.468716357121694e-13
1.3576863136414147e-45
1.946289294105384e-21
1.6332460752168838e-20
3.152622005269523e-25
6.020044550245224e-30
4.939899022556257e-25
5.6794745868644975e-31
2.811762310047016e-36
2.566015721252817e-50
1.0603908135269344e-22
6.795248830305065e-23
1.738917932253948e-33
9.229210261923535e-47
1.6965154905492656e-27
2.386028693411279e-33
1.4901478797786354e-61
2.933848391772116e-84
2.7686030477754824e-42
1.41299468065978e-37
1.3953623303394398e-14
9.112478110538281e-24
9.786979238103996e-08
2.4129536337879008e-12
2.23282482202257e-18
2.4344101733020737e-36
2.9638323250351967e-18
1.1064360002335322e-09
1.6237993119718711e-55
1.6143320330138778e-28
3.430512817790188e-24
4.4347046659338246e-89
4.3623520397376e-13
3.136673594672326e-59
2.114109030276834e-29
1.2118839322582527e-26
3.057806701060233e-39
1.5434184974304949e-16
9.280578147027254e-14
4.775582261582614e-47
9.054347507060114e-15
3.738595866723699e-32
1.9724752549754576e-38
9.832697177702906e-89
1.5209621145405153e-21
7.007399285809959e-25
2.6723595633272474e-105
1.0225485490881038e-23
4.250974261663006e-38
1.0928912091839904e-40
4.4801829370276487e-35
1.7036744511969947e-37
5.872168403137209e-32
1.483363302850323e-72
5.517953635742935e-08
3.54368030823109e-17
1.0398918627607418e-26
1.982013142334448e-25
2.7178735399851936e-44
3.082975085961409e-102
2.8348805022724425e-31
4.786772282105871e-14
1.1511513990779674e-60
1.2426618559603836e-18
5.058653012731464e-14
7.348567128696148e-27
9.198647967377687e-22
5.573527292888562e-42
1.4614880707868684e-25
3.9721852056987526e-60
1.5847286484358275e-13
2.1658561746961032e-29
1.4572277535422133e-22
1.7906211182573598e-30
1.9022722354577853e-64
1.408713241083565e-14
1.5511864795875995e-26
2.213315775644827e-19
1.7928127523169577e-19
8.480155117348884e-23
4.506021520562731e-16
1.322335161104571e-09
3.4944419898119815e-45
3.2705381752880623e-28
6.089049327727231e-23
9.330629761184219e-120
1.477049600860984e-35
2.4801948202853816e-12
3.7582055069764245e-65
1.8160699972850618e-09
9.281887279118444e-43
6.8116743690994034e-40
8.540190019932425e-27
2.6043476422907464e-19
1.808501783643329e-90
2.1587980682246947e-23
2.5451787834416787e-23
7.400853977980918e-28
2.100119618487515e-28
3.1365447057483926e-53
3.705048919506677e-35
6.09228000940085e-18
8.75906302471992e-21
1.6091087810857462e-26
5.961655698919289e-41
1.3370893602382941e-13
3.8958917230258794e-12
7.473487851131344e-17
9.275452598518171e-24
1.0399217615221764e-45
1.2960507034855537e-89
3.01206680393055e-21
2.87930910763138e-27
1.4472567780561723e-66
8.129101925763992e-40
8.57365644748234e-18
1.6226889257921165e-29
2.2467449993123524e-28
3.2972178028559787e-19
4.451077815422407e-12
1.1035837512714064e-16
1.4304250076960104e-40
9.649601776826245e-22
2.7818713409194955e-13
4.234898563624086e-28
4.69068376496729e-19
3.3787606107809123e-31
3.6230239154029444e-25
3.3907121876140775e-16
1.6713629368595513e-39
5.297907186916204e-26
1.9049986803843173e-14
5.998408693336712e-34
1.307135575277322e-14
1.5502328942030904e-09
2.5058447259335314e-113
6.671329795592966e-11
2.2956199033727555e-22
3.70921081921408e-29
1.3813139325990066e-09
3.1813934907441156e-25
3.1754776866766024e-22
2.541473745300054e-30
4.210390986544343e-108
6.745332679271905e-21
4.590410408198014e-115
1.5822578589665833e-34
5.72637109166126e-15
2.7830029780845444e-104
1.1817847878745944e-86
2.3735675142428275e-06
3.6972415772042767e-06
2.6352917013762633e-21
1.4510212800195687e-97
9.034712492203052e-29
2.65804566144324e-09
2.272537843659281e-43
3.274211786511273e-33
1.4823785715673057e-24
2.0339265725315554e-55
6.411420998069101e-25
1.281582835190072e-41
9.586780591611897e-27
1.0373825805388088e-17
3.4044022966103317e-87
9.50680036312598e-46
2.157484329611268e-52
1.268806735203072e-123
8.449597150346912e-103
5.026095191150696e-28
3.0853988780623333e-41
2.7711633200984165e-36
6.81630679748549e-25
2.049138363556033e-42
1.7787720792185126e-30
4.0503370175280076e-08
6.844673612116857e-41
7.125622190459544e-38
1.0668793153844472e-18
1.8412277676909165e-76
8.523827052794087e-52
1.6012111307421079e-25
1.6958367786423757e-22
5.617818624638352e-103
1.0303076539666734e-25
3.165644043854211e-98
2.878788000326761e-25
1.9860978918992542e-50
7.248113526320571e-08
5.2424498006837014e-23
6.315800344253644e-41
2.2221164255360064e-41
6.470129067649421e-13
1.8861875817251465e-46
3.451653883073733e-36
5.060174332759409e-26
3.197422798727348e-34
5.90081217491985e-29
1.3571111483590759e-08
7.452421694786076e-31
1.5886355806477407e-22
1.313715942255425e-26
5.188584653533937e-28
2.9307818190155616e-23
6.805973126927953e-14
9.204993218360355e-115
4.7500588038053055e-24
1.0579722113958652e-29
3.6578823111560676e-09
1.4235664457457738e-32
6.93239051698894e-36
2.995272226587414e-17
8.254125089862193e-107
2.3074091512544334e-29
7.35704240233997e-38
8.064570201214503e-08
1.3639039944719209e-08
1.3403303545084051e-31
9.394225725369285e-90
1.9802721590043426e-87
1.727669352965642e-49
4.255704914890463e-12
3.2535214746156026e-30
4.5276768437974656e-18
4.186287649500451e-12
1.4350258752159204e-19
8.319953751332355e-99
4.2394999133432525e-46
2.0376343728120445e-88
1.0563421264499858e-21
5.1332601083575427e-42
1.7794037883642153e-34
1.097350164123687e-40
4.3802439912612874e-27
2.828229721827558e-34
2.621776126013075e-22
1.2275202062696558e-102
9.35101730775438e-39
1.662663593420106e-34
1.5033377458965054e-43
7.606756580748327e-29
7.804354484411683e-10
7.242687327862233e-49
4.2743922559106804e-91
4.2108229453714855e-54
1.0744887577885532e-43
2.9516643683713157e-32
1.09181152631874e-27
9.63964597039825e-16
8.361063686000348e-35
4.4149311918833296e-41
1.284408592335464e-35
9.64068765537998e-37
7.41582440441685e-18
5.766869438795926e-25
1.9692630036294882e-35
1.1657552698576352e-22
2.6093091965884702e-05
8.489897714709947e-12
2.81657136829529e-44
6.051107491680195e-22
5.551699853288751e-40
1.470497423104462e-28
3.428921841246573e-16
6.58831025222782e-27
2.1465488734752011e-19
1.0320531980510399e-32
4.501038122206579e-26
1.4192555811916483e-66
1.5455854363902657e-110
6.128046722287232e-24
5.021396755579527e-28
3.4086381500920773e-20
1.017457186375378e-18
1.3192117693270345e-24
6.172973065477475e-28
4.275475719226923e-67
4.981363644938474e-25
1.132230499395155e-65
1.0176239803993853e-17
2.9347592429486264e-17
1.2950424498803242e-23
1.210632903023037e-22
7.578766463696133e-12
3.2214804119022535e-09
1.3320032299436282e-20
2.097812667080776e-42
2.242242109383182e-27
5.0511155806867007e-64
3.197952139147983e-49
9.238548971893515e-108
3.866749745366877e-34
1.3972176178568004e-73
1.8993850429419177e-13
4.853643997138354e-10
1.2961320415301226e-22
2.2745653048711287e-85
1.719152055168644e-23
1.0584277901019697e-26
2.6073190399553065e-41
1.8156590838438988e-41
1.46306929360732e-101
7.876675788914863e-36
2.865617607391447e-28
5.581532767041896e-11
1.4851149728856242e-30
1.306202905592735e-26
3.5911379095539734e-27
1.1245784318041895e-18
1.3600681117592804e-12
1.2152193130246236e-34
2.9282892299729877e-33
2.8377374655395885e-11
5.073176477500989e-17
5.954789991903803e-94
3.099738556136895e-48
1.5693545250307234e-83
2.012028456035405e-13
1.1868982957559875e-29
1.1669979890346636e-09
3.6463070864810864e-25
1.4681712617970006e-27
3.9437403479406146e-33
1.4364622715468993e-38
3.1112452274215433e-35
6.118467916995428e-87
1.6703179781583055e-32
1.4482207427201614e-34
2.094097413302558e-45
6.473572356117584e-53
3.069454235548022e-115
2.0860043707190076e-90
6.309962887259277e-09
2.1858533460647273e-23
2.0875916393964642e-39
4.8295462273279085e-15
1.2373474032228998e-44
9.845754895645967e-55
1.3080077729925921e-18
1.3936278009751425e-27
3.015701524239442e-33
6.180978379919392e-39
5.095459149341463e-10
4.288690581118878e-28
1.9545367348082444e-32
1.6920947819402668e-26
2.330061375742247e-12
2.4121253360356574e-66
3.3724560604079754e-44
2.831513743426617e-18
9.436991675464508e-13
4.5678440057825895e-34
8.08546936980631e-12
3.3420977029986964e-60
5.335744564661353e-49
1.9751843708947155e-23
9.684624298245116e-93
3.830970985641128e-22
1.89774297991131e-39
1.3878345423749999e-30
1.8484263196702594e-39
2.5204500170893973e-21
5.214936468283229e-32
3.684397589384564e-19
1.2357233700148686e-07
1.0587507617516424e-30
5.712559387484468e-17
1.117670546549065e-85
2.7604380298553336e-34
4.309556182032042e-37
4.641079735628802e-14
6.331944258555893e-08
7.926877563012825e-10
1.619286332143386e-16
6.000402951256817e-20
3.7321381017897145e-23
6.215903570132793e-55
4.0480103475681015e-55
1.5771704839835646e-82
5.596139401964664e-39
5.807529127880147e-19
3.152718886584416e-31
8.700221155011588e-38
1.290546278238504e-09
1.0063988674939808e-61
2.0168293899776572e-17
6.402033213851376e-15
3.4820645330960655e-31
2.2867821062033377e-93
2.1717991218634288e-30
3.58105262732645e-37
1.7084460087312596e-88
3.2802425650045327e-18
1.7066525569339962e-15
8.87383012283212e-27
2.7831227726372254e-28
1.660890144931154e-07
5.806560166309488e-37
2.6521253136147065e-13
2.2844335887921128e-07
6.683821018474469e-52
3.780578423763077e-11
2.938864564134534e-36
1.0447599614754594e-23
2.786018490447784e-08
1.8827696765315484e-19
3.556526858311698e-29
4.517786987567698e-29
4.737789692533929e-30
7.218642310439704e-27
5.696685083397918e-100
3.216931023558846e-19
9.577365090589668e-39
1.428484356319204e-35
6.590400462928103e-29
9.741304672119523e-37
1.1257532641458532e-26
1.0592847816181998e-98
5.2476564133812046e-23
6.089612527711659e-17
1.1414870101239898e-14
1.6591672962472684e-22
3.7683535180744056e-32
5.105542495890153e-32
3.013271149015648e-36
1.5572123470852298e-28
4.004819132662072e-87
1.4828075843349e-15
7.644948457675564e-57
7.996416973975952e-24
4.3897319965770784e-39
5.2857752885833324e-99
9.436154541744408e-47
2.7303501066235696e-22
1.1602339981136042e-15
2.4280055582080007e-55
1.3437836167264458e-12
8.368121311517095e-18
5.4133006078487195e-31
9.261215223896203e-27
4.4973452297172626e-21
1.1909912155729383e-35
2.62590615365324e-20
1.8541570906495264e-21
3.589800426281527e-14
4.182645428760101e-25
2.835858262349533e-41
2.345482667853526e-95
1.4935255030371408e-21
4.3294484232085155e-28
4.226496906292528e-31
7.460139924574041e-19
1.1721665508692824e-15
9.890001963932006e-09
2.0172358333126158e-18
3.3435881317101445e-88
1.6875279051270076e-71
9.838661159199733e-53
3.2170362466379123e-27
5.01400624907081e-35
4.823466365605055e-28
4.895782800640549e-16
4.751478440011538e-10
1.5594213318115185e-12
4.6501659725733806e-36
1.716183135548739e-24
1.0823723865235138e-30
3.1416747161413995e-19
4.885386437586872e-17
2.252021940095539e-09
2.946666244382978e-14
1.967467931118902e-29
1.7804761208707808e-32
1.0437254489186182e-45
1.0780687544202535e-25
6.81982499261562e-85
2.989747763795225e-25
7.911785484270345e-31
1.6545549734159185e-30
3.881546090797252e-37
5.6136722962504875e-33
7.371559662321265e-36
7.408437574968097e-28
2.371663978481906e-38
1.5805583389256253e-33
1.1540364002746318e-09
2.7695022680208984e-35
5.2579225698854625e-74
8.786502731465557e-34
8.069429490370685e-22
1.41367582368208e-29
2.0185711714445866e-20
6.553757809436217e-20
7.592299037647221e-16
2.2380488605293164e-41
1.7426131962900257e-08
6.073647077089708e-16
9.232446735373572e-60
2.8703969327482215e-24
1.8499611638280794e-36
4.03262403249095e-33
6.869168641747332e-27
4.328947889499753e-11
6.724639239856068e-35
2.330994882014874e-10
1.2481755438078987e-34
1.3222767091545175e-45
3.3161582984202034e-49
5.252966813373778e-76
2.588206893795692e-48
1.5293039194300294e-15
1.0905408197632728e-26
3.970310525842066e-21
1.380135115308351e-11
1.862393988268777e-20
4.041945703721451e-13
5.933264804638088e-34
1.1588397694100753e-50
6.683466793645561e-38
5.787863051570124e-27
8.968073621854048e-33
8.226022821371967e-12
8.553140498348165e-36
1.0214544890736167e-51
2.880808667807564e-55
1.3460336524741893e-32
2.0221028982070948e-45
2.144068774424056e-33
4.7263181352217626e-55
2.821507984087344e-29
1.9228564156748835e-41
8.741843620366657e-11
3.437034341726884e-25
3.897443062331368e-20
3.8053510483582846e-87
1.7588885073480545e-35
5.687148195587781e-47
3.76476992177046e-22
2.579858661929486e-05
4.7340632318241245e-17
1.891393438244825e-18
4.379562750194833e-26
4.538375349553789e-34
2.2150371353890995e-29
1.2364813576713328e-14
1.2486866745645003e-91
4.9788021936215985e-48
8.550366149629003e-30
1.060056096202363e-31
1.0766197716808548e-44
5.881124666466874e-13
5.546974321913713e-10
5.221950703677438e-31
8.787555707250528e-45
3.540076736538986e-105
7.069187347921189e-12
3.0270814308514546e-08
2.392410089539989e-20
4.280159463792605e-14
4.325437860211988e-96
3.648959966342767e-39
2.1297288921782183e-32
2.1708483101010252e-07
1.8494758153110745e-19
2.2321860458029329e-29
1.0671706895441675e-61
2.1973561446073085e-38
7.577939682547858e-24
6.612828256401169e-60
5.645490339181592e-27
9.985346592069369e-30
4.036162341910184e-45
1.0185701252391183e-10
1.6332097989295189e-34
2.5900310872388353e-13
1.041166690062455e-24
6.594478119586724e-51
8.068266744634923e-20
2.7901643243430666e-37
8.448700804687573e-34
3.1754238632105026e-37
3.145810286125489e-30
8.265228759653765e-38
8.35926822208056e-12
1.863016138162856e-32
4.969746118182874e-116
1.3068119850576202e-35
2.195631514124377e-19
1.4376589561764788e-29
7.492627583480715e-15
2.8658507761854197e-56
5.566414291914847e-30
2.993889656755133e-07
2.0150279789992295e-115
1.925402020360563e-12
3.7478783985422704e-75
2.9548963985229055e-37
1.5145073611175913e-17
4.18894487835235e-14
1.8732793704161e-17
1.969445561074863e-29
3.481692422292194e-11
2.2164005846423323e-47
2.2607921117645687e-81
7.812905309737656e-33
1.620834611442259e-15
2.0042991403533355e-46
1.6745223008369018e-28
1.918647617231982e-99
4.1105413757061585e-46
4.997715386666252e-61
3.498299862572851e-24
1.381613890155123e-23
1.0947719395528501e-34
2.708709924837166e-28
1.932273913255548e-37
6.142178489142345e-13
1.4254728991430895e-38
2.6716302887423806e-26
6.23788926838083e-12
2.730569652877485e-29
4.2997937142587927e-29
3.267653308937839e-87
8.554261280119413e-99
7.532047530106489e-24
1.244418589521029e-85
1.8604200034510203e-21
1.0235361485002735e-38
2.4818506620191586e-28
7.475569348289504e-18
2.9247513892258716e-36
4.484755489039521e-22
3.874151162226022e-82
2.9052840087069474e-18
3.052594261713032e-21
6.048582604476136e-11
3.778985795947304e-17
6.190773839534559e-20
1.8526004239849567e-40
6.092839252934441e-29
9.759510004759294e-77
2.892555756371026e-48
3.5217911110762376e-33
5.717475327488443e-91
1.0918275135720314e-34
1.060284600876448e-24
7.531177926334784e-18
1.7003979365549197e-28
2.87162737471904e-22
1.3700052709150215e-22
8.261943428439108e-89
2.384710074392565e-15
9.9061144479733e-12
3.270441321348492e-29
6.972742809001105e-27
6.782526254791285e-12
5.727655398595597e-49
1.308494914512289e-15
1.5254616802085391e-27
2.959320457938871e-16
1.1132223359818198e-27
8.826953771759257e-27
2.4436080659935204e-05
1.305252337587864e-32
1.3450955287646981e-30
6.20525191782524e-22
3.8182337075968504e-22
1.7304113060836704e-09
6.968363352437413e-20
5.85177140317263e-50
3.0708351248663253e-46
1.3834478922213495e-89
3.253216926034938e-28
3.6280534546414067e-41
6.69504608610689e-25
4.272701562514111e-36
1.3325101705279716e-24
5.609266444823523e-44
4.5343949915723665e-35
5.1071299930379004e-36
5.300095203379874e-23
4.2958721142510724e-94
7.475848437018429e-78
2.0285759286615562e-92
2.7521611151863998e-33
1.2186795835138301e-36
7.18170097908254e-13
1.9113404789258935e-13
2.3719825142020355e-16
5.5176868976833326e-14
5.76897512376089e-18
5.025488206833256e-28
2.7971224142328454e-27
1.027738347471731e-40
5.446350368423042e-32
2.6423078880225784e-17
1.1891236288085597e-19
2.805071258644315e-32
2.1286363616067475e-35
5.481910020668525e-26
1.8789467589116736e-26
2.3019660226518992e-15
1.1424855796928507e-24
8.124264341894592e-32
2.6245743467795014e-17
8.015649563988912e-124
8.83803615789319e-44
9.048516328663363e-36
2.014087927798518e-05
1.7433709263108403e-37
1.0860106208276401e-19
4.8142259374223e-38
1.6235137965624688e-38
2.9358566322751092e-31
6.023224768177223e-34
9.93858681193164e-39
4.391123528969845e-22
1.5496120801052788e-31
3.0115888468683e-20
1.389388996231435e-24
3.790246754133371e-35
1.606496127478826e-47
1.0375034858821967e-26
1.327094589397288e-52
1.2788295450652596e-28
1.1419862482836648e-46
6.39615675237688e-21
2.7946852858787827e-85
3.589403985696272e-40
1.1227642631391157e-46
2.1611681634757648e-29
1.3570423912750997e-102
1.5852088391138993e-34
4.305976893274166e-31
2.666076173282825e-56
8.218641712499388e-29
5.778659734922522e-81
1.539153197629544e-15
1.8883931524267056e-22
8.10793801251575e-91
3.4376470178512194e-32
4.217049132468879e-12
6.36031764982669e-22
1.6858463229572518e-36
1.9610254488535738e-31
3.1586569533978582e-21
4.430925551912782e-11
1.6219537437831907e-31
2.2310152857938518e-11
9.768231390014234e-87
4.7058699118506056e-20
5.606758910245052e-25
1.8825459097753802e-22
3.5428311083801924e-20
7.922162169299728e-109
2.2160535090932583e-97
1.7587130195067713e-28
8.000290701033479e-35
2.2546990637452204e-19
1.3431906312584915e-35
2.7694422281824036e-20
9.99746928805417e-36
1.134435582972791e-12
5.5767213590958845e-06
2.8436961210427996e-28
1.610281681108144e-11
1.9292468182254334e-36
3.0741519772322867e-36
2.528258243997946e-66
2.2904325894975606e-17
2.2024129179038962e-07
2.116761096664849e-57
1.3570516381582851e-24
6.673321872432395e-36
7.332209982791935e-45
2.9963045229128903e-61
7.963488664315033e-93
4.99565652568784e-41
8.916921317294044e-19
2.0722934490345465e-87
1.1521779320837039e-17
4.832335302747264e-40
1.0623803474333222e-35
6.29631986590959e-19
3.1301574528747818e-77
8.039180096815328e-83
8.68268762963497e-83
1.4029553329675678e-23
7.40815232567805e-34
2.4841535658186e-10
4.556411063072461e-23
2.2141535950657096e-40
6.028485936823178e-47
9.284808340269528e-52
3.893754879299333e-13
4.438715678832374e-24
3.457855969304121e-10
4.0623180716209104e-09
1.0252876831401072e-25
6.434977222124255e-19
4.516075955279747e-23
2.0636876919343402e-29
9.051514843107186e-80
1.2202715691879543e-40
8.7354721162049e-27
1.4278456822805978e-31
3.943400445477805e-42
7.61656128329022e-18
1.7547518229479013e-23
2.377397930910023e-11
1.8526835967523892e-24
4.5718929233878967e-26
2.225450610104884e-26
2.1103024287037558e-107
6.358064207917439e-92
2.7350602738750273e-22
1.1768567792694171e-17
5.697024256782074e-23
1.0733390923722348e-20
1.0464564922815014e-30
2.532956008704388e-39
3.3679847174226496e-28
4.833074072652822e-38
3.450175328906104e-33
3.1029490917101435e-40
9.58968844705495e-32
3.929177210339363e-25
3.3500710506095814e-23
1.7191564541022915e-31
4.248204243046829e-25
5.197961613833824e-22
3.2267612053260643e-44
2.56560633882386e-13
3.778898061952821e-30
5.895583673867543e-52
6.744539038639324e-38
3.129177758434524e-99
6.238330316080253e-19
4.479468078674047e-49
1.7529369832913089e-50
4.115052959149632e-37
1.0952619855722402e-22
2.6453173104097568e-08
3.9014169109270746e-31
9.194267822776116e-13
7.936444693802397e-33
5.92835444337144e-22
3.311135254559886e-49
3.872485429802079e-31
1.3263120137642573e-31
8.502719452841619e-30
3.3889701017239544e-35
6.051595978487342e-15
6.043030000288578e-29
5.277132460816831e-14
7.213564049680196e-39
1.6683158715994122e-16
1.0973830991276662e-48
4.520524763472303e-25
2.7694949997131717e-43
1.129522264516676e-19
4.573758093523018e-27
2.333332247775753e-22
1.4205330421406477e-24
5.797190323095309e-29
1.3511213511951497e-34
6.045996211825246e-30
9.195689001000855e-18
1.0629455775213125e-30
1.6808637835086697e-48
2.1104705041030014e-23
7.124459484008894e-28
7.241281468076424e-23
2.8997249647605575e-20
1.0174080409187994e-89
7.039003411742079e-27
1.8653578632056082e-08
2.2957314779239303e-26
7.486080366855772e-85
2.0705354099273634e-21
3.0196043280256758e-33
1.5282218414909726e-34
5.2599349162226736e-45
3.728230304683112e-92
1.0286885279633134e-27
1.4391444249516707e-21
2.2060059569573296e-40
1.937581631857053e-19
6.981274887904419e-19
3.3221734537787182e-22
3.380130717621325e-30
4.375320469714223e-12
4.7268361629937547e-11
4.317835912126757e-20
6.144291267581566e-30
1.979687226767362e-39
1.2101467263467847e-31
8.955955738422165e-34
1.2634179637741682e-88
7.52104587693156e-42
1.062029099396672e-25
5.573033800066077e-23
2.4075677055206643e-41
3.9175867442450173e-26
5.472628656593402e-28
5.646085515532182e-28
4.707917039144796e-34
5.2100214222883435e-27
5.88076618614984e-105
5.689215593915291e-22
9.636700116864456e-37
6.200213977262123e-35
6.909952555117032e-18
2.4586327326274946e-44
8.673550337480249e-26
2.5841793521272017e-36
3.2677025624342762e-50
1.5444514948126386e-25
2.8822467306230534e-51
4.9907015224881505e-25
3.1260215014216364e-17
1.481107891123775e-19
6.772459640184366e-25
7.859053976116404e-20
6.611171084139047e-28
2.4234953937939503e-24
1.0004107904849908e-30
7.917766932557666e-46
2.3726454844928243e-36
6.081476945832763e-43
4.67125009170749e-18
2.9602020055181632e-33
5.216594467545467e-32
1.2403680489070188e-40
6.404919911635469e-15
5.8309286426638775e-24
1.6055209575729692e-19
4.929294001029543e-40
2.3662272970575965e-80
4.9941597541587205e-25
3.9165981555174404e-20
1.8395885219358393e-42
2.4660005131073257e-31
1.1301705367827774e-40
2.7406797815680817e-09
1.808692088727051e-94
5.90287806398174e-17
3.9606779422888693e-17
3.8413126634885477e-28
5.206849069934195e-33
3.975673984891845e-20
1.290752017902946e-13
1.9809032836433443e-10
7.468998878016119e-09
3.698688460670864e-38
1.0256265424530105e-29
3.2371149173131566e-34
4.184035212904138e-36
6.14290727489953e-54
1.5615865712792093e-29
5.635672788556322e-16
2.6982757010725826e-33
1.4164123470246524e-27
4.53988004750039e-46
1.6402970243439924e-29
4.804697623774801e-46
3.1733906681030155e-15
1.690821917468598e-32
1.1556495635874613e-48
9.096920481185676e-25
1.6178317247279218e-11
2.6116794795254703e-26
1.0009171186881662e-26
1.9841116150794593e-25
3.807662443029988e-25
2.5646949177434347e-40
2.1792292933019632e-28
2.5348389655907402e-11
8.051578734843653e-94
6.251946561990217e-32
6.574315485914592e-45
2.5312456680235797e-34
5.823457455914349e-40
1.7579455401660303e-19
7.28305783994482e-10
1.2113811407051716e-81
5.931170452882824e-24
9.185739245152474e-94
8.89746145907412e-42
9.77192596455342e-20
2.6254978374455217e-31
1.9945228498851453e-27
2.303510882791873e-08
1.1663618839024388e-146
3.18252035336838e-75
7.463441053238218e-28
4.3427301481450655e-25
2.334979451784287e-38
1.5129153561894005e-35
2.5608906477375325e-23
1.988450786065704e-27
1.643119121427984e-93
4.0738599783098347e-25
9.266867606397637e-17
1.7834100026842794e-09
3.6828141584169405e-27
1.467539954284356e-34
6.2137248900338e-20
2.2273924894381706e-19
1.5385629207099842e-37
2.7989813283185363e-32
6.61603216034623e-30
9.049147738301705e-29
5.023404498124704e-46
8.008078611691338e-43
9.013694440296748e-29
2.5163463777876386e-20
1.4544814540526996e-43
9.527101518276241e-31
1.0431976538945048e-30
1.2920732208877336e-08
5.24305951311581e-26
1.8863636386339117e-30
3.180895668506626e-38
1.9109725745350963e-16
2.6133034162938575e-23
3.90269052774032e-18
1.4575338921147495e-17
1.0585597894386077e-76
1.4011762622274226e-27
3.910585375047649e-26
7.72639396458911e-34
6.949013903028327e-27
9.441953939644085e-39
1.6627594094868025e-09
1.4521467624541252e-19
8.243927949228934e-37
1.1757115331631804e-13
1.265270395182812e-46
3.8078034227158215e-86
4.594560345767422e-18
5.499219338050484e-30
4.486398682155578e-25
2.471901960098945e-31
9.090527591126651e-22
3.7570638394878274e-41
2.8811589139344657e-92
6.353788973831025e-31
2.1545773722024183e-20
8.730004930306649e-37
4.1106454489683803e-11
8.764599477899689e-24
2.8715202194931784e-43
4.749558159042837e-78
4.4166506898209656e-12
4.293897420672829e-112
2.9600802135989794e-19
5.384192231118664e-28
3.053689371482711e-106
1.2743220753702544e-27
1.0611023277925056e-16
1.3841693342066944e-36
2.102603564550771e-29
3.927761854067309e-26
3.8194333595945737e-90
2.993269480091634e-35
6.96582705726547e-79
7.33717697124902e-84
7.090578978046397e-73
7.463271684799431e-25
6.301009335287187e-05
2.147289987212606e-25
1.751216332740959e-27
5.345588039064793e-21
9.943249727547167e-30
1.6550144757030113e-35
1.5040463833423668e-27
3.007090843218385e-106
7.451490433007804e-55
3.8313410518040033e-81
1.8671836458851578e-20
1.2681109630704413e-41
2.779980434543561e-29
5.917168932895885e-55
4.840832064759647e-31
1.0953021393941951e-21
5.037347649447355e-17
2.5495042941514025e-25
1.8034710659593445e-32
7.80474562235724e-24
1.1492233920780729e-39
6.463876476397443e-11
1.8034099070404827e-74
1.7908244753152108e-93
2.0874458652126955e-47
7.11808846637522e-45
2.981969259535862e-10
7.593235135657976e-33
1.862802913210726e-09
6.829927761739846e-29
3.1114352988891706e-23
1.9867960829259578e-39
7.421329624314287e-89
4.1744429997539665e-27
9.079537402362489e-79
9.56101064551187e-12
2.413628858421102e-66
1.1479633973660661e-20
2.050599972455613e-53
1.4763486340883973e-21
4.9363448381571085e-76
9.292867520348986e-39
3.1039033039523557e-99
7.908834819387479e-82
3.769620628610015e-42
7.324681495589663e-16
9.069797310144062e-32
3.375072066079769e-12
1.8211672845636552e-47
7.480109295570026e-20
3.140031874859688e-24
5.459847676212129e-85
1.9382931850758665e-09
3.8246733498955636e-15
6.322868040104065e-35
8.366934612248663e-95
1.9585843125292408e-22
3.405151712076983e-28
6.752831276718262e-17
1.1065306549902936e-15
6.141788157634265e-103
1.511496878799766e-42
1.603218959962534e-50
9.190721422791272e-15
2.782934973677043e-44
3.623353915164832e-23
1.0870235284266367e-32
2.2816761423687643e-51
6.603440490710778e-50
1.5604804645340378e-27
3.199603331424155e-72
2.60153115951501e-16
1.9362780463521613e-39
5.467611067600785e-24
3.113383398141933e-91
8.152237602291421e-39
1.578055315011085e-46
2.203113815816306e-39
7.861384338450932e-105
5.975017104715182e-28
3.712997531134701e-104
1.2531599225209047e-37
1.5607291608525205e-19
6.283052249778401e-17
3.960762178615434e-14
2.1563429345812363e-31
2.4235227265343214e-25
4.340703839860044e-24
1.5973866461374425e-40
4.50554020363495e-34
4.683035147448979e-15
6.937423715915592e-54
7.20557263327441e-38
4.6445555565090456e-27
8.385803187192747e-31
3.919245435985056e-98
4.2918071025315734e-91
2.199690730341528e-24
2.8070162672880358e-139
4.4380617240557964e-24
1.516145696964725e-48
7.574875785326605e-36
5.459461134807752e-15
5.413747360159177e-41
6.969622522966087e-41
2.9357664208269324e-80
3.889850582173872e-14
3.274907836437293e-47
2.7014345396084645e-48
2.4784984854899063e-22
2.3117338459421322e-38
8.556590809145178e-23
1.9312935919448743e-31
7.041405582887195e-20
1.723740482923166e-38
3.522239414061407e-83
5.934718316177565e-46
1.6115573393284443e-32
8.925799118263304e-90
1.8006752951907133e-18
3.69905617943291e-52
2.0504519413819104e-27
8.25026297764391e-33
3.257677899874941e-12
3.5143316096500804e-22
2.2979309482100126e-97
3.0202762083873965e-14
7.55806242666252e-34
1.311064540201612e-35
4.752413510234231e-18
4.2212318539610935e-27
1.997961280056708e-20
4.4334534700719705e-29
1.4694782657746202e-39
3.574818015844429e-40
1.3544188883164176e-47
4.7214331577766836e-26
1.8385291552712168e-29
3.5886962227002405e-31
2.333776650320728e-102
1.0793986420730267e-63
1.5820793755546864e-38
4.436642176756828e-32
2.108058893863693e-09
1.2678611573423391e-44
8.4635008218831e-23
2.1044449953188946e-25
5.701625825005999e-35
8.136004345563631e-08
4.232360222443318e-23
7.837022261848562e-21
7.808783971206283e-22
9.572192712528927e-09
1.972247979665564e-38
2.00423719043222e-31
3.395872111432932e-131
5.238610042618846e-27
5.143907549617354e-93
5.0537052179010205e-22
7.370382409503882e-21
2.9250828088710877e-32
3.2228068393420293e-42
1.472902893741973e-23
1.8807928403486622e-39
1.2045388750950732e-22
5.113817211555564e-10
1.867561239396989e-24
1.3302210527079174e-38
1.7860639585405864e-33
1.811825498772814e-18
8.472659444205648e-35
4.0905233640074596e-30
3.3403062258691984e-56
1.2421017364187008e-26
8.355351337278099e-36
8.716134755262811e-38
5.049972564046055e-28
7.653730668098286e-29
1.7722607718763223e-12
5.758770165674219e-51
5.932414697618803e-104
1.9389539360304367e-23
3.757557336666168e-37
3.347555434239422e-101
1.8699215831693366e-28
3.9268474304517964e-104
2.8470340708205775e-26
5.199276010833199e-40
1.7770277441448482e-22
2.829083343846116e-40
4.523511042256075e-33
1.1434653457805128e-38
8.59146510838187e-31
2.1387409824020744e-09
4.433221102068158e-94
4.792237284530965e-83
2.410648831888795e-13
2.5110466815111894e-36
1.3990261574743006e-39
3.255361733699957e-37
1.3483686909227566e-34
1.942119914231212e-38
5.072084573553692e-40
1.4655512763039375e-15
3.5007741806625746e-97
2.1425092361655305e-39
5.618990773760059e-45
3.3933781208908346e-21
3.315663749021289e-18
2.975648053560195e-43
1.526592973009599e-16
5.5576670791283966e-14
1.1028093519007225e-20
3.318181338644062e-11
2.7105347375670282e-33
4.119927641416564e-28
1.4087417297319294e-17
1.2439648961776504e-21
3.043282979588749e-48
5.09547088325273e-35
9.239825281938492e-36
1.1107326516868875e-21
6.86433889708994e-45
1.5530413125114668e-32
1.2003497556785132e-29
2.446976434816819e-22
4.54957320458387e-34
3.7650642920836344e-13
4.669354298097344e-74
4.719299379374183e-21
2.260293657092073e-21
4.465184505107109e-26
7.052728057327594e-18
5.6927715195997084e-15
7.082681363946764e-11
2.7534182594953513e-31
5.454683843370986e-37
4.84749539331332e-12
1.3448005128602743e-15
2.4583947419661e-17
3.0543196349482977e-27
5.810707547456696e-19
6.138927853123016e-12
1.9171606201989392e-24
9.476654420627758e-25
1.235260586982212e-17
1.0550293134053687e-91
1.9115905009017372e-41
4.584101563632584e-24
9.76022549742572e-38
1.927068116509462e-185
1.250800196803735e-73
1.4482651208071808e-10
1.5936708542290008e-23
4.428346722705949e-87
1.1313209225649515e-30
8.29034831629982e-33
4.2918991959081535e-49
1.1570473221971271e-35
5.452118607182127e-17
1.018250541298271e-12
1.4128781417355545e-39
1.2802191009796589e-23
1.9786851241986832e-106
1.0228222661756307e-31
1.4777656308613795e-32
2.4134821990082174e-19
4.748438521893995e-12
6.594948277556921e-31
2.068842960305376e-10
1.0573473667336883e-41
5.215061064297713e-94
1.1055758143516848e-20
1.2711584570058916e-32
8.962851989025162e-36
3.1838689010510215e-21
1.35769833444395e-78
9.323077003107363e-25
2.6667418581700136e-23
2.1152961839565684e-39
2.538138230808051e-29
4.2322924569332695e-19
1.6504218811327126e-22
5.718392120115352e-27
4.817655965300372e-43
3.051071422407965e-74
1.2871288299122038e-39
3.9831823162226995e-09
2.729281505416749e-101
8.691033222828816e-31
1.2426955581063264e-62
2.5620971301960325e-43
1.0248117479619029e-85
6.680742837912304e-11
8.230677555060067e-42
1.5388477084993526e-26
2.4884519992294488e-26
2.0275168041330495e-88
7.135456780031533e-13
3.3371581683830137e-25
2.5380887286725604e-32
5.175777972821427e-15
5.349869953511155e-24
3.18413801846766e-08
7.875093583564523e-40
2.934839495302079e-38
1.6697301297717556e-22
3.5969553016406565e-25
8.693286739320502e-37
6.019905899741731e-25
3.0055403844389363e-38
2.1162396294313938e-19
1.0130910655228415e-87
8.629066770833031e-38
4.68288170084154e-19
9.497985614842644e-25
8.466196121664546e-15
1.3276566574187447e-29
2.640349003027733e-44
2.317694418597315e-73
6.068045641036111e-19
2.6484111410159604e-33
9.993151242624708e-13
1.5546212245259727e-46
1.7565299447868363e-92
8.685707230217174e-09
8.170902794732918e-18
9.478240063735744e-27
1.423788997577534e-18
1.8548651629575075e-24
1.9228373847402414e-34
1.513476203016309e-57
5.131604008341441e-98
9.478817479373549e-24
4.611732574511172e-30
2.2064011553198e-30
7.704552465632312e-44
1.005949386301524e-27
5.500037472754292e-25
1.972804938199493e-36
2.503856219033865e-48
2.401195873340216e-24
3.855448308233107e-23
1.9687691846114792e-28
4.1352211858072925e-39
4.106599881811327e-52
1.7723384932953068e-27
4.656757873650188e-21
1.0694887876196001e-99
2.2933400970700115e-36
1.8067808020137035e-20
1.2399079909714163e-12
3.665784259548568e-43
4.841090778588733e-23
4.888485607437762e-16
1.159793866762297e-35
5.58686290063181e-23
6.015612006978949e-12
2.009187051249898e-44
1.121661816803925e-31
7.258685510855737e-20
1.210974518924971e-24
4.116361359567862e-25
4.691737464517887e-33
6.26922479256322e-10
3.8439373581678746e-114
2.310058536986521e-19
1.6536188840532655e-32
4.74873575989357e-131
5.663757594776424e-130
5.758951691745695e-31
2.6458821843904215e-38
1.8093787370584855e-23
4.2238401343256774e-32
3.9810855725915354e-53
1.2195762668136027e-60
1.0606650079710886e-33
9.288315302828535e-32
2.3459703274244678e-108
6.3623629722208275e-12
3.884938181585118e-29
1.9369372303814073e-38
4.4069877011495214e-35
3.8985859638554665e-23
5.367271537712602e-10
3.215082867994029e-13
3.1705747698980203e-19
5.969213376012191e-107
2.4857727607224885e-13
4.124135094656778e-36
2.059282173370338e-21
1.8314828504857037e-23
1.2729716920797636e-27
1.3004368032061487e-56
3.774456938780089e-91
4.840183674006431e-38
1.2105721044772054e-07
2.3024133450988277e-10
1.1829520900620484e-36
1.5910632329992163e-40
8.118635812450642e-26
6.142990312863001e-18
1.325027561557598e-35
9.379348612795362e-62
9.53951769060952e-41
1.9671589658645724e-36
2.0568328782839275e-06
5.029371983401115e-10
3.815396040575426e-14
4.016952044251977e-40
3.5225017935302984e-26
2.0345170697185035e-46
1.8456135422769613e-31
1.5297776897713776e-23
6.281605310498619e-49
5.996131936171513e-27
5.1266899270265e-19
1.3561092235894684e-09
6.34320094541215e-44
1.783129289384838e-98
4.471378673931402e-28
1.6417381905890612e-30
5.814616537528992e-96
1.9129924271305545e-10
1.320660168113184e-120
3.0174351793151446e-33
3.7094083587604777e-37
2.2397013504719668e-23
1.990353322891453e-35
5.852180608540013e-74
1.3742673622808507e-17
1.3971725804209933e-54
3.6471102122691013e-09
2.9447395373358086e-23
3.229189099818253e-98
2.036540038191997e-31
5.463191671560275e-41
7.38670730575762e-21
5.1292969453050065e-11
4.834116658031086e-64
1.5492908027078778e-35
5.259827056582285e-32
6.390396602395375e-17
5.704626362551148e-15
2.9662752409346516e-17
2.576831852348571e-21
2.137602080770059e-95
4.9895907074453676e-36
2.359405188485688e-25
1.267255519521008e-50
6.108826105706225e-48
4.27407618616079e-47
2.3148147132208527e-89
1.158302900035149e-32
5.907259296955353e-31
1.2501750974855792e-20
5.8151497749496174e-77
1.2955780565477907e-24
1.5582903057457419e-22
2.3360229134222602e-86
8.645675989372692e-18
1.0871659261652876e-122
7.83132473288664e-27
3.038071769374472e-75
4.278921497383324e-31
9.05480543116434e-30
4.3524894237285557e-41
7.80017186902677e-36
4.45391383734861e-18
3.7543967471776815e-16
5.056609374863655e-11
7.430578869826396e-11
3.809500850304463e-37
2.3678951695980824e-100
4.0161555107520773e-87
9.347802160992225e-27
1.3772103725913778e-23
4.4786410508364025e-27
1.2605082494129365e-26
2.793596553096706e-26
1.7085261682537873e-23
1.2678239348833142e-46
4.8248954659982e-23
1.3931773544980398e-95
2.4793731269508287e-31
4.980083415295892e-50
4.075836293969951e-27
2.593110228575824e-26
2.22189403449647e-31
3.379466082867589e-10
7.311637560729894e-18
3.43209573787891e-35
3.539150314891957e-16
1.1069174859283265e-34
3.4959415594924767e-32
1.669543549244701e-32
1.3015196316134222e-12
2.0402685486059033e-20
3.2391995725887944e-25
7.482388404613197e-39
5.745911734212893e-29
9.093810630299471e-34
9.75959270840025e-12
3.632330191033502e-48
3.9499543484693776e-13
6.172025619834957e-27
2.430616511965518e-50
3.5178388605764603e-19
8.1564336005704e-10
1.0772388259561208e-22
1.3306527606733126e-31
1.4383815900750494e-120
5.03279621954554e-29
5.316536039154529e-27
3.947430976694785e-138
1.4806347064830232e-26
1.4823592031155398e-44
2.5769331674314302e-21
2.9272278032802093e-34
9.359544025059492e-25
3.397084414060765e-08
5.781510321350095e-44
1.9519642172477696e-38
2.3385509830728362e-46
4.4726760688394066e-82
3.3599727397460234e-47
5.671113688463533e-30
2.2074901147131507e-84
1.4979728978923123e-59
5.490496610014894e-81
2.1479295295375373e-24
1.592603133135579e-11
2.952637042033887e-107
1.6751660997860108e-48
1.4375992876067165e-36
5.910473800210109e-19
3.4410811098552697e-19
5.598535352325056e-18
2.7185252988045843e-15
5.358573882774176e-12
1.0525391765523395e-11
1.3617841697892522e-75
3.295317975777595e-27
1.0164544687329726e-11
2.3934676609391426e-13
2.9319016017128553e-12
7.569431970959134e-30
3.8356478348129135e-06
9.354146598959558e-26
3.6680670160637957e-23
9.88357744552863e-40
1.3386049301100499e-52
6.120188333783161e-10
1.7563788867268748e-32
1.482068913419979e-10
7.722669352451016e-41
1.0432756172165408e-28
3.612395432397332e-20
3.2373702944970363e-24
7.171737433631725e-32
8.060559200542702e-58
5.639872393070369e-44
1.2978737197704992e-28
3.049882867849549e-33
6.755085328910933e-32
1.2915502972589354e-25
5.112430076749897e-07
2.103763692266107e-31
5.98585872737285e-81
1.7657512092143789e-93
2.246003778961317e-26
9.183777053930258e-09
7.036235014134661e-58
7.828939848551519e-63
2.1071321183682184e-21
2.6153392610048848e-27
7.723472715540151e-11
4.963405821268231e-18
8.938087227925295e-79
5.531617427541027e-24
2.1287872631282123e-33
4.7258202056765474e-21
4.344390523168848e-25
1.680844298055376e-28
8.48381791413089e-84
5.768182797549182e-97
4.444265540732073e-29
1.1297429153830756e-39
9.340183950762308e-28
1.9482420595891278e-09
4.1545200094960744e-139
5.171565923720592e-37
1.2342520261883166e-33
3.608451989790742e-08
2.4670888213551864e-27
1.1053372710934662e-08
1.0458096590007485e-13
1.828244921691647e-30
5.266031187217323e-60
4.582803267993391e-23
1.6641875448333537e-34
8.13624151101909e-97
1.5897621837377383e-40
2.3740893447907086e-40
6.506938364004628e-49
9.151538120604343e-20
2.283518048360894e-25
1.2432586577205492e-32
1.3173549491786433e-111
2.9728513327939898e-24
6.85121510392561e-30
1.3488816790921792e-25
1.726656043689973e-34
1.300658714427592e-67
5.196436539445292e-21
4.95673836314646e-22
3.758200106838481e-20
5.263276774744592e-13
4.7091902135376864e-14
6.329498316495292e-21
2.522576012650088e-55
1.727600130239206e-16
2.21573215403901e-40
7.506755250039935e-21
6.61322143673801e-41
2.046408831884617e-09
6.443257496409527e-76
4.232116601021319e-87
2.0155156050277552e-35
3.892904917653547e-114
6.831866906567491e-45
1.561404740236065e-41
2.9168559571561755e-40
1.6489230224206875e-30
1.0359040544765553e-49
2.0134369505432205e-36
1.613856134923966e-36
6.8002588827666155e-28
1.3569023556848208e-07
3.4650427274833215e-14
3.0624867396797496e-22
8.991712139069922e-94
4.327468338489011e-71
1.4434189151121166e-82
8.260216791395798e-11
4.2448705282909415e-79
2.382675198875478e-32
1.3220001774017743e-38
1.187243157679561e-93
1.0373646267506915e-37
3.91864422446842e-39
1.0203016242784497e-19
7.982076738046779e-81
1.7626847492695694e-28
3.224461766491534e-25
8.171813366317772e-13
1.3972104777288524e-26
7.847450895305297e-30
2.365376536354639e-25
1.3002983311144106e-25
2.1430487217620002e-95
2.0123511624385383e-35
3.6962988060843666e-29
2.8639045063681e-32
2.360599929623903e-21
3.147636395055633e-43
1.2786141441413678e-20
8.624748192715858e-28
5.584330860848176e-44
2.823484460977621e-30
1.826867950916397e-23
4.943215467742867e-34
2.7496473619898143e-24
1.69646545898339e-26
2.7965123231998207e-15
5.679472278837337e-26
1.552103248009564e-11
6.543817927614102e-89
9.630927279248776e-93
5.4795943441259165e-39
1.7031544914961394e-26
3.7231656858036387e-32
1.3193145614354713e-26
1.7460593461036976e-40
3.54814411510512e-86
1.5967370851792872e-11
1.007833936051076e-80
1.4081668506938174e-12
3.0447627030328204e-23
2.2918301204856164e-30
5.650563631922305e-26
9.400954095326236e-18
2.1449552692754536e-10
1.1790526167362427e-33
6.515472949895142e-27
5.514606447815597e-45
1.671891756246976e-49
1.1827459220873372e-27
1.9727419546243784e-41
2.1716454079440185e-23
1.1088117299661904e-24
3.468014072162911e-33
4.501958006619001e-41
2.13968207942032e-39
3.4608374550334275e-31
7.578352448396006e-83
2.0680113000411744e-10
3.892334318884551e-34
1.1337401313336469e-12
8.594591841209767e-33
3.400894723398171e-31
2.0641944841561235e-76
5.986547342559842e-31
9.537561127272583e-24
7.52693155462109e-74
3.89119566046017e-14
6.879442553136784e-31
4.0291148650952865e-28
1.2729057809018519e-36
2.7426532436982718e-24
5.549572576694432e-16
2.463642618175781e-83
2.705661842103005e-48
2.8828771131939195e-115
4.91136690036921e-31
3.190236501795858e-48
2.691010548012398e-18
1.2590453899959088e-72
6.471194543969862e-116
4.54730359349146e-87
7.068675901861202e-30
6.10530926335811e-20
5.623970621871286e-32
6.09942732267884e-10
9.398961085915912e-37
1.7096956573374588e-27
1.2629293737671405e-18
1.8084693982405852e-85
1.2776451508245412e-25
1.7007272120488748e-37
3.5195767179623585e-35
1.9462623585356313e-33
1.650856684152318e-23
3.319892861052147e-14
1.4904529965760053e-31
1.8406936431045213e-80
2.3986405766763174e-28
1.2397769962812713e-55
1.1822752156116553e-31
2.4810320202578807e-52
5.20143184961387e-40
1.3681814353006103e-48
1.39854862495099e-35
1.592031472309317e-43
9.204189490223171e-70
8.868228866251395e-07
4.52741243751869e-51
9.189322951045815e-30
4.4008506202675975e-36
1.7603753997106663e-29
2.925407673614893e-16
9.260928385624634e-24
1.0143395222432794e-28
7.22289169117948e-22
5.642386307679169e-15
8.967945530410727e-43
