3.1379988604452807e-15
4.315876617422101e-17
2.2748183174237036e-16
1.8628647273092966e-26
1.52159326385285e-69
1.1603891759551803e-11
1.2260687449409881e-22
4.574065873255512e-19
8.388012087361829e-17
5.547378572631233e-11
5.550242023273194e-14
1.2201235502477357e-18
2.1217777402671363e-07
1.2542225121595522e-13
4.150670665139091e-28
1.5250577728476943e-14
1.298458107910067e-20
1.020392632502976e-18
5.808082239630759e-39
5.436681769614549e-07
1.3563330061454498e-21
3.5944502828167904e-20
4.6198597950200974e-08
1.493259463608968e-13
5.1917969315126585e-33
1.657765945426866e-32
5.336560652055926e-21
3.883471270035274e-12
6.85965831463735e-19
7.996693298563669e-22
1.5008362334526176e-24
1.7008258472492753e-31
4.7979607097904545e-14
6.204194095748462e-14
1.5813395637026064e-22
1.0150963031519246e-65
3.6310303042691376e-07
4.479576588813669e-11
3.6740319031875037e-26
6.640607446807347e-20
2.1392974656909302e-24
2.1848569188974553e-09
2.246828112820342e-37
5.637401763946682e-19
3.89748694566773e-08
1.0499400715976199e-12
3.792859378502504e-15
1.4018358025078713e-06
5.62334939068933e-18
5.183139736305075e-15
5.719384154357263e-60
1.8550085912819586e-20
9.231803421140108e-25
4.555571904652199e-18
1.313692497806017e-18
2.2226085337042874e-14
9.245070845424025e-46
8.82390700366627e-25
7.563698643592432e-38
9.152690552914365e-17
3.7820041003335497e-22
7.651889775105983e-29
2.0073065396716758e-84
7.253861653001264e-14
7.039584456055979e-17
4.644675442511717e-15
5.944239122477357e-21
8.66381951773074e-20
1.5721722301423614e-75
2.6082852757320165e-14
9.29635627470281e-12
3.5906259278434664e-20
1.168540272372382e-06
6.777844617855722e-66
9.006651829309835e-100
2.3338678920184593e-22
0.0005545140851186785
5.72828193735495e-10
1.3152056582111547e-19
1.3010199863401257e-53
7.279264915945598e-37
3.043220614748773e-14
3.5810826853251945e-11
1.9342242617845966e-16
2.2451193795407628e-20
2.0206545183750904e-13
1.156361934598767e-09
5.780480012822295e-09
6.824994995111982e-28
2.642032110859009e-09
1.4218714548835755e-16
6.28476224059711e-14
3.9230158038301984e-80
1.0334760156468507e-11
2.337146517933475e-14
7.235900342708457e-13
6.051360977107244e-17
1.7314105857792235e-15
5.449535314997859e-18
1.3813513585522398e-43
4.272639874157594e-31
1.1723898747216177e-14
6.372802173963626e-14
8.162122693081491e-19
3.54913076495862e-29
3.878974257315125e-14
1.5887856869430543e-19
1.1517254266378862e-09
1.9761398802703418e-11
4.329969207670493e-14
9.95591885882163e-15
6.244020585583364e-75
2.697145421657079e-12
9.654359355906033e-13
1.1712239116400975e-05
1.3502659141900703e-11
6.604236861328583e-25
1.7269961958177948e-13
2.512687376021432e-89
1.991425605272668e-63
3.1684863330554763e-13
5.469762465609587e-19
5.649084038715111e-19
1.910707559982135e-70
6.05233963343706e-17
3.2421364316147504e-20
1.949981616534494e-16
4.915655856153015e-13
2.0292331205706563e-71
6.832502624522746e-24
2.1393985393477292e-29
1.5235182059084031e-31
1.1723231085644229e-12
9.470715616926128e-14
1.4855798621306358e-17
5.69132094183008e-23
2.5942341147627622e-11
1.3051153272396114e-14
1.5311998884959357e-32
5.827471300120793e-09
9.028712236905981e-13
3.8274676913559385e-17
4.175272158103398e-14
5.2314256368558676e-24
4.980638742060237e-11
1.5646507271026946e-14
5.537897792271571e-19
8.290726100135064e-23
2.544543712345157e-31
1.3981495112753835e-09
4.589725873259552e-14
6.492148226404904e-11
1.3367658632390414e-45
5.452530489773945e-17
1.7156453497416444e-11
3.8295933875687796e-64
2.0822307923247087e-08
3.192181940676749e-15
2.1271634230960837e-27
2.7042952695557015e-13
2.95486038257122e-78
5.487035613157685e-44
1.1975670690381262e-11
1.1794954507959843e-17
2.5875436927203854e-13
4.6415298988976605e-35
1.1140268744091816e-24
9.069703306183167e-14
2.609021281923894e-29
2.2054208350642417e-22
1.8536924845388304e-73
7.3111301935811445e-22
1.2696685856120896e-13
3.442667011493555e-24
1.7287625382160555e-10
2.1436557665022126e-12
6.648232759780341e-18
6.228236619117407e-17
3.556338143584616e-18
1.4167345880106817e-08
7.523718389354282e-21
1.8657783090683307e-32
1.5919485321366062e-14
3.633974928303515e-14
2.7370746292085044e-15
5.939720875507053e-16
5.220329424838575e-46
9.190068885151958e-21
1.9380534743137895e-08
8.905228798301912e-37
3.21761854590225e-20
3.0937262438875036e-29
9.342609232872865e-10
1.014418107664116e-28
2.0589630060423296e-33
1.0801731214291815e-71
7.842074261746317e-20
5.4952073133788156e-09
8.000215756988969e-14
4.07198858255946e-65
2.659185454879152e-14
7.789804120152512e-20
9.531465485574927e-28
4.526327881442396e-29
7.24257522859678e-21
3.3850446059703605e-10
1.0666006817361703e-12
4.596442585760145e-20
2.444104544980097e-11
6.335019495685038e-19
1.1517454401958101e-14
4.643322120049896e-84
1.0100272334309731e-24
2.2354535695645162e-35
6.095531962709021e-12
1.4272671842061871e-24
3.5345572028541235e-16
1.69314711544449e-12
4.7171352120278105e-20
1.6213515623904905e-16
1.7824265011426593e-37
1.3933584033458222e-18
1.0653636068314889e-09
3.690952441949984e-24
1.827883740337767e-21
3.4249598565554915e-19
3.821656851834488e-14
1.0051886749658525e-15
1.896913267879605e-12
4.603664266711568e-33
1.3558068345832477e-16
1.6961002569330585e-23
1.755823774794172e-30
3.0328908218840475e-14
1.6534925072572604e-29
8.55128276858544e-23
7.128399349767621e-18
1.7035295997426972e-12
6.909082831750303e-23
4.922906001225429e-87
2.2222451040870782e-13
3.4569745245407167e-44
8.065684977979798e-18
0.00027875651657683145
1.9202929502355082e-13
2.693949990429016e-13
7.954792032863951e-14
1.7662156375089074e-22
5.522261617931249e-98
2.7694626369847875e-09
4.699968667938688e-16
6.499446706730008e-34
1.1790925001766072e-18
2.930380907221782e-20
3.838007837732324e-09
5.741507395149977e-31
5.363645818228332e-14
2.945858168131619e-19
5.002829237278686e-28
2.085853032411031e-27
2.054880330179654e-31
4.306688871550422e-28
1.0503557670457853e-18
4.2860287685255016e-15
1.9994968042198392e-16
3.361284957973894e-25
6.601655016972285e-39
1.4434657636355117e-16
5.880017930047415e-16
3.747605220051484e-19
4.352154572897208e-16
1.4139929331117628e-12
2.11888568335042e-06
1.4295815763206296e-17
5.4288266213624626e-17
4.510548692269006e-23
3.56899251052349e-17
5.0312194169377905e-25
4.117939028534273e-37
5.680941598077952e-19
1.886873043824598e-17
3.6336419502931423e-14
1.2582009143998368e-13
9.989398269269245e-21
1.7638097913923688e-26
2.0461440269218336e-65
1.9919414281500206e-18
5.019041070276469e-18
1.5624427489352485e-28
6.031872022936692e-13
2.3770543758266447e-64
8.723950902929406e-19
3.4076372042817356e-35
5.210182817069937e-100
3.0353475362316474e-38
4.366614959242537e-22
5.787699745231553e-17
9.634178681055511e-16
5.347746877336786e-27
1.5892138957718023e-14
1.788074526286614e-21
4.5587827165617386e-21
1.330977095108642e-75
9.294615222624428e-14
9.212245442995374e-20
6.899196685295634e-20
9.025793397280757e-18
0.00017651286158792273
5.6961167140977775e-08
5.250236000243697e-28
7.139497523373951e-15
1.9270961337266397e-15
4.643679768408339e-12
1.6345700664161935e-23
4.033723939109833e-15
6.658562138796624e-22
1.7823911644773567e-20
2.947688363025953e-12
1.7749845956471515e-18
9.83476455010854e-83
6.159996803751936e-31
6.498349124561886e-30
3.382591322563592e-14
1.9744657424049977e-23
9.899381270843059e-12
1.0293884394977042e-11
1.8030425673176976e-26
2.0870730294869336e-17
2.0245809431060776e-15
5.372661946671583e-14
6.378013783913644e-20
3.2846754123629314e-13
1.5955395211378886e-17
9.081671220654385e-25
1.0426641797170677e-13
2.790539185519182e-11
6.202407959203902e-21
1.734091041632358e-30
1.336969004082195e-12
1.9783077496486332e-26
1.5998451501356293e-23
6.892522991629929e-20
3.1420810537240177e-12
6.5534943523853735e-12
4.626947318386389e-16
8.917938696726334e-17
2.185457006883999e-15
1.4671927981492084e-25
5.60645057975409e-33
1.661132477759507e-24
2.810503149514879e-22
3.210780979916892e-18
5.115454442448962e-12
3.936932134611735e-09
4.997646776767201e-16
2.462262258363607e-14
8.177999745243255e-19
2.763513190605275e-10
2.13436849455441e-78
3.680902142009107e-18
2.933747341235894e-44
1.042935438772875e-08
8.649008509543469e-26
1.4269408696125958e-22
1.4449815542608388e-16
6.237495194500799e-26
1.2554317587493872e-12
2.2540800696166233e-13
7.430592786683106e-20
1.4779780195927196e-06
8.528543921575074e-25
3.2856485898533673e-13
2.2344364849513448e-11
4.545459884335873e-19
1.2156556559739039e-73
4.855933486116107e-78
7.400263230817908e-10
4.452563976787705e-12
5.272074165792768e-11
4.9025758781714015e-14
1.5753896598867622e-72
3.646952401974412e-23
7.064671101349335e-16
1.1345758055777768e-10
1.3084383924608391e-18
7.224869493081158e-14
4.3269295334841424e-18
4.012753060066172e-15
1.651287950418499e-17
2.1520193966412868e-20
7.125424969325507e-15
9.587277652717964e-27
1.9267223156814597e-26
2.382393605846619e-26
1.3241500525507756e-10
2.963166113252472e-18
2.2333587175980515e-11
1.8251070535213439e-56
2.4762617922511226e-06
8.501895050306477e-19
3.140533833713374e-25
3.762403637496503e-17
7.324414438759701e-16
4.4349024695533015e-20
2.60653442569692e-20
6.156165924890282e-09
8.781066800221877e-22
2.0123732630308032e-17
1.7794665163602188e-24
2.2260923857221866e-25
2.2999548756232153e-12
2.2513325378124968e-11
9.112982485337267e-29
1.3214277232049715e-09
6.586490989947218e-18
1.2135623136156275e-13
4.17914137927684e-55
3.0738416343334625e-29
2.1421500075239455e-11
7.983991692452744e-31
6.630855507590071e-82
1.51183558747877e-16
1.3019382929799632e-71
7.352515585885628e-19
3.966243553655754e-74
2.57981642660403e-27
1.76050911427678e-22
1.7716950491771804e-23
8.219660880650011e-55
2.418400361396626e-23
1.358235995513177e-19
1.0310959411503878e-09
1.0092547689044416e-27
1.6199647124635592e-19
4.0245377414449193e-19
1.3292051664934629e-72
1.4551893982623424e-15
5.140722766469875e-16
4.929569385108849e-23
1.60660492105807e-16
4.999602385137814e-34
7.446124975866278e-25
4.853943153120381e-41
1.2008089538823458e-10
6.122428411266877e-10
8.79701280859958e-22
5.8981807837471504e-21
1.5220905839326107e-17
2.727999429281053e-51
7.373692375357294e-16
7.38660317156548e-32
3.160927709204618e-75
8.497466376766892e-24
1.0615507846157211e-13
2.93738263714959e-18
4.808883511185783e-105
3.722953133927149e-15
1.0158805155288992e-23
1.1415725761133324e-16
1.3341650673263247e-09
1.9932193854303124e-72
1.6144572153491676e-22
4.063825809922985e-09
2.2194271391085924e-41
1.201290419643293e-13
9.010880117664577e-29
1.3505051447566806e-36
2.288984439552347e-16
1.024239546316127e-17
7.670906771329071e-22
1.7365347276890678e-15
2.119797340980718e-09
4.9825471793196053e-20
4.900059157019468e-39
2.9528371458537014e-97
3.590850550582604e-39
2.4460504478456523e-32
1.1377725717054682e-23
2.8334946619677657e-11
2.219468334288687e-28
3.6147442609963866e-22
1.4685065109236017e-71
1.095522559230091e-15
4.144416869467645e-06
1.441818756471988e-10
1.5211176249605028e-32
7.13664742663957e-16
4.811006238000614e-13
1.6718970734349425e-28
9.958553232748726e-69
3.752961498058958e-25
1.6248882215910997e-11
1.3952353814816212e-22
1.2116567324831968e-22
2.783486343114048e-60
1.1436267376390527e-14
1.2278532245855095e-17
2.7829764643359958e-19
2.658554753774092e-26
5.833253979652853e-17
5.1970128183122105e-70
2.1107329658995647e-31
1.3791979560567696e-31
2.5774062859628488e-14
1.0324307094114393e-70
2.781323739955341e-09
3.318936248887413e-32
3.806495832519862e-14
7.647925332595824e-09
6.697544734410492e-12
1.2192369871603096e-15
3.052316977148444e-21
1.1032904555751309e-20
2.6239250648214756e-25
1.638198649987126e-07
7.777226974919607e-63
2.5398285107402277e-21
3.0601068580475372e-33
1.618654559218855e-12
4.0035108607428744e-22
1.0951002155663371e-73
2.681908689254982e-19
3.185601647251679e-15
2.7825926274383014e-11
2.7676605458169915e-78
5.457004873054418e-16
4.778865308341316e-15
1.3935275192906478e-11
3.688101328541905e-12
5.04914170390634e-13
2.0624880553745343e-12
5.822192699788955e-26
1.678042463108268e-90
1.6652582231469376e-15
4.2076291979473374e-34
2.8907999456891555e-87
3.567414443533546e-17
3.5502374110368797e-19
6.785021789002254e-16
2.4541037747483306e-17
9.575083743143406e-08
3.4727017757022393e-11
2.3794036971870497e-21
2.7386075322686736e-24
1.3711409682677974e-12
1.2440295486941508e-19
3.668902257378249e-19
4.48002502063113e-86
8.655275880383421e-34
1.327317802368924e-16
1.320819471761137e-15
2.643571406904155e-11
5.124794795172697e-19
2.4873762474258702e-14
9.074746095919314e-20
1.9644718017252404e-20
5.459942653269067e-77
8.676941704914789e-19
6.745990026599744e-18
1.278920689246614e-22
2.756460240654401e-16
4.1583578782677757e-22
2.1545842090788682e-16
8.103562336593202e-18
2.9379664967413495e-37
1.9524847713034612e-23
5.545855648654783e-15
3.9011479655290294e-11
7.706645401437648e-35
1.6315523775000566e-15
2.806461618960394e-17
6.605150380906283e-14
1.0536808334237132e-14
1.7474060555294513e-13
4.159446073157168e-17
6.468568600277178e-11
3.8740865489691776e-12
7.870969985660261e-28
3.116135796714397e-21
4.749479485573698e-81
2.7503163448540593e-08
2.2197429821430335e-24
2.1590692237257303e-16
1.752696227092393e-17
5.4011180902302875e-15
1.4432466181497568e-21
1.7613865292637704e-86
1.1988188453186114e-07
6.064724054165316e-13
1.5123951405110115e-31
2.268262172197423e-20
2.0274877813277098e-08
9.89325140159263e-22
5.663670782659602e-12
3.6784305746170264e-08
2.3379493786426076e-24
8.421554922673004e-28
1.2976079025581563e-90
1.6545665973334357e-26
1.7447411335609968e-15
1.7014227338621325e-23
8.675554055648933e-18
1.2047082379930438e-10
4.4145752075017633e-20
8.927731708837619e-56
9.684473730274354e-24
3.703309001477919e-31
3.767268337894568e-07
8.495596865391987e-70
8.102835153188523e-12
9.165074244168506e-18
1.477630432596943e-24
2.4465507801740533e-34
4.846936602831882e-42
8.254247671451201e-16
4.824914881502274e-14
1.3859859000645443e-19
1.1490135879057291e-71
5.052686484380175e-22
1.7058265276500183e-17
5.589081510908538e-23
2.647066061858039e-69
9.900687678641243e-26
2.2298682876530383e-16
1.603132784176509e-29
3.0057619160358946e-17
6.940565534931786e-29
3.96233222400305e-27
3.364995694417777e-10
2.6467767202686384e-10
3.751299766614103e-26
5.4825636673544616e-11
1.0542995151140374e-70
1.1130358118768643e-27
8.922007392066232e-28
6.6877262435296755e-15
6.84537358594629e-77
2.3035806969771277e-29
1.8502552537869765e-37
3.4834440151042377e-17
6.94414872114757e-14
5.119089998021836e-14
8.927733513981506e-09
5.167066706461566e-10
4.94032540205588e-93
2.480433990926245e-20
6.428532092061986e-14
1.755061368078587e-18
5.302418242432299e-08
8.741045840117478e-18
7.613303847236313e-15
2.2126634006494275e-14
6.942850427617541e-31
5.6935943489379735e-24
3.219028496537011e-06
5.919698084742365e-11
2.4463410978399723e-13
1.4914486111862974e-16
1.2692504614443353e-15
5.246558078174508e-15
4.501740144645961e-13
4.042943961618774e-62
8.357681295306444e-15
6.438807503489398e-07
3.3418471204239408e-90
2.5558262113493562e-93
1.4908137063551056e-13
1.4708704573466734e-27
2.5730604038863507e-14
4.957012468292238e-20
3.202810118076688e-73
1.28366796015005e-12
2.4789572869525105e-12
3.862702311225045e-22
1.2714200021743057e-07
4.657662080842107e-10
1.846770848444124e-18
2.0418489517461187e-20
2.0513978072679074e-76
1.9142877564627828e-17
7.361131972922901e-18
5.501743261893461e-25
3.9492949418600723e-84
4.521783094971311e-11
3.454693706211292e-38
5.0216097259333234e-15
5.592708887933186e-111
5.1190939074214436e-24
2.687555549720037e-18
2.1208344947576593e-11
8.26596147351386e-17
1.4014789463915767e-21
4.635138124671947e-15
5.0579550889687504e-21
8.718269964228197e-16
3.809119086924913e-21
4.171302847529237e-24
9.070040207276579e-26
3.5315831579458884e-25
6.620435749294249e-27
3.2266298790459644e-20
8.078086479242651e-09
9.263315484598883e-06
2.479234291304949e-13
1.2283559138758165e-80
1.2287206125797331e-14
2.7617003246683385e-27
1.801169871290374e-70
9.902518214773058e-08
9.265912211353338e-30
3.513998581224021e-22
7.218026979545174e-17
1.5999770177131328e-72
5.087805212738185e-21
5.520026430684379e-20
7.24057818104518e-16
2.1725839658018597e-12
3.293761266248634e-21
3.517292176161228e-30
3.443786868768854e-17
1.8545765835883637e-07
4.4784039219447627e-13
1.8471716285812593e-12
4.719783223907709e-21
1.1340535188692978e-21
4.593080565406023e-22
2.9674704736526257e-13
3.558928872429794e-16
1.849250123619228e-09
2.9551880788098614e-84
2.137226959780962e-25
1.6286504482818463e-26
2.387560501067465e-38
6.114176570854187e-28
4.5967424631410173e-20
7.921437290355106e-20
3.417109564800108e-35
2.4343956529674398e-18
3.2922584695702673e-25
6.714196381772494e-23
2.501699204169915e-21
2.2078402418771903e-20
1.0701101495890995e-31
1.0560237541649098e-12
8.701095604342815e-20
5.217692748773373e-25
6.986177134643023e-38
1.5031631587402938e-13
3.401277109063058e-14
3.0598884689045863e-13
3.8442644929196287e-11
4.809301022485026e-24
9.089726460287773e-13
1.2276221586838662e-11
6.99224907611529e-18
2.5511262749146963e-21
9.304303412100736e-25
1.4197253629841467e-29
1.0633217402201585e-43
1.9128560168623153e-16
1.1475978830192274e-16
1.3023800283528828e-15
1.4220261068228512e-17
5.873492662870879e-20
3.9108650586484064e-15
9.986691463420458e-18
1.7239732573422789e-09
6.711761874400549e-18
2.4279683936582653e-15
2.348310787981949e-21
4.8276002984627585e-14
4.717824329673354e-25
6.556257126917097e-20
5.900544330654955e-18
9.692096395071108e-14
4.1099073709289975e-26
2.493824015039519e-38
9.955445060062003e-11
1.4450200994629251e-09
7.35555626082702e-13
3.287643164722233e-27
1.4182481543604034e-11
1.1629837603724046e-21
8.147600655040176e-10
3.5174614564124804e-07
4.2765917961010167e-23
7.204513075811331e-46
1.8344505370534496e-79
1.4574951203332584e-08
2.56757568858762e-87
1.55608307785724e-20
2.687138108100457e-15
3.776874506827606e-41
3.442628080205834e-11
1.1951123604661099e-15
2.7443840876674127e-15
8.27002224846223e-13
8.217065956208659e-20
1.756700401096973e-69
3.5001374368435746e-13
7.594277627285996e-23
1.2621106719921669e-166
1.492726432426405e-19
2.03619158017662e-18
1.3784771847391046e-11
9.759358601059268e-12
9.664506885301305e-17
3.602583926758393e-31
1.0576864542348892e-22
8.093296198075362e-16
2.413036889631384e-30
2.9417724917908837e-93
4.318854563477269e-11
1.783291565068862e-67
5.7280550247152405e-74
7.961990754216397e-19
2.5943525924689176e-80
4.439690883631802e-30
1.1496406048050325e-22
6.171954670564016e-23
1.2583020194088735e-74
9.447458291459116e-19
3.487685315082181e-46
1.0177529909172504e-21
1.0952735463589043e-87
7.739954286380123e-15
6.020831805772884e-16
1.9682936962902004e-21
3.2728807645929345e-89
1.695799832665114e-19
1.8826332251878187e-98
1.960480581914464e-19
4.5973513226735674e-14
6.6436743724407154e-108
1.9827293827858441e-19
1.815690870696314e-18
3.973472637877424e-96
2.2116466111027755e-40
1.0694125408332496e-18
7.530272363585678e-22
1.5479070280949e-18
7.964559731126145e-30
5.89181862652271e-16
1.4383247172172052e-19
6.838958305727026e-14
3.869530404343505e-08
1.7393714651669894e-30
1.595221350364192e-20
4.459935357646042e-18
3.2498376572379496e-14
2.1550353785788647e-18
6.948032912446497e-13
1.807858855660828e-17
6.9396297437187215e-71
3.20116821838725e-11
2.7095246064002366e-09
5.304639966636423e-16
5.64337393007049e-15
4.749994209019059e-07
4.026362747139334e-21
2.244872730813217e-15
9.82874356010458e-15
9.736894349313726e-16
1.7557216833741966e-21
1.0330617815565932e-17
2.0621641755962988e-19
8.299219814108634e-36
9.44676301590525e-23
8.576080291046486e-15
9.605385360793849e-82
4.254238997766817e-14
4.8073831307604536e-14
6.641542327338359e-16
6.963773713001503e-31
1.0561930489689874e-20
2.574968724643803e-64
3.91738747866815e-16
1.202501129405324e-22
4.08984983011472e-55
5.05114293791581e-22
3.8371425388339836e-06
5.934684536857652e-25
4.0703985722376263e-16
4.364400272976097e-21
1.9679538969763664e-25
2.1490106133830027e-14
5.161256780641671e-15
4.786033148533268e-41
1.2641672278054057e-33
1.251671473453236e-23
1.0355262305958982e-42
1.2186560757088223e-81
1.2371854161259137e-15
5.740966248789805e-18
4.9448986566526185e-18
1.1759485149335231e-25
6.527169416618824e-21
1.9634287789812034e-11
7.168867953523643e-28
2.395107571074187e-24
8.404176201192428e-19
1.4974597665406805e-31
1.4591798528413055e-14
2.0219775080101342e-38
1.557156774458703e-16
8.573431629372948e-11
5.270057316476771e-11
3.685372211737137e-87
1.1943568966801167e-10
2.101118309560733e-06
3.5967453129500454e-09
5.516740413164761e-33
3.719064546163655e-15
7.018102167807451e-09
5.1086599754668495e-18
1.206506564468213e-24
8.545321644870131e-16
2.2146375556996243e-12
1.83638415459108e-17
6.222676353781176e-23
1.1842068783234764e-71
1.664101592720656e-18
8.884961717540885e-14
1.1053762211600004e-27
1.2028339466012314e-14
4.188663825844657e-79
6.58944230114517e-74
4.968812826635825e-10
1.8735023558401667e-22
5.229421761178593e-38
1.030020332424885e-58
1.0504098240112334e-77
1.4391726360188256e-22
1.5777633923044536e-20
1.1976412002946588e-23
1.0019061202809746e-08
1.0960918107633402e-75
1.6330827810017668e-12
1.2328499671682736e-16
3.915521814753451e-19
5.060028090920796e-25
7.74297247646617e-22
2.4338726589610544e-24
5.982268019999844e-12
4.8963171633914137e-29
6.969194688869528e-08
3.602117646901666e-13
6.317311002500334e-10
1.9241444029996266e-22
8.860839637034083e-41
3.099551683764513e-17
2.4417362664709184e-12
3.197171277321062e-08
1.2490253123109576e-30
7.254241464712548e-35
1.7189124469974512e-14
5.099060703185473e-16
1.882028330513266e-21
3.166973163175011e-15
3.945896791446667e-14
3.833522580449016e-21
1.0877988246170226e-12
5.648159092212315e-16
1.6992252009500005e-76
1.698262586413967e-57
1.3341972546383149e-20
8.521555131423887e-20
1.1743728790774436e-10
3.8549024075307137e-13
3.0272484989765996e-21
9.706648967301193e-14
5.277680078959482e-92
5.185219034379956e-31
1.0770276122408584e-22
1.588570798909852e-21
3.82185265077402e-15
4.0317829597539065e-25
9.245853343803265e-21
2.1478728762029166e-26
1.920418546104485e-16
6.704469217534642e-23
2.3666770962909993e-13
4.202620298438675e-30
4.104366105836142e-09
1.0060245077296011e-16
1.4672740723895976e-20
2.5165127437852312e-29
1.5842960402475365e-15
7.264712373604897e-20
2.97549562824419e-11
1.0650786809870732e-87
1.4286150077815218e-27
1.437754528888206e-102
1.0119954377360558e-12
3.692586812616931e-14
5.80832615566844e-16
6.9792182520674206e-09
5.695814938596432e-29
5.11858721798291e-19
1.2198385079064545e-33
2.3971603743263423e-17
1.1083919505897911e-24
3.6328520754531415e-20
7.374495985227693e-82
1.1162249840556489e-16
1.7608036893790987e-17
4.39119481924213e-18
1.0108258022495302e-28
2.4620835637528153e-14
4.1490728210353785e-13
3.0428025680520546e-14
2.932857764329657e-19
3.1117865339788115e-28
2.2330707759481786e-11
1.3881243234031165e-12
2.9502018452610127e-29
4.040231057959515e-16
3.607546537779076e-22
2.695610815644947e-84
8.508362028482604e-22
1.0856498431229737e-90
3.7139971457270427e-87
6.2392431264658664e-27
3.7203953285374137e-25
1.5336463928658853e-12
1.4084369843433317e-17
4.408164763170356e-12
2.426715681726034e-10
1.3640601571803662e-17
6.811540070332575e-93
4.368357042973076e-12
2.063214701584024e-09
7.705782480429295e-42
5.438814376522908e-15
3.098749614802749e-23
4.739774914739931e-05
6.166539217612164e-22
1.803151808104933e-24
1.4725718822196501e-15
5.401068698902346e-18
2.0106492990497032e-17
1.0255143117393631e-24
1.5419414681328893e-20
5.7200883348216906e-30
5.44561379959591e-22
1.0396064344557295e-22
1.423933061514328e-13
1.9445675542498958e-28
2.1274657186827935e-18
2.8944705554210854e-67
2.2887356391735542e-23
2.2892802163604155e-26
8.615449576903567e-18
1.2461487352407832e-17
1.2008923547019203e-11
3.033898646626315e-24
1.0841983925157622e-08
3.199759065135788e-08
8.842672264153345e-30
1.2691369773027334e-15
1.4215289758501954e-21
3.1996935685394574e-23
1.9081722288479326e-90
3.320931661438304e-17
2.1568131992509135e-38
1.1759435315490898e-20
7.691072435995362e-27
3.4348441120593357e-10
1.9880572352755434e-21
1.5239112373886352e-42
6.591611943687695e-43
1.3648165367826094e-16
2.920005008779068e-27
3.099115575264547e-22
2.0661405513548256e-07
8.71476020508529e-15
3.2882262359712438e-80
1.1215534009863591e-20
1.6412977630199355e-77
5.853319137867876e-65
2.5899522153778342e-15
2.6293466739052873e-28
1.7909361471479199e-25
6.23875518194854e-15
2.8724977361184266e-92
3.2337808536434515e-07
1.350784769585927e-24
1.1849194551108324e-10
1.4802798344293301e-16
2.9934624588753296e-28
6.304700370072197e-26
4.928152755872337e-91
2.0802492557138688e-20
6.2674097878158106e-18
6.366419441144127e-12
2.2194919165468735e-25
5.428780840964509e-14
2.5051455684545868e-18
2.1089723029438255e-14
3.2983137113069967e-22
8.248003733896258e-25
3.872242970940671e-77
1.2236217133043769e-25
1.3335917614789387e-22
8.462306255091685e-88
5.327754927995162e-27
2.415266464983094e-19
6.481011222181686e-38
2.747128425575394e-12
1.6829388772005275e-25
2.609047581239711e-20
1.5235135853611645e-10
2.0303596942032922e-13
1.2532282777371518e-14
8.997969423193896e-64
1.3995348461759383e-24
1.4229352765640252e-16
2.7245987235171022e-17
2.6600797124021743e-20
2.4329893930486283e-23
2.1538494952856357e-22
6.0630631631693244e-33
5.682228425746484e-24
2.6520577513850576e-32
6.153249736924649e-77
1.8165098785358088e-85
2.2713847291317385e-71
2.5115876823313743e-13
6.185687892240762e-27
1.495584784759679e-17
2.8936855930729734e-13
6.817049546730077e-10
2.072859746222069e-12
4.600901016534283e-29
2.821901587773889e-70
3.6571169738486854e-15
6.034398323234858e-10
4.4886227989530146e-14
1.9453482571630703e-27
8.062555273068811e-26
8.995226930529445e-36
1.2536366314054682e-62
1.8765182967826284e-49
6.693230527776677e-36
1.2791620094540324e-19
1.618686102254353e-06
9.487257492178895e-70
1.883566470482765e-08
3.7580369812966776e-82
3.3103311562785937e-15
1.6429295824773014e-18
3.199989489965368e-14
2.399691353627947e-41
1.9371848407649183e-16
1.1789696955754939e-13
1.8458888869040308e-30
6.159110021876944e-22
3.677515238610545e-18
4.450214920358651e-69
7.615133889146813e-12
1.0724827862623696e-17
7.0022701824134995e-37
6.699188513678763e-25
4.2320732581361814e-89
1.2373587415112648e-23
1.4145833594343463e-18
5.005425943569275e-23
5.877940179729489e-31
7.713658818398804e-21
7.1454533638304e-49
1.5153463508682143e-28
4.651099273026787e-13
1.6011878590713512e-17
9.312234356267235e-78
1.6200629962667836e-39
1.1423570301918083e-23
3.4495370250926194e-25
2.911230040779835e-80
2.711199436925216e-19
5.2364464326442224e-30
2.870492944239833e-06
1.1056436654723921e-16
1.3221403134412558e-41
7.918008043497703e-30
4.462147848026969e-14
1.1190153517461306e-62
5.608801159507153e-18
6.520460724654012e-19
2.3941521811427836e-17
4.737138816843523e-20
4.6871904104111286e-63
1.193926669669708e-07
6.2453211795452595e-12
4.6455004984781345e-17
1.5222143935996098e-20
4.5546628796986575e-15
1.6111454801305641e-13
2.600727776530842e-15
6.499912577809691e-43
1.3813264452014767e-14
9.039587734505313e-13
1.2002450654872396e-25
1.0162990423281007e-22
1.97868441667048e-11
5.531538311551774e-15
3.3916544132988206e-16
1.3796430209837531e-05
1.9066021047988046e-20
1.2340950054136365e-48
7.484627324674003e-23
4.8373160319385455e-21
2.337615049732297e-13
1.3292346654203726e-16
5.106088182669937e-71
3.8507840259596194e-10
8.65172215558369e-20
1.7586616157676085e-17
4.60378102976575e-22
6.931295840741383e-85
3.0040542932574305e-14
2.6319963530780165e-14
1.3064557051425535e-08
3.0542306975058576e-18
7.302058913610182e-16
5.904492653871037e-86
9.504052277685344e-13
4.761206411483481e-74
2.750022477354878e-14
4.241039895174205e-57
5.331776582795644e-12
2.98313100092456e-14
6.937234163369612e-14
4.444972085615526e-09
1.116401875706568e-18
9.215136618817355e-31
2.645913531531996e-09
2.1538618601749752e-18
1.1717550737309173e-24
1.9937233264213442e-21
4.765721015186863e-30
3.44798538333757e-70
6.659014352056093e-07
1.5900196855382023e-24
9.411980505796796e-14
9.990877695104122e-19
1.0969904283879407e-06
2.722160893484524e-27
6.869001085460778e-28
7.074097895416259e-19
2.8757714371269396e-19
5.9030058662053835e-18
3.3137651776126045e-74
2.1954404098671688e-38
2.09147995362635e-18
1.9530136352285058e-26
1.8973104525651256e-20
1.5387157750227713e-15
7.893651764315828e-16
1.752257576465539e-28
9.114378692301211e-07
1.0411167037690165e-78
2.165737095842126e-11
4.846142780287668e-16
4.011218994771513e-11
9.142702927155021e-71
3.397383510860963e-32
1.1979761605369265e-13
1.1546958984905078e-09
1.8522924694425346e-85
4.547411407127117e-19
1.8018887552200422e-79
1.4381343966676945e-78
2.3268722237539706e-22
4.775608097076396e-19
8.6108848624381235e-19
6.901762478286594e-77
8.540096580054752e-15
6.18832029179934e-21
4.0942071531429636e-16
1.5332802316362583e-86
4.1580892261519757e-26
6.054678486627293e-10
3.006967273868884e-22
2.1608066818250186e-23
1.2775745094642172e-20
3.969495835033918e-21
4.371924925793438e-21
4.246080648768199e-68
3.959953677335717e-19
1.374588623895923e-18
3.757008226302596e-14
2.877309138033109e-09
8.611566056259113e-84
1.217849801953343e-17
1.544060968068403e-12
4.559764302316794e-25
2.262163435676837e-26
2.49547122263213e-19
1.4643871390609492e-20
7.176463807934434e-14
5.392443510824453e-27
3.929136695629951e-13
7.776295934698604e-15
5.279297543587593e-22
1.2227590369257365e-13
4.0180919672356204e-20
2.5731073637524028e-23
3.673573234787372e-18
3.913328073544393e-16
1.4267655928880913e-23
5.863812552866708e-37
5.622022208456611e-19
4.587150322077472e-19
4.633475745761256e-12
3.6155278371388615e-13
4.045691366076529e-15
4.594970183114643e-36
3.0861295724436294e-20
5.293546159867514e-13
2.585879778164554e-75
7.040834057951685e-11
6.739908449217619e-23
1.2729567755783224e-09
1.851104879716347e-14
1.0922377351014291e-07
1.5711430679949376e-12
1.5157390268959762e-11
3.104730480335227e-20
5.388429315417925e-16
2.729521157466024e-24
6.536695181725523e-16
5.334600930644993e-29
3.682869199630552e-13
1.489963151549644e-18
5.501217160041131e-09
3.0256257178915086e-19
9.756530301984858e-12
9.889535207876355e-31
1.5902860508239386e-12
2.1217462129570138e-14
1.4225529459942112e-12
4.350399714494963e-20
1.1471070588206952e-16
6.201150741345261e-14
4.380381602087305e-10
9.708837457914441e-13
8.16504794353131e-25
1.79397910006423e-85
1.3612310109453753e-44
4.985371166731679e-13
3.354320478910428e-14
3.006364729487105e-86
1.6241356018251682e-19
2.0752743214652177e-21
5.593182750318846e-29
1.4231435859368178e-16
5.294742383844826e-20
1.8182861258059834e-13
2.110097125934912e-14
1.0861627049965563e-10
3.131584766127784e-11
7.92358312606096e-17
1.9673626804805873e-88
3.81955500698552e-16
3.395669747021503e-14
1.0979439976996778e-32
1.159889268162215e-13
9.316416008629395e-14
1.709598697545341e-08
2.0843592994122063e-20
6.120949831562869e-23
7.559060612120053e-11
8.599344497632791e-14
2.2249016917913864e-22
9.803390727287956e-24
8.152138415956511e-13
7.526455141782572e-17
1.7605797355546336e-09
1.5296179737649774e-14
3.533779340157577e-19
6.781418616283021e-09
4.278024127539944e-18
1.4989057435744646e-15
1.052632009372411e-08
1.6169089164692555e-21
2.7219452004531492e-14
2.473956311495339e-22
9.968898973467429e-23
2.5008748449913132e-05
1.856170094368884e-15
4.493796991463527e-17
6.499191260745586e-20
1.0006849694933823e-06
3.730512896394613e-21
7.071488080547519e-26
8.150095981426154e-19
2.506374626584863e-13
1.0344817973233303e-74
9.569511165706957e-20
8.229840852850285e-17
2.44685086093206e-21
1.4064651416107689e-16
9.280448561367145e-07
5.999457308777756e-38
2.8258429999170157e-18
7.774576763913395e-33
7.987574519786555e-13
6.236089106196679e-14
1.3610580747071136e-23
7.414082183614391e-09
3.3306288886775827e-22
5.657265015566969e-13
1.6773937063683403e-13
4.93590006821883e-06
1.4002727359313577e-17
3.0152780237221344e-103
4.732958263572403e-21
7.913241081727112e-19
3.607466824332893e-16
5.533249447552588e-18
1.4376473417084242e-11
1.9090050937401456e-30
2.670032256816374e-21
1.153193916953604e-24
2.725844156556736e-16
8.879945524045928e-11
4.9318555677829435e-18
3.289493489947901e-18
2.335535974216229e-15
7.490417094327751e-12
3.462952506686325e-20
2.779102921589277e-06
9.224766243124003e-10
1.0417710198716931e-09
3.0022760600364977e-31
4.395358275038553e-12
2.771970440912682e-20
1.2399772153075363e-53
4.103682069356452e-14
1.8967599575492632e-27
2.1409252809387739e-19
1.9951933690100667e-69
5.289977746791534e-13
2.1184107445275917e-14
2.686917862880759e-80
7.354473585095424e-15
8.605686134048433e-05
1.778351716194945e-11
2.8313790377798064e-22
9.765715859311063e-16
6.622865652312305e-21
5.713431049849257e-17
7.425581204295345e-20
4.06176094539201e-88
4.223781296897369e-25
2.3224937444389078e-23
1.037876181201847e-20
2.1877982806599887e-75
1.1685449010387487e-23
6.418750181095362e-17
2.2369655677426248e-26
1.7640323325822672e-24
1.2166450773760502e-74
4.8794135271568614e-30
3.9815420917170605e-19
3.8393036775629715e-19
7.402895008191257e-73
2.2290505992209254e-18
3.1256382475431914e-05
2.0020110136703574e-15
1.3135925785871168e-17
2.2015380176639757e-22
7.448590747782662e-15
3.0400857843553177e-15
1.5473880068460538e-09
7.67142631371506e-09
6.643970505279657e-20
5.983341949568906e-23
4.2046806485306404e-14
3.9879538367306895e-20
3.9537778253650116e-18
1.819997692731056e-26
1.0407291317215379e-18
4.033955997138364e-13
6.125205695149369e-08
7.495746279503044e-25
5.745344948382622e-15
1.764486647930251e-19
2.5628728805282233e-17
9.423839026054562e-33
6.877137673604352e-30
2.8905554937612566e-18
1.757099985929406e-17
1.402816653005268e-19
1.5313004379344312e-10
2.9698938947157734e-23
1.9262897524305437e-23
2.5547995407829714e-21
1.9795483508734736e-11
1.5105463193704155e-12
6.470090203606746e-09
1.1178970406550857e-24
4.905617909377171e-22
7.042587060021676e-30
1.6996153586025248e-24
2.268625513448392e-08
5.9617153566626845e-22
2.406545587280409e-12
3.070546202570038e-20
3.523199352489901e-08
1.6676542415585943e-15
5.1022039123526673e-26
2.8117457610766303e-82
4.075254127098989e-17
3.7059619403305545e-21
5.010473001577046e-24
1.213862498898259e-14
2.3932161886791203e-23
5.1770339688365365e-21
1.3765971978279381e-17
8.45639380577758e-14
1.2503800918542755e-14
3.127052663464977e-22
3.405513003979771e-91
9.640866856424871e-24
3.3682418972911566e-78
2.9204346206269654e-20
2.8039200704601994e-21
7.811195210459312e-15
4.259778680974853e-67
3.064027248174404e-13
5.0178878469081305e-18
8.580836868355857e-14
7.08306659350975e-25
2.1693644847993707e-09
5.247462297912314e-22
3.647780919944993e-19
1.7270071036906652e-25
1.2602087149633115e-27
8.925224733092622e-25
1.0273660118943888e-23
3.0983734770804613e-22
2.3416923482483204e-26
1.0389641955920808e-16
6.081306168203623e-16
1.7529584807568383e-13
3.17031191689308e-16
5.670807307100673e-15
1.9404195171850207e-13
1.0341650809942223e-61
3.815052672764469e-13
1.2693133096450679e-30
4.8002468438159475e-22
8.054755127067615e-18
1.0214422264276275e-81
3.552527348266268e-21
1.6127309372012818e-19
4.093502107240875e-27
9.794419737061747e-30
1.988857649357185e-22
2.896878534107138e-26
4.70839702149726e-25
1.4453762101206503e-22
1.734021715276421e-12
5.8433669366379925e-81
8.547321195476632e-09
1.2964896603881169e-12
9.043011922503266e-38
1.0726825082600013e-28
1.3100159142768448e-82
6.745234354261087e-10
6.072907621495468e-31
1.5827817445507487e-13
0.017723566747751107
8.664873581777089e-55
3.3084869432837345e-21
3.1052756418497463e-16
3.0822804033606267e-09
1.863886367822715e-21
6.610887549869333e-29
6.084733634140155e-17
1.3472138440553928e-10
5.023404411324011e-23
1.6233116086502396e-12
1.9142446339783943e-14
9.926965542994842e-16
2.7941253259991446e-08
3.99458634728255e-22
1.0922377351014291e-07
8.179822436285214e-14
5.404343098532719e-12
3.96268512789975e-18
5.765927239781261e-22
1.1059119905080068e-15
5.1062145593534726e-76
7.721977063721693e-26
6.035490922365294e-17
9.13021006608832e-21
2.161029425007345e-17
1.244094225321598e-16
4.641499407364563e-22
3.3781467530165064e-69
3.8529202312816485e-32
1.514581949214897e-23
2.0178894750840836e-16
8.777866097439896e-19
1.6009391623386802e-15
4.434189625813022e-12
6.37468581095102e-20
5.048248221733004e-57
7.182061494359449e-15
1.6643120994845568e-84
6.851537497146032e-08
1.3250764543642434e-17
2.821824806645922e-12
3.91435879666358e-23
4.4480969211560344e-10
4.7293737685456704e-32
4.51231451182313e-29
6.685546313709663e-94
1.376337843500842e-17
1.0102680405131082e-22
3.965629277598881e-15
8.217122353266297e-13
6.11690081422013e-10
1.7255387924821206e-25
1.3958793996913325e-13
8.225997792747563e-18
7.900265129218197e-25
2.8206170640657374e-22
1.3752495975116112e-11
1.7332431360653833e-25
9.25665710946754e-24
2.83549861287149e-16
5.927310938507229e-12
2.1227691291867366e-35
2.330353549766056e-17
2.852653551739174e-22
1.205070536934635e-09
4.893860323956687e-13
1.558996026424696e-09
7.830206676679608e-10
6.63557830911588e-24
4.656894508663541e-26
1.603074553954907e-50
8.328689443498454e-28
2.674794726583274e-31
7.025386270668871e-27
2.262695374399959e-19
2.476999076976259e-33
2.9905009059090476e-17
2.0169934370996666e-17
8.102452047946062e-18
4.933372206962856e-15
1.6297565681087826e-16
2.812086820469286e-20
7.280180699749972e-11
4.695994926481102e-27
3.9335099170640255e-19
4.627927620417216e-13
1.1143016536913148e-84
4.9093806880480416e-20
1.2914082228340502e-09
5.718659009534688e-104
1.2531291936590264e-10
1.904638636365913e-10
1.6356379923053469e-09
8.452013148647373e-17
1.3756750868612409e-17
1.6232281746350744e-14
9.482923221497095e-21
1.5523408350913835e-14
1.1765082403078149e-20
3.278654088852368e-70
7.034222672853772e-06
3.6869111116642273e-38
3.456401524509735e-10
5.045348554200242e-29
1.343172622922371e-16
2.17528258552537e-09
5.902005574307043e-06
1.2625498566391293e-96
2.0930770151733514e-19
3.2020515954712926e-23
1.7485639310021676e-14
5.2322072603892256e-09
1.0640297000596788e-39
9.113922633573737e-33
2.8152792007428884e-18
8.374607678270194e-27
1.8962882512714388e-12
8.865794611352825e-31
4.595583069853208e-13
2.2820902470796094e-93
1.339954867374444e-13
1.6586390952218541e-15
4.0694569748316485e-10
1.8307109511936705e-14
1.5710967212856675e-23
1.155457731528687e-08
2.6499143090810625e-13
2.7559659528948532e-80
2.1560146530051594e-12
1.7956589886946603e-94
1.6416797087875412e-09
1.4502991554312346e-18
1.7448523560963202e-18
3.6092705168438625e-15
1.178419065120769e-61
5.562655392205957e-32
1.3576574499519087e-26
8.806602760884275e-18
7.978708992127504e-13
1.7070773101551994e-11
5.827555549850832e-85
1.3018416821276759e-11
1.2634219794235351e-11
9.569933526395373e-12
7.837389255277119e-31
9.913590393001997e-107
6.496889960219951e-40
3.6925762779018034e-07
4.012963205706512e-83
2.072003644013985e-79
7.429770464696797e-17
8.317536161872465e-21
7.451606355482415e-21
5.32836195797324e-16
5.699104823040279e-25
4.122629733301187e-16
6.484186340083411e-28
3.664884215344629e-65
3.3636784290313914e-13
7.84768617990917e-13
6.5509206215074044e-12
1.7885148948107755e-19
5.897487293623802e-16
2.1112906454700254e-60
4.179919369772846e-31
1.2954909771606788e-67
1.4285307085751885e-13
3.954651008155904e-17
5.043492542970561e-19
7.985448796368706e-15
1.4193137157901406e-10
6.547073331327432e-23
2.7467768366735822e-17
8.881293990631295e-29
8.955505499266401e-36
2.766978329649669e-18
4.398771461708093e-56
2.8259081596174785e-80
3.928312818613546e-13
3.713736476343792e-12
3.1975420984449155e-26
6.706374528749185e-27
1.585026514369785e-14
7.73662728857008e-35
5.518296490455e-30
8.126498893459514e-17
3.8313873891298493e-13
2.5506401926075626e-71
2.3376687996063307e-19
2.64811965415514e-06
7.802910349043763e-26
2.1982975013798332e-16
1.1410604793938359e-64
1.827194406828825e-20
1.2922494946528031e-27
3.218297130176327e-71
2.680354129016505e-12
3.0778881864129894e-36
7.885724414629455e-31
1.0271845400308216e-48
3.2972794981357427e-18
2.6408527813656524e-33
2.064090496299902e-13
9.990953332186876e-18
1.179953429818303e-25
1.0675509135228878e-10
4.904925622256362e-18
1.136405633203358e-11
4.7104922711990405e-17
8.949812304243284e-29
5.11707341746291e-14
5.492057109487184e-23
5.222520597508764e-13
3.056182283517786e-07
3.947144720345261e-60
3.83039740598453e-15
4.2297697151460424e-35
2.1661501857997458e-32
1.0568985553652131e-68
1.439212961794546e-09
2.0799072535434793e-07
5.691520651874806e-14
1.9646239138804542e-84
4.669199118929495e-15
7.654082512300361e-83
0.00011845044870597519
1.5351044824984382e-13
1.0121670100771003e-34
9.518789466772064e-15
4.718566487142651e-53
1.4785821628271904e-16
2.670026341621516e-35
1.3458194939066985e-15
9.435406790275807e-14
7.812079514538403e-20
2.108847658765137e-20
1.246712531286456e-16
9.485909561824232e-29
2.5081428886070724e-50
1.0131855928015282e-10
1.9020740614058658e-21
4.456402467227074e-33
2.993779668226499e-54
1.402869497286805e-75
2.6427779760319467e-24
2.376028174797759e-10
2.1485452802782855e-66
2.286448355446725e-18
2.0491609096184986e-10
2.95205128271749e-16
9.463195053833519e-22
4.3525658195948637e-29
4.068280132252997e-14
1.2308040774590338e-18
6.396836185535379e-74
1.303594358186828e-08
4.2192639574523767e-17
4.5970824267678135e-18
1.6813778832958744e-09
3.2260378171359446e-25
2.418968676414771e-13
3.7080719476218304e-20
4.315801144021417e-21
0.00026290106657853377
3.2164699132185327e-22
2.635516203097802e-12
4.2111126077570453e-13
7.857786425184557e-06
1.4092234270399026e-22
8.349357426556744e-05
1.0575954644365397e-14
3.2185000295631738e-21
1.4786731577580582e-08
2.2790533190212695e-18
2.0605444732628278e-66
3.135507101474768e-26
3.0641280535005386e-15
3.323704195026752e-19
3.626850103784311e-12
1.1596494979369916e-13
3.7503420272127284e-07
6.106254681931512e-07
1.401891559266523e-06
4.885212643906574e-63
4.216472537606259e-11
4.701191426540263e-19
9.017241727012971e-22
2.8343604551624322e-39
1.1710342085780248e-25
3.2101292245189036e-21
4.158068744650486e-16
9.403590328497436e-27
5.3847721080548016e-12
1.3227995935276546e-31
3.943117047428774e-21
9.169239550362221e-16
7.126248448108046e-22
4.577256396670198e-33
5.461032996206306e-25
2.3098380340138915e-10
2.0735782423342643e-58
1.2772011314602695e-17
1.2977086748128236e-15
2.1690769930716502e-17
9.417676032041261e-22
2.244606834295876e-07
3.8753318562030223e-95
3.9289681877112457e-26
1.3056354096690606e-11
5.506834664764759e-14
1.4670098732516e-13
6.445938825171732e-21
6.015112709327474e-28
2.361418924790364e-14
1.1356980419461616e-19
6.267525941729269e-07
7.322196609647546e-16
1.836674501657193e-28
9.767697722722247e-32
3.875443623298199e-13
1.935902266288203e-05
1.8145903607348595e-15
6.900752010842873e-11
7.685770715269506e-20
6.147370420143402e-25
1.1676208497435092e-19
1.2412147484764247e-09
5.542153303960998e-78
1.555989364223415e-28
1.3586703997902074e-81
2.4784411311040694e-23
1.7566393177606868e-14
1.4421580417186889e-11
2.6465829014539724e-15
2.5304767853753916e-17
7.9634796041667e-23
5.708321093899838e-19
5.377775716761226e-16
2.287992808039306e-19
5.033850451042034e-16
9.165104236651231e-63
2.0602002333473773e-22
2.0488515785671007e-84
1.228423947507454e-18
1.9872809126491646e-11
1.8193655598831727e-23
7.054849513228869e-84
1.0643401812843982e-10
1.6708279248652592e-80
6.5126552578466945e-77
1.0008299249272273e-09
1.2761179603886588e-13
4.155342441988862e-09
2.330994457614454e-23
1.8303442279892198e-14
4.67916167849506e-10
1.5272338631333867e-14
4.347732828096939e-41
1.414883535494183e-18
2.748328547268652e-83
9.213217085280992e-38
2.062769983885375e-19
3.655563774451606e-10
2.1643513539867514e-14
3.719770811353189e-19
2.883480575594847e-14
1.344541986611655e-14
3.027494863108117e-12
4.952164533615258e-18
2.95866700102807e-47
4.127119222162573e-18
1.2622303244987829e-17
3.3382232725264304e-13
1.5818937919947699e-25
6.81426085498339e-67
6.957209646501336e-17
4.444401690527746e-27
8.942025544601235e-18
1.3905365591927298e-85
1.739094884262142e-23
6.194137017489966e-44
2.0382438535380434e-16
5.169666930759518e-14
9.168617115892309e-25
4.092788972791096e-23
3.08246370885717e-84
9.639377242074154e-27
2.94775040009676e-11
2.795163450130985e-10
3.24747457284499e-65
6.417224645803191e-14
1.0551454110299534e-21
1.2575253263498547e-23
8.724458138590333e-09
1.366385727563824e-12
8.635947027086601e-24
3.048241770064027e-14
1.392977075895243e-64
6.6635083146197615e-25
2.0283217034264325e-18
1.4987973272002596e-17
2.4238912714760536e-10
4.57615399561188e-15
1.450434571376346e-25
2.3807244804224277e-24
1.3758733375083077e-81
2.8953476028189898e-16
6.994705719569825e-12
2.8773280644540736e-17
2.0121443922259715e-18
5.720218073685247e-73
7.562528494934011e-73
6.150122912635232e-13
2.423300068897125e-84
1.3192227983435614e-88
1.270728035084212e-24
3.095543059449617e-77
2.2717847595804857e-21
4.1726385231260033e-22
1.088855676480321e-21
6.209778049153955e-10
7.220759135179496e-22
1.7186007892956967e-19
2.4153130465358817e-16
1.4099210776885283e-16
5.076047765107021e-18
7.494191260405757e-73
4.550573006466651e-12
3.4751553822834614e-61
1.624757622532261e-15
2.5780871463451878e-24
1.0140519585602275e-20
1.6752027385431585e-87
4.8482287765448495e-29
7.806966756145772e-16
1.6646565341630826e-06
1.9969125203801372e-87
6.42475249832324e-15
5.872352169621341e-16
2.508670044904199e-07
5.8860226026056925e-81
1.517161391464695e-19
3.2078419747467436e-13
1.1773232030424548e-11
2.539493126989232e-21
9.384696911616701e-20
8.687530568054526e-14
5.461573070079266e-12
2.132164347143788e-15
4.480679998639396e-19
4.434871851109279e-26
6.9395058554325634e-12
2.74291120867457e-20
6.353094552760909e-16
4.6404307949419555e-82
1.69314937742686e-12
8.233689244698928e-09
1.3085715447576765e-36
1.692717317963468e-07
9.436111779017944e-08
6.941139456514393e-20
4.7662910969345e-16
3.6634852084884604e-78
1.3859388110721602e-16
2.6759828636829597e-16
3.4230752097153826e-68
1.1891419746823467e-05
4.2499972068356575e-51
7.337372013056912e-14
1.8998509781365133e-35
6.567278069184228e-18
8.768818596948502e-12
2.9250953612052483e-19
7.322029145865896e-26
5.957739559768533e-20
4.691781614563606e-10
7.494025912119769e-77
3.7495664355112077e-19
1.528711800563465e-23
1.1369272449523617e-75
1.0694064997632613e-22
5.202140737589029e-12
4.999936244826451e-14
0.000256948456272027
1.4875468288150453e-82
5.422346874424484e-13
3.1102447673299334e-25
7.388936189595234e-25
3.4625021000809397e-15
9.798956852402313e-84
7.925420536933648e-23
7.618924350818432e-17
4.339678973873507e-15
1.7425415944018984e-31
9.47934210644754e-19
6.095193651960928e-18
2.6545716985967077e-20
1.038511863746799e-105
2.7645790025272128e-27
1.0710208953221279e-18
7.849619975911475e-27
7.937712080106849e-12
4.117264535719705e-14
2.567618969135891e-63
2.332728808488573e-14
8.217498705591969e-38
2.287063940666898e-21
1.1082027642966245e-24
1.4444645238182997e-12
2.3780604727519353e-27
3.9197424811813066e-36
7.344281862879724e-83
3.869530404343505e-08
1.7590069180566793e-27
1.4332493062513312e-22
3.405552622373621e-27
5.078384986653152e-11
4.292593992745105e-09
9.905694973988453e-15
3.743849329143177e-53
3.820114564376914e-78
8.026484249351133e-31
7.376287876144048e-17
4.718552211765675e-08
3.0743382027991453e-18
1.4715490230427587e-68
1.0599090383643395e-36
2.2921843310589275e-25
3.737444758174832e-51
1.0751590585989033e-19
3.495631118359655e-17
2.3611883161370842e-29
4.600676005276437e-14
5.669803738166222e-13
1.9130137407899936e-12
1.528610681397487e-17
3.6947914746890443e-31
6.6081629105782234e-71
1.263968186744193e-16
2.1383459844576735e-22
8.734706679334922e-73
5.415977386877763e-25
3.9159578567577155e-14
4.98423819601361e-23
1.9778285225192295e-20
4.681127833590107e-63
4.741817614463674e-88
6.495951312220512e-10
3.843796073036126e-23
7.358481036604967e-12
1.7292496464452183e-13
1.8400666542060255e-25
3.0273438237986465e-80
8.676710615940326e-24
9.682152830252726e-31
1.3764546126016813e-09
3.248388137948983e-07
3.179022842933199e-19
2.804346794236832e-19
1.9026222188817967e-13
5.208560391742022e-22
2.75569687084704e-16
4.695983314494189e-16
9.950357868902932e-17
1.9076046392339645e-09
7.739443518270649e-17
2.2672113493539527e-71
3.2755057561718634e-10
2.484119471815368e-10
4.1782496581500065e-18
2.5034785419552035e-16
1.8950590127155155e-76
1.3971177119828333e-10
6.130254108949231e-16
1.2739566216269714e-12
5.697577184422498e-32
1.6517749639105306e-17
1.3052395661821208e-10
3.8848960036026706e-13
0.0021025198715270838
3.8743515194092355e-15
1.2951782546985515e-22
5.554056512926576e-28
5.943325212486596e-28
2.555133189531344e-14
1.9699508060112375e-25
1.7618813457649985e-18
7.150029261357656e-16
3.9645586457906275e-21
3.279144763202585e-12
9.805611586571517e-97
8.429957118836063e-17
1.7631742964350348e-26
3.253564048015335e-26
8.46938449551002e-12
4.0578380227140945e-12
1.959092082076865e-06
3.319147776802226e-15
7.69502938769015e-23
1.0048041395490394e-32
5.600351762588767e-23
1.1783668616035284e-13
9.827460062731401e-37
3.0495410211778193e-17
6.154246729896419e-27
6.532710688433206e-27
1.7846800703250196e-07
2.728193084050574e-15
3.422048058994821e-13
1.2326551521205675e-28
2.8501090202467717e-10
6.028108220805076e-31
6.454324192560869e-16
6.318119225125428e-17
7.73196294221845e-13
3.82485762293655e-16
1.8477173107982933e-14
1.1299790929976148e-14
1.749255330531226e-18
7.121083964676039e-15
2.9505913004870584e-80
6.052026188540507e-76
1.9718010926243224e-10
1.4445247202537317e-11
9.310064499029206e-19
1.718849325748516e-20
2.7021184505197423e-28
5.73333683780713e-22
1.238477272227498e-72
1.145460796719618e-16
3.310648373735888e-16
3.6037852647339354e-33
8.405095539513844e-17
7.082128471747266e-21
9.08078405546819e-15
9.643699414780233e-100
4.930143574700528e-18
9.939944557991565e-20
1.1714560478723282e-16
1.1866769598459356e-13
2.316585056585944e-16
9.008848173417783e-11
1.3108976610029465e-19
2.973400243552733e-17
9.227796917294413e-21
3.0920463905975127e-18
1.378300207792174e-08
2.604157422210027e-22
3.990305863563662e-25
3.4774039265922843e-12
1.817441200768231e-14
2.6313995171770394e-15
3.598591670975196e-26
8.042642128920623e-15
2.0754403913917846e-09
2.1533951412265024e-18
1.3358692734492277e-19
2.2702518175428712e-20
1.279433212575396e-32
9.322249179549861e-19
1.2656128293666509e-80
1.2519619165437897e-13
1.7425716929238993e-17
5.6571392735750754e-15
6.122284279715151e-25
8.627065558287132e-19
1.837275700572267e-17
1.6302413543351179e-28
1.5767957012371823e-20
3.371904629045238e-52
7.019806107267414e-42
1.1134171280134266e-06
1.2063028665308644e-25
1.5944752755047986e-10
2.5732554221360075e-26
8.986269059020592e-13
2.532069873496092e-10
1.4107296235607856e-08
2.1561926790240258e-16
1.136021161285865e-15
3.8988216533733443e-44
2.46406953278523e-16
1.0239817491143312e-23
1.6069677660742452e-13
2.1991469604367647e-33
4.0148075127614675e-30
4.507357788922674e-47
1.343380410057073e-14
4.771092405926805e-13
3.9268750504639724e-17
1.0804170090287373e-20
2.1100755033458966e-18
1.5873519005442442e-60
4.983546939452545e-26
1.0962293517938065e-79
1.249786836544378e-19
2.546822821594135e-09
3.864701799179419e-35
5.300436726041665e-26
2.5783848675499242e-11
1.0699547998112971e-13
4.800543263362107e-21
2.0813700966477231e-13
4.826063170429388e-21
1.0565848084845675e-09
7.071389980839479e-14
2.213909912430397e-18
4.268998024641839e-24
9.498717330314722e-08
2.0147282516778418e-10
3.1008737519161666e-13
1.1992154834416137e-24
2.5172383153097817e-27
7.274590377385596e-17
9.909081585014781e-19
9.34103802754284e-13
4.4582618737920285e-20
2.80311670362308e-24
1.4710790802426356e-13
4.206243816900525e-18
9.320042360073428e-19
3.306237849323378e-18
1.3428201579291189e-18
2.1920055001492174e-13
8.505402991834809e-56
3.974377446863925e-25
8.766728330667865e-14
1.3627082363063113e-12
4.710296748247571e-14
1.0594221163122902e-31
3.5129454101028967e-13
6.200618149064167e-22
1.3705321391392382e-21
1.8539785302291517e-10
3.478299158231429e-09
6.078423052622298e-25
2.3175501965983553e-13
1.6164244668066443e-18
7.075030138429302e-48
4.836115371955159e-23
7.467827082506654e-11
6.669620329968553e-18
1.384745957083068e-90
4.066908262547469e-25
7.279086266513844e-18
9.425095855895032e-25
3.3384240085756467e-25
6.714264830159434e-21
5.5561633901833495e-15
2.1143906017073695e-16
1.9002273487076095e-64
3.011691375319913e-12
1.4217547157551487e-21
4.890284104052506e-71
4.395908707666223e-25
7.782449352163503e-20
1.067213681398292e-71
1.2666877612535589e-24
9.1066346543205e-25
5.604289419285039e-19
7.136755636231962e-46
7.271613033697024e-32
5.2680997357499034e-11
2.5882997585274387e-10
4.760030686822896e-19
6.244139974358361e-31
2.837208748117882e-16
1.0107073167204619e-24
4.817992822677915e-37
1.561897313441382e-23
2.3398783327363408e-27
1.8390798152528657e-21
3.1992001352980905e-23
1.2858490925737578e-33
5.38634782150078e-16
5.911231325076235e-10
1.6261486852098315e-07
2.8819996107696905e-29
4.480084163300581e-37
3.4644080376002336e-21
3.894758266728584e-11
1.0682737130050728e-13
2.1957624288399106e-12
5.0193988393856204e-27
2.5936849402021274e-11
2.100563857073352e-09
3.185120988888332e-16
2.10826608447845e-16
3.9046633757771984e-10
1.886379016057054e-22
5.500986102739552e-10
5.086864178706989e-19
1.859228668627703e-12
6.915511032713749e-12
4.493456916457248e-15
2.1108449082606686e-20
8.80314045234992e-80
8.281957531279191e-18
9.142470629530609e-23
6.324685032823201e-16
5.942124251686859e-12
1.1690325083996533e-05
1.9851838522497384e-15
0.00012133398389726802
3.675111649378896e-77
5.982757436293475e-22
2.3778353270728496e-22
3.928631561040393e-15
4.654470720860304e-61
4.103011136246117e-73
1.5032185348742209e-25
3.4501886591440945e-29
5.535768344575001e-07
1.2019292536816045e-18
1.5624049710272712e-12
2.030465363958346e-74
4.679554773079348e-21
1.636744835211904e-14
1.0138215364197394e-12
3.7612864035383133e-10
1.5620844510722798e-16
1.8946699106223707e-18
2.276872211391107e-18
8.332698855352552e-15
1.8651186212225623e-16
5.223188499134681e-10
1.2553740231338018e-21
1.6853326156336226e-12
5.601200740782597e-23
5.777252967249403e-79
2.6409436966968356e-26
1.164926667317466e-09
1.799873336522262e-10
1.5025335092240903e-08
1.2420997542361308e-21
2.575256654626176e-16
6.9519644986946185e-74
2.38147558596761e-18
6.590569611313755e-13
9.148112310157419e-12
2.1580329370408017e-25
1.5837647984720806e-08
2.39893012342719e-23
9.437779056689041e-68
8.38115865135962e-12
4.0043950555969935e-17
1.7206617686582732e-14
3.0568499627885364e-19
0.0002839323506461594
3.392005848713564e-15
1.4610420176569107e-54
4.0069930514743107e-63
1.5812193026543282e-13
2.688029384907454e-15
1.8977974301232854e-24
4.540530977815988e-68
6.800636480677643e-29
1.564921347387937e-15
2.060700264796043e-77
7.539402705900523e-19
1.3158503071901923e-08
7.567375257642046e-08
2.5047152082648413e-31
2.7919455287634057e-15
3.325941361471789e-09
2.9635194758475953e-28
1.9956209298648738e-20
1.465888778370635e-10
1.4727871813414405e-23
7.484985782902604e-20
1.8217368927691626e-24
8.313021704615934e-18
3.026017932923641e-12
1.9711737167782077e-10
1.812023180754742e-71
1.5307882876642301e-18
2.1667487398586975e-19
6.998856989652481e-25
5.144797965994643e-15
1.119853430316828e-21
1.0588377212772039e-78
5.504437138444167e-13
3.237622576715935e-09
7.27398653563844e-18
1.3055884193569393e-25
7.636782603916204e-24
6.039401610886433e-27
3.218239773169664e-13
1.0423952750408424e-48
7.461761674905949e-10
2.4571913826504726e-09
1.0410292498113249e-19
8.179694701673493e-21
1.0188590871407244e-14
2.5979966904554073e-07
1.338441116815243e-28
6.922232152876774e-49
3.1125283659629697e-18
1.4518237612031576e-24
3.3815139752545264e-10
3.3111677865157e-21
1.7292882592154037e-09
1.7234234340581358e-10
1.1249369038570324e-21
4.175780206981937e-22
1.1813113965763253e-19
1.793108477956199e-15
2.8873955250178738e-08
3.412360870104191e-32
9.483846678628663e-13
1.7718646259527796e-15
1.5628029837885916e-30
2.2229903830183177e-18
1.213383831471538e-11
1.123108637904971e-08
4.810584970949594e-12
1.1605076252831921e-12
5.366861477447179e-21
1.7688645569665196e-13
2.256754363035187e-26
3.0400841460157197e-24
8.412885106152632e-15
3.0271702469872695e-14
4.191046345486765e-12
7.94689199089892e-15
2.898082900625162e-19
1.536092819997498e-26
5.443722334598529e-85
8.989377450684385e-13
4.0986165451827455e-13
1.0512223681273337e-23
5.51208138047333e-17
1.372828141929784e-16
1.1863521518374753e-95
3.327280658526996e-13
2.3698749168295354e-21
1.564572438651512e-26
3.1220716570431164e-42
2.8201215421909506e-15
5.307209508085052e-18
7.470823684141552e-14
4.389901946441695e-07
2.0608456760093486e-18
1.9686673950038675e-09
7.556954059104043e-10
3.14798176325308e-19
1.250948152060515e-16
7.579315286011313e-08
3.933134079471178e-21
9.617809103149007e-16
4.1770582087740034e-20
5.798552824324546e-25
3.2557883253518442e-12
2.5260821845761765e-21
4.741571354753469e-17
7.287525489751014e-15
1.1048517110520752e-33
5.550165941718344e-27
2.132094841648625e-18
4.082249493238767e-08
2.690649329619139e-23
6.794115721533396e-10
4.886909647207087e-28
4.062952439339083e-15
1.0990677693366551e-09
1.918615537673952e-16
5.9767013306577155e-21
1.7583533759699063e-67
1.1381019135574725e-78
1.0091102266104527e-11
7.38434425473492e-90
1.1801537843360366e-22
1.3724662553674888e-17
4.8024323264316115e-95
3.2390994556615104e-49
9.131582096737483e-17
1.705425962359812e-21
2.09201014476144e-28
3.171248792784539e-66
1.362807341728836e-15
1.3229264999381108e-06
1.9469038140127721e-10
2.6473011438789525e-20
3.995944607440012e-23
3.6924456793383264e-30
3.3150099942922986e-22
4.133039593795207e-18
1.1087765319850955e-17
1.3594611318862678e-22
7.734417825287237e-28
9.372920753534958e-12
7.93460675203883e-16
8.065747349514253e-88
1.0502616332247879e-09
5.476421647724994e-18
3.3448312253170375e-08
4.300360260396745e-16
2.583540413798466e-10
4.102190257431438e-73
9.935374737168906e-13
1.4179330987231266e-19
1.8186455392275673e-14
2.1380799742713662e-18
9.87907611227637e-16
1.8311682380066245e-17
7.852458873683294e-13
1.9251636672211113e-25
1.9291655128587138e-09
2.1773150774324117e-12
3.559148743099407e-07
9.449207398930444e-14
5.118553190448391e-28
3.085110503643548e-14
6.154263601109332e-28
1.298240111930102e-37
5.6405769669875325e-24
2.851698206202879e-22
1.6817785451425377e-11
5.987778735755633e-24
3.330416086349439e-19
3.1629542648169543e-69
2.7252455878593047e-15
7.778638603784248e-28
4.690757567719018e-24
2.597941416003659e-17
1.844852255663244e-74
2.9400776671216473e-75
5.979363895961718e-30
3.483494504651273e-21
1.8886720592453764e-27
4.4689278063624447e-13
3.410948895869151e-19
4.993275327048884e-10
1.4855257451990348e-15
5.186604840329092e-22
4.224128417341667e-96
2.064519684910285e-18
8.363500907603692e-19
3.855393651386302e-24
7.465561379589712e-12
8.174047904977922e-19
3.652289499328589e-12
2.648336526423471e-34
4.6342308390165914e-12
1.6360531406351424e-24
9.800539638869449e-32
4.2966648020087115e-21
2.6873824447047963e-13
1.2559757464035812e-25
5.049790965639905e-11
1.5229149642234724e-18
9.090965247034337e-72
4.910765093524501e-19
1.9151671930351217e-16
5.911771728207628e-52
2.866486698114521e-16
1.1364267619043943e-14
8.59392569927549e-18
5.8401973360193365e-19
1.027164780761687e-06
6.141329219897978e-11
9.070458358948315e-09
7.404393683201423e-17
2.648800355733282e-73
2.7516112307785808e-15
1.9356052604824978e-11
1.6832041438757604e-16
1.3414553890477794e-74
1.5501604170297666e-20
7.284541430476252e-21
4.61121858681214e-14
5.4869722477781644e-14
1.4625044201469536e-27
6.423963726368124e-22
5.8128159565390526e-30
9.773312275802346e-15
1.0107027214085188e-14
2.107706159127958e-06
1.474971964614422e-32
2.9814852601258566e-31
2.5920545696395544e-22
5.928210394873364e-41
6.026197986766713e-29
3.20197837098326e-34
1.227886077344648e-19
1.6709002153859712e-18
1.9573126820326282e-11
2.905805068877447e-14
1.3384996677091057e-23
1.729668061749871e-16
6.255132874989356e-13
8.373351114187072e-22
1.728955523010745e-16
1.8476957534161785e-14
1.1427063784498312e-11
1.1416411574174523e-17
1.854394918983558e-18
2.151243026605507e-24
2.2131563221649766e-74
8.90756769604649e-23
1.0845649134080519e-11
4.594115547993395e-16
1.8749407847440234e-12
1.1620417004543277e-32
8.090599657166193e-16
6.340487583474527e-18
1.5303595847617244e-48
5.769891027398267e-64
6.337035449416788e-08
3.320443689568801e-10
2.939386828188256e-26
7.56021009515431e-17
2.2562568185157854e-71
1.8756004193783546e-18
2.1425366994843392e-16
1.008361254949431e-79
1.707343540776338e-23
8.75604480040492e-22
1.2469249078208161e-13
3.415912540652992e-69
1.5121777261742143e-23
7.868138079929474e-11
9.85174896564519e-31
3.316898630809332e-20
1.7168029416065331e-18
9.921463193592949e-14
2.0053837198982193e-16
5.201765887583327e-25
2.4976243451692814e-18
1.4883395716082807e-14
8.222302472987324e-08
1.5158435529581826e-10
2.970835985840178e-27
1.7370192254086062e-10
6.673243566171013e-23
1.4445509078432395e-15
3.756286023625151e-22
3.2237083873273582e-09
1.9570802662683724e-27
3.3145542901355795e-12
3.382108537973913e-29
1.1704375492834499e-22
3.150044457950801e-17
3.415319691398691e-11
3.775411020734094e-09
1.0553816121955321e-08
2.2502017187284422e-14
6.655978514244683e-20
9.341388607230722e-39
3.322663971987508e-05
1.4513069163931514e-29
1.591412966871114e-16
3.1520415495781474e-14
4.268728052840835e-21
4.135095110641299e-17
3.409605829371203e-23
3.37716498366059e-12
2.5891829378952553e-37
6.89272726717755e-14
6.129672878489605e-10
1.5031290714580465e-24
3.6470234829426336e-23
3.4801960326678506e-12
1.281779262715708e-78
1.9387433539016923e-14
1.168635028469691e-11
1.4937944296112386e-18
2.3914817221060764e-08
5.795557233587843e-14
2.941723060168406e-22
0.0012309820170764707
5.902558578555965e-18
1.2407265209791479e-09
5.10412408003964e-69
1.3886012099110758e-21
1.415620679025175e-18
1.6306271723282994e-15
2.059044203657612e-18
1.2581521659154041e-18
3.3767137342243775e-10
3.87481542722358e-09
1.5135378164466798e-06
7.825436574815969e-74
2.047188139006435e-21
7.499189933781004e-83
2.542445040047232e-82
1.3384995722300724e-86
7.237213068202475e-22
2.346769450239113e-32
1.2742732554709742e-34
4.3399144211437894e-82
1.6141011061662673e-20
5.1755911615856424e-17
1.5334389760452315e-11
3.56560065938432e-74
2.945140961178795e-44
4.060584625152554e-10
1.3159586486239069e-46
3.8566895275319843e-13
1.1695448260031947e-22
3.386877894846151e-19
1.9891235942499682e-21
1.8333644286477434e-24
2.44387823194074e-26
8.681150008534297e-18
3.38244701476509e-14
1.5380573334876736e-20
2.261836014257155e-08
3.559066229837337e-07
9.636402454694624e-13
7.130195985645499e-32
8.21965447536642e-27
1.0830662274028959e-12
2.4652158987006308e-23
1.2093465372303013e-74
5.776030658277138e-16
9.302563446528176e-14
2.262519426257697e-16
1.6578266268340151e-09
1.6984358790057457e-12
6.581651639103075e-22
2.2055181191879042e-13
1.797228579926814e-19
3.6872303661878737e-22
8.86615203138817e-83
4.415916885275406e-34
3.978839354909305e-10
3.914231718188836e-16
3.3220649272190644e-16
2.8255774973113224e-61
4.660671997524356e-10
1.975755796996904e-19
1.0859796557487455e-19
2.4740923363980124e-18
1.041224892319391e-23
7.358367473486902e-11
1.798634916612905e-17
2.2962915856224112e-74
6.547802156319449e-19
1.9152391098471425e-16
1.0943007612403319e-05
6.119780358045783e-30
1.0038425286094852e-13
1.356754091762923e-22
2.582129728388004e-14
9.914009795120121e-20
3.499942776224328e-34
3.5121369486280914e-31
2.3215351407028233e-60
2.885327537726913e-23
1.3198990488740158e-82
1.564079679706603e-34
1.814193759384383e-08
5.266758002080895e-21
3.931191713169858e-12
1.579040936234599e-15
1.7352558991550148e-87
1.0238594715683445e-09
3.7082234851367923e-63
3.9905769893696855e-12
6.286473923460445e-23
9.513651273858676e-79
2.6526744388115074e-20
5.5082432786122734e-17
2.87052658560217e-18
1.1427433042374398e-72
1.489767227323326e-30
2.8409625633466105e-11
8.084635943434188e-10
2.519049738471152e-80
2.476701222773779e-12
5.696219011112988e-10
3.516172110869731e-11
1.0818942590332276e-22
1.047749016416748e-14
1.0286123963511968e-12
3.8509679255044564e-80
8.814023184508834e-34
1.2358258338009178e-32
4.762830147943951e-06
7.088952174955682e-24
1.0051120779453247e-40
1.4817486861163744e-15
6.157194451760323e-73
5.0880708152535725e-18
6.499217973782621e-121
2.9796832373260127e-16
1.3588162698893478e-09
1.6397692464346795e-12
6.808978540642651e-13
7.877139869854859e-25
1.685946299278756e-22
2.5057094097055367e-06
2.4903092062942816e-14
2.316296352013336e-52
2.7929555908190256e-19
4.1735105255671716e-20
2.406121964207281e-14
4.2612846743537476e-11
5.895264604874765e-19
1.7002465932051937e-14
2.7471101207494713e-66
8.024092139804232e-22
3.1750660574089073e-18
7.941503816642272e-06
1.2069629190836175e-06
4.65040769564644e-15
5.198948991039749e-15
4.009454344588952e-15
3.508494361030003e-35
4.511129504734584e-18
2.4213239367579895e-77
1.0973249475715657e-09
1.2605366648325832e-85
1.0864534606369026e-80
1.6205591855970477e-16
6.119746613125916e-28
5.0585592051162385e-19
7.583632133293537e-08
1.4527851871424975e-19
1.3687136062931979e-17
2.6930791327013045e-27
4.050022469846833e-43
3.2132601505424863e-25
2.045328705793683e-21
5.749520688527036e-19
1.7705033412744332e-40
2.4584139777699007e-09
2.4950641772706473e-46
7.721621368051356e-07
5.14607065722682e-19
5.0233627018345895e-76
1.8642634612866294e-45
1.916530373829008e-21
8.955660225493847e-12
2.839733850499926e-77
2.2972940207370753e-14
1.0606397398144606e-13
1.5012784615281738e-17
3.3365920505330595e-23
1.549489734185823e-19
3.593487509349737e-12
4.4295700480468687e-13
4.498443065804498e-18
1.9514628892391961e-10
3.301702308841927e-18
4.515543781257677e-11
1.7970153655805685e-24
5.12092287933268e-29
1.8680843990862658e-17
2.417257469306405e-78
5.365085866626299e-14
4.639364926961333e-15
5.0577778475313986e-17
5.110659417495413e-10
7.110863141750411e-15
1.443813514914639e-18
1.1197179600884141e-32
2.9650112478552388e-80
8.575413058613138e-13
1.2256823902863175e-17
1.1886327876097808e-17
1.2068830279732067e-16
1.7403185868846683e-08
2.9771388905334486e-21
3.468013306258377e-14
1.5290138095247446e-22
3.1807563731913357e-94
3.634636827052828e-19
2.49690022422079e-28
6.4604760068056855e-12
1.9760855190370012e-42
2.3570051152456173e-24
3.347482773072799e-25
2.8948915324973014e-32
1.5288821415236479e-24
2.11394083532001e-13
1.4207963236080747e-23
6.056689893417943e-18
9.435904774347985e-20
3.519690474221192e-09
7.360340857330396e-25
1.4085736340960597e-11
4.214335772448913e-28
1.5186686959437793e-17
1.352220601511329e-21
6.255614102150154e-88
4.566852729531615e-17
1.828565724726281e-12
8.678408302184376e-28
1.1020368724615805e-28
1.0438522677428724e-28
3.281653740432937e-20
1.0693990300901378e-24
9.082335391013974e-18
2.2210198249077317e-18
5.664812756139055e-19
3.814791344842336e-09
1.2202140353511385e-12
1.1664150933985153e-26
2.358734009016369e-15
5.629210430744026e-23
1.0690741672784266e-49
4.4225004911902664e-68
1.1876192928096237e-15
9.291920001166712e-32
7.535777701920033e-18
3.51467136958604e-22
1.0174758210826401e-10
1.775463684639677e-29
1.3716461949124181e-14
1.6123906970664596e-18
1.742792688843725e-77
5.841612580031432e-61
9.99020850102017e-24
7.518724607770005e-10
7.621520732331689e-09
3.3944532064104765e-29
1.9052937036257843e-20
1.2342047357082528e-13
3.778740329969533e-26
1.3042774336955969e-20
2.412690733429508e-65
6.22946370323754e-78
1.6516774433973517e-19
5.55901227850015e-16
3.630257140220759e-26
3.560485917895523e-18
1.794471267954982e-11
5.754441448835172e-18
7.186483547577124e-13
3.5461878950505053e-13
8.085629914953823e-18
9.950113855937235e-22
1.3276942281686437e-19
3.631727003268955e-26
1.508937984069913e-12
1.9635603769524655e-08
6.0351841557980136e-83
1.218318461923866e-31
3.2749933345028795e-09
2.0900301254459602e-22
1.727315056421283e-07
4.792739132831186e-08
1.890126067880085e-14
5.996266958534155e-27
4.5383827954365735e-15
2.5837438220847797e-25
1.8237232469834337e-44
8.856673444598889e-27
1.5417741948542175e-11
2.333026440551198e-31
6.987255225840545e-18
3.811088469671525e-24
1.2873049223054509e-18
2.707655461422499e-14
1.669665899731389e-23
1.5874198051133988e-24
3.7936994749858666e-18
2.3684885123197973e-22
1.819873342322175e-23
4.275879954534746e-14
2.005748789936081e-21
8.098422169713362e-10
1.877554587948462e-10
5.699050708036242e-14
8.372318018938764e-75
2.292855143119829e-82
2.0377773954985412e-16
1.281553305081608e-63
6.880227016423141e-08
2.1008920352035094e-12
2.2010562596255974e-10
5.001693537146102e-18
1.5483324257039933e-19
8.189768014418045e-19
1.5316584645910777e-34
6.741091905673001e-14
4.045575943820886e-23
6.078644322575368e-41
9.926940007807775e-85
9.31111198282567e-24
1.7651040129798374e-17
1.037928760607417e-15
7.353126627045357e-25
2.1527964587764807e-31
2.4899059937309984e-24
5.093158098352882e-18
3.5553522572035495e-13
6.12433720467481e-26
1.7880691867617517e-43
3.420922972016301e-11
5.174632139230251e-58
7.295461690155443e-14
9.690178626806597e-17
1.1673306727577121e-08
1.8252319016533573e-08
1.3327680804376237e-65
7.400796720868792e-13
1.317597943581318e-09
4.100764384423603e-08
2.78319665416006e-78
6.964348173980627e-12
6.439745525143595e-15
8.592182923184432e-37
6.527563145094377e-30
2.5932898291164243e-19
1.619857654994598e-20
7.059252452749579e-26
1.8638902031186436e-15
1.656507566991017e-10
2.8538458902777827e-59
3.1409772057963905e-73
1.1233625024554716e-29
5.884150036089688e-23
1.6100990590185007e-17
1.8603358193162116e-15
4.79051433156981e-11
5.1176639422150184e-12
5.074536061137802e-19
2.462223187295636e-66
4.526341060570534e-76
7.240546313867698e-18
1.1195676259707988e-27
2.2836887312726326e-14
1.1300266026890064e-75
1.2982644892560018e-12
2.7229374434079943e-08
5.873471947213039e-15
1.0569902700874403e-14
2.094165610239769e-39
4.1378280192376356e-22
6.777697157734635e-17
4.02630714604208e-18
1.9962437350116495e-11
8.742921078384203e-15
1.343172622922371e-16
1.0941990166989159e-17
1.5553949851793175e-13
6.817180079290212e-34
3.353216683785072e-09
7.519114347239583e-13
1.27579678873471e-15
1.0080748335740058e-24
5.533473091318944e-32
4.5102141669988564e-12
4.2207243154446124e-22
1.7944839338633913e-71
4.443838669543511e-12
4.0759945230212444e-35
1.5675426844961493e-17
2.2089895457704576e-14
1.1735172235967068e-19
7.52602253009914e-12
2.0253539898574336e-06
6.65350072728498e-14
2.198127361322732e-22
3.0769681434195288e-30
2.2406206318606847e-09
1.7260022465406937e-19
2.258131212258466e-18
3.034814027539358e-08
2.995534694115605e-20
4.963177487581914e-10
4.804930810367575e-33
2.5285658545257373e-19
3.991241281872042e-22
1.0719758905505256e-19
8.011457139793447e-27
0.00017849855715240675
1.584648584089352e-19
1.3955557784776989e-11
1.0632145811128536e-14
3.5858198184672344e-23
2.1660027087450004e-93
3.1232301073942897e-16
9.389503662488824e-36
9.364144581575644e-09
6.858411712811222e-17
2.856067777450034e-70
3.0030190783293963e-22
4.881167420927457e-70
1.1167954115157687e-20
1.6935811257594778e-22
2.2786529781304076e-12
6.779935583293141e-82
5.854337734406519e-10
2.7582756542712867e-25
5.266520285041245e-10
7.759763148123303e-29
1.7034111370389125e-13
3.0584324185065524e-15
7.96771163410866e-10
1.837094283184503e-33
2.0004126072845693e-23
1.7031719277601305e-13
7.924770724738095e-17
1.607161027664253e-14
1.965156014122916e-16
1.2965186243032515e-13
1.2383341668445027e-14
1.5810510841308595e-34
2.8651398814774307e-23
1.542860769208625e-26
2.2299595817247874e-13
6.2133587293424324e-21
1.1120056903480862e-16
1.5089308984957256e-14
6.168432385277854e-23
6.650015482670831e-14
1.64814084534713e-76
1.106366830077081e-29
6.128506657180654e-14
3.8024144773774875e-40
9.843205686449651e-30
1.7462955096947078e-98
1.5829982024321843e-71
9.06474340004134e-17
6.711330333868034e-09
1.8730731368875646e-13
8.784300853943534e-13
5.75145061290202e-10
9.954932218573526e-35
1.746763980233888e-18
5.377470365748756e-75
6.833031280486077e-27
2.607713372493505e-20
6.662363668830781e-72
3.555615878351712e-97
2.520173748048663e-13
1.936040653191013e-09
2.81474063837545e-78
1.6001147448891165e-16
6.860658281610131e-22
3.5763867149244226e-10
2.1165240824275285e-82
3.4195849703254134e-61
1.9241899837829965e-24
1.9051459163747993e-18
5.2530597457321036e-23
1.57179618670798e-13
6.704213441846821e-14
6.56382493297821e-16
1.1007250976805925e-87
9.850996461330903e-16
5.7885624696867315e-21
3.7372347780096806e-85
1.1006170975686698e-12
1.010605889369678e-20
2.183280019293714e-27
3.335588861714778e-15
8.035088392939559e-84
9.139574141448684e-32
3.72144042643371e-21
1.609477334373481e-22
1.5063580077884626e-22
1.2520214452409564e-75
2.998242673710083e-29
1.9261997301855058e-80
5.883361038161719e-82
6.529449122567008e-26
2.059442395023113e-88
1.3219595524967461e-15
8.445519466288196e-95
4.999004930463933e-18
9.084594216691849e-15
5.175632608417117e-16
2.4194637147911646e-24
4.1906647608264224e-24
2.3766326729257094e-40
3.89329403903316e-19
1.4488646642246971e-16
8.663305229216237e-73
3.002264515468999e-22
7.914524413218565e-21
5.574952768331157e-26
0.033056820321404334
5.128888713506607e-82
3.7045369973934974e-24
1.3782461210403615e-16
1.7582102228352408e-11
4.070732431004518e-13
2.0270964652494698e-15
7.626803219529721e-18
9.930204420368757e-23
6.38554212924012e-23
7.771155218008915e-17
1.3147738222784846e-23
6.289899622140173e-13
2.4283499176699595e-10
5.837885178203828e-25
6.609811227943033e-25
1.8820388878883097e-25
1.3278666152080481e-18
1.0011709343016411e-79
9.477977901463628e-24
5.8349873030900445e-18
1.4367737971711563e-22
2.4814382427709877e-28
7.748168043704937e-14
1.2029499357500523e-16
1.057803283177984e-84
4.117512947564569e-21
4.405500519083878e-16
9.575916612996168e-20
1.904833605603811e-27
1.6534200961543013e-19
1.4477817972294268e-08
7.929278983949113e-09
4.804696218686306e-16
5.882053479035086e-78
3.112454983883278e-53
3.771199545722539e-18
0.00022073562712834928
3.0639077253793557e-47
6.2679448720095414e-18
8.708726980472826e-25
1.692717317963468e-07
1.1657792686523737e-21
3.2640197637448086e-17
4.725969585895265e-60
6.371232202861446e-26
2.20232151600649e-17
6.856903304829546e-22
1.078796218251238e-10
2.736113983475049e-13
6.1156089890459e-34
4.5669036481022755e-25
3.2926872163465274e-61
5.162127700741588e-14
6.362848670769027e-19
9.838667608222521e-17
6.387249486167267e-15
1.1903483938159407e-13
2.9267332898876442e-08
4.733670801975194e-44
8.220478623546003e-17
1.4733851776531932e-13
1.0436542858928212e-13
1.533382374555436e-11
2.97694765785154e-67
1.3316918373212979e-20
1.3694148508571202e-16
2.1504475199209923e-21
3.916372198037546e-36
8.998048157515615e-19
1.4877547936570681e-21
1.0389741524887015e-14
4.745495740651509e-16
5.048658483536388e-16
1.3616078758021126e-18
2.1903831665640253e-84
2.0926311139478484e-14
5.152806937287768e-09
3.382824937737548e-05
5.612497196331892e-15
1.128321918174848e-80
4.274558665755355e-18
4.7319506636887294e-71
7.635571423604694e-18
4.936333685747999e-18
4.299763630753213e-14
7.331497507414647e-14
2.494704921752548e-37
2.749221931382586e-10
2.052872760272079e-43
3.6807511068731246e-54
3.907361996718004e-18
7.493377388804619e-14
1.2426330689349627e-16
2.2206125089878012e-18
1.1362726662513127e-20
1.9224437655296634e-60
1.6182107490014625e-08
1.1211665795637166e-21
4.221416697837928e-26
2.897904861083817e-23
1.24256631015175e-25
3.1381968081247937e-34
1.3406568435392958e-11
7.60726859582435e-21
4.3363751912957514e-14
7.252572365400033e-72
1.5453409176253051e-80
8.986502724944634e-17
5.009286831483273e-18
5.475371056271389e-27
1.177590368304396e-21
3.202061010864183e-06
7.199616679406653e-20
1.553895911747771e-21
1.9696476975462126e-32
3.781896313082863e-20
1.8404537171934117e-13
9.56551330161398e-27
9.457728096408201e-15
3.073303229657519e-42
4.824527244957527e-21
3.5797086985214074e-19
7.297197340869756e-21
5.085389592218992e-22
4.904550495964436e-16
4.6732576606927224e-14
3.654766233250431e-23
7.383695833509773e-11
1.1380740188364953e-18
1.9392432375221324e-15
4.254188971964517e-40
3.166973163175011e-15
2.592756511862071e-16
6.2024155242089006e-09
4.153252590926217e-21
1.2575096307849628e-23
4.464036554931654e-19
9.027166447258583e-10
5.67935327135203e-18
2.7217735268177316e-17
1.6508493614207057e-26
2.191944482645604e-19
1.35823001201387e-15
1.9821064505529308e-15
2.0983334126465537e-17
3.3384813776419325e-16
1.4681189693557775e-08
6.777753894398362e-16
7.874952764269086e-29
7.27356322369023e-12
2.1564027137469218e-08
2.468881849346256e-21
1.1707760270327658e-27
1.9989982288259708e-16
5.780952486861423e-17
8.387014912443353e-29
2.48526376638978e-24
2.1307120651873886e-16
1.0313515906702385e-21
1.1520966875772463e-22
2.226623700478531e-25
3.8728624270779855e-10
1.2759887611627856e-18
2.1899724896365532e-25
2.1214441894027948e-23
6.954233237499849e-24
1.858962600292421e-12
1.1110367205106546e-25
3.4911357788100676e-22
2.0239106956065286e-18
3.240567780197098e-20
5.71862284413372e-16
1.5983317940121419e-28
1.4086700017457307e-15
4.193278364983351e-32
2.1693176968600644e-17
3.6692463677114303e-10
6.596535435020027e-18
8.821011948324215e-36
2.738615692059121e-13
9.836821159866234e-07
7.238582985986764e-17
1.1624223758107298e-25
1.7483945722763986e-17
2.0125972463183957e-14
1.5600680773788823e-14
3.2082778659609385e-26
1.0115843313593484e-10
8.209992662521247e-14
5.352005355791404e-76
4.787167619698375e-73
9.655158529123956e-79
1.228696041097178e-17
3.523219646440527e-44
1.5677086267899247e-24
4.170083292962268e-08
3.573063642775437e-27
6.3041337147999505e-12
7.592545664245692e-15
1.6269418966866118e-48
9.115140281021682e-29
7.914823044924593e-25
2.901456307004395e-16
1.3544927593528717e-25
1.794796456178243e-21
5.320338023439743e-38
4.25029736540432e-09
2.3501914702635555e-94
8.04668250802952e-22
9.20808771485887e-14
6.941916983964399e-25
9.71496393000693e-24
1.656648929095165e-14
9.475164329062644e-18
1.422973702081139e-18
5.008587729166225e-23
8.414367329042246e-15
2.1024895794650517e-28
9.280385586447763e-15
4.409153898749788e-14
1.9372796945017144e-09
9.622317244834934e-13
2.7595985527172296e-20
2.191618204561042e-22
7.847670636286023e-17
5.95387895014614e-16
3.269204856841875e-19
2.6242575320252983e-22
6.156253760959679e-64
9.371565019322754e-16
6.100602380569215e-20
1.30539693241372e-26
2.831383245256525e-17
6.251049887477915e-17
7.851192472772884e-16
1.524362342912374e-15
6.793324620484133e-17
1.142350956608868e-18
9.461504382037928e-29
1.4070977514710172e-30
1.0542805879070106e-10
9.170776600500835e-13
8.45193101643531e-21
8.271425715169489e-62
9.484306971647845e-23
1.0200912994123093e-07
3.059099250212532e-47
2.8947876866302507e-22
4.470347777658628e-16
5.958152388763306e-08
7.11050512981982e-79
1.848112552179205e-30
1.1811747299983152e-19
7.037984231953835e-19
4.373487011131378e-30
5.8169924357547724e-18
5.550021979328417e-68
2.4465098772960887e-16
1.1760016906092553e-20
1.0615738828054652e-16
0.0009741854258581012
3.2997640892973037e-28
2.512761761420089e-24
3.189036505932765e-15
2.714698737391071e-95
6.211466501753173e-34
3.1251080510490757e-21
1.0353917500439458e-14
2.6920100670571937e-11
4.715319170793044e-23
1.133208418240567e-17
1.7562353442446737e-26
7.6935816762553e-17
3.057246349102709e-12
1.7410500490221845e-14
3.5964327550126428e-09
9.386746658074435e-28
3.1451069033794536e-82
1.7352454208298441e-16
3.0949432263215647e-13
1.359595106719814e-38
1.2445643356238597e-13
5.984886602134426e-12
4.1400526802878793e-13
4.520602880377929e-36
8.042721664669373e-18
6.81348524458504e-20
1.0103524307318989e-20
4.91839670176187e-17
6.2990535292251876e-12
2.333308762221729e-18
1.1002972588547392e-27
8.852167870183634e-10
1.482738317904832e-10
1.2535873895290322e-59
1.5498847114564054e-15
2.139703781797542e-14
7.456839299031327e-20
5.328683670712877e-10
7.212923877474233e-25
1.5608825681321203e-12
9.486963955284959e-08
6.7311383360297396e-12
1.9702663294825835e-24
2.66454121380436e-14
1.6740643042954488e-10
6.673780840536282e-35
7.35597996125168e-34
3.275595825976825e-19
1.6077555693417328e-28
1.0411143616187987e-18
5.844395420569639e-71
7.126210762806378e-11
3.5534909903936515e-86
1.0907613473225612e-20
1.4246989482725514e-13
6.811267732529762e-11
1.4094576157185674e-17
4.93129865571804e-14
5.922886990426013e-11
2.291218843022027e-15
2.291724156722743e-99
3.373095079864834e-18
2.2090553157804393e-32
4.066302519046568e-29
8.413384628508194e-39
4.529905057511519e-20
4.074950604162525e-17
1.2864870119994519e-18
7.747375684972253e-18
2.0967221149144635e-16
1.0499056991641935e-11
1.0042984510888477e-06
5.34147349083707e-19
1.892101926608171e-24
1.8685674686916565e-13
5.210669966430637e-43
3.9361705435797196e-07
2.7440530495400507e-22
1.840138384852107e-12
7.644359635885957e-32
1.0942917913343517e-15
7.665758611360286e-12
3.037408365685266e-24
1.2150308901079854e-36
9.550601910450491e-25
2.0488715873117642e-17
4.915132417683574e-12
4.979206080373094e-15
1.0754816289803865e-78
6.840169896072507e-23
3.697336483531898e-77
4.921675061919217e-23
2.0879741704902384e-12
2.7428257735593613e-34
1.6275039527183442e-22
1.1715015282253917e-19
9.760754408272388e-30
2.3066899696959273e-18
5.946993273815951e-06
8.497958266046576e-15
2.0816977930064497e-13
6.944261916890719e-22
5.982074079122279e-28
4.678373983115842e-13
1.5072576343348677e-69
1.3703718681502084e-22
9.699713135162434e-16
1.572065887984059e-18
1.9754574010039766e-26
4.878986308822046e-15
5.789831706123183e-17
3.653744350850928e-17
3.207055391569012e-09
6.801067470412638e-16
3.627495787468631e-10
8.818231110934174e-25
4.257707854249631e-12
3.770496286466794e-15
1.1594896676629097e-12
7.787595096016219e-22
3.084746816231976e-39
1.3390668291779204e-17
2.696758735140326e-17
5.771090738288423e-20
6.715527246086903e-24
2.4125140057372037e-18
4.3134723235901534e-17
4.442172150705376e-34
4.974818550913783e-27
1.490163745940271e-22
8.332111581453717e-10
2.1389279590038607e-19
1.8894248081452797e-16
1.8240935182436362e-19
1.9935459492691276e-10
2.8727267213106546e-14
2.280638135070537e-12
2.960451910029668e-29
1.3969744784536962e-26
1.7667872220932514e-18
1.7658946293931522e-21
5.337792082690825e-05
3.2459099627227526e-28
3.2581573644443167e-12
1.9142488181856823e-15
3.1290132077974252e-21
2.145326691764185e-11
2.1596430157871463e-23
1.4849170102810797e-11
9.698879107527296e-20
2.125153232107129e-81
8.49486932941549e-19
1.2756402918729335e-12
5.073462172878951e-17
5.368652497320902e-26
4.407997734302826e-40
1.3424177982954597e-25
1.9603902852120053e-18
1.1071690316495198e-18
3.79812192315236e-11
1.5868094874143043e-33
8.198999719034932e-73
4.5643733244173847e-178
2.20260160132609e-25
4.257235848805176e-10
3.121874178014492e-15
1.3871795272640006e-64
1.1554254436375349e-30
2.2402051819327383e-14
2.761062117334113e-88
8.344490354206222e-82
5.452782892424804e-16
2.7424572988647124e-76
1.6487861763715798e-14
5.682197318995011e-83
3.0949432263215647e-13
5.879587544860035e-19
4.110061429665783e-30
8.639462823121069e-10
2.984731815296653e-11
4.1552183295788053e-07
1.0972045411543225e-15
8.319810420698045e-24
2.2792747224286725e-29
3.8108295419602175e-13
1.3293478877990785e-74
1.3486181997882583e-23
1.4179050378858435e-17
2.7197984694897837e-12
1.2195170617759109e-17
4.067535403983931e-20
9.934936608052642e-07
2.9593013891753772e-15
6.58309174354624e-13
5.0998990347364596e-14
2.563247699565151e-44
7.974625497351526e-19
3.782189458620597e-10
1.3569588691594773e-18
3.250162827339996e-23
4.013325679408405e-23
1.5529721927513826e-35
4.466476396016443e-78
1.1495132321500294e-28
9.778847319160834e-14
4.870766815143641e-31
2.0159451928366962e-19
6.348260759821327e-16
1.4932630669315224e-18
5.356182324218956e-09
1.2907709574126689e-14
1.8885576818701452e-16
7.18516207840989e-09
6.691427349947269e-26
1.6330765877635147e-29
3.151177739382355e-10
3.3069656930341663e-15
7.908122157869224e-17
2.1369749101684625e-13
8.416658388979248e-13
6.982088339074398e-12
1.300054032576445e-22
1.2632786266567077e-30
2.3853854941605813e-13
9.513734233886448e-34
2.4122634864430545e-41
3.743133204830505e-10
3.9040792809793575e-13
1.7902857893602983e-08
2.300856401143981e-22
2.5286032175681565e-18
9.962658068659951e-23
1.4614059423148628e-08
6.24680408862695e-78
1.087233676114763e-29
9.162006732185218e-92
1.0100025805158388e-16
1.0863528044233478e-21
5.121072162860281e-10
1.0022058281993611e-16
3.672827400883998e-20
1.2752628805884626e-26
9.988745497583297e-09
2.3408839954577916e-20
2.792469406536326e-14
3.597596637996679e-108
1.1809214015049062e-14
5.880496874778781e-15
6.882480076670567e-37
1.6021515109997582e-05
5.0626468258241935e-14
7.0437757635912895e-25
2.0057533452124498e-19
2.2429099168335818e-11
8.535682182803051e-19
8.91514273487907e-16
1.4815034650600224e-17
9.888757755041754e-15
1.5558330296068398e-19
1.135057889426709e-20
9.65979077668443e-13
1.1122322956540685e-15
5.4010826192073836e-12
6.236430218439123e-15
3.4475467386710243e-18
1.0403384204199324e-21
4.2458309216429606e-10
1.002772174230092e-22
3.7143070869637767e-07
1.5875228080489073e-15
2.3949747277172297e-08
1.6950499867407347e-16
1.8429945951876122e-24
4.5724771668805665e-08
6.471767956630324e-12
2.6999193062431735e-79
2.5097786218993787e-22
1.6252235072323726e-17
1.930008002003634e-18
5.4719035265710824e-42
5.1264695217450955e-25
2.5099840865558645e-26
1.3128328461504266e-35
6.000671483892844e-47
1.057360947645248e-62
3.80396865009116e-14
5.3866507461955715e-15
2.831078585154141e-15
1.6239313489627022e-15
1.2656130484667273e-26
2.588187329780993e-13
6.99702609405567e-15
1.9371151926739338e-25
7.823891341183548e-16
5.879106245728725e-15
3.883258798185775e-67
2.829317083654367e-05
5.687238944453967e-75
2.5309496734184224e-19
2.8881255325869287e-11
1.2650528588160745e-79
2.9921243275900263e-25
5.086672967167088e-13
4.562263070466735e-16
5.954266358731596e-18
3.4850041883385636e-14
3.291344882630964e-28
4.2139993636479363e-19
9.575125261378325e-23
1.1526673739930961e-26
1.6661455247731393e-13
4.351571034879314e-49
1.5605586123470734e-38
2.207276364187623e-86
5.6395042861440126e-86
1.854851600439625e-76
3.234768235428565e-24
5.622496019090433e-16
4.957390608504765e-13
1.0261969116949557e-24
4.706733839632518e-20
6.06312205764484e-85
8.50917780326599e-20
1.339589396068238e-31
3.3681514609595523e-11
3.660105384031585e-97
1.500429149977021e-60
1.4073699350289121e-09
3.213953624641407e-25
1.1974188280438666e-23
8.639239761067547e-26
2.765019025087158e-12
3.84909043408199e-20
4.195404525443707e-68
3.5707232872182e-31
1.612223019219555e-20
2.4392034705953098e-26
2.871436887604226e-18
8.827992776751208e-12
1.0452003404782332e-70
3.2627644498320053e-06
3.553999698091841e-07
2.921599001751106e-10
2.5095386285943704e-24
2.759275867892001e-37
9.098111875761005e-26
9.021658071691054e-13
2.8753321154843815e-77
1.8317216434079022e-14
3.116258682035861e-20
6.3917145659852335e-15
5.605479081329009e-11
1.5965892686344652e-11
1.1097327400724693e-06
1.5004298278205353e-83
7.153077619112022e-24
1.597018494833974e-51
4.934448981223908e-41
4.005912974106325e-17
1.253537498327036e-17
1.6979831552850762e-11
6.877913072960986e-32
2.0713615053307574e-77
8.277657074900686e-105
2.034314082391962e-18
9.680355483850818e-08
2.2923583834268005e-17
7.659906465459045e-18
6.432512061225055e-15
6.065557112827906e-84
1.1198463525049074e-31
1.2973770334394217e-90
9.208984102998067e-15
1.4771668533568223e-32
2.9606270318008036e-32
4.129800197638203e-18
5.265533275284529e-16
7.603718656191273e-24
2.574801142015557e-99
2.5910455153874673e-08
7.06677224280877e-18
1.71970042631708e-18
8.096653229048327e-73
1.7616929204759103e-25
5.614201662371523e-56
3.77528658375615e-20
2.2943732086069744e-13
4.98852007304572e-78
1.003779303572097e-17
4.699924697555158e-15
7.301446819787837e-15
1.3966138704009013e-13
5.743763231356322e-23
2.24951542864289e-27
1.7163549375707626e-14
5.412491918853571e-23
5.639030725838294e-85
6.010083079131765e-15
4.7183513666287736e-51
6.847890479667423e-20
7.847182106822706e-69
2.1690904666236074e-22
2.362968675471235e-15
6.389878293194639e-12
4.567401612515379e-13
1.0684562429443039e-50
3.318023169375031e-53
1.53315208271124e-17
1.908182613387097e-11
2.0164691622830814e-15
8.822537574317433e-77
7.758705764864251e-14
2.7945090880811636e-10
4.5384436330267655e-102
4.854754071622365e-23
2.2067430719969962e-22
1.2364855589536735e-98
8.270043666096126e-11
1.4911087596135714e-12
8.38679099193394e-21
3.860637286285857e-14
4.065344631047302e-12
3.88568153181335e-13
1.368419163116359e-32
1.3114426874733194e-16
1.485174847632069e-41
2.285890043842031e-20
2.756154846492154e-20
3.6701890366837985e-18
1.4931266547836263e-16
3.0432298210105926e-88
3.11744176990116e-30
3.7852597400210617e-22
4.729210479587654e-08
1.9148584925075308e-23
1.6210837852635044e-25
5.590837807659687e-97
2.1927448477409412e-18
1.8610645270943193e-10
4.500737562625676e-13
1.946959005403791e-17
1.0537484954725728e-29
4.2715328797084055e-12
3.3089203610451706e-10
5.70849654567993e-23
2.6258080556527555e-44
7.551046576140092e-06
5.468562389704133e-16
1.9853898071108262e-33
1.3320815225287692e-19
1.0871764765588473e-12
8.05286598504494e-15
2.8461240626730167e-22
8.214244030101674e-14
1.1852777010802182e-25
1.522341596057642e-08
2.8069222121831364e-18
2.344450111748934e-24
1.944664186741619e-27
5.886555836296695e-17
4.40289264442605e-32
7.557808639581246e-23
5.172341255055377e-11
5.3420865579768875e-12
8.855577232997915e-26
5.63484788167639e-29
7.10420486817909e-21
2.7455175083929234e-13
3.4163864096765776e-14
8.461874759483051e-06
2.4441305739580817e-70
4.5248136127808674e-07
1.757181138553014e-23
8.257361206128402e-08
1.6971669277766255e-21
4.927546965445499e-10
1.7902232705120108e-25
1.4206742812208501e-11
1.2990548962167678e-16
4.84572062764281e-89
1.7351400848772906e-14
4.015671879461797e-13
1.8220234752647633e-24
3.619527167450401e-19
1.291064682647694e-89
4.9557700019709515e-09
9.313710480458946e-84
7.445487348823128e-87
7.835365907704488e-15
8.277917125425884e-24
4.087596898191353e-15
3.807641617088137e-09
3.813351754331703e-17
5.127640527747251e-15
1.2515135495013606e-06
5.305947974239382e-82
2.7659249642906544e-18
3.1007763004905764e-45
2.1124284093244578e-09
1.0927951815465336e-17
1.0054662683690295e-16
9.905983633474213e-29
4.4146516239475713e-72
1.0805390459999936e-21
5.661315072948805e-23
1.2053307828918177e-16
9.447188654177691e-14
2.5976913467999292e-11
6.510612523785528e-13
7.919044362995805e-84
7.091104209823074e-19
0.0004657926207490837
2.7555289646413853e-14
5.0629868968329007e-20
1.541838950377392e-109
6.669070740614805e-10
8.177813638487464e-93
2.594462861688203e-10
4.758189938887189e-16
6.753378858809001e-73
4.3396807757466364e-18
2.695949690821116e-11
9.999859807155768e-10
9.933093071722383e-12
4.6264087226807045e-14
1.9207326209630034e-32
3.940667531012454e-23
1.6211639168226965e-70
2.902530264247105e-22
9.518195163873029e-27
5.1776218950356366e-12
5.446698489579553e-11
6.242526523431548e-11
4.2607174816275855e-17
2.183064838030677e-23
3.923415010243407e-08
8.64826951981043e-06
1.055534935955655e-65
1.7227369201049725e-30
5.328379561498869e-31
6.65736618080081e-15
1.3551332577479188e-10
8.097424149941868e-66
3.943556126242263e-15
1.0480076584096499e-22
1.195272496353041e-83
7.397250545516502e-23
1.4683454101732462e-25
1.165877737688031e-13
3.723409949567729e-18
8.554184315309696e-13
2.854323009001935e-19
1.7429379272337213e-16
4.5099900728293633e-23
3.249761289082535e-21
8.912839052499619e-45
8.790380287553218e-15
1.753746572197394e-85
9.707479576446982e-74
8.657352677823936e-26
9.233684114258935e-18
1.7298369658625028e-09
1.1057118849477158e-78
4.262536450430018e-22
1.2843761811514311e-23
1.6328784388996009e-07
1.8766060731244784e-14
5.895987782744785e-25
2.432796116498531e-16
1.0391594243000072e-15
1.2233576820600958e-12
1.0190194934597726e-12
2.3448289892137016e-16
1.7810488387561205e-65
8.582908106085958e-13
7.544958530007069e-08
1.227428820039184e-21
5.776033118186016e-32
1.0875647332369242e-86
3.7282738067099673e-72
5.733374628466996e-19
1.5111270830041776e-18
9.673930964734832e-17
2.4344208638584625e-12
8.732343300857786e-16
2.246858887705769e-18
4.168019206030812e-12
8.409162853656759e-19
4.3756255860422214e-15
4.462205570571155e-31
1.0748196944304988e-05
5.681954593681865e-15
5.7027663465538555e-90
5.621997478664657e-23
3.735540437306653e-29
1.0267665580903034e-15
2.245476921459465e-23
1.7243081036036034e-35
8.443428664684223e-19
1.4152757844862773e-96
2.443118995003105e-32
2.4003928815108335e-26
5.97342169214357e-22
8.4289828733697525e-16
1.3467269826134827e-71
2.18908625698904e-29
1.2358606917452635e-10
1.696246839849794e-29
6.412580109542225e-35
0.00014535785824793633
1.026318007768072e-29
1.8960078415472083e-10
1.426051176795725e-29
5.304716352816608e-17
2.1603827139869807e-19
2.833528737349738e-22
3.659457792422688e-22
6.931570232370123e-17
1.3988711839505026e-28
2.0268729284357325e-10
3.823028760346217e-18
2.4815118796923693e-06
2.6341513836036428e-24
5.394684389984251e-22
3.3052727537778534e-23
1.236130700192256e-82
2.441531091609053e-19
3.960365766426415e-20
2.2104370162182954e-20
4.77347869024135e-15
5.108323617085011e-37
1.687156069796449e-101
5.727903815518218e-11
1.4154598337334955e-10
1.2003107632910136e-31
1.161707931548347e-12
1.1584603562029027e-18
1.0598979396977174e-13
8.971245800921687e-27
1.06460089787245e-12
5.2838074425077803e-17
7.532688005144766e-16
1.1351385497485307e-68
5.5970814440513345e-12
4.55286745117456e-94
7.613291824293775e-97
2.158771879370589e-21
4.755106369140167e-47
1.933426382541889e-10
1.552541928561099e-121
6.9031433498478214e-15
3.955344281030792e-26
4.288552219558541e-14
2.665186999983646e-20
4.235432310989557e-15
5.1572454617050615e-20
2.5484629739816594e-09
4.516603765607112e-19
3.4666827658678173e-10
2.4994952318828364e-23
5.899636733867599e-14
1.8213262106109896e-13
6.07983102329941e-77
1.667654217374801e-19
1.874266587388096e-26
4.039336843661503e-09
8.366693313503477e-37
2.5341584709905803e-28
5.437910596312206e-14
4.483446218334253e-21
1.257529853937564e-14
4.146721623550813e-18
8.557204118024272e-55
2.1609685078771815e-84
1.9885574762765453e-17
3.8703461583588406e-13
8.034522498527018e-17
4.291309327580213e-17
3.5311840335494773e-19
5.677093239733361e-76
1.3749792651882987e-24
8.461650151352016e-51
1.9677042071310684e-24
1.0188465921260187e-10
1.1311269160790164e-28
1.0944109321326143e-07
3.516241847345662e-25
1.1377468798903473e-25
7.20316220779159e-13
3.5605542995286744e-19
6.119287490093607e-14
0.00016325445189246772
2.759980523938626e-10
4.947212640137532e-24
1.4038581591534986e-05
1.7284373044919913e-10
2.1189850819925712e-24
1.8385799370704295e-22
1.5747954212066414e-69
4.03171642191308e-19
1.0070574149075588e-24
2.718044526108655e-47
4.809681961731213e-109
2.928798769013203e-14
3.9718326035567825e-14
3.1153394197221925e-11
3.700987843700887e-28
6.699140554385449e-16
3.721957497786138e-08
7.388319278713663e-18
3.2788237170203905e-19
1.1319357863582876e-20
8.62781349466738e-16
1.813652945845969e-14
3.2565162284295127e-07
6.0151201652698194e-21
1.3508677412930667e-73
1.503636269978314e-11
1.7689054894827058e-19
1.1824734951966915e-12
3.545986922223674e-13
1.7117248333572656e-27
9.395315103622734e-76
1.5832740479427683e-08
3.201266965501008e-26
2.3137603775489665e-14
8.145679222883915e-20
4.261513481120227e-70
3.2578116644194036e-14
9.513221947003224e-82
6.86703767041892e-21
1.3236218312957302e-16
1.7182732402671027e-78
6.158085659934632e-15
4.547795522673968e-19
7.74292925291573e-21
5.3999271903818625e-24
5.446354133599637e-33
5.1125840221542395e-15
1.9032159199496664e-14
4.457560590141547e-08
3.757088533236519e-18
1.8639233877598623e-20
2.1426284730169916e-17
2.9895267691491083e-92
6.125688873977187e-14
3.692899250810213e-11
2.8972162755573027e-20
8.71757252014807e-25
1.986833921396624e-29
6.783899604362704e-15
8.005424250310075e-20
1.555372485812503e-27
5.587123430350528e-21
3.2152857114596007e-27
3.627167205907399e-17
2.404776170398137e-07
6.251697529503047e-14
2.1057580730322279e-13
6.660508854170229e-06
1.579383259450203e-15
2.683940934781768e-20
2.8868031300746556e-10
5.498499164999453e-18
7.819351538038974e-17
4.1044860468543686e-17
4.032604599062533e-24
6.387406037198955e-12
4.579386160012208e-14
1.6322478406428355e-76
3.9036097559155836e-14
1.543375494579939e-26
1.3682055771247695e-11
2.211032886472116e-24
4.3079711824223793e-10
4.940434793931826e-15
4.245701885399447e-28
1.4461355680240179e-10
8.119583955995322e-09
3.219197529524823e-08
2.9184341370278135e-15
1.0284860498509927e-26
7.94402723146614e-23
2.929004127685709e-19
1.24185349966611e-81
1.2856339373282655e-74
2.748287233253812e-84
1.4445469778592504e-23
1.1517831678784332e-28
1.4429129605197444e-24
7.83194592124552e-30
2.7072787255110217e-10
7.100149797384629e-16
5.1774830648332905e-09
2.091943481064735e-09
5.132285914941212e-06
2.9861241992386496e-15
2.5503521170834854e-23
2.9498939501238733e-08
7.321216171882282e-12
4.4141207519880124e-14
1.7752875567307857e-13
1.4356827141918658e-16
4.351407465607917e-12
5.156083765096545e-13
6.1345066770126825e-15
5.535017380860259e-69
6.190233160805408e-17
1.5069925698382774e-46
1.1941302743331006e-18
8.659537570958392e-14
2.836403609371643e-16
1.7978461516864458e-67
2.871030004472653e-30
1.4191873498860227e-27
5.69323912574341e-33
8.543409951537448e-15
1.8737709466277734e-11
5.624389396654677e-14
6.055809670422633e-13
8.326194048105372e-18
1.9638189575921127e-15
4.0296930311831346e-11
8.534048280897467e-09
2.033431748807433e-11
2.916250681715183e-87
1.7891961886283133e-83
3.464746596551318e-20
5.444688763634715e-10
3.900521388518614e-54
1.0499355135104899e-90
5.453915566888868e-10
5.341701650989604e-22
7.218963670429999e-25
1.1380004837946859e-15
5.0294438716365705e-49
1.0732149138732909e-19
2.1430997501042482e-08
3.647285853750071e-17
7.253378037833844e-20
1.7675545065906265e-23
2.6661044829448266e-43
1.738320077556607e-23
2.2015306153539795e-51
1.80447340223422e-75
5.002562462748757e-11
2.938918519185303e-17
5.750620519323099e-56
1.4759484392485615e-18
2.915794812332223e-15
1.4862738712648713e-28
3.355702607937399e-17
4.861456793980157e-84
1.5920401323328328e-15
1.9877366792338555e-11
2.986730132352082e-101
2.199988010962745e-14
1.0345496551079532e-18
9.177117985415802e-29
1.3195004851592415e-10
2.8615572179030625e-47
1.2321291398352573e-11
4.2218399328653065e-20
1.2520265782982726e-07
9.413835959247097e-100
2.910789389296331e-11
1.2355409524768964e-14
1.4599811357164993e-12
4.128500176693109e-23
1.9571170018384755e-12
2.132886467168399e-16
8.600590607997261e-11
4.242586959625975e-22
1.403269758940018e-22
3.2087733550061927e-09
2.0726469381616358e-08
6.436514086782001e-33
1.13433659058748e-13
2.9154464159160045e-23
1.2450215007388586e-15
7.607649213983601e-13
2.0670711208019154e-23
8.816749927784366e-19
2.1109837354081707e-25
7.18011063067571e-11
2.9967536291006815e-20
3.0642331971097693e-25
7.896534676847384e-16
4.6859031604813e-70
1.4537155458353555e-12
1.2602914731354941e-60
1.182296234761374e-72
3.184316325580745e-17
6.133152234091084e-22
7.429262198015303e-23
2.732966728475424e-21
4.733449209704425e-16
4.1344889746417e-68
2.4196222119583474e-29
3.936417119076742e-19
4.2545699710332574e-89
4.735722230438851e-71
2.1670364579639458e-13
2.4732647265946685e-14
5.626544456344494e-19
9.982667328594617e-19
1.619338047213062e-10
9.611078521335204e-91
9.432199902531137e-10
2.11011333021934e-74
1.810805960270474e-11
2.944505975215513e-81
2.9005556072923298e-21
8.110154071107446e-17
4.3701841817795665e-11
2.0060016063696447e-21
2.089879463154076e-18
1.0283320712158192e-16
1.9161687558233475e-12
4.390459533876409e-21
1.1841858723391783e-18
1.8408040555403884e-25
1.5231439803025866e-10
2.2949033437168476e-16
2.8538215398893216e-91
1.7725765106971397e-10
9.887908404717549e-12
4.843435825981818e-17
1.1836852024926481e-67
1.3633365856744125e-07
6.397886495023411e-34
9.575930951743966e-87
9.817145308547243e-28
9.445984890484834e-08
5.8100162771688706e-95
2.2542662800074007e-09
6.7473797927207885e-09
1.6501787795566667e-22
8.978920670609478e-25
8.143256818352823e-23
3.41239732263523e-35
3.1114765540133837e-29
5.823130234410643e-73
1.6357247307886093e-21
2.7088417075190117e-13
1.4210319420979496e-17
5.7986353779913476e-21
7.708366616959977e-12
1.9732442814232963e-06
4.11374658552193e-13
0.00023292547503526436
3.794654923252769e-26
2.256431487059206e-20
2.6576806238341167e-28
6.65628246894992e-23
1.9199145195201174e-52
8.35404695083218e-21
9.40926587449523e-18
9.421417182021039e-18
2.006048563067801e-08
1.318905357357929e-100
4.398416989609314e-12
2.25337123089363e-17
6.544597113517705e-20
2.886391817653526e-22
1.608730145401765e-12
5.208349589520507e-15
3.822869601121116e-21
2.833827445991764e-25
3.495435315242579e-10
3.09526902616004e-39
2.9692574673563445e-26
3.419672137726515e-22
8.071620946477082e-19
1.1988203594026596e-17
1.1849123335764959e-78
1.8943348789595986e-15
2.9003481462728417e-90
8.164304234111372e-29
2.595176499589197e-16
1.3905000758988925e-12
1.7524298036406828e-18
1.1626007580819797e-78
1.7652705409985038e-72
1.869060215899681e-34
5.680018957716552e-37
5.589274792726526e-48
2.606690749304611e-13
1.4678291602454258e-21
7.871705067091601e-26
8.768818596948502e-12
4.852606524261346e-15
6.149831104209023e-08
4.999612749531912e-17
1.0160909885362231e-14
2.9952200479391995e-13
1.193227252403599e-21
1.3810671070123113e-13
2.12341960496148e-17
2.976987888679756e-17
4.3772625663526336e-13
1.1094229121236251e-09
4.4493951201037685e-28
8.281679740239506e-09
3.072962831735592e-15
5.127780024172077e-11
6.330633694263695e-11
2.8185848858806718e-31
2.0174707921121084e-26
1.3821792309764812e-18
6.002284524147387e-51
1.3445354062587026e-26
1.0941193429747244e-11
2.076474748103638e-11
3.342900966926443e-12
8.423628521346764e-80
4.1777702192549174e-57
2.1742271299949826e-08
2.6803214756727155e-23
9.505577086957805e-22
5.500475339271467e-11
2.1440384107319326e-21
2.349398459613587e-14
3.702220536452656e-16
2.2514529703953126e-14
1.3397918109175772e-37
1.6605293572032842e-25
2.44617382039838e-23
1.1843872412433846e-20
6.590970600476738e-65
4.717884708726603e-20
1.1599400666166923e-65
4.647190350692368e-12
4.050994288618414e-14
3.873302194599874e-20
6.548784362898593e-13
6.558027072000373e-18
9.434629355799523e-27
1.4408633281903711e-15
5.02556424966881e-15
4.0010634293187697e-22
1.063903987168619e-19
6.234846445132625e-13
5.744917831161909e-29
7.794583791720438e-22
2.744048218674862e-20
2.736877086918446e-26
3.251043796247725e-14
5.704066974198177e-10
1.0538477180078855e-25
2.2341121702793904e-30
7.040807774692562e-21
4.50642230104912e-27
1.3865843755529554e-08
6.907899150670571e-96
1.1835674176854722e-10
4.463731342787371e-14
4.545600318668656e-10
1.9770687897814762e-26
1.0904115615426831e-60
3.8753648636704546e-18
2.424508811410902e-24
2.500375606646333e-15
7.596932117020003e-14
2.050866526672634e-10
3.1954606532407012e-24
8.88064094423317e-44
4.794388950945485e-21
2.205745410486279e-17
8.480715022160578e-17
4.996725987108258e-22
1.5208798475004967e-30
5.564802722097023e-20
2.336546940888535e-13
2.0408878874074268e-10
2.120724433558352e-12
4.702306256961575e-19
4.56277013742776e-76
3.2288261191645666e-18
1.046137435763598e-09
2.3757380649811937e-08
9.089778391101205e-23
4.175483290656224e-24
4.0224978330081676e-12
1.063123027498168e-27
3.471651591378552e-55
8.564840666324313e-22
5.328366396821683e-20
6.504906923066228e-50
1.3164213418227722e-17
1.4897970493116733e-09
7.151651489859859e-14
6.577483636844346e-21
1.2517995077573468e-30
4.6284040258956157e-39
8.07757711974829e-27
3.3870162087530443e-18
1.7912581501529236e-15
2.3129761547896594e-08
2.4250471723733948e-32
0.00013020196662771877
1.435852454610881e-28
1.0118444251585657e-23
2.7897476159895095e-23
3.4879357978393345e-13
3.429214400318019e-38
7.230289131238778e-14
1.0790810834123182e-20
1.863421339461996e-30
1.7962424271614067e-31
3.272512352555651e-31
2.8238893746114745e-16
5.252550894365676e-09
4.939479876317721e-15
1.3095083195221252e-10
3.176591303082117e-63
1.5926886897801643e-78
2.6640190218163646e-84
1.3072332779211619e-18
4.214723497334638e-12
3.0973823512887567e-10
2.158639272398682e-18
5.7101886160892405e-11
5.107134756375843e-80
2.699668431299443e-13
7.1139759495508085e-09
6.568623450632692e-87
5.696857262577247e-19
1.1663556402819021e-92
4.311369999641406e-27
3.038938573131823e-11
3.394244687047291e-78
3.2347852025238735e-08
4.830150230058687e-10
1.3949134801109112e-69
2.610112573416209e-11
1.9461446276141562e-30
7.069264273137908e-09
4.105769128447164e-30
4.786425501717679e-20
5.250754234177628e-21
4.677215093374339e-14
1.9272123199350594e-13
8.532946600544776e-28
6.168166185785579e-29
5.043725704404103e-14
5.034536361050822e-17
2.7955213938769577e-19
5.612910225739427e-24
5.832258404302731e-14
6.086874302685867e-22
1.3523050577969164e-08
1.536300112389457e-14
7.216253450893447e-39
8.384947374924667e-14
1.903161298727649e-21
2.387257658235031e-21
1.1117759291062994e-17
3.0990835117124687e-15
2.086340687064899e-10
1.2041910913080731e-15
1.276531655850387e-16
2.3201231324498517e-17
1.3151335220257431e-12
5.16543016393583e-25
3.185588916298318e-10
1.0982375779399818e-14
8.315872707028405e-15
2.753295623459014e-27
7.10431198239829e-34
9.771552759305124e-09
5.419378094886977e-18
3.612247425055433e-15
3.1991867372322943e-22
5.3367663270829786e-20
1.5973063326781124e-81
2.9820466320864816e-13
8.560823637186637e-33
8.031080191131956e-10
1.0517147315492829e-09
4.430425142471016e-13
2.9959351067671356e-09
1.5939732019057563e-22
4.9231275973529736e-34
7.059519368495835e-11
3.2411289922069295e-18
1.921108110697481e-19
5.786957481063231e-10
3.179553310653284e-18
1.7562198465577047e-26
9.025710945954243e-66
4.203490507471517e-13
2.4067086014515166e-16
6.876408419520412e-16
1.3761942534644467e-09
1.3759283678012347e-18
1.0592306540047774e-16
1.3607964974453839e-17
2.136278274605898e-22
2.521774825194391e-81
3.1103215307066535e-35
1.8455076107070236e-34
6.711216205374674e-21
3.327176374569369e-59
3.382447130011794e-80
4.3163315204832346e-17
9.355936054862257e-73
1.6739384552724207e-14
6.347034950031749e-51
3.3123208633402096e-09
8.319948195274026e-32
1.14451337217216e-21
3.6007876180511423e-28
6.711455092218633e-125
7.991161558558936e-22
5.7112823667274545e-09
1.8004297500338036e-16
8.31004736247385e-18
2.8165399999262253e-13
9.121608904695624e-21
8.728862968762796e-33
6.0000164221188e-17
1.2474792542803572e-22
1.8732067677407528e-63
1.4355698855330941e-28
7.715474199503341e-24
7.540436310747756e-19
1.1022764929741376e-13
1.0024089366576414e-29
2.6666779778339783e-22
6.074601568138679e-10
9.012558791301529e-63
2.2152004494038876e-21
7.265925037229264e-07
2.558513352536394e-23
5.744721949266954e-76
8.711062881857971e-20
1.7705749717574662e-73
4.7840570790872693e-26
8.353895059268578e-23
4.462515016483433e-16
7.079365691756949e-17
2.8811854827193193e-12
7.02960185179426e-13
1.9446977538602543e-19
4.548396747251921e-13
4.039488129640821e-31
1.79206392236901e-25
1.3119613444072933e-18
3.0596593781332347e-20
2.945404755255863e-13
7.280588317340909e-15
4.3380124933852986e-08
1.7865112410853324e-27
3.538566078013862e-10
7.573848448633178e-14
1.241972184830162e-22
2.2791966133005334e-12
2.741915335430636e-15
2.4976102269147243e-17
6.957500738160889e-22
1.3697741127608242e-17
1.963712820698463e-64
1.1821204889743375e-12
9.565003120088091e-94
8.69497295870725e-20
1.5594197401964764e-22
1.365300899217141e-75
3.9377057843089785e-23
8.740181902941881e-33
3.839619606619654e-22
2.2988547800476212e-27
4.42735999079589e-25
2.0542272238710168e-07
4.776479413040145e-17
2.410003169279727e-10
6.625831309237972e-34
1.2079306053620084e-18
7.104957402688764e-11
2.8206515734196345e-16
2.5264947122679785e-20
2.1745619181916762e-21
1.3992921396945174e-98
1.2699069932458955e-15
6.263144170690575e-75
5.665676040472531e-20
4.3430890628010915e-40
5.172198312410028e-15
4.3156910058823244e-20
4.700514852757273e-72
2.212648434138662e-34
4.900393980047189e-19
5.912454885741184e-23
5.489437277643474e-17
1.1011347448750246e-94
8.169590690971741e-10
2.36442827926425e-13
1.2269837475220611e-18
2.092007296624859e-12
5.308523179153023e-25
8.276574090689942e-25
2.783408174022062e-21
5.158895291120979e-14
2.042715296343055e-21
5.957416950875645e-17
5.045249165950083e-22
3.911101350293219e-18
9.714642112485967e-15
2.5417245026690416e-77
2.235203198096933e-21
1.9695687117488085e-17
1.1043241407449621e-11
2.905494181684586e-10
1.5092900198848666e-05
5.147181508322808e-18
2.9751201684572954e-12
2.203568762618794e-16
2.32196605349569e-13
3.9681520172470338e-19
5.324690546578465e-10
5.182966554789483e-18
4.6192963822126e-23
4.695258726061387e-74
3.835744059707732e-68
3.1926702624174696e-15
6.727763102917237e-22
1.434528091849088e-13
6.618745164222273e-82
6.205657716691309e-29
1.5425568762683137e-13
7.866906551759803e-33
6.796122321281726e-20
6.109721070065098e-10
2.3448998983687e-11
9.289395768659966e-39
5.500894421861105e-19
3.7032238493387855e-24
1.1476237871521337e-17
3.035410069040748e-78
1.0511493066508142e-13
3.444857708231443e-17
4.256865679383118e-25
1.6794460515485104e-16
3.4781052279561684e-23
0.00010706324282693745
2.7596248088020836e-66
1.6154761728024035e-26
7.497324234986806e-13
2.859786625634339e-23
1.1995555281674203e-19
6.406186397645422e-23
6.012807463868502e-15
4.076533645046119e-104
2.441219479791705e-86
1.2270304665223601e-11
2.4772657813006194e-12
1.5214816870642721e-25
1.5707302246714623e-06
6.091848433747867e-26
7.923878936826313e-13
4.281895646363699e-12
1.3583874664750192e-97
2.0989958313052187e-13
4.602566183961913e-09
4.382506765102658e-30
3.406358907194973e-20
1.9833874394525677e-46
5.056238737482642e-17
6.343972192860025e-06
3.277202087989325e-11
1.2096625629239002e-11
1.2374492528777545e-18
4.628115501845565e-21
2.0762098698641992e-33
3.556930302287232e-14
1.1741002006756073e-11
9.106608511439267e-27
4.686853544389227e-61
7.986027337963577e-76
9.960575619043475e-79
4.6734238291024126e-68
7.471227242763709e-16
5.825164203347817e-71
1.2533595988521909e-27
1.4883187665306555e-24
4.0275323641256954e-16
1.3111835661508262e-13
3.0755486025776226e-12
2.0901130869970652e-13
2.7511363789941636e-17
3.58855687383732e-37
2.8090044885744345e-12
2.9979590295341943e-15
5.007890941515037e-26
4.6848398974496435e-08
3.6514976226724796e-21
1.3146281031512134e-13
1.9807886722848974e-17
2.353262027657633e-27
4.8368685794736635e-14
4.2110348128432354e-13
1.880060947040846e-23
4.969770975756347e-32
5.777309088542339e-15
1.021785062563664e-31
9.611496498099324e-18
4.5090861109362527e-48
1.5742597477903982e-09
3.025999666478835e-17
5.240036910891444e-13
2.0046575560323576e-15
1.9598790179586892e-19
7.535033087494634e-27
1.180508900240761e-28
0.0006856429392295625
1.238754715239736e-51
2.057901925828034e-15
7.55786275138989e-70
1.0841245708171658e-14
2.188737631706608e-13
1.3961737252227709e-15
1.6783695665156517e-10
1.9641335001891492e-21
4.267180439845661e-13
1.5902627103436193e-19
1.6370324055056912e-25
1.0795104226762474e-08
2.3652626520922027e-70
3.731569846384122e-12
8.731032898839133e-27
1.0435454956138264e-19
1.934362933560117e-24
8.300467631865372e-16
1.1944333370824433e-74
5.238565859235822e-10
5.4690743250432625e-12
4.834195115546337e-15
6.299999338189751e-27
1.0603878380837885e-23
1.2911781524953002e-26
1.90252197234159e-37
4.596640655970855e-20
8.829035912541456e-23
7.328862855723463e-73
5.163348077731375e-15
1.429659119522539e-09
1.26688031258683e-09
7.083091223545473e-24
2.7865301995256164e-92
1.6441700571060287e-22
2.4964180061153883e-29
2.6371436806273927e-10
7.2489095851419e-17
6.255243568214555e-71
7.843290879629162e-28
8.550351081332507e-34
9.14845443423248e-15
1.836933310915261e-27
8.38954711585665e-09
2.3519007284266086e-17
2.224555591159711e-53
1.3602818436326593e-22
1.795645041870354e-15
4.969944519743591e-07
4.2061234283127847e-17
1.6486485882761046e-34
1.4701752973462354e-10
2.9978428225127594e-21
8.206371643419163e-38
1.6605021630979206e-12
1.4083997023342668e-09
2.929032006824464e-12
1.960199848262901e-27
4.243827006354508e-24
3.8397333896065743e-79
3.0661032167562184e-25
2.1630550888146827e-23
1.3276857859856104e-86
3.884293206558725e-74
9.837866130045086e-25
1.4699519404998208e-14
6.301619040950466e-102
7.999425540555937e-07
2.9204440976952055e-10
9.142342127292483e-14
9.64664275528644e-25
4.6630776934697374e-98
2.232808302883693e-15
8.922879303760653e-21
1.1815045146473893e-23
2.7565091383440486e-11
1.2488004228444124e-80
2.155372086383116e-34
1.12596874978575e-16
2.217131893827192e-09
8.94541488188159e-20
1.7481937592833091e-07
6.523444147160759e-10
2.4283230755343424e-17
6.872622279709455e-10
1.8229319847174426e-05
2.000351462147356e-12
2.117638898944647e-12
3.1378580947514436e-20
3.050043438605911e-17
8.441682564115361e-20
8.613173109422071e-18
8.080338664694502e-20
3.51218889555069e-09
6.617070854182837e-22
3.796800948117588e-29
1.0112005604871241e-10
2.115352735509031e-67
1.6564628294250365e-15
2.9045567123372254e-27
3.9421611085686117e-69
3.397069339966343e-16
8.984645177003367e-20
3.497158907127967e-19
1.3702693077572722e-80
4.7128556963162344e-05
2.959476558046765e-96
5.979600784387953e-32
2.5353532584894573e-31
6.994434838002862e-13
2.781064251832288e-13
8.200992232303593e-09
6.692812806385443e-18
4.856628145791578e-15
2.925493956669712e-09
3.9118982634226146e-14
1.8579499072245297e-18
5.813972486097655e-85
1.991504980585705e-14
3.5714205370770697e-10
2.5775511525215734e-24
5.374078777317162e-28
4.0176903277531314e-25
3.2948442291663704e-25
9.574035802237305e-57
4.878404024110222e-13
5.903546152820563e-18
6.023673537471152e-68
6.653561916894288e-55
6.4292645828515184e-18
8.269297696361917e-13
7.092399319158707e-22
9.256687735620331e-30
2.9251791273625478e-30
2.6028351272851714e-11
9.241588355545509e-07
3.882878416447143e-23
2.3567202230386865e-25
4.5304477629555e-17
4.582639426748724e-23
7.635096857718781e-28
4.8173204583864267e-32
1.1733780922671959e-29
6.060683749807761e-26
1.4583590602631167e-22
1.0454854477047642e-08
9.981758694201155e-14
8.616487925165967e-11
7.197196874752943e-16
4.746479527859594e-21
1.4564866587407219e-21
1.2716656375873263e-28
7.035281569614596e-10
1.518170404313334e-10
2.5864602537182903e-20
8.561449372029662e-17
1.1735957954104474e-11
1.4352883740870264e-16
1.3727419886674143e-18
1.2089475927450474e-18
2.0788114001511483e-18
1.0279762944283053e-15
8.219166159858172e-32
1.6690146470704664e-12
4.019096791803181e-18
7.7778339953971e-73
1.798455793319135e-18
9.812018831902536e-15
9.429092328008673e-13
2.0666410889041188e-07
4.54780091038898e-16
2.4227198361425776e-57
4.504324906096446e-16
1.2061590012557993e-10
5.457054548129695e-18
1.801177893833928e-13
8.677435271864087e-20
3.63747564716042e-13
4.912800010596925e-16
4.125569880832748e-14
1.4198260472987632e-06
3.810720737954854e-16
5.854414922231769e-20
2.8377160246292843e-19
4.185202687360792e-27
4.466899137401493e-13
4.0893244466175334e-27
2.8882776164483297e-20
2.984673567467122e-19
1.6742679880318077e-20
8.658939637405361e-10
9.735697913276991e-24
1.437533612058029e-51
5.070687356123542e-07
8.352244272188298e-14
3.18518331368244e-06
9.25088835897379e-43
3.2504393397985567e-51
7.366098657464084e-19
8.295886542399939e-16
4.2841565837894405e-21
1.2467569278192552e-20
1.3313900129650418e-36
1.2802135319527302e-16
2.904194561977335e-14
6.825788809157581e-11
1.2827588482575018e-17
3.642611661236774e-87
1.1634417260815148e-124
3.464430184485163e-92
3.901380584293282e-21
4.812777522098111e-70
2.51486810952025e-16
6.362646301431021e-20
1.9771552601072327e-21
6.839233122288722e-23
3.16465511559693e-64
9.851750706399775e-12
2.3340153995703623e-14
3.632160107750047e-29
2.8314402533006832e-15
1.5061874319801e-17
4.7465295328620625e-24
5.907984679586689e-15
1.3545037760364328e-11
8.71764994597836e-17
2.3917952062749083e-79
2.378813972056137e-20
8.716372834928238e-16
6.318391788115766e-45
1.0049313504764188e-08
4.043713841504687e-16
9.119394783610623e-15
6.275645793033501e-11
3.530506484935155e-83
7.656542964356386e-18
4.757141870152119e-24
4.526666420424171e-26
5.019175663749076e-16
3.497871633801501e-15
1.4035334821050167e-23
7.170046341521792e-75
2.827305370984197e-23
3.413365702711085e-33
6.136743772842112e-41
1.0045056981180982e-18
8.010497722787688e-12
7.315388531566023e-53
1.3769069052458325e-22
1.6904960236297108e-23
2.040389163034225e-86
1.6772927405478685e-12
8.264849607940535e-30
2.7229985020832116e-14
1.5559413692760058e-09
1.6631054411417448e-18
2.9218604541141292e-24
5.532791267887093e-19
9.648717427212294e-21
5.835341941649241e-14
2.7372833357567394e-08
2.0245869061753776e-65
9.037691492431122e-15
2.9096854914210764e-06
6.601748625936903e-24
3.2003763748758223e-18
1.1641322706296343e-08
8.493972722635463e-25
2.552523135589751e-13
4.386720618975939e-09
2.225516682743038e-15
1.0298816485970783e-25
2.1022455444751114e-16
4.6983860973118646e-08
1.7279637936731792e-14
2.649201448848518e-22
4.1489827231422243e-22
3.0870543509938626e-76
2.3976313969092165e-29
5.956342833270464e-70
9.606056892662254e-85
7.953204404477031e-17
4.669974684903337e-16
2.138969077794837e-18
2.365339722555523e-09
1.0777923160754143e-11
1.189227780344401e-19
1.553258861639197e-11
2.0716439046865386e-21
1.0704456066679052e-10
2.6405425280242364e-12
1.2406056571524665e-13
7.662611258008774e-69
6.444609982196897e-10
2.0369805117370415e-72
8.42783687909912e-11
6.272424964586296e-18
8.264132548597115e-12
2.8764649522040243e-24
6.230311362251737e-27
2.6768486676283714e-29
7.418096077932736e-10
9.341870153396365e-34
3.835438981511082e-09
1.8417597346309337e-14
3.983717434213909e-09
1.26253635243544e-14
2.6771589862109563e-91
9.010783063809716e-15
5.537191027828731e-90
3.582840430804149e-11
5.668279965812447e-20
1.043252733222604e-22
1.864962468034006e-10
1.5501798403076723e-16
3.926607165223733e-11
1.3621589451842227e-15
1.89971308438335e-88
1.0258736846045859e-29
7.522390896489888e-22
1.4244755442619142e-18
4.25014293278322e-36
5.676943932831809e-20
8.371765407314355e-70
1.5103181953189988e-19
2.598914764213515e-11
1.122763151671702e-18
2.29067334691781e-18
5.909641412935581e-34
9.304275580773952e-17
1.2690570417888219e-11
6.758518118045607e-18
1.4669744787365325e-21
1.0506934125156817e-14
1.0775230549712125e-16
3.5482029472146495e-29
5.045917143840708e-21
1.943091338825426e-13
1.7956447835133844e-10
3.6476243812774873e-16
7.10893408579159e-16
4.29629541759712e-64
5.097214274970693e-12
1.034713567940721e-16
4.456251910865599e-68
3.64575839567311e-08
5.59861549844504e-22
6.0580169138723745e-28
4.762776168020349e-17
1.0104701081813172e-20
1.2008117780124686e-34
4.448158440246085e-21
1.0599681767656083e-18
1.0578770731897442e-25
4.081947664203191e-24
2.506345192347301e-16
1.5436454881215614e-22
1.674110800685227e-28
3.4786984818956703e-22
4.779011878570579e-14
8.209143438129243e-22
1.118992095575794e-05
6.104139293378569e-10
9.686129285188465e-19
1.7456405339477138e-29
3.356850723973595e-24
4.503695745888704e-13
5.22911635606466e-70
5.381731848244896e-22
6.217424495987064e-31
3.7460278971401e-20
2.4277672296309306e-30
1.1277387305486166e-30
1.1295195731536373e-15
1.7948263645344288e-15
8.557584253744621e-87
9.692654177570115e-67
1.7792604495365748e-10
3.445264640267348e-15
7.720812811760058e-13
1.0215984456941364e-16
1.1491166637357122e-10
8.65753752535911e-09
5.61629677744684e-19
2.0776819343931307e-22
2.3647669684366063e-97
1.2723649004542609e-44
8.674957559786961e-25
9.990493388291807e-24
9.167860495014868e-22
1.5634451949020766e-26
9.321161337690939e-57
1.6997236287815723e-15
2.244729783982856e-19
1.537414941555128e-12
9.447388782876714e-27
3.403247992158081e-20
5.103731227741957e-19
3.615284753259044e-23
1.076083573750309e-25
3.2420875226575925e-14
1.619013082196857e-14
7.687689404385785e-18
2.0713036137117087e-30
4.77700234774975e-21
6.694953967858667e-12
2.5414089268570387e-10
1.2068298393745029e-15
1.2983201034948794e-13
1.286714411606861e-24
3.652786681629508e-17
9.001630856489303e-21
1.1216255647735627e-99
8.313300949491659e-13
6.737697631752891e-26
4.867248689042413e-10
1.8070157269374552e-16
2.1303138679007344e-20
2.9472884669504262e-25
6.089231158183358e-13
5.483788111703652e-16
3.1696602358330247e-20
2.2045723547203433e-25
8.08239807176747e-17
8.760896877194392e-11
3.403225885345279e-31
5.0418479761694565e-24
1.2218775092198893e-23
5.797608597562968e-33
1.0707658739928176e-10
8.452081224111286e-15
6.661126413746456e-17
1.7012777482028399e-13
1.5871011778284696e-80
2.0363957130830373e-34
2.1143736858254262e-11
1.5590756866486312e-12
2.8900067246821454e-23
1.0603239297876047e-09
3.139302104058755e-22
2.4167415655174872e-15
1.4903175333543612e-21
4.5137491445082845e-20
6.558284066101924e-36
2.821824806645922e-12
2.7338722288046907e-07
2.0411613259513166e-21
2.7121045514630058e-12
3.2611011565999343e-18
7.932981319551316e-22
2.359316658465958e-16
1.6747991013263436e-38
7.793406946291585e-19
3.047258604434165e-35
1.0431888715716927e-23
4.0094614258096014e-33
5.997181170341816e-83
7.930771439927307e-15
1.0542782701820344e-10
1.0828276207195874e-19
7.021520286560279e-10
7.735743552332494e-22
6.170421547521233e-11
1.2232016588752518e-27
1.7714426270617573e-76
1.0602064748633176e-58
3.8579773894177015e-16
1.2664619372506634e-40
4.726511551856824e-59
7.127923741795472e-80
5.653640561926501e-31
3.2963205229181875e-19
2.4460470040694643e-18
8.717273953612904e-18
2.0872517187948722e-14
7.023823021285686e-13
6.496289160627437e-18
2.6881374346410634e-40
1.7271592212433122e-14
4.1711480390109575e-63
9.442854985100636e-18
3.416542816854081e-13
9.68751939139901e-31
5.178313827559753e-88
1.6074034886110517e-28
1.6726864332275396e-27
7.770906693997379e-17
4.552035083515927e-27
1.2420248171527625e-19
7.802711567170098e-12
4.969474141994444e-47
3.8482379925366346e-24
2.5883381239816472e-20
1.6285525434013262e-07
3.881596912306405e-30
1.969272222997201e-09
1.693222661632142e-23
8.2186519809075e-10
7.492413238885438e-31
1.99195607970797e-12
2.619331168252428e-18
2.135467043760221e-15
8.13884598433164e-34
8.738603110986418e-09
8.70282343233253e-17
6.293884388127996e-30
2.129295280574097e-14
4.581307899665605e-19
1.8598592681198105e-17
9.219357638358015e-22
1.2584650242764165e-20
8.529772333234692e-33
7.55292707540969e-16
5.493221468180754e-15
2.9131491394923745e-22
3.2663570052545136e-24
5.917211805496763e-13
2.3159768325629179e-26
5.355373652945405e-12
1.1836144002277964e-22
1.334323956665289e-63
2.1033949476425982e-20
1.0749042864837349e-20
1.755538400430532e-42
2.2200286676130118e-18
2.859290473393223e-19
1.0740086590210437e-15
1.0279359909760888e-15
6.820299031402671e-23
2.573491422533833e-20
1.3882772213044085e-18
2.7113874410670724e-65
1.021975961145507e-26
3.193700122890758e-22
5.1081311381520985e-23
7.386393223737543e-16
4.2060933812868376e-23
4.297706094712693e-31
1.5000354075197594e-10
0.00021291426088936765
7.278094898953639e-27
5.000195092644534e-10
1.422743403837716e-69
1.315083482580104e-17
4.1830925927396254e-38
7.323343411007966e-30
1.3774305170133366e-15
3.666369326204972e-14
3.537545354141888e-14
1.7436990359958594e-10
7.604107347734444e-14
2.75263442108443e-23
6.192635897253183e-28
5.049994940631992e-09
2.0194112342602383e-27
2.3290903008920956e-72
2.3848478526083005e-27
1.8920989532249774e-07
3.47797970321486e-27
8.316551790191359e-12
1.7613969061325704e-42
4.378412778270557e-11
9.270675178440904e-36
4.506060243553352e-19
5.532425308277252e-14
1.991496972283268e-08
6.977583080474657e-10
3.3458725852078637e-15
4.2235931308429037e-23
1.9065878273145138e-24
2.63638715663878e-30
1.0402757974593335e-36
7.1343486058937094e-43
1.513829327574462e-83
1.639259808597762e-88
4.38310651159993e-20
1.2295445773428017e-33
1.4900986828554414e-33
1.9809613647649466e-45
4.6092015479861184e-66
1.8248657228121373e-15
1.3065461768040078e-13
3.900901632903748e-19
4.67269962631678e-21
1.8471718367622922e-06
1.611448504973738e-13
2.839480822466129e-28
1.3757082050006929e-14
3.286469143642854e-69
3.3753987115161596e-09
5.011694304457029e-18
4.930905772470582e-15
1.3153438577486345e-07
5.489607773086238e-17
1.5050494499564916e-16
5.707889351239537e-12
3.479726491950813e-25
6.64673415514441e-41
4.054027919572257e-14
7.903369189204547e-25
4.0109070275735463e-13
4.468116579601124e-21
2.874290559160236e-13
9.456497270246168e-13
7.618051425708986e-27
9.020298095740703e-11
6.193688511152145e-11
1.9494303886579376e-30
9.239797226056524e-11
2.9121486201940413e-26
6.2241079282259996e-18
9.075206746537078e-29
2.3298166835338008e-20
4.956630163999547e-27
2.149804117527013e-81
2.7107410842852633e-09
1.358114032900353e-19
1.7691086260339463e-70
3.834868451014532e-18
1.3797997189885988e-36
1.7141397638269051e-25
2.98604910874496e-17
5.002971370285389e-16
5.888625429204466e-16
2.0069791839074764e-18
7.120984808065241e-26
1.803634463676416e-14
1.0606296993003312e-22
1.0521168748967517e-10
4.24163361362325e-15
1.5105439282433453e-35
1.7221218707816347e-38
6.694249658243769e-14
4.591557952201998e-14
1.3582735536890287e-08
3.175812507223828e-18
3.2146691910684905e-32
8.601613012197706e-67
1.7836572586381557e-13
2.1128303512719107e-20
4.2914199751746327e-11
6.668891379607583e-12
2.026359624624246e-75
1.0990815951085066e-30
1.8443142037378812e-73
1.0476366088609845e-12
7.681124966775683e-16
4.342805575857884e-15
4.459983106026877e-22
6.479489844150655e-89
8.623156513746562e-23
1.21311100186452e-34
2.9383778273471656e-12
4.4569264416098155e-20
3.229486514238141e-12
0.00012598580858215556
2.6718563117509584e-22
9.030480670228875e-25
9.326041802425729e-21
8.012372753953708e-09
1.8361359850198007e-20
6.290803354690595e-37
7.226587062242924e-34
1.6482067451191764e-50
6.749553963292636e-95
1.5201343540242527e-18
9.397920003576356e-14
1.7094166971233988e-25
8.12640062191301e-95
3.2825400193224284e-17
1.7827725826709795e-89
2.1453513552398758e-18
5.646520524685583e-09
4.6122026645462384e-12
4.4747086483702626e-17
6.888332144503772e-101
1.3169599674251134e-12
0.007238681786480794
4.683758637924688e-06
1.0230286934697276e-18
5.784385341801213e-13
1.5470125026025348e-24
1.4806646802956728e-10
7.983525069352513e-30
1.0176938675500748e-11
4.221033876678375e-37
1.2760433108699107e-11
2.2097649562963316e-16
9.524181909540527e-23
1.7566140252785402e-19
2.347878978251605e-15
3.391882642446756e-23
4.509383377412151e-77
4.7464881426353724e-24
2.9115284937587315e-20
8.84207166699672e-14
5.911393420849926e-13
1.3830583551866068e-12
4.898310536049484e-32
7.665541658657639e-31
6.011321329017732e-10
2.382337196723147e-24
1.257956171928985e-16
3.5130969313157097e-17
1.2949799837138139e-18
3.515801673172525e-19
4.2547981936438315e-07
1.347125528616125e-12
1.0989268272275561e-15
4.1218613974381945e-28
1.4519636508757913e-25
2.902379484062024e-28
1.3554556989045484e-12
5.5809220797356044e-08
1.5185739462777955e-19
3.810788842839945e-86
5.735708059701621e-13
4.748341373629457e-25
1.3120043889853473e-17
1.537786873049733e-13
4.092435556935003e-15
1.1015809479011146e-12
8.154745381944882e-16
9.36796425833801e-25
1.82314149592207e-27
2.366883977116792e-13
2.637520177310096e-20
3.8068000011007044e-07
1.9515766431581395e-18
2.3050782633567473e-19
2.272476197808263e-22
1.097490994040805e-20
3.1443093366472865e-31
8.965149123406962e-15
3.3004208305863353e-10
3.921438019931397e-12
3.5033932878685615e-15
3.934497256985162e-46
2.291389668963079e-17
6.4508587757819626e-27
1.6761832537143738e-09
1.0494941309938085e-19
1.344675556387973e-20
3.508699371586547e-16
2.871436887604226e-18
5.136470334798444e-16
1.254560646575301e-09
1.5546026862507113e-15
4.307961019818071e-20
1.4665807609879942e-12
3.148880533862228e-13
7.023183214472663e-16
7.191677795197428e-18
1.5930708786497986e-16
8.532022792281951e-19
7.255733941116309e-29
5.142917034444648e-13
6.5070890186864516e-21
1.4318424414771331e-11
6.290357632978849e-17
1.4125737332316342e-80
1.3400526396678258e-12
7.045714872434736e-17
8.240595050095299e-13
1.7212371220544543e-30
5.898685987121699e-18
1.3397499435794192e-08
4.0331522426221436e-17
1.263134859013785e-22
5.326400982787623e-18
1.6004447035531654e-22
8.171724047219406e-14
3.127902332980922e-15
1.3056740188378697e-20
3.623256680794604e-74
2.3519251523531938e-18
7.424876637057726e-09
1.6029794321313613e-18
5.314589297908299e-22
4.923575377665516e-16
4.41282889780567e-81
1.2841386780559231e-24
6.618751116057996e-32
4.32291204570975e-25
4.770534665812472e-78
1.8489828853566945e-23
1.1442886419883622e-10
3.259647619597137e-33
5.980609827662289e-11
5.213577051822338e-20
1.2577816668466465e-28
3.797519963204422e-21
3.997729397107826e-78
5.551592939099934e-27
2.6050159420294018e-11
6.033054266099787e-17
3.932285403667954e-15
1.6818837469408465e-16
6.861400757486952e-92
4.632632828782627e-13
2.0486724919970546e-16
2.556777081257276e-75
5.699435640278801e-22
1.2510402777268972e-15
1.8879676735929628e-14
7.234333630541823e-15
9.05716525972666e-37
3.381433151600769e-27
1.2983045430125482e-20
5.937297643554712e-21
2.367348907077153e-12
6.048236869187231e-30
6.468296403552896e-20
5.724222117823479e-05
2.0318873284956683e-18
8.659651973961737e-22
2.5611815577133124e-26
6.63964984959823e-24
3.1307436698851886e-12
0.00019013588180310788
2.021042380653538e-08
6.134478774809414e-29
3.541700353396828e-09
2.7742365547510842e-58
2.1523524149841555e-25
2.3912805690408277e-11
4.684472711339941e-22
6.538462737720209e-18
1.3171719580160939e-17
2.4454991569550787e-12
1.1759549426841179e-20
2.5267389279943617e-08
2.1411026372814752e-85
7.49144367286019e-70
1.3174387566901624e-30
7.959993608889011e-19
4.3397254597046615e-11
6.375320433798367e-14
4.2401458813925077e-29
7.001949905914436e-12
4.9542147851588454e-15
5.185804221683787e-19
4.7541070433939323e-23
1.242986441312152e-32
4.9131057051966455e-15
6.0579539807942995e-09
3.852690443399446e-19
5.102410968392445e-33
2.730814613589403e-10
1.4613394566828854e-78
5.060154571729414e-29
2.059944406226672e-12
1.4278780275197241e-22
1.0444562333321005e-06
2.3887618207812595e-20
3.8058774533428434e-18
4.624272382599899e-15
3.697057426782065e-09
5.602136818170426e-39
6.034929564282339e-84
9.888956127815677e-41
1.3891077690067625e-16
3.185998768803638e-23
7.111336285785332e-24
5.000327185371726e-28
1.9206665678577544e-14
2.5269793049686994e-18
1.5811986267983066e-12
2.172760214720339e-12
1.4214334403697016e-26
4.233605072259403e-86
2.1304427678066774e-17
1.3082140994292012e-24
1.624772863628824e-05
6.985724330829301e-23
1.0501098748885072e-13
5.769919182363441e-14
5.6761680510450384e-15
3.0286574181388394e-10
7.260157768854237e-25
7.554265774588096e-15
1.1265507677374617e-16
4.4680149579798624e-11
3.0198786272565513e-07
2.01475437056472e-64
2.0179804052875188e-07
3.137556673343456e-78
3.779788867234595e-30
7.215997081714317e-14
2.164207418140746e-19
2.925832735577543e-14
1.816204743230722e-24
7.756664598681991e-16
1.677918428986679e-23
9.5512284212408e-18
3.538753479484318e-19
2.748837830740349e-11
1.7788139291281063e-08
4.2058976811049974e-69
6.2733038207995835e-25
3.732078461757206e-19
2.119365161889729e-17
6.394168168032647e-76
5.460270516870138e-15
8.640995491863357e-12
3.6216220150815583e-22
2.414021144732165e-24
3.582211335564381e-15
2.4758863022335764e-15
1.3614060008564834e-22
1.497257274463242e-12
8.337135945272378e-46
4.5717657283795487e-20
3.310073427662179e-27
1.9167615544409604e-06
8.330799150704628e-17
5.391853266885658e-10
1.6834696598588558e-53
1.1559194988480023e-21
1.0377956453019783e-23
5.80959140860565e-15
4.5548866648240725e-12
2.56301113975939e-11
1.5251761391099595e-19
7.202986712223476e-16
1.6777074867706297e-08
4.823141448035217e-73
9.652799976981849e-22
1.9210560833509961e-13
3.5642933099306814e-71
2.2213622847395237e-12
5.309110473543717e-26
1.9486004114311407e-20
9.48188399556733e-26
3.2869496282391903e-19
1.006317601145428e-15
1.0632045659784066e-17
2.370099014845223e-19
1.8817415481539348e-19
1.1573071783508385e-23
1.165633407763848e-69
7.915170664364235e-18
7.522569182970819e-19
3.846910508720879e-18
3.735015545638281e-13
2.0121498577053003e-27
1.0475839376798897e-12
2.4106529175766626e-14
9.871255784609549e-05
4.025717840105923e-21
1.8427025267120499e-09
7.038999651227689e-25
1.9735557951005523e-36
5.513578318731819e-19
2.3564045406701058e-11
1.0918854470648201e-11
5.1166793480844354e-20
2.225069337562084e-15
2.8038577553606806e-31
3.6174295274346215e-16
2.87773996295443e-24
1.8916742986126996e-12
2.225801628346386e-35
1.591191791333947e-17
2.387315654933876e-13
1.701233127498842e-21
1.2547201543793782e-30
1.5385089496742264e-18
9.537679311617474e-12
3.040945488702763e-11
3.907578962450393e-18
4.555195653421023e-21
7.742915534866189e-26
1.6205055586218115e-10
6.826643896222033e-10
1.1333967717216182e-15
3.905608644109834e-18
2.9005456764022596e-16
3.590650910264701e-21
3.3697360969433956e-81
2.8258539364782796e-21
1.8043987493481e-18
1.737021386497404e-11
5.32706819380171e-12
5.124639036838698e-40
1.1071406063177406e-09
3.9995834843179835e-98
7.148062925328945e-12
6.943985242800322e-88
6.055516867011055e-11
6.258082937364887e-23
1.4883158789081894e-28
8.32541612051032e-18
3.0329490529013244e-11
1.743192421464131e-11
5.2371628455213623e-14
3.208441787760857e-12
1.57961114693222e-14
4.487440791573881e-31
7.774179789057649e-75
9.739570735958928e-16
4.234471131749876e-14
4.1761534791449215e-10
1.0953468204271068e-24
3.5416391117068907e-08
1.5593406037033707e-13
1.0193591186614272e-18
3.662643948759121e-18
2.5353320062252416e-15
8.444660866092061e-21
1.0847460734227767e-18
1.0038361944111764e-16
1.5253204944233933e-26
5.724810232764314e-71
3.962021165308681e-19
1.1083120796333265e-28
6.333241725462543e-93
1.5280630032776078e-20
3.707919146109913e-23
1.955250510520713e-26
2.1132090353854843e-29
3.1211452711099703e-12
2.546380285371627e-31
2.6614703676534257e-24
4.349494935188553e-09
3.4284640448255026e-12
1.5325542367433137e-09
1.0155512857283957e-13
4.263679353315184e-09
8.913891381527001e-15
1.6052488112107649e-07
4.015808074955291e-89
5.188544053499881e-19
3.2318237810880446e-07
4.8368111291669675e-14
2.1796399119524815e-79
1.6919194806239692e-24
3.962112454900998e-10
3.970026963798959e-21
7.723785585261115e-13
3.743874662769694e-17
2.633423306993623e-74
4.2281248443701046e-67
1.3054150985350165e-29
6.397596131119346e-23
3.975402200518267e-31
2.0187119321935988e-17
1.4967929337305767e-25
2.1753973977325047e-17
6.859811163645532e-15
2.3927208805640574e-15
1.1933541237051406e-20
3.315524153143352e-14
4.676110149841111e-17
4.326329019715456e-21
1.3773122549752302e-21
1.2759803181176605e-23
3.0199847978551664e-46
2.4843067202488508e-17
5.368905227062786e-51
2.1384777598273395e-16
3.0382201910088115e-18
3.8432877679837356e-27
1.221100227638065e-13
2.306571955625269e-23
1.5028779776181235e-09
3.5641967241745932e-09
3.6521609296701296e-11
3.919599475430905e-26
2.18902090980963e-24
4.546768464003631e-16
6.634590975865788e-85
5.037684460116525e-25
3.137369796088077e-25
3.1836920097826172e-58
1.7449586471463665e-16
1.253872972733659e-20
3.209232881530952e-61
5.499315464451558e-51
6.1876615914790904e-27
9.031451896360006e-15
1.0015295909447023e-11
4.174949965624487e-33
1.5691322887569624e-12
1.9679797439005162e-08
1.9101142600100722e-20
9.075352939257471e-13
9.893180758745039e-23
1.3291914250349112e-15
2.8433164926710746e-17
4.9439096288534005e-20
6.370155464043805e-16
9.180486039760908e-11
6.278476879332364e-87
7.332812893711367e-22
2.4831775300414237e-22
2.0167801630296876e-27
1.5956308004099146e-23
3.747080453721281e-33
2.3329038494155595e-38
2.0602644147648604e-21
2.3123689643632608e-17
5.76161260310958e-71
6.889747438340084e-15
6.730759399379106e-06
2.9191685211498147e-21
8.129108124778124e-11
3.799497814661634e-26
2.9770869720246764e-21
1.6354558324138793e-18
2.4431266246566588e-21
3.05630903625828e-10
1.4770098106255966e-13
2.9164299211089165e-31
2.4422241465244576e-14
2.2286654694447357e-13
2.3013330393449685e-47
2.7400274335340254e-90
1.3960059735908806e-12
3.7274782369026606e-10
1.4130634037476073e-22
1.418328280791305e-15
2.1376402877443656e-21
2.0085776423623748e-10
5.4648494222481e-33
8.345804134697091e-18
2.8897585856090216e-08
2.1740329694903107e-08
2.509745350203007e-16
1.0654470738929727e-27
4.3226798622068767e-13
1.0956371700153888e-14
6.31401712003143e-20
4.823123610557142e-18
5.948041373548194e-67
1.4765058532176933e-20
2.2099570958882642e-16
1.1209635566279818e-89
2.0842854295345005e-16
1.376054489627001e-19
1.587327565328659e-11
1.8835964174292603e-12
1.9310454487655844e-24
2.888462061866176e-18
9.751497533797377e-25
2.415071067005379e-60
1.7279529545441815e-70
6.758489896736276e-14
6.472825592379133e-11
2.3625171262116903e-14
5.872362092909092e-16
6.941829985766976e-87
4.909779016104901e-73
1.0253819228933767e-14
1.2530379069600634e-13
1.3181859461573295e-13
1.0721733487537835e-18
3.0958952158805542e-21
1.1921886400938853e-13
4.890373820557333e-31
3.103054012164803e-15
1.459892965014118e-52
1.0695266277189728e-20
2.580906167765353e-38
2.309296549473044e-68
3.7910470846999675e-17
4.735034466365662e-20
4.541861434851909e-63
2.879962455256925e-26
1.4152411839698713e-91
1.5438837329892704e-16
1.343820309393957e-13
1.2288926925606398e-16
1.2360814148369742e-12
5.773436926724354e-17
3.269618816750075e-30
1.6376371826977275e-08
7.447614424673346e-10
1.1642323817334633e-32
1.9887440980534947e-09
1.2652367937784963e-20
6.23649902971913e-12
2.471154172793629e-35
3.290129939135551e-13
4.313556280074634e-12
6.0347833560289806e-24
2.0056761293027154e-27
6.956062926675762e-14
8.395925573235072e-31
1.809935326385664e-16
1.177596610125381e-05
5.9430754726846396e-83
3.842600654719341e-35
1.2120860866851418e-20
4.284842798279521e-15
8.884696036842413e-17
3.762883296847857e-20
1.8983130481879686e-92
4.0576591213271706e-60
1.322954470025905e-12
2.2367438071055792e-21
1.5087875328231005e-09
1.2792205728840896e-22
3.0281356179056714e-27
1.69566262613196e-17
5.018327468827676e-31
4.142612952160753e-12
1.749014928751114e-23
7.687216486780906e-16
1.5568093633969623e-41
2.436779275072061e-23
1.0728671425219549e-10
8.015612731620209e-19
4.490864001218506e-15
2.685843045310782e-21
1.4744108439979528e-22
3.174311272981243e-19
1.84792270158351e-24
5.596818506866437e-28
1.1922925704392934e-26
1.1245989542151056e-08
2.1337243510215268e-63
2.6627613613268955e-25
5.728141437065951e-13
6.702937008718975e-25
6.11823688323859e-18
2.862916775815975e-34
2.874800715528574e-08
1.268240039681638e-17
1.5674736297430431e-27
2.3262109853654157e-25
1.5960733041023326e-14
1.767370085826412e-19
1.3120790385606995e-07
9.276369407185574e-15
2.12459761629273e-17
1.6845325977743314e-16
6.868601763522782e-31
1.980734763876827e-69
2.800854164056887e-12
1.8321368126506927e-23
3.455441950868663e-28
1.0587468594462859e-34
1.0409181867611881e-13
6.740513679526917e-16
1.595080686147427e-19
6.422586308710345e-09
1.0603692595156661e-20
8.994179553858482e-63
1.8708521743452665e-24
2.6969211395358547e-18
2.403155362727121e-19
2.7332835205627282e-58
9.256828849191365e-11
2.11991308397892e-12
2.392572771102878e-22
7.300288338652489e-16
4.235232417978379e-34
7.537906493617199e-30
1.190769823394316e-14
1.8023164683114144e-37
3.3675137247868385e-09
2.1979137912849732e-26
7.4811364484524265e-22
2.819665076168882e-15
1.1610747399073854e-39
3.613076813374326e-33
1.615275995135345e-10
1.525923134818447e-09
1.1807990563137883e-08
5.2835015547501434e-30
3.566177157032044e-21
8.575506528291488e-50
2.195805862581837e-26
2.432909868416713e-14
2.585968809612318e-18
5.030813323588593e-74
1.2127081271561375e-21
2.6828621481567503e-33
2.483574873629322e-30
1.2499194230238645e-17
1.0793322528755321e-13
1.16980113093315e-15
3.6802099437044505e-20
4.266571231025944e-18
6.842534096798692e-94
1.8547064665137027e-08
1.2850895548698373e-28
1.702214366817493e-20
2.2224831398588242e-23
9.126662771358123e-13
9.778033198684214e-25
2.2497983172950487e-12
3.843523135377251e-16
3.2898688096544066e-18
4.410055759687923e-11
1.4585787741917888e-11
5.263454645047607e-17
4.873323781250579e-29
1.8942962862450984e-21
1.076503564472118e-11
2.1559260298809318e-13
1.4409309629045764e-10
1.2960856488325962e-70
6.560494619078306e-13
2.3111516165222817e-12
1.3032029100823008e-18
9.430321363690682e-12
5.5759969068642914e-14
2.5553468866116606e-19
3.05261677984786e-94
3.0082271786390174e-17
7.341065571586879e-25
4.3426574271522e-28
6.631476160278412e-29
1.4554351850883798e-17
8.224694890927056e-22
1.1059164219007635e-19
9.114347003228e-22
1.145656968909012e-69
4.2544829812794517e-13
6.504229666942133e-19
2.9007446870490345e-10
1.9630056721091784e-34
1.3826206656363312e-43
2.8090313568882065e-35
3.534912827332743e-06
4.7471668881823646e-14
1.1401918626173605e-11
9.838151464513487e-18
1.8826528614341837e-21
4.377061818287689e-19
2.9634151988130333e-22
7.809721342743184e-82
2.6877703818135404e-06
3.1874319289603155e-21
2.157522081706218e-12
1.523166170134389e-17
1.6203173312556496e-61
9.338750171410179e-20
3.631933543284915e-17
2.0620826214120048e-11
7.742810218425027e-10
1.4108353126179238e-07
4.806119298798819e-22
4.571839919934175e-09
6.3023951175903e-18
1.0663191890505125e-75
1.9123205025628183e-18
1.073345901283746e-56
1.8233396905421804e-15
9.257187641924215e-20
5.117633618048914e-30
1.522625533477694e-23
4.163742039570439e-16
7.335511880395888e-10
2.0069285677095427e-11
4.780359366225576e-12
1.104629495934423e-25
6.381404191021278e-15
1.96726361529925e-30
8.114856866459596e-19
2.4365608559996732e-11
9.89567469935261e-25
1.5516947735058952e-06
5.930025449213266e-23
1.2820065705097797e-82
1.6704605816597894e-14
2.1254978014791253e-31
4.44444972978588e-36
1.5252300459384312e-37
1.641346545337172e-18
1.2101970065650274e-72
5.5223898257117e-18
1.5930919785268043e-15
5.6211634388601986e-14
2.7830862682085586e-70
1.0275539313675336e-15
4.496514699410743e-17
1.5021702328859964e-12
3.983730804496242e-92
5.2333263434758324e-15
1.0945255523329791e-12
1.2744183080024914e-15
8.671640509153835e-19
7.395985705454635e-21
2.928733810766937e-20
2.8057189952652734e-05
6.579687541310496e-26
2.0558650843072465e-31
4.9285127063224335e-24
1.1989495190993437e-33
2.040951478380902e-66
5.825261720059576e-35
1.7957555784000614e-11
2.6845533131799173e-21
2.898522422656008e-74
2.0880581998709543e-84
1.0658612538172637e-10
8.151028385513535e-20
6.49600494550424e-70
7.135393990008878e-16
7.554311760632861e-17
4.522088219262667e-85
4.74439516077657e-13
3.60946984192225e-14
6.541277256221748e-56
1.7908422656197496e-17
2.5471463845936514e-19
2.542568119891288e-12
1.1558878665681515e-10
3.4032820233476205e-10
1.9064202592070096e-24
2.080827114286945e-82
3.9744785412683286e-14
3.917541514360709e-17
5.1817200813953294e-76
1.964215106565237e-09
1.5033222330961666e-19
5.147241456236925e-13
2.1445812399722144e-22
3.000228261937558e-10
5.987342174331875e-18
1.7069616768763602e-24
1.8777130801874275e-28
5.080412754759631e-15
4.674374680108043e-18
1.8366308836659358e-73
2.4654816535563815e-15
2.7830588438332855e-20
3.8539750700538245e-19
1.0623575033619884e-11
1.676935865812253e-11
2.944413260072782e-14
8.648050272938677e-20
9.460142958239942e-11
2.5412357665771874e-16
4.4609568664196566e-10
3.0358970005397785e-21
9.330034190273391e-39
1.7890880759501394e-76
2.6963004155817704e-09
7.083797859281559e-13
7.923268466091694e-75
1.1445114218915229e-17
7.908442322309265e-21
2.6240331734388867e-10
2.446156638509565e-18
9.688108452197906e-13
2.6086682802659864e-19
6.9270182209767945e-12
1.4757461120198634e-22
4.18925537240875e-10
1.153354861987349e-22
3.5360282756594334e-10
5.737129394224808e-30
2.270418476287193e-33
8.115237589222941e-14
2.87900512701483e-17
1.4107763206059824e-28
1.0563220457678153e-09
6.519537570214561e-12
1.0411579203283226e-17
2.4380460346171104e-66
1.4253200162796793e-13
1.8457548084946597e-14
1.2640454822281571e-21
5.506064152685159e-84
1.0396545934683062e-91
3.046057283489419e-11
2.1455647010444327e-08
8.802630646625845e-15
4.533465323713102e-08
4.079142083483628e-21
9.486317132809568e-20
4.175232981998745e-18
7.327946383157885e-27
2.4018405216897264e-18
2.974808669914659e-23
5.4960887795248836e-18
3.0149168572754463e-15
1.7756711152692398e-26
1.291159959165159e-16
2.9935850051989074e-19
1.6168829908173268e-15
1.2771726479958639e-09
5.714708272526092e-82
4.6865494757648145e-15
1.058406428896153e-12
2.130465560201582e-11
3.9769487417880114e-16
2.7840776994171912e-11
5.888873132105764e-15
5.806966096594932e-23
1.1967413750063697e-40
6.887394651000713e-26
5.804678319456875e-75
2.397373962644101e-13
1.2023690102314836e-23
2.5131809646340382e-29
2.013819854136028e-24
2.975479777808606e-09
1.6435886858510344e-09
2.014737941045295e-21
1.9260785739101535e-25
6.596818155155764e-13
2.3438672263306776e-26
1.688358283715713e-27
1.1376876259205081e-28
2.0534585188222464e-81
4.779234235717753e-15
1.193289856106323e-82
1.484342739338089e-13
1.6117548424133793e-97
6.542362540023824e-17
3.1735718797472876e-25
1.3836321567109293e-57
1.5949077358675466e-24
1.760548006562064e-24
6.563112317979684e-27
1.7683589632820806e-11
3.341015998375436e-13
1.0690569436691271e-22
3.339322981789521e-18
1.0345430042416278e-10
2.594328210528561e-14
1.5340603610706779e-06
1.679500997569266e-33
5.495385623801284e-25
2.156372867765714e-16
5.474491026799716e-79
1.613118973602127e-22
9.371544156669566e-29
1.5407884474230948e-22
1.2962312604961697e-17
1.065908358618037e-19
1.1559946755059482e-67
1.0040494752937144e-62
1.4339422903528715e-15
7.515632404891585e-06
2.4505047901221376e-08
7.028834634099553e-73
7.752441778768514e-05
9.507051284037542e-19
7.799534899517007e-20
6.619958992345038e-34
3.417240021904242e-82
2.4542829285541927e-21
1.3242887932779653e-64
2.335481649754594e-24
2.877695174256299e-16
3.9774799082436604e-08
4.16533977504793e-07
1.6459263606498441e-10
3.376960424678888e-27
2.8771080697305487e-16
9.91820154716095e-27
1.389851545282412e-33
3.1181561353400255e-25
3.7165733581670526e-14
1.6144258101959695e-58
6.822608947065903e-13
6.36553155585005e-25
1.7602383034113299e-10
6.8629748455166695e-15
1.940064985210902e-65
3.26376209542374e-21
6.237704362844564e-10
1.582681650182512e-10
5.725478422626596e-74
2.3104630284320446e-26
1.6887643212850029e-13
1.9118300112509474e-27
1.1940854495966002e-13
2.5583162784184293e-28
3.65982941591752e-19
6.8966412471457774e-18
6.603823606365442e-65
3.584219852899713e-18
5.834826271485968e-29
5.8846784148094265e-15
2.1708305752004814e-79
6.274142786707932e-09
9.912321437012874e-36
2.0636891285510203e-08
2.4952307189002598e-24
3.616592520798883e-14
4.213031435533526e-18
3.62999478305617e-84
1.5254193455216173e-101
6.997216185185189e-17
1.0426573415258013e-05
1.554826379033384e-19
5.5186272494936355e-08
3.159757774662872e-21
2.1239225268385107e-07
1.378337664844567e-18
9.119503861989103e-17
3.150229624616155e-11
1.6756652211765724e-15
2.0849411568469354e-76
1.326826736418723e-30
2.1147400685211758e-22
3.969818945978862e-11
1.11196801682687e-16
3.4488712198943385e-22
6.409904752023274e-21
1.2238356810238783e-26
1.3491842421188885e-23
5.754598908406521e-14
2.074428897705196e-12
5.9911250942847144e-12
2.179560865084835e-34
8.368214709014001e-10
1.0646649687648634e-13
2.0919560768753123e-20
5.8336427586993676e-21
2.1458374312592802e-27
1.2050995195985408e-12
1.1557699804154027e-24
5.0487976246939244e-21
6.670310241811335e-22
9.711767920121516e-16
1.723656463488358e-15
1.5440379472691222e-12
6.172333491195826e-34
4.7157970301280784e-17
2.4287093695541785e-25
1.2996528890599318e-16
3.0601648156811857e-81
2.521646621270079e-14
3.3807947796389e-11
1.721065827862159e-14
2.3399498223472035e-19
4.2224249585789986e-17
1.0799699088638587e-17
8.517607417644614e-85
4.467730435268922e-25
3.616832906468818e-21
3.985786130637146e-12
2.79004603578718e-80
1.6614422129430248e-11
3.4618816043448155e-67
2.4085157511216806e-20
5.167527107491512e-06
1.0789665489798434e-10
1.3002473034362957e-29
1.8650884555837737e-29
1.0065854977852622e-23
2.3043703849290634e-17
1.1597442894595621e-07
1.3393678424925585e-20
9.59447534210503e-16
1.0233840602441893e-23
1.2986245801881884e-76
1.5740986625000905e-19
1.1994453288970795e-10
1.5357337796944484e-33
2.276994267652215e-15
3.4452738414087577e-12
6.869065088268757e-17
1.3210844770859015e-21
3.5659566732989716e-24
7.735580701630364e-19
7.836417771402155e-15
2.217992333367888e-23
7.402478610933245e-11
3.6262477481628786e-17
1.9874548921458948e-10
1.8910981182534502e-21
8.684868796790143e-22
7.797624729679801e-14
1.4894404203661874e-108
1.2095735043479037e-21
1.624923995770577e-11
2.7439368672300686e-11
3.2873649912459226e-13
8.982128452700064e-31
1.0902937099018777e-20
2.1510680095847965e-29
1.6929289902652583e-09
1.1422404446703232e-14
0.00012886349383392064
7.770147074992996e-16
1.720768097929759e-14
1.7136173704477647e-33
9.3338204447454e-18
7.9250804306845e-20
9.695910208287001e-15
9.80703515943163e-15
8.42201668255835e-15
3.4374618942794932e-15
1.0609675183269184e-19
3.563525652781762e-27
1.097590413931321e-08
1.4655300709899268e-14
5.831333380072749e-19
3.20088988283733e-32
3.8913052608014763e-16
2.3277281907042417e-24
8.18043423737535e-30
1.508784193485339e-05
6.319419403916352e-11
4.408034994977389e-18
4.827534152393175e-16
3.7719803319197974e-14
3.939890246407975e-15
1.5167138320870005e-12
4.384625019622246e-14
1.936927738115852e-14
1.0213633649350679e-27
4.313271088000628e-25
1.1483583462182135e-19
2.825676298535426e-35
2.6429574266223197e-33
3.987627879451692e-11
1.1057395839905142e-15
7.498233331172537e-13
2.9295170328386414e-11
1.6857574810404694e-73
2.2569866850097406e-27
4.255449096873734e-12
1.2299321703857345e-11
4.398538832795479e-19
2.415267122511939e-24
4.354817925871006e-15
6.86449891759561e-17
1.4855430574645246e-16
1.500146559249552e-27
1.0237720900256233e-21
2.0892884752801304e-23
9.631612026795905e-18
1.5714009714473116e-13
4.328568453809418e-07
9.416264692681836e-06
3.524047568044193e-17
1.2753121155087547e-19
1.993518235730535e-10
6.649823868421166e-18
5.462798809072949e-21
6.6006298527821935e-19
1.6307260137462697e-20
3.33016946080481e-08
1.1099474033419277e-27
2.6108309461087257e-12
5.218953815884633e-30
3.1441135062195766e-18
3.583656438590542e-77
5.093566470689671e-27
4.553876094266632e-11
1.8416733171982535e-10
3.8916900280772724e-13
1.080803023911052e-71
1.224070847960238e-10
2.6874480989648344e-17
6.873879942015811e-22
4.1197835793763176e-32
3.66602157140025e-11
6.223661366022939e-14
1.7450149222548717e-71
1.5193293994162977e-99
1.6978712442648807e-22
1.5527543213628956e-17
2.304380584581694e-19
3.527777925461252e-14
5.235526018806632e-09
5.777571079728385e-14
9.106123421057382e-14
6.0050772830014625e-71
4.627114240022598e-26
5.826078467421967e-22
9.164257897830466e-19
2.751559432841909e-31
1.855356418448372e-22
1.6443506967507858e-10
9.01946737677454e-25
3.746162751228595e-20
9.68495305080617e-15
1.0848086861645338e-09
3.71433464543756e-73
9.806916580168902e-11
1.879842742949721e-18
5.083053490462904e-18
4.1937373450118834e-24
5.503454266061882e-15
2.7014053886996933e-19
1.8089425896328035e-13
1.9560763373035194e-09
2.0434584519501912e-14
4.882485041193922e-62
1.3825523882014724e-29
3.0089772929029686e-15
4.740102641585147e-15
1.0889975890879257e-16
1.7047666537207727e-14
9.866759452532634e-112
1.1856585419419638e-29
2.371414083793869e-17
1.2078204699755526e-25
4.412617380510482e-12
1.279458706402446e-20
1.3701389329995056e-07
1.0426317426918958e-11
4.700661176946799e-21
2.0123433905778405e-17
8.945875243709128e-17
7.352684259554022e-29
4.28035685149936e-22
1.7431057928166454e-39
6.922344927314085e-08
9.960692510850692e-20
1.97184528835674e-27
1.6870649024302191e-29
3.168378801842425e-67
2.0739533526081457e-11
3.062571779130464e-09
7.478581538755826e-73
1.0945333457279386e-09
3.270518424638307e-38
4.443401401873927e-16
2.2556013652507365e-17
2.154362604810669e-15
8.427637740831624e-18
1.0563712757735668e-09
1.1219849051191412e-58
6.603423681410443e-30
4.1406146104742806e-18
6.667738406456542e-25
1.1806192710807612e-24
2.217397273413666e-12
0.0010694840963063681
4.291263932352531e-11
6.015865588511924e-30
4.396571770690406e-11
2.3406823445131616e-18
7.756282047226937e-38
7.465990673174834e-13
1.1273571937319011e-15
4.1336890194118744e-20
1.8798380726632778e-15
2.2239902785307814e-17
5.157436861187058e-28
6.115048408883015e-16
3.474561338758655e-22
5.152331702520017e-26
1.1739188136470988e-14
1.8385460641271183e-27
8.821770189801763e-23
1.2984345617973984e-13
2.7949860289869104e-72
5.0825505288846864e-18
5.696334946118669e-27
1.1129552249334147e-21
1.8818373866823943e-30
1.1252081440892268e-09
1.983667479635689e-24
1.3246473340989938e-14
2.6163290309188733e-20
3.578879415857839e-15
7.375938698496233e-22
9.122723942352851e-25
9.015532843722552e-20
5.24030460023784e-54
4.3522457025142535e-23
6.63103189163059e-19
2.4127624436003482e-11
1.5641785363529098e-21
8.524238945497635e-11
7.382583188988617e-16
4.7665674092862215e-18
1.4292181769659773e-22
2.5536925905221923e-39
7.928669602600222e-09
3.829408350341648e-25
3.45611963450417e-16
4.317162883162583e-14
2.7213822707930155e-84
8.439792747057175e-28
8.978010492036227e-22
5.1553073917613475e-39
4.230149728288682e-09
4.598827175137129e-25
1.0148250741739753e-15
7.193571802196346e-11
3.8488836070155237e-88
1.1266272722051848e-55
1.0537097689529711e-22
1.2417271472422475e-11
1.0483262006589322e-14
3.428655744985622e-22
3.684615900840214e-90
1.4913758718420277e-21
9.17388569428664e-35
5.654764427898164e-23
1.6935894309941123e-14
9.633731027490135e-29
2.9180585858898515e-15
1.948412082539547e-14
5.908514034999245e-22
1.7917865572705333e-27
6.443391612105698e-26
5.289916060039099e-20
1.0957222649001934e-29
4.149868305694037e-18
3.4147006830761755e-104
1.1927953361814168e-08
1.4039347554520377e-15
1.05977402344507e-18
1.5028807418973118e-20
4.603465159374563e-16
5.23780739738417e-18
1.6393190790757335e-22
5.750622522801449e-20
1.2784823718941362e-13
2.599187858404482e-09
6.305520910898534e-22
4.592280986659444e-26
4.1978064054121364e-26
4.928523337458798e-19
2.26381717581565e-22
1.605937607545381e-12
1.7736367340735438e-20
8.873013260597152e-15
3.6420532770779848e-28
9.845048307368494e-16
7.037328612504336e-17
2.766360209648693e-16
1.1020506180470093e-15
6.799604052367431e-12
9.085737867641264e-71
1.0520453880287619e-26
4.0546356519282865e-09
2.165888556521625e-11
2.490105748651394e-10
3.6631807031639346e-13
5.85957510310597e-20
1.5691105119598537e-17
1.689013738300478e-10
2.1007444935441773e-56
4.260778770022342e-14
1.0102208061607777e-18
2.370524675225294e-13
3.832733488604571e-19
4.2216275414154895e-14
4.581867784276767e-18
2.5307072565091725e-25
1.7679412723747502e-19
5.202817231716986e-20
1.9744481781474618e-11
7.381278873884692e-18
1.4295552998955487e-56
2.6122625457195617e-16
2.1393961159045462e-98
1.9976863227300266e-17
3.879841001960942e-72
1.1411233063382495e-24
1.4713138413004399e-31
1.2520313786992749e-11
2.80830721770548e-41
2.3918032204514313e-15
1.745568803808277e-40
5.001453419985726e-18
8.872966297611297e-14
1.3920067656615762e-14
7.175890283341392e-13
8.110691887935993e-87
1.651072914573945e-83
9.716868504508009e-81
2.0484021716934983e-11
2.6075650691243736e-11
5.923197038617649e-12
9.968388711045167e-25
1.8433489797523742e-15
2.7660871519981408e-12
8.580757199773397e-41
2.871176228757622e-09
5.871781673713898e-17
2.62239276580173e-07
1.311376692455886e-23
3.2413170658440016e-32
6.469128326198549e-28
2.7432728072320366e-31
2.311107833772252e-43
1.0679507436434108e-65
2.7827243132972178e-14
1.53412265519117e-17
2.6365610657744863e-17
2.0882073866620236e-16
2.5829249490011246e-12
2.7128670584287374e-15
1.823747094076297e-15
2.2372949343037452e-18
1.5391411817665635e-15
2.295706842504607e-16
7.334687139260937e-21
9.736451868432726e-21
1.0537766386896801e-14
4.3452796533348645e-20
9.2292557071476e-19
1.6237673818719855e-37
1.4888785563234707e-22
5.109255165926588e-14
5.4185991763753225e-15
5.958647254337578e-14
1.0118484743869497e-11
3.750412725835578e-08
5.551892635580985e-15
4.030723528543078e-18
7.162376870526898e-24
1.0806164196911945e-15
7.138231510615906e-10
2.7781189459907826e-77
8.709797305070284e-11
2.4263265593499914e-17
4.751520238680219e-10
1.9683672522459263e-31
5.839139370384104e-20
2.628289865204458e-19
1.9765205160217016e-27
1.560931569657459e-23
2.1674527619017113e-09
2.7780602333798435e-21
2.6481565268566834e-21
1.0242565565034079e-16
1.285531173297786e-16
1.4101891227779108e-23
2.322903656887981e-28
1.6532526037054948e-17
7.078974336723974e-33
2.130613747946737e-37
3.071853750668172e-20
2.983674358400277e-23
9.73222437252825e-27
3.855824813384136e-24
7.548427276934788e-12
1.3546552643224022e-22
9.668256648022522e-13
4.301707626257214e-21
2.720690497921896e-82
2.8660212164272137e-39
4.529672714198285e-19
1.5043958295780364e-24
9.238778758292799e-30
4.1307727381018115e-11
4.06194937322335e-12
1.153903235269167e-11
9.206350720392372e-11
1.7321502741922485e-32
7.928929019730402e-27
1.5405951748040834e-16
2.8294889487148343e-18
8.361015978211241e-18
9.932825273013796e-22
3.2336631108344655e-16
3.641896126348983e-36
8.645384381913749e-21
1.0886904054479403e-75
8.76869917873745e-17
1.6537145602826767e-14
1.396017374186426e-12
7.388166458169828e-16
1.673196200618788e-14
3.1522741415507903e-17
4.56827860779391e-21
6.503025823038537e-20
2.199194085731035e-17
7.673600685598518e-12
2.804121823680109e-16
7.671387461475382e-30
3.0738709361672785e-13
3.387073530520287e-83
2.2790685112996496e-14
5.095980000869092e-32
1.3964560045223839e-14
1.6884957362989737e-22
1.193933657301781e-10
3.638949654551178e-15
1.991143158023802e-65
5.049167191436304e-17
2.3971573239530508e-15
4.285453230716684e-51
1.5351337283975971e-22
7.155014758364523e-27
1.5191404784492735e-85
1.2533101008936221e-110
2.173852265154762e-29
4.1090602080257446e-78
1.6195085968608511e-15
6.954429625548424e-20
1.0881636050521406e-06
1.6886763476047954e-75
1.2038027009877617e-25
4.42211902441622e-21
1.1495172851874043e-37
1.435187102208368e-80
1.4851718519221248e-15
1.481552242762463e-18
1.7158541401984816e-23
6.812411996565155e-35
5.005884661777067e-16
6.238091358777581e-78
1.2628023356419492e-17
2.528821213758544e-43
5.0868378468585975e-33
9.320260246787732e-25
6.002447779419021e-17
2.526556841125654e-11
4.0509068200153473e-29
7.616765791912851e-13
1.9142622737824662e-16
1.0603527053471484e-27
7.449482818848676e-10
3.352911151117875e-44
4.757777088855527e-78
1.7749945918374438e-18
4.779340240709536e-24
8.140916262460635e-20
3.0001391151746097e-23
2.22298003667135e-28
3.2096773452278054e-05
3.385689033519975e-30
5.457588273971631e-20
9.640942741821665e-21
1.6203456484753849e-78
1.1924903447121514e-19
1.5447859212775934e-21
2.6879230620111883e-09
1.5762431329819854e-65
1.4211075846084248e-21
7.865329695197108e-26
4.993427206663129e-17
2.510845151237816e-14
4.1295725180843256e-14
1.0666842996300797e-17
2.8122563757576078e-24
9.936426618992348e-15
8.586758264342055e-17
1.8594937453514188e-22
1.2437066032264957e-14
5.98345618144426e-19
4.318056328929594e-15
1.300164453231694e-26
9.961610685499142e-48
1.2862626287893429e-26
2.3427119123697313e-33
1.0576805365073763e-85
7.496931787442097e-79
3.254872137499697e-21
1.2994077239368753e-11
1.1952381336856975e-26
1.4642654372487116e-19
3.3652895711804023e-18
1.8966601273131617e-16
2.435778757544612e-10
6.914464089713069e-13
1.087634719839126e-09
5.0639441767418295e-14
1.1034213408350508e-23
8.311693332246933e-09
1.7580943702372362e-76
2.7719500986934867e-86
4.841783446188102e-12
1.2865435902166346e-89
1.568563437850769e-08
3.101039267242005e-07
7.074318277821255e-14
4.140832569494961e-14
1.1640441404697957e-17
2.706064264816721e-20
9.602749596193382e-13
1.7375769886816752e-26
1.8320264350236682e-23
4.7315795179567995e-18
1.2842646219933116e-08
1.8476465680657278e-21
3.556942172980046e-15
1.532792342152938e-22
2.4702758833178187e-16
4.702509071275495e-19
5.34098209666786e-89
2.101920886250479e-17
3.4291916310073405e-13
7.987384341320387e-36
1.9092844329594703e-17
1.4109829872817383e-19
2.084709434344181e-13
2.8952060948375035e-16
5.750152989648976e-11
1.0217465138306208e-14
2.713784089462885e-13
6.652148909759957e-09
2.8235367735084195e-16
6.96124385632932e-27
7.33909693617644e-12
5.306896782882649e-35
1.1222153774305339e-15
6.246050910902784e-17
1.0481181353395651e-05
8.306277854196441e-25
1.5061386079236515e-13
2.4272625265355383e-78
5.417283012447094e-18
3.348175313075221e-81
5.818022826258133e-15
7.853470854538877e-78
1.0276973918267142e-37
4.730486348440769e-10
1.9906052808221627e-12
3.2672084041607856e-20
4.408683354652708e-11
4.588419671773656e-23
7.738555470818768e-13
1.5827075384163814e-12
2.219662568850241e-12
4.1316322046561353e-10
6.734141191334984e-26
7.655623396475327e-10
1.7231008002649274e-11
1.5773977536593016e-11
8.629527050891168e-18
1.9081603396609575e-13
2.535217774993777e-30
4.487828904705301e-33
2.027380761974454e-67
1.4041703013437486e-34
1.342603079058872e-22
1.3379994560264507e-11
3.3357133367755164e-26
4.962580742472977e-14
3.4802634163871366e-30
4.124050983536013e-15
1.7117530183663936e-70
2.452501680988929e-11
2.951443309360438e-32
6.680021880866953e-25
4.0180893765299365e-78
1.3112443048254615e-21
4.20586831978898e-17
2.4850910329396107e-16
2.0393856291635283e-95
2.204714516028747e-59
2.2489067622616004e-18
1.8238597210525945e-06
7.16921147290873e-90
1.3210661056108406e-16
2.5715597583316063e-20
5.5075925199876103e-67
2.875254730927303e-25
2.8880154984618095e-15
1.1797890870913856e-15
4.02527810909089e-18
1.3778541378795445e-24
1.8691836369246092e-10
1.0242759896564228e-19
7.370405219512165e-24
2.06024782877723e-26
4.794797878835804e-15
6.251693909005433e-19
6.371520215075347e-21
9.930556924607084e-16
1.2319487873853844e-08
2.2573721694761814e-19
9.295592294498945e-11
1.0089011183432098e-22
4.953209530182589e-28
6.431970556665019e-13
3.6800420797347144e-07
6.684051042545082e-16
2.123070491363059e-11
3.2417081297663945e-12
5.994056387261663e-36
2.561135591472523e-13
6.048450865135093e-18
3.779918404514605e-25
6.264664776408852e-36
3.823361073054985e-103
2.6843697104448163e-22
3.415242314347894e-18
1.4478585386904542e-21
4.698934227016745e-24
5.937007949424138e-20
3.35387495695607e-07
1.2175498205569763e-13
3.0849712792214002e-30
3.937967697042687e-88
7.660811863048017e-19
3.9939353055079385e-80
6.440826029385698e-53
1.984758070666275e-23
3.718571007320581e-18
1.950953409622396e-18
2.2510677503307705e-16
5.90038708555641e-07
1.1013269245618547e-07
8.807764520529133e-70
2.803374002338509e-18
4.992918351666745e-21
5.830447401746616e-22
5.262191492932252e-59
3.5079436424331663e-32
5.02533836237655e-38
2.658875806820699e-97
8.077980905087591e-12
3.217976494777919e-20
1.6064880376979754e-23
8.988898088266285e-88
2.5873197976061055e-19
9.19517691401092e-32
8.973186413126497e-68
6.779717874439144e-13
9.413807083576625e-33
5.140823872833772e-14
1.3647405657437909e-89
4.0239552693133454e-14
1.588486053449213e-15
8.944579275492111e-10
4.935534170813927e-31
5.0642399435995665e-20
2.413085000900409e-17
5.112982684600749e-86
1.816123724504113e-79
8.471388709975417e-67
3.256822427231783e-78
7.573216074246916e-13
8.625472490122288e-08
5.743492075525996e-20
6.0896142884442634e-09
6.395743401005554e-28
3.6988658730641194e-14
3.5127555343440624e-19
2.4411698489327349e-23
1.5143746944135204e-12
2.416713244360192e-13
7.938235335782357e-71
9.269076302195645e-35
5.841260603420392e-88
4.4485707481370473e-20
2.8670652115385174e-22
4.074580511212215e-81
4.6867570184789565e-26
5.4886145085469955e-14
3.5056838356812926e-12
7.709604564995643e-27
5.206950721120418e-12
1.150598008273834e-09
1.897436976021694e-24
2.728814877414728e-78
6.761730657537441e-30
4.530151824732211e-26
5.744566131202077e-26
1.0032396263245438e-07
2.4760640178901466e-28
1.263228479095489e-17
8.368535079531488e-25
8.540157758399087e-19
1.1220631097915115e-17
7.452022919801672e-26
3.483022802032998e-21
3.6725013024337985e-19
4.7098832515937084e-12
2.4993596000031657e-27
2.0454021656695814e-12
1.2697519504953224e-15
1.9215115396733022e-26
2.5785126078544097e-36
2.632959823417056e-12
5.830282631024824e-26
9.461298028510558e-16
2.8904077324840955e-20
5.148010377339765e-21
1.42290555567611e-41
2.8978575530499416e-22
1.6980255266985838e-18
1.2843040548238696e-28
2.1440133104942237e-12
4.6511805125404987e-20
2.7138780121725966e-10
1.4478335658917108e-19
1.3128998216256266e-92
1.157402476387267e-21
2.830558375692345e-27
8.326478064481025e-18
3.055880191970786e-22
5.730954373875422e-17
1.596840913009495e-14
3.902939565434739e-29
1.6775237682777563e-12
7.310753838444511e-19
6.155574564844891e-22
1.0513313464870387e-23
3.3070285158214946e-17
5.258746069840554e-18
9.669533939003672e-15
2.4372924273553724e-35
8.281666519222909e-15
1.3797203277085536e-18
1.2240638794446627e-86
3.819467580036246e-09
1.8618026500755982e-21
2.2551254367351643e-15
4.376420346565513e-17
5.729003063826389e-25
3.802964334967869e-18
2.711051463160531e-21
5.073809260264318e-21
5.190632539925141e-09
6.544283718126472e-16
1.8486875265797377e-71
1.9749338217406177e-15
2.6829640300833627e-24
1.9715169560283905e-15
1.1467363439595652e-20
3.7014756208051334e-19
6.055429873937822e-19
2.805564632224532e-26
9.257981642037845e-17
1.4864151225834205e-05
1.226426907854584e-24
1.0059137854042439e-13
1.219125565521822e-21
3.3055061971745167e-25
1.336276241470205e-22
1.7566836134085543e-14
4.3647428739533575e-79
1.9487890659064988e-16
1.0562825775842477e-77
3.6226768374687084e-22
1.809204651097836e-26
2.910567150214155e-88
2.7707104721502367e-12
1.1691969036441942e-12
2.289401589040133e-31
5.375841072350853e-19
3.57186038745829e-19
2.16339757687202e-21
1.6709836034396914e-26
2.5350445432333894e-19
3.652518385506616e-21
1.8806557488501374e-17
8.609519710303081e-13
1.2536828160197533e-08
9.4913030894453e-11
1.601067378996546e-18
2.284424608939021e-17
9.47976802766155e-17
6.963806840264753e-17
3.65252562406324e-83
7.320282397094599e-29
2.5648461949880706e-22
5.262791760112154e-19
2.8120336657859312e-11
1.9307426365926166e-13
9.053662618590633e-77
1.3353744346291798e-77
2.0731874426945024e-13
4.1767904193301643e-19
6.729210113352743e-17
4.600306524197492e-42
1.414703710506038e-29
9.469643869889885e-13
1.9621760831192422e-67
1.9361179189903237e-30
5.2499297528358914e-08
1.73035294366462e-09
3.8620976935046375e-05
7.128022909326515e-16
9.047989836385072e-19
2.3694101151058713e-24
3.061728299087914e-13
1.2086386648066294e-77
9.978613579399678e-17
1.4768914319314146e-28
2.7399609432660064e-85
1.3191146327859186e-10
9.929151656377214e-11
2.08555957383747e-32
5.924959336404053e-20
2.708971208078983e-90
2.067631407405097e-51
8.502250389128068e-09
3.637418251718948e-07
3.2465269349390776e-27
3.886990514912473e-09
1.9199538886623177e-17
4.945852931871246e-08
5.046615983337802e-12
5.647694130632643e-10
4.023374791228617e-18
2.4613231093939767e-15
1.7900941807443911e-13
1.105087630031807e-09
2.721899491074139e-23
6.558612327871845e-14
5.095428899005766e-11
1.9578346048575565e-44
3.2274238402584787e-37
7.848369040975913e-20
1.056843327760118e-11
1.5329292849668946e-17
5.182462256245588e-19
1.2167387271373212e-14
5.3467093655906485e-107
4.993334621392132e-17
3.229331685297875e-13
5.764838645884541e-25
5.949931715700876e-26
9.745677174908438e-74
2.4689727089199426e-14
7.398773990523556e-27
9.67846594803994e-27
1.0668671562560391e-14
1.0089140549245433e-31
3.0878375635170533e-22
1.3634100197607543e-21
1.5548842800719424e-08
5.410928217927335e-25
2.059530055608435e-14
3.055244153051769e-12
1.36817368216243e-76
1.3218474150992032e-31
2.253949571230423e-24
1.9664237065301435e-08
1.2338821196288435e-09
1.9122474125664394e-22
3.480862895552418e-17
4.702943820143021e-09
2.755800470836912e-15
2.6935463422157206e-12
6.936169112909946e-22
1.79795205668656e-21
4.268858194620344e-22
5.50675551661567e-14
2.296850017284491e-16
1.7291953232465553e-21
5.845199283462758e-32
5.41453716043637e-69
6.716940792967021e-10
5.277217248776056e-12
1.0825493549822614e-21
4.499712332665635e-85
6.357353602915934e-14
1.0596148270290394e-09
2.9296072044647555e-15
9.200911791224521e-13
2.3411260934114572e-24
1.5123025170583028e-11
6.638126786935763e-90
6.700941431424857e-16
1.5143711505809912e-31
1.1161714712095545e-17
5.229273330652708e-34
6.112380689159657e-22
7.787365053818667e-08
2.5776901926981045e-06
7.628347480054977e-27
1.748682548250068e-05
1.1034616977988505e-27
7.944125335278509e-25
1.3292601452946017e-64
1.461279933096573e-17
3.869090075196116e-15
5.506899856618319e-12
1.5252508319708035e-31
2.19256174347389e-67
5.61406543598392e-10
6.458415575534776e-19
2.8203551206417443e-16
5.243657834913206e-14
1.9132915096572467e-15
8.213826438132047e-13
1.9251597237724316e-14
3.4917987670913234e-22
8.686220910895717e-14
2.4746499241708593e-13
1.4365745676078868e-22
1.2081719436505669e-11
3.937388915589086e-11
1.1845846306106269e-16
6.686716679905117e-24
6.517843086624717e-15
3.807032025559496e-23
4.028320735161821e-09
6.962638168103107e-12
2.1565596264145523e-13
1.006608649515391e-21
9.44991811007277e-31
2.80135277226433e-20
3.597705485327746e-08
1.0589072299276802e-15
9.744089820158586e-15
7.381296011616827e-36
7.621637335066167e-12
6.397324848188433e-22
3.1399407911901144e-18
7.36767577398848e-25
5.566073947992404e-76
3.813700550448628e-16
4.255172879157861e-24
2.007838088082636e-11
1.7721873719162028e-18
1.8386224183333648e-30
5.650375718212452e-20
1.6390265243702506e-16
5.068840103924268e-13
8.536495171353114e-31
3.623821505510749e-15
1.8495864726198395e-16
1.3410095220282366e-19
1.5173576778183447e-10
3.0109729387197906e-14
3.5829029382867836e-22
4.052852754268668e-86
3.176331408859702e-14
1.9695100367301986e-16
7.432158007130884e-49
1.132242900880653e-09
8.479658219878936e-28
1.3387250891541834e-19
4.582518499891689e-61
2.139934616368806e-10
5.839000749592639e-20
2.0989979303507767e-06
5.218305210078588e-19
8.175212179159704e-20
5.483637076800273e-36
5.0450180732476556e-14
4.609190540650623e-06
7.188749783359079e-31
1.0061164001734221e-13
4.326249029661688e-73
1.196282069763048e-104
1.0755552292199085e-12
3.7477813619633036e-12
8.408233918444831e-16
1.0666662585000517e-11
7.055031534526133e-29
6.185418241492006e-31
3.339507827066649e-28
5.910589021873114e-60
5.605631496927776e-12
5.55973560430479e-15
1.5506505678693863e-26
6.774522785239068e-31
1.6423143793265403e-89
8.153749627624683e-67
4.344251068583427e-31
2.0146324086355273e-12
5.295735508998336e-13
7.421904550787134e-16
3.120674813953437e-29
1.8009239713040882e-11
1.796614220105124e-19
4.720536299138999e-10
5.10700933232449e-07
4.9642015085847605e-18
1.4328866379597712e-36
9.924732125552785e-14
2.554065935043678e-34
7.456109257826772e-33
3.7242411005938916e-19
6.47503086425173e-17
4.2148293255524806e-17
3.8501097522763216e-84
2.1443161086016795e-32
1.9355958599192444e-09
1.1857105168858855e-19
3.357298006710136e-71
3.4449196499601664e-16
1.6006751915899895e-25
9.617658251932782e-45
2.4801509483121452e-24
7.01353982001405e-90
2.2379875144458878e-08
2.558462442849031e-18
9.063284528381943e-19
2.3136512563472003e-28
1.037103327272933e-20
7.168877257378137e-30
1.725811307143337e-16
3.434573850169861e-10
3.722507367401157e-78
5.1484495518307615e-34
5.408372328054758e-27
6.207152423983371e-19
3.978684024793452e-16
8.196337501127682e-16
2.194177873437693e-52
3.36222075095682e-15
9.328547851557037e-16
5.3037293481696265e-48
1.1803332887488347e-12
8.510071128348964e-27
2.235028605280129e-15
2.4399950213341846e-22
1.5209737212289543e-14
8.93501475617199e-05
8.729684467969875e-25
3.361192072178462e-64
4.191479174121833e-11
2.6872463507496562e-17
2.733991067188649e-26
8.301799731980484e-21
6.5088179570206115e-09
6.578726620650897e-12
7.084952358132685e-84
1.685932360779146e-09
6.111233236850118e-16
7.688484851515873e-18
2.7772013181945855e-16
4.422372777992706e-21
1.3210723321506574e-13
7.850718863755182e-106
2.388092130004378e-10
1.6849651917907363e-32
5.798014916332967e-09
5.7856172303490315e-15
5.372215131230074e-14
3.3318500982515465e-23
2.9402334070290506e-19
4.7767293838130244e-85
9.686078944184739e-12
9.946099745667968e-47
3.103180537977003e-30
9.452527204644424e-09
2.4374758610769657e-13
1.4582551261350088e-11
4.916619551547485e-88
5.6337712299934974e-14
3.874472120377657e-24
1.7293600478250375e-12
7.917077552392399e-15
2.6390563422961338e-14
7.796808723481682e-25
5.280550761814439e-10
2.5487134538022245e-20
4.164666934287213e-76
7.462725299316107e-11
3.7113840742525196e-21
2.0490599842566787e-15
8.137875858976476e-24
4.516621329746612e-13
2.493003244990533e-11
1.9003140560196897e-12
1.953192781586636e-11
3.38807123908488e-27
9.935348376196886e-17
4.0035532916962215e-20
2.5816350131035248e-17
7.775135156398601e-11
1.836623409108594e-14
9.085035557312653e-11
4.655352375112315e-23
2.648733673024686e-75
8.111066343650782e-18
2.032211637607831e-24
2.2244396380856436e-20
4.7415321014494124e-27
8.274974780148092e-13
2.419832451116994e-29
3.3888604884255854e-23
5.2153513066302105e-30
3.040815142636022e-81
8.623057552778243e-05
5.800750278400095e-16
1.5706929835059103e-23
4.649518015585723e-20
6.297495026113585e-15
3.5542680870844897e-10
1.2705844338613891e-90
5.874195617246068e-14
2.440840078437169e-22
2.8728686060959496e-20
4.73282043088635e-21
6.996749192245478e-15
1.286419531871892e-11
4.544206309898696e-11
3.5308067737600317e-31
2.4605483228666114e-10
2.821874649622438e-20
5.696939684335576e-10
4.9325247336446836e-36
2.174754380328917e-29
8.58510542885483e-19
1.951936351632435e-21
2.6341263264824327e-67
5.4851394500338666e-17
7.606696123082738e-27
1.0053552224298072e-19
2.859565547115787e-22
1.721891462298971e-24
2.5466921938974053e-26
3.455799592390716e-21
3.80023174350323e-118
1.8156541764110763e-14
2.166147131844744e-88
1.1793106112261885e-98
2.0777338499429308e-44
1.0899113303313364e-18
1.8439203691722813e-18
1.406434205307401e-14
1.4099542292474172e-10
1.8897889328804808e-33
7.772251843095593e-21
1.6598444994863414e-29
3.3762858990623916e-10
3.6354374082477527e-22
7.604074129453208e-32
4.1623135363074225e-24
2.3455246037948385e-15
2.5747388188039427e-11
7.837376798878506e-20
2.2584672240976922e-18
1.813948712445575e-15
3.8296769586892234e-25
1.0657977009948526e-16
6.239002310465087e-40
7.462512606263876e-12
7.663136775525217e-19
9.367482792421932e-75
7.574041326496186e-12
1.1543645070696873e-17
4.4249117274550425e-15
2.4876674494542024e-21
1.137019946514388e-21
4.847862201009047e-24
1.4352055436132464e-17
1.5438816631307153e-92
1.1809490877852276e-25
3.2964373049443523e-84
1.988278070956963e-87
4.490198988410588e-24
6.313092049678317e-16
9.386718129737484e-08
2.963246289226083e-16
5.545502000891299e-18
6.447622837342837e-26
1.610756685530216e-67
6.5252241110520515e-18
1.446622463749892e-06
4.3752422189305585e-14
5.186789134031501e-16
3.301897727877263e-35
1.7569233061279493e-86
3.9865693024300687e-10
2.911649990771685e-10
3.5791289003213344e-10
2.7420249610923236e-79
3.5458768587744178e-22
2.987249049433431e-11
2.8344452110543763e-24
4.846947277828143e-10
4.607808547402588e-09
1.3419250241336855e-09
8.221078011835523e-31
3.809651848007268e-19
1.436447079804306e-16
1.1054372793503747e-10
0.0003043489699097856
9.402120653071111e-18
2.113310325254646e-34
7.276960831264335e-21
1.2846707054406915e-22
2.966877191478372e-38
1.1629515532454191e-14
2.984710748268687e-17
1.1190299883213517e-35
3.3353696904927604e-89
3.4383333415245815e-16
1.6031668833127601e-21
2.0588392336553785e-09
3.920751996995171e-11
3.3975447715136406e-108
1.6945578329909207e-10
1.6000940910578484e-88
1.6929289902652583e-09
7.52331687423709e-22
5.603309665575324e-15
2.4241346023855104e-16
2.210474959906483e-25
2.3685887004328337e-19
6.870891734482476e-11
1.0534164686181361e-12
2.3596243333956124e-11
3.1425903762066544e-13
8.351073609202604e-23
7.553784548196292e-22
1.513203224842364e-14
1.8973632107903713e-19
1.6968641349532753e-88
1.5055851640572319e-09
5.355385070151206e-15
5.377500670652372e-08
9.954653150357679e-08
1.1075230230491436e-26
8.414854368302823e-20
1.0057903946567106e-28
8.743938875367627e-14
1.4459417982461015e-83
3.324675114258744e-82
2.793278503883186e-14
2.9012590573735582e-12
1.8251968640457284e-14
1.5827412705303658e-37
6.087867669616028e-12
1.0404724891007353e-26
1.8905840044879636e-13
6.994840866167704e-23
3.541413905942004e-29
9.309098734546523e-09
1.4121857086720648e-24
3.0285552898035667e-28
3.463241837471519e-13
3.6063974839229957e-34
1.468539622878049e-15
5.226394332032516e-58
1.2960519442319196e-16
2.3145913280482582e-21
2.3344418579983592e-24
1.2948928782879118e-16
5.011657027604547e-67
1.5889585345151847e-20
3.853291670888047e-16
9.849755730275075e-20
2.0416837331496966e-16
1.0564266932914066e-06
4.664201196831275e-37
1.4028765458734227e-19
4.342579909591336e-22
6.0466433856118165e-24
5.36331809845774e-10
1.3278623364547783e-14
8.14659889603696e-15
1.8195733128756928e-20
1.1636219223881545e-21
5.603867932790765e-17
3.677072517350833e-26
1.0503820813309998e-27
1.6930345828108068e-15
5.136112519463613e-13
2.5486913340346815e-13
3.24201703423319e-17
2.8775866691649675e-14
6.3146403957448235e-40
2.5059054971124e-13
1.951915251889165e-25
3.07509020450053e-26
0.000826148502157259
3.773171279395924e-14
4.002896171643886e-14
4.836263287911492e-30
3.668147978526449e-24
1.0657795155305023e-14
5.851725040532439e-19
3.975747979542069e-20
3.178399983772422e-13
8.552104922847766e-26
1.4309329912245015e-22
1.8727729409761323e-11
1.4735724162622009e-15
1.052069796570658e-73
1.7619878085532605e-24
3.581808281586449e-19
3.0019973757018026e-12
1.226058674995534e-81
1.5076113046000066e-30
6.645650815939827e-32
2.475076850320034e-22
1.470144897679588e-19
4.525896571837969e-14
9.301050847002867e-25
1.3354272000861995e-20
8.735458601568526e-18
8.72888792135624e-24
1.9994650748607915e-30
5.719750016644331e-17
2.8250651897345087e-12
1.330478009149524e-18
7.797865793695663e-25
2.9453971378916027e-21
7.711397720851366e-18
5.555919847097705e-22
1.6845376022417972e-24
8.901001856425698e-20
1.8240003152542677e-30
2.5428940456145464e-17
4.299556736075651e-12
3.3446012114050857e-14
9.94219193502063e-16
1.13217566991774e-24
1.3616434919963402e-07
1.651950118562448e-19
6.984548447640047e-45
7.09482359642297e-27
1.4250397321828603e-16
1.3999552713478602e-35
1.7457974724043758e-20
1.6107898256694964e-19
1.738743641745604e-12
2.035818167190425e-14
1.296964306584519e-18
3.644334259942168e-11
5.219503900976161e-15
4.646027690804506e-30
4.2674566851075766e-12
4.538329188778646e-75
8.421127682150595e-15
5.090238558831872e-24
1.6409820203608484e-08
5.6313164378189495e-12
3.548592762705134e-18
8.226321733525739e-17
5.273152325317884e-19
1.3956913147009326e-27
6.780770998558692e-82
3.7682963024083833e-81
2.4885327873876663e-15
5.749617665089441e-44
6.520029353961602e-20
7.25938132024571e-14
1.0372787134806681e-11
5.714969587685817e-09
2.3532878883433293e-24
4.340170337392522e-12
6.547165107984457e-20
5.574089204855953e-17
6.238313070722868e-14
4.1477213492238344e-24
1.5270895175391676e-26
1.5072150195287608e-13
9.155708498021578e-12
1.6512022546734636e-12
1.2117321082517352e-12
3.8971023189870087e-17
8.889736424666834e-20
3.2038718820803805e-17
7.847176643768636e-12
9.815155222118079e-11
1.446962023797869e-06
7.886776035631856e-14
7.918165004125338e-27
1.1519659403759693e-14
4.3891337937207964e-45
3.726059736663294e-15
2.425350283669807e-85
2.2812237517835366e-73
2.1268201668668293e-42
4.3628209993092046e-10
7.097200391347833e-72
6.244741121208066e-18
1.5876183549272218e-16
9.075317706207516e-69
3.6885387311824327e-16
1.5203366517715495e-09
3.2059257651672446e-22
2.18462225164803e-73
6.378711290628505e-10
1.3055746113835685e-15
9.83344330776976e-10
1.0240206529734175e-09
2.698723470075721e-10
3.498359614319379e-18
1.467373011179907e-13
2.3962458115229147e-17
3.2735911998848778e-21
3.847862259240672e-15
1.7695710721989527e-57
1.1047699555706475e-41
4.893007855633248e-25
7.574287567397756e-23
1.8757958164753904e-16
4.224359109084122e-18
6.147461276803033e-83
1.2626874456105262e-15
4.1426775534024764e-18
6.48717018584887e-27
2.0365280668380075e-13
1.2619849897517692e-27
3.735128482775183e-20
1.9053650215954596e-29
2.119910598334323e-25
2.81566938842923e-22
1.331413067164391e-19
1.8487900011841882e-13
1.572232107766689e-83
4.487668807489113e-18
1.0152387838180608e-09
4.0626263210277634e-17
8.54873182083331e-26
5.880223682459675e-13
2.7883075975196962e-14
1.156996237529448e-14
3.830484538636059e-30
3.85536371008646e-21
7.214313916759583e-64
2.1123369670389974e-23
1.2337233570127854e-17
1.235412213252638e-15
3.250307769785505e-19
5.290988797138197e-19
2.979393325458584e-81
3.1904511452032593e-10
2.582684419102722e-16
9.09485040504089e-23
8.710633858535591e-31
3.0276972732553683e-73
2.893173748945297e-18
2.1267089298035283e-14
1.9223742444443798e-23
3.654153147834279e-17
7.125767219371876e-18
4.243543241703479e-20
4.5314676209687256e-23
6.991734324608062e-23
8.55245164156988e-24
1.0566987813652483e-15
9.981193961337527e-24
5.584431008277126e-28
2.8942973345324113e-22
1.4935605217040456e-06
1.1811404858866731e-17
8.396486815159486e-19
1.4502361251094112e-15
1.5582470604234633e-36
2.6148528775819584e-10
2.1762733054932116e-24
2.544496020349338e-34
6.155896418709728e-20
1.1764009693456797e-19
5.225994058252785e-71
2.790419755516331e-83
1.2000162678102416e-13
1.3142611407168755e-23
9.774980344371245e-18
2.872054181540157e-26
1.768634692506928e-14
5.290305760276491e-22
6.4202520232938334e-43
4.955559539355439e-22
4.4495349920788016e-64
5.25166345963305e-16
1.449412250412772e-22
1.92754746301264e-18
2.054338775560563e-20
1.0179392806196105e-23
1.7852717397209338e-20
4.145555415958333e-31
5.360838337465631e-16
7.191103795111808e-84
1.3818735794397621e-11
3.5041073038063314e-08
1.0185944202681933e-18
6.401361083825721e-16
5.409474116123681e-18
1.5916679598781488e-19
4.9974188596954955e-26
1.722062670220608e-76
4.5139619687434605e-07
1.5796134665752486e-19
1.5778424033650596e-12
5.83943841451249e-86
7.696758669982016e-18
1.4959818640411007e-14
1.3190575253786806e-10
9.407837599204878e-22
6.413989554895442e-08
3.5081658769301795e-22
2.3006140743487102e-23
1.4487211401826709e-09
7.720542911746886e-15
1.4131755150880237e-15
4.623147841996529e-25
7.955588841624925e-21
1.8057315355422294e-18
8.40201382364049e-21
1.2681310649132264e-20
5.445100833463466e-29
1.6121365522545333e-12
1.6377505610483508e-12
7.180241000118201e-75
1.9707118604146778e-47
3.346281713736937e-10
2.2198222615187525e-28
5.164906879180665e-83
1.4879791536462338e-19
3.412635217798455e-12
5.069030743899066e-13
3.3864163119002826e-17
2.984559162668825e-19
5.714691834019945e-13
2.3804938361113036e-30
1.2452470638726378e-05
3.42814702266137e-31
3.105511401872782e-30
2.8600639213461153e-19
2.9560727824498444e-16
9.082190529948495e-20
2.645137979186344e-27
3.986623819328225e-23
1.5024138849265824e-84
9.579131036851785e-28
3.378754734585518e-24
1.2470009975522915e-26
4.00279576916432e-15
7.316947343237474e-15
2.8079734716527803e-19
2.994769234218411e-21
4.5331903894805777e-17
6.481345932249165e-18
2.5878345675701324e-14
2.1957628093351058e-13
1.525842770439486e-78
4.129422607933865e-13
2.943817614399944e-16
4.037231961580066e-07
9.039319822750338e-22
1.4064589864450094e-08
3.0529899232104175e-13
1.404328074558199e-25
1.759384791441959e-15
1.5811817961310743e-09
2.925898940108941e-70
7.65055069178451e-72
2.8647452825643294e-10
6.606989770989785e-67
1.2098790074138573e-11
1.0323601512585161e-23
4.259344056286226e-09
6.744670487982831e-17
5.6413999017327026e-08
3.0646453179988666e-16
4.6023592934583537e-23
1.2702278256643858e-22
5.825747002831612e-15
2.7340349283609754e-19
3.3702796751652827e-13
7.278232112121208e-22
1.3822316957683592e-17
9.238072397803677e-76
1.0788521285841022e-23
4.278293277354377e-25
1.2340250932402735e-17
2.863808307723871e-37
3.74468418401431e-10
9.15334235218282e-12
7.13300212405802e-18
4.526391837589336e-30
4.359864280783596e-15
3.986315541971779e-23
3.4783849816404094e-10
3.797459412372681e-30
5.588946912381755e-09
5.299875632549843e-18
2.256817298327188e-34
1.1381347651756901e-95
2.9914336126338396e-10
2.0098983935754852e-47
4.673486654431344e-14
5.5808164090097256e-14
1.7318151388000292e-11
4.719620126013929e-18
4.7130008905753864e-23
4.005235503336199e-21
7.070666618602763e-20
6.016907320951444e-19
4.661873363392002e-24
4.5452197153091057e-11
5.757291732406827e-24
1.544676612512296e-11
8.562188495935645e-30
5.594122383735943e-88
1.801675901025753e-27
3.404078464826371e-36
1.7600659181419217e-15
3.5326720937197076e-10
1.8275604581935294e-20
6.588630100740777e-08
3.3435274219994503e-21
8.484682984157007e-16
1.6044634296486974e-38
7.432671557782926e-23
4.942253200701674e-19
3.859648887279256e-11
9.100989220690407e-19
5.064905126733841e-19
5.593719731143804e-14
6.659970103606368e-17
1.630985880581968e-17
2.2763260235089132e-17
3.0872412989414404e-15
5.669245734031822e-06
1.3458960809197528e-13
3.4825162693154778e-12
4.214882610804308e-18
1.256938130949322e-17
7.490433426776873e-16
9.918175103611286e-27
1.0956082917949552e-29
1.7367972245336487e-10
5.937232817301283e-25
1.6593215868353345e-26
4.963250880541229e-21
2.897318373857786e-22
5.273372143837661e-12
3.33135717014143e-38
1.2936019387826764e-12
1.7954922868755722e-20
1.6946826325232523e-13
1.03211258822769e-12
6.732523509552172e-17
1.3960406334512142e-17
3.7935553319968603e-16
4.437564073318309e-20
1.3604989992528254e-61
5.8124794156570725e-15
4.563300122467751e-11
5.82184893926399e-12
5.661295635079551e-71
1.5264091199604002e-08
8.143211821192948e-17
1.4666628939000563e-15
2.937644888905266e-23
4.083318423689116e-17
2.516875317181948e-24
6.50952206583937e-23
9.780149950956888e-15
3.1465154070287446e-31
6.6187375469391516e-18
4.819310340000474e-17
3.756941509254253e-42
3.504424058900751e-18
3.0338743319156213e-44
2.8232204173448498e-08
1.2497159736456232e-45
8.694947411505019e-18
4.27631783117544e-31
7.043706590023091e-18
1.059979798438703e-17
2.381743634178073e-17
7.809324152602895e-66
7.018822071460192e-67
9.821213642904578e-22
5.980919612635443e-29
1.0361971654269278e-15
5.917990781369083e-13
8.32866125478616e-26
2.1664534517857254e-10
8.546216850886613e-22
1.3120134302781675e-08
3.21386214071263e-30
2.2336206150736948e-95
9.772390872584304e-30
2.2540798718328748e-24
8.919887519870082e-30
4.704361519245709e-20
1.1177998141966127e-54
3.741577524819142e-16
3.40083130899041e-24
1.4621033109416652e-26
8.330427988091586e-21
4.21025111313219e-24
2.9948335905177865e-34
4.484348755190243e-27
1.4485899478314535e-16
6.861028908610998e-08
1.676816061121702e-13
1.794335959158466e-15
6.451678477818364e-30
1.6024434259722284e-16
1.050045472085044e-23
8.019207891226213e-12
1.6261921976612082e-21
1.7761434427122632e-22
2.411654954802896e-16
4.491760902267369e-29
3.6972223650200637e-19
2.7380999977778323e-27
5.510095662318113e-99
1.7474411686226684e-15
5.686340666428269e-26
3.189812344399402e-14
9.35205784361102e-29
9.685848638466598e-20
9.348914189909062e-20
1.414613333270628e-17
1.59302940567521e-73
2.2615563085208435e-14
8.329082440050733e-23
1.6918387356199528e-25
1.0444756326801792e-35
2.4712387729599865e-19
0.00015575219070872864
5.011937972729673e-31
6.809862135635933e-32
3.167163270021144e-81
6.62883326855831e-08
5.976805854726325e-69
2.397512930207168e-11
8.856570506641745e-67
7.946237526740294e-19
8.417911185431063e-20
2.0542699644092438e-19
1.382447849652033e-11
8.142408651318658e-20
6.642218494606301e-17
2.7189772212076937e-89
2.9327527596805544e-15
2.1495698067199604e-21
2.590588070267317e-10
4.725978152427555e-11
4.560591253083111e-16
1.8290413226732236e-17
2.2160981461460062e-08
4.730219824116633e-21
5.109227271048558e-16
5.190742412797964e-13
4.777555943066837e-21
2.926778635077233e-13
3.531673982922312e-66
2.2816994633749302e-14
1.9926738051686568e-11
6.242029159455785e-15
1.7688259561132298e-25
7.703908433086199e-15
7.64062767134982e-16
1.2966774344901786e-13
1.5538655424712238e-18
1.917607862828074e-06
1.5971388761641884e-14
2.0333825267372365e-13
2.597569875515462e-23
2.1754635968496586e-81
1.9036400221153195e-16
3.1215459294361066e-65
5.358003095492842e-24
6.116794276846821e-11
1.0506361722389412e-22
5.080084816525126e-13
1.2438595889606577e-12
5.944375992147299e-27
6.830241246489339e-33
4.588632897545971e-20
1.7799180982755025e-19
5.777742427686708e-20
9.336819014673003e-28
2.041881995204271e-08
3.714254396183161e-14
1.7000835160000061e-19
1.039127781521625e-14
1.0660890644560355e-21
6.796279052477986e-18
1.0687998212478815e-16
3.9536603142135653e-22
6.927802520109912e-15
5.204333993678181e-45
7.201664758508373e-09
1.763174776409107e-25
7.637393144954285e-18
9.276626699842992e-17
2.4220939802768607e-26
6.126712319488566e-18
2.7019128910400967e-17
4.460025038558015e-06
4.412942868969222e-15
6.074763019602853e-16
9.563650014230339e-24
2.8317478512642355e-73
2.0171110908921316e-09
5.685843019091082e-10
4.0994096415814704e-25
1.2201884924895102e-11
2.528697363881739e-18
5.639026949618033e-23
1.4286623905190952e-91
3.988489515240668e-19
1.2992772141167741e-48
2.273482274212995e-19
3.3982133518967407e-25
2.3849100339341787e-19
5.435453570765109e-12
2.417901678096327e-05
3.442164437402349e-14
1.2020661090406387e-27
1.407499513637831e-21
1.4465221390925964e-39
3.8294653112645395e-14
5.683801008400787e-22
1.1460236109439393e-25
7.679690947490949e-21
1.7482928247024731e-78
8.588071928278041e-20
1.1167221786374473e-19
8.518040414823396e-19
1.3575435077498956e-14
2.568181550870103e-22
3.144745815719544e-31
3.514731051592704e-17
4.962546288035736e-82
8.764861418374093e-28
1.8370573582610927e-11
5.928481362470096e-22
1.2652512565721242e-10
8.833463455078274e-18
4.065511329835955e-13
1.6987154522670253e-27
1.289539021642976e-73
1.370647845373155e-23
1.5543795109066735e-38
7.118018765634044e-22
1.4768705546952232e-16
4.608744321308916e-20
4.567087808741313e-08
8.112848927985865e-37
6.9498119360932935e-65
7.604175280667353e-09
1.1510880648043119e-15
2.5508468747922253e-33
1.3952820162615299e-08
1.0989144535825832e-11
7.39615265926347e-17
1.8247707619378353e-69
7.309674398932963e-32
2.803901794786386e-25
4.294431612222909e-74
9.191379352173417e-08
2.295551417189412e-14
1.7695035941804272e-11
5.518263702438386e-82
1.3785902647683067e-81
7.720938725900541e-11
4.2805697091068394e-11
6.291749761532465e-22
2.1437794845804283e-19
2.237705346095076e-21
1.228758901483445e-12
1.264090559780489e-16
6.218343252380504e-19
4.272959352840794e-20
8.848200348700092e-22
1.4624811719887701e-27
3.926689049216806e-21
8.733108071467097e-12
3.424169823366199e-23
1.547465581314517e-11
3.592473021678055e-14
9.07606663633321e-89
3.5213779753266823e-12
3.5242659372430134e-16
2.523047826193664e-90
1.0272647175570295e-19
3.6785276856180144e-57
8.805094612803729e-18
4.2960674641234174e-16
8.88738422421604e-66
7.720612318221469e-14
1.0820969292148175e-15
9.22020884045956e-13
7.339794284467918e-14
3.7016506958739604e-23
1.235479645610566e-10
8.508635819421068e-26
3.176654714608824e-92
3.9164622459897054e-19
5.884198580109861e-86
3.573885746328395e-19
3.2925582000835194e-15
1.738893701800711e-09
1.1278696407922502e-14
1.6051932305527317e-20
1.1579335809787499e-09
3.625319616720694e-30
1.5187343511807267e-77
1.2311144875035878e-29
8.978438175373291e-45
0.000646783086689874
5.376157311180856e-21
4.735010960778879e-25
2.7402229694461384e-15
1.8542515107438985e-07
5.592153921012184e-14
2.8583871729000504e-26
2.8417421903590923e-08
8.568583995971522e-97
7.111002023774208e-91
3.889440249163302e-23
4.36353676393548e-09
3.1650486361166336e-22
7.165181141333226e-15
3.693011882192794e-16
3.749289700067275e-80
3.517276327363246e-14
6.374989481031939e-14
5.825587373538056e-25
1.6772136545524767e-83
6.313892047456067e-27
1.6261822049486178e-21
5.068906028727623e-84
1.13033863883931e-16
6.29095932098016e-14
2.1375424337046896e-16
4.276634916635874e-16
5.307238219848114e-14
1.7358300905359715e-21
3.4102232540681e-20
2.894416589556868e-15
4.300711337883747e-22
7.832548473308873e-25
6.229088015955182e-18
7.555545824094094e-19
4.241551082815258e-25
3.1649545377126134e-21
3.2041705828364326e-26
6.246541954306469e-18
5.218333763607686e-19
5.2872947165699406e-14
3.5960979469088355e-19
2.0405028884973084e-65
2.9950322942262443e-18
5.315989535277156e-07
1.0645592134724536e-10
1.2889150368123344e-29
4.7721031250876066e-21
2.7029714566965225e-37
3.111719198545818e-24
9.70486049847659e-24
5.850850443962027e-12
2.4547397287896863e-17
4.1357505995372235e-25
1.9488595331993656e-24
3.482439864109539e-22
8.370072643285238e-26
9.622911478093432e-28
8.863849321067413e-15
1.4585736422209548e-16
1.0286346549774854e-14
3.2935275795815516e-27
9.841155228141701e-29
1.022820228860383e-14
1.9133990851109795e-30
5.346947090499059e-23
1.5527145078475385e-20
1.6590653357932632e-38
2.4192887862989317e-10
1.7654911270391795e-16
4.896152600905385e-32
4.3739360094713627e-13
1.1268476567326691e-17
1.0712423276088038e-97
8.221737746724128e-90
2.056461530499458e-86
1.5489650705426948e-80
3.0604756353129926e-11
1.6313053738511994e-85
1.5455059286446486e-97
1.2734705288973047e-16
4.0331840987602557e-22
5.072049948937525e-13
8.479234122088094e-13
1.153669017771329e-14
2.051574088218248e-06
6.09750059307195e-17
2.0262460209034663e-30
8.665206555190147e-11
4.400027104187685e-19
1.2925812882659448e-25
1.1408783450992782e-15
8.59971498347864e-21
1.6809980372988944e-05
3.972322212822962e-20
4.139437459202434e-24
1.4398556500474082e-16
7.198432683493968e-15
1.1184701602025393e-27
4.580704239772235e-16
1.3783482568687316e-66
7.090841357213221e-17
3.480416684797821e-15
5.033885573561589e-08
6.916238257031736e-14
3.175963127862461e-11
5.3128535019529346e-18
2.333737217371057e-19
3.390511168444106e-08
9.872131856039842e-14
1.5525073428596182e-09
1.6301957170126848e-76
3.079860762951818e-22
3.851363097001652e-26
7.420266371828847e-15
3.2147605960532133e-35
2.0030839564090753e-13
1.2105546587893207e-16
3.267563536707149e-24
1.3248925053598732e-16
4.260423113189991e-18
5.117852884043563e-34
2.2744427503383675e-26
1.3240013102923585e-21
2.688193745935149e-13
3.767258320701243e-30
0.00018193426131281505
5.145128449885364e-10
4.2114045514147137e-07
4.0343040479456655e-74
6.006819969100452e-72
5.948414883488726e-57
1.6994144637863316e-12
1.8673612827564082e-20
3.898470971508994e-06
7.910927279334881e-14
1.7576542107206994e-22
2.4130396927622506e-12
1.3834180917720735e-15
3.0788059864790476e-16
1.0249445811086082e-22
3.104230917594199e-82
1.7926209053646143e-17
5.609467876060013e-20
4.42604237069632e-20
2.403602735417904e-16
1.1228081339751683e-24
5.0100469283815395e-19
2.3245179543746153e-12
5.688964514637612e-16
7.765740540138078e-25
1.646072631961334e-05
1.2751130842503042e-17
2.609952683521391e-13
0.00037017693363855915
6.523428069285738e-13
1.171284520908558e-23
3.672102098376295e-16
3.256854080386108e-81
5.666596251469835e-06
2.0542564001641532e-85
5.783512324732278e-10
5.863451693246129e-12
3.7239635194465015e-19
3.232586086773645e-13
2.0420833735128995e-16
3.4041351872524533e-10
3.59281773387206e-42
1.3003324452276745e-61
2.986557544370024e-28
4.1339698237980654e-32
5.886446611451293e-16
4.4248851005219945e-29
1.4809591168321473e-28
5.759529474669761e-12
1.711756313964801e-20
2.8158825620241996e-83
1.2067089511956765e-19
2.140296050012545e-30
2.5277127743668915e-10
2.242903448264466e-33
6.506445016172384e-12
2.3909640540450247e-19
6.97398908337442e-14
1.3140425996438054e-18
8.015966507229909e-14
1.250448715525577e-19
2.394690056561988e-17
2.4635261068210463e-20
2.256390806880608e-10
4.836131489718258e-22
7.4105590824689e-24
9.202675973068806e-20
1.9905082567337275e-17
1.9783484137906905e-09
1.7630495551883016e-19
7.67565385711228e-25
2.0763157050523254e-19
9.647883987243537e-22
3.55145745918526e-20
2.2486963214313187e-11
2.2547283902619778e-20
2.4249144153574457e-10
4.867770899976993e-49
9.81173448438196e-16
1.0719774381967217e-41
9.296347917680027e-74
1.0224210802528103e-18
2.2264644696452788e-20
1.1720147749666207e-87
2.010535747363833e-21
2.3196509018563555e-12
3.1295422447507525e-13
4.0065532770620163e-78
2.9846147928417187e-20
3.202871105827109e-14
2.6552002509916666e-23
1.8832439204439595e-18
4.330365648879706e-10
7.504266111861885e-71
4.588133468965712e-13
2.6906019912486528e-14
6.004743676982085e-14
3.287673322099006e-83
6.823447120958443e-24
9.164568885885664e-16
2.8599911368198518e-08
1.1491641655852472e-82
2.057745891609236e-16
1.1669778970378737e-16
8.836038146188293e-12
1.8374052625071957e-19
2.389749823975355e-13
1.584140388807671e-16
1.407546815764533e-07
3.628240434657682e-14
1.0042103770411254e-14
8.52512347940917e-33
3.812795770470518e-17
3.7597742716688214e-27
3.7583150680535542e-16
1.6479076088842318e-18
1.604412074480598e-20
8.628751492862144e-10
6.197179402471824e-10
7.593907411571128e-55
2.0328180755983825e-19
1.6998416842310193e-18
2.340016364598749e-16
2.966422420998589e-20
8.782582832014572e-17
1.7414228478049028e-19
2.036666350241101e-11
2.8815606823827758e-30
1.4965031483815617e-15
1.5858037607058593e-10
1.8983790936956063e-16
1.839077632454366e-16
6.340769770111387e-12
5.017393120025523e-29
7.10041130859539e-19
6.007246654679069e-15
3.4845102581359988e-102
1.683401687703154e-50
8.915734774418003e-25
2.128598743267748e-26
1.951772840299839e-11
6.862140266865357e-49
2.5439213524499845e-14
4.246846257393032e-33
6.693758241834406e-17
7.5683359643928585e-16
2.138703271431006e-23
5.8573208101572275e-81
1.832258571117546e-27
4.393756454561978e-15
3.558642233496651e-22
6.976761071486138e-09
9.870485308839836e-27
5.195291653486514e-21
2.010797379619725e-15
1.3839255197227493e-13
1.918711674938689e-85
3.598883552588565e-70
1.6839034787966676e-20
4.357359619058077e-76
4.4888619745277773e-13
7.04088180460171e-14
1.0143365750240192e-09
2.0670638316072554e-26
2.150814195268557e-18
1.201203926108314e-11
2.3766071333941233e-11
5.142796362700017e-15
1.902362605841024e-11
2.3079432282618305e-72
6.206823542730886e-18
1.8479302954026496e-23
1.825073726796084e-79
2.4891028736238551e-23
2.5964087905282387e-22
0.027389588230302908
5.028573552477081e-14
3.9718612806541474e-11
8.371257372066128e-06
7.04545142079915e-28
1.011843501695963e-09
4.6505596979974546e-18
1.4219291279649384e-21
1.3311659130237739e-09
1.4929657361836917e-13
1.267493878485324e-88
1.791343342313972e-33
6.10033062153798e-75
1.3510054096951494e-26
2.4342709683383625e-26
2.5773046174510887e-34
1.0779462219951403e-08
1.0109304168123932e-21
2.2900465449756644e-18
4.326876404166588e-33
1.8340909837029294e-70
1.574986143000081e-35
1.0670173282712558e-09
2.2472942341043636e-12
1.2820394867442503e-13
2.1058874216102614e-30
2.014303204549633e-31
9.679094235757328e-22
3.7279849173889043e-23
1.0515391635940558e-13
2.0176278237164046e-16
6.160823656998446e-16
1.652472339715919e-36
3.6815607176650044e-25
3.3171509290321257e-25
1.4067787985526308e-28
1.8272420733509924e-24
2.7946328724392495e-15
6.165286573232033e-07
1.9939380406524283e-14
5.224234368546623e-15
8.8557762682929e-27
1.792646386903219e-20
2.6594448296658576e-18
3.145556266718886e-11
1.7867582725539324e-77
1.2233198577803275e-07
6.51029893988668e-14
3.222307351308739e-27
8.71643113507938e-25
1.263960529515262e-13
4.29787502778969e-07
4.588619635975473e-27
1.3366763917391932e-13
6.656850100815472e-19
8.966765039577915e-12
4.464711989435692e-16
1.024304985376517e-09
9.218505387456369e-11
7.348561736379752e-17
1.1806366414543182e-30
5.57165643408591e-29
6.791386256334418e-20
2.387763448091704e-10
3.1785089212035596e-17
5.62039683977496e-12
2.5832593541422933e-24
5.49069071661573e-14
6.697824057911554e-22
3.8644991947548214e-11
7.399134611385275e-21
4.4603263898180124e-21
7.112632503748427e-20
5.998951903438811e-20
2.6884489071164767e-28
1.112486867484622e-16
6.460682300748159e-12
9.836155924347757e-19
9.404039258058476e-22
2.083547508930345e-27
1.6169692430025378e-24
4.505755746084146e-16
2.324748793150262e-70
2.3729567623308983e-09
6.586490801755893e-20
5.933002171110017e-52
1.0391296729972719e-09
8.464118389969843e-27
1.584362578647326e-22
5.929119224164368e-15
1.8145450250951352e-12
4.259837787293749e-22
8.045400529440466e-16
2.4282795132980706e-91
9.608482767956018e-18
1.2629233472028486e-16
7.136268912714283e-72
1.944479309333191e-95
1.402956197005132e-11
1.6055858278773338e-14
2.0759225805766716e-13
3.108521508147015e-22
1.3161470580361458e-25
1.2132141753426086e-17
6.472333758111057e-33
1.6462108883199804e-18
1.4136759252857396e-19
1.2199395595870263e-18
4.861231770209165e-19
9.855606744508913e-32
5.558918292368465e-16
2.593053139518322e-28
1.7359171971792314e-22
4.090072858310142e-23
7.233464907159147e-15
1.1139234694694103e-96
1.487983365284627e-28
4.2655214660057745e-15
8.979360019499069e-22
4.732750843569109e-15
1.2627753843827348e-28
1.938638287285469e-15
4.876809236416456e-31
7.017264651449536e-08
6.194108719799091e-84
5.618127771352533e-10
2.328731764399555e-70
9.188413763482596e-77
9.330979935381588e-11
5.597214766216855e-19
2.4473078211783906e-14
1.9922913041796335e-12
6.557051461752176e-13
4.0903602788741526e-13
2.1137484987971664e-22
2.6776889709084906e-15
8.738376127725192e-83
5.113645033049065e-12
1.8816069904532097e-24
1.4391565698722293e-13
8.028340979880092e-24
2.1965523003447818e-11
1.7454189922869822e-58
6.176045437068116e-14
3.1422262598038236e-74
6.060171864993135e-20
4.0029108828185614e-19
1.1507772818991643e-10
2.1756704693365183e-24
1.2196477398517312e-23
8.294911283296236e-12
2.2007439626313613e-77
1.0028151657977367e-13
3.2960569530803555e-07
2.5564971694627897e-13
4.975623097962199e-21
1.0769454411538051e-19
4.206714557155116e-30
8.056598449452051e-18
1.1418443068343092e-22
1.0118295554542591e-17
6.753932383916176e-50
5.061344389539366e-21
9.264568830445784e-27
1.6541832129864722e-08
1.2833243127541049e-27
1.819885146694302e-60
3.028286389111758e-18
8.919372795314954e-18
5.680496543104952e-16
1.1134047549855115e-18
2.5388442324801313e-87
8.210423761572031e-13
9.240726782732645e-20
1.1030457215557096e-31
1.856175988460475e-15
2.5756568850562825e-19
2.842064846660348e-11
2.649033211819528e-25
1.890886235132059e-23
3.845701838204618e-27
3.295903181628572e-09
2.9724153996631884e-19
2.248049449399073e-13
3.896684237958411e-67
2.1486214104223254e-20
3.0765314656834365e-18
2.0310054015343276e-09
4.0351620423825156e-23
2.631232312318055e-29
5.691268903232265e-62
5.3751756543434056e-36
7.078082159309606e-14
2.036376416493045e-27
1.046240314849087e-18
5.754492794101999e-18
9.006345961744195e-11
1.8724134514738756e-18
1.4906645942068823e-10
1.3307259963066116e-11
2.4572759760322727e-18
8.554418938465016e-88
2.5232179454191283e-08
8.546380255020456e-14
3.4775502230702855e-33
1.1629126829408019e-16
1.3008309116694635e-33
5.589973084883886e-15
4.2564519924362215e-58
4.509268652487567e-16
3.695516481784421e-18
1.8833660516548133e-19
5.770222046585917e-32
1.4420729855925522e-25
1.5672202339694108e-05
1.248462230008955e-12
1.5970214405242273e-24
4.435438047501854e-32
4.959889659031153e-24
3.40332562076776e-102
1.981122777511085e-11
7.414082183614391e-09
1.4302376836743878e-39
1.3440776178044966e-28
1.849268748660459e-14
3.9566800299650614e-73
1.3728268949072786e-07
3.02569900103622e-20
1.3040932287553084e-18
2.707272341813754e-23
3.065666232335412e-24
5.269191442297659e-15
8.753176335896301e-15
8.023873745139826e-54
1.0468623354904254e-25
6.144739342578675e-17
3.010160457159082e-95
2.526978234230459e-72
2.148986890356148e-13
3.0111480568987746e-21
4.149353944879197e-25
1.0241245452815563e-11
3.956136971751189e-22
1.0085399862389223e-06
1.0347517165166128e-09
1.7672522381006065e-14
1.1886712482025463e-33
4.084152892532619e-12
1.7975234585267556e-10
2.7062408789086233e-13
4.574153366554471e-14
1.0037816457710043e-96
1.040807247333e-10
1.4184710151585974e-82
8.755163882198112e-17
7.265265592154369e-18
3.8608124570952364e-72
4.15244997583053e-15
2.775568397457164e-20
8.698066111071743e-11
1.0454449731530146e-19
1.7397787008333694e-19
4.1856383403018575e-27
1.284394530954498e-19
2.078099394496862e-12
6.084285002221505e-26
6.490656696157496e-26
3.4486064042098347e-14
2.3049460786685044e-10
9.402772379338736e-27
4.5520270488636e-40
5.021328057030362e-13
2.5754428627651235e-71
3.894254053484079e-13
9.2909825909006e-69
5.0772893000623874e-11
9.119081893664134e-13
1.2409765240254518e-36
2.238129703230005e-13
1.138260485913122e-64
7.466915698545429e-23
2.0741591164167263e-26
2.8575129727731756e-72
1.2220455114414243e-26
1.2855238790317322e-29
1.1707399125409189e-92
9.49427880813802e-25
1.2107590350320076e-16
3.8777947979026886e-11
1.388399583040255e-39
5.336949915968796e-22
3.896109264673968e-15
1.1473099686438151e-17
2.305395019875729e-14
1.093864109925597e-28
2.140961988289548e-25
1.5099725953378716e-16
9.938901953076156e-17
3.9112416851675137e-11
2.3037451793502697e-36
4.6785162246278514e-14
4.180292879311657e-18
3.759387236769015e-23
3.4611577980235013e-12
3.3822996873861814e-15
6.213332862441681e-79
2.3851547555210135e-15
6.340268206199399e-18
2.069263258662158e-61
2.5709318566067286e-66
3.02337450205694e-09
1.544377083877908e-14
2.9416993966216168e-21
1.895020725769854e-16
5.3598310843995965e-24
2.7826327262707865e-16
3.739762849234354e-91
0.0012029017066063838
3.3075557084358138e-65
5.071648099424963e-06
1.0078649388174797e-12
1.3444468167126997e-75
7.204909478756366e-08
1.1836397307623598e-26
1.3342716512258678e-20
4.484231873057913e-18
4.32711144243418e-15
2.4202397512559155e-29
5.256603376844973e-16
1.071716129676643e-05
1.5691873921871298e-59
9.792746878448585e-12
1.838914321109627e-14
6.012768610305077e-26
1.525261774921493e-27
6.064596370646905e-07
3.3315174622723357e-11
2.0962445072751308e-87
1.0863837921552869e-30
4.62752396809913e-09
1.1047241403550309e-23
1.3976614935225858e-94
1.7099935102639643e-92
2.649387386859914e-19
4.156641008890404e-18
3.553004769087447e-09
7.782445684519259e-07
6.7490420682316e-32
5.920887096120449e-21
2.229166765920967e-40
7.890181748016418e-24
6.728285981103577e-14
5.105142928480277e-07
8.544538747074815e-20
3.8962460902148435e-21
2.761534515964473e-19
1.0872338187940264e-19
5.949163443380231e-14
9.407457488354705e-11
6.408795724287374e-15
4.257917752907963e-20
2.6623352415586435e-22
3.430781309882824e-16
8.818277811720475e-10
9.050645381503998e-16
2.094587837114262e-20
1.4336149775593857e-31
5.222299024732216e-17
1.742636623873326e-07
1.0685021178290914e-24
5.67847918230673e-21
7.016167262174279e-13
7.019056436871141e-11
4.1701648573438716e-16
7.767114252462386e-21
1.0413709231937555e-21
1.6924373649611838e-14
2.4150524023591614e-19
6.364803319376948e-29
2.918162128723197e-14
3.4017006348250365e-13
2.674575553099509e-16
2.5869379618633575e-16
1.5888219760688514e-23
8.180975305525457e-15
7.808331379164263e-16
1.0912013954611283e-15
2.058497040826567e-16
6.033361581492727e-19
3.938774620249241e-51
1.6346258609635232e-13
1.6347271981417125e-17
2.34742187263505e-12
3.3259989282070957e-15
4.1209967365261296e-22
2.8892613368411895e-50
1.2172023169020416e-25
3.269354043156395e-09
2.7793565015980757e-16
2.595594925862736e-15
1.4640901745054257e-28
1.0524560609482072e-10
7.4754803828434685e-84
2.0120796007381422e-16
1.131913045577144e-25
7.786398230740504e-42
1.6219833236697968e-23
9.018962995663205e-14
1.2765361940261875e-77
1.4087670674178733e-14
3.026799390113136e-19
2.3999560305483944e-24
2.802819115593934e-45
8.830449572760376e-30
2.146517553739225e-16
1.566010359649308e-18
5.7006280357739234e-33
3.726371479192757e-26
7.552804594214293e-44
5.93974434857583e-99
1.8918855445064933e-16
1.9724660821321436e-27
1.311497760176019e-12
7.187451961139962e-23
5.502725609919542e-14
6.156768076101833e-32
1.3669225086475586e-20
1.0014342549041584e-19
4.976246008191193e-14
4.0890079868777074e-35
4.070525088814226e-26
1.6915971760065062e-30
2.3799126072928964e-39
2.286289670210494e-52
9.433106145442916e-16
2.795701315352134e-17
4.3005800300880304e-73
7.099429086285464e-12
7.971472080586486e-17
1.2398784383147268e-20
1.3565376616912395e-13
8.95383027534517e-28
9.11026859935502e-86
7.172667047214227e-13
7.015416262356924e-12
2.2876628027121195e-13
3.826665111594809e-70
1.7869555471901467e-17
1.2836070925848833e-20
3.797328502718797e-21
5.771724342084797e-27
3.2530182407776185e-18
3.191816123343465e-11
8.392852051884416e-26
3.3205083138261686e-06
3.2013212659830325e-33
1.4713540599798162e-89
2.1746945912324517e-13
6.629225955753461e-22
2.084006193139091e-74
6.075535608357983e-20
1.126863989424494e-13
1.2281859066857866e-15
2.5861186435376773e-15
1.7967681059903095e-14
5.735342422034355e-17
1.0870879220795942e-23
2.5789528198368754e-13
6.693764560662392e-14
3.288964353656259e-20
1.633181170757774e-19
5.025906542656206e-17
2.8217515907107075e-13
1.9935857918846672e-16
1.5460218841305988e-21
5.075405905488601e-87
2.985097527040503e-20
7.190633306660968e-24
7.318981511091052e-20
2.8513265457272256e-17
7.426136831790404e-25
3.244327593338087e-29
4.7604396784964543e-23
3.294413737594324e-22
9.098199824298528e-19
2.3182352301697666e-08
7.361907286377368e-12
5.3548071675258104e-20
6.0314862484320145e-09
5.725023076649949e-17
4.0553094401177605e-14
3.667902422820675e-38
2.0759060955305943e-14
1.3269572847700174e-75
3.8848960036026706e-13
7.184288602003884e-82
8.45322573655443e-82
8.598220712701447e-11
4.187395780924486e-89
9.335959547199824e-15
1.6098818062227442e-19
5.170507545773181e-75
4.052549810030665e-29
1.674144046231678e-20
1.384268718187876e-11
2.046090046554673e-17
6.398904298354146e-73
5.3657743791176214e-20
6.564549928499522e-20
5.505981002378984e-20
4.840693129894436e-28
1.6639587398223063e-14
1.0169055556645146e-27
7.47481609068325e-15
1.3178832004269376e-20
2.8525472260329982e-37
1.0979473142131328e-69
3.757055812485619e-15
1.0870371409194794e-21
7.687326793680007e-23
2.3491082313902153e-26
9.196395526327804e-13
2.299356671074501e-09
2.611438288563987e-17
1.5489401352552616e-12
2.2114201439033327e-46
4.934362611946544e-19
1.664421469857072e-35
7.085521499076424e-36
1.6516612048293212e-17
1.0704275669497141e-23
2.285147498470243e-20
2.8549796201189717e-09
5.783984605471611e-18
7.287241388608473e-32
1.5656321048700132e-10
2.3500673999511403e-81
7.536944089943757e-75
7.912785873148551e-18
3.144898243974021e-63
2.5420463803103186e-29
8.269360363740422e-24
2.297894581782252e-92
1.8942398631410274e-17
1.0683125820028313e-20
1.0910985523598017e-19
8.660787282877307e-19
1.5387209233175242e-23
1.0706892140189882e-22
3.943566331410562e-15
4.811339470465692e-17
3.1381644200602096e-77
2.9385963614086403e-75
1.0667311603448064e-10
1.2949854569317488e-09
1.7209777068486876e-23
4.1565999539613406e-13
3.739396166490667e-19
1.6790865032636083e-10
6.824012863487202e-18
2.5173138006167726e-25
1.1373533749307755e-16
6.919120651454991e-71
7.0996742592728e-18
3.693152422618277e-18
1.99468238576134e-76
8.16327203272476e-15
1.7498690002615478e-14
1.680876708780012e-80
5.5116001620282204e-27
5.999759116250178e-23
7.892847559692593e-12
5.927723273075596e-22
4.861365681562508e-12
1.2744046933471376e-10
1.302250833146269e-81
3.410409113295038e-20
5.180486291043351e-13
2.5542662499959173e-20
9.904528300811275e-12
2.4572038761834525e-13
3.527379982125093e-77
1.2673229672012943e-17
2.4431296866701626e-09
1.7019959953159707e-76
2.4585373257132984e-13
1.5617358502177062e-20
1.6185143811192716e-11
8.680373998428621e-19
4.232135951737873e-20
2.059010949850062e-24
7.207828045057098e-15
3.8914448123235676e-24
6.78374959177464e-17
1.4256251785487296e-08
4.2676866872085383e-10
7.694847676944053e-25
1.1681343530095475e-53
2.656681263722644e-07
2.0655759305802783e-18
7.28318316538946e-17
1.1317717318712445e-14
8.521803101055145e-24
5.975200469469852e-20
3.7398450885753143e-17
2.324146595723377e-19
5.574243611080577e-75
3.5180294432983415e-07
1.5709619750925198e-43
3.0790266627846814e-26
1.3336525163116847e-30
1.2602329622005918e-97
9.860706762140607e-28
1.533439170206431e-13
6.139352301426423e-29
1.8043660097179545e-32
4.255099459962577e-11
4.255268721618562e-20
7.795950111926572e-21
7.567943794790177e-21
5.648287732658503e-77
6.617768180626772e-24
1.9976921101914346e-16
3.109309573136847e-66
2.1540685439066196e-82
1.2383543052513372e-14
8.638830861188694e-80
1.1539689729584026e-11
7.379830489386275e-20
0.00021740618103724017
2.182792538380566e-11
2.948572818622084e-06
2.6045664658091097e-07
1.7712614541513282e-14
5.327573773707411e-23
1.67724904537406e-11
1.5338646475538725e-24
1.0308296568165278e-29
6.783227381080028e-21
3.6060314433895635e-23
4.086501888369389e-15
7.137827700472711e-17
3.1251510655429723e-29
4.113561942666395e-39
5.359563477472854e-26
5.63314939212335e-20
5.914629501732264e-29
7.442152380649984e-25
3.717990610074657e-21
3.902557298054664e-69
6.00333721828804e-17
4.775511084659641e-16
6.114362554891549e-41
8.29393042674137e-19
6.354239790875811e-13
2.5689884882336644e-27
1.402132152669041e-21
1.644418400478024e-32
2.479299168336598e-17
3.5534164071164063e-07
1.46515042151059e-11
6.865575394940832e-23
6.686607735596738e-15
3.4540803462291887e-18
1.68107336990453e-64
2.6610269453274153e-09
1.9835594262153237e-20
8.524268970661076e-13
2.3387796233610388e-26
1.5215916340996265e-26
5.259748184361659e-07
1.4586480602118728e-17
5.255234400687469e-28
3.822050232243067e-61
1.9764114190737485e-19
1.3559776353765694e-30
1.346557152922659e-11
1.2744431410503782e-17
4.8324806933153604e-12
1.9283237528816698e-56
8.610395422218665e-26
1.0416100921650607e-18
4.98907259694765e-16
2.8191938933155e-71
4.469170205620684e-15
1.3274429719364658e-28
7.271458838609138e-20
3.141334572583928e-09
6.299744349435407e-11
7.478985422801165e-55
7.0964943343853494e-12
2.083650260243035e-49
5.6541447307657325e-11
2.159323395171762e-74
1.0564079823044447e-16
1.9334117146792398e-13
9.179483682210936e-27
8.127678510818273e-17
7.201051555888667e-13
6.7592469790230385e-31
2.695592931758871e-74
5.2791819123991645e-14
8.388598311682458e-39
4.5409142194950695e-20
1.2801597018044324e-18
1.8301522820340887e-10
4.3856598702290974e-15
6.394823758247185e-09
2.9141156286839687e-75
1.179988816837449e-12
1.2663998186935026e-15
1.1932183360961471e-20
2.2196023923382783e-14
4.681693167842825e-33
2.8837076155804686e-32
1.2634583972176937e-22
1.0077160780795481e-25
6.788044499670942e-18
2.696068785367945e-24
6.143214936976739e-12
2.781120548093096e-49
1.691526845687313e-87
6.083433755584036e-12
5.690779521494575e-17
2.0274093138327255e-10
2.9507671155739953e-13
4.307531090316021e-23
1.0407256673332979e-17
7.060518265607463e-76
2.142148582245264e-25
6.138977576908169e-89
9.632436425138368e-37
6.814962385466894e-08
1.8777772463554336e-22
1.4173235837902726e-73
1.9235027075766766e-29
3.793392566234775e-27
1.1724831586940492e-21
7.584837957096211e-27
5.063067405373188e-28
1.6315211070753504e-20
1.3857570054056623e-10
6.64898997732694e-34
5.556367348862941e-15
2.895829879716018e-25
2.939944381530036e-48
7.678568802192339e-14
8.076044813101601e-24
1.573171577070785e-17
1.6846433646077904e-12
1.8414112445903036e-10
1.9948928665874868e-32
4.082634144211199e-13
2.804545982466312e-28
1.2580997146945955e-93
1.9537436226883542e-28
5.243004209465716e-17
6.580896286154535e-08
2.222876639865021e-25
9.36888806869716e-32
1.959085653238263e-09
2.3942024281524403e-41
3.7025362218061135e-17
1.7400129942048003e-18
4.422495065053093e-25
4.1588416590329336e-43
6.129204051066491e-22
8.635972121811441e-95
4.9286916895057805e-18
1.846158664800826e-40
8.08928982994811e-10
8.509685865944274e-86
6.858308024029522e-21
1.1898467572935527e-07
1.1483216416146315e-14
3.314445918532608e-24
7.008317236148467e-14
7.270938598028951e-69
2.079634900687943e-06
1.0353366360342152e-30
4.294906023187336e-08
6.688068404157176e-22
7.346936288845409e-75
9.245771142413125e-10
1.1673322698105354e-14
3.37074139827002e-14
3.8987491789253843e-13
6.639577598531523e-12
3.913184486364325e-18
2.3889544833476583e-08
1.7048907649234638e-11
9.371674928832462e-73
6.223235800611063e-17
2.45942045758303e-14
1.8266286777610685e-18
5.21924705922085e-18
1.0881461813596494e-13
6.54017619106587e-14
4.5499837189987555e-20
4.53470107440306e-25
3.2335639424475642e-19
8.31937624777172e-25
1.4051396211086654e-28
2.9410410766771463e-16
1.2553343453655952e-12
2.2419369277450523e-20
3.512436198587027e-80
6.182506273936819e-90
9.402844399444936e-17
5.18020911761011e-29
1.462051945132443e-17
1.1178628500307465e-15
8.2349999273699e-29
1.4490900653372332e-18
1.8591612516959016e-15
2.6632934300592773e-13
8.144362196022662e-09
2.1867947427552274e-07
2.962596512159097e-25
1.0679927409691512e-19
1.9708395950074136e-12
4.726499864931352e-18
1.57940884618845e-18
1.463678548813818e-14
3.159860113561439e-87
1.2665011795352683e-12
8.497764543264682e-76
1.3152860826181595e-14
1.4125375769145624e-16
4.016252497601504e-36
8.588639235213727e-14
1.0643605056085058e-09
3.801663870291963e-21
9.524398639371929e-33
4.986146585549624e-18
2.366559073504096e-19
4.480121635555539e-18
6.724741214661063e-11
1.447932849080708e-13
3.3971134050285114e-10
2.673175442500591e-15
2.752416910662866e-29
3.652572198410996e-58
2.3433028411625098e-08
1.0674098863053829e-36
7.411146159140399e-21
2.4885849789476552e-20
1.8738096996954834e-26
9.066126574847973e-22
4.039661568081142e-34
8.939084460938536e-32
3.313645780449859e-25
3.5806648189956326e-15
1.4392973712461863e-19
6.9938552613458084e-09
3.1936461065704802e-71
9.32347533338335e-10
9.936348955973689e-18
3.251978697932186e-16
1.9508248742628417e-20
6.589443836883735e-71
9.399387471518279e-27
3.643304664066988e-06
2.439917035311161e-50
4.361276909886136e-25
2.317977447420442e-22
1.611074721746888e-14
1.5930020350640296e-15
5.8228440077664886e-18
1.2746842241455003e-07
9.95415167487517e-58
4.002859486016011e-12
2.949260088883464e-13
7.28093803179536e-10
4.414075642598114e-28
3.1447528389738414e-10
6.133155051310182e-13
4.383713224237873e-13
2.2758662225525136e-09
2.9552911161235506e-10
4.0403159343291484e-32
2.189549280382584e-27
2.555068356574888e-53
2.390597389655606e-13
1.9773354461967305e-14
1.010692780004727e-15
1.1835245284204048e-15
2.4249367127171327e-07
4.7214344692376587e-66
5.916658814118866e-05
1.0051946946130204e-88
2.567864790673121e-20
1.5982413746579594e-21
2.6446645790562452e-21
1.1471235839049244e-27
1.5354887150054976e-13
1.83556185721267e-17
1.0300270285396396e-22
7.209601167048446e-74
1.3686405674694795e-32
5.4341793010681965e-22
2.491010554901547e-23
2.9327527596805544e-15
6.744858324190249e-91
5.479910034250018e-19
1.6038307390790078e-09
1.0537591530780474e-18
5.533566042564327e-29
3.834380578716089e-10
4.60356703467931e-22
2.1094273197297687e-15
7.614777690857362e-17
4.4787864533044235e-34
5.783888555360065e-20
8.22016950526763e-12
3.2614759152945824e-14
5.912757280738921e-82
1.6791220652111648e-14
7.389489497376161e-18
2.9382089815618587e-12
8.34970191833269e-12
4.332004239694689e-13
5.323018913040684e-06
2.2677663314744492e-10
1.5717553103634898e-20
4.3930016635242824e-20
3.6108364009099326e-27
2.265505158288957e-21
5.6531049773751745e-80
8.656010051270648e-17
1.8771787818158281e-22
6.456598101249675e-15
6.943782835201484e-19
6.048764258977628e-12
1.5866593705903655e-20
2.177529041583285e-22
3.2040347564399964e-22
2.5166000471759738e-20
4.464960730705148e-30
3.200979563011638e-50
3.8281647929535714e-22
1.035082272371162e-15
5.5763662411726636e-24
0.0002312818823821334
2.7553647574098163e-17
6.233677087598557e-19
3.809869857538761e-13
2.0821689661117946e-20
5.57235461457397e-74
3.297696013834821e-19
1.9348359531324982e-21
2.453288101010226e-21
1.4342209531963705e-87
9.8456212893197e-59
1.6491086867929076e-32
7.638120480917623e-21
1.196776598755503e-07
6.391814027836212e-19
1.2539828067021554e-19
4.0093422738819444e-17
3.158792988687811e-13
2.6103963258799883e-22
4.629132627333723e-24
3.9698122055396707e-19
3.150031517183659e-21
1.4766194401491068e-15
1.4778791647829885e-15
1.2984601830789321e-28
1.8506187472115567e-23
1.0723837744203839e-13
1.0826527397070964e-23
3.396070780110819e-16
5.231665515770958e-10
9.33155638272082e-16
1.4621725109391453e-74
3.5226235172741723e-75
4.609503576302778e-73
5.0785725210804346e-18
2.598235565872803e-16
6.642494514938969e-30
3.1089958622152257e-18
1.047945311901655e-65
6.4218459727076736e-18
5.4508344837667565e-12
1.0066380876932096e-28
6.421747502639059e-12
1.2728059627860326e-117
7.369970868329395e-36
3.7979241875629064e-08
1.7279604656961668e-08
1.1049636350144458e-10
5.415032994305799e-28
3.5879029140354486e-30
5.530604883968206e-19
3.4037004363742337e-28
2.455279912378013e-24
5.373825208276035e-23
1.00260215289755e-96
1.372644542094082e-10
7.94211583816852e-12
4.1255716403099806e-36
2.6157497718250628e-23
3.637417528689149e-22
1.5612687339945702e-17
1.9642082315513563e-44
1.228414186569057e-12
1.7344654472358642e-36
2.22128971672324e-08
5.273077681641613e-31
2.6047123408776652e-21
1.5419753602114252e-16
8.3362898303946e-27
5.910376538461645e-17
2.716364352539194e-31
2.520112850582438e-22
9.191451958096058e-11
1.7337237228417525e-26
7.695078019018562e-21
1.1466089875593536e-18
4.1550688397846645e-26
1.4104358343229854e-17
3.673426405104011e-21
4.1370174116216236e-18
4.1551489919740886e-17
7.515732153129748e-15
3.371477456743768e-76
1.9348899371548044e-21
7.547395075696111e-15
4.377179969609018e-90
1.5382564763099874e-41
5.214218671170388e-19
3.710209477271312e-25
5.1383168885924684e-61
4.806951463366523e-10
2.030380909190792e-28
2.6456294897136786e-19
4.2493309684461775e-18
6.8906027157277665e-22
3.6837499796610795e-29
4.2654985198964696e-18
1.0936453560803378e-69
2.4336586201378713e-73
8.793173199430815e-16
1.1513611377128887e-10
2.0382168208482614e-21
2.2592523970334486e-26
4.0944990080132374e-17
6.25375673739624e-23
2.712138814578355e-19
3.513355961339239e-22
1.9556418938482014e-17
8.410231808028281e-16
3.6104503974298376e-15
1.1501619858523443e-20
1.9850711857846932e-24
1.02783607071044e-34
1.3310532537415614e-19
3.0578079513309375e-20
8.903414047829981e-17
7.138967732870016e-78
6.093252301991812e-17
6.29188349999088e-67
5.546091095386391e-84
7.431861433463538e-22
8.245224856586098e-08
1.1447331627181539e-17
1.1891419746823467e-05
3.3954984557797126e-32
1.9022467458469068e-13
1.6311695439318298e-19
1.0195056329482135e-27
1.0315385921382597e-80
1.782949373717032e-16
3.245207918396298e-19
2.6396157697488273e-30
5.657829077589961e-20
3.817255504329389e-20
5.011510135323782e-11
7.532788188807142e-24
1.083308671491355e-09
1.0658099581683519e-12
3.395633031345449e-13
5.5613782953036747e-14
2.6509420178944135e-16
7.31763891108435e-23
4.462759309003681e-96
1.481832912193775e-18
4.4064192639047025e-17
1.4202733314573208e-15
4.9232519070691645e-20
8.882710953961534e-13
1.4025884418426396e-82
2.933015526264396e-13
1.5108787611228678e-13
4.874637119679813e-35
1.2248717608748244e-14
9.338346630353303e-12
3.919757570152231e-16
2.095208150493424e-18
1.0869807319271669e-29
1.8956648986028727e-22
8.539684115365307e-15
1.325465553313419e-75
2.279696553029839e-12
2.1202914267543434e-22
9.084594216691849e-15
3.2399054178870235e-19
1.0569627004726072e-25
7.830940221182216e-31
4.674842906459228e-20
4.762400064265235e-86
2.351438157144545e-16
2.0515627185195527e-16
8.20010880917808e-24
7.63057765025077e-25
1.0117563601498148e-19
3.5824423968691075e-19
1.2102890741004672e-27
4.518988109397087e-15
4.68249138789117e-25
5.685396992530075e-19
1.9622820240719907e-26
5.956823125047112e-33
2.1957871903841383e-68
2.1485197896087036e-72
9.061141210856632e-20
3.3940119825784526e-23
7.54131239662408e-14
1.2320437966872127e-15
7.615489231107493e-09
1.810649938676921e-18
6.379933682541653e-14
7.409161219430186e-11
9.226453747903106e-18
1.8886729710754835e-14
1.8944436597765195e-19
1.414906232167185e-91
6.513129971539993e-11
5.834660549895954e-14
4.490904266173786e-18
3.7101474909303056e-16
5.237748200268506e-14
5.529841867273068e-93
4.7572038288619714e-18
1.054504170550319e-16
9.795945886086434e-16
8.505661060567052e-20
8.537408366110933e-05
1.839844069263402e-85
1.5293922260832955e-10
5.872272172407957e-33
8.17265118561435e-38
8.20944686289932e-17
8.136632633062855e-17
1.1547399137698799e-07
4.968244965657323e-20
4.551386603313059e-25
5.051203998011089e-19
3.456473611912211e-09
1.2549856740416837e-19
9.722728577689787e-09
5.415312780553212e-12
1.0006863243893814e-24
5.382087826766125e-14
6.828475659600165e-19
3.239167940967123e-13
7.074374768242654e-32
2.319792203881632e-16
1.0023949723214842e-22
1.0093306562922515e-80
1.1859556390131806e-30
1.3541177099826077e-09
9.388945146597984e-33
4.373713403316926e-73
9.268288183748186e-07
2.255739748253322e-09
1.7088642389411117e-31
3.892222645270306e-39
2.722971575177027e-85
9.313755205535959e-21
6.6560498146940295e-12
3.466583158385884e-77
1.90584175722743e-12
3.596171495432896e-21
2.8760998846463347e-13
5.84158046945373e-22
6.990427846964655e-19
5.946423414546793e-17
5.74875894809766e-25
1.1359680961221538e-15
4.5461254653490205e-25
2.7135878334840875e-22
8.741884820148549e-23
5.3716969468243805e-18
1.9162267603572027e-22
3.867887107117502e-56
1.5343303434705104e-88
2.0562754503792176e-25
2.5896226342288297e-19
2.17005796475371e-13
5.887133398418774e-23
0.0003199660602340662
8.506750397274624e-102
5.982896903909935e-16
6.729844722406117e-21
3.2493977666468303e-12
3.901306720570024e-28
1.0106578705412439e-13
2.9363550508191733e-71
1.3432383653186522e-23
4.343108078770785e-43
2.0923832739268356e-19
7.390930926730904e-18
1.1840651381655279e-11
1.1347878066759292e-12
3.1739682749326e-17
1.792423713584564e-13
7.07512174103603e-32
5.784100383781407e-47
8.395420284802388e-17
1.278443072176012e-27
1.2252799223714308e-58
9.025639020079238e-19
6.720507299406148e-24
6.780708506197872e-16
1.1461804705642991e-87
7.826927549380934e-64
5.956084423141419e-18
2.982008467278905e-21
8.610841910770086e-14
2.862796081190342e-24
4.70814143238915e-13
3.334079765617152e-07
3.386356988565995e-77
2.5343144439943244e-39
9.849639791410492e-20
1.9250830891853576e-13
3.9070800146508623e-50
1.0199693944284846e-72
1.1737729946321427e-27
2.932579208850349e-07
3.2761009572459116e-21
2.1971882760561097e-15
1.2781636462629333e-35
5.338668547513815e-18
2.6886461596295763e-72
2.95514484912031e-90
3.452775049731001e-14
1.5055493345166241e-13
1.2861259583198844e-15
1.2233399369295624e-19
5.12071222827014e-30
1.9589558325085496e-19
1.6851790450947953e-15
4.9518725877694375e-15
3.741157033924595e-12
9.391244322744231e-20
6.0198025719386794e-12
9.905471814937227e-19
1.660060579357063e-19
4.324691759796893e-30
3.4432730785137286e-18
1.5824441993509678e-20
5.1085918675246687e-26
7.760984250840693e-15
6.362888202339557e-23
1.1902662734055266e-14
1.7179234459794355e-16
1.9734914413544178e-20
5.854922263707155e-17
2.0631450532718553e-19
3.46697663025707e-10
1.7325982856677995e-06
2.943466487829185e-15
4.3323153316916306e-17
1.5049702819620451e-30
3.4458156896799163e-18
1.8950642623076242e-19
6.792098568903528e-35
4.986881641926375e-13
8.516484836403083e-10
3.1527168261363523e-79
1.1249587931397308e-18
1.578166840668431e-14
2.103758844059116e-17
6.541396071490804e-15
2.648422750209397e-89
5.711917470698638e-09
2.824055685992251e-16
2.07662433109661e-18
2.6073422069968854e-33
1.6394782410884656e-12
1.6964168798523083e-26
1.8086711273565988e-68
1.3523932154101885e-12
7.707274452769732e-70
2.956567436085156e-17
5.449510674908043e-24
4.2578200380382505e-11
1.9991142497142616e-22
1.3897415939201825e-55
2.2031331954465893e-18
1.127071792104251e-24
2.6257857144920098e-81
5.99963087526866e-33
2.5944766182390787e-08
1.6014074868804358e-22
1.723243140572688e-08
4.1130924065980905e-36
3.8930980526030515e-46
1.4793770505497374e-13
2.5339663208870786e-13
3.6881824273739566e-13
5.203921990887333e-28
7.600388269245523e-28
5.693968213230952e-22
2.189201212415012e-17
3.2538943170385767e-19
4.179883842381893e-15
1.1981265602487707e-19
4.262110921804222e-87
5.0551735331069466e-71
4.1734126638280775e-16
3.884682851162962e-91
5.023350031625827e-22
2.8319652031141973e-25
4.579814410526306e-23
2.571856485239445e-25
5.621555343695169e-20
7.636070081259678e-08
9.628979675007837e-32
1.7482189353940822e-27
7.688104127048173e-12
1.3160448325987787e-16
1.2070273064220321e-11
3.173342161511213e-13
7.74912075037016e-13
5.415693154663291e-16
3.131840297763397e-86
2.4880474433984975e-23
8.894725377054416e-11
9.779111783222113e-24
1.5145380913277606e-33
1.589183261999994e-27
5.6651539645870586e-39
2.824733594665713e-95
5.771846816373838e-14
4.753442937244104e-75
4.766644286091385e-22
1.0993398584622256e-17
4.252261694818743e-20
1.1975002475962582e-15
4.4261044353243796e-17
5.027793589280628e-34
3.5516824096379305e-13
4.3363999135136014e-26
9.973672196607831e-11
6.157523196194648e-23
1.7635307491664011e-22
2.832906864739732e-108
2.5889236890050004e-16
8.459361287612323e-49
8.231292322150503e-22
2.201221887146674e-29
1.062584264724944e-25
1.2453118057804854e-19
7.640535438552438e-09
1.427429708095743e-26
5.08021136508747e-36
1.1017371627212653e-16
3.730861076321751e-77
8.50543901657822e-18
1.8392412585745933e-23
1.3312062666175373e-14
8.073818576218844e-11
1.5687044566395406e-20
4.655799335574728e-19
1.3060144172300456e-20
1.4418679257455947e-14
2.7145002059213648e-11
4.232829995154413e-07
3.960893267977707e-26
3.278206777265743e-17
1.0894969584893786e-42
1.1567308340088127e-13
8.276251406224783e-82
2.595780810489616e-15
1.925988598427215e-17
2.468561010914156e-14
6.959986491556455e-06
1.9670538890424572e-08
8.051263375966006e-21
1.803592988952654e-19
2.8425964541046045e-11
4.625383050821524e-17
4.256814167533978e-20
3.450696984355837e-41
2.370459178841642e-41
1.517601495293077e-10
7.235721504940984e-16
4.844415130853704e-36
2.358653315954025e-12
2.622439308351943e-21
4.398458741608608e-18
4.457681322682376e-34
9.86634561095786e-23
6.113212654444109e-25
8.465303834546454e-68
3.0528082874938026e-17
2.4256616972991395e-19
3.0195664193429472e-80
1.4029703210376324e-14
6.093591564618945e-33
4.3204265948810025e-45
1.2395776554243933e-12
1.7865988462100503e-13
4.862448206924706e-15
2.3952667597891113e-16
3.6643956344614004e-12
1.4441588031422856e-16
1.1837547063688263e-11
8.432993724291145e-13
2.63720599558824e-22
1.7006703482441452e-13
5.89233760848501e-37
4.2686437235335587e-13
3.350426957275256e-34
8.641703005074355e-14
2.8041144321885933e-15
1.1484777991070286e-19
6.395075631337367e-15
3.293289577551222e-25
1.1740460259779657e-100
6.406467776770953e-22
6.151465726081632e-12
2.1454619062292424e-24
2.0093175931205875e-23
2.5947192504111826e-13
1.390811711935832e-16
1.9292082246325733e-47
1.4155806806895672e-54
2.2494095507532075e-13
2.9637927845906243e-12
3.243477449585234e-19
3.341967019199353e-17
6.396180851208012e-14
9.540514178956814e-108
3.5389115537438385e-64
3.09165138854351e-14
4.362691613255411e-27
3.0273939360299376e-82
1.8089485552516134e-20
6.817931485467157e-10
5.116049282374313e-31
2.1647536164193232e-27
8.702925248524592e-14
1.050702603574865e-17
6.869038795268539e-35
5.37086187392359e-20
2.4015203764813713e-11
3.019624201331604e-06
5.154845019497279e-08
2.7627779554140045e-08
5.0470458465123537e-20
4.066124706857667e-25
9.01436042970424e-28
7.844430702476709e-23
9.390648772214149e-19
4.6168396843951744e-14
3.1172286514478502e-18
5.681685414820028e-81
1.0572414572406369e-29
1.2454598893344575e-89
2.2807985159503125e-13
7.476113940835102e-21
5.688599168399605e-71
4.106487048332283e-17
7.736496072686759e-23
9.972367162500512e-21
6.094904203677738e-16
5.2859073117873056e-23
2.145422159219681e-89
1.986309893459862e-23
5.2007194706243946e-73
1.459331790282147e-74
6.217563667229822e-19
1.1982357494474809e-20
4.574751048356101e-22
1.5445829515085727e-24
1.4574126504809715e-15
2.6635416863756395e-19
2.8104361429716834e-09
3.017905952618374e-47
2.1522748730380495e-16
7.274180904050413e-22
9.141239811525066e-26
2.8524715797003104e-10
4.172795200492558e-26
1.354586887387407e-12
1.4514293329844622e-09
4.8054699289651285e-80
2.277775823678635e-16
1.0734602384407224e-19
1.3433220495494912e-16
6.717089793809722e-21
2.862696931467743e-22
1.0443123737714818e-21
1.3161470580361458e-25
1.0832394173929474e-11
3.081077600455853e-22
3.10702241852673e-34
1.913539535640415e-17
6.900390255213285e-16
3.390580736456892e-11
1.0603268378089292e-24
2.9393069701850205e-25
2.6232961594604945e-14
8.99618743622167e-22
2.1181362584454405e-16
3.9292078445618654e-13
1.4153939187858648e-74
1.5605324074391513e-12
7.137269911856167e-16
2.5630193928840492e-17
8.664930838138806e-15
3.9608600873931914e-41
1.6435430911524236e-18
1.155313070358668e-18
2.8465918122021125e-12
6.3001338458871596e-68
2.1848044604013474e-82
1.3248167690844078e-69
1.8525854762354244e-15
1.3969177186512284e-25
9.99203985613785e-17
1.8927807560048182e-11
2.204457604236526e-34
2.9138808541036624e-34
2.2388497791815134e-16
8.360488995351888e-28
6.474480045726562e-16
1.1183932609459829e-15
1.0336099468063955e-16
4.614114964331737e-29
1.0466902236844e-17
1.2476363107757722e-14
2.489874363088952e-22
1.95178089502209e-11
1.780536669272711e-06
6.450014655197076e-17
1.0568865623823667e-16
8.663344771822297e-65
1.9855233009469232e-11
1.4511603066037955e-14
2.395376130542153e-16
8.731245658362285e-26
7.304345383388375e-16
5.1100530978382585e-21
3.008569824500534e-35
1.1231935408304202e-15
1.1399116033594884e-24
1.128943051408416e-31
6.357380429649406e-18
2.1081115005821856e-06
9.503278172483407e-33
2.5861924538794888e-08
3.6292094690841054e-15
2.237956097618771e-40
2.48815425049096e-68
3.04090540421721e-20
3.5949541790815345e-09
1.1699364714885937e-24
7.54613416984895e-95
3.087178247467327e-27
1.73885738629518e-31
2.8376395621315978e-21
2.8954344890975125e-30
4.728100076343101e-15
2.4052863344052764e-22
7.878004338395694e-13
1.6721191084285046e-19
1.925330143139635e-12
4.394393455535782e-18
3.619981985795985e-17
8.077346434714019e-34
4.492413083926215e-22
3.7732289145375455e-15
2.2713406571220748e-18
4.712464850885973e-27
1.226126650061959e-25
4.7900833400664974e-27
5.8888689369981004e-21
8.052670375671609e-26
1.5299362949545812e-70
1.6093256989231037e-13
3.9657463273511906e-16
1.413971063063226e-13
2.5728750772606034e-22
0.0006498079013672609
3.4251182934376304e-15
6.287910670068773e-82
2.1031145586694152e-22
9.313843353643022e-15
5.547404983507714e-21
3.567724866734907e-27
2.872629280209659e-70
2.4609334800579857e-26
1.0204403678806102e-14
3.2971138154470864e-18
1.4759245050733662e-17
4.380907380472295e-19
1.8457322886079814e-24
5.366771908131511e-16
1.9864955179627396e-17
1.1207522752247073e-46
1.9360707648111e-24
8.752572470719696e-16
3.122564877081242e-75
2.2704205693253747e-43
3.701730651346752e-34
6.17645349873588e-33
9.511516711285761e-73
3.179853937788918e-57
3.2739698419822156e-08
2.4116442397030086e-12
1.1947868981941403e-10
4.94140742473597e-18
4.1627154121092824e-19
1.4581585973967972e-05
8.514724635426209e-23
2.943418462362242e-14
1.742700834665082e-22
8.543439635517911e-30
6.817735560809801e-08
9.88948690654553e-21
1.57875962033693e-10
1.6517470325881925e-15
2.617321113411376e-17
4.858092526993702e-16
8.287125068176288e-110
6.417206610424216e-22
2.3689767576108264e-16
1.577139649385491e-23
7.770181211896897e-16
2.0659083828563657e-20
3.3856207253878595e-21
2.2298801479733048e-13
1.590010341330992e-15
1.2278375989693576e-75
0.007383390283545732
7.885499977829195e-05
1.037883745366519e-11
6.595504302964497e-23
3.7628918120533067e-07
2.1651734667857446e-10
1.0709058461772102e-73
6.514383215316472e-92
7.123262075545009e-16
1.416180488646466e-17
1.2997305983069611e-15
7.817435542455978e-21
1.1379512590873361e-10
1.6409585810913132e-20
1.0850135340210648e-16
2.724710852467553e-13
3.930899114540087e-26
1.3992940146810348e-10
5.030204797070445e-15
3.5913422080361706e-18
1.5025138913625385e-07
3.489364172989492e-80
1.7671698617010654e-15
2.9274275201851355e-13
1.7392218946235473e-16
9.150789564262762e-15
1.2950016397273724e-72
1.53104110068146e-23
2.1997856134228353e-31
4.321926662095763e-60
2.6702025006874376e-16
1.052243752133684e-17
2.047860721431663e-17
1.8818249999860083e-28
1.4988857126974588e-15
5.648253613003297e-34
3.7278598304880806e-18
2.2661299208071496e-14
9.907234489726518e-15
1.7179690465295034e-15
2.7503824683303474e-21
6.771749862681859e-15
8.530288337181891e-16
3.116759938259679e-14
1.1199653660289386e-19
1.4700825848651133e-10
8.8346242404413e-30
2.805205798041334e-89
1.560224586397869e-12
5.412984928921762e-09
3.490415692974177e-16
6.426224756711911e-22
3.965629277598881e-15
5.294293102667167e-13
9.663243002795496e-25
1.8445070721963485e-13
1.0275104307013008e-07
3.9651277523696335e-26
4.30471684749575e-10
1.0880973940859004e-20
1.0664455213605295e-19
9.45945880078207e-13
2.577686256738271e-28
1.1458808094695395e-72
1.488690639663255e-14
1.4360136117462736e-11
8.152211969951706e-52
1.181372912338949e-18
1.7916027785847174e-22
2.1724917290232873e-09
1.8093095494996032e-22
2.647526443190475e-77
3.3482528096145775e-13
2.0280645170932054e-22
4.5840446704436276e-33
6.2221549296255324e-27
7.779197995096685e-13
1.6461852659225512e-17
2.975684422315088e-79
6.462143111392963e-13
3.548284742797044e-24
4.825891314185774e-11
9.59866046826848e-34
2.276994267652215e-15
3.522895896634354e-17
8.202847166472707e-11
1.3600433315854305e-15
2.4723439316588076e-14
1.5709612826695718e-17
6.144490909639584e-24
7.309661266667257e-13
3.7173621813235505e-07
2.7463694418909072e-76
3.961881659854898e-30
2.745726384231064e-67
1.0599109805750283e-17
2.5183902347287432e-14
4.689831208428869e-23
1.3264721758481128e-11
5.559778811630986e-33
5.752382720705062e-22
3.227264118455039e-17
1.434502426421093e-10
5.490536617313769e-29
4.2475419838223507e-23
3.999393933427543e-12
3.9478051254687015e-12
6.835092919936155e-33
1.7875149900665235e-20
4.889562092243315e-31
8.347067408423012e-21
2.1224173228054775e-18
3.5350567894913192e-12
5.433999712442908e-27
3.1827974065879904e-21
8.175299841785226e-14
2.283458492777545e-15
3.301174248900021e-73
3.853667314680919e-21
1.7100438234470492e-10
1.2230342440371724e-23
2.158929304150556e-08
1.3330142186634854e-13
2.669730744394256e-20
3.7832349777021485e-30
5.314495166742007e-11
4.675462954335679e-13
6.625667116238018e-19
2.8795739419567346e-20
8.676482399111988e-17
2.5929214173098505e-17
1.6027254947703651e-77
2.094013755793233e-11
6.257124114096988e-15
1.0535905428915096e-24
5.0118013239985684e-39
3.878830888494501e-12
3.0149168572754463e-15
4.764014538268304e-28
2.6200550128680436e-21
1.3292997818616272e-17
2.4467036461002185e-20
1.902162288521256e-17
5.238578369185661e-25
6.051914395674798e-13
7.929025241561133e-17
9.485053556937811e-10
2.206765878916451e-21
8.783327795642726e-28
1.502897657616728e-30
9.893042185745243e-12
5.300073437984049e-26
3.4489662327924944e-26
5.168308586682763e-12
1.778351716194945e-11
2.173763469392039e-22
3.2880792981956863e-12
1.2253969288778338e-22
8.69316526040335e-12
4.014712975361754e-14
4.666917243793442e-10
5.414756244124984e-34
4.732532448821638e-21
9.666119908061621e-76
3.8450860115165336e-17
2.32301019066637e-16
3.4488286168985115e-23
5.574191642251125e-07
2.556654535830384e-26
0.0058903176288058745
5.342389921755283e-21
2.5527282355402263e-24
3.6484196402295815e-20
1.6833116718973083e-19
1.2262184470185756e-16
1.1299836158964393e-16
2.105289979058922e-09
1.1253323838156229e-13
1.097619941418767e-16
3.34060398447538e-22
1.5391791322484138e-25
4.3296571109938676e-18
2.9837103216976232e-05
8.053503927637024e-17
2.916280363095375e-16
9.286492555809263e-29
2.609539939155451e-16
8.451144685753016e-25
1.2682812178966794e-15
7.289057283664034e-13
2.933573879676724e-41
1.3072180340973494e-15
5.1310819809253523e-14
2.451872295085213e-10
9.757525776765614e-28
1.1296006265464543e-10
4.276629427605165e-17
5.972168850843536e-17
1.4748910804710054e-15
2.2845843259136052e-21
2.751244722073358e-23
3.1272567335803285e-15
6.37348387732236e-15
3.3651888772838416e-34
9.92241029233779e-18
4.3081784870852915e-15
3.092534638157503e-67
1.8474770723685144e-23
3.974631138358857e-58
2.4270303143255156e-16
8.673311885516745e-11
5.237833166105742e-14
4.417105278927702e-15
1.1497340241436847e-38
6.2656008740207555e-28
5.282812937972273e-84
8.065477281385279e-73
3.5281965313542516e-18
1.7718969350803512e-25
1.8134166434110676e-18
1.2333833953864925e-18
1.4464461697866019e-61
2.3291272303200384e-86
4.437038113174098e-10
1.2960873937702253e-26
1.5946663778329794e-19
1.2359300106201314e-59
9.903735156684344e-22
7.82058473623793e-18
4.2513909984646604e-71
4.3766214767097977e-08
1.1390419616986403e-09
2.368267703866494e-13
8.773128332842285e-10
4.023034275824587e-27
1.585871003247957e-16
5.906467034174329e-20
5.845808096457245e-10
1.2558317804064712e-39
3.429414780130055e-17
2.8055438881354406e-07
1.2821422571896e-26
3.1026277837822113e-12
1.252800951281189e-13
5.504472914744539e-09
8.879143792099053e-19
2.473413900300406e-10
5.777946700752489e-77
5.908778345947977e-22
1.6826988064237027e-34
5.86960262528678e-06
2.453754030925391e-87
1.7048280196091857e-17
1.9428048579979797e-18
1.4526208133992421e-16
5.042210923619413e-17
9.120111999046313e-09
1.734935425404758e-14
3.641555796949691e-53
8.667719701453528e-29
1.0370434563048628e-07
2.1443755485761236e-13
5.278814193289732e-96
8.552370357856048e-60
2.60504877064478e-17
9.379006155840591e-11
4.695393969223493e-36
2.7195697827231642e-43
4.350691340976958e-118
1.2310842045366573e-10
6.140914927720733e-11
2.908978642966009e-25
4.925960676722165e-83
2.3836050700580787e-12
3.3341631142663107e-23
1.0044732763235677e-83
1.6194998167556067e-17
3.601305484022474e-16
2.4645691046477986e-16
2.1443960389477724e-09
3.834233205354679e-32
3.5184659212378342e-19
4.0867020709470133e-07
1.254532245020255e-14
1.0819263330728565e-20
7.104615566021467e-19
9.116125022442143e-09
1.7019176949356896e-07
0.00012859156867892066
6.875557103494558e-15
4.984895038603917e-11
3.945625440638717e-08
2.9570669541109083e-21
1.1494237643511354e-31
8.627807546289823e-12
8.864702364461509e-17
7.97827209570302e-15
2.0600545293083722e-16
4.959454853319007e-16
6.0441135940458465e-09
8.234237020996098e-12
7.415328131541867e-12
4.691634566422097e-21
1.836931374203084e-12
2.6914037838796364e-10
5.95600933173877e-20
8.872226737290675e-27
2.816854385395089e-09
1.0440767999561951e-15
1.143715087061309e-22
2.3322102938125954e-30
9.616621655539795e-16
2.045360497804382e-15
7.103583286359313e-09
2.993219429941194e-13
3.2413542831723695e-15
8.76350465099975e-24
4.825223188970998e-24
3.8541972014502605e-30
1.8056180124370073e-08
4.12289846361772e-11
2.1082349454889264e-83
6.801157195213195e-08
1.3562708257546916e-09
3.859108050848529e-21
7.259123153538054e-11
1.9895045828032242e-45
2.86252311099798e-17
1.2481714226777784e-10
4.8699514289721954e-15
2.3743940125130396e-09
7.400580506238102e-16
2.7624214522111984e-13
1.162837505826791e-12
1.5024459644415086e-36
9.189331569474977e-38
3.141873211772079e-14
1.5290379689228393e-18
1.0877180520810116e-12
3.571809647845439e-34
9.54812501595931e-13
1.320026443672575e-21
1.5858871390607293e-12
7.262457099243491e-40
1.8375790538520006e-12
4.068700625642801e-21
4.753342729654792e-22
1.0919814459450941e-18
1.3141192092543985e-57
2.5178722611288604e-35
8.792921960042096e-15
7.55226691928508e-16
3.664522005908681e-17
3.123778087200877e-19
2.883256387392771e-94
3.6789912844858e-10
9.9402264767064e-16
6.230375220566784e-10
2.977576530228557e-78
5.439804578648556e-93
1.3183178031862517e-15
9.076994771912473e-19
2.788015340306827e-33
1.1007096161138926e-84
3.9184173319089285e-14
4.9753447547498915e-14
2.63266461273984e-12
2.5120294570118644e-56
9.416115038021838e-15
2.6948015074397764e-21
1.4227653044434233e-20
3.3689167807970946e-16
1.553089141788833e-85
0.00917091788081248
5.880854026877155e-23
1.1072443589126586e-12
1.3519551026657902e-09
5.513169552235345e-19
2.023812230730626e-11
1.1575724087673945e-13
9.249501828627261e-97
3.0455456057777475e-16
7.649805206849379e-15
6.048914742365236e-12
7.425165623819376e-26
7.728742191998533e-17
1.4102559795369468e-33
1.4498723777169284e-05
3.23369020550031e-15
2.5586877391588807e-14
3.2231407249159633e-16
1.1612295567181039e-12
9.336416335212533e-83
1.1185629569949133e-09
2.8807016039316954e-14
2.8040961548317363e-16
5.981453197518815e-26
3.1962617663692755e-14
1.0472428168124701e-08
2.942577372934735e-15
2.438839747253717e-97
3.0858674835024076e-12
1.2943400099407964e-15
8.557506226635009e-07
6.816554918741633e-17
1.3210157464611274e-08
1.957076232498653e-16
1.8602130869425714e-13
5.171757112306458e-09
3.5401686339369184e-14
3.318216406531814e-30
1.2392656284359193e-29
7.998785190453488e-31
2.7764032678805847e-28
1.1893694015941266e-17
3.3986616064842015e-10
7.065624944620209e-88
1.5226320800286044e-24
2.388211539437867e-68
9.77448349548053e-16
5.563556953675313e-19
8.829416881630633e-28
1.3760100762130214e-79
1.3535467413530364e-06
2.7141495676375545e-22
8.75989277347892e-18
9.800545325123456e-09
1.1990234076306305e-10
1.827073962508811e-19
3.1325616831195216e-22
4.7293777951328217e-11
1.700281263585535e-12
1.610065853626056e-12
6.605968215596381e-15
1.0212375321461805e-86
2.440585087524963e-42
2.3748345056128458e-73
2.3661598584592795e-24
1.8976756787916417e-31
1.9671701009775072e-14
5.883988996169577e-09
9.183458533160577e-20
0.0002469385953223536
8.647726959319407e-22
2.0808481246657038e-05
1.3763537151988764e-73
2.441851971963308e-15
1.7933417590872573e-18
1.599892168577017e-53
3.7300849368021e-18
1.454019179155853e-17
8.498100657450132e-20
3.9486628680159056e-20
5.377378182242661e-20
1.5715245693494276e-14
1.1243176604512222e-11
1.1267925270251837e-20
1.644732854666906e-19
1.401027671268847e-22
2.190458927345537e-10
5.879936063296352e-34
8.406614616648744e-24
2.9275402986254252e-81
4.824588598939001e-15
6.608200033672564e-14
3.5845486555220755e-32
3.951695047194425e-36
1.5045148894383796e-10
8.353430340876366e-13
1.977750752093862e-14
2.8449131424458447e-23
3.07891869016893e-11
9.982777300520888e-16
1.6466897895540838e-23
1.236525807203578e-28
3.724847307623577e-21
1.5478384645123757e-29
1.7480646694368826e-13
4.8030194710313774e-14
1.1888726976303117e-13
7.98420464488084e-88
2.982799484776171e-22
1.433845163955338e-16
2.602272982910101e-13
4.756721277583491e-35
4.739394242020146e-09
9.755199070461434e-08
7.943141300933127e-20
1.6793121807061137e-18
7.175890283341392e-13
2.1436380069851481e-60
9.830701150409996e-19
1.7944436279551075e-26
7.521323039794142e-17
1.7216845765087324e-21
3.2369267192947567e-25
1.5678438717488475e-23
2.9988369293847785e-13
5.29846053487612e-94
5.744315796225982e-08
1.3951843233609603e-09
3.6077695871004595e-28
6.414669973133705e-11
6.03463598717901e-19
1.0421391405303727e-16
3.779485611288994e-22
4.615484831224379e-15
7.768570010577067e-16
9.857207376827281e-19
1.6038659740592866e-12
4.1850276768204653e-19
1.030148845121153e-26
6.126733223511846e-10
2.6273475037603732e-08
4.801635640515179e-94
1.2356807756929312e-05
1.0695874194849308e-12
3.0689567699547345e-20
3.2082994462244315e-21
2.1161875750413299e-13
9.450565874674074e-13
1.7446429534542332e-34
5.904983290682395e-17
1.1052271374390874e-66
2.0409653417190358e-15
1.1120703347403639e-20
1.2705065920573405e-18
5.622253565857022e-12
6.292036018110472e-16
4.155442670591548e-27
1.083220808490951e-21
3.555477257585527e-23
2.6588956949378037e-28
3.936363790838065e-11
3.6274822306318624e-14
1.2024296056803575e-16
8.98506848641187e-33
8.311724311828778e-08
4.3432291963896454e-69
7.188473559089775e-11
7.887288515104521e-22
1.1264533795003057e-10
3.2081340651854606e-79
9.378239540736058e-06
2.3522448221147466e-14
4.192341749262233e-25
9.836821159866234e-07
7.934462877811118e-27
1.628206844467155e-11
1.8433145144239817e-19
1.2514644394249957e-14
7.327221234373022e-12
1.3171420083715791e-17
1.196145775583073e-24
1.1176086545929095e-11
8.952932781754547e-13
3.8220096339859913e-13
6.346842933553751e-24
1.5169887273178641e-12
6.340516561376684e-13
8.571648033104993e-15
8.664936586108865e-21
1.9366428943277417e-14
4.7227136405321796e-92
1.916232600411492e-22
8.359585094084019e-18
4.2307057924265535e-19
3.791391886143121e-14
3.1418121564674764e-19
1.4123115383056456e-14
2.5345251743961377e-26
1.6216336826050986e-15
6.517456391290551e-28
6.876085088673315e-17
1.828029443392465e-35
2.950206864151862e-20
4.552708574038173e-15
3.4786444493689136e-06
5.256930950540425e-16
4.2142861197235345e-14
1.9630799694483914e-20
7.745805690794317e-33
1.1356887531941407e-15
2.0046460623756424e-19
4.730527931196614e-20
3.776688842360285e-18
8.505692171881659e-12
2.370977748644462e-11
1.657601158937085e-14
1.4463812521421832e-20
6.335404127671113e-20
1.419237868438698e-29
1.0632895733896537e-47
2.5137866297135122e-14
2.7284681758705176e-19
1.5560379191490765e-24
3.968884272862524e-20
1.5356274843020158e-16
2.735680496286772e-26
1.098637394424444e-25
3.773397021845789e-82
8.371296308200662e-21
3.971696638651799e-26
1.12762721891864e-19
1.3926761148640646e-09
5.778753447749388e-13
0.000625381166959873
1.5863350466994848e-24
8.585234784015957e-18
7.476389891279124e-13
2.584014155714776e-25
1.861388953772185e-40
3.485298620790524e-18
2.1052904659905836e-17
9.68814047710391e-80
6.322441734754054e-06
3.155288012592333e-22
1.3098690805230013e-16
3.9731317364524874e-15
8.57323526867586e-24
9.60696848732694e-29
2.7590638317522006e-20
2.082038125630959e-18
2.3412777812795086e-08
8.843999406101083e-17
1.6277911494243308e-23
5.518107919333506e-84
1.7632040078092922e-37
2.375216848116018e-12
2.2686741851762396e-95
8.310363056152186e-21
3.244011214639555e-11
5.313942412014194e-31
5.040133362048039e-23
2.9024100825827215e-22
4.266827046371853e-16
2.2157699420328306e-62
1.2464968531582007e-06
5.8116012734963376e-24
2.2056640827466475e-18
2.6918056586339296e-24
1.3321169890310613e-27
1.095445686091714e-104
6.31180439851705e-20
3.901007135254216e-16
2.366792565245351e-23
5.481607901587259e-15
5.7593626961710267e-11
1.1213061180177254e-14
1.6516686809234872e-11
2.8328572630679062e-15
2.106935814096742e-24
6.409018393781872e-34
2.4285704955278273e-12
1.2840671599000451e-17
1.5749125250775523e-16
2.569970698649953e-16
6.312835037786569e-76
5.820613103977358e-23
6.277224815687401e-13
3.390354176676337e-07
5.176972525608724e-15
1.6425553005027608e-14
3.257859288065444e-33
9.173709790179138e-19
2.6239010483271183e-32
5.931083470027058e-18
1.3194952275177546e-15
5.919618316571749e-68
2.515514539984079e-19
4.817506729495496e-22
5.409838519134513e-67
1.1061487115659416e-17
3.3121217046534454e-19
8.968759143147776e-31
1.1832851417338307e-16
1.007692935381273e-08
7.87744328248676e-77
1.123803018863483e-12
9.158823639984412e-11
3.9911774848324355e-11
3.7850434464377205e-14
1.689621846433768e-28
1.4300584465101508e-15
3.6333810545735167e-13
1.4226125581160304e-13
6.811876689984102e-14
9.98094676991912e-24
1.0629725754234525e-11
1.858656244974459e-27
8.542556528970426e-25
7.80906281119825e-30
4.741077328357058e-23
2.445110152650901e-81
4.931009389387156e-32
1.9074741777155157e-12
1.2261157153096432e-45
1.2045684356896156e-26
1.1140107828908634e-20
1.4650091849803012e-14
1.0272061268059345e-10
2.2737657304936842e-08
5.498991303348321e-15
2.0784819290511655e-06
4.200297209325929e-06
3.603169298340427e-14
6.2509742989030684e-09
2.0262894932971213e-24
2.0130794301572187e-19
5.248405126861112e-10
1.3640361625416588e-15
1.7776630268931752e-10
8.660713641166014e-20
1.6634010815551747e-14
1.9049986803843173e-14
2.1949274401094312e-16
6.169918398901648e-13
6.42063585210826e-21
1.6168556110215882e-79
1.0925530415075553e-05
2.0665839990540387e-12
2.358948127311453e-06
8.138468279081772e-34
4.0336318032134753e-20
7.632486749905404e-18
7.466067564960523e-25
9.194217440458145e-92
2.593972483574181e-16
2.2250267816079244e-88
2.0794784763131247e-15
1.7962365047271466e-27
6.8826223988219045e-90
3.783317403771725e-64
7.562863211370843e-11
4.567142829401504e-10
5.729263003991015e-15
9.86339132695185e-82
1.2208642518251329e-22
9.103751099565139e-10
3.7395351256300555e-28
1.0632951725024197e-16
1.2836847404056757e-13
2.256151657976725e-20
5.130211429569195e-10
8.00435129035032e-27
1.8725778518569815e-17
2.3425037787614196e-07
5.853765976634703e-65
2.6792746689457517e-25
1.006159730874011e-40
3.045258893045932e-76
4.5085231017281717e-73
9.813852711846973e-20
2.310104261316412e-21
4.4913820705650795e-22
5.447379981881629e-10
9.039480177431436e-24
6.399096265243647e-20
4.2011924356720774e-08
2.2296667550268456e-26
8.767541416335516e-23
1.5322448241112592e-35
5.819922791762549e-36
6.941028707514641e-16
1.3486999851684326e-12
2.1647556130412025e-06
8.746422631302691e-85
3.566577756177196e-15
1.5299611028927296e-86
7.80241959124028e-16
6.515226346199368e-28
5.236072973349704e-15
9.430947856012236e-17
9.711767920121516e-16
4.6922887610174315e-18
2.039485463354355e-38
1.061072423322957e-20
1.0202472920110023e-17
1.5734510989610515e-24
9.891267070872877e-21
2.058069299368918e-12
1.3571111483590759e-08
9.571101354341327e-08
5.215197553653072e-17
8.215835440697969e-15
2.539349136997051e-25
2.2421776135765002e-21
2.640794474801419e-08
1.0653769572488575e-82
5.3841076635499746e-17
2.753440366706068e-19
4.2506862336086834e-21
3.53466414942482e-10
6.176807389775584e-25
5.082834812564027e-07
1.9078349430254906e-60
6.138804241133837e-19
5.793433570767069e-25
5.9937116324999585e-18
5.974562532706376e-23
5.4206547958090216e-24
2.2683118728759207e-81
7.844383339296209e-73
1.8356562135867441e-34
4.866697574228298e-14
3.5736276903494437e-13
7.137003486302936e-35
4.825715070072566e-10
1.0921603818330376e-12
2.337614376112272e-83
1.0759728475447433e-24
2.0517058930974847e-52
1.659215687372739e-15
3.729660042403313e-30
7.354206098896768e-19
3.167183660027462e-21
3.814116849981584e-17
3.98610633708492e-32
8.273386694121096e-35
1.8145568166962673e-90
1.0863177885106037e-29
1.4681647558930096e-17
1.1975323022664202e-25
2.061777348344232e-12
1.9848037814541776e-12
7.549728840707032e-15
8.168130445025663e-83
2.7026243341989e-36
1.4703063847422638e-26
1.6887661841176685e-15
1.036192317618e-16
3.493896115942096e-17
6.770166883977255e-23
4.9812831109554923e-26
1.2838995615894912e-17
4.875528632635087e-31
5.775321405432385e-08
8.102903624502752e-14
5.322161286848596e-14
1.0120763427749424e-15
4.9007983316981346e-14
2.952458255950299e-13
3.50884709121193e-19
3.501321332767127e-17
3.365428261555264e-27
2.9176512214128694e-15
2.6595933335158926e-17
7.568377516680537e-07
3.342306352481205e-12
6.756652491936546e-19
3.830194517721939e-17
1.7570610154771858e-43
3.244336494813469e-64
7.232219773625744e-17
3.895864488544297e-14
3.808930311329524e-15
1.0778598625854032e-14
1.1648008332859405e-15
2.6434933388564116e-11
7.326133822372943e-69
1.1554511114853376e-33
5.083903881208136e-22
1.3130452885465236e-09
1.7052054765586625e-12
1.3235756757535953e-07
4.483123021477235e-19
1.0489825295130133e-08
1.5755630596011736e-21
5.872930938819735e-13
3.6525244938620847e-28
4.0666201942453465e-12
5.90248612317276e-26
4.73641396321192e-27
2.61271789952267e-85
9.615617330848858e-27
2.0960643214204686e-52
7.102606796686346e-08
6.2791669257243525e-27
8.218389564064363e-13
8.384100050792075e-86
1.0739633691711534e-12
2.837155404077521e-19
6.4735290691826486e-21
3.377021920664742e-16
1.9888731950608927e-76
3.718371340918284e-15
4.7013787733641545e-23
9.712546060612497e-23
5.4436178361592404e-18
7.064734545262146e-31
5.888379945535532e-11
5.683893060421601e-19
2.2561140682600703e-45
4.562965138798496e-18
1.8133127908650888e-23
4.148692730709241e-22
2.4290290270586253e-14
6.975951330412751e-70
7.624399838072615e-20
1.9084269760827038e-80
1.4269568999889e-23
5.762819902700348e-19
1.02977138724382e-31
6.022078541945868e-13
3.4173439827785575e-14
2.12330381794278e-11
8.12861337965145e-15
1.8785796913749574e-21
1.8920447020039155e-66
1.2238391489594302e-16
2.9938089768977807e-09
3.1539271916017905e-25
1.1676861060895823e-25
8.134410670648052e-94
3.2700264464364985e-70
3.6370523015657966e-17
6.88863693402436e-18
3.5369821828770276e-22
1.5319970078799128e-30
7.599593853719389e-31
1.2108317057371806e-20
4.6535948761741307e-14
1.2385346615656444e-10
6.882838026370337e-24
9.351053896129801e-17
7.276597894277808e-21
4.704802247769058e-10
1.844157618952064e-18
3.891505569918673e-06
1.6126340571290053e-10
1.1349948876866267e-14
9.818784179785614e-26
1.4155727386019633e-14
7.326565310608832e-09
8.582144596277049e-11
1.5417806370682857e-19
3.9678421842654776e-18
1.5817311698263713e-43
2.942399483783781e-13
1.0169176668203395e-77
2.697958087080866e-06
1.1777078159541324e-21
6.085700706908127e-09
1.6662454134384384e-17
3.815792990427358e-15
2.3372541839109032e-17
6.0522236236933e-20
4.964871664887394e-12
2.658035640343768e-23
2.4113211356685247e-13
1.3903427853287522e-81
1.4652331960345373e-20
4.530546912435438e-28
3.397452895242056e-40
1.017240833043827e-20
7.230975400982654e-24
8.534093408915204e-31
9.556003732778016e-08
2.367840399295432e-11
9.30882363653706e-30
1.977287349894113e-35
3.3187081892058975e-70
1.5399974804170937e-25
5.169574466442992e-09
1.4556556911331805e-16
1.0894089854285034e-18
2.208085037665334e-19
7.063752061875835e-45
2.728707455744245e-30
1.06550740621515e-25
1.2569228027263675e-16
1.1656996703029175e-78
1.5954472223490242e-21
6.220544497513287e-19
1.4192643091404133e-74
4.8379840058549435e-18
1.0928632081380589e-15
2.8713672658207275e-17
8.887131555170828e-20
1.3961992091477963e-27
3.323443439384367e-10
6.283762173579662e-15
6.501369506293092e-45
1.778466531461779e-27
7.513900628368299e-15
2.3404779756735003e-30
4.9708383604189495e-15
6.560323117207694e-15
1.4582451501122444e-08
1.0408435924647327e-18
1.3676041300158952e-14
6.182103867635976e-09
1.5609548786200564e-23
4.963410236008636e-83
4.618583645394386e-08
1.8388047257376492e-11
1.3669109549452604e-16
2.3566150792144657e-18
3.317993123126837e-25
2.2628523366954753e-17
2.1046655923597087e-88
2.390411570623959e-13
9.039253403253086e-13
4.4466470625975555e-31
2.2288568806780354e-16
7.4754577189646e-18
3.810041286874034e-22
4.605367307098358e-25
7.122520075575515e-14
1.1017796446956192e-75
1.995958320252738e-11
5.969466032904796e-35
6.727673630653977e-13
2.437336668320057e-28
4.0584829144954734e-60
3.9918400736252118e-22
2.6233221627347468e-11
4.583616051565909e-11
5.036607916506305e-19
4.573311110003259e-19
9.989763037224452e-09
9.424080970051691e-06
1.4265585427395947e-15
5.617058578487829e-13
7.609839420678761e-26
6.455527776679379e-13
1.0582665125977671e-20
3.589800426281527e-14
8.093645072090829e-19
3.877967201002379e-22
3.6359162627779695e-88
2.08001936323998e-18
8.789393355825665e-20
2.9599594494601296e-21
2.0648350542274417e-10
2.6484732340543163e-18
1.3563530479535763e-22
2.2398159837018287e-12
1.754228968953348e-79
3.265172520119895e-25
6.361579714211617e-30
2.656649938847007e-15
1.4063076158402452e-09
1.1328398509858464e-13
1.6884875945817073e-11
1.812494417715756e-21
1.2674814489205522e-26
4.2007484526202893e-17
3.397585558252948e-19
7.597103576910894e-09
2.4524143716231063e-14
4.614647847205511e-13
6.786072214984469e-08
2.97732454756967e-29
9.779078426926119e-19
7.068861941643631e-13
5.4555636113291676e-11
5.778027957412307e-31
2.963411606755188e-100
4.43633569039486e-19
3.7283452891391067e-22
1.8685671762463044e-15
9.965481281510973e-12
7.909871531609268e-12
9.901842686220334e-19
1.160640210461174e-18
1.2051096913662462e-25
1.6712272966101737e-23
1.725878864686193e-20
2.7881791627372094e-14
8.556586781620152e-70
2.7032311355623895e-05
2.2708462203845599e-10
5.8348318944893585e-22
1.4931325118636261e-15
9.92079538543444e-14
2.0963388251793983e-32
2.345972274284885e-14
2.2668706038206426e-13
8.775936269378091e-20
1.8530378050642806e-44
4.6486290316611564e-11
6.701906777620263e-27
1.1402643330677313e-33
3.596303870794048e-18
6.605384274027229e-11
6.040387444400925e-10
2.6758515709588586e-05
1.1367439171038119e-15
7.532786849198039e-24
1.6687798539708912e-25
2.3202082668890527e-66
1.531547149073699e-27
6.374545619254031e-14
1.3902961333793347e-37
1.667446695952627e-19
3.610357152114587e-20
6.037565322591262e-19
1.7111883088407186e-19
1.1291627902147601e-20
5.063510587897077e-20
1.8934161900678654e-21
5.678316948103687e-18
5.9170863358010795e-15
2.4550518750936635e-13
8.486620561863015e-16
2.1487833900641775e-40
4.025648711240348e-13
1.326951761877877e-21
5.618041900456337e-21
2.89877957332242e-19
2.424256897176698e-28
2.4222377997118862e-12
1.1984194193496827e-26
1.4260157863022021e-28
4.609891672636063e-14
4.9325851425917815e-09
3.1669929964061207e-63
2.7404789643967805e-05
1.4984850174692113e-28
3.840502476905606e-24
8.284598406477792e-23
1.8401769460867016e-20
1.6120605826346157e-15
6.027196756430742e-10
2.397177256792951e-24
2.8668549715734114e-23
1.2579845608082172e-33
7.941768093517722e-58
2.44267147522809e-15
1.4650257477423861e-25
3.060335608083239e-12
2.2032867243649314e-10
1.962577943831287e-13
7.491048632952165e-20
1.418101375628332e-23
2.993541845632804e-20
3.081900458837504e-76
2.754591032521425e-26
5.5360353621973815e-15
2.6963633252887547e-11
6.221538940808304e-23
6.582789233792095e-74
5.242148318278744e-16
1.5608095528524062e-08
1.2599710295500493e-14
2.1892699455071198e-36
5.335213132415721e-16
2.385122210706944e-20
4.470335982406817e-15
9.694470056426031e-12
1.3418416801163405e-39
6.423318866599619e-17
9.931320756890727e-20
1.1740978864062056e-14
2.0404465945329273e-28
1.0133908608588032e-15
2.1906422343693576e-20
2.0614440428169198e-11
1.4790088083923842e-26
1.896460790752911e-09
2.0923977925883014e-10
3.27384561624531e-15
1.0022677829996002e-19
6.406103283898484e-19
1.591320941963571e-25
3.1395254554193646e-27
1.6564620981150592e-22
5.825898231778798e-117
1.7902133786139665e-12
2.897885517127242e-14
6.632560285600652e-24
1.3354301759668437e-16
6.492916286046309e-42
1.2857496615687439e-26
9.394454036479937e-22
4.249555837980726e-70
3.407094076000544e-24
3.38571699637147e-103
1.0174283634627107e-13
1.6907335414228606e-14
3.086301686043195e-25
4.260829232754064e-15
3.876497182489427e-16
1.3294577885664007e-23
5.354020204349188e-26
2.1175320945962533e-77
4.4418464917214936e-13
6.758074433024936e-13
8.398768160323617e-26
1.0898176931921949e-18
2.8114404500774582e-64
4.3068369606482753e-13
5.591823834315484e-38
7.82278345564216e-25
7.589414765949899e-17
2.24108959489245e-21
4.3472378260241597e-13
2.0658185421485126e-29
1.4964679422215935e-27
4.800579122770925e-22
6.002567914744972e-17
3.796716885255312e-22
3.3817221906086557e-28
2.182221711311307e-11
1.8714111031113974e-96
3.7517661834385795e-85
1.6177118829271027e-11
1.4672820698396932e-76
6.371712060149457e-12
7.524704647206889e-26
6.697893973695336e-15
1.673319345416267e-17
3.9882837187277364e-33
7.983048390639862e-22
7.020173039496143e-78
4.077899147099199e-20
1.718267541641018e-08
3.862203259187902e-18
5.3825763061662455e-12
1.301104469141812e-08
6.025234655072811e-25
3.896109264673968e-15
8.415391920245151e-81
7.496087561060641e-15
3.395183353187806e-19
2.0611871364129906e-68
7.690216427862256e-27
4.563298321693387e-15
4.574225666609423e-11
1.3843727710618881e-16
2.2988418666083026e-14
9.620734677058476e-13
3.542237847424279e-74
1.9352265233338898e-09
6.656163640990453e-17
7.954445060216498e-11
9.361823829245128e-21
1.0882010929872478e-37
1.8797722167136472e-34
7.057329419505636e-12
8.424977277131142e-11
2.6262857953692127e-13
5.5401775340672666e-14
1.5756971518904824e-11
1.0403645150843433e-14
3.147289534822473e-16
1.1074673655720919e-07
1.1688800941730955e-08
6.050244831487882e-20
3.022687790293423e-24
1.2172359828641756e-07
2.0394117261482798e-26
1.5819684037545083e-08
6.85959324528113e-83
6.162727765087115e-06
1.580586778852504e-16
1.240007705898265e-14
1.0981813802653517e-15
5.201505815422012e-13
1.7436122316214556e-28
9.738569759914048e-23
4.990780127311485e-18
1.1903311894307395e-13
1.0070085822463457e-78
3.802160079535684e-77
3.7023051846486864e-86
4.992661660618459e-16
7.964276140351772e-26
5.4690084045061514e-12
9.634471786277173e-31
1.6860859304066815e-09
4.157850623616368e-10
9.320069231997884e-14
9.421777474647127e-13
4.018089675206045e-12
1.9134035589703012e-25
2.278114939065079e-06
2.89828998001535e-23
1.1532690744906537e-24
7.160749974079401e-17
3.55112743756165e-19
4.270197090316952e-13
8.102105633136261e-15
3.100906163527117e-16
6.297268288638359e-30
6.1917545555391046e-27
9.574572879980176e-16
3.1857861750394387e-91
6.87467300431824e-32
2.6073108013472247e-14
1.5050251237076922e-11
4.754919530014739e-14
2.774309623963273e-13
4.765254271646804e-21
5.5711427032048574e-15
5.305974398466973e-25
2.2917711114191038e-27
4.10621837117531e-40
1.5526556082072239e-21
7.768084160948866e-12
1.760925205179846e-22
2.1330821290834757e-15
1.4703404259026344e-26
7.121070393306416e-19
1.8791840647413508e-16
2.01512847184279e-18
1.1859452659288069e-14
4.9437164905071804e-18
6.3264711874716784e-12
1.781438916630017e-72
3.4816900987827646e-19
9.065503863945469e-28
2.247958776986897e-28
1.016354505484073e-89
1.713561370150599e-16
4.9785591750764854e-64
7.145752983731412e-23
7.863018787461396e-09
6.145841299171131e-72
3.894289828352997e-12
1.9799610347731107e-13
9.424458246948702e-79
5.942567349441537e-18
4.6401260022992376e-20
1.862776799786966e-11
4.4364800402783906e-27
4.4006652237584896e-14
4.66617559591621e-13
5.05753875081043e-09
5.238008139177806e-28
6.86093434471494e-26
4.5922228078229613e-73
5.426402128987727e-13
6.813042023533535e-28
1.6510862117346646e-11
1.6550924674855837e-11
7.3420455661478e-47
6.786144022430472e-76
3.6592144107416465e-16
2.2251528715309036e-16
4.330923797494845e-09
4.481707394183597e-12
8.3690929878564e-20
9.114064930038737e-25
6.35345926532927e-22
5.5767213590958845e-06
4.608613862663782e-17
1.610281681108144e-11
2.617636378410963e-15
1.700163049201314e-12
4.724892070125652e-41
7.96216279773989e-20
1.5028132971786221e-10
6.007336364199284e-41
2.6088250750935246e-12
3.975121350964012e-24
5.09270922507025e-32
2.2254292080054762e-39
3.8787587604334196e-84
4.3454378016195914e-18
1.6858420217520345e-12
3.385204297057869e-80
3.1843798753613695e-13
5.2592142944537786e-17
2.595841379194404e-28
1.426213798575952e-10
1.3418012539568224e-42
1.0458538078609044e-57
1.3403650346083205e-69
2.662692558040202e-09
4.0326027847622487e-22
1.5904903828946595e-16
4.48104923802532e-18
1.7032051289553548e-16
7.416860362680766e-28
3.382771932013902e-32
3.1653010266386185e-23
2.121085377923844e-11
2.887372692479205e-21
7.724230864694596e-23
1.717231358332632e-11
7.225685385565812e-17
7.506694292150416e-08
2.583645321341545e-21
3.266172295392788e-71
1.0491752618757187e-27
5.5001728297181216e-18
6.337429592899708e-10
1.263775183406984e-22
6.632735155074503e-22
2.9857336055353995e-08
1.0481588777543071e-08
4.973103086956029e-21
8.591306875220033e-33
5.267425030552435e-35
8.567880889770876e-86
2.1450825111626786e-72
1.7604113402525106e-25
1.158044700310729e-10
1.0249693422938506e-11
9.19197834380796e-13
1.5997888847522286e-23
1.2378679364444011e-19
1.3355963072459964e-11
4.1528971859541964e-19
1.487328740330694e-17
5.525503427734995e-28
1.1665439568244126e-22
3.188659718315311e-08
6.646588520303157e-21
7.798643588506604e-18
3.188697211787783e-15
1.0080292283632815e-17
5.90137000081525e-31
6.057974291723224e-15
4.3621581080611016e-17
7.169719912127101e-26
5.500800836126995e-17
1.2802119951981117e-72
6.133408434745032e-16
4.090976043089374e-36
1.7877710097049902e-21
4.461292881393803e-57
1.2266560022454594e-13
3.4636844575204333e-13
3.2984307082363726e-18
2.299300500445425e-23
2.6193478670743526e-21
4.143028936837074e-21
6.763736309179946e-18
5.890898382575358e-10
9.305827764529777e-24
8.001378590582865e-22
7.371768586994238e-21
9.621141209881104e-14
3.4788110780329975e-16
1.9566519018890263e-17
6.555307727154982e-23
2.5820613928520813e-27
4.712634731605305e-31
2.906733492710708e-14
2.6610988559966942e-31
1.3177302008520498e-11
3.2659564135800096e-21
5.728522955967696e-13
9.786654079426907e-13
1.182898786749775e-13
1.263335845288082e-24
1.385867510927018e-20
7.101164488744986e-13
5.697271622204944e-27
1.232851109588631e-25
3.2580113406662136e-24
2.5190720529375884e-06
5.52102333550902e-22
9.938530875368804e-17
1.742172738066421e-87
4.016107584505855e-21
1.3288572924107548e-09
4.256533235880901e-25
7.104531011439525e-75
1.4713284535286558e-33
3.723848441800538e-17
1.6454127774305895e-24
1.2701232143070351e-21
1.9417236008598005e-72
3.0054206558801495e-13
1.1539349681489627e-10
5.709467152379708e-27
2.6662580409955102e-14
4.305485721747479e-12
1.4245641749035321e-22
2.5597520940375457e-19
2.90092858415317e-29
1.5195923677404815e-12
3.1876200570234063e-28
3.073488254756018e-22
1.0054075617860814e-15
3.153658768486968e-33
9.234711981232619e-08
1.8152054696885632e-73
1.8145232526584846e-20
6.536710175042144e-14
1.131830722061772e-09
1.3266881219796731e-31
4.784373963177274e-16
8.935564741310864e-41
4.584553721067512e-12
1.7015616596492518e-29
9.948219748446406e-09
6.281394804078887e-72
3.4555376566656753e-12
9.28201113015494e-33
1.4660988483612584e-26
1.969304078437071e-18
2.6372295316824893e-29
8.784948149077073e-12
5.2127533185689615e-23
1.0338493549239266e-19
1.0405547820750202e-13
1.1048082576493677e-28
9.70132385143364e-12
2.347645606142352e-21
7.726765047463404e-12
3.5720769894306086e-14
2.8281113948503466e-21
3.366435912080673e-28
2.1455481952290122e-14
7.294571785489459e-19
9.502944173790774e-09
1.8491893755530744e-17
2.2824843100623916e-31
8.634845952939078e-31
6.817217535366323e-25
6.45450592485009e-31
1.322195658797253e-16
7.004779099309807e-26
6.685975353352219e-16
1.4805504197263442e-12
7.858204157925755e-47
3.410035344856289e-71
2.3263634109329657e-16
3.8753062749664996e-15
2.7388626631812298e-22
1.769582049512599e-48
3.8266444440874285e-14
1.3872363861655833e-11
1.0871005022721188e-82
1.6285589652821258e-07
2.303908685445999e-25
3.5315708971490393e-16
3.736313595656464e-16
8.552974201266161e-09
1.241947738476993e-08
4.165139474639282e-16
9.543689177118627e-15
2.4470979718485277e-21
3.1920224733690753e-19
1.7663149972885953e-18
5.856148072342548e-19
5.5487895816192815e-40
2.5544348398855304e-24
5.9952674976474e-13
1.5606173479578415e-17
2.7192465194211624e-20
4.430888828149725e-24
1.9699028915368697e-15
3.125163581889356e-26
4.9176725698658617e-20
2.476972243167406e-13
4.327320584579735e-25
1.5425134287514675e-14
6.1920222311397056e-21
2.6162801688518886e-16
1.8902558810699985e-18
1.6461754608892475e-14
1.520856150621945e-17
2.7504069335482724e-20
3.3691878227075318e-15
9.42510721737233e-25
1.5385246111514062e-80
2.853633028791438e-15
1.8341853294185824e-21
9.23381083856341e-23
3.851440387393399e-14
3.430998327611485e-11
3.2787458513657106e-20
7.370092897288811e-54
9.089655511888426e-16
1.7824395845266685e-87
6.012476504658259e-22
4.1520547521928295e-26
9.922880027113837e-08
1.0787762127940845e-14
2.748534124355844e-22
3.904660874506761e-71
3.325920516044702e-71
4.395332610234643e-15
1.1869302252967517e-12
6.826729015325924e-10
4.439102908441583e-17
4.146983284830203e-17
7.115472253474647e-19
1.9520317533757678e-56
1.5662821217174225e-06
3.4271297460460593e-12
8.12545607118387e-22
8.876838378840342e-16
4.754962611982889e-15
5.302797245768946e-18
5.873433542801593e-08
3.5064648168252292e-12
2.3342247300410406e-23
1.8693369183512814e-09
6.291221737389217e-31
7.8286528052811e-13
2.9191482677759674e-26
8.441414179487067e-28
1.7787396777197085e-17
1.819544062297476e-22
1.3622042484333716e-14
1.630902442425166e-16
1.538957002794705e-27
3.3747196298926683e-09
3.231706173393871e-11
5.717446003037297e-22
3.5180486467377547e-25
2.6933657372462326e-14
2.613802640426941e-18
9.82314445362493e-18
2.4016978796216065e-68
3.1207621751776674e-11
9.847415837557669e-07
1.2343328154579767e-21
1.626999831997143e-23
3.3390267683533666e-22
1.354040188244091e-26
1.1822608131207729e-18
3.733450273724319e-15
5.275136979255312e-24
5.938850617681623e-23
2.823990919522101e-81
1.191425043554009e-10
3.941268811008793e-23
2.079378828196156e-16
1.3137842126927359e-26
6.928859458288094e-13
2.1315385015917105e-20
1.0620751918938613e-82
9.126293421845079e-18
2.3455237917709452e-14
1.6452517652364447e-21
1.1966768108068744e-17
1.2271448008700428e-15
1.4336855210915368e-15
7.960356517826741e-97
6.056468139281452e-11
4.405302233229834e-96
4.542585312761157e-11
5.2885597709183196e-09
1.8691079443379935e-95
1.3264700262587802e-12
8.760320997390473e-15
1.1624661942201638e-14
8.592516173832624e-28
9.424358273395454e-18
1.2292106009074011e-85
7.0662950333199404e-40
2.8363724835975823e-65
1.870931137643172e-68
4.279195437952527e-48
6.34808657683636e-19
1.0009529620921758e-09
1.3402890093897347e-30
4.0632693492907537e-29
6.844264017117031e-29
1.0204936710046667e-11
1.7504980468968184e-29
8.352944099908847e-23
1.596788400990447e-90
8.419012621249947e-41
2.6333475168854864e-78
5.2102271634112856e-18
3.744914522313848e-18
1.6773123217083355e-11
2.8181545374154913e-27
1.9760907318848885e-14
2.9061946518791463e-11
7.3274672781045135e-06
6.760189687383889e-19
4.396604443758597e-25
5.451358498066307e-23
3.6119034380736326e-23
1.0281533893756694e-15
9.085315440903318e-72
2.1522102681137103e-87
2.044888052816807e-21
1.1597721395845373e-16
3.449263342543466e-22
3.272287510160234e-07
1.0602031544329224e-16
1.277724522186507e-09
8.273160345896512e-26
1.096314248601517e-18
1.0473755903051008e-68
8.062365737713776e-17
9.308676548887827e-67
3.2875857435238955e-18
3.282914734489349e-25
1.232306151640527e-09
4.653975270700306e-39
8.461777868082184e-11
6.308873986599723e-41
1.8716213593490097e-21
8.799678283857866e-84
1.1328272977326353e-80
5.998472916194715e-28
1.5608142308242448e-23
1.2326940901332762e-24
4.767953654551204e-15
8.516980445484724e-45
2.9848194688767336e-16
1.4536170082228178e-12
3.61683116879339e-72
2.3325008996667676e-13
7.397914566952273e-13
2.2737218033603732e-23
3.1613445526100414e-87
3.1580018557336933e-35
5.213343598795254e-14
2.2626062862585454e-20
2.460803420471423e-09
6.570861528402998e-84
8.382438151585396e-20
1.1235969323042616e-26
7.269503684282234e-09
6.296671074869865e-29
1.485301862556762e-13
2.6231056453959695e-29
1.7289748435028537e-30
4.196340373385592e-25
1.8002179236395416e-22
1.263638652205069e-68
4.37795507727464e-20
3.259422587360627e-37
2.0150184834718064e-47
8.297851049431695e-66
1.146705699783031e-24
1.277551188041407e-19
1.5174301212237866e-28
7.596634481668903e-74
3.632928065132423e-12
1.0712820642855218e-85
6.20340275395346e-28
4.751657389673636e-19
5.876417298807407e-32
1.904930214519854e-09
3.660512157370556e-12
2.3449166420857265e-13
1.895008999923056e-13
2.4027192217245074e-14
2.298607939920862e-07
1.724978553690764e-23
5.704662374103536e-24
3.826572578083394e-25
2.417278910675512e-12
1.3858006018496813e-15
8.413162030579556e-86
9.094804805541358e-70
3.387322966293681e-11
6.500591485881419e-90
4.465724580384607e-19
9.803134497353903e-28
2.954638348625388e-23
6.839319812234743e-31
5.918263747751562e-18
4.306503402401263e-12
3.8581654833216293e-66
1.4939110686996472e-08
1.198634260539549e-22
1.92577761111112e-21
1.0165541230305345e-16
1.0933690636571227e-14
2.0677007740465634e-19
3.846188723916784e-28
8.898154502870122e-18
4.682209974680702e-14
2.0582954323530121e-94
1.9666029711718562e-16
7.239634333432104e-22
3.4811776472549023e-88
7.304746698211372e-24
7.693310934230097e-45
9.234996795299501e-15
8.018412626987388e-18
6.284847590353229e-15
4.834797360612963e-10
3.802877050506873e-32
2.789005748600614e-13
2.2929021334957044e-18
3.894506894701667e-17
2.438962974498048e-10
1.221955765347299e-29
5.279314978502481e-16
1.8007081882566574e-22
3.0406172460236444e-30
2.973853205188006e-21
7.921569862475994e-31
9.633339926663713e-11
1.1799271142668384e-20
1.7444378322440843e-21
7.34481070384383e-75
1.4917343470908116e-29
7.036581089677382e-34
2.0204164199506295e-23
3.415887564659612e-16
5.8283156555024076e-24
7.194650942423966e-12
6.35892229987984e-11
7.735493894361689e-25
2.062802458503466e-17
5.810410734174762e-12
6.1894509825475374e-12
2.685886959262752e-13
4.1056636884422495e-09
6.342769038833558e-23
1.2264266070164874e-17
4.979054144572412e-100
5.964499206433792e-10
9.443389992667323e-79
1.1640274848312434e-09
3.3520769791554843e-18
1.4723995431681438e-15
5.1244846584211235e-24
1.5728906607823114e-17
2.073722485616972e-22
3.7870499818834426e-19
1.5895444733994823e-19
0.00036864703194283623
1.9888267229310002e-20
2.603118405553556e-10
3.3127449702722984e-13
5.01891665622103e-18
6.425850328115539e-17
9.673486507249541e-27
5.308039945115609e-23
1.8947686259157384e-21
8.181303787331034e-18
1.8888709885212176e-17
1.824225260341297e-21
1.8866944309214373e-26
7.375562644369723e-37
2.678925405755226e-79
1.3712963096581602e-38
8.078888997794405e-22
2.6677763536284543e-85
4.201214097381247e-15
2.2708643946654593e-89
3.473267955967852e-12
3.364292843140449e-17
5.780903998804681e-15
3.0918448587309522e-12
1.736254269307915e-19
9.373659625848928e-30
1.0590449131107915e-20
1.8730807373585207e-17
2.5200934238250866e-86
1.8684503339170478e-80
1.0029886823676769e-10
3.1921199202774985e-28
8.484893646791542e-27
2.5184929223335963e-20
2.2817028846147807e-18
2.6774377363051734e-25
1.582220078525992e-16
9.892103884452172e-29
7.631974531825792e-78
1.3492698927606978e-27
3.720869862992526e-29
1.8147045917383594e-21
5.8766368704049216e-08
1.6087571051264514e-18
4.0540812833165013e-41
9.057362220695981e-14
0.00023586225940508588
1.8353283276076082e-13
1.5590627392068707e-09
2.6769262848326144e-13
3.2507678148148665e-11
4.936178425732789e-23
2.984877893079823e-34
6.00733933245224e-11
2.879865982726468e-18
1.2061818149785297e-21
2.633072097220392e-29
1.5834733403110425e-18
8.315231177580701e-12
1.0322535279009282e-12
1.517543921009098e-27
4.054598424361408e-23
1.355796578830037e-74
8.520956693729659e-10
1.1783827068525723e-14
1.6797046597860738e-22
2.724287659411034e-30
2.937800025523786e-17
7.138207387299951e-29
9.803930610403168e-17
3.290655717682455e-27
1.2191731105034157e-21
2.1513173200210014e-18
1.3594772269992573e-11
1.0120093881120109e-21
1.8999188437208864e-08
1.3119932703247566e-12
2.5452478288628216e-09
6.494447127272049e-16
7.04075649064093e-16
2.109751799067179e-71
2.3382763661359378e-18
1.701587031238318e-13
6.552727423454483e-17
5.316461529846302e-187
3.850744078889745e-35
1.4797016331015617e-18
2.4373838617452725e-16
7.680301570595237e-78
1.3837718392743718e-12
2.0744809360029826e-17
2.9018641494940596e-11
6.899873204029424e-09
3.1608932811622743e-27
1.7500424685927114e-19
3.2881833638084903e-22
4.098861209588607e-09
8.760005461111166e-82
9.005377194452796e-26
1.1244189077025916e-23
6.4122028127575376e-18
2.5767663454514594e-14
9.053292412081763e-17
5.3621212705244946e-18
1.0026289933617998e-17
2.299868420059161e-103
1.373579434789303e-10
1.1265197496440162e-11
4.1678811412014005e-18
6.623092297553064e-08
7.268577740684359e-38
3.2167951687064908e-15
1.4831080140700058e-18
3.029329407165632e-17
1.027520715719781e-13
5.9217750804256055e-12
1.2174833066579514e-14
2.7950958976611364e-16
2.279133646888448e-06
5.984691233415206e-70
2.773104819667831e-20
3.273288893327263e-18
5.789672201825613e-85
2.8077654529085413e-25
4.8440849931899904e-23
2.3190708860691536e-16
8.688537252001292e-67
1.1422333749608157e-29
1.6734528042693745e-17
3.255707092512459e-13
3.5442395347886017e-22
3.288074794004347e-40
6.035912207635032e-08
4.93909967018304e-14
6.154616472963662e-33
1.414599452895238e-11
1.1306515596193657e-21
2.0032921073702936e-12
8.066263073669502e-25
8.421766687227448e-32
1.826684009297733e-22
8.852688426739802e-10
3.573595682044571e-18
4.193483680256266e-12
1.9036306512004014e-09
1.447628448987262e-22
2.670484226094946e-69
1.2127053679307774e-18
3.322145509405826e-10
1.2658560433525781e-14
2.451091375829834e-27
3.9304826474158503e-10
4.784393696273092e-31
1.0000027000806906e-67
7.716373892502237e-14
5.5242538823963796e-21
1.9530113753158366e-20
1.432632550577187e-21
4.318871208660827e-74
8.685707230217174e-09
1.1645343646973106e-13
3.237093150691121e-20
3.17997091596677e-12
2.710216047190424e-19
1.5540266992733324e-15
7.365089745100551e-36
5.578853918837161e-84
1.6253884391220374e-14
1.5974517379956022e-20
8.904794177280774e-21
1.3342214711142524e-27
5.310285343656731e-26
1.1833577808026188e-13
3.294448843397847e-20
1.1949714898841545e-31
0.001482731842893853
5.7436956075545324e-12
2.855928948634395e-11
1.5799859590481712e-32
3.5446333940246435e-33
1.4624654549388087e-11
8.483019498928578e-32
4.2125993597106125e-86
6.136546290201105e-23
4.088117206831697e-12
1.4161862222088234e-17
3.783093885781671e-30
2.883554876438099e-10
1.2609500558365265e-23
6.504894596066717e-23
3.820753447615023e-14
1.5644594559331285e-25
5.191626830674693e-19
5.5506916880177046e-21
1.8364166808158243e-14
3.1930019269508463e-13
1.5846292085181444e-06
1.118558180257999e-14
1.0269605806877317e-24
7.472441820569625e-83
1.8370562866870042e-23
5.558342320998506e-12
1.7829776964941236e-97
3.002527820096994e-90
2.715824194972107e-21
5.87892610796814e-14
2.442156526742525e-31
8.478702784104251e-20
5.8958951793936736e-30
7.762709596971025e-49
6.0167357058128524e-21
2.37113024889887e-08
3.3244063001576624e-77
2.602890920639988e-13
1.5020370508301894e-16
3.9223474770564573e-25
3.107579656175252e-22
1.977162125206621e-31
7.59441333594496e-18
2.253610945556419e-46
2.5688807489037245e-36
1.5337957098053957e-80
2.840239615427296e-25
6.668258745979668e-29
5.975239153692779e-16
1.975439365157553e-13
8.179605307786147e-12
7.881351105859247e-41
1.4312274914151312e-68
2.4207487052743807e-21
6.312908697909963e-13
1.2346015938971977e-13
1.755040209973979e-13
1.2637238987988541e-28
5.502238807723247e-19
3.829610286509715e-24
1.0688856874542143e-24
2.573000470349968e-40
2.771171509844079e-49
7.788244501751073e-19
5.384094471997157e-09
1.2218114844505743e-20
2.0532018400730858e-13
9.841591857077772e-25
2.846914260827772e-17
1.6061355547621187e-26
6.727760033993892e-19
5.080938003829434e-16
8.59547077353344e-43
3.001903363015945e-07
2.2850304249189604e-35
1.4139633889956608e-25
1.7241721567767125e-22
1.0845683970788571e-91
5.137550729318551e-20
1.808405045010366e-12
3.0152094135313786e-82
1.5188376645365177e-16
3.921745788539586e-73
2.2032652640781865e-19
4.8779151401648333e-20
7.954859833932378e-14
7.021042412606091e-15
3.0704256749363415e-53
6.437413347776514e-11
2.697140704503513e-39
5.843416489398755e-19
1.4962065090549465e-13
1.2674484068966062e-97
4.963262883337476e-10
9.11729667194736e-25
2.160688304759603e-13
3.1329040600460105e-13
3.0637604535704194e-42
7.334682075892909e-12
1.5096336579574606e-37
1.7897368164811333e-17
5.726161562025839e-29
1.0307602349974502e-31
2.616271514743346e-22
8.172917953113675e-95
2.249776649759817e-14
2.6988317591003543e-20
2.814827379791636e-20
5.46962693805375e-20
1.2965799800501662e-19
9.773448744082566e-97
2.7111263750606107e-15
4.937106516933607e-17
1.7568474178239078e-20
3.4642605057973156e-70
1.916741093623124e-27
1.871558853538112e-07
1.3699798112234478e-90
1.9725406917874205e-14
2.74426883176909e-103
2.2552260724805962e-23
3.8098380417810736e-63
2.958481657336406e-28
8.119336717626518e-13
6.657172110508752e-37
3.0636036356936682e-12
4.345347389976592e-07
7.105881894997605e-12
2.5945287084434367e-23
2.2916515728643593e-07
3.2993277964526617e-16
2.7144605881493177e-69
3.4541748977755996e-92
5.4039189440116e-16
0.0003352525985449509
7.280833800817702e-13
7.083289465799307e-14
2.5201583456594748e-14
1.0516419516768905e-13
3.596137573910579e-35
2.7631462928745715e-19
4.184236084329427e-84
9.527356663388288e-29
2.5250473860713906e-24
3.1925470018873216e-25
3.227645370283013e-16
3.890590413005199e-21
0.00012919409952520666
3.2220865516362906e-19
7.856935839875696e-33
1.4376617504343914e-13
1.5457760581472222e-18
1.7394704569802455e-22
2.3324736183260146e-25
4.1166845818993466e-25
1.0356097370540905e-17
9.676685538046451e-10
7.01900918029915e-24
9.650545962744558e-10
3.9140743007238e-10
2.6010203824052222e-21
1.0287588432303596e-34
5.622751182869307e-22
1.42139036787418e-16
1.2097706548259377e-43
1.0720740387882814e-21
1.2104178580321365e-09
4.202054756994299e-21
1.553167852401013e-21
4.553124786455891e-83
0.0003357178695349763
3.9516921918001965e-17
1.0056436959387047e-86
1.9716063621711416e-18
3.1116509968841856e-24
5.3921437657139326e-11
1.0400290554591938e-10
5.918849597576435e-07
3.74566297849565e-10
8.530215994041922e-26
4.008724061780525e-15
3.32750950590322e-22
1.0247309341231203e-66
1.0383983360605771e-27
1.5430386441151172e-23
9.863638284750943e-29
3.092458641634689e-99
2.0354052148432427e-68
1.8011104883919166e-12
1.290501962080469e-33
9.401100805047947e-76
2.1843879441015618e-38
1.7772506315987847e-14
6.182229049395717e-14
1.0032287887557052e-15
1.663368245016063e-10
8.079908326103074e-25
9.13370544331876e-21
9.42938199573265e-34
6.30985069733027e-65
3.65245626149959e-16
1.466331414920205e-19
2.2929235101130696e-25
1.051355536511086e-15
4.403966638530048e-10
2.338891697981775e-18
6.181778931016475e-17
8.315174355793739e-11
1.5027716817191662e-13
1.7832337760222653e-17
3.8862907426262935e-31
5.750993542351169e-22
2.882589618304104e-16
2.592366877466575e-27
2.1042265822055075e-09
2.1256007881178288e-13
3.5436687009698153e-13
1.9390362606048824e-20
1.9049586610068263e-41
7.299553575465665e-29
1.6516305313657853e-16
1.1312738377250299e-24
1.0207356044385404e-13
7.825827366180438e-12
3.910213362909325e-10
5.152221603593677e-14
3.40594652231936e-71
1.424856794094871e-74
7.48547431388803e-12
3.416399537859351e-17
1.1553575880540584e-48
2.6864306139242442e-39
8.331583785995401e-14
1.123827047852525e-16
3.568317989864582e-23
2.4221420362889223e-17
6.170964590228629e-77
4.919931151803928e-18
8.520134624989761e-20
1.4178650494137767e-11
5.3013601275462045e-12
1.362167400980224e-25
5.505122601942494e-75
3.0788910084866233e-97
5.489442347907531e-13
1.4895134289922714e-17
2.4931646647342647e-23
9.3229488516407e-26
1.3391129962161952e-117
9.303675840796143e-18
5.752296838813754e-15
7.650238676799038e-25
7.434187678057733e-24
6.151046492815851e-23
1.831278355017374e-35
4.596687204743121e-18
4.9968726652837605e-22
6.480230905631803e-09
4.530117176605264e-16
6.305227162210107e-85
9.303789887889469e-20
7.182392228429668e-27
5.931935586915813e-22
7.864436562727247e-23
2.772184631167555e-16
1.1004949093389643e-20
8.225359859436324e-83
7.9428965517398e-20
1.8661874632484507e-21
6.605108111156298e-25
1.0982545917079505e-12
1.4090187318321706e-65
2.7732351420207184e-23
9.092222429910497e-16
7.314389502610823e-07
8.834241699699338e-08
8.417666557550291e-10
4.862959046054479e-16
3.969705287147556e-34
3.9428674570916615e-21
1.0912196769894672e-20
8.446905910649432e-11
3.7045076541777793e-17
1.2407272827499986e-20
4.9682866406167454e-64
8.717818590409295e-95
2.6445879454698343e-33
1.641716840830471e-91
1.8778307784952684e-13
9.173502181627348e-32
3.029667658906114e-31
2.5826803924044862e-08
1.118509044930423e-29
3.420572673093725e-25
3.7691592210293735e-12
2.814791575819905e-11
3.6325324513960554e-10
4.057074585721407e-10
8.633763754679446e-13
2.075897570851829e-99
9.575659329623417e-27
1.295719227240214e-71
5.36392250136705e-23
8.302955864332076e-29
7.916999461946364e-15
7.37885594872759e-16
1.3541020593985103e-74
4.962365890839113e-13
8.500205403744471e-25
1.9301408457971548e-16
2.0323339486421095e-78
3.536464242183839e-17
1.6142918615145128e-13
1.0449318428389288e-13
6.282890359047167e-23
1.9195609003108182e-27
1.5574720159816934e-11
2.971694724625765e-25
5.350347318875591e-94
2.2780373310907202e-12
6.560582152903388e-37
2.1802543296899796e-09
8.123607373565836e-13
2.2574456320141342e-42
1.344469774812268e-22
6.7203307813671286e-21
3.521251967564271e-31
2.8101507832244624e-13
2.5675378665805687e-07
3.083854260266329e-15
9.528155998002278e-14
8.919282623879075e-10
8.352184129872503e-17
3.1087446119821714e-20
6.0976284410741e-11
8.786664165605386e-72
5.973367144884008e-82
1.5594660582482252e-17
6.642646810936545e-13
1.0569320376594811e-14
1.9303121628270206e-16
2.508893593431451e-12
9.784796293209378e-77
7.817390618027041e-30
3.178462449046139e-71
9.514720331337449e-22
1.2726523415001883e-15
2.409132964453272e-15
2.2908091012421917e-18
1.5523911834889736e-11
5.272641527601892e-22
3.127341333156354e-16
4.563631555691055e-16
1.4952177012277574e-29
3.028642910817848e-38
3.3530571129461747e-25
2.573789741572782e-09
7.0787220285363826e-15
3.296401486077711e-11
1.1618822157944063e-15
7.044392652664041e-26
2.703158941761931e-32
7.680020614936213e-22
6.603480786080648e-76
3.1296248730272265e-09
1.250597370999629e-11
2.596073881109731e-10
1.0363987909780264e-07
6.2143907943231354e-18
5.879328727142688e-76
5.26424069370459e-21
6.483263767105112e-12
2.8021060280151716e-75
2.3535536980992706e-16
6.556496866124656e-13
4.738507201866e-14
2.5532391696436326e-16
3.2875450099128053e-15
8.842079454363885e-31
1.7644910305248474e-43
7.554087100975467e-32
1.7648887920207533e-73
3.5923573626506665e-11
3.413609031502502e-24
1.2401869063533084e-10
3.302188976725383e-41
7.709363926775945e-75
3.8764369685521165e-83
1.0777529568299152e-12
1.7588420238026615e-37
7.013148527183964e-20
6.146302206812472e-19
5.754304001014022e-27
2.520572941887606e-10
1.746057592798453e-15
3.5351522436967737e-84
3.131423140647025e-14
3.010732690116233e-15
2.7284907659936236e-08
3.0207883495990143e-15
6.795113656657632e-09
4.079305571835889e-32
6.720610716857632e-23
1.335486127006148e-51
7.386901147821965e-19
7.865042353507347e-19
7.201329308921772e-17
3.6815582788629205e-17
3.828626466200634e-22
1.0093287961722284e-20
9.699545290498833e-24
1.5137403143014502e-31
6.466647241796727e-58
2.8091196793855174e-38
4.022220099005138e-24
2.5314627283329132e-09
3.4733669669004113e-15
1.392111660951395e-21
4.1284642178580052e-25
1.1269228411627534e-18
8.557449900840849e-18
2.678397903534786e-13
1.2659020601658945e-13
3.875585662210778e-23
