2.9131771390964558e-18
5.078509412290465e-28
1.286001888530438e-15
3.0577999882914607e-21
2.143294146753031e-26
3.3776937604916045e-23
1.3637207232077975e-24
1.2053942197706776e-07
1.0025728613459212e-17
6.175191497544297e-21
3.251182302388234e-15
2.972741056380688e-11
1.0748916300628748e-21
2.3001787996154495e-21
3.121466969381259e-07
6.014568879869279e-26
1.5053987632669084e-26
1.8170692008328987e-17
2.5372985197508766e-19
2.1845462043729219e-26
4.249220234371213e-21
1.2370966096730363e-17
1.0879149211725788e-37
4.9487090661450246e-24
6.465087627234717e-15
6.038087261093578e-27
1.4089384226966686e-15
3.797046148243947e-24
6.660206140083132e-23
1.7238939312523842e-10
8.753974962743658e-26
8.850530218347707e-20
1.8796868124564892e-19
2.6379985338727476e-22
5.808101164013336e-24
2.75628276438165e-23
2.7596446611710315e-28
2.050677357697197e-20
7.88087938267001e-25
7.626003338524866e-24
3.267377965885501e-13
9.413404015343035e-20
1.397337557993346e-07
5.777107211383267e-23
1.1154554047640423e-21
1.1338214995629135e-28
1.527686777500045e-21
4.319176463610292e-06
9.042294349485856e-27
1.1154457997647502e-21
6.807228843130224e-10
4.562442160109598e-24
1.160190922595088e-19
8.292613660006082e-29
4.828139612317746e-23
3.019775131099408e-24
1.9877346016873431e-26
5.4765448148680455e-18
3.1301700280266986e-22
1.8846515084605505e-29
1.3914225697814324e-23
1.6630154724804135e-21
1.0617041898441561e-12
1.3944376560939178e-15
1.2803014579638987e-06
9.332086146916849e-23
6.755824819399309e-26
1.0234862886449662e-18
2.6111553177797808e-17
1.2445563359458106e-24
9.226438181026835e-17
6.189772141568864e-08
2.1306249117999815e-18
4.383581837141787e-17
4.055111271050112e-22
4.52450144255691e-27
4.0491198071988374e-22
8.723358967415613e-14
1.9915708743837474e-09
2.7690238496483104e-16
7.027678058296008e-20
1.846081517006627e-23
7.403796558923935e-13
5.195097449134656e-19
3.210049900696657e-28
7.606563632563708e-15
7.321025628804724e-25
3.412308960631935e-22
6.891189869849568e-18
2.36399543350051e-19
4.0781203375482746e-08
1.2405106540388246e-23
1.5542868683081385e-18
7.907561702281253e-08
1.6707617386405933e-20
7.323779681029926e-18
5.695973452628924e-37
7.7152571029605845e-25
6.695707177143004e-21
1.3108173007914988e-25
2.116457698241474e-17
6.924632853866314e-22
3.400783323149216e-20
1.1324021931959184e-05
4.4496790574797965e-28
1.826961038431954e-111
0.0007073612552135701
4.0979987069779973e-29
1.6734174277733454e-15
1.3332254409309905e-26
1.8378798481843222e-35
6.562722524218783e-13
2.249284357624163e-31
4.7950890338757885e-27
1.381997581216057e-22
3.8867426222187717e-25
5.170781730113509e-06
1.0445756836155659e-24
2.124985429640541e-21
2.1957595453928906e-24
2.3716711265175805e-17
1.2242549753444951e-27
3.4704827555335676e-19
5.99895977329693e-26
1.0121309162853472e-19
5.760192215952025e-18
3.2388185044060727e-18
4.7749905605773615e-17
9.240205107440466e-19
2.9869249018821867e-27
3.40822651530732e-25
5.350643812256603e-24
3.893276215203166e-13
6.6114505703580254e-21
3.8584977232724525e-19
1.2197223228745836e-18
1.291644093776543e-25
3.133030055250462e-07
2.2650879784078005e-23
5.349609610358647e-16
3.260827425667367e-25
7.933222299724456e-18
2.8124151355890374e-09
3.068779622560591e-20
6.50821357877356e-21
8.259851394159386e-05
2.2334337664366352e-21
5.635481519169022e-11
2.829362439885687e-23
1.851497334112243e-24
4.348189308772843e-19
5.194870451974609e-22
6.311975870563891e-30
1.2131516144914476e-16
1.8754275731691478e-32
1.0021968078623721e-22
2.1579542181135826e-16
8.012370903834957e-20
6.214384399457044e-23
7.140782456523219e-21
3.205293116989143e-20
1.4816313326287825e-19
2.806265957284913e-18
4.603665661282e-16
5.608911962397116e-23
2.622750506801908e-08
2.2475816021627594e-15
3.653418652815518e-20
1.962336882991074e-23
1.4053048302184724e-17
5.3747166618995684e-24
4.087316874360194e-26
5.049655018289761e-19
1.8662047190259738e-25
2.714622069530521e-24
1.1077945198655325e-21
2.767448895949172e-25
2.3497187072057477e-23
8.747276918116094e-28
6.278651087401327e-32
7.88972061835626e-36
3.255327718545898e-14
1.6994527116199366e-19
2.4727506091554597e-19
2.2746847837583827e-18
2.2689152756756282e-20
1.1061684593697678e-08
9.055297315991197e-09
4.9578772479783285e-21
5.077634037342925e-21
8.127672942839681e-25
2.699832854616332e-19
1.1156989911635274e-24
1.1300001063308246e-16
4.6629913759326106e-20
1.013809139660622e-06
1.7561924068157857e-35
8.5402927773796385e-19
1.838617634143896e-08
3.1733754187730717e-16
6.195570437032403e-12
4.454290321369579e-31
4.597390870107285e-16
4.338989673563324e-22
7.125131411094938e-13
1.1190046565136468e-18
6.044374337240254e-23
2.6226033911607046e-17
4.244317562904739e-21
1.0087181447022962e-07
2.1300210683021667e-15
1.9911410339608216e-23
1.4710774373729699e-23
1.6574952804592078e-15
3.261244010848487e-16
1.8653272343743932e-18
3.3433308474283193e-07
2.0268953841078465e-20
2.0498956289609396e-24
2.065421381485323e-23
1.607075087343828e-22
1.1203809374591474e-18
3.7527174070830864e-23
1.454180728093485e-18
3.762433825706332e-23
1.487993781447346e-11
1.7531334257282343e-21
1.0347387731382689e-17
2.0733785755393977e-16
6.394691523001153e-30
4.668798193359808e-20
1.9851368998535795e-27
1.361050039549116e-15
1.3609524131053077e-18
1.2891984114144365e-15
3.4214679186434187e-18
9.866072033634739e-30
3.671117832837578e-17
4.241022442335085e-09
1.9516022816093173e-15
4.786805771659738e-26
1.4351881701382664e-08
1.3994429263861303e-24
7.537407177468989e-35
8.195611821420549e-16
2.163696389673426e-20
1.2218316406311577e-24
3.671967341702621e-23
2.9075041879556265e-16
7.161371954847585e-11
2.3507224285421487e-05
8.047131821876224e-26
2.3476663314416172e-08
3.8616592907983647e-16
6.622785030366486e-19
1.7772899261795117e-24
1.3532584419083779e-08
1.7705745706592614e-20
1.7448362855334484e-24
4.686578666342921e-18
3.8796541001586864e-16
9.6535729534738e-35
3.484270651136399e-25
6.692292860057472e-17
1.964880623943912e-15
4.9367651844129865e-15
1.2767564912803908e-15
3.601917311419444e-19
5.243739150061737e-37
4.914327669631084e-30
4.157511519008133e-25
1.5617560977533302e-19
2.9007731595175023e-25
2.7930109708972805e-26
2.4338469884195938e-21
2.0488764034516916e-26
1.717085994004194e-23
1.4208848351497784e-24
5.212798763733796e-26
5.340422920420965e-18
6.355988872215357e-08
6.67092946667139e-18
7.289059893543127e-30
1.9747957163616806e-32
1.7318796555112822e-19
1.5765085564494412e-20
2.8482711666896124e-14
3.886927993396273e-08
3.2711845341731456e-17
4.401718140531393e-20
9.765373372322729e-13
1.4311011294209113e-15
3.4990743269013605e-21
6.871804099401699e-26
1.8722996465892615e-20
3.596337634980332e-25
4.098890577992831e-20
3.970690220778723e-07
2.8561004296260815e-11
2.3946029947823053e-18
1.722966227785909e-18
2.72596700307691e-38
1.097373531343673e-22
4.4263717407800844e-23
6.016595710818498e-14
1.4382795294610072e-24
4.1177468851249345e-23
7.186126133206162e-23
1.0469278086177471e-14
1.2675182154678441e-22
2.504551779753202e-09
1.5416466743512292e-22
2.303175489905655e-22
2.1033722013131765e-10
2.6478339168201625e-23
1.552397697078763e-19
1.1418667666473398e-06
7.464665149237718e-18
1.0323162238372393e-17
4.354668677834805e-19
6.601464130302718e-21
4.5459194955349105e-17
2.3625966665125924e-20
2.0676560850424685e-23
9.830907030627454e-14
2.8990035142948867e-22
1.0847641105734982e-05
3.577112066105489e-21
6.338306381631962e-10
5.251180576817061e-16
1.7604725374453837e-08
6.025820440935798e-25
8.823739104266627e-19
1.705586531265331e-12
4.0679188622159427e-20
2.621687293083817e-14
1.4846172531938556e-15
1.7787998987248935e-27
1.5687762509353507e-18
2.0830835466299205e-31
8.331188437057511e-16
3.0925277619485015e-38
3.01478537596185e-19
1.0449433890889053e-25
5.641589390624377e-35
8.848617415073243e-25
1.1384504649907238e-24
1.993008550028598e-15
8.923105228565611e-17
1.711859303454634e-18
1.8518377568049833e-08
2.1916690743042657e-07
1.4402725222699547e-24
5.912478507344429e-23
2.0533227806166945e-12
2.451266310320976e-18
7.110825877684613e-22
2.3637325775127534e-21
4.8498522631927924e-18
3.1390062421729324e-37
4.255091682552775e-20
2.3777682181742314e-14
1.0910222099521807e-22
2.1339039242876702e-07
9.946625655944566e-18
2.177659897817831e-15
8.852407174798571e-23
1.9466670392243365e-21
2.4795261070588423e-19
3.4727036183901696e-33
5.200087467020283e-24
7.339117475825921e-21
1.42360189984326e-16
6.81587752042827e-21
5.752289838988064e-22
6.913459236593075e-20
2.348555495006376e-28
1.8757813750694794e-25
3.4755935989874115e-34
5.83256426699194e-28
8.720005685098474e-20
4.4334397167888304e-18
5.2670810239407146e-24
2.838025178237824e-22
1.4872891189416297e-26
1.6007905148363131e-18
0.00012579823320049555
9.565850469463251e-21
1.2430341393159225e-22
7.926167399592399e-26
4.40582869336914e-14
3.260505870961873e-36
8.03206631616598e-15
5.02785227956809e-21
6.9173751499116315e-15
3.4973188072380226e-25
3.8690154890782524e-63
9.435270865337028e-21
3.1155848041242094e-22
1.7490683069218926e-19
4.37145533729355e-22
1.5430069371047586e-21
8.999441097467837e-18
1.7191792406771483e-22
1.510061777902027e-19
3.3204755163642306e-16
5.3819545144753356e-20
6.505343175613175e-22
2.420039298535206e-28
7.889673747191835e-19
5.570490769962238e-29
4.836386544388127e-36
1.009214236848695e-27
3.22477436309687e-08
8.211508852397863e-24
1.368633005036138e-24
9.072811791190919e-21
6.304698829720642e-22
6.341282594141082e-13
3.413241576526619e-26
7.382090733989356e-21
1.1009696477881266e-20
1.53272156872502e-12
6.775843332132875e-27
1.3898167221193723e-14
9.976645500483157e-20
3.373621210783857e-31
2.018756369374575e-31
6.442144630283922e-32
3.46323995128049e-26
4.913779900476736e-26
2.016922483997263e-16
7.087575675178839e-10
3.713825832306922e-12
1.0524607968364775e-42
2.2858317624162085e-16
2.2226379260225637e-21
6.209796903196765e-16
1.265342643155262e-29
2.1070406904077465e-07
1.2396119531572269e-17
5.392968232919476e-27
2.2185865578492629e-29
2.749751668051197e-15
2.9469434401069103e-36
5.219912633639192e-19
5.6942353456482605e-24
5.834056234259988e-23
8.4422610256862e-08
2.3699637763200834e-50
5.1741782442752506e-23
5.2073937739685724e-24
7.728757101706032e-24
4.700406400116087e-21
1.593943514549456e-17
3.485192703095808e-29
1.9841808993567915e-30
5.38843987978053e-21
3.691925171066946e-27
2.4808193846812957e-26
1.042923355636072e-17
2.272627660945865e-22
2.383692448619596e-22
2.613319616648219e-13
1.708132906845735e-16
3.4587452313913754e-23
8.539851366674304e-21
1.2759476165478739e-17
8.490192183475417e-22
6.903953208905738e-17
2.9377834198137087e-25
7.066100464402159e-24
2.1916594880790274e-24
8.962097689409873e-18
1.7168961014028155e-34
5.018646107488314e-24
2.891905646905082e-27
2.5629434516504744e-28
9.297704824568529e-14
2.839188759755435e-22
7.60766117925872e-08
4.790298045419784e-20
7.259876711223754e-19
6.648153905907625e-24
6.854671204964972e-24
6.296256554454649e-31
8.437498020442276e-26
5.557385270774296e-17
4.493098028672245e-29
2.440224638589319e-13
2.1989853410398603e-28
7.178069286317293e-20
2.9290915753638653e-22
1.0993404668816521e-18
7.21673010113808e-21
4.860580144970568e-19
1.1613130409881087e-24
2.2191685033047253e-31
2.8337838388894735e-19
1.148378611929361e-08
1.470637847333279e-17
6.155737330961888e-19
8.862094924917078e-23
1.331295878989186e-56
6.233689072932195e-54
1.473639953618351e-11
6.16563573202909e-23
3.545649892856324e-20
7.315637405042868e-25
1.503167958505869e-14
5.011644171444361e-18
1.2019497549556057e-16
1.1111136919625226e-06
1.7077931448357809e-16
0.0008600828117923315
5.311944294309513e-25
3.5721661088660456e-19
2.7597365435505814e-25
7.034487834743594e-10
2.8739680744365818e-21
1.4748188386497707e-23
3.2578427086083226e-19
1.8835013689364608e-07
3.4656539960171407e-22
3.763414106294659e-13
3.29138375120452e-20
5.67723323336859e-17
8.525962939097263e-11
3.597237982243994e-18
5.984631555069718e-24
2.0016729077219e-24
9.909258006696787e-16
5.63593905945576e-23
4.58725223625855e-35
9.19406537258322e-16
4.773717565739783e-05
3.09187050072086e-11
9.495828800275828e-17
7.901636369878317e-20
8.775800834481428e-27
3.1890222387308326e-16
4.639495091311647e-18
8.061881234676506e-20
3.5236713171529403e-19
1.2275919817528375e-20
2.3421514523287955e-25
3.1935702400692366e-26
1.1433031356787893e-14
5.090235756641837e-21
8.022998854238562e-17
4.982895008055697e-19
2.0256510866191598e-24
1.865563282844073e-37
3.3010043975494573e-26
3.7517667030278107e-25
2.4387560091268248e-24
1.3821594673700645e-20
1.912543783867196e-15
1.0117654456289363e-18
1.4072046770848015e-19
4.633419981791485e-23
2.7680877133821896e-19
9.214587395730473e-23
1.477803770264217e-11
5.740052183577515e-10
4.012177870310939e-27
1.311419407381559e-11
1.3013737898384467e-58
1.8791654687291503e-20
2.5103015120357782e-25
0.0013204527005098088
5.9012650830876526e-24
1.1931670684554079e-17
1.254294744752621e-24
4.668598484412049e-13
1.2904340690427702e-16
2.6671973107642566e-31
2.1574629669970912e-24
8.476791716808922e-16
5.3608652551967694e-24
1.6301004425092398e-22
6.302256758880973e-11
4.525226328954721e-20
6.699418342161086e-23
2.644762616997749e-32
1.9491796125223328e-19
7.813181666859942e-26
7.819456570482182e-33
5.570836186529124e-25
4.443909810803472e-33
7.222071179582386e-24
1.9020316215938977e-10
2.3275466078942852e-15
3.466921169422799e-25
2.078021301942414e-19
6.762250780099431e-41
1.8894982049442653e-30
8.664639517633138e-20
3.758195612022897e-23
4.7127256446818904e-20
1.015369247564714e-05
4.692770091828822e-14
1.214603225624579e-26
2.6880808092421396e-21
4.665843191743986e-14
9.552315736703116e-20
2.6711914263810603e-05
5.187303843393231e-19
1.1192293693699437e-18
4.3476372240342304e-35
4.416135253552088e-32
6.567287602060357e-22
5.189800754986291e-20
3.8365125913978434e-23
1.7151942970858737e-21
5.976008339238598e-17
6.223916696636599e-25
6.047003598408825e-07
2.985886799363101e-17
1.190691695088028e-30
7.344998277850612e-48
1.339333904140098e-08
2.3578073894367424e-09
2.7442660075755248e-14
1.553552815703094e-16
1.4524756235665816e-19
9.07308434035597e-28
2.688042705369212e-23
1.2517839742666084e-20
2.6029672612193432e-19
7.151255931457843e-36
1.1567669226487034e-25
1.327979538516997e-57
9.710405242268402e-14
3.470713951020342e-10
2.8760525994943476e-28
3.2191840170271106e-07
7.135316658007257e-17
6.661541340302573e-07
1.5103601653585695e-17
2.7843483884864527e-16
6.568077637118794e-26
8.426023010706522e-16
3.5949939787523653e-31
2.440706740164447e-28
1.3188373380013964e-28
3.2060521646392674e-18
2.677741221481783e-23
1.2694798139259542e-06
2.5856564515503676e-22
7.333389208088926e-32
1.533696238976449e-07
2.72626902501193e-18
3.659536779604509e-21
1.6321889522610686e-16
2.3674499217140827e-19
2.7103130902041043e-30
1.4346804896016794e-25
2.2917242735637397e-24
6.2619040061631335e-19
1.8431582262291912e-17
1.4715926477902445e-21
1.203563506235548e-24
4.704862949103084e-07
4.615266608176611e-21
8.023586281870028e-14
9.27432613605156e-21
6.457491779941688e-15
2.7823569849722816e-20
1.1932714113327342e-18
9.115779321999302e-24
0.0007684758090018174
5.400996807607033e-18
8.833906013149187e-17
1.8942328562154277e-16
2.063570469115022e-27
1.7668901335161933e-21
1.5277948140875484e-24
2.7022178910228248e-20
3.6674971681516725e-25
2.5959973862130334e-25
5.3788951313992445e-17
1.3440400706380668e-21
1.5912268975909005e-19
4.542086467115578e-22
1.4526612527087492e-07
2.1506718313851014e-17
3.963724540307636e-07
3.63784950458868e-18
7.464196139479691e-08
1.374014061863562e-15
2.0713558213618225e-13
2.4491002765293515e-20
3.040178842419582e-08
5.590309975616231e-11
1.961972457788972e-19
1.4772420291477665e-05
1.1132966916717712e-17
1.2496313585847642e-32
3.2993317527584466e-21
9.608611977899451e-15
9.958035653079283e-11
1.0408224266148957e-17
3.109129207146375e-23
2.4091887427265378e-34
1.4683993337777053e-23
4.271279575372293e-07
5.953202352280612e-22
1.1871313330462263e-20
2.3299553024412296e-22
1.5034436214600266e-28
2.7546163297526212e-18
3.2256740045474983e-28
1.1240032486859502e-21
9.521482666389682e-15
4.179273915356732e-10
1.0320412417356973e-09
0.00016097515468070054
2.8278934972107594e-24
8.777746597612889e-18
2.880088005935212e-28
1.5953564978066318e-13
8.85821556227818e-21
8.97958205092607e-50
8.825565796880424e-09
5.079320015265883e-28
3.5534712739139264e-18
1.814508764374038e-18
6.709269428704955e-16
2.1072730615093285e-19
2.911150568925124e-15
1.0449253722615417e-07
2.6497394162506155e-28
5.182470643242126e-25
3.2192422299154306e-08
4.057656068052344e-07
3.416826932006546e-20
1.3603559920853577e-08
6.18082195554781e-19
5.215391806745667e-19
1.8596549136841035e-14
2.838229030012568e-17
1.1038685556974778e-21
1.6355595280378622e-16
0.0007907538625050838
5.491802135695915e-47
3.0827871197408682e-49
4.144155341962078e-34
1.027999525901993e-24
2.1181511794817268e-13
2.2943317814200104e-24
7.613720412621927e-07
3.376901546845307e-15
6.918520989927773e-12
2.6760392763072657e-23
1.4577333211984392e-22
6.030551820772071e-06
7.974697554818538e-20
3.1877295069574033e-18
1.3229730106100891e-23
5.002826830805201e-69
1.2535341263927765e-15
2.8438633822146094e-11
2.0665682887435604e-08
8.290353492577458e-45
6.645826418878243e-11
1.1874682803728414e-32
1.3312951166474242e-14
5.38080671203336e-28
1.161345588506133e-07
1.8224558428294937e-06
7.369778709967806e-21
2.122266541445684e-12
6.623326865463401e-23
1.4319868517325734e-08
8.218867289604653e-23
1.23495367867081e-26
1.4939179583122503e-07
9.40096143187449e-08
8.762339972883807e-19
2.4012430938001716e-06
3.343684043910934e-10
1.7726460726658973e-11
5.40732064532231e-34
8.232727250402273e-16
2.684816976492982e-20
1.2967947905755293e-13
4.528884854747547e-24
4.2285128495833595e-09
2.9366235139207737e-18
6.22289587321467e-08
9.115716355476919e-22
1.0508186665297973e-22
8.13462502564962e-23
2.930858325163973e-19
7.117146698021838e-18
3.44523177038209e-26
3.2013636591337447e-20
4.264996914293536e-08
1.7429002380676094e-07
4.396323528559096e-15
2.2704751325504775e-07
9.069922769527965e-16
3.607738194722809e-38
7.96112862873643e-06
2.0598737422689822e-27
9.98988889120455e-23
7.415410265014464e-19
4.928436526002393e-06
5.440513381606372e-17
4.085418996561761e-20
1.4993536446124482e-25
1.573759622177081e-18
3.9809674926696114e-28
5.3169410516668e-32
7.096952585671138e-12
2.867622557202068e-12
1.4015488760080606e-20
7.341993400907978e-33
3.716933106956331e-29
7.448405912739721e-15
6.986917415511866e-28
1.0779513527565917e-06
1.9938448954782057e-26
5.034623807436991e-12
0.0005880572516942506
2.134625408403299e-12
7.59959063422775e-07
1.3169025190921446e-24
7.584001071884847e-24
5.637714360419527e-19
1.3860279218726685e-18
5.371446894314296e-06
1.9935744141374056e-21
1.407835512018854e-14
7.925829638582754e-18
9.078901160107582e-12
5.978472816579618e-05
4.5450688225394886e-08
4.9098992879332285e-46
7.415555712024102e-22
3.8920230129971564e-19
1.0450324313563107e-12
4.9414852443089474e-14
7.180926960443582e-24
1.593298344427463e-29
1.339015128695844e-54
1.6203446739618197e-12
4.874856544546713e-11
1.7871221924940845e-27
5.171873233147204e-19
4.667655091335061e-24
3.257187266907563e-10
1.8584477391536728e-09
1.5664115066462484e-06
1.2877423505671042e-16
8.883190282422147e-18
2.2787767328116308e-20
1.2303940564291416e-07
9.074672545367114e-18
0.00032429178937490386
3.3793882204431684e-15
1.130680715514034e-08
1.3892522222338039e-18
7.685048815800403e-10
1.2819217164634633e-10
1.6837519076519775e-14
2.183608111092237e-05
2.127666062783197e-06
2.2070785888914015e-07
2.09190707230285e-11
5.2506466700346525e-18
1.5522708671791875e-22
2.2030018140204878e-14
4.281819531672321e-12
2.474151610979524e-07
4.928621742623911e-22
4.548549545733664e-05
4.0702277706768265e-24
1.4766068304663745e-39
1.8216169195250413e-16
9.927395118979171e-31
2.478082262249114e-06
1.2914391745840664e-18
1.0280181298245703e-12
9.274086102933977e-08
3.9681321238893196e-38
5.439641533919673e-11
1.002730310471512e-06
2.2651360575262722e-08
1.9163382381371284e-20
1.5442020196392834e-08
1.1410909364490648e-34
2.2226504087225374e-14
8.212100796855219e-19
2.0153153450843167e-08
9.475106406746086e-08
2.6711263521324653e-32
5.805982513401001e-11
1.7339895243431876e-15
6.947677390282492e-20
1.6144995393188687e-16
1.8501274903394747e-05
0.00021961937267557383
1.4656700262794924e-11
1.1921804424427298e-15
9.059142563556222e-12
1.0377951602843898e-16
6.051233006303564e-07
7.233418842042268e-31
2.4596498770702037e-14
1.0398992583488628e-17
4.22685583785384e-25
7.454581405670259e-26
1.7045511197086847e-13
3.9135970092869905e-17
9.12641785189011e-05
5.544253470404685e-06
1.0939205892246543e-18
2.1206389188523857e-07
6.042167165785532e-18
9.051793839560857e-08
4.59644148897685e-20
9.591606651014608e-24
3.468236134587688e-11
1.3155658336753664e-25
2.8037801544252453e-08
1.7042974325952114e-11
8.54421746980451e-20
4.1360112796445336e-23
8.111360125653616e-16
0.0003228735319536587
4.5638013694160046e-12
1.0575564244541659e-15
4.1583554304601386e-08
2.634768137428144e-10
6.361626308403879e-08
1.2918667093231617e-21
6.667295235607882e-17
5.181152718805135e-29
1.7420485755671802e-14
1.5495306302424967e-09
1.654321759772566e-17
1.629758663964801e-30
3.8205076562459964e-23
1.4073746589924724e-19
4.111294371037142e-06
1.4106269125203727e-08
4.041119506826941e-11
1.223900838338231e-07
1.8269570996530744e-24
1.1559897378539003e-26
4.6755754649148126e-07
1.8498034437833082e-07
1.384958504035352e-06
1.2747217276208203e-09
4.3146258347160144e-08
3.8785268225988245e-23
2.603489264325762e-12
5.3482358264148135e-09
3.559998038105706e-15
3.5494875902904026e-08
1.0416403900704827e-16
6.318706026388198e-14
3.6233741872622475e-17
0.00021682417289394995
1.8801146578525805e-09
1.537824107241789e-16
4.8904686691227746e-09
5.350563524393374e-24
2.393165968463692e-07
2.1295290889338876e-07
5.846125807422358e-12
5.264319381136416e-06
2.928847078107426e-11
1.2285848832190669e-17
2.0971629229193663e-74
4.959006219981892e-14
1.0620680228591927e-29
4.2212049982904654e-06
5.482972672051696e-21
7.943069414803377e-25
4.683427056837337e-19
7.736399157442882e-08
4.0542601248168816e-19
1.4907226622666674e-16
1.4608649069416767e-24
5.810563704043433e-16
4.63352492395789e-13
1.5201597186848933e-08
7.968427237606684e-05
1.678371108816273e-08
2.2727569746940462e-11
6.218459368224281e-08
7.613745855237874e-23
3.559030984619338e-22
1.817034733308488e-10
1.9015520473377168e-11
5.346826308729899e-13
1.426923135361601e-15
3.123912960147762e-21
1.1376297634046614e-19
5.148280624305187e-22
1.2578661317769816e-22
1.069001637778823e-21
1.6839065651112246e-10
1.2897561520144983e-07
9.016640605848244e-07
4.46377628452956e-20
8.57824287608999e-19
2.5984126040632724e-18
9.1644160507075e-20
2.6648261954639805e-12
1.2378945736259845e-18
8.580528264296557e-23
1.9452738446028006e-09
2.947751636215989e-22
8.536926284996858e-18
1.8011764116286482e-19
1.7621224751322713e-31
4.2321492302029363e-16
6.5693865704268425e-21
2.8270318320791237e-12
3.1237042932839418e-34
9.510115487251967e-20
4.124128791716957e-09
2.0827878151350097e-14
1.4052166801162879e-19
6.911450194615025e-13
7.945425536923616e-05
4.687725577871183e-13
6.918830393891659e-07
1.327259007043324e-23
2.7872411784434586e-20
2.8829221665078866e-06
2.24148259756903e-17
4.576908381625614e-19
1.2988357159846549e-21
1.828884211447051e-24
9.765541297578798e-09
6.061743757215254e-20
1.3811738640122215e-08
3.482799861560674e-22
2.439009267823426e-24
0.0013501853284243138
2.8669264525916026e-13
1.2314974682992022e-05
4.315556190391246e-12
1.7680651417635656e-06
5.127167851941757e-25
6.695075074650517e-17
2.182971461063645e-22
1.9951454174994198e-14
7.940648810442173e-42
7.922043553466801e-11
2.6982438813198642e-11
5.417284064399138e-07
2.093379433936598e-15
1.342404626311349e-22
1.0059524266755841e-20
1.0700955129988245e-09
2.0711777738991442e-26
1.0830906820653589e-23
2.1172842580027455e-29
4.904509097004948e-19
9.843147216672616e-22
3.359867712173306e-18
4.2300748592822746e-11
5.483714935131486e-15
2.2608937761444135e-10
1.0073380889231181e-17
6.182218170855905e-28
9.045093864760549e-10
9.028779909198461e-08
6.13893927886939e-07
2.0632367684749263e-06
2.3232931021756927e-11
1.5292281673378679e-16
2.683269001712594e-07
3.1818270879863096e-11
4.627268287190786e-25
3.65493252642746e-11
1.7792672221857543e-05
9.337126587803421e-24
6.42063061584381e-07
7.116051009692205e-19
4.8307168871801466e-14
8.469521455836278e-44
5.1817585040699665e-34
3.74187636214633e-42
2.2571034529005874e-07
2.0397238344328264e-22
3.26618796617445e-28
3.9857457241201505e-07
2.0751581510267683e-21
2.523928989250028e-07
4.530018213318989e-15
8.77033668780763e-07
4.6811653580972e-19
8.078736587425986e-08
4.3238565639224084e-44
1.4091644222642657e-16
6.356208465232137e-22
7.18588113510455e-07
2.9702486196670787e-35
1.4042846770174808e-26
3.7645181601968026e-23
1.8110310855490036e-34
1.5469724199887602e-26
3.979548920115265e-07
2.5629592094512437e-18
3.579274777102237e-19
7.132550419807958e-23
1.650258248749738e-17
1.293940022733738e-07
2.553911982947397e-15
3.129816963801112e-17
1.8891161616538574e-21
1.179334522733957e-16
9.620057509163237e-28
1.9988086178386744e-14
4.450417435568364e-19
7.989862653450611e-09
2.069846127036542e-17
7.948350320174068e-20
2.5760075052638593e-19
1.1339254710452083e-13
1.8187983600733979e-19
4.9775566641440446e-24
6.743359983096991e-15
2.1978504138186136e-22
2.6407622861356652e-23
8.619049647185627e-27
9.151717472466011e-21
2.1888865692495303e-10
5.9305819983404193e-08
4.2561858289403205e-10
8.260830703121882e-14
3.298137378943682e-22
6.845588747333335e-24
5.635675339845919e-29
1.031440605488832e-14
7.445958076397684e-17
1.6023989140364594e-08
1.1356865408114987e-29
2.654671548212351e-23
7.675423207190895e-30
2.0397610331054386e-12
2.3968031509982147e-17
4.004612016807076e-40
3.5231965697905486e-29
8.528949906166387e-13
4.145303751902372e-13
1.3992063518865396e-22
1.7540595055033346e-35
1.9916011528177023e-07
2.3160591676893396e-26
1.957711039483836e-34
1.7218490761161756e-36
2.597138441060748e-18
1.8190041643140647e-05
6.52058755078696e-16
3.489649547194175e-35
5.080215209265319e-15
2.380687067787324e-16
9.244782774524716e-34
2.3153961026439577e-14
3.6326090867584e-21
1.2746514493051027e-10
1.5982572764581846e-39
5.744941494833206e-07
1.3652426780529562e-22
2.1499818908405008e-17
4.968675079191551e-33
1.218315983386281e-14
1.2021488648398186e-33
1.1241656653450202e-07
1.087345261453922e-19
2.6103810733943124e-35
4.806415557966215e-28
1.1638021849154767e-06
7.079782236479522e-19
9.229269966984754e-07
4.175152224647677e-13
1.625759269291335e-25
7.691989501051846e-13
3.051581530464038e-13
1.9625100368522268e-22
4.539763959392101e-18
8.458626703867928e-16
5.092037836696951e-21
2.0898442260610195e-16
2.0229296345950083e-06
1.7706490706846247e-17
4.3381865824321175e-34
9.418777110482805e-18
5.442358560500292e-17
9.290332257163262e-06
2.6446715443373203e-27
7.984161200055542e-30
9.030068986402148e-15
4.330391941952365e-10
1.6386865531469776e-24
2.64152408863449e-07
5.185048136824654e-11
1.231284773062004e-19
6.0840650835132996e-09
2.3500880743287155e-28
2.1962319548815994e-05
1.650361814380845e-27
2.909536815957373e-20
2.3108942187680058e-28
2.029756361296924e-06
7.479102048629254e-51
1.3636785282068306e-05
0.000506314387987475
2.1513953649742258e-26
2.435142156489426e-08
2.1517212125510152e-26
6.65443061030039e-11
2.7993509620234347e-07
4.861991006852064e-23
2.0357651104347543e-19
5.909347890163822e-14
2.2437850730763352e-20
5.4405796321983835e-24
5.592124946962268e-12
2.666840399663717e-17
2.740503596018586e-23
5.004715199024874e-22
1.5783841071858997e-12
4.910510413709254e-12
1.7445003470971073e-28
5.0214569094027806e-11
7.449467724467824e-20
1.494640577760763e-08
5.25777547262328e-07
5.33474469395903e-06
4.367207536607014e-15
4.773247405688246e-10
1.8501833662246139e-19
3.675918486110921e-14
3.549998078275239e-06
1.4365061893244239e-08
9.042193954309619e-22
9.403211208432085e-08
3.09430623534001e-28
5.844394053159844e-14
2.5430221915206333e-30
3.876283072386143e-12
1.686734014095793e-24
1.5493200209940626e-14
7.450939634026155e-10
2.336740532763438e-22
6.154418503362727e-19
7.3079163469953675e-19
1.4753077273949337e-05
3.4187988300294623e-07
0.00016690132922425274
1.1567860480366452e-17
6.528538147542804e-17
6.755494139322938e-14
5.787267043117081e-18
4.818246251444335e-19
2.9226250664202358e-06
5.497499536271228e-07
7.787076030452868e-10
2.2205603346532591e-07
6.462216966031301e-17
2.5118045797151825e-21
4.716657214829905e-08
3.4247411734200295e-13
2.7323595725587092e-14
7.586845634194136e-12
5.394407015681272e-18
2.066060089284372e-18
6.483208235856522e-18
1.2270539889976551e-19
4.102740775627367e-21
1.8564720088484866e-20
2.0340290578157852e-16
2.565445632671479e-22
3.361602119148171e-12
3.502105561239343e-30
3.360802989956061e-18
1.5960063039878801e-37
6.848471630335446e-21
7.70833061395849e-14
7.847060444892007e-05
2.266044909662139e-25
1.7725692614084008e-15
3.464412081337494e-33
1.3187736172390825e-22
5.946491100481634e-14
6.3504058600726104e-15
3.1289152609698507e-10
4.363398891162029e-16
5.242775596058715e-15
3.4875428921409e-21
5.013481980257363e-09
5.724486150563742e-17
4.5105843844932286e-09
1.244807368459203e-36
5.500251626538138e-19
8.153904128211789e-21
3.562337485010314e-22
1.1503926602461354e-18
5.248589470296707e-15
7.262667210737651e-20
1.0798661541453039e-28
1.1943337725542061e-17
2.0745184808085145e-25
1.4650090028739593e-27
4.466213929142458e-19
1.3848046052433872e-24
7.640332977098413e-19
1.8369004671773338e-09
4.8062556198884837e-20
1.1332877930607224e-17
1.029505807795845e-22
9.739678418438514e-06
4.125914189585553e-20
0.00011653835848931317
3.3925068062587925e-10
3.751458754524532e-33
5.685892678122331e-12
1.632982506191306e-26
1.977162426700692e-07
2.1383940001292165e-20
2.0471062267069002e-32
8.720251849897266e-12
9.959083588221999e-27
4.062835562756944e-07
2.5789203400869383e-34
1.2012508286827962e-06
7.220473762746325e-12
1.1195198058947342e-23
8.632988963769413e-34
1.3505990880342275e-20
3.750293804840333e-20
1.0740818565593692e-18
1.976697443580753e-09
1.4035930850726517e-25
4.775453746282701e-16
1.4215574981359771e-18
4.150900550889044e-14
1.4381067538167285e-10
1.983227593174362e-10
5.0125477266771905e-18
9.261285920350708e-43
4.039923714936963e-20
7.79526985468466e-23
6.058748290674753e-14
1.2010976000982505e-16
1.0617166355647776e-14
9.312758812202824e-18
5.923454613499688e-28
1.2705628106500466e-20
2.9555927686972485e-21
1.1185352655551263e-05
1.3269488109445696e-19
3.1898811201776584e-20
8.205478200883998e-12
5.532574186425815e-21
1.891290293442367e-21
2.5754027971808664e-13
1.062996991968096e-06
5.991424560647959e-21
1.778982458324118e-24
6.38277462024325e-08
3.4050585793627727e-12
2.3845609811135897e-14
5.292394019594094e-18
1.847595649871346e-27
5.290663501134502e-07
5.0158176763426165e-22
4.1097656895651956e-07
4.1329320229537064e-22
3.051039168964369e-12
1.1857358827261542e-25
4.0207141830840535e-17
8.642142665098546e-19
1.5260053996250721e-15
3.066821799599969e-17
1.7176617523195638e-41
1.4146977779885373e-10
5.0907030845774196e-05
9.075735796011064e-09
3.695403039233202e-11
1.2609104345434736e-39
3.1697275042520088e-27
1.1491675601434517e-33
2.926283511822343e-20
1.2136112574232598e-21
7.08648469912235e-10
8.909292393981033e-31
8.406366635651752e-06
7.464940200321861e-19
1.1813094862294995e-27
3.1381586376294325e-30
5.425108886284542e-12
1.7225730945846822e-29
9.968765980766739e-09
2.7097541842448527e-24
2.562388627673189e-29
8.445186170028958e-20
4.27231545060967e-37
3.6367265417627592e-22
1.0734845782014168e-25
1.8706412855923365e-14
1.7176139171970187e-22
5.225992070829092e-07
1.4908284924879942e-08
9.210674006640681e-14
4.0170843008232937e-13
3.648004712031406e-12
1.1329923557896803e-29
6.997668588656802e-10
4.126112902650432e-24
8.719252925454206e-30
9.886463612036609e-30
7.830028850908331e-20
1.90295531942107e-16
1.4484816984675913e-17
3.5028205015969613e-16
4.675620709667588e-14
1.0762840790803764e-12
2.984588734382864e-08
7.120539406137859e-09
8.870907217370024e-18
5.4489817827724996e-27
8.991875991956229e-10
7.98413344137747e-08
4.12628993959879e-25
1.982953831573066e-13
8.779288374912243e-19
2.304479351298753e-47
7.745358782965591e-11
5.330016193864109e-15
1.4030456390022037e-15
6.501812932481212e-27
9.337028275432849e-13
2.748377318666186e-22
1.1582122379118212e-33
1.4348008795969508e-21
8.281373601614607e-36
8.529327793522822e-30
2.3661433171126588e-06
2.7947693028218514e-09
1.9549473495941396e-26
5.62182701390881e-16
1.9126936912420202e-12
4.849159571333639e-22
2.3060075724454067e-06
1.9525992105181967e-19
7.876437637559686e-07
2.508931112093792e-10
2.939210349213695e-09
1.2450789023186668e-24
9.861715974353081e-08
2.0836193251461928e-07
5.066522408718142e-10
1.1236177655962728e-22
3.105104987499725e-18
2.528534042615848e-19
1.0298682874892118e-14
1.6423653567802895e-21
6.385072824042686e-18
8.787133631154407e-30
1.3597891670073378e-12
9.804232441939751e-24
1.4249431354010448e-26
7.466590496267306e-17
6.667762689328454e-07
1.0403067319458347e-16
8.487932103442486e-35
4.01974238764844e-06
2.3575641882079143e-22
5.455295621772869e-10
4.1277712783507216e-15
8.728555636273245e-26
7.329502651160059e-07
9.252610964081324e-27
1.1640339644310417e-06
2.0392690486551835e-18
1.3275109943606711e-06
2.111775151211452e-11
1.0515181962657617e-43
8.752421964938311e-27
4.179721347290899e-09
5.694383162356582e-42
9.51791598071362e-23
8.998506431787446e-09
9.097659501051543e-22
6.150657745824397e-20
7.348693218091049e-07
2.7291515149851095e-08
3.764802292262241e-14
1.487088483009076e-25
4.225118013199359e-07
1.795412005762821e-16
4.325952654160092e-05
1.674830669200129e-11
3.5565046226031214e-08
3.9258596164995194e-08
4.3460273372826093e-07
1.296061642744854e-36
1.3271143372312487e-22
2.2850255463918794e-05
1.7050929990696936e-24
3.616156018579065e-17
0.00024329198410255823
5.288367575723603e-07
2.094365216111658e-09
1.2533646909300631e-18
2.628368446684225e-15
5.541352656725618e-08
5.4586686232431835e-09
2.6670071459971987e-21
1.99273959153749e-20
1.649023488648533e-11
2.194776135006453e-14
2.42455262285354e-22
1.6034303470532172e-21
2.898886308357884e-12
8.286782504851498e-23
4.641838445484878e-16
2.6901210462018125e-13
5.557880117950438e-22
7.377524658674262e-14
1.18906671770328e-22
4.391058202036159e-15
0.0005157915646651887
1.948887567360037e-09
5.100880881877742e-41
4.3428955742534014e-17
7.571225378336491e-10
9.103601266411628e-22
1.2601808429261205e-12
2.0736197585326673e-19
1.2198412653813433e-38
3.2361679686358783e-10
2.084324734813249e-24
1.4932586139526614e-22
1.6562709596657478e-19
2.6789535499827434e-21
7.245399555135243e-25
1.9444220510589763e-20
1.1197013878607106e-16
2.603774675519375e-18
9.220944657324538e-07
7.330552157247815e-32
7.033449904749016e-27
1.0653967921936763e-17
2.0639439769372167e-09
1.397983807367852e-09
4.1087248956192534e-08
6.844036437442918e-14
8.573005933442289e-19
3.527917955275681e-22
9.44101440583842e-17
9.030601009777626e-33
3.6659716809008205e-18
1.9625969523374916e-10
1.4390092910107575e-13
1.3173731148864846e-16
2.2177894401056075e-18
8.490165092963736e-19
1.1329085614556854e-23
3.388848615539186e-33
1.6471433013258687e-07
1.1058933566416993e-30
7.715563158594529e-10
9.203084017851362e-09
2.2231302779367272e-10
8.210791289864518e-12
6.01332699722815e-13
2.1003589055759606e-26
1.5210989074485807e-06
2.217592695595201e-25
3.5454890422198796e-07
3.0405141268130514e-06
1.0730998270995314e-16
3.798201927012238e-15
9.760836866155197e-10
5.979828170757953e-07
7.714189406738809e-08
1.2513492058057335e-20
2.5367114540915296e-07
7.863906752192272e-07
1.3149787676780426e-28
3.483474063856406e-25
1.1116619052116528e-15
5.799177027555336e-17
0.0001868593920894106
5.1734032550991026e-24
2.476719763492162e-06
2.698369323109374e-10
2.52200011213723e-07
1.5702540333510389e-52
2.695908599641122e-18
2.381673128731649e-13
1.2419021720590899e-28
5.254752402634287e-15
2.5528632466741133e-28
1.9087179927091817e-07
1.9270391360373184e-08
1.6127209420483334e-20
1.7607170551280424e-06
4.414894640442727e-17
5.917122709794316e-27
2.6295052871406495e-30
3.976343755790509e-26
5.884903016394316e-15
2.786069104965842e-23
8.850143726162387e-09
3.4718251694849524e-17
5.193216088389151e-19
2.406171257528469e-20
1.1793217566244006e-16
5.781840854793089e-13
4.1113999478882626e-08
2.397467226465949e-08
4.455923778352904e-07
6.493056900580096e-15
1.9972410221257566e-17
6.752558934866107e-13
2.754201990931481e-16
1.9810219658269458e-14
1.3124964596131845e-33
5.731496377965043e-13
6.882252313726852e-20
6.78369640317836e-25
0.0005966639681985054
1.833425772560848e-14
4.842579104109745e-09
7.080147219482124e-28
2.3553396688605537e-20
3.6789144570809203e-06
1.4614358964017742e-25
1.968514180748982e-05
1.4727505498815988e-13
4.1250882570609006e-20
8.691424788880509e-23
1.7034180562261634e-07
1.3607141575415233e-25
9.484379708480067e-15
1.89791676493798e-25
1.979347762300481e-05
3.0299222203216248e-05
6.9477819451720376e-12
9.505972833703232e-22
1.8119886774763795e-19
4.278451641692783e-07
1.680166687921894e-16
6.525352157003241e-07
3.6000320689697864e-06
1.0491694039952181e-07
1.9594967432437396e-13
2.254829854598432e-10
2.1377358990233467e-38
1.353007471132069e-13
8.670269682634472e-22
8.966697156376355e-07
6.0006719622101535e-40
2.7608831829774265e-19
2.385706168550792e-20
7.293032216601429e-21
2.2716785691651097e-17
8.021716416521306e-25
7.696404292964608e-14
7.100462692897293e-25
5.117123774700892e-21
3.769812198696554e-21
1.27989820571419e-21
3.5113573569609446e-08
2.675859413220742e-07
1.9998037893084445e-30
3.6031017984199495e-10
4.2130762992817095e-10
2.9227156912348235e-09
7.851668207081687e-09
2.6863953047363606e-10
2.4147805159342994e-13
3.287925217581631e-09
1.2584717789897975e-08
9.690848420841208e-13
2.6449580124072976e-08
1.5253664305711474e-21
2.2128615473554188e-07
6.701324024164255e-14
2.855944367110744e-21
3.865956338537516e-16
5.6249816076330274e-15
4.2527779997376265e-20
6.920224276777087e-52
1.4816380612969346e-13
0.020053432716981342
2.0411328607879914e-10
6.057352046983857e-20
6.393580610137829e-21
7.266808003789309e-09
3.5259980695585302e-15
8.024808930042255e-05
7.395171499008498e-14
4.97079908045492e-14
7.258455552486113e-31
1.4642713195410127e-16
3.6950813317083416e-20
1.1902185200675437e-20
2.1913745917047796e-21
1.95057021650996e-18
1.7022897516646578e-08
4.4598137321880874e-21
6.467707696982801e-11
9.788211319572561e-19
1.5946494358655813e-18
1.1079238869269933e-07
1.1025176954832676e-18
8.263393560221472e-19
1.790830093337268e-11
1.6983045513714044e-16
8.82067840457636e-10
7.167170245681259e-06
9.673814779831199e-17
1.4747683664776903e-07
4.476968298994064e-20
4.755620110118623e-06
1.0324723197462304e-19
1.523898919056817e-09
1.9920128764028073e-23
1.3629891726217791e-11
2.3180720257002387e-14
1.2323958301194469e-21
5.459261039189264e-25
2.061403060335524e-21
1.0529396425742753e-14
1.1049190397760125e-07
2.608380599718316e-21
0.0001992443829280822
9.805034721504681e-08
2.905326974437967e-08
1.1016174952273361e-24
2.2526835708708203e-18
1.0505953691159147e-12
0.0010960941856455128
7.985171058003572e-25
5.963904857936319e-08
1.3969991074484442e-05
1.3752093417686241e-07
4.5209829191262734e-32
9.219779286328561e-26
2.092318763421772e-15
3.1804483346358465e-19
1.2610043400872392e-24
1.3266358530755826e-34
1.928176038291207e-19
1.950288465627175e-07
5.484789052122643e-12
1.627889993702959e-06
3.3375622285295434e-20
6.500008645996839e-22
2.272015593290947e-19
1.2997849146734096e-29
2.4686238198423173e-15
5.0915288346733097e-26
3.326192082941311e-25
6.188719740319231e-23
5.354927298026048e-09
6.508131481987841e-16
5.479002621026854e-38
0.00014591387891906452
1.3398566225608248e-07
3.874866725699197e-20
4.9599382487872876e-12
0.0002172614852869691
6.671698796952389e-22
9.852064186715125e-23
1.4524621121313717e-23
1.153912840280819e-14
8.983635759227429e-18
5.390658331655985e-05
7.033238835028592e-22
2.021849482391959e-06
2.1296920832390776e-40
2.324324602422622e-06
5.793541929060908e-12
2.196418340127547e-08
1.804905063144493e-08
8.294732340279123e-26
1.8169137120822614e-18
1.1260387226327412e-18
6.027307903450981e-21
1.7175211880250587e-15
6.895748471708679e-26
4.57294890790181e-08
4.2831150835065635e-20
4.5512303282785534e-09
9.00109172108013e-26
5.124926365008632e-24
2.732781862658252e-16
9.011813052253709e-38
3.442922537019836e-21
1.1526534772089973e-18
5.887780079505757e-07
9.284571138763668e-06
2.7044342963117172e-05
9.61741335840957e-20
1.2901158949235501e-18
1.0913142677853108e-19
3.847142974532493e-20
1.466820296146828e-21
7.295593907328502e-24
1.3042544034551845e-19
2.327343514369578e-20
7.005660130644525e-07
6.356104214446748e-33
6.147983496598353e-25
1.4609495404435557e-07
8.561467762803768e-28
1.0681381127034903e-25
0.00014212838462585115
2.1642247580178964e-17
2.228182249211104e-16
3.1889884965028062e-09
6.463737793373331e-05
1.3423514519923573e-22
9.489159768572169e-22
3.689863738767361e-38
3.221148433716495e-25
5.3171388729583214e-12
1.1828331069152777e-19
8.197900940969282e-20
4.724521575987635e-12
1.3930220296886905e-06
5.209862875751105e-09
1.9090449351949435e-27
1.5157392121786011e-15
8.314435849255655e-07
2.301062883730659e-10
1.3010369793552512e-21
9.450045542170074e-07
2.3528130253495533e-23
5.551344522497063e-24
3.673429182386536e-20
2.6765166234699967e-21
1.6293969628331177e-14
1.1581549984054363e-07
2.0605414113641678e-11
1.180888337977703e-13
4.547026441788003e-31
2.3451997010728278e-17
3.7509963590060138e-25
6.100528786750545e-08
1.0157630222410502e-18
2.3963481878524697e-07
2.6021083806242137e-23
3.188644354542117e-09
1.3242717675693923e-10
6.580948775779442e-06
3.6240820757182504e-44
1.3881621882403368e-12
1.1765994844425797e-12
1.9966297856255266e-11
4.9503924557894227e-29
3.189478692201728e-16
1.1476943639353987e-16
4.790660732862158e-23
6.094037228210736e-20
9.738115259719088e-07
7.051903620304651e-21
3.7793507588416273e-16
1.1098973842709213e-08
4.082815975159027e-06
1.948917665150141e-15
1.1700044945043076e-17
9.924851066734954e-07
4.95432464597682e-21
9.326560534265268e-18
1.542193082133297e-20
2.8514537739757983e-46
3.8839261947493077e-19
1.5252174750400775e-30
2.374822952952339e-25
1.281408099511414e-26
2.0366569189961054e-29
2.5461830401107312e-08
4.455510535343063e-12
2.2786487802710234e-20
1.140447609861771e-11
1.973911063406957e-21
2.3762752207547147e-11
2.344111230606964e-19
3.5028022699017103e-16
2.2662830798351186e-07
5.04969645984978e-09
1.212374806015212e-05
9.909048852307672e-08
1.0489176577440172e-23
7.29182897227285e-16
4.371693209725648e-23
2.4059261575543672e-23
1.0012995314620858e-28
2.0254982323606983e-20
6.9215834824635e-18
4.690623707946921e-12
6.003096683594465e-13
9.178473773796986e-14
2.197482373047366e-16
3.1223611114514746e-14
9.317206326066829e-07
3.74221409292031e-06
2.1326228237369441e-13
3.504256413368958e-19
2.4094138577127085e-28
7.332585535393706e-19
2.1525763241719897e-11
5.790752459925582e-10
6.1802308398235704e-06
3.151142568806225e-23
3.389767781390657e-07
7.373604882870856e-32
1.6739986946073466e-40
4.412857973225699e-17
1.644305256129424e-15
1.6842417445534067e-27
1.526626230877733e-17
7.307018487742288e-15
2.3301336494527655e-09
4.6608031632083007e-23
5.317067467837597e-17
2.6826157451235927e-17
2.50318702467006e-20
3.6827494044422063e-19
5.693918800359262e-17
2.439680153715664e-26
2.7283118997157037e-05
4.5354687428156354e-18
5.851130311451073e-17
1.1727981090429506e-21
2.636697672957604e-06
3.18417356229788e-22
1.46463657685209e-16
2.134898952210155e-30
4.962492348186486e-12
1.8935186441945738e-24
9.289604342339521e-09
2.709328182961659e-07
1.2049273399276036e-25
4.635661352978954e-05
1.453787579154471e-17
1.1507156309206063e-34
5.256215631037019e-23
1.683506113429984e-19
1.158864392798363e-13
1.4690427730378923e-18
2.020599627022949e-21
3.2102548754140317e-27
6.948434495088547e-10
1.699042015117487e-14
3.555027760943802e-23
4.288222431741586e-24
2.358180846580591e-22
3.5944125572285315e-08
3.3967482032846083e-18
5.840116214121133e-30
7.795924318071829e-07
6.843330606142293e-17
3.8309549002639e-07
8.730393488055417e-17
1.3310491752522864e-12
1.15984804684277e-06
6.93266810552327e-19
2.6377928504905265e-10
6.238826182607289e-08
2.587415648989102e-05
4.55362315854423e-12
7.333875517108339e-08
6.6355023069903126e-12
4.477706805531168e-22
1.016177606782639e-07
1.9626360135576432e-28
1.3527548273676404e-25
1.1223685011522237e-13
3.993489035795625e-24
7.680999641383258e-07
1.3304681261192296e-16
4.229131197100487e-14
9.255912328516938e-11
3.1942062210099724e-13
1.2563400510048708e-15
1.5286404713948893e-15
1.7527078826417193e-27
1.6177623280677542e-14
6.223007498151071e-06
3.533756801110824e-23
8.115930279989621e-24
1.246527050136474e-11
2.195622034674819e-21
6.584341516691528e-12
2.965272465703938e-07
3.9850018800462525e-31
7.463004055744189e-28
8.015002182443006e-21
1.0799660961981883e-08
7.195271091006833e-05
1.3162733129770482e-07
2.5757586074815777e-30
4.610441747369081e-39
2.450357489730615e-27
1.0276167926922195e-15
1.0743201341481649e-19
1.4113905593624634e-33
7.855387929737937e-27
2.335872364774389e-24
3.4367406565517697e-06
1.725290498658187e-07
2.992713803210813e-29
1.0286587742693293e-07
3.4762709550668218e-16
9.1784494190932e-15
8.886865711759368e-18
3.4300675020759503e-22
6.154441887838777e-14
2.2289294379493224e-13
3.92921017906874e-09
3.831432433930133e-25
3.82673093205482e-09
4.0075835737614014e-22
5.735508619521744e-24
1.8168319896833375e-10
4.60768774811e-08
1.0494387176953869e-17
8.69728990377e-09
1.7829261078344183e-14
4.050975113165436e-18
3.8556799794325726e-13
2.5395946789516586e-14
1.0830229049919472e-07
2.0903987813612649e-19
1.5668549214791842e-16
5.342095179476394e-21
7.114356633149957e-05
6.946416412637184e-20
2.693584681273639e-18
2.313862958623079e-13
3.0575412661050406e-14
6.370829639449656e-18
8.481694324269854e-19
1.3218011634926942e-14
8.393411861115452e-33
5.051000092278477e-08
5.500718698119908e-19
1.0155774009943511e-08
6.446898554240759e-31
5.803796570263365e-16
3.374463451460187e-20
3.0233134383300507e-24
2.0900082713161544e-10
4.915537624859098e-16
1.2089448597650104e-21
1.2072177074430814e-21
4.303948749442014e-10
6.395006654462315e-15
1.9384963716864407e-12
4.502563902198648e-25
1.612604430687578e-19
1.2450004920382612e-21
1.8379000608545055e-14
9.989019073640189e-12
2.604806836681002e-13
3.0260247112909134e-21
3.04583426730317e-12
3.7388560609930344e-23
6.477564002599511e-31
7.41892129492113e-18
3.835200961534339e-09
2.486285690625069e-21
2.1739379219410702e-08
1.4700001062643782e-08
3.5710198017203576e-11
8.058606375676141e-21
6.126938966585232e-08
1.565531805476942e-19
1.472704601009252e-23
1.547295535927943e-13
2.5071723739335653e-28
3.0317522395712714e-22
1.5158075920023237e-23
4.5161506325801725e-14
5.563738500646712e-21
4.316963081172116e-33
5.649564163057686e-17
9.456370489896817e-15
2.216377390511908e-07
6.72208857173758e-18
3.7155172360727244e-20
2.3075461545630148e-08
2.4419718068136593e-13
2.3110574917458974e-20
5.712851314670194e-08
9.963491961096766e-15
2.677297035773367e-32
1.8646367218862832e-17
8.669841199020016e-22
1.0444670429126757e-07
1.815765968479825e-20
9.151476887401186e-39
1.172784542374858e-10
6.197329661294562e-20
4.4483197692781044e-14
2.85624974388388e-41
2.7051947190564046e-27
2.97645076260495e-23
2.2107458792639845e-23
1.0594798695177035e-05
5.460009890343026e-06
9.314656039487705e-12
1.6245078102907886e-20
1.4640644877037224e-07
0.0023010701254861468
9.606622157999721e-25
1.3023708221830159e-21
9.273167254672624e-14
3.261933138623786e-20
1.223286357169055e-13
4.0629705218584683e-20
6.969334281722952e-23
0.00010129584606046168
9.884248517228996e-20
1.1426895268190448e-23
4.673917262938526e-24
1.997055101560988e-12
1.1145362376201623e-25
2.5187451923346604e-16
8.128757697154229e-21
1.4973910331087785e-16
1.5953427250555917e-08
5.215848901387779e-36
4.7051154971151396e-06
2.0289924944714373e-19
9.52797968329899e-13
2.327722158429108e-16
2.7508184113365825e-27
6.845915349941625e-17
3.15419092315777e-13
5.189362268544358e-25
3.4324242974700674e-12
6.150385126432031e-22
7.911439804601087e-13
9.161244250073711e-11
6.013740475626218e-26
1.1969603168990389e-19
2.2735425688970058e-07
4.778946503512123e-13
1.9444099175396905e-13
8.130324311132956e-19
3.270907746659727e-15
2.9335901256399143e-19
3.303335266692914e-16
4.2730173216023676e-14
8.954365136290723e-06
5.857566405084886e-11
4.338672005593283e-12
9.552339082540559e-11
5.2594440533225156e-08
5.0733207368945277e-17
1.087531462108669e-13
3.727097930778328e-25
4.499858621668845e-18
8.846684802592087e-17
3.767172597978491e-23
3.869111198211395e-13
4.114845030857134e-20
4.236606643291762e-16
8.60571362505036e-07
1.9793352772293755e-19
8.365456861308072e-13
4.3433439576449926e-21
3.0268111729402885e-32
3.109326652184531e-22
9.334423056513008e-13
2.99107066611277e-40
7.61358114123672e-15
7.111632892085277e-30
6.513656698147521e-28
8.222267013810042e-07
6.092085988152285e-10
7.297884306468918e-11
7.577673784929886e-24
6.472037758756767e-17
4.933034216876243e-15
4.3971724533075943e-10
4.011624037810538e-18
1.6711532933675798e-06
1.2455100256368768e-23
1.4869903423704266e-14
1.7578223154312908e-24
4.939834699407878e-23
1.3588475403193008e-05
9.196194959310253e-21
1.061531098579104e-24
2.3140598409316772e-36
5.315771825092265e-25
6.7852856435044144e-28
6.270084408196885e-08
3.823077699760738e-21
7.015711610356385e-10
9.825673782296495e-11
1.3050728036625247e-22
6.243977703472444e-15
3.215674295540231e-20
5.412111180021503e-28
1.876021096820033e-22
1.4222570618169379e-21
4.148237547115478e-63
6.586574865024867e-24
1.5017249687993453e-08
3.581629144214179e-10
8.900716863710072e-09
1.69431779103092e-11
1.2510881893278215e-08
3.5043138540883643e-22
1.1961349489140963e-15
4.1075601803658415e-28
8.630672901941615e-07
2.8849831732358476e-06
7.391975521133196e-07
6.358478661612461e-26
1.9966432274795034e-42
3.4605088530849707e-25
1.444120958989241e-17
5.66568136240956e-21
5.974172479630877e-09
1.7319920437280535e-09
2.3313131436857464e-23
1.395606136620077e-07
2.7818312555406376e-13
4.0217048450369316e-22
2.8911332834713147e-22
1.0277547809585278e-10
1.2044245426550712e-23
6.215974514354676e-14
2.433676518360405e-18
1.2058612703326233e-05
1.5943623170110586e-15
0.0020502169868194197
9.035926935534516e-07
1.209742659888156e-11
2.1756779143002538e-08
1.2012414177440242e-23
9.580095016112206e-14
1.5345547601125203e-19
8.037592300028488e-09
2.217029804610447e-22
3.5564532688081127e-16
1.371400419575873e-19
8.515736574179146e-33
1.0492578200730803e-24
6.494889413755177e-23
8.4252106252641e-18
1.644817964711943e-24
1.1847462387935267e-17
1.223896525705898e-39
1.2623345991978226e-26
2.262055844284302e-25
1.7143094782349088e-10
1.2311308415605305e-20
6.306355032121351e-31
3.260110794265346e-26
2.2853026940358212e-06
1.500822135308822e-26
7.164726664762566e-14
1.2156668402366854e-15
1.3183332648932825e-12
2.8126749008348885e-13
3.4620710647328847e-15
1.842883357671553e-25
1.318717569562265e-26
1.4773159895532369e-27
4.8369242616619596e-08
7.565646623787391e-19
3.8588042931524927e-22
4.923749222707173e-28
7.470462410326109e-06
2.126241800468788e-21
5.058911579673926e-12
7.851908403632552e-18
3.547325805170914e-26
1.7180721238501681e-15
5.740187088698277e-08
6.144694199786015e-15
9.003720382014508e-33
9.132476918851385e-08
1.1623661136434336e-21
5.1307777853020143e-14
1.8413257517201865e-11
1.4115344431704916e-15
3.991265255300182e-34
8.230029556754933e-07
2.6798503332105115e-07
3.4326066969999046e-20
2.7119890172440997e-15
2.2035026527811055e-34
1.1597007500274872e-25
1.6975757504180025e-08
3.336961026755108e-20
1.2706202758110211e-19
1.4758243730373025e-20
6.5139205271752e-31
1.1305654612412221e-15
2.689419425294239e-19
1.0010888488377035e-06
2.7255744050740726e-09
4.008070312479646e-22
1.4361472134310517e-28
1.5233616570978472e-21
3.177205485656039e-14
2.286395559586109e-24
6.705195804477739e-11
1.906874921797666e-07
1.6812047230602556e-24
2.5742268271425977e-10
2.736824927614225e-18
2.782781068176548e-09
2.74993164253668e-23
1.5729822340482632e-13
4.648760316806933e-31
3.9633028300987156e-19
2.316814586607126e-18
2.0534041355299844e-27
3.628949452749327e-14
1.3259808329337074e-10
7.527151508844921e-10
4.1531437577105676e-08
1.3427122859763077e-05
5.014989643558491e-20
2.434029256322593e-31
1.5180888033752547e-13
0.0011490041880219824
9.785974826277914e-19
4.248946276236896e-22
8.010114809482723e-09
5.55292813018628e-15
1.0596079486063572e-16
4.411164421674256e-19
1.639948595639142e-26
1.362249625615046e-25
6.707207509677279e-07
7.316630626019694e-09
6.562296206044744e-15
5.0874398567796365e-19
2.2662058098540034e-06
9.785153587608178e-19
4.209464522467035e-20
2.711401607504804e-29
1.2794910849444307e-09
6.390018896611737e-11
2.2876460892614376e-05
4.368452760438469e-11
2.710604788726603e-05
4.032243954226829e-12
6.433254903829961e-20
9.358184256959379e-27
7.151817779093782e-34
5.452180258728368e-08
5.983274269897491e-07
4.2439411462151857e-13
2.1496781152213968e-08
3.431059091471102e-35
1.0229945790407875e-05
1.0498339207781314e-10
1.9540058869076934e-08
1.0761636899396561e-22
6.98833095825007e-08
1.508969768318698e-19
4.233367515482036e-08
1.1244746322599388e-09
4.3566049410916366e-07
7.282691967413039e-28
7.342905726062133e-22
5.9337274882988065e-08
7.266673427020189e-10
7.355795002419002e-40
1.125153335231616e-15
3.5746163210635686e-07
1.0089287537948755e-21
3.305843728712949e-13
2.577709889677042e-06
5.215309945832492e-22
4.5327606340067845e-11
1.102138575845299e-07
8.465690543135219e-47
2.586275595595869e-16
2.669138266794897e-17
2.4131233686978893e-21
2.8904946835352716e-12
9.131346967345912e-07
1.498221888700634e-10
5.587890661276582e-23
1.674914419894324e-24
1.6324287940934668e-12
4.2498797088337355e-12
3.862368354417476e-07
9.039688753632952e-09
1.0253565897576501e-29
5.96220190724879e-22
1.2055968988188463e-14
5.118497931763076e-10
8.08692614592525e-08
4.521351107382319e-16
6.950472902262807e-11
7.329404690849508e-13
1.7402342687546843e-07
1.2659579927145488e-15
5.1615153900587e-10
1.1228401222855118e-10
1.2567291291237776e-20
4.886359778244892e-06
1.195606479946872e-22
2.345126742145725e-26
7.81882161305291e-20
3.758649124448295e-13
1.844151583563976e-10
1.886879260031022e-13
9.407902029616186e-30
6.418587129074307e-11
7.085863259044557e-10
4.4730084221073224e-07
9.060933209526065e-25
1.2867506610136817e-21
2.9625683898685453e-11
8.84081468748961e-22
3.3627121020866886e-16
3.412305368391552e-20
7.9177597246584545e-19
6.278186997346848e-57
2.165895324279978e-14
8.531979538499163e-25
2.0489021700542652e-11
1.7095496861740303e-18
1.1385708036248156e-28
1.169448355797441e-21
5.192220964165649e-13
6.730592636529497e-52
1.3917564911272353e-21
5.015069240801288e-08
3.497933222239474e-21
1.6623183174447711e-09
4.692186187420758e-25
1.4350491683730107e-06
3.1212635845735924e-10
1.5199116017202085e-20
1.6947495735995975e-14
4.688125527001941e-21
0.00017421023442418297
4.607689181366145e-31
1.4657583441326136e-14
4.3824648612630816e-27
4.3242292948758127e-07
5.025698318042874e-35
3.2080165055232416e-21
2.0049308705144655e-10
5.799227654914378e-27
8.911642695932899e-25
4.8258044814843207e-23
4.344834230582658e-09
7.039592326518848e-07
1.7724235760826805e-14
2.2300464200816205e-17
4.9282406624233886e-06
2.0242914138869972e-14
5.522201721287344e-06
1.5067703190784882e-15
1.180707102595733e-20
2.700737125589839e-23
5.700123574927918e-17
2.8390734878929647e-26
2.8232795453733325e-07
1.0023113031125532e-19
2.1800585484986096e-08
9.569827423638945e-35
1.9314401475029628e-21
1.2636004525750123e-11
2.744954306876011e-09
6.412170173116748e-17
7.74368229644458e-14
3.403036981718142e-10
3.234762628784824e-11
7.866470268973999e-30
1.5043853128510247e-23
6.434424989333948e-09
1.8619675867099055e-17
1.4185541500899135e-16
1.5013584147444441e-09
2.3749382517586836e-23
6.7352151613006185e-15
4.170993463493825e-11
1.0057947611410433e-17
5.3085855239102376e-17
5.768798334108007e-09
5.892015552304186e-23
1.6251974980150197e-22
5.394535892388802e-19
6.634873223215803e-22
7.590771246866451e-21
3.9829227295582944e-07
1.9331143394718525e-05
4.2940673150863135e-07
3.861627118890895e-08
6.922616753961928e-14
1.3680655469968333e-23
2.3974682633715806e-13
2.0995043283281756e-26
8.185495919270929e-07
1.160753400850386e-09
1.8358232970633082e-13
1.3566863136346833e-05
1.4773356040251511e-25
5.521657168534116e-21
2.1477535372215082e-08
6.848030608543466e-07
2.5311849691102093e-12
2.374518586810551e-11
1.868251123111556e-06
5.6932264459334534e-08
7.293066976109536e-12
2.441528587551231e-18
2.0048357275490778e-22
1.1539936390686197e-18
1.977215391447126e-09
1.5284838001524376e-13
6.03003636475365e-06
1.8319301603727098e-18
8.194534066548698e-24
3.049304302796e-13
7.33877871739384e-21
5.659893699237787e-07
1.147070787817548e-18
3.1513824599498037e-25
3.4543324219211517e-07
9.632209418067636e-23
2.6937576559655465e-10
2.0016795741511325e-22
4.353196293787371e-43
4.0751984802326124e-07
3.7923372215766713e-07
3.8245384263692485e-23
1.456164729633582e-08
1.6598712306856678e-18
9.451915005172439e-39
3.594595438322707e-09
1.2653389012971783e-18
1.7387462323666954e-05
5.180987103465548e-19
6.422013077221871e-16
6.169492657460648e-05
6.001035169792492e-06
8.298806721322494e-19
1.4506639234955428e-05
9.883489479280474e-18
1.0762928229875213e-18
9.373925509763565e-15
2.5951484232166573e-09
5.10072216729028e-07
1.4111605309219528e-09
1.0520311906146075e-10
1.2506047402396883e-21
1.446627881572565e-11
8.366914990286806e-09
1.0835606185404406e-20
2.082728548854144e-23
9.094264992682878e-24
6.528745666022696e-08
1.0953107562711292e-12
3.271781820021841e-14
7.496398484227239e-23
6.640757707502417e-08
8.262492526272028e-08
3.131548613804755e-07
0.00010074760569845369
4.0848144028754736e-16
8.046773528451801e-16
3.349112101034985e-09
9.896172632023354e-41
5.556839498805805e-21
8.633713310980152e-31
2.1141748601922328e-33
8.42647858450309e-06
2.696563445908263e-10
9.483504143062353e-21
9.403500851641055e-16
4.0419181670885104e-06
2.6772179634788377e-18
8.18798198289121e-25
1.3909630902542353e-24
4.958207976969881e-22
2.722941200186514e-18
2.898568769705094e-22
1.1005078161861224e-23
1.5186400589839285e-23
8.677841422993067e-40
9.596169217163925e-23
2.489103771452368e-18
1.1408383162272923e-28
2.2170474403100357e-05
1.3666990388951664e-10
4.348110120259181e-22
4.399056201765875e-08
1.8007158801461214e-06
5.8910299871495846e-21
6.937552592616367e-12
5.419459150823444e-16
2.1114924085957143e-17
2.6011127145892565e-07
9.474341770698087e-17
4.657519458139394e-25
5.1634751486565254e-08
9.281025553329667e-12
2.156940183096171e-15
5.998834465319622e-09
1.6539672942152357e-27
4.2729684284774167e-19
1.6103215924705687e-19
2.673530650766462e-16
2.6639559361406127e-16
2.7197808686370565e-25
2.953374328199842e-25
1.7381229252198342e-23
3.186653119139302e-11
3.88721546318438e-11
3.113469627894171e-14
1.2597032159841938e-12
4.361693057790725e-22
2.910888988312686e-25
2.0009393164816734e-18
9.162468022135415e-20
2.3635298168476003e-11
6.29955695570657e-28
8.494158144801588e-18
5.751716241164265e-13
1.180706569202596e-12
1.2995703390136117e-14
1.2475316487055101e-05
8.1077569905654055e-22
1.0972528145906585e-06
2.143429979289639e-13
7.390057541156036e-15
1.8977603714772395e-06
4.3288257662272255e-16
4.0660456265265707e-16
9.172805010430323e-10
8.673060784871121e-10
6.672533439313238e-07
5.2598629537219295e-20
8.475812596948646e-19
7.928142084489335e-16
2.006139569976237e-06
1.3115793814822957e-18
4.502695947908468e-08
1.2750600025357864e-23
4.512469189959511e-10
1.2142071782420017e-27
2.813461027498384e-19
2.757851911930802e-14
1.6976467987144387e-23
1.1366753009730323e-06
1.840151211557613e-26
1.165363378579653e-24
4.822942883897279e-23
2.3161779421498615e-27
8.862580971929122e-20
9.130451209950222e-11
1.33908524838716e-07
7.812656472861957e-17
5.683517627640485e-09
1.0627246178683501e-13
2.3265386429545883e-11
1.4802574035552433e-31
3.221533765271424e-08
9.08343275531226e-06
2.9125267119571873e-07
6.192103158039366e-14
1.5616744706959344e-12
2.0882391004853716e-05
7.228662986249795e-24
6.60854199948182e-32
8.749245838648348e-23
1.3004403089112396e-12
1.7750841729091022e-21
5.3838739257391274e-52
6.22513251365885e-24
4.828197415088077e-21
3.3786262935819443e-10
7.518696859855442e-25
9.354339621706565e-22
3.2839127580063815e-26
9.977595046441401e-17
1.0765275140621599e-20
2.125282177627454e-06
8.771198053919607e-23
1.0742424071890932e-16
3.668330668443055e-11
2.400781641934944e-05
8.151210740364469e-13
2.5848501207257624e-21
2.305052425407134e-23
1.6562405783280803e-10
1.9073902458946534e-21
1.534557789258486e-21
4.5105371999665244e-10
1.1389052194976263e-16
1.1093747361829266e-40
6.204190188314683e-14
8.118547279866821e-23
3.488723899403001e-09
2.2509503965475352e-26
1.148147559068806e-20
1.834390415722353e-32
1.6161483628263491e-15
1.5194311830942948e-13
3.1633333017332403e-14
1.1698606287219979e-22
1.0906582403029662e-17
1.0364374355566449e-20
2.589733270578865e-15
5.5970707236723595e-06
6.226488142828939e-06
3.916533062573617e-15
5.3412864584721536e-14
3.0747150831844893e-09
3.5861463071221664e-17
2.3567694057754242e-12
4.421630490126435e-17
2.2016099054494988e-10
9.002817956751103e-21
2.0158083010080952e-20
3.7309364389330967e-22
9.633353879758785e-08
3.943494794501015e-10
5.743865303678207e-10
3.5579675070157697e-07
1.1298592241382885e-25
1.17211908569053e-07
2.1210485917534346e-10
2.8098541387063223e-14
7.945484725289329e-05
9.919309655997064e-16
6.720126042458152e-24
3.1471252288660692e-15
2.6990694152780465e-21
5.895787915961397e-19
5.980361796376295e-10
4.387624692810805e-11
4.084207533317453e-17
5.502919845328625e-09
2.723615938391216e-07
1.0841277135931974e-10
2.9492561808565658e-08
3.011678731589349e-18
8.53661679925212e-33
3.112923853275051e-09
2.1129975760797184e-17
2.6996367853409684e-09
1.001445888179392e-10
1.5595819869047928e-22
2.3589210247592554e-10
4.324101635656397e-22
5.269030302670517e-16
1.2723149650205762e-24
6.557724876213556e-07
4.303063094128641e-22
1.3133047275133857e-06
2.006498800864942e-22
1.771676466689065e-17
2.873189354821348e-22
2.137231342922468e-43
1.0285138684284163e-40
2.8745821460117308e-06
6.338117375701291e-16
2.2959692002391573e-20
5.090318151909116e-18
3.2735431257272786e-22
9.937506483762385e-12
6.241660253385277e-24
1.0168352669313944e-13
3.4736548285719823e-13
7.084704631689504e-24
3.3623924388336336e-05
1.272646063185077e-12
1.6281800267819436e-12
3.1964009870018126e-27
5.859098609403652e-05
8.236096990117828e-14
2.141099927764085e-24
4.430053805341794e-21
1.8445855729571371e-06
1.5796775360316254e-26
3.1859731442286564e-16
1.4611300973281278e-31
3.1667321362509615e-12
5.178652215541201e-08
4.5090800402906844e-07
1.5445618492221986e-16
3.223465085492428e-16
4.48535057010943e-17
1.517647231885487e-10
1.8174673459858247e-20
0.0005552764903772777
5.321622737765369e-26
1.1240849529769642e-08
1.654946256178251e-23
4.1687852770321256e-30
1.229378448658009e-11
3.4154458665896194e-09
1.859409339921028e-23
3.4635596308749796e-24
3.820130691257851e-06
7.16093037588342e-11
8.042121353415703e-22
3.349891997035974e-22
2.880042588536819e-24
1.6326101292037707e-29
4.136384700160636e-27
1.1108848791011882e-06
6.417337329968421e-18
9.575044745876689e-14
4.2125316237001135e-10
2.0278815833001652e-21
1.0030611227953657e-17
1.8538281967709867e-23
8.46238933071861e-37
1.372729654365006e-19
6.905228712059112e-24
2.4114591330587557e-55
6.818248065059678e-22
7.028755432413393e-10
7.731973937632759e-07
6.384310904555097e-20
6.413610710145969e-13
5.536996125438393e-10
9.498022534628417e-19
1.094673350872604e-12
2.2026991634646556e-12
3.325651258934709e-07
2.830211145131335e-23
6.203272260306041e-26
6.867828885971541e-23
5.890161891254371e-13
5.945868050401577e-17
7.386694614079425e-12
4.0541098476495286e-18
3.5812450493842503e-16
0.00018860625050804876
9.736474088699375e-22
4.390022611320215e-16
2.0935068962789667e-30
1.0059017070616968e-08
1.13152380239447e-12
8.031653020601551e-31
1.452623985721699e-06
1.3079836177446723e-05
5.3794676681303876e-12
1.2178864557776386e-05
3.121297287590726e-16
3.8193569727011656e-12
3.7819212946670385e-07
2.810214447064038e-07
1.0708415792932546e-30
4.800353091610547e-09
3.2936061300705245e-19
8.213300746294748e-23
3.573697457648953e-12
9.67748877057424e-18
7.64631970596376e-24
5.2184853658901355e-14
5.89582930455259e-27
1.3322063602002595e-10
5.5036166047609134e-17
6.44185346865772e-07
6.597202559049312e-11
4.688515341816226e-13
3.416595040921226e-30
7.118749654308221e-22
1.194166644926646e-13
6.005601397115355e-32
6.557221434428912e-13
6.13886766687062e-20
5.065380384715862e-06
9.813230515180568e-21
2.79998719314393e-09
3.309692199918939e-09
3.0208517329216226e-16
1.9015766912585516e-11
6.015080012772333e-11
1.6111052126672445e-06
2.7889927957667213e-27
8.627584258967763e-07
1.4989287945902725e-16
2.787728479368599e-18
9.650364121296487e-26
3.7863950033441315e-25
1.781139023540204e-15
2.526748613321234e-08
4.764567638250644e-22
1.7941627285068996e-16
1.8567497003236853e-18
1.2943375226500039e-08
5.101170979253693e-11
5.5988692727835665e-11
2.1361712930839267e-07
7.203312292348025e-20
5.1645014366406774e-40
6.180193752416957e-14
2.1238647158836372e-13
2.0593703319855447e-20
7.488321923567959e-23
7.405954395719744e-11
7.4625078867786e-14
3.308432484493117e-07
3.2179749939781985e-22
4.6793687784031954e-20
1.6758296073063526e-23
5.704777202520421e-31
1.414909093593981e-15
5.6947190349861215e-25
2.0882609863924356e-06
1.9875526252976914e-07
3.6554386770846685e-17
1.3263822790545482e-24
4.922200469712281e-21
3.880411652143649e-23
1.4935459891075954e-32
8.411516615703828e-23
5.0389814381593106e-18
5.554299644306668e-30
9.058142045897065e-39
5.1444388811755485e-31
4.531125031600484e-15
7.263988712164537e-25
2.040715634533704e-10
1.705254664633589e-11
1.0886769066864336e-14
2.2685263972265907e-08
2.6869353895109017e-22
2.5152352683444524e-21
2.067477776945664e-07
3.7782708497181617e-22
5.403807794666345e-19
4.936868389713038e-14
7.88032518411191e-13
2.075365324568114e-06
5.2997774488979514e-20
3.7594438053172976e-10
3.4815907401525545e-22
2.0623438150371643e-09
2.430651024538569e-23
4.347828147580489e-15
1.1686318821970432e-11
2.3034037090624667e-23
3.8004091714262963e-17
1.1539228510291741e-08
1.111914490953116e-32
6.024886048622872e-20
7.699187190596807e-10
6.824907594027522e-21
1.2863316202156716e-20
1.3948191444072999e-16
1.0779648833675552e-30
1.1674427801506052e-15
1.0718259646751062e-40
6.377739925304844e-23
0.00018298219065595133
2.351763074761896e-09
3.9310026635509263e-07
1.0326375025883785e-26
1.110042391075508e-06
1.2603906691012414e-22
6.363677298395146e-24
5.138598894534699e-12
4.837608636771853e-25
6.5453145748554045e-21
1.2726385623356922e-35
4.761126832123942e-09
4.312024999838722e-10
4.593517822001056e-21
7.885057922598796e-27
5.460830982340638e-15
2.205042378633302e-07
1.050850015867382e-35
1.16489346198684e-22
3.0389078212718227e-16
6.460484868973667e-13
5.787088456302027e-09
3.929046055252428e-20
2.749831927208573e-19
3.177449131237424e-16
2.0132348026805006e-14
1.7148837931701153e-25
1.6716367032217726e-06
1.4846939955105059e-18
6.059548434281828e-21
3.1243425418506497e-31
6.958811437442185e-13
1.617523874148246e-19
3.0410665882761455e-39
6.293534239866845e-08
1.4254367029569097e-06
2.4469698411896145e-16
5.926806387336081e-13
7.813717470765971e-22
5.452921595303625e-16
1.1730281465072287e-21
2.384867361256363e-31
2.0563258402563813e-20
3.67973886521593e-08
2.0582037460018158e-27
0.0006599741451823673
5.597083776057128e-27
1.8823607131542026e-20
3.0869196283653537e-21
1.146809557890519e-19
1.0046088350010648e-09
2.4335783360844555e-13
2.21766288034917e-23
6.232678185081894e-11
1.5685927895156538e-07
6.5917443336922045e-09
1.1093765223568452e-24
1.7751344378549393e-12
1.2808927023207362e-05
3.016501496770011e-36
1.1469530177927686e-24
5.682680037180665e-21
4.873245544039888e-18
3.381203932195848e-25
2.9748719161543418e-21
1.19089188241727e-33
5.658461521766393e-11
1.7444752026527522e-17
9.955110315567928e-13
9.514768619547966e-23
1.2062047129228855e-14
1.0651392729494354e-08
9.936020797374676e-17
2.5260244611179222e-27
1.5248458253579114e-24
7.880993816182989e-21
1.2507717839894231e-29
1.6624476542935946e-05
7.012728224390333e-15
3.5822833389107325e-07
1.4793582242796416e-07
3.734786909589686e-18
1.8413946067866936e-17
5.839193512216543e-11
1.82324675446822e-07
2.4343099710982675e-16
5.3552841154515044e-08
1.4052166801162879e-19
4.237702357711208e-21
2.709124480624784e-37
2.121928394664669e-08
1.4318061849916994e-18
8.801246990710698e-17
5.563851253047314e-23
4.2406250012838184e-08
8.161691384556603e-20
5.167755886103484e-09
9.308140483044299e-23
1.4843360291375495e-07
6.779808495991282e-06
1.1750294244990724e-06
2.355621869405268e-20
1.1404915065497296e-30
1.3642888683289597e-06
4.602936270243272e-08
5.651225498296718e-19
3.109035815443503e-25
5.948077464349961e-07
3.2373214675983532e-52
2.5605440183529996e-22
5.0697911091527846e-20
1.3667206379296654e-13
1.3280621418323527e-11
5.997820270786679e-27
3.9713412134096864e-41
1.359569050000409e-31
9.546078336940715e-20
1.2069261904291521e-22
1.738050818703897e-15
2.6442328408549957e-10
4.77041798027183e-09
8.07023324608745e-29
8.616685193217509e-07
8.577931427765463e-14
1.8813170731573775e-07
6.305041127244549e-19
5.168945782002179e-07
4.213246470311217e-07
2.66832136926212e-11
1.96755448564155e-15
8.83968081943123e-28
5.004703197961008e-19
1.0364556551337967e-16
3.684984532832053e-27
6.164915421735595e-28
8.827992564751974e-21
3.202247255303243e-18
2.6568784074527215e-07
4.678568938536019e-20
2.1157073843669706e-25
1.2290857715506402e-25
2.4333550515762824e-21
1.3995790535127669e-11
2.3940801968008414e-07
1.9984008927313417e-23
6.070283603909193e-08
9.916473027598097e-17
1.2292158274882001e-18
0.00017819558934205107
3.63129586200347e-20
3.8213381562167316e-22
1.8639073568320384e-30
4.693815623826067e-06
9.995773598750666e-32
4.835601734134013e-16
7.329465348750708e-19
4.495723619297671e-20
3.558594373434582e-13
5.699863855577321e-07
3.526568436497604e-19
2.0814250169213057e-12
9.300891708603806e-28
2.459591355555047e-13
1.208773277696016e-23
3.08396189404409e-23
1.3584399474860098e-20
2.815076696264874e-17
2.894796329987219e-18
4.9270402370548014e-20
1.1309880380940464e-19
3.991149586259654e-24
1.72182869537255e-20
7.027948815595937e-18
2.991439166420184e-08
1.354607316625378e-21
3.616794408395026e-16
1.2935594278199438e-07
7.795080143968896e-13
2.516266346829537e-15
1.2856496252148076e-15
3.399694395065305e-26
1.7859273599379825e-21
3.545928816340204e-16
9.090684860845274e-09
1.929003544714644e-16
1.407081420674473e-07
1.8246761622617713e-08
3.339150338242549e-23
4.4585122010688465e-23
4.1399500547717636e-08
1.8803941963062415e-14
5.368274238999626e-14
6.265421947617917e-25
5.5735668915238214e-15
3.45907262757213e-16
1.7866885394670662e-24
2.419535974008715e-06
7.161021455519717e-19
1.1744406819293214e-31
2.7053783277923142e-08
3.402349998643713e-10
5.349837042620417e-10
1.4617310185180433e-19
4.879596364500404e-23
2.176499282894122e-18
1.2841319404082123e-21
2.2721610790650682e-32
3.244823991193056e-31
7.018990784473329e-07
3.3835467656404324e-23
1.0187147785220622e-20
6.929115717882642e-29
3.034466781042257e-13
7.108055934969557e-08
2.5321101913810948e-23
1.5073394560799586e-14
3.6975774251251553e-09
4.325449885864355e-12
5.5039310640347755e-09
3.820336091490709e-23
9.356554573866706e-23
3.1146549081817126e-05
3.592861626978099e-12
8.116922684682345e-14
7.075092360713802e-20
1.6419988153120456e-26
4.933474476835107e-22
0.00014769623526057822
1.1800150655028238e-08
1.1635877866112267e-17
3.5686953614551744e-12
1.675696937237612e-28
2.3445991423065324e-11
4.0001279630586065e-14
3.834748278533444e-15
3.0704290164365275e-10
2.8726658647910437e-30
1.408842008786668e-32
3.009174763744674e-12
1.582959031253403e-38
1.0329624240268894e-23
3.9605015334960143e-23
3.3330432328153104e-08
3.113725813495213e-29
3.5716850786805045e-17
6.186027167165016e-27
7.244560672627457e-14
3.370545714917713e-16
3.055004752223495e-07
2.8282471968599138e-15
1.2960130093083406e-09
5.492461255519572e-24
9.06029605137924e-17
1.2476257534815346e-25
1.3772867793187785e-07
5.0174868087004976e-08
2.758948211692405e-18
7.457734461188395e-22
2.5029731106524493e-20
5.976866516264186e-23
5.079839135039802e-23
2.1437845271764868e-21
1.433456096299505e-19
5.219198766742632e-30
3.142904932233901e-25
9.18024102760007e-21
4.0376865792057466e-22
1.1171962127383168e-06
2.3100547357397147e-25
4.397021501965251e-07
8.981393769860803e-30
9.342050034115523e-29
1.9457547610209852e-28
2.6562614390054166e-27
5.052825388387765e-16
1.6683046319023867e-12
3.752797813697646e-18
1.3354662271496777e-18
5.191977379335031e-24
2.802775265150944e-13
2.1025991724543945e-21
8.154875826412365e-40
6.3089133705915e-08
1.8621390829273995e-08
5.159483411011964e-11
1.6671505479054454e-07
6.624013770001966e-08
8.397471337391624e-08
7.266142988612779e-12
1.8107755093097936e-09
2.2077799791304816e-16
6.27920172843529e-21
3.2089899588431446e-27
9.067798719233362e-10
1.3181272414216444e-27
2.1278501618021113e-23
3.207296481181918e-25
3.163895421541306e-25
1.509429620140361e-11
2.645282365755511e-16
1.7250621316381798e-06
5.57830442547212e-23
2.976041770551981e-17
3.2809798107219237e-07
8.047478235305492e-18
1.4168624106765487e-12
2.1624215641812104e-14
1.6573100341874634e-25
3.2197792312431266e-20
1.174874503870201e-22
1.7755309591471312e-09
1.3524002154419132e-12
3.6492219960562357e-06
1.0771335123025776e-18
1.3013524741016185e-15
1.825219257052305e-33
2.7764075328332935e-13
3.631823590619554e-12
2.723721417058993e-09
1.32881634180546e-18
2.8365476258037925e-06
6.191483215694724e-15
2.0406156234547494e-08
6.786547075761916e-19
1.1911163762116887e-10
2.420317658691786e-27
1.0914727651928182e-12
1.0624272241365538e-21
9.788807052741529e-11
5.319047168000847e-14
5.889795027529985e-11
1.5187349435631342e-06
2.8438326872168403e-08
1.1254356036342903e-23
2.1109723868523408e-47
4.3591183595246395e-17
4.4932387561333177e-07
2.004064159869594e-16
2.3285849634174407e-20
1.2930132918054647e-18
6.427990380103423e-31
3.637368575722078e-11
1.9657292943598427e-09
2.2732003594220686e-17
3.54506551491076e-37
5.919927521967345e-21
4.704961473843805e-22
3.778634089190896e-24
4.6342593774351896e-05
5.6075799206924135e-11
3.151353144125171e-32
3.359316799776223e-22
1.556825514042033e-11
4.6866758191266905e-12
2.1544666694306344e-24
1.4346222705629976e-19
8.043559746062709e-32
1.5371951453013395e-06
4.2771906098269384e-36
4.332062068770285e-10
1.3690003146142811e-17
3.6184049756847455e-23
1.7942379675109396e-23
3.2680972058142625e-24
1.5690664630316246e-19
6.31491893795179e-05
6.008730352441191e-12
3.1817650557402013e-13
1.0270914557016988e-56
9.654020587957781e-37
6.329022051370283e-11
4.1194317567546805e-26
7.250001663894732e-11
6.625376755047863e-23
5.306661760171407e-19
2.6787997076034486e-22
1.9324428635518515e-20
1.173891071027045e-21
7.336006827675635e-18
7.909060537703095e-28
4.990926881225394e-23
1.8739715199652153e-17
6.688082307920006e-14
6.956427225498409e-15
1.1276845655560168e-15
2.087356263609563e-37
5.233254366882797e-30
5.019854184251116e-25
7.472676287075572e-07
2.815828874101214e-06
1.350157092433634e-07
3.672704925563501e-18
7.615776855531707e-07
1.6504460148886008e-07
9.570922120851747e-16
1.5875891237310841e-12
8.559747022652742e-19
4.2661402229582243e-10
2.085831893048343e-09
2.394066638722042e-19
1.1714676088940625e-14
1.055079340571813e-19
1.3948442152630287e-25
6.225864358995894e-06
7.570735216533429e-05
4.2180750740791304e-34
8.897975034762117e-29
2.4009436231433007e-06
1.6816574441866382e-22
8.582560066501878e-06
1.3553964559711707e-14
5.326503412506948e-10
1.1226719610259551e-30
3.0260962074513782e-21
7.70633659804997e-20
1.1990770641971743e-09
8.878237443167275e-13
9.280873748915454e-22
9.525869213930733e-21
1.777867996192069e-06
2.2690404571213832e-19
1.2000068249311676e-14
1.7355889744376535e-25
9.553835822968283e-23
0.00010043012320122045
9.219806458446122e-24
6.862974327530862e-13
2.2483236227732766e-22
1.4719354131156565e-06
1.0425782161443443e-14
2.9334053527711076e-19
8.687868487912507e-29
3.6868166935481956e-20
8.53962796409509e-09
2.8500137191346974e-08
5.147585925373796e-19
3.0253538666075545e-13
5.264238506892212e-07
1.5614287632342182e-23
2.6717552794246016e-06
6.26880247343641e-23
1.2457181741859962e-24
8.113220690445955e-26
7.257788105257778e-10
4.491513544827697e-27
1.7887187795456842e-12
1.6531795272242917e-20
3.7181989698809334e-19
4.723687239693491e-18
6.590301952535627e-14
1.560891069132221e-18
1.5412043816064488e-12
2.01488942073089e-10
1.765173652386807e-36
1.1667673472569478e-09
3.87716899247516e-53
1.3375982225869443e-17
5.270964108978893e-23
3.4057465837919764e-17
8.036201367717401e-17
4.129612337047322e-38
0.0001384044242930804
1.57446844133875e-28
3.6556748125141435e-22
7.890414807273677e-13
4.645255258653497e-14
3.3529765477056335e-22
1.795240060581366e-24
1.1686050062601704e-07
2.4819335126846755e-09
1.325809740492123e-10
3.8704328441703895e-06
1.6077372893004083e-12
2.465436989274151e-09
8.37001389641101e-22
3.1338818673813893e-28
6.725053542181875e-17
4.9040836643811497e-29
5.4185787766538633e-17
1.1540124981855181e-06
6.757224218511497e-09
1.1917671629131064e-20
1.6625142901810704e-22
9.096308729630772e-11
2.289574823213415e-11
5.871134955253365e-07
1.9666731512315417e-16
9.640443626870336e-13
2.4490887452388076e-16
9.43972621784846e-15
7.184769106649207e-07
1.6475382447364392e-13
6.0966847958382825e-15
2.2934428397639638e-23
2.206744142396333e-12
3.455397858709491e-07
3.1855271035332513e-06
9.333006501874483e-33
1.7040792877227852e-20
1.055363103417705e-10
3.1363502088230513e-22
7.291557509487252e-14
2.1121676048853486e-27
4.1082447221883614e-25
2.5622082645795227e-20
3.3580604157066915e-07
5.480218460291e-07
1.844373454609291e-24
2.462131493747112e-08
3.402644161741845e-17
0.00013321869100127746
6.381195403596474e-15
4.618334295427965e-15
1.0769778615750615e-19
1.7427861092806738e-19
3.30182605522501e-25
3.1334166145995294e-16
4.1266116018561234e-24
3.417713804805095e-15
4.4098455408667926e-21
8.739984717331032e-13
8.388129505330767e-14
7.019719419982731e-18
0.00016849491751612622
3.3207495790227696e-20
7.267001713202272e-13
2.208843537174899e-07
1.13768158060711e-30
7.767565338005334e-20
6.120523313053191e-12
2.663894835491576e-24
4.946844442332083e-20
1.8406093189138675e-07
2.7185926638794864e-15
2.6885499225597295e-19
2.4154562927865978e-29
6.080749793822942e-41
1.3959712736817059e-07
1.9986967250068097e-09
4.62860939783273e-31
4.499683231960277e-24
3.6339123021399226e-11
4.728349169009947e-22
4.25549799308947e-23
2.5933135213740518e-12
8.810743664795424e-20
9.81803226345086e-15
1.8450384430207925e-06
6.236199503828036e-10
1.7979628206040836e-06
4.230006044548683e-19
4.96132330268848e-07
4.704054924154263e-06
6.069652370172877e-19
3.5979808848817464e-22
1.3604482933959166e-06
7.474897847231868e-21
7.123854256006525e-07
2.7593476272288443e-11
1.690324396399539e-05
9.020295933324506e-33
3.556325805536928e-11
8.10111955175595e-18
9.456346029867872e-24
5.55532810109561e-19
5.228801271044105e-32
1.076477775067709e-11
2.675563537001247e-31
1.5800486622661901e-24
2.5439065466341376e-10
9.867219327260587e-11
1.9763751143459864e-14
1.1968457454869466e-20
2.0887798520303458e-10
1.0350743840904832e-23
2.448075534751679e-07
6.336322174538554e-16
9.442008324447466e-25
2.462382453069729e-25
0.00011747782409850289
3.316308066247521e-24
0.00014363485729332955
1.6296421192352277e-24
1.4504941210107022e-19
5.476049711035612e-17
5.1758990294048476e-30
2.71409419703563e-22
1.6994986669889096e-15
1.6874468777462472e-13
4.335049236222061e-28
1.706806446868388e-20
5.1047383403014774e-17
2.7575745077734687e-32
0.00018603923046911456
4.885318794148338e-24
2.5492041023781813e-26
2.089985096245101e-05
8.766807710072437e-19
5.1622949023061265e-09
3.3123022518350002e-21
7.971623980649967e-18
5.453986833338329e-08
3.74185427725352e-13
7.374908287178641e-12
1.783652952821614e-08
4.56287470471485e-23
3.586671599156501e-15
2.9840851245781637e-07
5.35076870887795e-15
1.2815692149518603e-05
2.5113907361289696e-20
7.771199474998404e-13
1.1244952726414834e-25
1.5319560619256944e-24
1.342141214764417e-20
1.919092830858941e-14
1.343225104234949e-06
6.43770759678717e-10
1.396608999672491e-09
1.665430534986875e-09
1.612572448829477e-44
6.918270352363112e-30
3.594161506553933e-13
6.597206523778029e-22
9.233832062409409e-08
2.0082075004616505e-29
5.290818299175383e-10
1.852890240066852e-18
6.73292992130411e-13
1.821128341372318e-06
0.00013232712752768056
7.867107025317121e-09
1.0073511570206626e-08
4.546238751196923e-08
8.677082968101304e-08
1.0549239831928645e-22
9.372840275699443e-33
9.912208789484649e-18
1.6190388005928657e-07
8.162095138042177e-18
1.0374947703632822e-19
1.134302296193006e-15
2.603772551025641e-07
1.481500909919089e-16
8.775421722156307e-23
1.3531098287221459e-20
5.160012791242452e-19
1.961613571652514e-15
8.900301021148431e-20
2.614544605992158e-29
2.323038614543293e-34
1.4765690877837134e-25
2.293307710244967e-06
4.446972783156776e-08
2.26348430661167e-14
2.965395653400391e-09
2.1833633212430988e-07
4.342876770205854e-15
1.3355626684784374e-18
6.306991987361558e-15
3.3386269883536066e-47
7.09821855158068e-16
3.171714072700723e-19
3.766244310959715e-07
2.9391559014617052e-31
1.4584105275989764e-05
1.2678304267739075e-12
8.976829986950486e-41
4.5024890379986576e-18
4.329185221249924e-07
2.351979872525906e-18
1.5138143781509301e-06
2.886323467564503e-39
1.1103518165321022e-17
6.526861837369804e-17
3.624758179692567e-25
9.264004026061406e-10
2.030911826605335e-20
2.306257729535632e-20
1.5310893978134956e-09
4.5427271679217207e-23
1.6767246140951995e-14
1.1400773549545721e-08
6.712978005194033e-24
1.0859184611011801e-17
1.1084971855821138e-06
2.3376816587916166e-09
4.835324390172836e-13
2.047680756736021e-26
4.536825469481363e-15
5.231973127858943e-10
2.797162619936887e-13
2.8845483005680056e-07
4.000476276107366e-15
1.0084746025021897e-19
5.1556379795449244e-23
2.2674508510820198e-15
9.328083423181427e-13
1.7583257177869678e-17
1.5894046841778522e-26
1.413730089836551e-14
1.5260243591389667e-15
1.8461856659157295e-08
5.975742643984359e-22
2.503936654831718e-15
2.771670185947636e-21
3.0102738165234752e-21
2.66508139815516e-23
2.683936655637191e-07
2.6703049486506957e-21
3.616201803220973e-18
5.521868091714647e-22
7.696726116389988e-28
2.7969128467694554e-28
9.907248636972286e-24
2.333528267851632e-11
4.619656118989174e-11
1.692431169896867e-25
1.1231658721176023e-11
5.557289568479177e-20
4.5632184448254394e-07
1.9435045452805905e-26
6.485620591955509e-15
6.10321920598778e-12
1.2661838320785388e-13
1.8133625962719896e-10
2.4857586153738437e-07
1.9490283633804255e-13
7.319454535489408e-09
1.4496418957808351e-05
1.4635683809744578e-12
4.402005051512818e-21
5.803158419689312e-06
2.3160859680681228e-21
1.8484912008949593e-08
7.128659373280649e-15
2.1440340762215374e-08
5.5166490361783505e-08
4.1419245464054884e-23
1.665841103600947e-07
4.834863035213328e-12
3.952971463709727e-09
8.08251414826491e-09
3.364689977385953e-26
5.3362096466183016e-20
2.740589928126472e-14
1.74055954890114e-22
4.7579963626546025e-21
5.7879499076168775e-30
3.4563762836613884e-22
9.736644586260811e-08
2.889608437027072e-05
5.64663912469499e-20
3.541672324740129e-11
1.4536621452398058e-07
2.392739818775921e-10
7.59412677686098e-14
4.40294302313832e-16
2.3171205845779476e-20
4.391152283081093e-08
8.298902768778342e-13
2.5887315086969014e-28
5.627614768817436e-14
2.5022393384164712e-45
2.1318215784406688e-14
4.351711102112544e-06
2.7708267572761066e-15
3.149699711164838e-10
7.431238568235925e-07
1.2794595409781918e-22
4.3869045830320034e-21
2.1825959978671427e-22
1.099617715393335e-09
8.956369856970431e-08
4.389192129958873e-16
1.0769270103551382e-21
5.935475000862703e-14
2.3459946736605705e-31
2.2785126406203016e-34
3.3531757084259395e-15
2.592569833003684e-22
3.763015047057835e-20
7.983787546035821e-05
8.38194959273849e-20
6.894535934623709e-22
2.0306704329050817e-14
2.1228416869691638e-15
6.758469977725914e-14
1.5702252215760108e-12
1.5767437168912461e-19
4.013915772155595e-23
1.5604136274769195e-15
3.3206050574917694e-16
3.984044866855212e-09
1.159357570282196e-16
4.033770615409428e-07
3.1902078997359408e-16
1.6299894109943998e-21
9.72013234171757e-06
1.1011079844656446e-23
1.2038476474565719e-21
4.307258413241124e-28
2.5117582456387033e-09
2.1391019375083646e-14
4.35294482902049e-16
9.144904534060983e-18
5.252605668159684e-17
1.5477843323340827e-25
7.2970653791983e-21
5.363260586969868e-32
4.824242477086998e-20
2.9103431556373427e-07
7.661137541547024e-11
1.552805600219673e-20
1.0482470747191516e-24
5.131453064963778e-17
1.1641037311899372e-19
1.7905742669070347e-12
5.617350401798268e-11
1.3902894390749023e-21
6.775730393470674e-21
1.4112196850053193e-27
1.3418002754904872e-40
2.68475573979916e-29
3.4028913411386234e-15
2.184405827178962e-05
3.514954414631768e-15
7.038634892967257e-11
1.5972327455941025e-17
4.372745099853806e-19
3.675907549141248e-29
3.791104110229137e-07
4.819833501086235e-18
1.3053661148197894e-05
3.312909266744259e-10
3.509433497992435e-11
8.261538291194e-28
1.7939403557469634e-07
3.171728205576135e-09
3.559712643972099e-23
6.03747589494154e-15
2.213526366721061e-25
3.115289519883034e-21
3.459306167460222e-38
2.171223484904054e-11
1.4591924117512788e-20
2.1289681414478512e-12
1.7532666616490023e-08
3.9325634679548e-18
2.7742284417685997e-11
1.914469562999996e-23
4.1374253446269255e-21
9.234015212413504e-07
4.454317756901773e-22
6.044425714264195e-20
1.2924399324792376e-06
1.2864110873290125e-23
1.3753673690049688e-16
1.648190800229694e-24
1.6652975670270314e-22
1.3832883890139151e-16
9.276485030364142e-13
1.3546054137916007e-06
4.120069638911388e-24
5.491117896008093e-14
8.505159768090763e-07
2.956071947925879e-11
6.765852291631623e-07
3.8433423949123943e-10
2.4657346490131303e-19
1.472549101702832e-09
2.708115890768747e-18
0.00027962951848856603
4.202695244729603e-25
2.715353017809904e-19
4.1433862046608336e-13
3.768884435362598e-14
3.571900869464326e-28
6.8536050533901075e-09
2.309205201634709e-19
3.5963170720960813e-09
1.779222169928228e-14
3.795632882332564e-18
1.8110802667766693e-09
2.0325484741606637e-07
9.040383830231154e-22
5.388815029644074e-20
2.2776509049759044e-07
1.3048254629527597e-19
7.0235389583186e-08
2.2773601187041244e-29
1.3714472168838612e-24
1.2968856058294507e-08
8.02847564404247e-20
5.988052075492454e-05
3.2084097218838374e-21
1.1012523768988749e-19
1.0356459067533658e-19
2.600735030138117e-06
2.4849968467389333e-08
6.159566712712359e-06
1.7674755032788316e-06
2.0638616090627867e-13
4.35417254672379e-14
2.6686258674528866e-12
0.00024222335467512853
1.661628790229455e-18
1.9481802195413002e-19
3.051211827163735e-11
1.6994984025465556e-17
4.144180958546892e-20
6.34340051134841e-21
5.963286022535946e-36
2.3174859300418475e-06
9.537323134897828e-18
2.471961509557273e-13
1.0361834211420425e-07
8.982374217266558e-33
6.818423938485107e-26
1.872788861915539e-08
4.0411272104821915e-32
1.8306298041251304e-19
2.6089728957271278e-18
1.460172239490166e-14
2.1148743379464208e-09
6.973424592568936e-29
4.974004031274049e-06
2.569876469392091e-18
8.905593093241797e-18
1.3897714105943782e-24
2.285531029516374e-27
1.1297427789345352e-14
1.6599008121779655e-10
4.8749730981986625e-22
2.6572464828837795e-27
2.124116847559069e-06
2.6791579966083386e-07
1.9378684234468515e-19
7.691003743742695e-27
7.160710421371216e-14
6.37873035632154e-16
3.152671623672733e-05
2.1681364694931967e-16
2.8310212347876354e-20
1.0167194922008028e-07
7.681004053168229e-12
3.086461113644506e-12
4.7831252852570375e-21
5.43336758483889e-31
5.937604873695342e-06
5.4877014603936364e-24
1.0725461694108283e-35
7.831798315701445e-16
4.527511557412535e-18
9.275740274986268e-23
2.598247226334777e-19
1.451311323316641e-17
1.2022610729876783e-24
1.4052435417954814e-16
2.2524863324786208e-14
1.7623065059019044e-06
1.9767738110591475e-44
2.2770407123874464e-35
7.426381195754238e-11
4.807365708439967e-07
3.1898835313822545e-20
2.3807150243004125e-09
2.154973355660193e-16
8.375719507594383e-20
1.9300957604027957e-13
1.81268675166432e-22
1.6565526479976e-09
8.182236415736326e-06
0.00028235930011403284
5.0519356602172294e-24
1.4533362379151844e-16
1.2169954334499722e-15
2.3063878463063777e-15
3.6771204661080555e-22
2.16739592341302e-25
3.9947041286610125e-08
4.2162389774183515e-16
3.81129990772047e-30
7.844602059377939e-18
1.9494504463790804e-15
3.968409249033584e-13
7.996068746744328e-08
2.1144677480433356e-21
1.4005694602241707e-10
1.569589532032433e-43
1.2730220053641696e-05
1.8567318733713616e-09
5.969383728307236e-17
2.835425701736469e-18
2.430352209220504e-09
8.482941335902879e-08
7.290560592938316e-47
7.952973457001496e-21
1.9769505808485974e-44
7.496365166631796e-18
7.654255406582938e-18
9.124243736574121e-16
3.867746311272113e-12
1.3522406399244184e-06
4.2107172423909606e-08
2.0659784199902656e-14
1.3005590778020237e-17
1.668092510589319e-17
2.729464451085765e-07
2.2417147347934694e-21
3.957492299208472e-22
3.2422449452381517e-06
2.091757609463599e-24
8.567651988148318e-18
7.400513138063954e-19
6.733853635240672e-11
9.376974427754754e-14
4.902401487592558e-12
1.4711741356029718e-18
1.4412501608036258e-16
6.178587097486644e-18
7.711004014548282e-18
9.125449205965048e-16
2.253875759436552e-22
3.944684940299839e-15
4.094729896263471e-17
1.1832768648579692e-18
8.627982550289915e-17
2.1084948126503218e-15
1.177471222778916e-20
9.519837196652455e-25
1.7298472541761107e-25
1.1702827173106334e-06
1.5191060621513172e-20
3.6161800981929926e-10
1.6295454871739284e-24
1.8603094646874907e-21
1.4237587167883224e-16
1.4530942438841112e-18
0.0005447124840069671
2.8257434902819223e-05
3.850883244264041e-07
4.1220999553562105e-10
4.369862137703105e-14
1.1392583261379532e-10
5.8044889147214664e-11
7.336401452032496e-16
2.8695525529781284e-09
1.3654444701353225e-15
1.1304994353169037e-33
5.558590524685219e-24
2.088747447444637e-21
4.40585703716498e-08
3.2834134036531854e-08
2.187983218716073e-12
1.2851629275169643e-28
5.037766044570136e-13
1.0567636720205815e-10
2.7821660769136495e-13
4.676278381075585e-09
6.312753029516092e-10
5.098035276080684e-08
1.3191331563709e-16
3.126176158758679e-19
1.940020637756049e-20
7.908478705415188e-40
3.647992058022831e-14
2.7520580428877213e-16
2.6687881067618237e-21
6.042044238733757e-07
1.9252515772371238e-34
1.6179649203343322e-08
4.7191221409318175e-12
4.5879535500837284e-26
7.196206883775727e-22
1.888765944844561e-10
0.00277004399881472
1.2158065819255672e-18
1.6925888584548948e-23
5.542449033246945e-20
2.7270147637134756e-17
9.95047185324581e-21
1.4231934205595168e-07
2.417799563954824e-07
9.326410080892751e-07
2.0127968427755814e-14
1.7886934303170336e-18
3.0491529978099916e-22
1.2746353603646927e-18
5.700397899473022e-24
1.440937962339623e-32
6.066778500594333e-07
2.547073621545662e-06
1.7584779840368818e-07
7.685369547692888e-09
4.6649434634138133e-29
1.0492923851171592e-18
2.784482666652687e-26
2.919186069548918e-09
1.3091593673416487e-07
9.469688923095632e-10
2.7869170557183463e-17
1.6619034139452313e-11
2.352775071733182e-13
1.8897066673899397e-16
2.0183144567431784e-19
7.295929082285458e-12
2.8532917514733376e-12
5.0347257173735176e-20
8.530917584041402e-15
8.7009013526773e-19
1.2502045230301038e-11
8.661529979881673e-09
1.0299413314832696e-22
7.630900836087214e-30
1.0597570183386626e-13
4.417336939459309e-19
1.551338614148341e-11
5.915185543859561e-21
1.6018664406423048e-29
5.3851762995348495e-11
7.214709474984611e-11
2.375983886175922e-08
9.995594383215801e-21
1.3309658086811477e-24
4.627172008401377e-19
1.9876568334660632e-23
6.21650607436092e-19
4.4423048715993785e-06
2.173760580026615e-21
6.086451013802839e-10
1.4675043100704948e-18
5.683675631098033e-10
3.1553036002216805e-22
7.281511758415184e-07
2.25087552014401e-19
9.130723741669273e-21
2.42635841078435e-17
1.1757393110648738e-21
5.851827179673283e-20
8.587090758367963e-20
3.3094164036244995e-18
5.308156656823806e-17
8.884010408590742e-07
1.5932054107127606e-26
1.3998880243799401e-10
4.93107368086485e-11
4.252601721071131e-21
2.553027503024863e-10
2.7182703089308373e-12
2.6404334693028945e-07
3.1691324075946675e-09
3.1839137495664606e-09
7.115569075316072e-21
1.6745438974513782e-19
2.671167770797334e-25
3.154501886476867e-19
0.001787484477331602
1.1238498810495109e-27
9.615788340750969e-18
2.4450613388715275e-14
9.064542337955041e-08
1.3665694587239852e-05
0.0003559841762341253
2.703901549127997e-12
2.967922255305091e-20
1.6786522956885058e-06
3.598142763077675e-14
2.008784888515441e-10
6.421874261298651e-22
8.152251719122118e-09
6.969845803674071e-20
1.1650644579721614e-16
1.3164335817725526e-35
2.669797883845345e-22
8.665992514437316e-14
5.837854975507052e-13
2.697622728232061e-34
5.012626645436094e-20
6.650552738417518e-12
4.751839719763469e-23
8.285395409617433e-28
1.3479487987042124e-06
1.4202658150290304e-24
4.0179832772302293e-10
9.717620646005404e-21
4.9822249943015116e-11
2.4970824137609602e-20
2.1652267566636957e-11
1.5328471422783392e-17
1.2305200086140014e-11
1.531661125294905e-10
3.1985220899290593e-21
1.8766066431156162e-07
2.0219451397184203e-06
1.1331638293406078e-06
2.822868014206608e-11
2.3476430991689077e-24
1.5963994157819792e-10
1.6992221444318954e-20
8.85228898965659e-21
8.404084339330622e-16
2.4928533174096484e-35
4.475158384578187e-22
3.749818752693284e-30
2.8549393140420212e-11
8.182740439023923e-21
3.2092925434769546e-16
6.507220182033653e-31
3.532019877814139e-11
5.28353094910626e-16
8.328270738167008e-05
2.126885085394794e-21
3.8058265073446195e-24
2.691049223855334e-23
1.9069976130788064e-16
7.859622039270109e-21
1.563195775162147e-20
2.36198248912101e-06
1.1371485122590837e-08
4.1357589914915815e-24
6.495974574885003e-07
1.7414578905124483e-26
8.459984957821678e-28
1.3542125272104142e-21
6.405811143834358e-32
3.1181499836757917e-07
1.5803265419690897e-07
1.8395970793179608e-10
6.395388678870769e-28
3.370442787413284e-24
1.0408902359371327e-22
1.930943071678977e-18
1.4202783411575164e-16
9.733732360423536e-20
2.0685339125171846e-29
8.799657881553928e-21
5.580857240403912e-20
3.563147565044423e-22
3.2164402029513345e-23
2.1214514253751928e-21
3.3468365310725936e-08
1.085339611032289e-21
2.5212175333438348e-11
2.0486413871619515e-05
3.0997054448653757e-16
1.236560349266001e-19
9.46624984578501e-07
4.297138003434195e-16
4.83057914575737e-10
4.8586839819764815e-31
1.3383875342711556e-08
3.476452257302498e-12
8.163680176097845e-21
7.936091570711434e-17
1.4423330988361083e-25
1.283679869767872e-26
7.45526196227872e-35
7.978649318065618e-14
2.2227670562249187e-18
2.333389323484403e-11
4.102262424668949e-20
4.668763221580229e-20
3.7880237827845205e-24
2.3721019927242188e-20
5.136842848899503e-19
1.6360155663736453e-06
3.531973641001031e-18
6.015349241008659e-25
2.9249257173113546e-16
4.908859165858872e-15
4.989943212104809e-23
5.140018702998904e-32
1.8190559995070442e-07
1.1049337212254465e-21
1.2431796356874664e-22
6.005281902890356e-09
4.627245766444241e-15
2.1026280491864852e-19
2.704513957313609e-26
5.3515286717847326e-21
5.456013610027877e-07
3.01425053259082e-22
9.399809035417527e-22
5.598801077245987e-24
9.073803273569046e-18
5.491303507735081e-11
6.157640435501974e-08
2.766273908890455e-32
1.8907626584041e-20
9.87042511978679e-21
2.1973264579935975e-16
3.9115011491969164e-11
3.4784371063109183e-19
4.6762679183683374e-07
4.2488784699545135e-13
2.2249107440833996e-32
1.2114094016649404e-15
2.6345264206118607e-06
1.4494216232631243e-08
2.2627815897003587e-17
2.0044244438650702e-07
8.99173458832695e-21
4.908017334214583e-14
2.8402045297954502e-30
1.2283837973420864e-20
0.00037912366837750887
2.1328900247450275e-14
9.528693200297017e-20
1.5633114873801574e-07
4.731795257296549e-05
4.8834013269938336e-21
2.0025085307067076e-14
2.161520377747717e-22
3.1946005137797835e-06
1.491936093808549e-17
7.850938764308589e-19
1.3476166326508833e-07
7.082267846448152e-35
1.1478940645466042e-15
4.5594948751226865e-17
2.4181002246400847e-05
1.529737376873219e-14
1.0692653209474756e-31
1.685604902720886e-18
1.4562026065821726e-08
1.201683242196958e-19
5.714648312174586e-28
2.2901922018159184e-07
3.466180010201195e-06
1.4792121885311754e-26
2.897901394403956e-14
1.3107702955718758e-22
3.115232223745289e-19
8.294370926809042e-15
2.5816962146680726e-05
4.782102858119884e-09
3.0251236467769248e-21
8.373127452898026e-15
5.0020269764530304e-24
3.095001904106496e-07
2.8887094075783446e-15
5.146459000166919e-16
3.472727398915355e-18
8.32295037581206e-22
1.888775768557228e-21
1.2627236129191124e-06
9.36324735457365e-10
1.0792005903955195e-06
1.4928513530229167e-21
1.1245178947700827e-08
5.355028838115675e-25
1.7487620648938274e-08
6.302388373178574e-22
1.3575245974497017e-12
2.946988150067157e-07
4.707505767233181e-07
3.3052415469141264e-20
1.3459912267604712e-14
1.2898815404834789e-06
3.268141313441063e-06
1.2749655383420001e-08
5.041486209149738e-08
1.0087324606071503e-19
1.2151344992963232e-16
5.525586625571154e-20
1.5929391688654108e-06
4.208134322900662e-17
1.5305227301536375e-20
2.2843828479904658e-10
1.1349120693536898e-07
5.822881887404368e-07
1.983092805766218e-25
2.6942773192236216e-21
5.032469450318779e-17
4.0003389239982455e-19
4.977079967607285e-14
1.342081065437225e-14
3.9881868619363535e-23
3.638075653787095e-11
1.302964441862881e-23
1.0475747131571217e-21
2.224625603524298e-21
9.147544440893441e-07
4.93765109618254e-15
1.1457734530441823e-17
3.317327532933947e-21
3.471221642746947e-07
5.056051873472435e-20
6.463462289719814e-14
1.5715723250765717e-25
1.6096285444950294e-29
1.36590483422389e-10
5.050241249726344e-22
8.381806350495122e-10
4.631236782895043e-10
6.67484285122298e-17
0.0008282687149091304
2.2514650709812414e-10
9.837467830295483e-51
1.150777091398897e-06
1.2995121775643007e-09
1.3918370484518308e-23
2.6842058878365584e-20
3.3046480305986164e-09
1.4569256724683695e-20
4.96107222542075e-24
4.497665953490959e-06
4.0543639996130066e-25
2.474762186082503e-10
2.759747270745864e-20
3.215664756987746e-23
4.2883806370579887e-13
3.2563658311791885e-20
1.6008549624560624e-14
1.2980844726457316e-08
3.5219639908475124e-17
9.702531517239609e-09
4.01065146664564e-41
8.019371102512252e-20
9.310403219739961e-07
9.804301997508535e-16
8.157829390072691e-20
1.5960399828760566e-33
1.800311865816097e-36
5.008525115297697e-06
2.1075050723878836e-10
5.467443571772208e-14
6.272657508661358e-14
1.7659086810948076e-17
5.914450204212485e-14
6.986238988608601e-25
0.0002521605799461943
8.700928135730209e-21
4.344083222247672e-26
1.326353530714566e-24
6.294141195647819e-09
2.0771021287769153e-05
2.2392225687174778e-14
4.505595534375542e-10
2.4971076404833146e-18
2.1794774017803323e-50
3.534941388825594e-13
2.9340336207727428e-18
8.375797962829943e-23
1.6803664981470637e-17
8.561180098179465e-21
7.989886032553641e-12
1.2623979455169543e-09
1.0795155801035902e-05
6.401264312517454e-12
1.6317755868396964e-10
3.456829612305095e-20
2.053718798582748e-17
9.136750625165565e-20
2.467588731318247e-07
2.5398208372611798e-21
1.0342408038891475e-06
2.784378193270788e-16
1.03834560110813e-21
4.898126236577343e-22
1.5443776067288015e-09
2.1369818816490046e-25
4.304130919123852e-09
5.7763428072863135e-21
3.4265723696043186e-14
1.3310559806759306e-19
3.2823110244498237e-06
3.139862736567856e-19
1.593498721390768e-13
7.51738117408023e-14
4.754337741551558e-20
1.9679144934694127e-18
1.516007135022316e-07
1.109845962955332e-24
3.034033180194509e-11
1.1298092699072218e-14
1.0999242967931296e-19
5.00567024072837e-23
2.396735010808917e-19
1.1812072989996367e-08
3.8035479930959374e-08
6.87840213931673e-19
3.167439185891655e-24
1.1754922857558354e-18
1.4167423532955824e-17
4.3484557940704795e-08
5.0517055875757446e-17
2.6576223737709117e-12
1.4758132863493451e-24
1.2630502646435857e-20
2.875995401286588e-07
2.2764799176148015e-27
7.008017380527066e-27
2.770565560060653e-16
4.323105613564323e-05
7.108335918207387e-18
1.2732366810540475e-12
6.673542555499237e-09
7.170598252194102e-23
1.034383565761575e-23
1.2015963018661664e-16
3.1810561712740764e-25
4.0099599486932885e-14
1.672622267094325e-23
5.5512551946080844e-18
6.174686766808792e-16
3.4775402693934336e-09
1.7356299284916442e-33
7.839519587850443e-19
2.37671194916993e-12
3.5511164949824913e-16
6.279607066987187e-13
3.434952744050186e-06
2.4908938546011718e-29
3.160033314558129e-07
2.897618481056924e-31
9.787877911488063e-23
4.3174912220753286e-11
3.4292568293255024e-10
7.586731484248284e-21
1.1597594632466794e-17
9.45824357831148e-06
2.5240510726327244e-06
3.775222557083702e-17
2.0167026704840553e-31
2.373927375806233e-21
7.178354841023612e-07
1.6783680155235317e-24
3.403593153782805e-20
3.645063138685631e-25
1.7511947033482883e-16
5.26821510269788e-22
2.4066816724305493e-17
5.242419392661082e-21
8.420325498061396e-20
2.6710046910818254e-18
3.366908271503876e-27
6.120253910426047e-22
5.857973314174718e-18
7.215814006782647e-23
2.0045205115069915e-37
9.77047112697876e-21
1.4113158774507454e-29
1.2319318375010478e-30
2.3793714163825015e-18
4.160915925070448e-26
1.4009781254344837e-07
2.785751590590323e-09
5.038815936223174e-22
3.9311546319400545e-10
2.1242891800204773e-06
2.69566290749721e-24
1.2425832228223242e-12
1.2086666963421655e-05
4.756356364015348e-27
6.418746446749833e-12
1.5494071881501174e-15
2.968032652766499e-21
2.1492152275848093e-25
8.667019342171608e-27
1.2905839475882697e-14
1.208257814837023e-06
8.242751818816919e-13
4.997835996566575e-23
3.2030996716672555e-07
8.265652477505523e-08
1.4082326107324454e-19
4.166694038404065e-15
2.8233315764937684e-06
1.6846310129118249e-18
3.3038775303214957e-12
4.113244551646659e-09
3.059253712645623e-05
1.5996853497779346e-28
4.051230061792337e-11
8.102149158876431e-21
2.2347937354943877e-15
3.745182766127647e-26
1.0227307838495242e-12
4.074276990222551e-07
2.4553338153834635e-35
9.007868114757814e-23
3.7646304475213885e-11
4.577938038697026e-12
1.3342792078172513e-32
1.5516839381609788e-19
1.946553528792475e-10
2.415519990863287e-13
3.1846461819156996e-22
5.712609201796902e-21
1.4985432095723806e-16
9.445281976930578e-15
3.0659908520434736e-21
5.91447910609648e-12
1.3016597221129194e-24
2.5693118436945526e-20
1.732149174867673e-33
3.137069393572102e-11
1.4696173433370405e-27
3.882744587090129e-35
4.1214960087892873e-20
1.3981677013361135e-13
6.9587957531381e-26
1.708490879839945e-21
5.721543444729813e-08
9.015523117532021e-19
8.339154840263383e-40
3.204352561027257e-11
7.551174809269643e-22
2.207045301187698e-05
5.3925218017644396e-08
4.325696091290595e-18
5.55411640956287e-07
3.1021836658151523e-22
3.766600653957646e-16
6.8180118882421955e-19
7.576372445852871e-12
2.733506966043955e-26
5.346711920675932e-24
6.475259161605179e-21
4.716267845476613e-20
1.674791174806917e-15
1.082873610345969e-18
2.5599431540421253e-14
5.0421594278366216e-23
5.037449095513277e-25
9.049949329570923e-16
3.890715345931336e-25
3.6117126041110184e-07
2.2002512492044823e-21
1.6879730740878215e-08
3.5842502900178525e-05
1.1349028824728968e-18
2.40190179216814e-09
4.633377698652824e-27
2.0302190635279583e-20
2.0519204552704783e-18
3.461953016739639e-27
9.680625810400717e-23
6.054139367283475e-12
1.4448072290923688e-20
2.023256134295186e-17
1.9107394618890537e-13
9.200096298835952e-24
8.813982365372122e-18
4.567916051075173e-08
1.8492782736818954e-10
1.2749247358409672e-26
4.631702387273633e-10
1.762111768236081e-12
4.746206051479974e-28
6.048873665491394e-18
2.2223135855694655e-05
3.6766750296912583e-31
5.238722814772913e-23
2.9872944705771997e-19
2.4498943167626524e-09
2.7975104305806334e-11
4.557358049340903e-13
1.00374031319911e-11
2.5609228344120854e-45
0.0007051684324228683
4.6148683983218904e-12
2.3995565410494114e-11
5.756971624002152e-09
9.874214405466548e-29
5.618872151498948e-19
4.163211145539047e-08
1.2015541517858643e-09
4.235366971145869e-25
5.991918233606459e-10
8.778755330547037e-25
4.282065641554672e-07
2.1210646242161393e-28
1.4267026111729e-09
6.47473146927949e-39
2.2967293585153713e-12
2.0793410486144182e-29
3.308186668607449e-22
6.4907597186810736e-18
3.014456324095614e-14
1.8530383915614316e-17
1.9500324541874594e-07
6.79753983523271e-29
2.64755668823734e-12
2.520448265357214e-21
1.5758042122476618e-08
2.109121492401032e-08
1.236170455622144e-07
1.4088653700620883e-16
7.253345485732654e-27
2.5012782193872646e-22
1.0559750901884493e-23
1.403550410541995e-25
1.9931365751823208e-12
3.391649433789972e-16
1.7158970498454102e-09
3.28212842731214e-27
1.9919226560737675e-09
1.0990399352234781e-10
2.282174313761969e-25
1.264130997326476e-16
4.393240288343614e-27
5.133654947937167e-26
7.571062324502916e-25
8.448753367650864e-21
9.614244269286461e-20
1.7309383621246144e-12
4.7136119735519543e-29
1.701318485902045e-19
1.2916847161681168e-09
2.152841345728033e-23
2.8610735914076723e-18
4.967863630991475e-07
3.1468221030860876e-09
3.6971687519491047e-20
3.768218329292458e-08
3.5358431873916435e-19
3.452551445305418e-07
1.4174067097494044e-25
7.019022329156165e-08
1.8290900371716164e-07
7.884462165527916e-24
5.901639912942531e-13
4.800200563028017e-25
6.116312918667264e-14
1.0212238382038145e-21
1.3419696288492083e-16
7.597781491580821e-25
2.1107116869129182e-11
8.001544976800023e-22
4.11470319769162e-17
2.0697770837389854e-16
6.208350278481235e-08
5.943823897599232e-07
3.7154131947397964e-16
8.85117574417007e-25
5.294603853263345e-09
1.2549191580363682e-33
1.7316667244321595e-38
6.389776624508995e-23
5.395485189640227e-07
3.955471338858127e-19
1.2503502335157403e-06
3.423160933821712e-07
1.6030812333455112e-19
8.937762277126827e-29
4.361815092541954e-17
2.450813646130818e-17
1.0249096813997717e-17
2.7520463301201972e-52
6.53818231591336e-08
8.419970697084505e-19
2.385425926377024e-18
1.1178269908434933e-29
1.7975380560124556e-26
7.775385154623828e-13
1.3878300520482812e-33
1.1888333703293031e-05
9.164319708418104e-10
1.1292696104617198e-21
1.5198655614933988e-06
6.403968753112217e-28
3.080346253007562e-07
1.4591184775580695e-17
1.3810352565291386e-09
1.2835607947826401e-20
1.0149444894128746e-17
2.347531487545179e-15
3.7206625226690506e-23
4.313855529730644e-13
1.6211335265380456e-17
1.3494243888649315e-22
9.867943752306365e-19
1.2551281097999334e-08
6.24222805223556e-08
1.3596710784906257e-09
4.14325452306326e-12
5.1532507113240856e-14
3.635775393193166e-24
6.873315857129313e-27
2.602603102703504e-24
2.0869543064610528e-24
3.642145673117181e-05
8.306185063009706e-24
4.0025285799565506e-36
7.218248046273014e-07
8.946166834276717e-20
2.287324930741456e-21
3.438072046750926e-08
1.0747981230585533e-08
1.4607210653383067e-21
9.503733630309668e-18
2.706571814890182e-19
9.77500009074969e-08
9.86296916877647e-13
1.893788056825808e-24
7.601350050652409e-19
9.187535049882465e-11
5.21879802937039e-20
2.0267511320390136e-12
2.208406098440955e-09
1.9474259893472603e-41
1.0755922274125628e-06
7.252433154730601e-23
2.0342646278147708e-26
1.4567452867265e-26
1.5878675805352342e-11
1.611834204742657e-20
3.9030780077929053e-44
2.2892344535911834e-11
1.9669799494085344e-40
4.490200775613662e-25
4.3150315354736433e-11
9.621744644825772e-25
4.7568506997002e-10
6.559919883078186e-17
1.0743753860907973e-07
7.642859461184993e-26
1.394221536410694e-15
1.474032682548252e-15
6.809438978807546e-24
2.8841546738011106e-20
2.3605088949593244e-19
1.2148198979763691e-09
2.406208211440246e-29
5.475767117925035e-13
1.668707061709124e-24
3.8744676777659085e-14
1.1600513219972928e-07
1.785567853186999e-27
1.1573768770551e-22
8.525086035536779e-09
3.012084972861709e-16
7.853298898404525e-23
6.546789759605968e-08
5.197725071737713e-11
1.867142196754832e-08
5.687016265728619e-20
2.4821789884718665e-45
1.6015051076828357e-24
9.299033133642964e-07
2.683415387111696e-09
1.8394450764538247e-06
6.872097993713741e-26
1.6412679756907371e-25
1.5334195632272917e-10
3.429866407380999e-16
2.1375350556019514e-22
3.505721062830541e-23
1.056423710640383e-12
2.1074153808249085e-08
1.41488342637339e-26
1.148711210785151e-12
2.267646374068385e-16
6.184831429906366e-28
5.252840844725036e-26
2.8760419455824407e-06
3.342488782937993e-13
2.8636133601839344e-21
4.041222812533408e-27
4.761698547762253e-07
2.3919773332924436e-07
1.5206596448295049e-05
6.957751960241348e-09
1.334767218911918e-07
1.1282927313357804e-18
2.1550347027127654e-20
7.940784567231012e-09
1.880589409556604e-19
1.1814376144645585e-12
9.370293610548094e-07
4.783680511756372e-17
3.235895457166653e-06
3.6237639428438205e-23
1.9922083940341383e-14
1.071371413312855e-21
2.915066991417977e-21
6.026448267339404e-08
3.293591923659718e-17
6.843619303452956e-22
2.4792195287791887e-21
1.6539684119429043e-33
6.569504918172946e-07
6.899039993471393e-19
4.031648581172914e-10
3.199103980757956e-08
1.8024452489159197e-24
1.0225534815469006e-32
9.825528769281243e-22
4.4594407162040755e-28
3.857917309036016e-23
1.4908773472108123e-23
1.4846945307879114e-19
4.624584425544002e-18
3.9019254654239505e-12
2.9078468315077584e-22
7.332117926084332e-19
2.3668276551403548e-58
2.2159384602326387e-20
6.343034841684834e-27
1.0876090976892196e-22
8.907322718757656e-30
6.3671729729562665e-22
9.706400476597077e-08
1.0537670409544118e-09
1.795620061090901e-11
3.370317953769093e-20
5.087000529622344e-21
5.281739910363348e-09
1.1454782212873766e-07
8.002522731420453e-20
4.1686402468290924e-11
1.1772380176998097e-23
4.807471634384416e-30
4.592211506350676e-24
2.9019956424248026e-08
6.803868328431652e-11
1.6543406256173853e-23
2.763738487530569e-13
8.514195176232961e-86
9.77621215684227e-05
9.494538618948261e-25
1.006421860391513e-37
9.616966406490533e-20
1.0144038309306651e-23
1.2903060054613734e-29
9.473001014903887e-24
2.679334018315237e-28
2.7841455682727317e-19
4.038044921727283e-26
6.086892474956988e-12
1.4061971844298173e-21
2.638232802460624e-13
3.4807913100819544e-29
2.7491146286835345e-25
4.746298636019762e-09
1.978901829535948e-12
1.8379039717246768e-13
1.1707836253971474e-07
1.3896979720441932e-19
2.285988308126505e-23
1.1186395563458269e-30
7.811395749672188e-20
1.7684681786039437e-14
9.666072349030409e-25
2.2361359774469557e-17
1.5523545894147544e-20
7.69629429812119e-32
9.495557579367798e-09
8.524001421326778e-08
5.784936098786202e-35
5.563156828108957e-16
2.6858816604852844e-29
2.124729065868521e-27
3.359828105628087e-31
4.1391305147257855e-11
1.1895187593324354e-21
1.6744125837714215e-18
7.541636034199175e-24
4.0782119127650984e-08
3.866811770629207e-07
4.936966327666175e-07
3.2312206785544364e-18
6.079437756356926e-22
5.869087341003133e-16
1.0720913703904307e-16
1.5858463169752563e-20
1.2585000958281772e-19
5.517737731232472e-09
1.7518173627771558e-09
3.3477650996301466e-14
3.2244679416521927e-24
1.1317638539814958e-18
8.745287462300906e-15
2.2912615594299102e-21
3.091063602047429e-07
2.152189886984419e-21
4.913539499016224e-19
1.6438473888725658e-19
2.2385927315192609e-26
2.5178626496113907e-17
2.553456054554385e-19
4.126743826746396e-23
2.921900091952905e-09
9.932430342836247e-21
6.962419994045247e-26
2.2880232366656187e-23
1.0745253424652412e-06
7.576920408994907e-24
5.196672825480105e-12
6.565962591197923e-07
1.175602572814976e-17
3.471663070800802e-07
4.827189314168012e-23
2.769892994026373e-20
1.3127224826312927e-22
6.7663663843423876e-15
8.638975148363011e-15
3.670837919961894e-21
2.6725473943768065e-08
5.1633689492508364e-23
4.542906624526808e-08
1.5090799132699468e-27
8.134463576715058e-12
5.5835564399757246e-15
5.228904158342318e-14
1.9206675580275765e-18
6.853473309487697e-28
0.00015253655477719545
2.353735860412394e-08
3.6784747522946096e-07
1.6848901257771326e-11
5.482062884400208e-11
7.642941020345198e-31
1.6443379190764543e-09
5.341572632190789e-15
1.4795665890491944e-17
2.10323211738815e-09
8.58587867806112e-28
1.1293617035092359e-20
2.749137934790305e-23
4.005927923108897e-21
1.1299096661070939e-30
6.5196803944133515e-21
1.921025987530584e-11
1.1544587946851802e-16
3.076820173499436e-23
8.977732021078653e-09
1.2330659462834365e-12
4.689924930330407e-19
3.555310504676384e-12
3.2577733636664397e-26
7.297859720912682e-27
9.585261357531209e-24
1.4319237331928614e-29
5.999380409430491e-06
2.0590379590673185e-10
3.177098667816579e-10
4.7145751163437285e-24
2.2888894217533035e-06
8.067486618746243e-21
1.8407509191253742e-23
3.736491014047016e-24
1.076887985617118e-20
1.9316191807781794e-17
6.207993092591813e-31
9.150206801843995e-17
3.508841990351056e-12
1.8990170371710038e-22
5.427571438906793e-26
2.822428692147533e-05
2.3678659210600026e-11
3.514735005199095e-08
9.674423556399157e-26
1.1180840205242157e-35
2.6358413904606833e-22
2.9178102504348475e-24
2.656995538795282e-25
2.5288792023983654e-28
4.2920664663252505e-17
7.256644474989835e-07
1.0894932787512273e-13
2.300419542844035e-15
1.0529423350304957e-05
4.722764440372432e-15
3.487913498340308e-20
2.6780835557215977e-19
5.105841646263849e-22
2.3869207880141548e-14
1.8635338016475593e-07
8.262411685427315e-14
1.6922496540489374e-23
8.100671852994919e-22
1.4102892994555075e-11
3.0204943159750173e-17
1.9018277871307193e-07
2.2467023878855395e-36
7.936971684183713e-13
1.0696909746626281e-10
0.00012390318522534154
3.059432841389353e-30
3.912828636878052e-23
9.549162247042183e-10
5.99641340905429e-13
1.2298896560379806e-10
3.1753257076007295e-14
3.1296244161624836e-21
1.324183408234436e-23
6.14917012441512e-15
5.723689546220186e-08
1.076514019283567e-56
1.2542770073243802e-24
3.2000887052687514e-05
9.128943186220152e-09
7.055485313005329e-07
1.0140747703592362e-09
2.943693930311401e-06
2.4633860731178427e-23
5.190293668070876e-19
1.052343794573611e-06
2.743513214440536e-23
1.4115972789205162e-12
1.7114405162848459e-19
3.3239351747975175e-17
2.1130178723695498e-15
2.988766626850044e-19
1.5849713132932564e-09
0.00011532284374407024
8.560879032845189e-07
3.799139544099696e-07
1.2831147124739514e-10
2.0727339653833346e-16
1.2135241279953956e-16
6.657200970729672e-08
2.0523109781743558e-43
1.5306215383746967e-08
3.344501797107384e-21
1.1451823362721221e-23
1.1357936752328157e-06
2.112370022266722e-91
1.7698972758085057e-26
6.1303679749114926e-18
6.076418031581918e-17
4.8753379676060396e-26
2.903565877992375e-06
2.6697427151582233e-36
1.0507149389207207e-26
3.022527321877046e-32
2.0392501856991476e-21
2.509204379236607e-22
4.496787981927812e-24
3.854793330746035e-12
3.17015663591938e-20
1.9469820487042607e-42
8.549257767720607e-21
1.3069050032149148e-34
3.4683165108468354e-12
3.021698587723322e-24
6.01465284171341e-11
1.381767146750157e-09
2.1815306552015797e-05
2.9028850702122045e-05
5.768279858934853e-06
7.630474274722896e-07
1.5852684255628102e-15
6.007150816760324e-05
5.637024457557882e-07
1.6231008563113408e-26
4.446367297616797e-21
4.977516506635819e-10
5.96621251507803e-22
1.421606504918176e-05
1.7913915889123012e-28
1.0308128577905053e-08
2.1912601146604837e-09
4.3828622711062755e-20
7.537892747038465e-06
5.206047497372544e-20
6.217907926357826e-06
6.97378357345232e-08
4.0664473819643715e-41
9.466267704716341e-14
3.937751565494278e-23
3.540209391570789e-16
4.633207915690549e-11
3.6113273121421995e-22
2.9569303675064187e-34
1.1109011786649467e-09
5.105163017055006e-16
8.628626777881595e-09
3.7391541082582776e-29
7.172900882031212e-23
6.436271197422506e-14
2.2440363807752077e-24
2.0059616840780607e-06
9.043319552742169e-13
8.478397335912915e-10
4.370509033406442e-32
5.295603977852072e-23
2.645060467719571e-19
4.51499816204038e-10
2.007556041370535e-05
1.330784876619889e-24
1.3720011753225905e-22
5.906249347652964e-23
7.543669809874256e-17
6.886630699806748e-29
4.623421927686169e-19
3.535753984042303e-18
2.3679932650416957e-10
3.015906942517975e-22
2.389145128160452e-19
6.515534495828208e-31
6.263200867869767e-07
1.6933339279732642e-13
3.729915590927398e-16
1.207073619096367e-13
4.126214831722267e-14
3.3556241268505483e-18
5.421542961041636e-15
3.7273771856090617e-28
5.320590124085446e-08
1.008497463751854e-15
5.648118465599641e-10
6.006473607806764e-17
1.0372792730857555e-18
2.183686156978171e-19
5.776847957194856e-17
5.172841720928489e-06
2.6700363590936918e-12
8.606975843050506e-12
1.1267337602177513e-13
9.248199970038592e-30
2.8958298352773786e-11
2.5030104214170873e-10
6.390005070601675e-22
3.962164661489236e-18
2.733528250204975e-20
4.086278589516369e-14
0.00017712535000080813
1.3612450126129063e-25
1.8268091358158754e-08
1.1464829768289082e-21
1.0404444942023676e-20
7.000420609585651e-08
1.9109136205268953e-25
4.2220136102650546e-39
3.913498089551185e-23
1.1181396284360601e-11
7.950148293702347e-19
2.3925098451060592e-26
1.918014720229545e-16
3.8857969580364095e-31
6.7371424674663496e-18
8.904004862101643e-22
1.39531859199883e-09
1.0305944320058769e-22
7.404834838375863e-18
4.456345477029881e-13
4.1517807688116944e-19
2.259325976105534e-23
3.411093600312326e-12
1.33073738817697e-11
1.0305028727007833e-26
1.0048759524509683e-23
9.143935328344941e-27
1.1433031356787893e-14
1.1332730807304031e-07
2.196263507688386e-24
1.5264496724353456e-28
8.14145671529153e-09
2.914516899799267e-06
3.958419318123203e-28
4.5986848837550974e-10
7.672901884398344e-29
2.908928845669134e-12
3.42001958284536e-06
2.2057892729519e-23
1.2654311147917467e-06
1.5093846085038929e-12
3.898337536653363e-17
1.329225949363803e-27
7.452646798903591e-23
3.099794175721314e-20
1.8318447979309746e-20
1.6139466367577672e-29
2.577165586034119e-13
3.1982896798155423e-18
1.8030288593756047e-29
3.0253509222003673e-15
5.004847750043766e-06
4.980290113252818e-14
3.23893577672398e-11
2.4463375656831708e-05
1.7669400434053814e-08
4.367041713090643e-15
4.850599027348661e-11
1.5520651143341646e-24
1.1222681365297284e-07
5.641822159241562e-16
2.5218149150077423e-32
1.5096960828311666e-19
4.922572948001154e-07
3.765500210107459e-07
3.3329999868498915e-05
1.6223710069164422e-18
9.786516528483775e-18
2.0925742880563703e-29
3.6421308991353893e-13
3.1187112314072886e-07
7.816896600467404e-16
1.2844096978861524e-13
2.1111075599883318e-13
1.0233108840139666e-27
1.0826699487758091e-08
1.2483773123759084e-06
4.907866062159365e-38
2.190538807810941e-19
0.00013324181620378715
3.5690056217630316e-20
4.824014348306902e-19
1.2271853386889823e-31
6.4443110262313936e-18
1.1942050890755713e-37
6.72668962770189e-24
2.12833072007599e-13
4.083803168801924e-26
1.528708350905942e-07
2.9658833593411364e-12
1.642309593356832e-21
2.049705026470704e-37
2.311050769674635e-06
5.585783452748395e-08
2.402560244002923e-15
1.4752720980811566e-15
7.248552531292687e-15
5.492439768232552e-18
3.863405214838744e-07
1.1739975219233578e-07
2.0983262622408954e-11
2.9390819312156248e-08
2.818457502905715e-16
1.944790077154642e-10
6.366594831009971e-14
9.124871298812687e-27
7.442502648531361e-16
2.399761292945667e-06
1.3588627113313905e-09
1.1079631869900487e-14
8.22308984583548e-07
6.923159095110038e-28
6.216510695318258e-09
1.219109758652072e-19
1.5034501190863508e-24
1.6224289013203642e-26
4.7013814768856684e-35
7.942211804603906e-19
4.3799340133422344e-12
1.2953474630526417e-23
1.8858450839876027e-19
7.907659465654346e-16
1.5318839976202688e-13
5.547479638664452e-09
3.013931978775322e-07
2.01838025314895e-21
3.402586750248363e-08
4.26039075387366e-33
3.6881914970576604e-20
4.61362560947842e-20
8.981225022265847e-14
9.420789846627464e-07
1.8762326458515857e-29
4.0321613410486927e-19
6.551469762097125e-07
3.380880273612239e-08
1.862076374819965e-45
3.950827566952232e-07
1.4659313776660865e-30
6.372859369075839e-18
2.796531800298446e-21
4.033815670474476e-21
1.523986478093757e-18
4.957632682601698e-19
1.3107335196905963e-44
2.904168482409099e-23
6.087293952713138e-20
9.095098384195277e-05
6.112792180789131e-07
1.8924066282298752e-07
2.9062709178969675e-06
2.0302323880932285e-06
8.852825788729785e-35
7.649764474950087e-32
1.2402673774768253e-18
4.811972274353341e-17
2.0888978592306908e-07
2.3168608074539275e-18
1.944065809049403e-31
3.91901303877265e-33
3.1284345218283443e-15
1.937892730222654e-07
8.468891000133063e-20
9.635928382888236e-60
3.4974022900810674e-17
1.3232904986702963e-20
1.4978364645259112e-19
9.59678892603271e-26
1.9888647087031483e-20
2.543009095882763e-05
1.9812019418917354e-14
1.6144337028776192e-09
2.75193628939532e-10
1.7243831126909993e-15
6.828025736855229e-07
1.926148903930494e-09
2.6668382494583084e-08
1.8052612448819565e-22
1.7030115223560408e-08
7.291808239153115e-23
3.163627803840842e-18
2.5174192945703037e-12
6.904850665266428e-06
6.027783029429128e-17
1.2454314220226512e-06
3.1757992852895846e-12
3.782950183220619e-21
5.564512066179798e-07
1.078423920799817e-16
5.234045727913494e-18
6.673362287418662e-25
4.903923274933325e-07
1.766436938486454e-14
6.997595800233147e-23
1.0497466565584629e-20
1.8498697362351228e-31
4.062424150400813e-12
3.042016143826533e-23
1.1511098164313839e-20
1.6886784386921955e-21
9.665424025083005e-22
1.2401566560186725e-24
7.34942981374321e-22
3.416478284674672e-27
3.046308170953857e-10
2.3277802674342157e-40
2.0260346038914162e-13
2.4701834023813777e-05
9.973144639734596e-12
1.2794784705169636e-08
5.482806847756628e-09
6.098607693702154e-20
1.1945646235650797e-12
3.7785344171756612e-06
1.1692134857746095e-31
8.143835605659611e-13
2.1126107762095282e-16
9.270371785718962e-23
2.5366285419112973e-08
2.0440559682814886e-46
1.2829383115410209e-06
1.543352758564527e-12
2.2739820954778953e-21
4.4489077286080086e-17
5.409721636457091e-41
6.709014799690494e-27
6.909442559981111e-28
5.588086738799818e-19
1.191829198261526e-14
1.5703749461432403e-15
6.460062280665964e-18
1.357031870087565e-09
2.5162365693862776e-17
1.0111716894863467e-09
8.660185862970423e-13
6.343147475071742e-08
3.553732132603391e-16
5.451417941830878e-12
1.843428270615291e-18
1.4368624393578607e-20
1.5809012063545712e-09
1.0525848343272824e-14
3.566203187081691e-05
9.683253103055889e-23
3.205523349829251e-29
3.0765189362882277e-07
3.3993404123634125e-18
6.900215821839688e-17
9.331379088585596e-26
1.2625354221064068e-05
2.2138792505167133e-26
2.298144357055959e-12
1.0803828519209956e-07
1.287946312073362e-07
3.247444524909205e-14
1.8648706929442522e-22
3.4724028070668957e-15
5.073487059029494e-16
1.57870890485957e-06
7.220304975672713e-22
1.51720889340554e-10
3.3328657780975916e-14
1.843013450409212e-06
4.751135689956548e-14
2.965226809053844e-13
4.577518372994176e-14
3.817114669865642e-27
7.708665701477014e-30
3.929482869109343e-37
1.4003749726804194e-08
1.7328013950362654e-08
1.6765306929148783e-05
3.0636072036730535e-16
4.725182561777354e-22
1.1857930260773572e-12
1.109678425171622e-31
1.229893425136765e-15
4.2971888646597255e-21
3.558459978487856e-11
1.1126869775626143e-17
3.710872217474434e-10
2.8944345661395242e-11
2.0932242167816904e-14
5.574948520320225e-18
6.665261235672792e-27
9.304285575124804e-17
8.004749014676635e-20
1.4294878005814419e-11
5.218923135801283e-39
2.238418646407884e-17
1.257965733306121e-28
1.99994120908539e-19
2.3798867215326495e-07
3.831491622336575e-28
8.029718820529691e-16
1.8053260257183184e-22
5.170158033271569e-30
1.0840613718494435e-18
5.266428533738245e-14
1.4884360969003375e-26
8.799167669925438e-06
6.118179284054761e-12
9.654200368616362e-16
3.896613521537522e-20
1.222840711981774e-13
5.68131915868216e-06
1.3959935973626535e-25
8.939323403828336e-19
1.283409539640586e-10
2.5802635902600555e-30
1.1207598752696702e-19
1.9538392478452555e-13
1.9008235040302334e-06
1.479655838030547e-09
1.2538157643950758e-12
4.188859301081836e-22
5.686168655100815e-08
6.771341715614241e-12
1.1091752266326679e-17
9.833192278813984e-28
1.568336883220632e-19
1.0993718466487966e-21
1.206657605888702e-19
3.51770610152922e-28
3.773930063031271e-08
2.0485398502527497e-17
2.567698515114151e-24
1.7830040959941935e-19
2.728576084975935e-29
2.6969574550391528e-14
1.4273839270481664e-06
7.786248348171966e-10
2.1215696531066678e-25
3.1142544499280836e-14
7.802629992430998e-15
4.545679526510449e-12
3.5944268342218055e-09
7.681451604083992e-12
1.2159120266682638e-26
4.29430812994713e-21
3.400249639135898e-06
1.2176189260449199e-20
3.024511163993826e-07
1.8469801122179156e-14
9.064096691141918e-20
3.461777971694151e-06
1.8213604366416896e-23
6.675051330481438e-11
1.2785907052653154e-16
2.069536593563402e-25
2.1246528745831677e-14
1.6122900887773377e-30
2.1142325835242936e-06
1.5156580335006826e-21
1.1383922262890767e-07
2.4661549327078864e-06
1.893860189512601e-06
5.769361860245424e-10
2.1543579302543872e-26
1.991749088691627e-06
6.894126038141684e-20
5.195818381038529e-12
2.194279445070828e-08
4.353755860208791e-19
4.246974938481202e-16
4.9490482017478905e-14
3.454265663383548e-07
6.602012067859694e-10
9.338731627302118e-35
5.804395432120573e-12
2.509220719540475e-18
7.926861936183215e-23
4.705570331683196e-08
2.119097104698875e-18
3.998557300600732e-08
2.742786051758068e-28
6.067543413021156e-19
9.643978639863038e-10
2.9629702385794045e-24
4.0063402955318e-16
1.9691387151066833e-26
8.798628113382175e-15
3.342527791050313e-20
1.5247188387051987e-22
3.5143433808343226e-12
1.934131670155887e-16
9.432364057746764e-36
1.250384153327077e-12
2.013825794703892e-30
1.399214351833759e-09
1.2137435758655414e-22
1.982543922920591e-17
3.993713124597832e-18
1.0042850819322462e-20
9.36680386060313e-13
7.20711590110389e-07
8.677087128451956e-09
1.5225607563976139e-25
8.568474919349591e-16
1.7935376524296435e-11
4.279392551457276e-24
3.162534502646163e-10
3.320935779011793e-18
7.129223784097995e-07
1.4970978923647515e-25
2.5660607967630963e-11
3.1529294896200535e-12
3.6957402490176926e-26
7.096715239412358e-23
7.314179378571998e-21
5.605914704342667e-22
0.00018438202442815253
4.952645668083689e-13
4.634010624717932e-18
2.7394616129661974e-21
1.7623959722344981e-59
6.234707703479067e-13
1.2581460434975127e-07
4.924290866092162e-11
6.491688602081801e-06
9.921827466128207e-22
2.843041570392878e-20
3.909100750255456e-21
1.3117468685358786e-10
6.2822711468333735e-22
1.7652377842341301e-15
5.079749272469486e-08
1.9344179688678439e-22
1.4181411791787397e-07
1.883343389562173e-21
1.6661453387846162e-38
2.5795979072966457e-06
5.9316283161576676e-15
9.31264000116712e-23
1.5945986054414684e-28
8.030737165168238e-07
7.908217891148962e-22
6.387921311285577e-24
3.7354099587885296e-07
2.6359467411361994e-17
1.639430410944972e-15
4.797715254988996e-11
2.7895019801024155e-15
1.9686954842874313e-46
3.516738848818329e-24
1.4922158145848205e-07
2.6358318217994383e-17
1.1637005558826563e-18
8.29595633167229e-25
1.9291722273283111e-13
4.093252682187776e-17
9.977254238967611e-08
5.275928573641798e-07
3.6064480080154196e-20
1.862559866816067e-14
1.571776968704107e-08
2.486537046695267e-10
1.8515422781094878e-07
9.257809749098089e-21
9.879072284455887e-16
3.579810941852173e-30
3.648861235703289e-26
1.1386943725490113e-06
1.5379059035956697e-07
3.732123969339336e-05
4.830522635845155e-11
5.614466083108703e-20
5.6572093610958676e-08
1.329704142917221e-22
6.41170010417334e-28
2.0837003689559337e-14
1.0482899574158242e-13
1.118386226052309e-28
8.855027504018028e-33
2.863712830040256e-17
4.190614219663692e-31
5.922542035931185e-14
6.46542175204599e-09
1.527321385289114e-24
4.3685342601247705e-23
2.693004216535895e-21
9.000956287048024e-09
4.371094827138622e-21
1.1576637113706113e-21
1.3024635002858444e-08
4.768814141716058e-18
8.936529484585057e-21
3.866504707835003e-24
5.761990561513454e-18
4.2825286242305814e-30
4.457135356338222e-09
2.061715915140605e-08
4.083698008612159e-18
5.2676191442157966e-05
8.016218885773166e-08
1.8908928641850446e-21
1.734185201853623e-14
1.0850900161347178e-21
1.2935601392807806e-13
3.809055112437532e-07
6.787220300563683e-18
8.327254372912853e-22
2.2905342629988807e-19
4.484071849495295e-21
5.223781975822344e-18
4.967493656295766e-09
3.392558066039555e-15
7.528733009747199e-18
1.5106524206697044e-20
1.0988444982791274e-06
8.611615509226852e-08
2.0704962859995392e-27
1.348182742728406e-13
5.1724617191393604e-24
1.406226779082732e-21
3.843518708228605e-09
1.5892217800624243e-07
6.999918065623443e-18
2.9810837834877575e-21
2.2557900219157123e-17
3.166398571313004e-08
1.8901964425860462e-05
1.7773524655963404e-06
3.145224776579153e-19
6.951968688619166e-28
3.983339011264553e-26
6.522444397856465e-13
0.00023737438528445313
5.233330756101843e-14
1.1123976921185003e-16
7.818511814256681e-16
5.736870088936703e-12
2.8298115752750147e-09
2.2429788779840177e-12
2.0555358516440903e-11
2.4662105085746172e-14
5.341731649635132e-07
2.630262519502969e-13
1.4046958202478332e-18
3.445760694788872e-10
1.301063245824742e-16
1.9343554683838799e-10
9.69323424449674e-26
1.772586632677523e-19
8.395893998308665e-22
4.592974530565621e-20
3.9173716142330457e-19
9.54996835999593e-26
4.62295552560947e-14
1.0789998312435859e-13
5.5157334806867085e-15
2.5773677699773025e-18
4.769919582237186e-13
1.0288952714584337e-17
3.2200610129859976e-30
3.1674820631537204e-25
5.9719472933136265e-33
2.449332999535486e-12
1.170914656274986e-05
2.492561766106493e-19
2.986744017142201e-07
1.2179261139599264e-07
2.9629263096946385e-24
2.1640290976160513e-08
1.484423407197875e-07
5.8192926837377725e-08
1.27853371726736e-07
1.1096615943715056e-05
2.3314912124786744e-19
1.6226024976349306e-15
3.3680769857805383e-11
7.297999710455001e-26
1.1367106852586457e-07
5.494244483789556e-21
2.4728135432419755e-21
1.4725714529795261e-16
1.4087159289486905e-10
1.257201928294386e-08
7.860941331474291e-22
1.6079409230254812e-08
4.672311429483673e-08
9.767590808683976e-23
1.5862728271818162e-11
2.352762860142383e-19
2.7837881739308095e-27
2.2958607789829716e-09
5.811590715726269e-22
1.0868826556575538e-06
8.074607203720575e-15
1.4021548462010578e-16
3.2551534227021234e-09
3.5899553611554254e-21
2.0786859779247456e-09
1.1389364699805506e-19
4.61424142999617e-19
2.9851304763568514e-10
5.091107029526829e-17
5.841865964775216e-28
6.916348578272472e-18
2.0209170981503669e-07
4.485897729319993e-21
4.075271616514083e-28
1.358923580945252e-22
4.965785904532791e-19
3.203977231907739e-16
2.3196947094141076e-29
7.872610774960285e-14
7.352280234052601e-08
5.914461033570157e-48
0.0010149119154887125
2.4939569170062926e-16
6.805110182493378e-24
1.27201957772734e-09
5.649789737095971e-07
2.654317606052769e-32
4.2915756577280694e-08
2.943840890170624e-07
4.885158867523031e-24
3.021813284469597e-29
3.2536340939010014e-09
1.2939503650251412e-18
7.248910291152026e-27
3.1809068343142216e-24
1.7672511189351163e-06
7.848594113012534e-16
1.4998289326475093e-20
7.407588570939555e-07
0.0019044396006165087
3.8946232836701185e-25
7.343133950650417e-11
2.4183604859035558e-11
2.6050365102843065e-13
3.4063405095866226e-23
4.3035165402692723e-19
1.4295443998248112e-26
2.0512669608648207e-24
4.00257720810956e-11
6.990618306467169e-18
6.089426565676539e-31
5.174138244804854e-12
3.4969469867674663e-20
1.8751219719220672e-17
1.2716329241457779e-17
2.5975919085965616e-26
3.4699813412167277e-07
5.032528871082737e-24
7.064884357735593e-23
2.6366868371564487e-15
1.286367429342799e-29
2.2347363464859963e-17
1.7968671953440456e-10
5.185670307697219e-07
0.0006497350732057066
2.8908185287821475e-22
2.7015240122118687e-27
9.64675104645351e-23
3.8788393786504805e-15
2.5753090928837146e-06
5.7104847462817145e-11
6.458831975785926e-20
2.6581827654301866e-07
4.0015666494513417e-16
4.1209638057297075e-37
3.976656876697037e-11
1.3287713111509444e-10
1.7574739804160633e-10
1.15481837291638e-20
1.8214799896220565e-07
1.562504696957453e-24
1.5570550156081516e-07
1.4928267521374885e-10
1.656436978225147e-23
2.1389599228484383e-23
2.606769096819759e-23
2.1861207391423632e-30
2.0283008939940913e-06
8.923659480772114e-16
3.1130859901927296e-07
6.75280726059883e-19
1.3034898558737272e-27
4.178985327493793e-20
8.723566040362157e-21
2.0325691617749883e-23
2.098420314163022e-14
1.8997606758058748e-09
6.148648249621221e-07
1.7434512092139627e-23
2.5097622056136176e-07
2.1244380413180164e-20
7.127934080271619e-25
4.729252662561458e-25
4.030744168264986e-10
1.5499131911467427e-26
2.372719485943791e-05
1.234545703795956e-18
2.707250092176198e-16
9.317675555231933e-21
8.047005293967829e-15
1.068143805671509e-26
3.1032714896681424e-07
2.6287206573721774e-15
1.184101949610753e-36
8.153605615208778e-23
1.015881211773119e-17
2.634759407117737e-11
2.1635211128932857e-25
1.9211340436189344e-30
8.765736560046135e-18
7.417312515960659e-17
3.27199482938374e-17
6.401553456700073e-06
1.6275285785307895e-13
6.891938380233094e-19
6.5735490805296255e-25
1.211036090575874e-08
2.207751291687831e-06
1.517843689803687e-08
9.178082640598936e-07
6.579004311261436e-26
2.0342948684714446e-16
2.3705939406963657e-10
2.9945427255336374e-11
7.043791420563565e-11
3.929813477328403e-15
5.874826200109359e-08
2.7197234506222114e-17
3.929321679215915e-19
1.9240316623418023e-08
2.9992676909291056e-21
5.208043034144385e-20
6.51101844415313e-14
3.745427356832331e-18
8.808147274145886e-07
4.870371716376643e-25
9.13013334581213e-24
5.326949132960104e-20
8.114618194182316e-09
4.623059047174814e-08
7.121321724833126e-06
8.500105955186493e-29
4.3239179199633575e-21
4.614125126734304e-17
8.338584360840406e-27
2.993675279609561e-18
1.6188759652836484e-21
3.74436239188616e-20
9.620261360833438e-13
7.895007333477011e-08
4.397660832751867e-30
6.518110400608942e-05
8.724369721441142e-24
1.2865587405611677e-31
4.23967760630824e-17
6.842889463211999e-14
3.068027370047783e-07
6.944361624964534e-24
8.962354900214171e-13
1.0235055491560976e-21
2.0781958201396915e-13
2.0866243724428358e-10
2.569806175537485e-11
4.444000001962665e-08
6.401785778282832e-25
2.375173689771289e-16
2.8017666439547388e-09
8.673809525653176e-09
5.0157147586258154e-23
3.2251402084851633e-09
3.337892556649943e-12
1.3813433433799277e-08
3.379060158545978e-17
2.570573375416909e-08
7.189047564493264e-08
5.264167488960598e-22
1.1263544159376982e-18
3.713661006185308e-28
7.076642969198051e-16
3.0613568096484002e-12
1.2649543544455328e-52
3.474625405043178e-20
2.761010681589274e-26
1.8783676456713985e-14
2.6657517541033076e-05
2.6065522312535036e-20
4.839188456119038e-33
4.844018410694993e-12
5.837116903013321e-22
4.552573548118774e-10
1.3560247339011342e-17
6.734042555942921e-12
7.3113728737998415e-06
9.497497344014465e-12
1.1285243787969682e-10
4.612226123799478e-25
2.731196118654856e-24
8.943895028147592e-14
2.7117457560913835e-05
3.398831992595838e-08
8.832977421140693e-07
3.332081721040317e-19
5.2755960927759367e-23
3.8080493925990477e-20
2.2873838206893272e-10
1.2408448590196626e-23
6.440612753885718e-24
2.584038795379423e-18
1.0245831016830979e-15
4.623084232641333e-27
3.8172476463273364e-34
1.1835107516580409e-39
1.3081028174470972e-23
4.091350889800044e-09
8.646653681334135e-37
1.5511778377060986e-19
1.1433761551741379e-34
4.080258160226953e-39
5.418857486363772e-21
1.7600277448466873e-23
5.57781203726933e-20
2.420476176358007e-23
7.37872708342855e-11
3.3517958214300352e-21
6.256889222812779e-08
3.6255593365356817e-12
1.2295810859066744e-06
8.632942713556344e-24
4.030161838382501e-11
3.288784440379896e-08
3.0274875458182934e-06
1.3334911795580143e-15
3.95476280900143e-20
2.1108706372205912e-16
1.8746560004487048e-31
1.2429539966848828e-21
1.1255277666626652e-06
7.166946897497172e-19
1.1350893410082059e-17
2.560944080210944e-07
2.1531776049111606e-06
1.8687540999128155e-06
1.6972707911738816e-29
6.757251345103862e-41
1.5458140961109438e-23
8.801939976419294e-05
1.4018975730678938e-07
6.074131929789118e-24
1.0591457037202571e-06
9.92223064915904e-27
2.0873020442823264e-07
3.471354865462044e-23
3.79296812987455e-11
2.2359203738105102e-17
1.4288465392957369e-08
1.3337952179355643e-17
6.495828239228299e-19
2.3509625973192056e-19
2.882899225093001e-07
1.689588697929633e-05
3.5326005764392225e-14
1.0520549714860047e-08
1.8402979117994662e-22
3.8049867853807707e-16
3.9795554356954955e-29
1.7278772597090442e-29
4.455079164841001e-07
1.68266501089386e-12
1.1635587721687465e-08
3.514772976957789e-20
1.3598572899456558e-21
2.8530834671115497e-16
4.159842110071682e-09
1.1430337400631895e-10
1.2325483448656414e-13
1.2518259846050048e-19
2.5743437604659087e-34
6.175237638720259e-17
5.1921778783527607e-17
3.089705598914095e-36
2.2982657466977584e-10
5.3987904170261406e-14
8.080013703350532e-31
4.530835364238141e-14
1.3053388411909946e-08
3.957734848598346e-12
1.3186340309266268e-12
1.8672461091380714e-18
5.986356386974064e-19
1.431341945716332e-13
4.774867713910162e-31
4.435259424542398e-31
3.277204811308165e-23
3.160631459794122e-32
2.4505244938350198e-23
6.84570267840216e-13
1.980068552548671e-18
1.091564194332107e-22
1.0150809482040474e-17
8.16507076679666e-17
4.93250288589409e-25
4.609392257530387e-26
1.1415938263750002e-21
1.9940912692658537e-13
1.1080623329711236e-18
2.0898780503309757e-22
3.1942613176854554e-11
5.629053847408597e-44
1.1368914689457094e-50
1.7924277496920932e-23
1.0710106017693233e-08
1.9462461000517674e-22
9.255164416818338e-13
6.330216790094285e-16
6.416863059685653e-26
4.440732193893374e-12
7.56694321742328e-28
5.2193564927326756e-06
4.571044245591503e-15
1.1813398688217654e-16
9.146651988392143e-07
7.238247777160134e-08
4.418863128190559e-20
6.999996714730234e-13
5.442940989622237e-19
3.007699743052405e-20
2.419311675759507e-11
4.693469792173781e-18
1.3438918627502416e-31
6.569455139831599e-09
5.372244020714949e-08
1.3727204238243197e-08
5.39437051866676e-18
1.0209825223923663e-20
2.056232131449014e-25
5.5142581784471085e-21
1.9960904663495465e-15
6.104679536414502e-20
3.46509087049775e-23
1.4565620585168115e-23
3.625152220342681e-17
1.2507571296360208e-25
4.816929155508829e-19
7.677998458633748e-07
1.3194601628951598e-24
7.971266640352071e-18
2.689992486573701e-17
1.8960246215142952e-28
3.670135804706829e-15
4.502500110285807e-20
1.501939210718832e-39
4.1531507133772185e-19
8.508625326159872e-08
1.3492966360649477e-27
3.8755797072083894e-27
2.6350104912800806e-22
2.4150739118455816e-07
2.3351894523913465e-17
1.409026729884945e-16
1.0354602450114304e-29
5.7704794358952124e-27
3.8126822711783555e-16
1.2004230026298842e-07
1.0416108817450379e-18
6.018810353373411e-24
7.102902607236631e-22
4.570723814660468e-05
2.8547713230313714e-22
4.490096799833578e-06
5.7968444249721476e-12
3.131314092430727e-17
1.5012446027883664e-05
3.308524344156003e-19
9.50138608150979e-12
2.1100714525089754e-07
8.413331579138009e-17
8.279309469864543e-14
1.2124769970951135e-13
3.2397775093157926e-16
1.771771186633309e-16
5.861318375851594e-19
3.7657284524936265e-21
7.275336537717874e-21
1.896083412278379e-28
1.6313481365767315e-29
6.590331489780656e-28
5.66202893895314e-10
7.872038717050254e-12
4.3597498094418356e-24
7.357622448996235e-38
2.7155865527518737e-15
6.025967562942229e-10
8.59763500241349e-09
1.4740288428505678e-16
3.260339368203334e-30
1.6143706527716828e-22
3.970955269414037e-19
8.046229852368301e-21
1.8055246838300842e-12
4.253190521355952e-06
5.2472741062581415e-11
2.1770553358432604e-24
5.677070435763737e-24
1.7111444556985943e-19
1.2351900922671279e-08
2.6698420526090347e-08
1.611008420111661e-33
1.0508169191580257e-09
7.609322756800871e-26
9.017722877898396e-32
1.5015332176839606e-19
1.3057648005783763e-19
1.0784512494125515e-14
1.40864200773715e-20
6.518506145348386e-05
9.2889397422814e-08
1.4761060630818233e-18
4.470469758379387e-26
2.7483724670501387e-25
1.17825195693952e-09
1.368221992090202e-16
1.1963886474364995e-08
2.799740380631292e-06
6.2808163208979e-19
0.0003433654974299931
6.514407758773856e-13
1.1975518805252518e-15
6.376359573102299e-14
2.1533654774031373e-09
8.182228143912842e-05
1.343594659001978e-27
1.9504775437626474e-08
4.3292887425530665e-20
2.990282308460386e-19
9.896129132153071e-20
2.332323992485459e-20
5.173024522586935e-33
1.579425938576542e-05
2.804600990477093e-07
7.311121329174524e-16
1.2698753672813362e-13
4.4755515104748346e-31
2.344975488835206e-23
9.047910175405515e-20
1.8013804937086915e-31
5.420214847231985e-12
8.548844507872597e-20
5.490247130805968e-19
1.58355196481098e-17
3.652321627914004e-12
6.884600559665158e-06
2.3880973826939735e-07
3.0219056541802444e-07
3.757091485918432e-19
1.03666219961705e-15
1.5527142556643573e-26
3.1490692059838362e-21
2.8320796043830404e-24
6.392968371226044e-12
3.65541793604862e-15
9.59811097143199e-08
1.1850713055269334e-17
1.4987525027578702e-20
1.889269852025699e-23
2.481393646333649e-19
4.8835009908217705e-24
1.1437762316366306e-22
0.00026603157836443297
1.166883750000044e-29
7.416132975524668e-32
1.0555122245770828e-23
2.1395899372666474e-13
7.006178557744688e-06
1.951877209204577e-21
7.831740343183351e-29
1.4639913044339095e-08
7.501831817436578e-09
4.822770072110027e-28
1.1076300379978808e-27
2.290699149540336e-22
1.8329902396136842e-16
1.1005203050247239e-05
1.184164280546961e-07
1.9783853614533792e-24
6.946381600200438e-09
3.820435552739701e-06
3.1232693101958384e-15
2.211286427834767e-21
6.187516508333583e-18
3.3011274811467127e-07
6.4483783694157755e-15
8.953988735128184e-12
2.8769327355816365e-07
3.0444191068647327e-12
4.136568148227489e-12
1.6813190478254122e-28
8.309407489131522e-11
2.028525290095045e-13
1.9207045713918211e-07
2.579488581540418e-23
1.0870188208630038e-17
1.1538813445926684e-08
9.700223283461529e-07
6.821884810890313e-11
4.026886156985917e-19
2.7025077341492678e-15
2.295849521088574e-15
9.716464690446782e-06
4.217355113668002e-24
4.1106183544033164e-19
3.3973306639943337e-31
5.390474937530943e-17
6.243733251324562e-06
5.367967956304907e-23
5.853808730475048e-20
4.1863907232671315e-23
1.8935291036056777e-08
4.378049336207084e-06
2.5730635989117646e-21
5.542789965663185e-16
3.2697616265735825e-05
4.2210618885055656e-21
2.2221572575645207e-14
2.5955683713596802e-24
2.275488334507263e-19
2.7647841758918283e-11
8.956294473679578e-18
8.536097443872237e-23
1.5031286743436006e-07
1.6747324985610227e-07
1.3703577436837945e-24
2.0010860537179943e-12
5.282792576641807e-17
2.9322992306021967e-22
1.0281195736794777e-15
6.7542503424159e-21
1.4887461645492233e-05
1.0807861628815519e-14
3.1031029740427894e-10
4.038522320870908e-17
4.7539829797961997e-07
1.4348732607138956e-07
1.186879304126951e-06
1.2159336683311396e-12
8.608409329082978e-08
1.7890133713029105e-20
1.846288624346996e-31
9.355812572124307e-10
2.4509106608748205e-06
4.3307811964025724e-24
2.94751085302495e-17
7.244311995077143e-20
3.296977997925107e-27
2.3525712904827815e-09
5.436773963737128e-21
2.4814810674138544e-28
3.7402811913482246e-21
9.52398209668542e-24
0.0003907750957788738
6.068137127068695e-11
5.998998227010958e-24
1.2364976196960821e-24
3.3040433652861666e-16
3.299779364775403e-19
6.8835127601699085e-09
7.438042160450917e-10
6.005467548377542e-13
1.1388350730369099e-20
2.883450423121229e-24
7.120998183574987e-07
1.661100149568995e-24
6.142870236585628e-24
2.150920746276227e-19
4.4342030719866795e-06
9.857146549852778e-20
9.878330933533069e-05
2.8891382430731073e-25
2.4816598395448402e-27
2.5518049350263303e-25
7.512698444778305e-12
3.3814616859995495e-15
1.1092989157080895e-08
1.2923331383389816e-15
1.5424389126028132e-14
1.051040250449579e-21
5.056083816825685e-24
3.296244659971158e-14
1.3503692842957417e-33
4.304897467753145e-07
1.1770227735336494e-07
2.6963215471434253e-35
2.839520379516221e-06
7.733932672410593e-06
1.1283053106480865e-10
1.2444859740554583e-22
1.3053096950182797e-21
7.228889778999649e-07
6.671083967219077e-08
3.281944017664614e-22
4.740160870834253e-18
2.18586170324294e-23
2.1206023340951534e-07
1.525392471502904e-25
3.994342337431825e-09
2.4497635700786785e-32
2.997892833337248e-16
4.228292463572287e-10
6.211220117222571e-11
7.847081587696639e-27
7.042748998203606e-25
3.3822936824262753e-28
2.0804340614278854e-18
2.042664035334138e-23
4.731536889238056e-11
6.697210677293876e-26
2.768843041763807e-22
8.290509074436921e-17
6.0717764754796065e-27
2.299855757379702e-23
1.3198447570194693e-11
9.04902231221888e-16
3.856785169496633e-21
1.0526203277711107e-21
8.282757459253311e-19
2.7602137200362262e-12
1.767315637364236e-13
4.8687616937348704e-24
2.242901454523526e-14
3.296967658867134e-27
2.0991983176105436e-12
1.2938008116150826e-06
5.4570468987412375e-08
4.622580004313835e-17
1.3643060058266255e-15
1.1372582099674225e-23
3.558198589832842e-07
8.247149183640588e-07
4.622046353100404e-23
9.149309282264455e-12
1.3406281656794927e-06
8.508567794375966e-25
3.52131767522198e-25
1.7490550381995513e-06
1.6558766308250527e-31
5.146870786385005e-08
1.7490368515843291e-12
2.0648600539285027e-21
1.958859150160167e-22
4.914442102825934e-10
1.1316367335318308e-10
3.381584752115724e-11
7.63635787908675e-20
4.9492695031851975e-14
8.756825958529987e-18
4.351381873247306e-21
1.3489100091317444e-08
3.9032330121523207e-19
1.2115808910770448e-34
5.648709283758246e-06
4.033657452807132e-21
2.237703174585857e-30
6.0775518838585134e-12
2.0521607984355756e-06
1.5289191211912997e-22
3.514754988807874e-07
6.084201136305895e-17
2.2108245288820293e-16
1.517645136425418e-20
2.8510113093059636e-16
1.231795858928913e-22
3.2231941635290435e-09
3.7239867469433755e-17
2.623897623331163e-26
1.7157117153099295e-12
7.384112988954561e-11
3.126157246394546e-19
5.126506844334484e-46
6.329045488632492e-09
7.235465815172627e-13
7.569720014500021e-20
1.6074002857707294e-17
2.2677846564403637e-11
2.9123548207961625e-24
4.528463520036906e-15
9.110364181802659e-23
2.416037784425511e-19
8.069889914002608e-07
1.2617805738452405e-06
8.93475132736663e-08
4.997787803699008e-14
3.168834968753845e-50
9.466867622813057e-24
1.7373990314992515e-20
1.2627589708338326e-34
1.16288186286311e-08
2.0700872596388313e-12
1.0142345799142389e-19
8.041054188641056e-08
1.3445888016162015e-23
3.7561867238781772e-22
1.4399767244489973e-22
3.325524804996339e-06
1.9681453302580986e-18
1.1234426762659251e-07
4.07033113725278e-26
1.0665738773394234e-22
1.9291890213314375e-53
3.0633932402752155e-27
3.76708285757699e-15
1.6483212052025254e-19
1.138504833126465e-06
4.893891089350788e-10
3.517606013358342e-15
3.6132670009580364e-08
4.2365484690153695e-09
5.31784794897377e-26
2.772533234983853e-06
9.379444470870081e-19
8.539651740565668e-17
1.608822119603918e-07
1.1300806861426298e-14
7.910538460331087e-24
1.2268248190553104e-28
6.463488525869374e-18
3.6290860144763763e-22
8.680749217870449e-23
2.2812268785667745e-10
4.755525976404763e-25
5.299721172153556e-21
4.941748780639025e-25
9.90929577982164e-13
5.812156348476927e-32
1.0022443443836778e-23
3.866351535591185e-15
7.212498175679219e-07
1.3066031692454499e-17
0.0016226245625503757
2.107055060210684e-26
2.3333538391107084e-20
7.090860120943601e-07
9.10290111444617e-34
5.543494773001681e-15
1.9142643030159132e-27
6.165330434013297e-22
2.398198290397125e-31
5.50441475219551e-26
2.1704175342335885e-09
3.851441803953507e-11
9.29337628938452e-24
1.9542303248869157e-14
2.095570911327695e-27
5.428959032153652e-75
7.464873430411877e-27
3.2535762790929983e-29
7.910433300816596e-20
9.718439693352075e-29
2.156464777722696e-22
3.89864652034152e-12
2.8047857857388573e-11
1.4052737226906568e-10
1.8753351855890234e-16
4.250027289943005e-12
1.8840981848108209e-13
8.515762092391325e-22
2.354959038761215e-05
7.840394096380096e-17
2.7954215032363896e-24
6.586640558555023e-05
1.0822213728494621e-17
4.524144565623476e-16
6.751909951729223e-08
1.8197685325828e-12
3.369119476317212e-08
5.005579462876134e-23
1.864324891588344e-21
2.8145468376164427e-24
1.8022918779336643e-27
1.9062896919237027e-25
1.3028170257841542e-16
8.264472339455918e-08
1.1186797635732575e-25
3.855669497489404e-34
3.4909507993619196e-20
6.107539613196483e-09
7.644715187782362e-23
5.024300426824531e-24
7.691855462300342e-27
4.80471271398864e-23
9.690322222315327e-15
1.988802515038921e-29
1.825460116890335e-27
5.775136391407663e-23
4.026291320514868e-21
6.659225100534261e-14
5.339589950315083e-17
7.486809247588764e-20
4.864921004240964e-16
4.390036027075088e-08
2.9219842225107706e-25
1.3275649422793307e-17
1.0258622306402192e-07
1.8263135637337343e-20
9.312588930140239e-17
1.6534291165989973e-29
1.3757598516158765e-19
0.00023027947827008975
8.714277360475691e-16
7.724285270011178e-20
8.44998762993927e-13
3.844495734014315e-08
5.184909717666666e-17
3.01115333839317e-20
1.1014938511406693e-22
1.0287371840844681e-23
6.490500020206273e-07
7.931376931171263e-12
1.431096221946193e-07
1.155978907351122e-14
2.8496789124886998e-24
9.517159458891827e-22
4.5113807638581276e-13
9.488316807890757e-14
8.843935558971619e-34
4.372409119699214e-19
7.653412113727667e-21
4.032371328874355e-19
2.307577162186158e-19
1.2883724301440445e-21
1.0314422208132162e-14
1.8929353706354936e-25
8.27862219673433e-53
4.879821991125903e-08
8.391349975733479e-27
3.9948156564297056e-22
4.479198734008988e-05
0.00013289790962423773
5.441502122159412e-16
1.4046794510986518e-08
2.3170372268374604e-14
1.131685993500642e-06
2.585188838245754e-12
1.233090874434529e-25
3.263178720989456e-11
4.0654503638333765e-23
3.040568570126377e-10
0.0002547329569567336
2.44463911882446e-22
2.0452307016831065e-19
3.6440791293533843e-16
1.2932221801696866e-07
2.1425048188408934e-08
5.1681528835190556e-21
1.3984371866461925e-20
1.5069938855195306e-27
1.556034491518678e-11
6.528409591598014e-08
0.000333522301894644
3.1393129402431313e-20
2.5278843642069228e-28
1.330612154023563e-07
4.6255349327840776e-21
1.6274851390876693e-10
7.380050653514506e-08
4.990204357984961e-13
4.0471191176903007e-16
6.917185303374458e-11
3.30801149772532e-36
1.634994854172418e-40
2.6758503484404696e-18
6.358799917161166e-28
8.691686597168155e-26
1.0599929192820252e-08
1.824307899276104e-21
2.2967730213334664e-17
1.5730744895547322e-44
8.708795308558406e-07
2.4009668531062385e-27
1.6535928306506135e-24
1.6931508673905405e-09
1.4814549283722485e-16
1.0862058404561776e-16
3.344170746820025e-09
1.335897255741731e-07
7.391838077007148e-20
1.9528528554327692e-09
5.354493657362191e-16
2.9354801062740825e-12
1.9007586519373298e-19
7.78072030415402e-07
1.2828394820645233e-17
5.9175795612961173e-08
8.75931318798459e-29
4.3046939771312827e-19
6.156501537442345e-22
9.177714240941017e-21
8.007419243315188e-19
6.859684449059104e-22
3.2437707246570077e-14
1.157705997566108e-07
2.235018877694008e-32
1.021810573150431e-25
3.539624791007084e-17
2.595925810685014e-17
7.309922595952141e-19
1.5464910394621826e-21
3.126728317184883e-15
2.676546671290673e-20
2.8063141110365313e-13
9.270902369705179e-07
4.550554758412872e-21
2.319736362095258e-79
2.146699098283488e-06
3.300009982448592e-06
4.4566220020790447e-14
2.1243327552768993e-25
7.993192234120774e-14
2.5389402503298353e-24
5.468559532967275e-25
4.6161774373221e-19
4.067148903413492e-25
1.1472807156259445e-21
2.1627386230870132e-11
6.924850224616264e-19
1.2002712893411394e-18
8.606846071293448e-17
3.104760255240275e-16
3.0005585591511056e-27
1.1615300757202145e-19
1.0478031587815315e-22
1.3806032354687982e-22
2.3082787335178462e-11
3.5273029114998235e-10
1.0903276827898003e-20
9.419489001448545e-22
1.0454789937739979e-11
1.1251794500404136e-20
4.8991939645660834e-20
2.967938007330273e-19
4.4590510661917376e-14
1.67083839334225e-05
1.4451876651227932e-09
6.157895753440298e-09
2.723602118321378e-20
2.9678323702567095e-18
3.143270296237055e-13
1.6213505626497197e-18
1.825146424915935e-25
8.778479350415204e-24
3.9940140126702665e-12
1.5389152541379508e-47
1.3170872998748845e-20
9.785924850111808e-17
1.7691258697910556e-25
3.9241290186938144e-27
1.5834833280464547e-06
1.8338623098197437e-16
1.0712674089204323e-09
6.255197500926615e-20
2.7702894078211386e-13
1.0207233016852409e-08
4.196313080562266e-16
2.998288035246642e-30
2.427855319982962e-05
3.0273066265602272e-22
7.018795524435826e-06
4.763749233514608e-13
2.6600987659008895e-05
3.877190743057383e-15
2.0267350610836528e-07
8.784236644813759e-23
1.6338822586418685e-29
1.782404323806894e-18
1.6382364057479867e-16
9.08599517754982e-08
1.7839566108818249e-29
2.2512230651373248e-11
8.178558773465865e-18
4.4597301523174375e-10
2.188764853466354e-14
5.892527179967897e-24
5.241662353853985e-29
1.6534312114573138e-13
2.134767066256268e-24
4.1630465200146067e-22
4.510907484090449e-19
1.5429724346482958e-07
1.0562700792724557e-25
1.2763609460920965e-05
1.4879119465809514e-15
1.3198324310969588e-19
8.620731370970299e-12
3.5833478876811725e-19
1.9028987232402894e-23
3.8988719434065065e-11
2.5368037513273316e-23
3.951007457855207e-06
2.064606113787153e-06
3.829934924393878e-12
1.0025993677648605e-06
2.0800425581960983e-19
4.110164481226746e-12
2.0574482236059384e-21
1.9889012690236496e-26
1.1892486892429058e-22
1.6718533534808733e-16
3.9748257108651144e-17
5.0264422049586214e-20
8.899458481592495e-09
6.180477210454585e-08
1.8164784143935103e-08
8.3618288551423e-08
4.505259008737077e-12
1.577920917894427e-28
3.0403840361526867e-27
1.8049813892574078e-19
6.7597880049667126e-09
1.2986948196433086e-47
1.3860681495505522e-20
9.28348238716819e-30
9.420093187609555e-20
8.754542041967376e-20
4.59738066881533e-07
1.0577223087911974e-21
2.4995187330660575e-16
2.6450805546799757e-14
1.47435763129645e-21
2.6590161669415314e-21
3.267187441255621e-31
1.3738579168440962e-11
4.360710186466839e-19
3.6220811044948336e-17
5.3845829787244086e-09
5.3876391745121055e-17
6.797370318019263e-37
7.904320640004416e-21
1.4173841433894217e-11
5.183371141777986e-07
1.3504525377062503e-09
5.809912843311899e-14
1.2980796367600302e-20
9.531932217970395e-33
2.963710610564767e-22
2.0158140726610446e-22
5.450224099369859e-22
1.5116913387203639e-27
2.7715683090635733e-18
3.244269625633592e-23
1.1690750413860891e-26
1.057076870768495e-25
7.989019545581821e-26
7.600777566663727e-24
2.4029027065792412e-24
5.56951269873668e-20
6.695636761047231e-24
9.512807493980737e-16
5.998798159686777e-25
2.477676938071206e-19
2.4324583572242828e-27
2.694099335797705e-22
2.4548531717139086e-32
8.008352113218727e-33
6.750481701648677e-21
2.5686948768959838e-24
1.9252690627739825e-42
1.4854277714332832e-20
4.95902107877111e-23
8.442355598920459e-23
6.093336544507951e-23
4.315995232363579e-09
1.8386011165505517e-19
3.188537889201018e-15
4.781983857285709e-18
1.0366166716189848e-15
1.5633167850143396e-05
1.9714757163402863e-05
1.460073007113352e-20
4.9537736792542476e-08
5.952670603780562e-21
3.0699509759679105e-09
9.075608368731382e-11
1.0281165621967849e-13
9.244183959886237e-19
1.1280116974219576e-19
1.181044490220142e-19
2.8931749935122556e-09
3.9853231761344506e-21
3.617217291543437e-14
2.0758030305719355e-23
1.611247602815695e-08
7.847191020042635e-06
2.6235310924272557e-16
1.5825066768856544e-17
6.022831277387805e-09
4.978074840205068e-11
4.6618609500804855e-08
1.0062801181814462e-13
3.2104279481170347e-18
1.344354225812342e-18
4.785181446930369e-12
2.734559572448517e-20
1.945666760105788e-11
2.7213961170775476e-20
3.9275682412061916e-11
2.527988752807844e-11
5.37277732232381e-10
2.97257924822827e-19
1.981091564034129e-08
2.895548171306872e-17
1.6276801949854403e-17
8.695277904040387e-19
7.79747128568931e-19
1.7448130074907279e-25
8.370448716578964e-13
1.0794850373345666e-09
2.5809231405808535e-06
4.402221066566385e-06
1.698234584432347e-22
8.066939450707581e-11
4.423727524070052e-08
1.0721395855141427e-42
7.340759835531305e-10
2.1976764884529634e-22
2.5117874203596154e-13
6.952191545814956e-21
9.357037828518317e-19
6.664528957767554e-13
1.0568783467864579e-29
7.50722928499547e-15
1.878260751664053e-12
3.509461461408846e-05
7.053637205179426e-19
2.039426618830931e-23
2.440696910979224e-06
3.1843832504432137e-07
1.799822289248976e-21
3.8237616352585314e-32
9.247889226601073e-10
5.714099103682587e-21
1.110081934132147e-07
1.1742458771418092e-05
8.14726192362542e-18
3.133288494080547e-15
2.3399813206908835e-17
3.444676216227171e-25
1.536678887354354e-25
3.89648931127614e-21
4.837692950808104e-05
1.6541216358503516e-21
5.631293365751257e-29
7.17744391153348e-09
1.9971287707691947e-22
5.160007886009435e-31
3.339772449027833e-22
7.869214772692955e-32
8.990308230003359e-35
4.017689417073366e-20
3.061847732167811e-07
9.513164563463114e-07
4.7090113567815064e-35
4.462695364617139e-24
2.4698600296247575e-06
8.568396837444834e-13
7.205818878471465e-21
8.829980569028694e-36
1.0446708613439679e-16
5.982104778117223e-22
3.8614864056839855e-17
4.099632298101064e-07
7.508311580567455e-18
8.21813632955049e-33
2.817823303409048e-23
3.1407076776982056e-16
9.575750500284228e-15
2.0747114832365457e-07
1.410644637997585e-13
1.3887954007954736e-05
9.582091499550228e-20
5.518953863198468e-09
5.0545595215005094e-24
4.6709902768834734e-08
1.7132651212259184e-21
2.1731521144863166e-19
1.2275653498855557e-06
3.795653530713995e-05
2.1091988014109945e-32
2.7259438579475897e-34
3.4123663291669916e-25
1.3418628598462203e-22
3.8764200670289263e-19
4.629430621353065e-25
3.171710376950673e-14
1.0699352178434743e-21
4.438889455352295e-18
1.3982880007781922e-18
9.23800838739166e-27
1.4420764093725907e-09
6.640642413546627e-27
4.528996358228941e-18
1.7006085497918518e-10
5.664572359133319e-26
1.3088826729167188e-16
3.710622962657236e-18
8.034127104495366e-14
1.0815715390391802e-18
4.6294369747401426e-10
3.855809907414904e-29
2.000499097891427e-06
4.685215234556178e-08
6.300031371089405e-09
7.548986152723867e-16
9.190076139764521e-31
3.446475252135654e-07
4.051304389842993e-15
2.743481537683685e-08
3.292874709291791e-20
1.5533608198011107e-16
1.3024398464705511e-10
1.2003669856705325e-16
5.89615441743674e-10
2.3069641111297128e-12
8.097823090735867e-27
5.295370213300277e-10
3.0726637908970256e-23
3.429349305887728e-22
1.1226456448132686e-26
6.316657058049213e-22
1.4030421724964977e-10
6.992990879077962e-19
2.4088159832566885e-09
8.480347213588343e-07
4.588643280445293e-09
1.7162558936136386e-23
4.3022689058781424e-08
2.084333474655027e-17
6.777699358362681e-14
6.717952684617018e-25
4.995199074372747e-14
1.0541851582061106e-09
3.926581722319246e-24
1.6005141012276443e-20
5.885186352034919e-05
1.2884648515718464e-19
1.7549145425369217e-11
4.3548779174228205e-20
0.0011741852970911805
3.158978536132273e-24
9.40220933687394e-20
1.2601970051274895e-25
3.695677102280352e-09
7.01595627197274e-11
1.0575907292161794e-08
1.583625688235254e-17
9.471360912089189e-07
7.395102610830127e-12
2.5807626665865193e-11
5.96409305066195e-16
2.3907121592254337e-47
1.1164493313541355e-20
4.4489194914671087e-20
1.444634648138485e-08
1.4916468232706493e-21
1.1016449478299247e-13
3.6104830273156083e-16
2.3390750162109e-18
5.502395036436996e-34
7.723415778796003e-18
3.569093095920994e-08
5.919979458630049e-17
1.3452310682308363e-24
0.0003142809251505838
2.460215675664957e-06
1.49281424746901e-07
9.803208427092136e-35
2.432185054099023e-09
5.225421900677348e-07
2.0306785712393698e-14
1.870292540421499e-22
2.3643877828931955e-06
8.374092960271415e-28
9.404880262121136e-07
9.023380168631338e-11
8.685694969058945e-10
2.8033171649258175e-23
5.208554538144985e-13
1.1974489541194286e-17
6.263102785782395e-20
6.671442264058123e-22
9.141697500438863e-07
7.002288923894995e-07
1.4824558149213286e-13
3.374696830505562e-13
2.7399102129089314e-05
1.210127985681656e-12
2.9738538932485143e-30
2.9140851985184365e-16
6.368774265661413e-17
3.3837985763618484e-12
1.3913874156347422e-40
1.0894340527048475e-22
3.5716855997221185e-25
8.614421614246885e-08
5.86326947814647e-12
6.573264262574945e-51
8.012503427951619e-22
7.557699293344191e-14
2.0000489645930866e-06
1.2855343455268008e-20
1.3472509068477393e-11
3.2433267410752638e-24
3.7327837044568685e-15
3.0183334536327503e-28
8.888983371891026e-20
1.6873026247143008e-36
1.01390775956666e-12
1.7383846488336226e-27
6.177128796862432e-11
2.488490972162347e-15
4.0715759557168886e-25
2.3395496849498493e-15
3.503310007979574e-30
3.1162772176120275e-43
1.4020510488492246e-10
1.8639065488818462e-08
4.679946759362671e-10
6.899018834666908e-22
3.291116557993235e-23
4.5650832278642294e-17
3.02224512064647e-06
2.997066671963958e-07
1.1828382421139857e-18
1.8973855075283403e-22
2.1362264341611125e-14
2.829515206834892e-20
1.0931042438774561e-13
2.7253495071783707e-19
2.0121915173618947e-34
6.171267314644535e-16
2.790270479012783e-20
6.203084135445095e-23
4.560735930482555e-26
2.5354840741702104e-24
1.7436706909631095e-24
1.2133691059153723e-19
8.660202267572987e-10
6.216727613562498e-08
6.082183544376022e-16
1.5421791377823474e-14
2.741114819439648e-28
1.360062311690585e-20
4.261225816891902e-08
2.473476493288723e-17
9.114911719709811e-07
6.685364781027906e-33
6.347696866664456e-09
5.735091739574958e-18
2.746491475483796e-32
1.6484029482942867e-19
4.123227357310915e-12
6.603468363213425e-17
6.370167317790422e-17
3.9989002119756214e-10
8.28862389970409e-18
1.784397859596608e-07
1.781294650245649e-21
1.3038657243403227e-25
3.8786580402304247e-10
1.4551830635499594e-16
3.30356366194307e-21
4.728921638833194e-17
2.778309324603405e-18
1.013128206097586e-15
1.2814753397310507e-16
1.0863082113670631e-13
1.1212496237100652e-12
3.717029407292093e-07
8.663649896424731e-11
1.5142729213581863e-15
4.866313228621283e-17
7.685778498946629e-18
3.095799874307701e-27
5.145167050092124e-15
7.369983738511356e-27
3.4766859595743114e-21
6.1518272267210895e-15
3.2403781168831285e-15
5.156043870036867e-25
2.2326607640003765e-11
8.358243618930119e-08
8.050253538724176e-12
6.965964365203039e-20
1.3598404800583122e-19
8.756773301233185e-26
4.357671675217902e-28
3.5019162057154415e-07
7.598344531175617e-13
1.4536810769310094e-06
1.8340565979573771e-34
5.715930087303321e-15
5.152595251379416e-12
1.977407023775892e-29
1.2814795112917171e-36
1.6247062854079832e-41
1.30353223676519e-07
2.04158185791394e-24
8.368806324612421e-08
9.059017432551124e-18
1.9167027941305407e-24
4.667080572037551e-17
2.029355387833289e-18
5.359589573662247e-07
3.8648523529982175e-07
2.9997944495115565e-07
8.156336399114609e-22
1.2795446057761102e-21
5.3466885534673174e-43
1.8395132803030178e-06
2.005667854159664e-05
3.405273413305832e-09
1.845770252878222e-17
1.6007375501597374e-23
7.011304823617202e-12
1.3551623839831735e-07
5.728816910627154e-21
2.17298533551159e-28
4.1702850759286955e-16
7.647800393879949e-07
6.781041006501867e-30
9.029853249281758e-25
2.065828572811705e-06
1.4435641142668872e-17
8.848917222916892e-11
6.068977693285178e-17
1.594427630977238e-26
3.736472945982592e-16
3.2103668895390714e-08
6.065758917072352e-08
2.6363622091285654e-14
1.6256277755963119e-25
2.0665210369508588e-19
8.46299138763441e-24
3.387798317883933e-12
1.3066438036732777e-29
1.464527160824228e-21
5.829710542344249e-09
5.794830836521077e-09
1.1830515202078993e-16
1.1768590176335285e-23
2.5420051800143984e-06
2.098693050050079e-14
5.153580611581301e-22
9.737476306571367e-13
2.929085074000291e-19
4.745052967951107e-10
2.612779514396267e-31
4.8594289448716855e-21
9.787998805113193e-08
7.577170284267009e-16
4.517902807806431e-36
1.918205978333363e-34
1.1221417741229784e-05
4.778619075505599e-23
0.00031452822023105866
2.6363906137754485e-10
5.054621075459925e-45
2.2048398572566374e-18
1.7581147656967417e-12
6.105572342459172e-09
1.3121233348159234e-15
1.633349714907188e-16
4.0219418627481805e-13
5.4535387171047205e-06
5.52416784926323e-10
1.8472709967678442e-25
1.3408442126315206e-10
1.0144799416213023e-14
2.9017444268586346e-08
7.469328287300726e-21
5.087359653054716e-06
1.3131062872694647e-15
1.0020876196798373e-36
3.1913987406926903e-07
2.7321680739563546e-23
2.5815690734599973e-27
1.5609813763361965e-07
5.709533887045042e-26
3.3117155066668534e-20
3.4024119050722317e-26
4.149711533119246e-07
6.146600794427796e-06
2.197725524909312e-67
1.1900266404260179e-30
8.884743029208794e-16
1.079598362666672e-21
2.5531132306752207e-10
1.0726703263199775e-07
7.450058135142088e-21
9.358996171360391e-19
1.9454279450191402e-24
1.9890946668662415e-15
2.368837217340793e-06
3.285053658971135e-11
4.082264339846846e-30
3.908896309566837e-08
5.107305201235309e-16
2.5204342608653183e-19
3.5858804387528187e-12
1.5974098655345592e-15
8.314147430077354e-08
1.7510330202765348e-23
2.1265651004610403e-22
1.5161645329519784e-11
2.4137933063956355e-17
6.581972196514596e-15
1.4462586847917688e-19
3.968225276321181e-09
7.493511431120869e-16
2.1973181308944764e-31
3.8663664747540575e-11
5.441100146681759e-15
1.15092812975905e-23
1.8872170751356356e-19
5.084984712628977e-31
1.465553348977708e-17
3.1915132650454005e-09
3.5688129347950404e-20
8.544364977104146e-08
1.950882873637083e-31
6.229469611541521e-11
5.5648104900587694e-05
5.172850921434327e-06
1.78739779639985e-08
5.343782703333023e-08
2.4352675732527347e-19
8.76823292670509e-09
5.012981134603271e-11
5.401182895414109e-16
2.3773610207991408e-08
1.3689515799265869e-14
1.3453863337178766e-18
1.6183759193500946e-29
1.5192582307644403e-19
2.3490918836262835e-13
4.7995470542748785e-14
3.858986684757294e-28
3.4885330211671353e-10
5.918517847463342e-11
2.821752140960623e-22
1.2386083999969427e-20
2.2891659528671993e-16
6.7100195831448685e-25
1.0278582155612979e-17
1.2107320098534377e-19
3.5832750519470345e-21
3.916106507538598e-27
9.316263050700137e-07
8.254197378427378e-24
1.8297677503678935e-11
4.808072444965952e-17
9.753158211594963e-06
8.809844363302125e-15
8.993243681051284e-07
1.858794101256522e-21
1.4574681447892152e-05
1.2996059655342896e-23
3.715104633896601e-17
1.9530590213766525e-21
4.4695633577410034e-18
4.4500472140331767e-20
9.171574587196926e-35
2.641714525828498e-25
2.3476796364669325e-18
4.746558180383247e-33
5.29968343301131e-23
1.2088411919129272e-30
3.1096364960309765e-07
2.8737729203657695e-19
5.378564768582874e-17
4.980033536512754e-07
2.2323722876898514e-23
4.878051871984515e-21
8.101745392034e-27
3.9523582649675513e-10
1.4827894501640068e-18
2.0137515810090563e-13
2.4173268126288286e-11
3.4952284739784844e-18
1.8018411903602444e-19
4.623328872188909e-16
1.3191537301476995e-12
6.826256771681617e-09
1.663998289279365e-12
6.566642944882675e-25
6.841214069703016e-17
6.974143475619643e-08
4.944874251584705e-18
4.349875346211978e-18
1.8128727986976116e-21
3.627785752924043e-14
5.577639977462061e-10
8.00914841531568e-15
2.1673553914456493e-09
9.149475446499738e-22
5.77755714747734e-29
1.7218894527932495e-21
1.279713285939861e-25
1.2162181875726774e-22
1.5543156426069072e-12
8.21720663594523e-23
7.424312575670131e-26
9.71764411318665e-16
2.6344875124337335e-14
1.8128748989575e-21
2.5748305284190093e-18
3.920735032097908e-16
1.3048694556916882e-20
3.111984178846943e-25
1.7386572887683433e-10
1.9987777521896963e-16
4.7227137339780825e-08
2.4841661272974096e-20
3.073586655390172e-11
4.1473987004227416e-20
1.1975749469373528e-18
1.2099336583067557e-16
1.9411935335574258e-14
1.2514397293374549e-25
4.610887582550903e-09
1.344222258147251e-16
1.9316551193183997e-11
8.988267647117689e-08
2.8763847552301686e-23
2.9966759886902093e-12
1.754888007160114e-08
1.129638074518226e-22
1.761457444142594e-27
2.409850754716384e-18
6.798373116060313e-11
9.618805022929242e-15
1.9874395069472746e-22
1.0360760012549654e-08
8.145752813415292e-20
4.955612446878203e-19
1.4157474435451135e-29
2.113937669427749e-16
1.0345409118462228e-20
1.9238310702424801e-22
5.7140270567926725e-08
1.8189773360828612e-11
2.2132618256493445e-12
2.2882178891371344e-20
4.739475966208287e-36
2.3321114080366574e-14
2.1801981830822833e-16
1.0758999396243197e-09
8.266944784714069e-15
1.7444688796864102e-12
5.66339661472519e-16
1.577515480839139e-19
1.3251886491382496e-14
3.6109521758333364e-22
1.3641741174021142e-12
6.353315171186073e-07
3.971811158194208e-06
3.1022564573359277e-25
8.909592025682509e-21
7.101348655921919e-23
4.551081139134271e-24
4.6530758640642574e-30
2.7772434700663585e-06
9.17988739347656e-20
1.3748604503772032e-22
7.760824100336751e-12
6.582514280983773e-14
2.7707516160824172e-14
2.203571016144396e-12
3.138620718844326e-31
2.4856502856370548e-08
2.7004100305790422e-20
4.958464917046511e-15
9.043700687669651e-21
3.90472688643009e-08
2.7865419019429264e-32
5.969769300340027e-12
1.9212159217075146e-21
4.4185504020436e-16
2.2366363565148688e-18
9.755820729306887e-13
7.688883269498789e-21
1.214790740426685e-22
1.8931515667445108e-07
7.360328055452137e-07
2.6781809403416133e-08
5.807209201824841e-14
2.1100380543337822e-07
1.7950447987069413e-12
7.935167257455053e-12
6.62526470199795e-10
5.642307106266216e-07
1.1181513625064564e-18
3.485744858435412e-08
1.3480654181455457e-16
8.204345964081213e-68
3.5141612653556004e-15
2.3856249154970156e-25
2.7711389979286283e-08
9.18115447984118e-13
1.4484204359203238e-18
1.9727360896789114e-34
1.4690605547002727e-22
5.006816927784225e-19
8.821154578864385e-11
2.4690281236092502e-05
3.486866518790099e-13
3.1017727407820197e-21
1.2421046072717264e-33
1.6460888899692494e-08
5.281238542868609e-16
3.390441023472658e-10
4.7372184664837185e-25
1.0512546009366774e-22
6.536487204568645e-26
3.0748436912406495e-18
5.0745090909663765e-08
1.3994689303275888e-22
3.182221346625599e-08
6.0153269137636214e-21
3.1235062685182377e-09
2.860115329358423e-29
2.0687138807869757e-23
4.4581850491654715e-06
6.404206429432643e-25
2.39488622400492e-22
1.0735523590457913e-10
1.4875826407839131e-24
1.0912221285554658e-22
3.0083490560872024e-11
6.42929274687382e-33
8.515861316463065e-09
8.15106697131929e-11
3.7275418255270403e-06
1.0254721574515905e-31
1.882952163836424e-18
1.7272488131755934e-37
1.970368196856562e-30
1.431815186854443e-20
4.744728035640511e-10
5.169501111506239e-18
1.983092537067239e-31
6.549790562573028e-12
3.702668000401472e-22
8.74909550927043e-21
1.2149363583827139e-08
4.805850950814371e-08
1.5642870327720592e-20
2.3380635003887312e-17
1.2645925225842112e-17
1.533668767446117e-06
2.0385893880780223e-58
9.282148361560403e-28
1.4964978288293746e-10
6.523614657396382e-13
6.374065358508965e-17
3.294642521517736e-17
7.1060440514833924e-06
2.677945761002109e-09
3.899592181383931e-06
6.055184787523809e-22
9.565032659871646e-18
3.7798422211232104e-17
9.71789290370027e-19
7.754014039890391e-29
5.762619024987842e-23
6.975278896404081e-29
5.724146450659162e-16
2.268260023320008e-15
3.304869815513554e-06
1.3914756104547487e-21
2.01106833074422e-13
2.5624817775470985e-23
1.475759708435945e-20
1.2285143162521675e-05
2.1086609521534856e-18
3.073488448378299e-14
6.652719256605529e-22
0.0004924859901311002
3.2221127399800328e-18
2.4788348902990898e-24
2.862225287324693e-10
2.055328702122316e-15
4.418549120540167e-48
8.535954033886358e-24
1.6822686966553737e-21
1.4546386288568528e-23
4.821014243765984e-19
4.740528792797974e-25
1.8361840721246387e-10
8.376218455247885e-14
1.7162356391758854e-66
1.955759360884067e-07
3.7528987969216875e-18
3.3565428110219144e-22
1.6306782948676982e-19
2.0848096317388128e-16
2.13597979648038e-17
2.1823569936029512e-16
6.213073124545326e-07
1.7727657314367374e-29
1.0514112768434371e-20
8.834266583918274e-32
9.437539799253758e-33
6.2022611573612094e-18
9.134888372361076e-21
6.533966431846851e-45
3.368270344124857e-19
1.2604296188919724e-17
3.3793094005054325e-08
6.527319053461647e-17
1.1812045726946986e-18
3.2847541303230473e-25
1.4035999140508945e-07
2.2207808899226828e-23
1.292118190516498e-12
3.539865479746611e-10
2.4700465680251437e-27
2.9528542854816084e-07
3.1708401371120532e-18
4.863983402978115e-24
1.2669337122594598e-22
5.750779170136409e-09
4.9986232001552794e-29
8.292780753394844e-08
1.4627338241590034e-15
8.173290836609294e-18
2.3875978242675383e-05
3.516683021816031e-24
5.5989875716570297e-11
8.015368063985816e-06
1.4505440268028073e-08
1.0208743114791936e-21
1.674761833337497e-20
1.0032089262576024e-06
5.721747373757319e-24
3.3029451849176734e-40
2.509888274875195e-22
1.4317106122421905e-11
1.0920799577542268e-18
2.550945138900383e-10
1.1096125861528823e-34
2.532404953527544e-05
2.730003736228257e-19
1.995707230898401e-17
7.080115709133982e-05
1.6099346392728223e-06
1.7985242752973323e-11
1.6707233279314692e-36
2.5869337397365805e-06
7.899350003401258e-22
1.5088646042432165e-11
4.729611271352695e-19
5.117279544045923e-13
2.6529917018422127e-22
8.882867769890386e-20
2.2631725571536456e-07
2.6922044481890836e-08
1.2686293924011654e-11
4.916298442974128e-18
2.4683106078296122e-12
9.275156746006553e-23
3.5581621499780554e-19
1.4031551392478775e-20
2.1378481948438155e-15
2.0002875616476996e-11
1.1966511989027848e-20
4.331983188598057e-24
2.4178426029015905e-12
1.0865363961024996e-20
2.964795106854174e-24
1.2945977657896065e-09
1.8702996116807032e-16
1.8229332048035223e-21
2.7908941769666304e-24
6.294271432450779e-19
1.8807349119080277e-20
5.6540717812171026e-12
1.4788421911279133e-15
3.396029895664378e-14
9.223480251362944e-24
9.488180352149411e-15
5.1575546608241085e-14
6.59459062900076e-20
2.617682712133294e-18
2.1821772708735978e-25
4.362246213457637e-17
6.533752807517919e-17
3.867089160967539e-08
3.5800230250322454e-20
2.0126157082384957e-11
1.5686326447974034e-08
1.312073888558135e-20
3.6637639756329376e-22
1.7698161865224616e-14
4.212896939763843e-21
2.4252610378102322e-32
1.4370187178326577e-06
1.6584783229831821e-16
1.763405505745577e-20
3.669620410391825e-22
3.4439627452153722e-18
1.854791134419187e-18
3.1772442456890734e-38
4.3683625650231505e-09
1.5459858396863192e-15
9.307402376142367e-24
1.4737515408581049e-35
1.0670770172486882e-24
2.0305946586016902e-08
1.2654159285423812e-09
3.350192493488631e-10
4.281923989066787e-21
1.9313698161215655e-18
4.103984519965097e-34
4.5363918383957645e-25
3.5376078731873e-09
3.239569958900231e-17
2.2643645439217128e-05
2.757763708382339e-15
3.460389227953896e-07
5.554918078447333e-15
1.3243292934680944e-22
3.133793080444058e-06
3.878436055514057e-29
7.472437636367888e-17
2.051185414344269e-20
6.370247541314498e-17
1.169964514849211e-12
1.8453536338935716e-20
1.010861918153e-31
2.765762385756889e-16
2.0907472365370432e-13
3.0830640043175544e-06
1.1592133898837503e-23
3.5252430727396597e-38
1.0733915976181181e-21
2.2983732036576895e-22
3.513785598756812e-20
6.4573794905452694e-15
0.0002289333716555316
1.2194398304220436e-07
6.13976507250046e-17
2.3530539133340442e-14
5.148747990513905e-06
6.645899407396724e-16
9.021239085281009e-14
6.21790100983488e-05
4.913215932988367e-06
1.1606164998630229e-18
1.9759409127122844e-23
9.326948427198595e-13
7.371040386958228e-06
2.8246545199593393e-34
0.00021167019789684354
2.589834175300876e-18
3.823893705553396e-18
3.4805358189978784e-17
8.532658185235305e-09
3.1545521324997227e-40
5.518286359769864e-19
9.99037469058493e-31
4.049672584991081e-21
3.866178122698056e-29
2.0402364454941524e-21
6.62279129635091e-14
3.138900969561276e-17
1.107959631473869e-11
1.3274508935870264e-21
3.8506909861355915e-40
3.1791901314805307e-12
2.1587980996154257e-21
5.372495369997622e-25
4.7569250307161396e-29
2.574511444733014e-21
8.808478894611053e-12
9.1907194023738e-18
3.608560067720407e-12
1.5712350134012348e-11
9.692948135549067e-24
3.1804694586253344e-15
2.227798375521639e-07
8.96254355802934e-12
6.260314855913826e-20
6.633039299884525e-07
3.294956000966502e-08
3.592369567185971e-15
1.728296551072111e-10
5.6877934709952285e-08
5.290237162854596e-21
7.24590234421405e-14
3.6617340087925435e-22
8.8740455074761e-07
5.835309047058568e-18
3.0222059912170155e-28
5.535353012886815e-29
2.218906606817311e-13
2.589290567166875e-24
1.2631243162672388e-32
1.2431263336277453e-23
1.0112881036049267e-07
8.891147035485698e-14
1.1058083651634964e-18
7.911292575956729e-12
7.530671121994645e-24
5.627614768817436e-14
2.4556317774225144e-10
2.8967546590217164e-11
6.776580085278176e-21
5.084099986702538e-21
8.408528239654302e-07
3.8303500621863204e-08
1.4004068774692138e-13
1.0441000534548879e-20
3.0012384765749298e-24
4.281933159060136e-25
4.123672804413815e-27
2.887099753336877e-08
2.627593033282218e-07
8.966819211239433e-25
1.0440434810965457e-15
4.3523881930951105e-24
1.2606160310286786e-12
3.8482952913876415e-35
4.951864843188056e-13
2.2774012375199328e-07
6.223699170272799e-22
1.7532273666134237e-10
3.382239795431666e-14
1.119199340063904e-05
1.1866225445276141e-07
1.5906927441324514e-06
2.1945525043640695e-22
1.571447939477834e-05
1.3245063133935026e-20
8.306971222846703e-24
1.3444182812446495e-21
1.6109882290934339e-07
3.611578263939923e-07
7.085028270897326e-12
3.553439479266021e-20
9.341816301671891e-07
5.865373023045258e-16
6.266044913854317e-05
1.3736887042676083e-21
0.00028615676075393156
2.5526310291378702e-36
3.0298760702379276e-08
4.850502686497948e-13
1.3388231536879313e-10
2.3681706045620533e-07
6.999057669506986e-66
2.0147904277892891e-29
3.139467882090297e-11
8.422908466534116e-23
8.72651687067927e-22
1.0224489379833618e-10
1.359489580909182e-14
8.953301908143631e-21
8.432461041352072e-24
1.980896665559461e-22
3.4699008942463406e-22
4.7028355589522065e-05
3.869229995163229e-29
1.145083950988046e-13
1.1758493297047594e-17
3.360143807177883e-12
6.676435970699771e-17
1.8574273761809872e-19
1.5435381004073364e-22
8.104301667356819e-20
1.0672929212376663e-18
1.4002731970480261e-12
1.1305751920973552e-11
2.2553527045731394e-21
1.3073323271443302e-19
8.523400017406205e-19
2.4746520214849655e-06
8.753142805488573e-17
6.502796605997773e-05
8.010874484207619e-07
2.296207018553981e-34
4.631377371010873e-13
5.022630844013605e-09
6.964698467861865e-07
6.130043882419389e-12
4.909149835320078e-35
1.770166603853904e-07
1.1118457168742059e-19
3.6379766377370447e-25
1.393504500978915e-08
1.0071654845402775e-22
2.80200433951468e-17
1.0823674885652196e-19
6.058604049396011e-24
9.474278837242884e-49
9.447251487482659e-20
7.101697146514455e-20
1.1002406055641291e-23
5.149685016723579e-13
4.888337754795379e-09
1.170611837305719e-15
2.5458902082489067e-20
4.582199613239299e-20
1.2014467671400067e-05
5.1793742888000006e-18
2.531507575911625e-26
9.105876690566096e-36
1.4174320798197587e-20
4.3933423050423445e-41
1.7213563289535587e-37
5.399891022188068e-06
7.588761039950673e-20
5.441111360035582e-08
1.8918184135385585e-28
9.452964620054692e-14
5.365100480270154e-11
1.89553135072661e-30
1.7464134901688587e-07
3.824811182884122e-15
3.7077324007762816e-25
3.148412930334668e-11
6.880951530909762e-16
0.0002176323764308934
3.522307296817875e-27
3.4850863560067703e-23
6.643983511959371e-16
2.0590780149778003e-36
4.440350556228599e-23
7.986630812923297e-25
1.6835760362549264e-14
1.805539892356543e-14
1.4496234523564272e-24
3.7189510053204e-18
2.4810978906347662e-29
4.867382260977491e-07
8.873498288556852e-14
2.837711608248306e-11
3.181014174364796e-21
5.448154964092705e-21
3.98509930313459e-16
4.172143177506715e-09
7.116850907132423e-28
3.6559879873013436e-17
4.2909518326756175e-25
1.6426390278947346e-19
6.257925040023207e-19
0.000533608394170291
3.1128225347258894e-19
8.73563890061635e-20
2.4714664176129986e-15
1.0216280313442448e-06
1.950781021390977e-09
2.5226500061688844e-18
2.6468193768721714e-25
4.2267068874778665e-22
1.2983354850732605e-06
1.4694300578318903e-25
5.985739539923089e-23
7.495335420585232e-16
4.587386984165352e-13
1.255623759762524e-25
1.0659853663352161e-19
4.956038931745307e-23
3.2454957174666887e-18
8.36376130015266e-09
2.3108475413062e-18
5.105243647158804e-34
1.9501434030630866e-14
1.7941602274951527e-09
5.820956597447014e-16
6.960289341718224e-13
1.344532598598879e-10
4.99834377803224e-27
1.4909104849652753e-12
8.89196805574497e-16
2.8196681729784655e-27
3.7039508891690134e-08
5.0448613337259235e-25
8.013285791592819e-20
3.4446447458597144e-19
6.177151621035485e-18
1.2786911016109319e-11
2.160442108950276e-16
3.4377958407179797e-20
2.2885760889987737e-14
9.355571780880887e-18
7.024539347002469e-22
1.7214400872064238e-18
2.6273861780505745e-16
9.945679735716147e-08
1.0994777327450366e-14
8.344352460449073e-19
5.416540086214566e-49
3.804664708324163e-07
2.179876937269031e-16
5.193126573649279e-18
2.0636985815661984e-08
7.288460054102009e-18
7.03390506581617e-24
8.61875693472425e-08
1.159779017165492e-14
2.311087433970082e-16
2.3421269013377695e-11
5.1251398454325145e-25
5.447036105061591e-20
3.4195372481789263e-22
5.780362098877173e-09
2.0321916084690817e-22
7.968882285434035e-12
5.6371188724187545e-09
2.9911941940431994e-10
3.284237185578891e-27
1.5744156857998936e-06
6.6703961576886034e-21
9.45309423344643e-20
1.488623435140042e-05
1.6758329443049945e-06
8.36081203685341e-54
4.7398983267331776e-21
5.240986787739238e-31
1.2708729531335984e-10
1.5951197354426772e-17
2.7986453553423415e-14
3.468733855640516e-05
1.958846989406123e-08
