7.559675958250903e-14
1.341507814009974e-16
2.7604737861130267e-10
2.3563241007168508e-14
1.122354931432559e-14
6.955146376856152e-09
5.899384663991975e-17
1.1382878680495706e-07
4.529809681391061e-15
3.1832591696760555e-13
5.339894658813092e-16
1.0725172355331088e-10
2.7884797436473224e-17
7.295094157923861e-09
2.313215115609116e-17
3.4413364552334563e-13
1.214674454645659e-18
5.579154396697414e-11
2.7341164324273495e-10
9.670743624824884e-13
1.1261510177165196e-15
1.4133806134771084e-12
1.870458602404251e-28
4.4662700772641973e-13
4.770449314699925e-13
2.641871291494828e-17
4.2528080071808593e-11
1.959230137048096e-14
1.7132713493108644e-11
2.659273911778803e-13
1.4557919809506432e-24
4.414073840854656e-06
7.352086921288593e-13
1.934167465394932e-13
5.275281175625197e-20
2.8398817345629454e-22
6.9844632729888285e-12
4.538198141817694e-15
5.468626599018328e-20
2.048834936164182e-09
1.8393206511794068e-17
1.2911833741616385e-08
1.5065921024397873e-14
2.0646728299698288e-13
7.197024597625892e-17
1.1854661286055509e-21
3.577243448479338e-11
2.340678520375924e-13
1.3899335020777838e-14
5.292009114826337e-17
8.143436718752645e-09
3.681360486455697e-08
8.039702801661157e-12
8.426158316353756e-16
7.784066775898031e-17
3.463278901520026e-14
1.5267504424830033e-18
1.1393762968374804e-07
3.871824350859298e-17
3.689574065723189e-15
3.041899706887785e-18
6.467269174941576e-11
4.2886686977879427e-19
3.1757242730152236e-07
1.7684326515072498e-15
8.260207835839883e-15
5.1685791547776115e-21
2.2007733227682488e-11
4.3958179465952384e-14
7.308415044188934e-17
2.8044582871905367e-14
5.660670223559017e-18
2.8769052055200764e-15
3.7187339645994293e-09
4.397491553844313e-15
3.3087183955331515e-13
1.1686414016009368e-13
1.7305978855624724e-05
2.613156431970987e-14
1.8459731721520572e-15
2.2307421310468797e-05
3.1241108298495267e-16
4.865086721989337e-22
1.4959326327272047e-10
5.584564603558246e-24
2.825361476979706e-10
4.9284656302336144e-20
6.312752261090649e-10
4.2814243584718005e-10
9.495314740040923e-15
1.1787122414127477e-18
6.097276811307313e-17
9.107111433424744e-07
6.036823669800768e-17
1.0488654017108495e-12
2.3119813709184246e-09
4.113284752399073e-26
3.105774017585766e-09
2.794834848716272e-15
1.5780390890896968e-17
1.4709306814379547e-11
3.896709832143111e-27
7.127737501437827e-10
5.4242214711828206e-14
2.6684795856799367e-08
4.672238655553783e-19
8.467229381642762e-10
1.0173431136902851e-16
5.6159044208030167e-11
1.2035424580172064e-24
2.444169946723031e-14
3.650435500229373e-11
3.7770374881802435e-23
8.757478013492645e-09
4.964344881542472e-15
2.729697022639877e-13
2.074541758417133e-11
8.09255714386344e-15
1.7610474756030784e-13
5.182388971466583e-20
0.00018538303701308981
4.493621618639749e-20
4.767997527853176e-13
2.5912730634582145e-17
2.0950134434710998e-13
7.011124015185882e-14
4.140208565164416e-10
5.232124324501829e-09
9.193253335048363e-11
8.123647902295325e-16
8.340275074975912e-18
1.4647687157715526e-17
4.3971038172324085e-09
3.756059703826489e-15
1.1972607660488083e-12
5.881083463361571e-14
1.5833247833247367e-12
1.5398184606323452e-09
6.603772302574917e-15
4.5849887767692685e-08
1.8272687881601952e-13
5.311936654989677e-05
2.5362766231245676e-11
5.289497717952282e-13
6.506126209028461e-07
8.259851394159386e-05
2.786490400741286e-14
2.707698905497498e-09
2.643723639085465e-09
7.907615561773793e-16
1.7217930554205562e-12
1.9955442867574588e-16
6.183846007215505e-21
8.690313925973882e-14
1.7407181253011322e-20
1.6154615918522973e-14
1.7459020208058762e-11
1.8762583947990828e-15
3.594310741570308e-17
2.7092650846484437e-10
3.522655481786912e-14
4.626904732410058e-13
6.414423649232871e-14
7.714948015787125e-14
8.190772099621804e-18
4.403520670543555e-17
2.616229770112005e-08
3.80714570977505e-11
3.795421428363895e-15
7.109115417824478e-13
8.048109811821854e-17
7.0346870903407e-20
3.2717826555508882e-09
3.247901693626061e-16
1.9259569380147982e-12
4.847625566259969e-16
1.7026850711177168e-13
4.9616202710087495e-22
7.168226682122675e-15
9.62544063173798e-22
5.4096994377722845e-20
5.359629944918212e-13
1.5843278540260578e-10
4.0672759418449414e-11
1.8196370919642823e-08
5.3931769404678577e-14
1.4619407446168236e-18
5.196096242562255e-11
7.767975048661278e-11
5.617279383047279e-14
3.783731477941971e-15
1.7573148567477622e-11
1.9913800418891715e-13
7.62436715764628e-10
4.2336046544653133e-13
3.418062432909468e-08
1.2386927202423864e-13
1.744517207360197e-11
5.2461138237703174e-08
9.285009184644204e-09
1.4275860755739451e-12
6.15956820480954e-14
6.372604591852538e-09
1.959786582408352e-17
4.7159053352142355e-23
3.556030374353771e-21
1.574976214766563e-05
3.423717072698259e-10
1.9777852047107076e-11
1.4045051851737769e-15
1.505008965491548e-11
4.382025069959883e-14
1.9310519728763905e-11
2.7042362185286417e-22
5.480611286922942e-08
4.125891096936306e-22
1.2983167883378112e-16
1.8203691335166143e-11
3.0411339590137414e-10
5.97228229156157e-16
1.9134932932479133e-12
2.738909004669135e-10
6.040091180443715e-17
4.780043019564254e-09
1.503208399931347e-11
1.3990315776602003e-17
8.927989658374947e-15
1.4897614536754424e-08
2.1106786558773658e-07
1.7560516223446083e-08
2.942665244130809e-11
1.386836929862207e-20
8.17771600249718e-11
9.84385923050668e-15
2.5330041706007037e-11
1.0954894376107411e-13
2.0818920404791598e-13
6.712203340826743e-14
8.163455313271156e-16
1.3942228784213533e-09
2.2374770153445044e-11
4.553875385704593e-15
1.8392850032582771e-19
3.645812424237376e-24
2.764301193874109e-07
2.185504185246958e-14
2.8657899004436317e-15
1.4574351149790168e-14
3.9357388726094475e-15
7.161371954847585e-11
3.48454316928389e-15
3.645700110392334e-18
1.462008667893467e-10
3.051683669060942e-13
1.79743418902991e-11
1.072697788292147e-09
1.3356628225602621e-19
1.9658615499251496e-14
7.594129759910987e-16
2.0710440575664028e-07
2.511851710757334e-12
7.339607082000867e-27
5.8664405868534225e-09
1.0287586008523506e-12
6.8881144014380255e-06
5.782908330819121e-15
6.882101181804048e-08
1.0427369218729412e-09
2.208817314555772e-25
4.983054608761509e-19
2.2849929254347756e-23
2.496020492750855e-19
5.209788413567794e-22
6.163274728306193e-15
2.066336341914847e-12
2.9678895862519293e-20
1.3065092031367839e-18
4.4052906737165046e-20
2.1240915310485727e-15
4.572645574043623e-11
8.636003797486107e-13
9.337625387800573e-08
1.466422587364584e-18
8.349876553330939e-12
6.21797453926845e-15
2.124324377403078e-13
5.807570448919219e-07
6.05839255614783e-20
4.49868712161738e-14
6.754107857935676e-10
5.779688556995389e-20
1.41827048430165e-09
4.814141574136884e-18
2.4298002530060234e-21
2.7253606277107356e-15
6.104216464782762e-20
2.3836957308291352e-14
7.190915749331363e-20
5.245198427039411e-07
1.6121044783362195e-08
4.5684071144684095e-10
4.394546622572798e-22
2.961337920499015e-17
1.8390257044219281e-09
2.0297162887175893e-09
1.4627902981299444e-12
1.1834623424658916e-11
3.552676641253209e-16
1.5874723542628883e-07
5.422489087853454e-12
1.9341642454450964e-16
7.626967201311074e-13
2.0403702969732952e-13
5.001301556260382e-16
2.5181150061787566e-11
1.3414639276943476e-07
1.839661367477766e-15
8.51429717351844e-07
1.0652399220516739e-11
3.387698868119303e-13
1.7773566702460398e-18
3.3221966815062833e-18
1.1571644256153745e-13
6.270692950821092e-13
2.459253067546209e-15
7.268149817713502e-22
2.492759124988621e-16
5.189494454899778e-12
8.623462028069878e-20
1.6820651855195224e-16
2.918603683013282e-15
5.02472819122623e-07
3.287239114328295e-07
4.948010264782896e-12
2.1335852301666358e-13
1.2288506557906521e-11
5.443877576949151e-07
6.530456310054525e-17
7.129183828221333e-19
1.1709309816800607e-09
4.347732388930807e-17
6.772526226131346e-29
1.3248789535789975e-09
4.586252061024215e-12
3.9009842790815473e-25
3.786819831188016e-17
1.7598939217756596e-19
1.1741072611052995e-12
9.886066168676184e-10
5.0141821122452585e-11
2.2648610381712494e-08
1.9356609692607306e-15
3.4489628010313278e-15
1.3013819280713788e-13
7.702698720270533e-25
1.6026802083112234e-07
1.6351139862260366e-16
7.3455401827202e-14
4.134656416772799e-13
6.860890604318277e-24
1.3768283062982596e-15
3.528159657970419e-20
3.582558954125341e-19
2.7517993523549917e-16
1.2177890434059562e-17
1.7632245623018803e-11
9.217412919584134e-08
1.9903898908277647e-16
6.626125317705352e-11
5.573593747161491e-20
2.8392335821911437e-14
2.764068493427264e-12
2.059221941958593e-14
7.351409076689969e-11
1.4705360557819088e-18
5.292550864385169e-17
5.300381416146877e-19
1.2064291293122104e-19
2.263411100760439e-29
1.2814978866928665e-11
7.641274570348614e-13
2.4861502787794373e-09
1.5671729095634565e-17
1.2506677456730984e-16
4.466229498934109e-11
3.002122344213149e-08
6.90463093458296e-12
4.2053207334755945e-11
1.7917736480840713e-17
2.541978946630138e-18
5.419400352641902e-13
1.5764692824341905e-26
8.970788209878023e-15
1.7183882357426543e-11
2.713339340871876e-11
3.273753607271102e-10
4.25381984895157e-45
8.854239678299388e-17
6.747497164202748e-14
7.51749236540511e-07
9.986179436742422e-12
2.0716469305750195e-10
1.1999785124893616e-19
1.656696616347758e-16
4.5275225896173864e-12
2.669444355093513e-10
3.1924718642010715e-11
3.1837399667876526e-19
5.651620165358553e-23
4.1635771704316054e-05
9.11045879803241e-23
4.029460314215546e-30
8.523596038002487e-13
1.3023487576728217e-20
1.3192656823412867e-12
3.8743708848434974e-18
6.789034700370857e-11
8.290164185735677e-17
1.0664088000585188e-12
2.6316154237260606e-17
4.156647704953905e-10
1.1426422038391422e-12
9.95862565616928e-07
1.2052757902624782e-15
8.447285902967489e-12
1.366567718185563e-15
1.8624507409465448e-13
4.3764437595032485e-18
1.216726064268817e-24
1.0086354846331012e-14
1.6061136653250944e-18
2.1506282881914844e-23
1.3740285976053327e-13
1.3737539436201357e-13
5.889137514143765e-31
2.9002850114911494e-08
2.819659763385022e-16
9.558152661894622e-14
2.396526873208795e-20
1.83754154408023e-18
2.101935491311375e-09
8.512473299922261e-25
1.6279348285677607e-14
1.769877140620377e-14
1.0492846309277417e-27
2.1357786963057004e-12
1.4370811394385143e-20
4.045646234561598e-18
5.319315395519754e-26
1.501211197348511e-40
6.086767714104369e-16
1.7024002999883125e-09
7.567691544944098e-26
7.998662323438989e-16
1.439506916550162e-12
4.5742746521001465e-21
3.802538058917706e-26
2.6260767591125843e-19
3.8420233078741415e-18
1.1596585394949638e-10
9.71798742793381e-10
7.636646653174424e-15
1.3934693491294721e-11
1.5597262619551877e-07
5.142133572601828e-15
8.047691671885948e-16
1.1393304531178424e-16
9.520668604397706e-13
2.722531733677631e-13
3.201440003471503e-11
4.549207401365483e-16
3.2387436839256475e-18
5.281823182247048e-14
3.249374672381022e-11
1.9722984531337794e-26
1.6389328146763024e-08
6.766757136953011e-21
1.524346756584763e-14
1.090873757947703e-05
7.575452168151724e-14
1.7106007488465893e-14
9.39936629720648e-14
3.897339423415246e-16
1.4617764379081856e-12
9.071243262439941e-13
2.5987317349345045e-10
1.4241610069718005e-12
1.7345706861697195e-11
1.6811401073197254e-18
1.790873275395198e-05
1.157093404835272e-18
2.2998384456537677e-14
1.6424472239070005e-12
1.601724365888659e-16
2.5554880721739523e-17
4.749781289958748e-14
2.196079538485471e-07
1.5402987935004375e-12
4.415643709115004e-11
1.6712132629308444e-13
3.626277477788179e-12
3.1523059427022356e-08
3.426600297929701e-16
1.8029637652832913e-33
1.060918045536151e-41
6.775162791799372e-25
2.2172612313946198e-16
2.2477116430766444e-08
6.208603219839523e-18
5.504136325456292e-11
2.4927112639688525e-19
9.982674633998439e-07
1.6853155943038286e-16
2.360287666034552e-10
4.904418933467409e-13
5.384067873271085e-16
9.060836153038909e-19
2.2058288315590275e-17
7.801809732906734e-15
3.594497902956843e-13
7.457261161112706e-17
1.6888598042350172e-14
5.63983901414643e-18
1.3261017574233847e-15
1.1664134734503047e-25
7.356006408843201e-14
3.753331889551553e-14
2.904967291177684e-11
1.2105916096919005e-11
6.380441248078735e-17
3.0879389633426624e-17
4.667695453459764e-12
5.734358924737571e-18
2.8904329079969747e-25
2.9653109561526317e-08
4.773717565739783e-05
9.429235719522169e-15
2.1089765473893216e-11
2.1660582374579233e-07
1.109031178390693e-25
5.913367591592929e-07
7.796742954091175e-15
1.1138633722835514e-12
4.523402396703862e-09
1.0862286465270423e-12
2.0437720332810308e-17
2.280803112618946e-21
3.6550360923438945e-22
4.3782736815742274e-13
7.872919761489289e-18
1.035820388160754e-11
6.371174958184922e-14
1.1755443178530135e-19
6.980012229019141e-21
2.8694736564838674e-19
2.3994467942984464e-15
1.2617373261146085e-08
5.908919806221306e-08
6.415100191393815e-11
5.987014317214512e-14
3.0740221108165104e-16
3.1314081491389627e-15
4.255095210553689e-11
9.637436787071812e-21
4.422874354036884e-24
3.00779894722657e-23
1.49844669711673e-12
7.0196498730798285e-19
3.1303551013249108e-15
2.0757987533145147e-13
5.585738442878444e-10
3.679078863289239e-15
4.103747226266459e-09
4.68200131984572e-13
9.87928374147172e-24
2.4575664093692267e-17
9.330577574504174e-16
1.2218487207597742e-17
1.5830489287675655e-11
6.468383022239076e-12
1.4409973730597463e-14
1.3648516015231921e-16
2.6516556252458287e-09
9.186595327277467e-09
3.919746903020336e-25
4.371946423644864e-11
2.5115918202305014e-18
1.2441044666627211e-21
2.2665159758151267e-12
5.682358863394486e-23
5.341730099711089e-22
1.9562210371491887e-07
3.7292358401267447e-11
6.521526716398338e-09
1.2625076922179463e-11
1.897638631688081e-23
6.712620812898273e-24
4.63914536557796e-14
2.8089577275902477e-14
8.374087278982418e-11
2.1334933134280397e-15
3.254252588609751e-06
9.249431421269229e-06
1.753933916224939e-05
6.019828002334949e-13
1.6255391574228287e-17
1.1941598513388413e-09
2.8977082727345187e-12
3.161734586012449e-12
4.79719419795765e-28
5.715304418186685e-25
1.2120109000917254e-13
2.4390265556226913e-16
4.041840352540741e-17
0.4803546965122223
4.499937848392729e-12
2.818679932279044e-13
5.008565639440936e-11
1.8968746808373322e-09
3.57735779553947e-18
1.0453089514032882e-37
2.7858193437592244e-17
9.655059506321267e-10
2.272589190242855e-09
1.9328955140051967e-14
8.954630110621225e-12
2.3143417933867284e-25
2.800030467002749e-09
2.692522345152396e-13
3.466260856471992e-20
1.9730141240177955e-32
1.7320478481760738e-20
1.2501280547003489e-36
9.269424135650317e-10
4.9710433426887145e-14
1.305730812427125e-14
9.710340162624763e-14
3.035391675617908e-08
1.1997334095084056e-11
2.361821957893811e-10
2.759374008311424e-10
3.477299005710472e-17
1.5615003528996367e-09
1.699928455880109e-17
6.311634006644331e-22
1.97677661368084e-15
9.934626785704818e-12
2.8000982686085617e-13
7.006067363028771e-11
6.05687735300397e-18
1.8807252480748302e-28
2.5648106133610213e-12
2.9103255241906843e-13
1.021280477576822e-14
7.48220043409146e-07
1.4792034274099097e-10
4.782704806852228e-18
5.245448160240297e-18
9.849120235857884e-14
5.1185098969555015e-08
2.2974912374693636e-16
9.070830473347021e-15
5.022124722798123e-21
9.717418757122436e-13
7.0429191799904475e-15
5.306284393424429e-12
2.499874255187971e-18
1.1034781803982967e-14
1.2268075021516745e-08
2.0883712670817504e-12
9.693014836221917e-14
1.3946586776455978e-13
4.2330022146980156e-30
2.3155107094148257e-07
1.1516634133608965e-11
1.8922118930514644e-11
1.1486678237700228e-12
5.144600001683611e-16
2.562147446181897e-10
7.388740138323414e-14
6.838123050801655e-21
6.34085548125492e-12
7.17417059207948e-21
2.1112767102819128e-19
2.617391554128786e-16
2.964052821238297e-17
6.005423627157029e-19
9.531499997610724e-15
1.894571185288461e-15
7.464196139479691e-08
5.297161367653563e-10
4.7663799670222075e-23
4.787811226744072e-08
2.8552175470804967e-11
7.360949212336674e-20
1.1772930631121868e-06
1.6406898022074044e-14
1.184134808612134e-05
1.2010103083280538e-15
4.700001574151653e-13
2.813812910096987e-12
1.905189660876822e-13
1.3183619500202862e-17
0.0025072542998594294
6.175822154994238e-19
3.8198879595885414e-15
1.1598762231509955e-15
6.04570291813972e-14
3.9943942855545963e-14
3.49111868344343e-10
1.0060907014445154e-24
5.926527045003928e-14
3.759697042717971e-27
1.889699643234947e-08
7.755770034900036e-15
8.362395027249083e-18
1.2340267769675851e-14
1.2046441693371325e-09
1.2831946001410357e-18
1.6452573974820559e-13
2.0421665477804722e-13
3.5171973737945487e-08
5.104058292253673e-15
3.539025717565003e-35
8.825565796880424e-09
5.733095209380804e-18
1.4424287833800125e-09
4.80717481068095e-14
5.743662708695979e-12
2.721965865782081e-13
3.3699863454714207e-13
6.432193277588174e-15
2.7530600159175805e-17
1.632795839258912e-21
1.2814893295809172e-13
7.273731392137533e-10
5.526284024000863e-12
4.914881066112239e-14
1.2200966877075744e-17
2.974081436972486e-15
1.2561514417824986e-09
2.3023252852512807e-11
2.409592114736909e-10
1.8497872933802695e-24
9.354333208933353e-13
1.5464765172274157e-32
3.4402583876928516e-14
1.4752651450624752e-33
1.766369830279837e-17
2.8946924012023707e-09
3.3340086129293316e-06
7.351770409807042e-18
7.51601498353745e-09
1.1067195847516718e-14
2.134030949045033e-14
9.686007425033076e-14
6.077979950815973e-10
2.1989645416409617e-11
1.1188513423796615e-11
1.2908407790007376e-15
5.873123253258457e-72
1.7844430395797878e-13
7.00807765851117e-21
3.157258010717242e-18
1.861324372481528e-36
2.7014607355764455e-11
3.6229061841153266e-19
8.007739608321192e-11
8.189617570083091e-08
6.602905250737411e-22
1.9029432646202116e-14
8.620293880842751e-13
2.891855906056536e-21
7.323407266442962e-16
3.4038825082668773e-10
3.1002982667178025e-11
2.911728239785972e-19
2.3747309722075247e-09
4.317652654995473e-14
1.4773721703586767e-15
7.681525579654511e-23
1.4342925253495805e-21
3.6469469255884446e-08
1.9176907168825495e-28
3.164792038058754e-10
1.0213003196221278e-10
1.0260598534386442e-12
2.4924680340327087e-16
1.650907584192074e-14
1.5923374778897166e-13
8.859913801945187e-22
3.735365051600207e-13
9.240420495831377e-21
1.1633824933521425e-14
7.929812776503607e-15
2.5135198561895925e-09
3.8177107436488615e-18
2.8427199526884855e-15
1.1797846314572828e-15
2.715843229841735e-14
4.5208401741432425e-12
3.4829689939663525e-15
1.3445220552665591e-11
2.7329166430174587e-35
1.821015540732695e-12
5.429095434045029e-16
5.249244204180219e-16
1.5621749424120553e-16
3.962099504739239e-13
5.010602605044666e-07
5.232801309734694e-19
4.246707648820005e-08
8.980411449102092e-20
2.4887566823251036e-21
1.943276244494949e-12
1.2195822374909672e-06
7.34955505920001e-21
1.3465807531484425e-17
2.6734669516274602e-24
9.002922185184926e-17
6.997144511723636e-13
3.9580080292483484e-12
5.344399838933611e-12
1.1211913946663823e-22
3.118889201504913e-16
8.187330684023589e-10
3.357512808503566e-14
2.934349705329198e-15
1.2286876928881457e-13
1.5310162056705877e-14
3.016728988359981e-10
1.7756719081274295e-09
7.90577463044914e-09
1.375362817388952e-15
6.555422578006903e-15
4.743964147195053e-14
1.2562035568007344e-08
2.5688286109784403e-08
7.658993209145567e-12
4.012870048518673e-32
4.0893071547442457e-13
6.211802158825465e-06
1.250759064154991e-25
2.7924289132238693e-08
1.2564036815582968e-21
1.5797777289378972e-12
5.850686846445867e-26
1.474146914969346e-19
2.939237091685117e-17
1.0647333699507579e-13
3.362764280309598e-13
7.637079749345915e-17
7.967693390012907e-11
1.9568740215595718e-16
1.4004778928467657e-06
1.322222574185031e-14
1.6654304735101897e-15
1.3213570233215304e-15
1.4026865231075226e-10
1.2237188533422603e-11
4.4823999767381193e-10
7.428058113920597e-13
3.916710929647278e-15
7.706773414389861e-13
5.42671038349875e-16
4.8332442272116556e-24
1.4132884217148972e-05
2.454091397611762e-14
2.127666062783197e-06
2.6549875855613095e-14
1.4206553320051188e-08
1.9397694964961732e-12
1.2291105681557982e-18
8.037373554229866e-22
9.58408716299938e-18
2.433306603211716e-10
8.294342134757863e-12
2.664686214484559e-10
1.0870897579998723e-10
5.072292059377658e-28
8.831504010596104e-12
4.724104300150238e-23
9.033249503235298e-22
2.2321505098333008e-32
8.019879105726289e-18
4.6511765389247755e-18
2.4643090963292904e-16
3.458052883180439e-29
1.8515412309855298e-18
4.190149195124858e-13
2.89281696111565e-14
7.165831114415956e-20
1.5847379738847804e-24
1.9777723188323867e-28
3.6213644700711445e-10
2.335683199162842e-10
2.9990755560335744e-18
6.723001680355645e-30
1.1739991790591404e-11
5.975561768613468e-21
3.845192785526342e-14
2.529168207577877e-08
1.3405831758704094e-12
1.23853744689065e-12
6.9385828354139204e-18
2.237875808053867e-26
9.059142563556222e-12
2.3134847213053303e-15
9.424106671973007e-17
8.302909802302802e-18
1.2069424960045631e-33
1.755008830694318e-13
6.48026047554064e-14
2.6564450279501088e-11
1.5615260010464785e-21
1.8395750050165084e-12
7.997962219389555e-08
5.120971914004165e-10
2.926720676645346e-12
1.687565816128285e-15
8.698486479531444e-13
4.041660865742516e-12
3.1027517061283484e-18
5.802266938262486e-16
2.325017589898935e-16
2.796354281806255e-11
1.1877745702884265e-10
3.707553332756742e-11
4.889079740218386e-09
5.877301574198245e-13
4.2928675676158996e-11
2.7420442531246527e-13
1.561012627473605e-17
2.330133725209248e-19
1.7883871024591583e-09
8.99088423246888e-16
6.416242826544693e-15
8.223009503638143e-10
3.4054099633827735e-12
5.4710520078928305e-24
3.61938968454001e-23
1.906026497871853e-15
2.3692740618433673e-21
9.15378688182201e-14
2.2452933598918585e-11
2.6895920881766192e-12
2.274724870173936e-11
8.538371977316886e-19
2.314519387531263e-16
4.240771710055794e-15
3.830540276376287e-15
6.59226388051412e-17
3.8841997751894884e-10
1.2167057453867109e-12
1.0277564891786398e-10
6.73702530034531e-14
1.767129693581086e-11
5.4515010724208636e-08
4.858999368151219e-20
3.1049532851339596e-10
3.216620750280124e-24
3.786815921866518e-16
3.1055567114687337e-13
5.2653123738775635e-27
1.6992972595815704e-16
7.719898651520684e-08
1.1171793032294207e-10
3.750727495553431e-14
7.04378159896391e-14
2.6581566945282776e-13
8.359368467680997e-18
2.9719552474264745e-13
1.3786326661733322e-17
3.4833319544093345e-12
4.1411027037675094e-18
9.427879944074987e-10
4.665570479943241e-34
2.876504404530257e-13
1.0809801933800575e-19
2.2711069104563418e-08
7.19595734643639e-15
4.790965356216816e-14
3.913585612191514e-11
1.2593654316312167e-16
1.4347556201686027e-06
3.665664775543736e-15
7.204318929860202e-13
1.0471823213312013e-11
8.645675380678776e-17
3.5077076735286904e-20
7.116465029789645e-12
2.148876295986412e-16
6.420925725492606e-14
1.2458068098424271e-17
2.929371147282972e-17
9.037221297697405e-30
8.104141715373838e-12
2.7351052963989243e-08
2.3393353878803224e-27
1.1691070581268334e-17
1.824155539715135e-11
6.659725025264004e-14
5.797869328330682e-22
5.283152645321932e-16
3.9948629336734167e-14
4.525018869017028e-20
1.6619218602208554e-08
3.4067473623490873e-18
4.580094572401599e-22
2.3518101487779982e-09
2.3129178673633126e-11
9.877370694798238e-15
1.2612666429783279e-10
4.468743243398596e-22
1.449286741742134e-13
1.654248199220607e-21
6.390548247774878e-11
1.172702564089436e-11
1.8148578112189732e-18
3.9160504928204474e-19
9.338766904211132e-18
7.696020946258522e-11
1.469211392512313e-27
6.2967362766183045e-24
1.073649883649567e-08
4.124128791716957e-09
1.7078792950020707e-13
9.414877079054545e-11
7.452239522651827e-19
2.7227784674041684e-10
1.3772815933394951e-10
4.715869765786354e-13
3.705485836144633e-16
3.701225250724205e-17
3.453828338332347e-20
3.123673356073181e-13
4.116117557655211e-10
3.05281094741058e-16
3.506785091158793e-19
1.0687791305092274e-18
7.374769532372169e-12
5.1727449792441005e-15
9.727320915599668e-17
2.3174973633502675e-16
9.551656568258725e-16
4.285860632507235e-15
2.1456106009574914e-19
1.0109360547148527e-17
1.345095504972075e-12
8.881982557885968e-24
8.207696609542811e-29
0.0016441907203413042
1.3322058685154044e-05
9.097775047515248e-14
2.644927669351494e-16
4.4788964717924474e-18
2.493772767244302e-10
2.6818971577165945e-17
2.0799075635187233e-16
1.5664660348437542e-12
4.886303552062556e-07
1.9337627261272996e-15
7.374190521312968e-12
3.637753189661551e-17
6.357407047199872e-11
7.175232687868897e-08
2.0784580426216273e-29
5.455280690282859e-25
1.7685852540350376e-13
5.1888960892093865e-20
6.538513841221093e-14
4.417305398754356e-14
2.946238106417887e-20
1.3842624927794184e-19
6.425565465003741e-12
1.6832114947706937e-10
4.2209884693048725e-19
9.092489528364312e-25
1.6518500418584488e-10
1.460521653359074e-19
5.214249378581028e-19
4.484598818730509e-10
4.809922949815887e-12
1.9123578743731146e-14
6.42063061584381e-07
9.978733633987262e-12
6.978965283937751e-07
6.332803725028536e-28
1.635889626186235e-18
1.9280030168856784e-22
4.8284273194339145e-08
1.9696683400321456e-14
1.7152991724111415e-08
1.488895146111233e-14
8.686235879747594e-16
3.0386293334688067e-15
3.7855310866484105e-15
4.1359146303719074e-19
2.229214428512659e-15
5.64988682034209e-13
1.3431757727471702e-42
2.4228780048383443e-15
1.952568278570828e-16
9.454822234393907e-16
1.2001354772174163e-26
8.15949139733327e-13
8.82920538970215e-37
4.267067925086896e-26
3.113789205657717e-14
2.704406113627916e-13
1.0161943320416183e-13
1.8042801717445878e-19
9.642921804457856e-15
3.4507870157113663e-12
5.711487202234092e-14
3.5971225946341374e-08
2.5802230060535233e-07
2.3292853984473348e-14
1.8328180383142012e-16
3.8351835882289924e-22
5.528112480932497e-07
2.4337583751246182e-06
4.695613519978037e-10
5.604926521000664e-12
4.871679345929726e-19
1.237423547028006e-14
1.0733180351860797e-22
1.931399382695544e-18
1.890293601015384e-15
5.6597618863279074e-18
1.5455431097909646e-12
2.6337390049412603e-09
9.91187738978572e-11
3.002611249673712e-08
3.443517692665567e-10
8.436645113570763e-06
6.730282824985709e-19
2.350421232059733e-12
6.298533791643108e-12
2.3513566997557384e-10
1.4996601731809395e-20
2.194651376910007e-13
4.7144056942608194e-09
8.349467343179752e-14
7.548795464030474e-18
1.9373601390259192e-14
6.36926339095965e-21
7.487018636457145e-12
2.163886805598219e-18
5.3076808088272616e-33
2.2787468221314955e-12
2.3059299175608668e-24
1.0409307071675456e-07
9.779390367553077e-05
2.102610913440683e-30
3.203015221555749e-17
2.221365515264806e-24
1.1634247550910414e-41
8.392492789045696e-15
1.7535546696193797e-13
1.1469794309111309e-10
1.4537726640715057e-22
3.806058195377397e-13
6.189265989947301e-16
3.8535381315657475e-09
1.196540490124246e-33
2.6795890851445758e-14
5.073212838184435e-09
1.4065849888742618e-14
1.992644139268917e-33
1.881312330221721e-15
2.959898061009801e-05
2.9269086608313043e-07
1.244944955802184e-27
1.0457012216492276e-18
1.1438802002477284e-17
3.883027158467873e-12
3.261310148208348e-12
7.372833058022262e-14
5.650934645914642e-15
1.6445944572397154e-13
2.9307525660797538e-09
5.651131483506826e-15
2.0850182231112561e-22
4.185965220986301e-17
1.4256685163070972e-21
2.7544575434221013e-10
8.942874977487786e-16
4.336947796938612e-16
1.0159028141636562e-06
2.1249594157966124e-16
1.6349317972095834e-09
3.0148706767322234e-14
5.1655380406138656e-17
6.469956280443918e-28
3.020941792633895e-26
3.74521155633276e-12
3.3667805586282315e-12
1.9791378330591376e-10
5.716401848760352e-26
5.7189851916397645e-15
1.0620628724297386e-17
4.1880945258885394e-17
1.9274969561537284e-10
1.3887785844358495e-13
2.467015189209427e-16
3.848041704742956e-18
1.5064466959322332e-18
6.164203179171251e-12
3.796898436259954e-15
7.395980203397139e-10
1.5655767558714457e-23
2.825701308941924e-16
4.394241335103355e-35
2.4811660036854357e-10
7.701165438734346e-14
5.404490245378833e-11
7.716318796046413e-15
7.411692952837647e-17
1.87584160526018e-08
4.294820241811355e-14
1.5601895519664393e-05
1.1820635242798288e-18
8.27161705649196e-20
8.245446740474153e-15
8.92458828538613e-17
3.3245103573615766e-14
1.5610991582338025e-12
8.200903592946347e-19
1.2790693510977633e-08
2.9298316621785046e-08
3.6699652180193224e-06
1.0591450128775194e-14
1.980319726253665e-14
1.5572792777866487e-14
3.1970733112681115e-14
1.3725043346998662e-17
1.3081204277889755e-05
8.858714968149945e-17
4.489289733875929e-15
1.4587663464286738e-19
5.080401390258743e-06
9.818008849364643e-08
3.3299614583788155e-16
9.613881566049772e-11
5.556962100521177e-12
5.561124666404686e-22
1.5646213521251944e-21
2.5811089351308934e-25
1.277850934180457e-11
7.07391406483083e-10
6.763383560847932e-24
1.5848997939441446e-19
6.36245146696596e-15
1.3911029072870536e-11
1.908968692437441e-10
1.0750733951008917e-09
2.3792995432038032e-18
5.011462473118439e-06
1.8794062724190227e-08
1.9651328533441426e-10
1.2226353566741581e-12
2.4631816925383507e-08
1.6513996815338284e-14
2.3598430078157676e-14
1.8416241478716517e-17
1.4126428967507625e-16
1.1321730374267643e-13
7.155370714652364e-08
5.206300918701964e-15
1.0038338857612714e-15
4.017714072180387e-07
2.3788564018379786e-19
3.616240006445493e-22
3.1899268451715936e-06
4.987999578965122e-18
2.650665069603692e-13
3.9872917151968645e-09
1.0108629473371604e-16
6.976735987160611e-12
2.3716219111823847e-12
5.316467640691013e-13
2.660168541157379e-14
2.863265029191775e-16
1.914718404012046e-11
4.1619901735928087e-29
3.078630151859698e-19
1.4676057862545907e-13
1.1350933763607531e-10
3.326607362208247e-12
5.407202243348269e-13
4.4793930251647974e-26
8.508105210133758e-34
6.111644956378099e-13
5.3844830662895125e-14
1.0644293856937235e-18
1.1367029396636572e-05
3.05266438545783e-08
1.2453429656957764e-17
1.960551340441848e-14
3.343069905267955e-14
4.784599121321667e-16
7.063835999852553e-23
2.5715400493966067e-12
3.963671189824352e-14
2.069923507257519e-18
1.5024350400700395e-09
5.534610372747101e-15
7.196209678488223e-13
6.09555311432085e-20
1.3377561123842222e-13
6.802752820876559e-18
4.065173279143911e-22
1.351196734737205e-16
1.4025802665643276e-23
6.221178133169804e-11
8.354292555590267e-15
5.2636004413094167e-14
1.7757517409388344e-23
8.882845013755146e-13
1.7818839789260332e-12
2.5349184005125074e-11
7.542985996925633e-08
1.8748868760137102e-14
5.340692145948514e-12
7.059238400541374e-18
7.155649702042386e-23
8.142618665245432e-15
2.1459675956264446e-10
1.2437338902677399e-16
1.223138067184897e-08
2.9489396933527864e-13
1.058963383944844e-15
4.371353543478193e-11
4.07275448368548e-12
7.344286090152405e-29
1.7773887983410196e-24
3.166150563180954e-22
2.656701519448567e-16
1.2859450863981663e-12
1.2648747879981659e-14
2.8063495773349136e-24
1.9720352226615697e-14
1.323183562058422e-10
5.177930174829941e-10
7.511412328244127e-10
7.277517249713254e-21
2.4874998838961877e-18
2.9928242712278415e-13
1.9318753413836504e-29
2.3871691368751375e-13
2.953347177334998e-36
9.517525334366214e-13
2.5141160436942684e-14
3.9573261777199846e-08
1.2688877945902647e-13
1.0413853654549289e-11
1.632331800773144e-14
8.5419255662366e-14
1.4197348771290654e-08
1.0500102860621127e-15
8.152571780962823e-12
1.197480768076951e-22
4.431905579844698e-09
1.331674428467276e-15
1.7824440645710413e-17
4.404170171249144e-15
5.128707972982119e-12
3.7871779884181484e-19
7.451576454009804e-11
2.6991614932911964e-20
1.236594932193477e-12
5.92382066597094e-13
3.1527962435597937e-20
1.0763772545273298e-11
4.7764365962682206e-12
1.7975607713458096e-12
8.872747093110494e-13
4.267152944693869e-10
8.107658986017711e-19
1.5299928336329496e-17
1.3674559240135993e-08
1.1448656912620673e-11
1.1037502834055132e-09
3.3883178527230974e-32
7.057725029748121e-22
6.658298894036129e-10
9.075735796011064e-09
1.6998114181363983e-18
8.644557136360606e-15
1.279123779479824e-12
2.986516118066295e-21
5.526284024000863e-12
5.219679601767512e-14
1.4727023473289722e-15
2.307280105284371e-27
1.0704296158194368e-16
5.222687591492553e-22
8.53023093253067e-15
7.94887088782371e-14
8.928052601123648e-25
1.8503023606666364e-18
1.734214438813106e-08
1.4076224999193146e-16
7.651522287417411e-20
2.5151057041923366e-08
1.2210293545350597e-19
8.112082765391241e-15
4.0147604287811443e-28
4.352317112440858e-26
1.613048003930071e-10
2.8529705819522793e-07
8.679729228569394e-14
4.214648682967773e-06
1.2793531139874587e-28
5.275333403292613e-20
5.860676781526803e-24
3.83629009709127e-09
2.555588424699087e-16
1.0558371968264458e-24
1.8449464799585967e-10
1.3548823710849957e-12
2.3388529440503205e-05
9.751386027790587e-17
8.145516802439299e-25
2.1208715016698683e-14
1.7252775323297464e-07
9.980781698853212e-13
2.253024085986378e-13
8.548599923047398e-15
1.4143163792533202e-17
1.7989169963307743e-10
3.4853842270925934e-16
1.9037430260563514e-14
2.8306304930007795e-08
1.0130093722770042e-17
4.403532954539384e-65
1.868159375407604e-08
3.1038025757180575e-25
7.686657984991732e-11
1.0554902519313126e-16
5.175365480948719e-08
6.890907531355713e-12
3.027859080024315e-24
1.649168429694606e-14
6.008654694427974e-22
3.9502665722403694e-18
1.9198938246053294e-09
1.0326087885165158e-14
9.350899608918384e-18
1.1476768134353015e-09
2.2888746973579795e-17
2.7737646586254414e-16
1.0515293615255863e-11
2.3576849396362256e-08
7.680858728205801e-13
8.363676739399353e-19
2.704246690922317e-11
1.443891755433477e-18
4.135918543669506e-15
7.671779837813692e-17
7.515391999541644e-13
2.4879603362625423e-25
7.521110114664647e-13
1.0772277413130864e-13
5.254482292259089e-10
1.2691638490030564e-17
7.2808631372255506e-09
8.047535270157934e-16
9.64572354802536e-10
9.256782557678287e-09
1.1559030235269378e-23
1.5570759030153525e-11
4.310706751221865e-18
3.163111251186722e-14
9.663563073916285e-25
2.480294018903746e-10
1.0179470396659148e-13
9.593079683113137e-09
4.0662659386988264e-14
7.153998991520174e-22
1.0576640726591304e-11
2.0069351779130514e-18
5.22362268321064e-10
1.5206030871094738e-12
1.3991622440458555e-17
4.474260993340345e-19
5.637940509509114e-25
7.294421788497832e-08
1.6181465434699835e-15
5.631091499691322e-27
4.542540778108055e-16
1.1630618333216024e-13
2.9688237862588744e-11
7.718547631708502e-12
6.0962118747350384e-18
1.5209212129583726e-10
2.923192671197799e-16
4.478683877321662e-21
1.2025787514596968e-14
3.658670636975107e-06
2.024150330777651e-11
3.8882709951297594e-14
1.197174772900521e-11
3.7954400223475254e-22
8.529673646706047e-14
7.992877048373728e-30
1.0444388580363468e-17
9.500365995457103e-08
4.71589535346443e-19
3.930722382985548e-12
9.418747231120386e-09
5.288367575723603e-07
1.5365557134463553e-16
1.5510129646537663e-11
5.616684531393538e-12
1.4757494980459856e-17
5.4586686232431835e-09
8.248700864721908e-17
5.011361383342188e-15
9.269081382743623e-10
2.7467253480460317e-09
1.9705760706744636e-14
1.4569789079534198e-14
4.110667664707315e-17
4.544941589340911e-11
3.811290967773117e-14
5.162140249928963e-08
1.4367251791160848e-12
1.7919960479753052e-07
5.324360045042942e-14
4.023667307234553e-08
2.9455794204402085e-05
1.974153888058117e-15
8.263008469521213e-42
2.474320662339922e-13
1.3759693933681575e-17
6.046336068606524e-10
1.826645219021215e-09
6.648166569484456e-12
1.7384855402242033e-29
1.6890354983190335e-16
3.383120763284266e-18
2.8995911483487277e-14
1.056587415049012e-10
3.0874567989077624e-09
9.631212018519934e-19
6.001389891715123e-17
3.752617439088795e-10
2.0242597275023294e-13
3.5679562006568706e-13
2.4891335960342423e-10
1.912057188850231e-16
1.0785000095711698e-19
3.5857744195280635e-21
1.995714088219416e-13
3.6232653156399174e-14
4.527901664093974e-18
1.2782782358877534e-12
5.150495127782642e-16
1.3343458974240844e-06
6.866032850546646e-13
2.292328158721537e-08
2.8590195513990793e-12
1.3991338704961e-20
8.469517227202933e-13
1.2016503601427752e-13
6.03620794696871e-17
2.985167953275954e-10
7.331488171661365e-24
8.440740211806167e-11
2.736235759199471e-20
1.0782795941783698e-23
8.10159861982984e-17
1.0002882655010347e-18
4.122963371477236e-12
1.1650873448030816e-28
4.496487152950471e-20
1.6853437378548482e-05
2.7666777652780556e-36
9.01555879193834e-16
1.726554608942223e-11
4.209947355138812e-14
4.460765610467595e-22
7.73403467391568e-10
7.525764398488157e-11
6.709779841978732e-17
1.4297731757092143e-19
1.1208840760127091e-23
1.3431851558310314e-09
1.3323923185078825e-17
8.943006659729415e-11
1.3164819220785226e-12
7.207630735134615e-14
2.058645752723208e-12
6.977127799016843e-13
2.8567471081342402e-06
5.72691440753453e-22
3.392804730553224e-16
1.0064290963499197e-34
5.383570496336349e-15
8.476166299463509e-24
4.086295166640686e-20
2.80171916009025e-20
2.976116052309682e-27
1.0730678763282007e-16
1.9270391360373184e-08
3.4849211795231557e-16
2.7265376270664e-09
4.21206965795171e-21
2.7332232005847057e-16
7.92883924937618e-21
3.2671497619499286e-16
3.1269935453632495e-09
3.2128848326744094e-22
3.4147911343551455e-15
8.648532628018696e-13
4.4311231263305595e-18
5.5044219349091936e-12
3.968008710626126e-05
2.0301463526368032e-11
4.284930012026325e-15
2.1120453226758395e-17
1.4961732323027153e-14
3.3858304192691216e-11
3.380978912743572e-08
5.086749150779727e-05
2.671210443491548e-14
1.9810219658269458e-14
2.8229927529375047e-25
4.149511798647767e-23
3.7694103963371426e-10
6.614267948143404e-22
2.3269838197458516e-13
1.958462113180895e-16
3.8766990595878354e-14
1.0523306407153255e-18
7.26082955430866e-13
5.5155522231882966e-08
1.6984270851676863e-14
1.968514180748982e-05
1.1946357871741814e-20
6.517104727092911e-11
4.398843901489577e-21
6.286502163396774e-12
1.1127423104772209e-17
4.4667096493883295e-16
1.3253528750547795e-23
1.808997387270976e-11
4.020581915084753e-12
6.9477819451720376e-12
2.5841779431809275e-15
4.405989110537355e-15
2.153059201332934e-14
7.947556996094611e-16
1.1271096974559577e-14
4.9242319870029266e-21
8.742072782852237e-12
8.542889839562906e-10
6.84131642801216e-24
1.4334938755794496e-25
4.0800116141014593e-20
4.0141787040778775e-09
7.07385347193474e-18
2.0974143642345896e-26
1.811587385525559e-15
6.273878045507286e-09
6.262294475236573e-18
2.263536745872665e-12
5.4929510805424385e-08
2.1338905252538926e-26
8.503005776319677e-07
4.757580923510217e-16
2.2663613940987605e-15
2.3343328835644737e-34
2.8873871017111343e-15
3.4286459800263815e-08
1.9137720008522056e-38
4.9634201835526893e-11
2.448200414363937e-18
2.493286427722748e-16
1.25406027838013e-14
7.0722713953112275e-16
1.46981459560406e-21
6.939525857537589e-23
3.638735921300072e-18
5.0936520539126395e-09
3.383088177430838e-14
2.1452317152921338e-10
1.657199906568576e-11
3.0596570720699167e-26
4.9793813407944754e-14
7.0835337138432835e-12
3.127645212562499e-23
2.827349981899727e-16
4.268013210891223e-09
2.6751493077327715e-12
6.59058875996072e-08
3.2113152426528256e-13
7.383382297057589e-26
8.324028094576953e-07
3.426138048427136e-14
1.8014933258125472e-10
2.007528612675059e-12
3.30280790035859e-22
1.0154437631885112e-17
3.9683190364822014e-22
4.888317107742302e-18
1.6784757015877216e-15
3.4461743479507074e-18
1.665945904213566e-12
2.154593177303778e-12
1.4266339334526131e-12
5.1162768719441676e-14
1.8183988116208246e-19
8.59716038050147e-14
1.3147855230426667e-09
3.2477986032992934e-16
1.4054207321276219e-25
5.81257371413289e-08
1.2588396999308474e-12
1.880757662190231e-16
2.789053190041225e-15
4.8242388428147005e-09
1.2909612810784262e-12
6.746108350413818e-19
1.202369977277768e-12
6.331055341887951e-10
7.069520387555365e-14
1.1049906342735006e-15
2.353147609774434e-19
1.4856481919626329e-16
1.6859300446391567e-22
1.1557406131861594e-11
9.562243639188092e-19
3.952094580230706e-10
1.2374909624397168e-10
4.1385825765150055e-18
7.063281093151013e-10
2.1617422106772096e-08
2.765041680425569e-17
2.0603489631233613e-09
8.586563592509969e-15
0.002204789659562681
6.923181070197704e-09
1.8218528183472706e-13
2.6019557249191236e-29
4.135356220602471e-18
8.251653237544044e-09
1.7309687781406723e-17
3.3103896292874583e-19
2.8345738821370836e-20
1.0444880637638753e-09
1.9117134167957185e-08
5.554292786253596e-18
1.012391389397178e-34
2.1887325997671556e-18
7.287723438734582e-10
4.908591838522974e-15
4.731249700898458e-09
1.2796418458784997e-07
5.430535590496043e-07
0.00018910857686408876
4.858333478059053e-13
1.5890211164391623e-18
2.978067185340629e-13
2.469572821521728e-15
6.6850333505423504e-15
5.354927298026048e-09
6.514182047767419e-15
3.3291085574861642e-18
4.2653277299971707e-13
9.633327947309738e-14
4.6303273215194993e-10
1.9984132086261488e-17
1.0945821412972503e-10
1.2120484230701765e-14
5.446255824520815e-14
2.0653445767710797e-13
2.2781188730915114e-13
6.05506054065942e-13
5.433410629363437e-12
5.9429892729190174e-12
5.655661385628187e-10
3.124855268876575e-17
1.0990652050266747e-10
1.2681193109006662e-16
7.212785207351684e-17
1.4351433458401133e-22
1.4743106753264875e-16
3.141988362018367e-12
8.79191428488158e-14
3.109903943824468e-14
6.3272878167136105e-12
1.0021414403214537e-22
4.821340741333589e-18
3.2118552048841273e-07
1.7674739129385055e-15
5.113055357186225e-21
1.1264696766093483e-12
4.810882424877798e-11
9.011813052253709e-38
2.2008477285647735e-10
6.41967759504351e-17
2.0447041591947472e-14
7.086935860107739e-09
4.497375854197529e-12
2.644768360028654e-14
1.4499251206903433e-10
3.458847156977711e-11
2.6371225626704423e-31
2.778204812209147e-18
7.481978893379501e-19
5.840055931811037e-28
8.59231096489733e-07
1.611344267397911e-17
1.8440384407024347e-33
7.871216178708141e-31
1.4609495404435557e-07
3.2812498887101334e-10
4.0541586774429806e-15
3.597187712247455e-12
4.364555929288788e-12
2.228182249211104e-16
8.906810466080315e-17
1.7060280987339854e-12
1.6602116356474722e-13
1.5674873620065339e-18
9.533036910446738e-20
1.8860932125161462e-16
6.244185359308679e-19
2.465249210721941e-19
2.5682803578591483e-14
1.5975942783709411e-19
1.1706125206024417e-17
5.209862875751105e-09
1.0668425651356083e-13
2.487481386607248e-07
2.441845999280447e-12
5.47320848026823e-10
4.73983087768694e-14
2.3676867199939907e-11
1.435934470608022e-15
3.7081600075931435e-15
1.8403333225380028e-09
6.283183564051007e-12
6.42808949269664e-17
4.993707660335397e-13
2.4311290025782034e-16
2.3613581846783233e-17
3.4158279383278713e-20
8.710235673480001e-09
2.99608243534567e-17
1.2460201916874224e-17
1.5976934245465178e-17
1.2832787553928037e-18
3.480371800492351e-11
8.098083766909001e-16
1.0296942537022579e-19
8.027656591927067e-13
1.810919382963389e-31
4.67505490919278e-20
6.1409193197899364e-09
6.34766645667185e-11
1.4307155480601312e-22
1.8105305013326426e-11
9.322762320309558e-07
5.1320086906309335e-16
1.7433645472360243e-13
2.586022656086527e-07
3.588700075764087e-13
2.0686290305029543e-21
9.51625827693575e-18
8.943650402645203e-10
1.8089446743500825e-07
3.4375362203738644e-13
5.424094026820265e-13
1.5539349377037133e-10
2.1306150392893444e-12
2.0375345888778543e-09
8.466144608645319e-41
1.748469408389193e-20
2.9963258030705928e-27
1.2980758905281246e-13
1.8883702366269998e-13
1.4816806458209928e-24
1.1679480395688113e-16
0.0002473269570381411
9.163719537434344e-19
6.145090086126403e-15
3.6913183881731055e-17
3.267676553820094e-22
1.3200885052264893e-18
2.3556301624241222e-14
8.894145601368806e-17
9.232071464807793e-22
3.175029752596923e-10
2.731317014910224e-17
2.1580034812218248e-21
1.7505933003212195e-11
4.479835547941719e-15
8.151243420718074e-20
2.0476844453932694e-10
1.3114977809976584e-08
5.788390835895783e-10
5.617984983084422e-22
1.2584263283731034e-17
1.4324943302215824e-09
1.0628271299803799e-08
2.2871267703879623e-19
7.441225594815653e-15
5.80264695137683e-12
2.763118395339115e-06
2.336779891673897e-17
1.7568226347104112e-16
5.343818492899574e-12
5.015061230770913e-15
1.1452433467267944e-16
7.3586200272483745e-09
2.2532117988259507e-21
1.5472917654786713e-17
7.134361399463274e-26
1.4498856505229244e-30
8.780754708959562e-23
2.759810569428873e-13
9.958768643322057e-11
5.7506525286697874e-18
4.114657825997305e-08
2.993720251664152e-13
0.00029877068971681867
5.509945210331557e-08
4.306156016068607e-09
1.1124318432345842e-07
1.798503559545834e-15
1.8271965811624717e-24
2.5698351286448866e-21
1.1293234057654976e-17
8.978523132294485e-10
2.4667712120772457e-13
3.804923634212333e-10
1.8743411232915207e-15
2.3715995563990507e-13
7.491906417526943e-12
8.916753104256056e-20
6.66159759915104e-17
3.205496236192247e-23
1.8652092270731955e-16
6.5026944299673486e-12
1.768707401458492e-09
8.83000725537077e-09
8.050427960630183e-09
5.0618404868782327e-20
7.311654934916962e-15
4.03757336965929e-09
1.9456140175803478e-22
1.1433036604578903e-12
1.5879780739875378e-14
3.7051982910916376e-20
3.580716005758766e-18
8.11037866865972e-10
7.722400051763544e-24
1.6973961632652206e-15
2.7580396474438744e-10
5.512478214489084e-12
8.728051074396274e-16
1.1041032166032118e-10
4.8157716941868236e-09
1.4268696317122592e-12
1.16753316008562e-12
5.6786584966284094e-15
2.4520525163934203e-05
3.5495140907721515e-17
6.93266810552327e-19
1.3772475764169296e-14
7.405464218523729e-06
4.4551540673419395e-14
2.193857778543079e-09
1.1726372389707568e-15
6.610138615392106e-17
8.600665586230872e-15
5.547747622598661e-13
2.3416824105985827e-23
6.241585660642371e-19
4.037283720217201e-23
2.350192718701625e-18
1.4171482985578248e-12
3.039670028542171e-09
2.999108057893922e-11
1.3158707711067852e-18
1.1125987696363539e-13
6.457064937870712e-08
9.42906423716779e-15
2.1535893179724444e-17
9.365094319855415e-11
3.012867127350127e-10
9.622935994555435e-18
4.595671596282502e-15
1.5538165854643372e-17
2.9650802745739857e-12
8.246963875881549e-20
1.4151477208909367e-22
1.3547713725835338e-27
3.125302131524874e-14
1.7996783701931015e-11
5.153799948685508e-18
5.767952951983489e-15
1.5897724383961533e-08
3.392763138991982e-15
6.715051954943197e-12
1.339249991127678e-19
2.6369002202989083e-09
3.3934326357406587e-15
3.1106896422457466e-27
3.651699421242298e-14
2.1877107918386316e-13
3.6928414860036343e-08
1.9554135914897257e-15
3.6619133910935664e-24
1.2289174769471589e-16
5.686516095676399e-17
6.646089028599222e-13
1.5039084576085949e-15
1.0428991386381514e-14
2.1565540863888364e-12
8.057614170826906e-08
3.1215842496437825e-14
7.656603802129609e-15
5.128217421708912e-21
5.922140062990719e-19
2.1190037885234577e-09
6.58563452144012e-16
2.0016105884762742e-10
8.850431352560179e-11
7.022635367874998e-14
3.0632324953226677e-22
6.5742276259660345e-12
1.353991557521481e-20
3.99950413743328e-19
6.132982799223489e-16
3.5164677193629853e-16
7.596355066449912e-20
5.8118026637225376e-21
9.240272710024974e-15
2.18054642130405e-16
1.0668054749764403e-10
2.247429503870498e-11
1.5745777487818175e-13
1.4831895621763196e-16
1.0685687503175785e-11
3.406534709899507e-13
2.6065654564597864e-22
5.711315645758812e-23
9.104305474431531e-12
6.262046562803778e-09
3.4844218152646716e-26
3.163744174287951e-17
2.2639714790075864e-12
1.82401929678558e-15
1.1785208754813291e-15
2.316295683514069e-15
7.76279322357858e-14
2.849094973580702e-27
2.9623413392093885e-18
6.273413653951041e-21
1.104828860062892e-18
2.1299576942752465e-21
1.9074587920463457e-15
9.289461846439172e-15
1.1472408279212544e-18
7.422196764112148e-20
1.201966865821623e-11
1.798832592219e-10
8.926657391865894e-14
3.06912072296699e-12
8.529153937051473e-08
2.4059904434910484e-11
3.0400902423340627e-15
1.1097869928263756e-14
5.958466648457371e-15
7.305584985831666e-14
1.11457572934677e-17
6.617494059176528e-15
3.32487800597559e-13
2.8426675321300027e-10
2.5101094017897693e-20
6.392606296190733e-21
4.688941574252526e-16
5.189004238013329e-13
2.1908834323132992e-13
3.5979534966715163e-19
8.461442039851944e-10
8.52302409317367e-15
2.2455380564271717e-10
4.5749430667576615e-18
4.4245798917530165e-17
2.519920216221739e-13
2.3625313915969004e-12
5.095107570859318e-19
4.471695123949367e-05
3.887808820523751e-21
8.676139121527743e-22
2.2260714886271664e-22
3.5842268407278324e-22
5.885378133483844e-10
5.756009209801542e-17
1.97325907330403e-17
3.226476324155974e-28
1.9864246638602858e-12
9.614485657245064e-16
1.120634693782995e-09
1.4370327748816947e-20
2.236713853455323e-16
2.452416414411392e-06
1.1221807321298114e-10
6.293351508759941e-11
1.0097461110196175e-15
5.552321972250619e-10
1.6129745601741312e-08
1.5339690426840473e-10
2.970647477961206e-15
5.947577073987414e-11
6.928685261284676e-13
3.8216500492013894e-16
2.993099764830551e-13
8.76700994008336e-07
1.5575028314276805e-13
2.2660510492278195e-16
7.522358643790926e-10
1.4377202656819507e-11
2.4781183195920783e-27
2.0782424250284828e-14
2.110252775859001e-10
1.440546835060609e-24
5.676728831990973e-12
1.4301887302060656e-06
1.7333185747180393e-09
5.1010759562461897e-11
1.2034888289128954e-15
1.7121187968205952e-28
2.1587152591024564e-13
7.125689833715543e-14
1.6326919093584734e-09
2.4598050228137456e-12
4.984639634080184e-19
5.917803366114271e-13
9.860614300887549e-23
4.622067858068834e-20
4.257275448969962e-17
2.143895328893932e-09
1.2950072321162174e-18
2.903732776719223e-19
6.373879199615047e-07
6.206496631431098e-18
8.639825132342061e-14
8.95814703296194e-08
1.5810251533273154e-11
1.1921997353010757e-14
1.7441940765617447e-09
1.6341698257397367e-12
1.6105933166634555e-10
5.196688798261228e-08
1.842302070179794e-13
6.059847578537244e-16
1.4554707976773753e-13
5.225030233409253e-15
3.173902899432897e-12
5.278542530977631e-22
2.795333524970274e-20
1.5768838028595434e-16
2.6104559755676682e-14
8.586496429595276e-12
6.48426630403862e-08
1.7096957186563483e-15
5.812932812518124e-12
1.4087809955140016e-12
1.1537964919399166e-15
2.9250872513746345e-11
1.3146993491011693e-18
5.974564968449477e-12
1.2486117968638931e-25
1.7661127274075142e-16
2.8006885469122287e-12
7.3279227147989145e-34
3.3578373506880855e-08
7.005453408814209e-21
1.4804429682332597e-14
7.592883853960442e-10
5.744515992722216e-19
2.6593246351867214e-05
5.816800758127773e-20
3.281167596792186e-18
2.315530106076766e-27
1.979134754143554e-10
5.912722720988651e-13
4.331623128418008e-13
3.115954769751306e-08
6.50300009222273e-17
3.45674491917749e-22
2.545815353334047e-15
2.626593493336608e-08
5.486152558620062e-09
5.679743218319978e-16
1.415834318666605e-27
1.513552403560786e-15
8.334021594697347e-22
1.3423977582560565e-09
5.0983843934362337e-11
4.046557483770858e-19
1.7085970967841899e-18
6.233686192844874e-18
3.770234421247634e-22
3.14702840490524e-10
6.83408732901783e-21
3.5503038538864024e-10
1.7223947108681e-14
2.7735666661591222e-64
1.685088842028663e-15
2.510889021637044e-18
3.102846210338394e-19
1.6546945539632585e-09
5.766375159597524e-23
1.1227761403795156e-17
2.7743005233072503e-18
9.05923053432508e-09
6.32680840923999e-16
1.5447672520176942e-10
7.786717522288473e-13
2.021827293850891e-16
3.952013002767951e-18
4.397455684503444e-25
1.1613509340395694e-15
4.081447516210505e-14
0.00010447665461606626
1.4037941670689402e-14
6.931376968822374e-18
1.336500805164583e-16
4.625095977321729e-14
6.831478220276786e-16
8.637493154236029e-14
3.408931485093694e-15
4.045380711874684e-22
1.6262806207772973e-15
2.44490367869088e-21
2.433676518360405e-18
4.608215031411852e-13
1.0713517070346083e-13
2.0949461134806715e-13
4.367433001306392e-12
1.0577046187031891e-21
3.684830589383304e-09
1.2156222206917791e-12
9.47635910659642e-12
2.9910277109667626e-08
3.339267661268964e-21
7.193481515236156e-17
1.2592003323106494e-26
1.4124140608688763e-15
2.10955455702278e-24
3.063339440507655e-17
1.1755998978825314e-11
2.1255095778290692e-12
2.409019637598176e-16
1.714178715200896e-06
1.5891506574296156e-27
1.0115837879056701e-14
5.199381110946849e-12
1.0437121347572355e-15
4.934209275898422e-08
4.317858561329802e-21
2.369703309088359e-14
4.29930639829502e-11
1.5837794404183372e-14
3.532891253571518e-14
1.3984981688871244e-17
5.541037440806936e-13
1.3742000010914276e-27
2.6851044755299443e-10
4.638906094796254e-19
1.0301025895232415e-15
4.4354115344541956e-20
2.674318586839194e-15
5.6204264668314425e-14
1.4710857268261271e-12
7.500774197393427e-19
3.2490725786270317e-13
1.3119863820984103e-13
7.823649412477066e-18
2.5478282548687363e-26
1.0851601743073553e-18
4.2920814582199424e-17
3.9618701582831725e-20
1.0617695352207569e-14
4.992230683427147e-28
6.293831501870392e-09
2.479044053218091e-07
2.6565957632353454e-27
7.093713241006911e-22
8.372841112882362e-19
8.251168473085544e-19
4.9244375327255125e-12
5.522394915677179e-14
2.9827797903977725e-11
1.4897605024637328e-10
2.1306109744953615e-24
2.9564292669804883e-26
1.4342654537008873e-07
8.915013400954809e-14
5.974470998013482e-11
3.892871701884103e-14
2.2787102371781616e-20
1.7101836407427618e-22
6.209254857582043e-11
2.7164951749977593e-07
3.529964375124963e-27
2.5516325842808684e-15
1.3536181671038913e-13
6.26216043820381e-17
1.173086138638625e-15
6.3176127049576965e-21
7.147941127564106e-19
1.1739598711069928e-13
1.3453674756654051e-24
5.27453725072646e-18
2.5640785285007396e-11
1.02117317767029e-15
2.316908319932725e-11
1.2717730500745976e-11
1.7269848328676737e-30
4.445539966986869e-14
5.495731190482662e-15
7.030849857373454e-15
8.020661515236413e-08
5.259226991744712e-11
3.4446297610224185e-23
4.720189122531261e-08
9.030343144610532e-18
2.0756680340240706e-15
5.134595985137704e-47
5.593000305407455e-16
7.719483979565874e-12
2.1000307414776158e-13
6.344577066996751e-13
5.828899555581084e-14
1.5547348196002077e-25
3.847939174997815e-14
3.2081421235013513e-16
8.955403890675914e-20
3.780333760853544e-12
6.707207509677279e-07
6.835324831952077e-15
2.4901415021070295e-09
9.883427654278091e-17
1.1534115243377536e-16
1.6104505418788307e-10
4.024890654183525e-13
1.994666351175829e-32
1.2794910849444307e-09
1.3719219080878505e-17
2.271352267377796e-12
8.675558426842867e-23
4.291933200358022e-17
1.7383938206560412e-14
2.0519827519368962e-17
4.1652760263583793e-19
6.507162591705283e-21
5.1586111543094495e-15
5.420224513465857e-09
1.0633041418007242e-18
2.4607817381821535e-15
1.4411285594017507e-14
2.225425730100193e-09
1.107366241810236e-20
1.0330587141757564e-15
3.304821228183133e-16
3.468008441690332e-19
1.3452733558727662e-08
9.345715166930528e-11
3.9618216635047033e-16
5.682240750533953e-16
3.6762999070579546e-22
1.673064674746979e-15
3.011712625884898e-18
7.40804211049797e-24
3.366239013908759e-17
5.5643347387051174e-11
6.948984218107744e-13
8.161770235406783e-19
7.862426515154093e-16
3.1705393643838605e-17
1.0637816217429447e-12
1.7366246562485317e-19
1.4355880479992175e-13
3.173588360052871e-31
5.680431453916158e-17
4.700493752440673e-15
3.519647170665881e-12
1.1193328010105312e-21
4.3464036339511784e-14
1.938450783485953e-15
3.253884367314172e-15
1.3225206400847144e-11
6.993879609579497e-07
2.0347740038706334e-14
0.0002500758134296927
3.841390784327324e-19
2.1004250746628006e-11
1.9805989472847477e-13
5.1100046682439976e-23
6.050167201673914e-21
1.8656258211619444e-18
7.34265389287739e-12
2.7155314722232398e-11
1.1754663601753504e-06
1.5115731989006253e-15
2.3724598120258336e-21
2.3051729883122874e-14
8.791932415637897e-20
5.3936508537745955e-15
2.0761624144133047e-14
2.562147446181897e-10
1.8211586982866667e-13
6.843946038071469e-09
2.5951875654946874e-20
4.158841115397165e-16
3.138944459275691e-12
3.834546084312718e-09
2.744687945597707e-18
3.010294528285849e-12
3.569742456387999e-11
1.3354596977866646e-20
3.4036647115593643e-15
4.727402124195775e-10
3.961128564009157e-11
2.354202757228828e-07
4.137305048615063e-09
4.3080785262796086e-13
2.2506481219216588e-48
4.740129053783528e-21
6.032221941220065e-13
9.649116617240972e-19
1.6380694061435104e-11
1.197472075308677e-21
7.692247134013058e-13
1.844364369275932e-16
5.737784898220909e-23
1.570354168806456e-14
1.6662393483819495e-12
2.037676154433598e-22
4.693457589994557e-15
7.149610740512565e-16
1.94193901542011e-26
1.5738719508594538e-13
2.4575013688010466e-24
2.7500794791738855e-08
3.695271228787535e-12
2.1348147729701395e-08
3.2602413908998477e-17
2.652301383175872e-13
1.522406880912701e-18
4.3242292948758127e-07
7.304244480012315e-27
8.859308950827309e-13
1.3720453976755475e-23
2.192709774004115e-19
5.909557374203868e-17
1.5081241130949363e-13
6.7041995780979295e-18
2.455613986101446e-15
5.260712982350223e-16
2.7452204776022687e-09
4.9282406624233886e-06
5.014081820566741e-15
5.71018280779244e-06
2.7978236206370588e-08
9.33851654204067e-12
5.4771607903494415e-14
1.683152002042258e-16
1.0790956284710756e-14
6.85493315625634e-13
4.2129128553396695e-12
5.373851008996767e-15
5.476486993737535e-22
8.453648733860729e-19
5.4190884137649484e-09
5.990109099181631e-13
4.356231249526222e-25
1.1312415909930042e-09
5.867973645290502e-18
7.14844293873675e-18
7.832986155811198e-09
1.6638546094594816e-12
7.646690067217089e-19
2.0314126162509272e-11
7.259671775668726e-15
5.020282759627285e-16
2.257654508909471e-13
6.803743080109331e-17
8.26478415811733e-23
8.818085156004637e-08
8.342522380104485e-11
1.5178941696010271e-16
4.825781331188004e-18
3.667238032123903e-12
3.050863100819508e-24
4.913000775132451e-12
4.573568525986388e-13
4.892904277294513e-16
1.3485218056171387e-10
3.266702518169644e-17
2.0267116727510116e-16
1.867257392100496e-05
8.976525022089008e-11
5.554759570547201e-12
1.8940070439894125e-14
1.0930673954154415e-11
6.391609796425044e-07
1.854438781349597e-08
3.0417152319464667e-12
3.7476800610243416e-18
1.609312398220734e-10
2.231697023886919e-10
4.212408376484029e-16
1.1827313733757211e-12
1.1242589128909225e-20
6.224315409435917e-08
6.561085458522838e-17
1.6087257920275444e-19
1.0870472049799392e-15
1.8952443866787288e-15
3.257325284099855e-10
3.2042340791743998e-18
1.4216637105833197e-20
1.1246609401966482e-08
1.0877032040289863e-18
9.549146390411668e-13
4.2426378217493635e-11
7.558765947876497e-20
9.015533647925529e-14
1.7685154043493192e-06
1.6271227233881584e-27
1.4479901291835967e-15
7.386286992028749e-18
2.781562026440118e-20
2.964372112710144e-16
8.967109999903146e-31
2.9192393321501197e-11
4.382052492011777e-16
5.142876464714433e-14
3.937470824608037e-15
2.7904402805057383e-14
9.940170871921764e-37
1.4224570288042616e-15
1.4482169002365903e-11
3.348110438896743e-09
1.5104395998557676e-15
4.1248786451704787e-25
1.8085085924559782e-10
5.1039363109165e-14
5.337386601459506e-13
3.539850123544313e-11
2.25616365394422e-11
1.5438850334039756e-17
2.0585427418214934e-14
6.134759162225987e-13
4.1458234703688216e-13
3.670850986310275e-16
5.537623975309271e-15
2.174240625025886e-31
1.2120973692216332e-13
1.321035240170124e-16
2.8415992604340883e-14
1.1654802925669092e-17
2.3609458392563536e-15
1.0645659289626804e-21
2.1948738779473195e-11
4.712675113540042e-10
1.665802241111199e-19
5.101579221689434e-14
1.5300304840174685e-15
2.5411760683860552e-15
1.9503856021602424e-12
1.2048733004012434e-11
3.0399838174579467e-09
4.5872058371222014e-17
2.166407665819182e-16
7.067023264671143e-13
2.7453159390875555e-22
1.2255927932488303e-18
3.077610890657106e-10
3.726629889126297e-15
1.520319719366931e-11
4.603367624776664e-23
3.6507286734765863e-19
3.455286834252307e-13
6.416331356851968e-19
6.712566690585794e-17
6.71468313910434e-11
4.690990393084402e-09
1.1129970632756921e-19
3.517119000827308e-14
1.2178953229304926e-19
8.219722075719665e-22
8.977911154955837e-29
1.4041271504997792e-12
2.8858361828007283e-18
2.0854275386767174e-10
7.52047286156573e-21
4.698989413144676e-16
3.531804835634792e-08
1.0906299134590701e-07
1.305998748295919e-20
9.532418498066852e-16
1.1340352820771033e-15
2.05957150325208e-12
1.4781721796320497e-17
1.3746703288342808e-09
6.141198246974012e-26
1.7557205194515572e-14
8.641832899886226e-21
3.065502597411661e-11
8.419366312659084e-12
4.088568340410979e-28
1.103191553191592e-14
7.937729402267455e-11
8.308214773425858e-16
2.0578637124493875e-15
1.4765745170362394e-16
1.5547262886889724e-13
1.2152505211900643e-11
3.56029202044529e-19
1.9670474924677852e-19
1.9137022149921675e-13
2.840178912462783e-06
1.805103993648094e-17
1.2395311995215157e-19
4.770348155502738e-12
2.7276049524687923e-27
9.236398369769803e-11
2.6410605201053464e-13
1.248429783998716e-09
6.819560790761764e-26
4.104550709819276e-27
1.533734745362703e-11
5.059017171130667e-12
5.921445666818877e-23
5.605948068547325e-13
1.4885631097802377e-15
2.2914901470556267e-14
6.702966078940906e-12
8.253723244709168e-12
9.718969999883326e-13
2.751495534391166e-15
3.9120715670942674e-19
1.9125905467164577e-17
9.81506909026103e-06
3.4953180904250474e-15
3.033161654581832e-23
1.1109892219088466e-13
5.632832034145018e-11
4.770419823062026e-13
5.206962790640726e-17
1.8905885862664377e-16
4.7785049821750453e-26
7.521077391759791e-11
5.406520211108689e-13
1.9532200621922656e-20
6.10889088231226e-15
5.0966027660352557e-17
1.3543310267834538e-14
1.614029512545046e-21
4.531084378520253e-20
0.002310391625100161
1.7015649549977228e-07
3.5164631691759474e-17
1.356993512226768e-15
1.400291691131739e-10
1.1046881583938493e-24
5.890615150979424e-20
1.5322937672424486e-17
9.087465989352694e-16
8.177707940563918e-11
2.6299686882783627e-08
2.331369353217192e-12
9.770313601022174e-17
6.934149080546734e-15
1.4344068379902148e-14
1.0170257059146411e-23
8.058265356133716e-17
4.857714109221052e-23
2.562381321279432e-14
1.4668024151134378e-27
4.9530629240113525e-14
2.0547168044579237e-14
3.29294762667291e-07
1.9121629240046615e-18
7.69118523151611e-15
6.1703158018365e-23
3.639857040781366e-15
3.805013652363824e-17
4.52154118305122e-11
1.0372836372639676e-11
8.80676003878925e-11
4.531769331836526e-17
6.742592488223832e-13
4.648004540069872e-19
1.7150063380896595e-12
4.235323600795566e-16
5.02151258112547e-15
7.912648163837566e-17
1.0410177310417026e-10
5.467247028355756e-19
2.4011921051693362e-18
1.2145148073770078e-21
5.344136631181679e-12
1.9752506995707855e-13
5.293607978166829e-14
4.207551684769374e-18
5.1114320382711965e-39
1.1345182169222511e-13
1.430450068825881e-09
4.3088551876216014e-08
2.5061679154349987e-09
1.9762859548456407e-19
1.6994780749308003e-07
1.9852869415486709e-13
1.78876918030964e-15
5.1733186622704084e-08
6.241030008135808e-14
1.1395298037084022e-07
8.953682678395735e-13
3.3259455501689933e-15
3.0325384442300444e-11
7.001092521591408e-13
2.9090088942942028e-12
3.1355087866974285e-16
3.792028144742822e-20
9.46538820245778e-13
1.6444511943719935e-17
2.4778581662716626e-15
1.371892968634014e-22
1.2029383415710715e-14
2.9003390235882916e-10
2.3838658429228617e-10
6.309467655231356e-12
7.68822200909311e-17
2.3584002531994285e-13
5.999553313812827e-11
2.4940218448641114e-28
5.956802891560907e-20
1.7692534983173745e-19
2.0171950612448924e-40
8.732730357871362e-11
9.585839216817448e-12
1.7686920970114706e-21
8.468569378657166e-14
1.7699005322532142e-16
7.089391095310309e-07
1.465807115974183e-19
3.2307087094258493e-16
9.882871285564651e-10
2.3638353808649178e-06
1.1074884588050144e-12
2.4436789434908062e-09
1.1145122784591356e-18
1.5377985834747695e-09
4.126640116428391e-21
2.9343701509403022e-12
4.35369345976439e-09
4.1789941147605656e-27
2.3916270492666093e-15
1.729333459387805e-13
0.00025072826377185785
7.258960835038884e-09
2.8120850919691955e-13
4.338332294949165e-06
9.155190214962226e-10
6.7104072196199645e-34
1.4845739047550436e-17
3.8026801639081783e-19
7.2368103030312295e-12
4.019771677142475e-15
1.8081807327891077e-14
1.3327255108077364e-16
2.9358055954426788e-18
3.1424061401329046e-10
3.521683099463576e-09
1.0507810620412957e-20
6.9907034632414245e-12
7.276739454704427e-14
2.6308075755265335e-16
1.189396573690671e-16
8.661034573644948e-23
1.6031343198218536e-11
2.935291776597548e-12
5.158011907593492e-13
3.5940011566953816e-09
5.755336538160162e-18
7.772986539539953e-16
1.312045196725785e-20
6.058588822299581e-19
3.2556310314553217e-16
1.1602573779009539e-15
2.0779998975095226e-09
2.944065253468189e-13
7.552310292251333e-05
2.9426649846015058e-09
1.0663827892516363e-17
4.903202236200395e-16
2.0962146065324184e-12
6.128388626833556e-15
1.40085991204862e-16
6.104283621230018e-14
4.6488917542406455e-28
6.231165481714803e-18
2.7816581594050993e-15
2.8028954153842643e-16
1.6923764156269967e-15
6.191727556948727e-14
4.808211726845615e-16
8.564221383964435e-21
5.371790157632584e-20
1.5266918964524965e-15
3.9219031089810794e-19
1.4506445212411808e-12
1.4333033771331787e-10
1.2676952684507008e-26
3.681116477859406e-26
8.669190293615128e-16
4.7180961775124216e-14
1.8793506343336468e-15
2.5902790262097035e-10
2.2949800780121648e-11
1.4054324771286684e-09
6.722065583627059e-18
1.5775469072307704e-30
1.5102563914662952e-13
4.195369510421427e-18
5.0433358344757155e-15
1.3314332567976615e-08
6.012112559554011e-13
9.971487484060728e-13
8.421600050789755e-14
2.116021121330793e-09
1.6353179670153253e-16
1.7348835280849344e-11
1.146047355117148e-21
8.523095707948679e-20
7.96110052618544e-18
1.354494865397581e-11
8.307861608523115e-16
1.6204966835685218e-21
5.462061147874643e-10
4.310841901169203e-15
4.83845293354227e-10
8.806986249789945e-10
5.700717655827988e-13
1.0983395104749591e-16
4.8160179869046834e-15
2.8984954541237645e-21
4.6733755591426265e-21
2.703058963055558e-11
4.0773215704643946e-12
3.232596847156546e-18
1.4221873571550468e-12
3.1350982097231897e-14
1.0943651761109048e-14
1.0232110544735282e-15
9.106986172671156e-15
1.7911019360509848e-22
2.040234193362563e-14
1.610897814876579e-12
1.8885000456064726e-19
2.5488839990400315e-18
3.039589314254939e-10
8.280240718024258e-15
2.88661881917417e-27
1.1699289908643021e-17
1.7035491556970577e-10
1.5434478861970766e-09
1.0909718707021529e-13
1.9697871728595418e-26
6.032193764947154e-14
8.244695435298317e-12
6.711852256922419e-15
3.020965741658203e-10
3.8342457251676896e-31
1.861444137187346e-10
2.207386672723434e-12
1.4430901657163062e-11
1.0653116443866986e-14
5.271182948588105e-24
2.746132430976614e-17
4.11734361161284e-16
4.114592813298939e-16
1.574230137654509e-13
6.655921009664092e-17
1.703930567137105e-20
1.7905005481491537e-12
7.947406674676093e-09
6.348090655624108e-08
3.507069107163139e-18
1.6717710112847227e-34
9.077132859033068e-26
1.3447842016319207e-20
4.687210948949932e-16
1.7484525274276716e-10
1.608240257530809e-15
1.0573641533657065e-15
1.5423131686316945e-12
1.3979884833683566e-16
3.4262798654082085e-17
4.35256211565701e-07
4.974960249184556e-20
2.989917547618406e-15
1.913197066107631e-17
1.4242478406994899e-15
1.4857385923608355e-09
1.1464582921171175e-17
2.087936773207582e-14
8.205979825267129e-20
8.856207666555097e-22
1.1910912442330874e-16
1.5987030168707866e-12
1.048471917298098e-19
5.6223340455207866e-14
5.641484827584385e-18
2.2944084220268863e-09
1.6899176858337583e-16
1.8733443896740393e-14
4.087684318942598e-19
3.463501359684482e-16
3.012925223685503e-17
2.554997859417732e-28
8.642581048398295e-16
9.30880400684526e-12
3.5999560080919287e-23
9.669015628069066e-35
9.641149427645528e-31
2.9245917338221353e-18
1.5897593380351852e-17
3.419421553320987e-25
1.9217036973390872e-17
1.5742032031069148e-18
3.402099178518631e-13
1.9519248935100728e-16
1.1296500387020787e-35
3.4617970930865295e-11
2.7932477494864364e-15
1.8174493246811158e-07
1.612615661772449e-14
6.316117142035539e-11
1.4292302595425205e-09
1.338511908476293e-16
1.0669596360432687e-19
7.874057574235291e-11
1.9411042645919867e-21
4.404712424873939e-15
9.376255823981509e-29
3.1394080263880943e-16
2.3034037090624667e-23
7.152625094326398e-10
3.389198176680833e-15
3.905822479145842e-26
1.0043990275104957e-15
5.2275690642971265e-24
6.293405268013307e-27
4.921437420866538e-09
8.025566835156894e-15
3.5263548350993045e-13
1.3830437987110697e-15
2.6781616164956562e-20
3.613625446530326e-14
1.3260548984935705e-14
2.3453838708742744e-10
1.2061462760861503e-17
1.036326369001547e-21
3.8936846436095286e-14
7.489414968301811e-18
6.463935923490468e-08
1.336643341330968e-23
1.1311100777449309e-25
1.2539405147360115e-20
3.553505779174404e-11
1.6305850492014983e-21
6.398615570764781e-13
2.6273205742721656e-13
2.9905132627443763e-19
9.177909591804559e-17
7.302808011629516e-15
5.8888728008977806e-15
4.57905077092724e-16
2.6635797084890626e-10
8.413148159918205e-17
8.829459068860745e-12
1.1883897258465557e-17
2.9824934468000874e-13
1.9451695293875354e-32
4.105941084082097e-28
8.917862370547011e-13
1.1188732305472919e-17
3.6061816550247555e-15
1.0889191492418808e-11
5.188354707879153e-25
3.8033533921869256e-23
2.5158337521133678e-20
1.143576234738689e-23
1.775941851041954e-16
2.098100981181514e-17
1.1650237340574373e-17
2.7546969911268796e-23
1.2247943141912194e-09
1.285669588138641e-10
5.794435902795321e-22
2.1683742785211144e-17
1.460150493199101e-12
7.21735959694388e-15
1.9798571013831773e-16
1.1436273631404843e-12
1.9645604231180519e-19
1.9122825172942156e-13
2.990005372152417e-11
1.8748925923602555e-29
6.244659871520009e-16
3.301168271898662e-24
7.751609197735852e-15
3.570000149387247e-21
2.1833628044784548e-20
1.5275645994596155e-22
6.583694151047504e-19
1.0321365622712551e-22
1.2121893736712388e-17
8.312895151405033e-34
5.956882595577962e-10
4.067513779460072e-16
1.2729950610858352e-09
1.96446352078726e-22
2.367335707149873e-12
3.509079756955761e-21
6.925013299307199e-10
9.956772807005946e-14
2.682923829403091e-07
2.9569395653009537e-23
7.684335280692702e-13
1.3904907951527211e-12
1.100536680056377e-11
2.901684930882061e-19
1.0086550074200084e-14
1.7045252843003205e-24
3.5618921388050224e-17
3.5971889848843557e-06
3.829381968160856e-10
9.772589887826153e-12
9.795791444521608e-08
4.910569963589894e-12
6.216195644813126e-13
7.626031694385481e-17
1.9213062585633083e-07
2.4343099710982675e-16
1.2277310455032689e-14
9.414877079054545e-11
3.128929712576377e-13
6.071024515750455e-28
4.767067650361927e-19
2.1482778927541812e-09
4.727635710882529e-13
1.4399716033762691e-18
1.2391726135035216e-17
6.52545903225059e-11
1.331030743647364e-14
2.9699077317615058e-18
1.7895240149352082e-17
1.3396031400097585e-16
1.9091844591956113e-09
1.5328624203524023e-14
1.589135819977815e-28
8.412393629621352e-14
4.0994170365418875e-17
1.1428470550993291e-10
2.8495843637050645e-18
2.437925063391001e-12
4.7660833843878374e-11
2.9138848834186467e-05
1.5482880695635428e-06
1.380044220616453e-25
4.733680526210329e-14
4.510190466407894e-18
1.8971863547725365e-23
2.624231479017383e-21
3.6039241864964834e-13
6.888232165659263e-19
2.4848233740334568e-26
2.7686228284046563e-20
4.6655294450940166e-18
4.109820636065757e-24
1.7285353800722913e-15
1.5566738232567344e-15
1.1721649347203577e-17
1.5296687687778186e-14
1.160313198137239e-16
3.7331524640591346e-11
9.097205018334814e-15
3.182193073008167e-24
6.460382670701058e-22
3.569154399720069e-11
5.400247086741265e-10
5.39691921319816e-21
4.526496917174396e-18
4.228794091393827e-13
8.51105012785205e-14
2.5277564285813172e-11
3.7032173389883095e-15
3.5800986201672884e-19
1.1982172495175115e-13
4.61426531813119e-11
4.162473925338029e-17
3.270815337594597e-15
1.3819032482720032e-15
4.406444133326711e-22
5.5347959332467344e-17
3.0630992608266452e-12
1.949563853233269e-08
1.2628505287482239e-18
2.010451179050479e-14
1.0640586698468706e-13
6.884028317567621e-13
1.699483956686552e-13
1.5251243662780285e-12
5.882215716205124e-31
1.0128092600265536e-15
5.05375846689427e-20
4.1558761659966563e-13
9.914623219741253e-13
5.38383416278372e-10
7.311342667992701e-19
5.737839810272656e-20
4.721503346173071e-11
3.475166072936766e-11
6.043311388935989e-25
1.1503689457172343e-10
3.921100934399736e-08
1.406317906716279e-13
2.5500720624990633e-09
6.757109828769569e-21
7.640013001765624e-09
3.439977416661128e-20
6.106079289156485e-16
3.4925365426172736e-14
2.025124004493332e-14
1.1803552348258908e-16
8.182092715509813e-19
3.7228138096844943e-07
2.4853432543763428e-14
8.464514821272371e-16
1.986558624570776e-20
7.1242074838036875e-34
1.4751893799044184e-12
3.785193223074435e-32
1.3646500008437367e-17
1.526598406649647e-09
2.908946914673759e-10
1.9820610656461548e-27
3.770521966860346e-17
4.114657825997305e-08
2.219774896904077e-20
7.990341989580707e-20
1.6842707088824913e-09
1.3304910659595607e-08
3.196956242470908e-10
5.904767756049198e-19
1.5709452242797762e-15
4.853375624765342e-23
8.039394898540505e-16
2.5875640237495647e-20
6.429731912906563e-12
9.301287886808134e-13
4.0899729555631775e-52
4.065337512473723e-27
5.74271744772599e-17
2.5892064962445143e-32
7.158267219781671e-19
2.366871255922317e-12
1.3401361429667157e-12
3.99843581759563e-16
3.933828857469626e-21
3.7561309870914954e-23
2.4262208204145413e-22
6.545411110279065e-11
3.566668310591675e-28
1.177115109655434e-15
5.613353297529843e-12
3.3260440530120483e-18
1.0044997327021031e-15
4.313780281504461e-12
3.720250870303495e-12
3.6442725849510814e-10
6.21197146142651e-24
8.743029927868435e-12
1.2411129519270035e-18
8.231949747525317e-15
1.2826250695239765e-07
3.6127239905381554e-14
2.6237757522903403e-12
2.2506075901939847e-17
2.5022033541758653e-18
1.906775505321921e-16
5.237208031952574e-15
3.174272457662225e-25
6.174262316627373e-23
1.171332649018901e-19
1.5639319126307352e-23
6.048493444011403e-17
9.19873817401038e-26
2.123756164644311e-17
2.0484323989119623e-09
9.356146861360635e-15
1.0710453444600302e-20
8.481493941515799e-17
5.709834587135927e-18
7.870380802424274e-12
7.578645839623973e-16
5.971795763532018e-16
2.3846469800322136e-25
4.068061653701434e-14
1.6255650682449405e-10
1.150169717937876e-19
4.119076103391813e-17
8.212610651537313e-13
2.0339888059685748e-13
8.620209193666535e-20
1.2931870939210281e-15
3.422244693830773e-08
1.825923683458563e-12
2.2957785473588096e-14
2.425131657788209e-09
3.5335097039972576e-13
3.7743949715049645e-19
7.078712590089923e-19
5.033239232618299e-12
4.752981560915269e-21
2.5216466724385123e-16
1.0157277731264e-26
1.3022087808806102e-12
1.209716716829454e-22
2.4027850204368483e-17
1.478359555992699e-14
8.82023253137755e-13
3.8191387076674827e-13
1.554316399495931e-19
4.8531427037574036e-11
2.6578577916838115e-15
9.644074872979851e-22
2.0752899072820137e-17
6.922523935265547e-07
4.4018442761300223e-17
2.6601702758929925e-15
1.8364002970735896e-22
3.648322676630761e-09
3.97904587629095e-11
2.9285912245762507e-10
1.5622073575375492e-13
1.6145344358612903e-13
2.544507462238543e-15
4.828081926458826e-19
1.9239052334947476e-12
3.700909484092384e-18
8.088078287450579e-13
1.3495393195943072e-18
1.5836104445494325e-15
2.2025338363052964e-34
7.955150263675269e-14
3.9402897511479396e-24
8.046845498416553e-09
1.0442231041075717e-11
2.0367525935463938e-15
4.1495271234318756e-14
3.2809798107219237e-07
1.5271945264207808e-16
2.6993991867883044e-14
2.070474766598677e-17
3.608796066209513e-19
6.962573369188695e-14
3.286091722566623e-16
2.046454831880195e-20
2.861290064636819e-11
3.6492219960562357e-06
1.210311742806179e-13
3.2403209903949643e-13
5.6519308107175956e-27
9.204337986269774e-18
6.353347182289014e-18
5.853733005734004e-14
1.0525275694626075e-11
3.904393005858765e-11
2.1905743204043574e-22
5.811013180110085e-16
1.226234044049712e-10
3.216591743111175e-08
2.5544338013932277e-29
4.384942280425014e-09
7.581981048164653e-09
3.312283750316742e-16
1.2517501443327432e-07
5.889795027529985e-11
3.453461996818641e-16
1.6706674043621624e-14
6.061674199592043e-19
1.3748705143531938e-35
1.7218534859826997e-12
9.674429473516607e-17
5.8077519798142195e-12
6.138846085772013e-17
5.225237690370097e-23
8.678468621079044e-29
4.423757489369811e-09
3.5197302860382317e-09
1.8713942299634536e-10
7.167785023910248e-17
1.207783399290088e-15
1.9092037431660598e-18
1.2056950965485278e-17
7.898423917208025e-11
5.490686258424105e-24
1.2814978866928665e-11
5.9157223335291174e-18
5.421300399670222e-28
9.57828664585125e-08
2.330485323730728e-13
1.4889621879004216e-26
5.319167966697131e-31
3.203434072961915e-18
1.1368159170698587e-20
3.5465100814541854e-20
1.078409943217237e-08
1.4279845910957972e-15
2.5823079074158546e-11
1.1022148706804834e-16
2.6807963540307535e-07
9.81013009581102e-14
2.5954218041114448e-12
4.10646602437886e-11
8.879168902403983e-26
4.7059004721736443e-23
5.722906518194503e-17
5.59415026750379e-16
2.387842656465791e-19
3.623177007933538e-07
8.459796555880831e-13
3.693391334651079e-07
7.803557309312223e-17
1.167300586260929e-13
8.211598276661012e-12
2.4468710813556416e-22
6.767688593000321e-14
4.793432639590592e-13
2.647700094204699e-21
1.844021486831695e-16
1.5928203653698493e-10
1.1584639648480205e-26
4.792828286252387e-15
2.662309436527196e-13
1.594400224049138e-15
4.423298725848572e-13
5.449316926106869e-19
3.4813036756539814e-22
4.626511061555283e-16
5.927530212632114e-12
1.1885791078450365e-12
1.585647892775542e-20
1.5637875311747595e-24
1.3765554376555186e-17
9.476627971964156e-19
5.200767497527666e-09
1.4576837981808964e-17
8.733749825029551e-19
4.272890682996043e-09
9.675754934639392e-09
1.8069922104452368e-08
4.143724268440043e-11
7.626360193537627e-13
1.6790485711087584e-11
5.9492560894067736e-18
2.276395464048774e-12
3.6267301855979026e-21
4.901931040757194e-06
9.580734521790836e-22
4.624080665599123e-24
3.815199982945565e-12
1.1511324489188018e-09
1.196605739100179e-18
2.2739181007378278e-10
9.525869213930733e-21
3.3644954248838173e-13
9.717548570973096e-16
2.0004329509496296e-10
3.7195960311691695e-14
3.793084361351907e-17
3.7933876514763174e-11
8.442972569500423e-13
2.8362279073189294e-23
3.9650367589103136e-18
2.996990492162634e-19
3.0060626358566314e-10
2.9773357281970136e-14
3.2863764743830256e-21
4.826233011263825e-14
2.7759835955206543e-11
2.5643538874513795e-24
1.0974909367061691e-13
2.2527723885296862e-18
1.5165600494445957e-08
2.702482131488995e-19
2.751519171519823e-15
4.021685122891301e-18
6.175513271105109e-14
1.5357347557700574e-13
4.772419159411526e-07
7.183509447968069e-17
1.801920258957573e-15
6.362291531952801e-13
6.250864545375493e-17
2.92911393398578e-07
1.7893544097685495e-13
3.8779972827751064e-16
9.884963717113818e-12
2.01488942073089e-10
7.147391287275337e-27
2.1790734318117998e-18
1.2885281454557859e-64
1.768328228468875e-15
2.308342268829066e-07
4.955365152971049e-05
4.9852935621293775e-12
1.7118538834217438e-20
9.255116747961592e-12
4.5966436595759907e-20
1.4769656845457841e-18
5.065936481521684e-09
4.458900756180224e-06
5.029039140723902e-15
2.6095406392930826e-12
1.0940130168791007e-18
1.2792312297745392e-18
7.568684492306029e-17
9.593875013927202e-08
5.015327222577269e-18
1.4527349958725275e-12
1.2191318993392089e-12
9.204298510960812e-18
1.3535289450663586e-17
1.4764352891772777e-19
1.1982858496929425e-13
2.4171377683493398e-15
8.161352734020115e-16
1.22142596352473e-06
2.1878086347037343e-12
4.087681530729116e-12
1.3771198872705088e-18
2.063710246724531e-12
1.9616750455618074e-12
1.4901180442995445e-31
2.210730954414043e-33
3.2644753196627475e-12
2.928915813791064e-14
2.3080042717035432e-14
3.190087163689015e-26
3.163842328073348e-13
2.4702788118138383e-15
1.1637031573485717e-18
3.464392137267169e-09
8.780358389155326e-14
1.7735594999603142e-11
2.4935681369410725e-10
2.5427620341914172e-08
3.8122014652067055e-18
0.00021532746776817095
5.452176690127235e-21
1.742293277117755e-14
3.525833025489618e-17
1.0289798395116504e-17
7.676684932102967e-24
2.462131493747112e-08
1.4198432044797896e-14
3.3962773323808016e-10
6.368203676199349e-12
3.938183176996012e-09
1.5335355174742947e-09
1.0816715202802036e-06
5.732492277301225e-20
3.5880878815618558e-09
3.78078318710379e-18
3.1044003921005883e-15
1.3359375578226308e-13
4.635831545702955e-06
1.2485440859567407e-20
3.941102667156437e-16
4.364555929288788e-12
2.6032719735428393e-13
3.9099407589479814e-23
8.70566956309997e-11
1.6909187403339733e-19
1.2383136197459279e-16
6.120523313053191e-12
2.1559011815185126e-15
6.832762016009206e-16
4.1040406180852383e-17
3.929667758858944e-11
3.0801594440533295e-13
1.3618833432701316e-26
2.9094091763480327e-24
1.9240729133995923e-14
2.554117087105938e-14
2.149267661769385e-13
1.7550364318503655e-18
3.598805983947043e-22
4.4626473446781786e-14
8.137691104265696e-17
1.0705609947150936e-21
6.711556496509294e-10
7.1924607964309365e-12
1.4273798172160747e-18
4.384551770460305e-18
1.1227419371266517e-16
1.5898918802051266e-12
2.8417621569109386e-14
3.7050804399157406e-09
7.51749236540511e-07
3.56032644362344e-13
2.260993528206487e-15
4.005535687533597e-15
1.981285835724748e-12
9.122295278298837e-21
7.104582880384181e-12
1.7128061053558955e-11
4.374647923527506e-18
1.9849034137795116e-09
1.491980435420789e-19
3.721708264734868e-12
1.0187485815639473e-16
3.5803370472939015e-14
6.455450674954566e-24
7.64713599592179e-19
1.4285632382838704e-10
5.776823708962448e-12
1.9763751143459864e-14
2.7759231212108023e-08
2.0887798520303458e-10
2.0435736383077556e-25
1.3995215406480914e-11
2.393455598399976e-10
5.6357591447412145e-19
3.2751546008470734e-13
2.0203048658521385e-09
1.4598738987506957e-20
7.660486627300942e-10
1.6330112385136903e-15
8.13571369803231e-12
3.7462188988379104e-10
9.149801748863555e-23
5.2712788408725016e-11
1.5881315902919214e-13
1.845249852677154e-09
1.1797898635493473e-15
6.0349212628796676e-21
2.2355522199982323e-26
5.984768910916782e-07
1.998397620221683e-12
3.902572073358506e-27
6.274211477742351e-19
5.7904132226481634e-11
2.5879713968202313e-17
4.284124716598713e-15
2.1210008847974915e-12
6.961894713808791e-11
2.86833177688401e-20
1.348304978738857e-11
4.306049150448495e-10
6.898568001020342e-17
2.985130130606367e-13
2.0998380736289116e-27
5.389880386899605e-17
3.150084099686699e-14
2.5472569240596705e-08
5.719394032313241e-13
3.0975929766932837e-10
2.7024098894526977e-08
7.783317226737516e-15
4.8668905955846354e-15
7.856681406406147e-14
1.5190143359999372e-15
1.2695094466037191e-21
2.031980132825889e-13
2.817292019469923e-17
2.4550401089808705e-21
2.6070500820090213e-18
1.2523389316815699e-11
1.6987757795810967e-14
2.4214261538340387e-10
6.668845358964885e-25
2.1179004097017276e-14
5.3250977212263096e-14
2.9036583165792375e-23
2.167215422950187e-13
1.571158716692553e-10
8.395304145659938e-12
4.425034153212776e-19
4.176353201969844e-23
4.900550363540853e-15
1.6545860425454893e-18
1.3786147681778461e-12
7.641312890396372e-13
1.6190388005928657e-07
3.196348938092119e-16
1.8801768006715747e-22
2.862003495648022e-23
8.817116876560487e-15
3.8828015844829755e-29
4.5741046888731e-14
7.157806504216647e-26
2.5976693780418426e-12
1.2355581376882241e-33
5.5506677778908296e-12
1.5835355094974814e-24
6.74537272778696e-20
7.148561028333255e-15
1.8545127744514343e-13
2.901706450029499e-14
1.2227245433807018e-16
1.3516810489307884e-10
1.72358235873168e-15
2.6890340803207507e-27
2.6749198180615892e-19
3.848312901079095e-23
1.167260312035458e-16
1.7769051184174186e-09
1.939072756646023e-07
1.5896384609367101e-09
2.8753716845284524e-24
2.2313329977654586e-15
1.9922676755088961e-22
1.2675220548719826e-35
3.3341429686258728e-21
1.5138255819562934e-14
1.881386154887956e-17
3.5460076660378227e-13
1.375035223576754e-30
8.551514540232817e-15
3.870442115081655e-16
7.776395376574585e-24
1.323623294464074e-18
2.7899728658448126e-15
9.7011379354244e-14
1.2789207560029278e-14
3.493255952233874e-16
2.1380896513716214e-14
7.093325786341433e-15
2.1680714562604367e-28
2.4973153745923673e-14
2.637245952317103e-16
3.1763100461461033e-21
2.5550201436273595e-10
4.701790004403553e-13
2.235266335703584e-22
8.29875219694834e-20
2.9181773195129795e-15
3.717046212865643e-10
1.4922091810287865e-25
1.680531924199009e-12
1.1740900269958087e-14
2.0247246607951585e-14
3.098475916336608e-14
2.280170542238007e-13
2.975738212341194e-21
2.7075852863637726e-07
3.499154894197711e-11
1.7982759118255565e-14
1.4024044418533121e-11
2.112332458445709e-19
1.7013283744414298e-15
4.508461331341051e-14
5.438320736655696e-15
2.3497489141570683e-10
2.65752209466823e-15
6.008208679421834e-15
4.657954493216849e-16
1.0955000409863867e-15
9.11053219649564e-24
7.387568765057866e-10
6.7079074508496324e-12
2.827019303549249e-26
4.190238588593017e-12
6.523120953439474e-40
6.793455305846063e-15
3.8663057707406514e-10
1.1250828741402483e-13
8.937956802450814e-13
7.33132556865323e-15
3.4576237455734704e-11
5.874274222760038e-24
1.3174785559052035e-13
2.5940414584971943e-06
3.443375600045881e-18
1.4496418957808351e-05
1.2325279295290854e-16
2.988241603665668e-08
7.790418247400114e-13
2.5299651190665882e-11
9.569001542994998e-18
1.647017018608084e-21
5.464171462284728e-20
8.793617649086995e-22
1.0205382968149687e-22
3.20135915942501e-14
1.2565390701955275e-08
9.217502286149317e-11
4.850988253977566e-20
6.2770530144576835e-18
5.857775228837932e-16
1.4164865753209974e-12
3.2828458333291094e-16
8.526683802084748e-11
4.95993503243982e-17
2.764900454647222e-14
2.6768581062357096e-16
2.162706518789122e-09
1.914641606589732e-10
6.930300624094988e-17
2.065953167807064e-12
2.6203718846832632e-11
1.3285688623899585e-21
3.0461971166914483e-10
2.061889293351818e-13
1.479756613580374e-13
7.052045311027529e-21
3.416303497189215e-24
2.9978450983008433e-21
3.890267019273583e-18
5.700999040003106e-23
1.019613122928967e-11
3.582559178806363e-19
3.5528341142248064e-25
5.680047073249461e-13
1.8891786044239388e-13
3.5725383736879444e-11
5.786279463032285e-14
1.149483527733489e-16
4.594428348485992e-15
2.8937714269768893e-19
6.175223083362892e-16
5.516958571304957e-27
4.7195120947375744e-21
7.950322192373585e-26
0.00011788831131893159
1.4785930487067619e-12
1.477952208668894e-10
7.335086844320025e-07
5.426411436900737e-16
1.4114031467532815e-18
4.480613118011848e-10
3.6144520667172206e-10
3.807350675623655e-12
8.077242744334129e-21
2.3566332568967496e-09
2.700853975744501e-16
3.7979613418240935e-27
2.5729776903321584e-15
4.5963285131798615e-19
1.5958072295984045e-22
2.790783375774143e-09
1.2207798763812015e-17
8.735693542823175e-18
9.234087585788251e-13
1.5798250761294759e-12
4.0263593964192535e-16
5.000579443760482e-15
4.2719468033995996e-19
2.305061791097657e-16
7.709505077220511e-12
2.1071228949783879e-13
1.518554687611625e-09
6.09193692135467e-14
1.1745540091098357e-15
9.334754617737015e-24
2.006519297421546e-18
5.684741507609972e-07
3.707938799912501e-21
2.5005687423575508e-17
3.9131053076433575e-12
1.9138242368687564e-13
1.5790622001614712e-13
3.862937323336932e-11
3.935024753993541e-12
7.423350055137743e-12
9.929974403694988e-14
8.19207723202862e-16
1.129775279111319e-23
9.465569929763305e-16
3.3038397991651765e-08
5.5756530358087615e-08
3.109161441223981e-09
2.3632571863056558e-20
5.1190124544350553e-17
3.712245034530111e-14
1.3580920594704717e-13
1.5671396130185669e-13
1.7354502459027123e-13
4.1768773781976604e-10
6.145966832627695e-14
2.5929594225118452e-08
2.0756505255095206e-18
2.106882413333991e-12
5.512408011771352e-20
1.2576137605183644e-14
9.053036642137582e-12
1.679436424997214e-12
2.0423600709098912e-18
1.310368886530734e-34
3.894638070507126e-09
2.250982154358754e-08
9.3403569555105e-16
2.5295369313250025e-17
1.0635718675655757e-11
6.938807022049376e-19
2.9490671876071913e-16
7.510378495242006e-17
2.986432797200399e-14
5.5578270864723374e-15
4.685900056885238e-17
4.200586163354388e-13
7.112595775192073e-15
1.390332799032172e-09
1.5561222748024332e-20
7.929194411051333e-16
2.936559873896798e-08
6.3065883064021455e-24
2.969536986288683e-17
8.551288696964632e-14
1.75724518835914e-16
1.6615258570727672e-09
4.3685534105532054e-21
1.8462145811637007e-12
2.0297452653360926e-18
7.65675956906545e-14
1.0147197094380855e-19
1.014606766127701e-13
3.3392908017969583e-09
3.036443996711536e-14
4.59447884787191e-17
3.43580647848319e-14
6.436901155642805e-12
4.764265104981066e-14
2.916931232273433e-14
9.469529194688929e-19
7.874973162576002e-14
5.044441557848651e-24
2.744530887712232e-20
3.8746161960417265e-22
1.6288900098938154e-14
5.600788015226295e-13
2.2247207381001473e-16
5.493213461743571e-11
2.540355450551109e-16
3.740215243916245e-12
9.716762668018054e-21
3.4022270357046896e-17
7.804692081422331e-18
1.9831695173264184e-12
1.011083122481099e-11
4.236300031683104e-09
9.18822589357399e-13
5.427859963810359e-15
8.737874449998436e-12
1.9170339468000997e-14
2.701637707113042e-14
3.221956871056527e-19
9.04341053201761e-23
4.115512607550339e-05
2.222878235338661e-19
2.5921094069130693e-11
3.965495919315265e-09
3.7956827873146307e-06
1.0488715765301344e-19
6.376492348942291e-18
4.4815039137742035e-21
1.184985685956274e-17
1.1523066340965985e-29
3.205568426005094e-12
3.1619249533074566e-14
2.73452344344232e-26
2.9015233899538947e-15
1.677426143474115e-23
2.3222710239239613e-17
6.388916269177543e-19
1.1582049027605443e-14
5.671799326710683e-15
3.30731447643411e-16
1.4687302313633128e-10
6.1281458237561105e-18
1.6871989225151588e-19
6.086079564277594e-14
6.606058804859812e-18
3.7464895521960344e-13
6.460041504682168e-21
6.460041504682168e-21
4.0072182561536844e-23
5.066598947866243e-19
2.5347632748828762e-14
8.966099909941273e-15
5.071558391394631e-19
6.639956999307294e-12
2.0157000568686312e-15
2.6144518321341654e-11
1.149443807853862e-22
2.3797681213659313e-06
8.63473510238019e-12
1.2645703151853129e-18
4.224974563972086e-13
2.7228695100308627e-14
1.2030197639439969e-17
5.035658089272647e-27
7.256387187576681e-11
9.990893895688708e-18
3.837387973343644e-15
6.55360531067686e-14
9.413126380668268e-15
4.749920509751262e-10
2.739204639658732e-12
1.092175754388182e-18
1.895923062045979e-14
1.1790792962314293e-13
8.389686386160226e-13
1.2270923048972912e-09
1.3727923705074961e-21
9.448776859760287e-10
3.5190934544875583e-12
9.624962454508768e-38
3.1274423520358814e-09
2.2584413597808397e-16
4.0797914995793027e-13
1.9541178186356184e-10
6.592768883368924e-21
1.1853892265185249e-11
4.467158768608807e-11
8.288942511198967e-20
6.530478961672139e-07
1.5737624875649496e-10
1.329837435625038e-08
7.331256578748955e-12
5.315671844310051e-15
1.0863660302300482e-12
4.965140526443081e-18
3.9577789972300304e-11
1.7522021742009316e-27
1.383736509420448e-12
3.613717425043683e-11
8.165230887869174e-17
3.189876515204813e-21
4.889221696351453e-19
1.4546155091683602e-17
3.6259766283350665e-18
3.915845919345008e-09
4.041399014818024e-24
1.1996950041358668e-16
1.307032275212825e-07
3.4901662709218955e-15
6.009808045190473e-12
2.73637412437358e-14
1.286588614976957e-19
2.1630228130555275e-12
5.152196670340621e-46
8.68001555567192e-10
2.929593816631861e-11
1.1209649803965058e-16
1.0279658222080798e-09
1.6282989261790117e-12
2.107401655960283e-18
2.7784387745043623e-22
9.923384431612876e-13
2.4351960220601387e-24
5.84896416716288e-14
8.988388857928913e-10
3.119327787568428e-14
1.8382052365276587e-15
4.0157381465488614e-05
8.748696869852518e-14
2.584174091744788e-12
1.1476662025965796e-12
2.320606108439886e-12
3.423359875221024e-16
9.376974427754754e-14
9.033248990207176e-08
1.3827926664412093e-15
5.2400137645223264e-06
2.0068673425959124e-12
1.1104017381988223e-06
1.2390964609228927e-10
1.1607731587611939e-15
1.1355934014815965e-18
1.509274407346271e-12
9.12033654226717e-12
1.8766038018897318e-06
8.849591183936771e-16
7.623043072686053e-12
3.4078896493342896e-13
2.208644951033629e-16
1.1597034858117743e-09
4.259025040663251e-15
1.1693718041716205e-09
2.4345502869740835e-20
7.916756572638195e-12
2.4507129012108696e-10
1.5983523138488354e-08
1.052294983553371e-09
2.5024937780964144e-13
9.438699053725777e-06
5.5388821811480946e-17
4.1147577988335617e-16
8.993668180309667e-16
5.8044889147214664e-11
3.443529291310458e-11
4.934198469700708e-08
2.7542541292074517e-15
7.483740884618711e-30
5.434040608269242e-15
1.815606306651087e-23
8.179316120866404e-11
2.4486695747361066e-16
1.2830789259810261e-11
3.6830213857073785e-26
3.8854383945647095e-19
4.568118877566388e-16
6.4658524868595e-21
2.526131391663126e-15
5.725786156733489e-24
3.62772271849329e-17
1.7415570228039124e-12
2.9254615732921397e-20
1.748850431199796e-19
7.506435239794337e-36
2.0274156837134306e-14
3.7015830278232932e-09
2.3743848955924192e-07
1.5576933294371978e-16
9.898481527642476e-26
5.591839881446003e-16
1.9828644576652862e-17
4.621372918367111e-25
1.5066275285391841e-18
9.848857877213304e-18
4.641553539733196e-09
4.3636091038233995e-27
2.1797066861794998e-11
4.221373335755808e-16
1.0080233992505786e-17
6.309139692893918e-14
9.904598599036282e-18
4.88874009817124e-16
7.254373864003725e-08
2.066041783951572e-11
4.2965253804708577e-10
2.017852723764195e-13
1.6795515465425077e-24
3.699988077999247e-07
1.282607488488253e-06
3.39719969928648e-16
1.1340251207857722e-15
5.43567355077564e-19
3.4146023691486e-20
1.266857027606757e-11
5.154962343954683e-12
2.8329990321691457e-15
1.3305313179077867e-17
1.3843766414740722e-15
4.592216152229729e-22
7.605802740482962e-16
2.9809776016368194e-16
3.571259946748349e-20
2.493916185665277e-06
2.1461923917393942e-10
7.582875137961365e-07
4.508659681956684e-17
4.600551294648446e-10
7.514422254393331e-13
5.402872963324682e-12
7.865725976226848e-15
2.1860302455070475e-14
5.147864874234433e-11
8.938510326369611e-30
1.0593044702275152e-10
1.7069391248968488e-16
9.42829869252432e-17
8.623412543370583e-19
7.672686237102663e-14
3.152052976837652e-16
7.214709474984611e-11
7.823807829527438e-14
2.3756371450742414e-09
1.4179284107614696e-20
3.78454366282993e-13
5.044703515083523e-16
6.26654798826343e-20
9.738340837073492e-10
4.963189544083265e-11
5.2801587561339427e-17
2.997546176951593e-13
8.592549045248113e-23
2.329794386289144e-14
9.270535386849584e-11
1.1550073081521695e-12
2.0018818762090589e-16
5.908105508743502e-16
9.475807198297651e-15
6.007195279509665e-18
2.211003961880409e-16
9.14857821828355e-08
3.001311820952434e-13
4.422328507467746e-11
1.427550667365666e-14
1.8290982236798174e-10
9.900539707415242e-17
3.71062127757554e-17
2.113682472138195e-15
3.6489756786813127e-10
1.8781279830628702e-16
3.1691324075946675e-09
8.59284466218453e-13
2.2363882749870587e-15
3.898594557194587e-11
3.6957576306745704e-16
8.386641032584843e-13
4.8496284021860766e-08
1.3404432198922295e-26
9.129232738310116e-14
1.2027236371308036e-23
3.9407882016102336e-13
4.227912916057148e-08
3.1188917966208633e-09
3.036974201393313e-09
7.372058461195385e-13
2.5955831646036916e-13
1.7915088689024064e-23
3.284623837535089e-15
1.7757533944116914e-14
1.0144635399536943e-19
4.0022651057323946e-15
4.148010529449488e-14
2.3201359886452925e-43
1.6639569046529192e-12
2.119269766529812e-09
8.967858145664702e-27
2.2849067295425822e-28
6.894560122143465e-11
8.921648557314597e-17
9.393459081758475e-17
2.7863694961776003e-21
1.578163964263275e-18
2.2160972586098482e-17
1.9571415106881785e-18
1.5065155589988153e-14
4.9822249943015116e-11
1.5631925099950406e-13
6.69759807707952e-22
5.986515746045496e-27
1.0485511522122908e-17
7.570439444193305e-16
2.128071861900268e-19
4.6279227959963037e-14
1.1429004300920105e-08
1.8168215481475588e-13
3.0919073836788986e-13
3.020423811626463e-17
5.852925688887821e-18
8.28243275624818e-16
5.4001043352724724e-11
3.907812808986512e-13
1.5593474420018506e-27
3.6538889732699224e-07
8.098249552434258e-32
3.339381781988635e-13
1.767944471400154e-13
1.8524574228448283e-12
1.8632815711865647e-13
4.3708725821363543e-13
2.8241422117719535e-09
4.8757373516717356e-08
2.6150564570456293e-13
8.100160752357593e-21
2.8152226899099255e-17
2.3411946590079665e-10
4.5592477070815626e-10
2.8479539860664165e-13
5.001051557695627e-08
2.710554742822776e-12
3.660166239015378e-19
1.2521303074958585e-10
1.3225979743315052e-25
1.3019176649651478e-11
2.1182497996448556e-16
7.892243054748486e-14
4.545234051951985e-16
4.6485092637622297e-10
2.5076914315995588e-21
6.686303906538616e-17
2.1364580767646727e-13
1.0169851587853156e-15
1.034096631435534e-11
7.129758113077834e-15
1.3358110287873418e-19
5.549536671781681e-21
2.8685252986704653e-12
2.002698528239381e-11
1.910097888934319e-09
1.0967902930729187e-19
4.1155791862190477e-16
4.871681405900675e-18
1.2208314472137355e-13
2.7420510188090384e-15
1.3037259514403705e-11
5.477001087346979e-18
3.610743105519881e-05
1.3248425568069863e-12
2.2522541094116617e-11
4.925671423065326e-11
7.283421318817207e-24
2.6059454678840796e-21
6.3043273261407804e-18
1.395984253397948e-17
3.0669531533728948e-15
4.1753427929096383e-10
3.769157306667651e-18
2.1565235595472518e-19
3.261443460619696e-21
1.8301825841691146e-10
1.5888754604228924e-18
2.997006096233966e-13
3.897887658730799e-22
1.5171932235807077e-13
6.726580766087618e-14
8.897907548714777e-15
6.891131469786746e-14
1.3107409501906636e-06
1.2371334828872106e-20
7.247130692522777e-12
8.251024507169907e-13
1.9930548960422476e-16
1.9959678128892834e-29
7.430799717466757e-18
2.4291364805921236e-10
3.5308150909523166e-15
1.2724225885356269e-15
2.0753063058473645e-21
1.4412161702997342e-16
1.732053660127123e-14
3.8989440042843526e-13
3.763560843963753e-14
5.38230941572884e-14
9.162311143385118e-06
2.2860352112199876e-19
1.6498763448890555e-08
2.004793032284794e-19
1.5019313449289475e-16
2.973855560190481e-30
7.320048812793969e-20
4.558102845138902e-16
1.1989077277305493e-15
3.1005155928652924e-20
6.955241528758059e-15
4.898067153812673e-13
4.645400055182473e-29
3.887662862927366e-15
1.576541835476764e-14
1.5697844084677363e-13
5.411404560960304e-08
4.655808632223214e-16
3.1375229351634244e-13
5.0368626346788325e-15
1.9622609807041286e-10
1.5138752764982083e-22
6.805476654248407e-16
8.098567947566605e-08
9.844312614412927e-25
1.5775970131168289e-15
1.6463063768184639e-12
1.3680581898584261e-12
2.9654035975621306e-11
1.73187809708907e-18
5.355131287449608e-18
5.2679433205057675e-15
1.5491548813927614e-09
1.901606525211393e-10
1.9333596016740304e-19
1.921951259684663e-15
1.5902531084767962e-11
6.531343296063627e-15
1.6710064286535783e-12
2.3672516407104633e-09
4.5042607562259435e-10
1.9481338154968525e-10
7.713548297307738e-13
1.229640327358368e-10
1.129048319467738e-23
1.4047667227135836e-15
3.2310971804362e-12
4.3650345587914145e-13
2.897901394403956e-14
8.746655764300646e-15
5.295728287247823e-18
9.597235082091891e-10
1.0889131615593574e-14
5.006174263237343e-18
1.931840479511225e-11
1.3774355950874742e-14
8.047532807180092e-14
5.97389200249981e-13
8.020479069063062e-21
7.556184745625698e-12
6.31584862154599e-10
7.986224022116249e-19
1.1745213974516031e-15
1.995552769566319e-15
8.653202435450179e-21
3.6854356481791824e-12
2.433260429025005e-15
9.971040686658681e-19
5.009670971304106e-16
2.2104597377953403e-12
7.975181346173528e-08
3.969365576558955e-20
2.2872608100595893e-17
2.9423036003024464e-17
5.589897264794428e-15
3.6846198469283204e-11
3.703337409391416e-18
1.7165036861543348e-12
2.2885675161933907e-05
2.4462174607542908e-17
1.1512061693893886e-14
3.716602216549887e-17
8.944279872729248e-16
2.595644439912023e-10
1.6617750330776664e-06
7.130907608955201e-22
1.511560564045747e-08
9.238954880252712e-16
4.776306305619776e-15
4.417305398754356e-14
2.1495889618391603e-15
3.9743963583964464e-16
4.232616344569803e-16
1.2317139364981827e-08
1.7369756422241385e-22
2.8657241915879248e-21
1.0030801210022898e-14
8.769115864664022e-18
9.043988829128234e-12
1.1686282234610177e-19
3.685382833339636e-15
6.242663287026672e-19
0.004284140319272378
1.329544671675754e-11
1.6034785883606492e-19
5.5310601107834546e-14
5.466134553278777e-10
1.3521046002506775e-15
2.680586016427579e-19
2.4697019834818162e-17
2.473869405421798e-16
7.243078846462902e-19
3.036894609650077e-19
2.9598519566222024e-07
2.944446729047808e-12
8.84870184259736e-19
1.707881006274392e-45
2.6322742504164823e-13
7.872039992425101e-13
9.303329043757236e-16
2.1177733743243014e-06
1.5528622621253033e-10
9.983062290805261e-16
2.6371033513433866e-11
6.448040891043172e-13
1.7997817300936839e-13
9.170865209185142e-10
1.1866409324218272e-11
6.383629639259274e-12
4.420264135886821e-12
7.039777793587316e-12
2.644769960829132e-21
3.261349607655439e-20
2.63360863518472e-16
2.8180755735845762e-11
5.932856442892013e-37
8.989166316146844e-15
1.1025036062069173e-11
1.0223965259953716e-30
2.381548992901418e-18
2.3683137733358668e-30
1.788555485283299e-27
8.004496805238023e-11
3.393941344028788e-09
3.5599497511422252e-12
3.254875384098931e-14
1.9722713356563505e-11
2.563710346385715e-22
5.463049972088407e-15
1.4283617251586347e-10
2.1270921050207136e-13
4.136040755826756e-20
1.1278899731971447e-17
5.6624489408310444e-08
1.592338735891554e-09
4.736425852366726e-13
2.9659454321347473e-19
5.898328006893904e-09
2.888869959314548e-11
2.9092086180631803e-21
1.7784341300690272e-09
6.264081369678744e-11
1.689300222103966e-14
3.203599204018062e-19
2.567975578229146e-13
2.9224106122983754e-13
3.2996743318184245e-07
7.474271912645872e-17
6.957013336359655e-25
1.927625396720325e-08
2.368743183319251e-13
1.547173282830328e-10
2.467588731318247e-07
5.403759655507908e-10
1.3809642463717665e-10
5.389461568715146e-13
1.9142113492494367e-09
5.920146545428042e-11
5.078374754744739e-11
1.1739873952424324e-12
7.681947990583811e-18
2.546160736380597e-19
1.3067788285356187e-05
4.1315594273538005e-10
7.462023528331594e-14
1.8877471178589287e-13
5.827294518118557e-05
1.1545485658467083e-24
2.2934252818627355e-14
1.8123316199787744e-10
1.6489086003986413e-15
2.267617117332116e-16
1.621917183050426e-13
9.611391880036645e-10
2.9113572974474947e-16
9.593750446384924e-14
1.7638076325627022e-10
6.995637739985888e-13
7.437816463157585e-16
7.354643308523384e-10
1.6975143752925027e-18
4.959068390984289e-16
2.3265760959366717e-11
3.6240990173533575e-16
5.460158620500594e-09
5.48300283947176e-19
1.376534676184221e-11
2.628237010823805e-09
1.5061015633519446e-12
6.789279779331009e-13
7.859192787000269e-20
2.2300847150683303e-14
2.077468318818319e-14
2.0523728743993776e-10
8.074178926630086e-12
1.467273167979382e-09
1.473232521113895e-17
5.2985915299851744e-12
1.0829296199367357e-13
1.0313390657726023e-27
1.492896366374753e-09
1.6480805635468637e-14
8.301067291077149e-13
2.3343660015162994e-13
2.0102523885129058e-16
2.2613537509970027e-35
3.925510864060648e-16
9.977413196006362e-18
1.5157935207363441e-06
2.1975890270071377e-14
5.200465312679185e-14
2.3966817133486142e-11
2.291083807707849e-11
2.7469057039006398e-21
1.287504664106706e-13
5.518950037538671e-06
2.675438109927223e-17
1.6559566280421136e-11
2.368130630209471e-08
7.339416045438757e-11
2.976863377076759e-16
5.62838707764188e-12
1.3750494929032598e-16
1.2514400748437244e-13
3.109736794830181e-20
1.1340891337197707e-26
1.581858457145257e-31
8.754403985700522e-18
2.91886905677125e-13
2.936824739332695e-09
1.613498146142785e-11
1.1838489621291684e-13
3.2895303712039166e-13
1.269463045974835e-14
9.60739016954411e-20
3.1755720261804275e-12
2.566306617651338e-05
7.50622707642333e-14
2.8407657497659823e-27
8.611962475068427e-11
5.87467325132936e-21
3.4253315677532614e-26
5.238456302773894e-15
3.0396587934091903e-16
1.2902467612037337e-11
1.6676547101790556e-12
2.8492035992145994e-15
2.8931215736742455e-16
3.4314112935697433e-13
8.461594559627104e-24
1.1473432387987026e-23
1.3563626746745883e-09
0.003049020024386062
1.0545740295469608e-05
5.49513876241219e-23
4.867635496080802e-14
2.5683292061667417e-10
1.8585225529365913e-14
9.358011810865585e-11
1.076353740980256e-17
4.684127302015076e-22
4.09723219548989e-08
2.1503132196430202e-17
3.8585343667675886e-14
1.6185463513468766e-16
8.109635630703112e-12
9.021664468233596e-07
3.7173784163209467e-13
3.3038775303214957e-12
1.8138788943930583e-12
3.059253712645623e-05
9.854142852228203e-14
6.9610216811514215e-15
6.156594824552234e-11
5.7454425769538114e-08
2.9120880015436797e-19
2.6966758249480928e-17
5.474734640687951e-19
2.6171497983146067e-19
2.0363684858056317e-22
3.170819384041827e-22
4.856724844761942e-07
3.3860993983687335e-21
3.608353705644368e-18
1.9034767167779467e-12
2.539235146354171e-19
2.9638017536643646e-13
4.703559634599049e-10
1.236413934256178e-10
9.445281976930578e-15
5.114622810175602e-17
2.605391734353492e-27
7.235738752485644e-23
7.960814314677917e-10
7.107970212300878e-26
1.545665229872381e-08
2.3415949305282013e-19
1.3992654581761656e-10
3.6573450375389775e-15
1.5583835832004674e-18
6.8328528903095104e-15
1.3004460815139812e-14
2.455586119030691e-16
2.99816666321179e-19
1.701321119287002e-32
1.375996264693858e-15
3.8981611222368214e-08
1.9960600327022982e-12
4.650468051629304e-16
2.372227866999492e-14
1.1275826407485188e-12
1.0322798836401035e-15
1.9487633902721147e-06
4.9916608973498157e-14
2.4744973438086624e-09
1.7650439109366984e-15
1.5656209173696052e-17
2.7720203596924215e-15
7.890986226668154e-19
6.790028374817424e-12
1.3003374512486502e-13
2.083777266375012e-19
7.324402203102328e-17
1.888697419616189e-20
2.1420846463638013e-10
1.8209330724559193e-10
5.473726397574668e-13
3.645788502828087e-13
1.6879730740878215e-08
1.18007504573148e-12
9.427793608279954e-33
2.0741360211079474e-22
5.197704381377823e-15
2.3774144502046445e-14
1.3877993395579424e-10
4.437564842614253e-12
7.778660990715644e-17
9.017832220896441e-17
2.062280121787202e-12
3.0395512950928778e-18
2.125541927866146e-22
2.1553308238076807e-19
3.703081976994914e-17
3.0058083159744772e-15
3.5936044447409756e-22
6.256538228357476e-13
3.331060934778807e-18
4.868602603223608e-27
2.6441408084852108e-17
2.7805069537827594e-16
2.489495225569386e-10
2.7111582072832924e-29
2.4875749709559606e-08
2.3794562272765906e-10
6.326372327650416e-18
7.015070410954061e-23
1.3055462710106996e-16
5.34389367723853e-20
7.87691661731581e-38
5.30200037805279e-10
3.617174096027771e-18
1.8676126048095249e-19
7.142226493636677e-21
2.3601718328394203e-07
2.1742747628282492e-14
1.3825992897521199e-13
7.422599529079135e-19
3.1207920720985705e-10
2.25104978986846e-09
7.013563316588678e-15
1.1320878494864152e-19
1.6309432888676444e-22
1.6615300777882546e-21
5.61870177016314e-21
5.081094423186217e-18
4.1125820500259266e-14
5.089799474574665e-16
6.29702372437578e-12
4.697612053822316e-12
3.963833756269398e-15
8.61357438894991e-22
3.266169244721304e-15
2.3109290089421906e-22
3.2321084122504115e-12
1.2103374617410643e-13
5.3669917730734665e-15
1.5496411956225501e-15
8.342631584971624e-07
5.860392819905668e-15
4.615364068148618e-15
1.0302293468575026e-11
7.36687293003072e-15
1.4547342621289154e-25
9.300883697853801e-13
3.520212770297126e-14
2.1018034529547433e-24
3.5642128773822885e-06
2.758332758807768e-11
4.3138481613252674e-10
3.9753473020289624e-10
2.746875738362864e-15
3.4936201262774064e-16
2.801586555635166e-18
8.05627272243266e-14
1.7278115390396516e-13
1.6990557799127923e-18
8.089415771430039e-11
1.8477542547365224e-26
4.616378065496713e-21
4.9174669008595106e-14
2.292633617035101e-19
4.967863630991475e-07
6.695333286323062e-13
2.5626044279975357e-11
2.8757590007774755e-14
7.537083868137673e-18
1.337977860475817e-14
1.618111303866015e-20
5.398068261170973e-15
8.06732584975327e-18
1.4803759414704096e-17
5.951077390671242e-14
5.151591020923958e-21
4.050682979936819e-22
3.7906672086882273e-13
3.1603284233105998e-16
1.6740639411813515e-14
2.630047673342124e-18
3.882888244538929e-13
1.4430002407491592e-16
2.6987545155927383e-14
2.552018060754137e-18
1.9795074686590621e-10
9.327236939338965e-15
6.548077236918281e-18
2.870595974288165e-15
2.666905884277856e-13
8.473487150308494e-22
1.3170455332576111e-14
1.6233068301546326e-07
1.8628882607958648e-22
2.0346557900725436e-18
2.2311269420172398e-15
5.2793404580807445e-11
4.359073250907574e-20
1.0570386030821547e-13
1.575921393210924e-06
2.440533427849183e-15
9.135281737234741e-35
6.0060674546916475e-15
4.979808101064449e-24
2.8282902056864135e-10
6.733902636044093e-12
2.353399855059489e-15
1.1239710301987456e-21
1.5822822211057844e-23
1.357719861701085e-10
2.1455120297799754e-21
1.6425189717489221e-16
8.902727082576585e-12
1.2475112310270836e-25
6.934346625051137e-14
1.222293379931403e-09
3.0484733668391793e-19
8.580938051417923e-24
5.526002889111528e-14
1.5282912607919435e-10
1.676973940097935e-17
6.642020870602065e-29
1.5040381514439578e-21
2.341843942012268e-17
1.2713092326620926e-10
5.710460643478057e-14
1.926637102241839e-15
3.629265590923606e-16
1.3580832067863597e-20
1.702613797571229e-05
2.0900176639210282e-08
2.66032467338944e-10
6.670550792401574e-15
8.641969285575112e-15
5.65244189275383e-08
1.1118624925725621e-14
4.530352604401488e-28
3.8422066049931427e-14
1.7858818074338363e-17
1.6327394746036707e-12
5.4819405967984555e-12
4.072164024912025e-12
2.07224132561149e-12
5.533168344512875e-17
9.526524636084465e-14
3.3518882590766174e-15
1.6547093136033095e-15
8.153237563080792e-16
8.68659379359054e-15
8.904899953690173e-16
1.0622910298312388e-07
9.304184838647162e-13
9.234941776768429e-17
6.236485090567041e-15
2.581828898418253e-11
1.7899026857832684e-17
1.0852457906049423e-20
3.3884553784732953e-16
4.4272602876205656e-18
2.3539053939299675e-13
3.327951771433032e-30
1.068735258029953e-17
1.145012177458532e-26
3.3900899371982235e-15
3.238380227744714e-16
3.3776313088255247e-15
3.4077300124605474e-12
6.085445852986567e-14
1.5844958788402596e-16
2.2215930541141212e-13
4.518130061990477e-16
1.4616488588128041e-12
1.7844130336667048e-22
2.655096607507645e-12
5.6371453985163185e-11
2.434537970573945e-12
1.1638736586813543e-18
5.580613676836884e-16
3.431569454877587e-18
5.264663037352527e-12
2.311462254876707e-08
1.835083790051103e-14
5.031459979817358e-20
1.8204434770980087e-19
5.754666079735819e-11
2.700650276413786e-11
2.2981580480069084e-15
2.13619075448899e-10
1.7122972643035898e-15
1.6162053143941176e-09
3.336148281260808e-32
1.3838877016573094e-16
1.6420129286153966e-17
1.594560968254742e-09
2.8365965863266244e-14
1.689326138407933e-16
3.017334040110267e-21
2.384478457008957e-05
2.6625295101360592e-09
1.635062470972004e-14
1.449263200059177e-19
3.8861506934232875e-22
2.4822256942801573e-14
3.035528679221522e-19
1.13146689269904e-06
4.94146138088852e-18
5.612485991249138e-18
1.8038961091209627e-14
1.7621386749524427e-11
3.077423552191872e-16
1.2660176583420013e-14
1.2078305214768455e-24
1.878852104020314e-12
2.4347519203538158e-17
2.4853690958504176e-11
4.8626964426513515e-23
1.9851512224339158e-11
1.3027878754474576e-14
5.010156741753327e-16
5.761279982742994e-17
4.1367169727413316e-10
9.659380816490248e-16
3.7330937350491496e-11
5.125008065091837e-10
8.032543363844391e-12
5.7924182884578836e-08
5.501221501437942e-07
9.108261855857164e-18
3.3913713999909244e-12
8.730908381467646e-12
4.3552035037294e-15
9.521605111107451e-16
9.091152245606282e-12
3.376937820194178e-07
4.651654598314589e-16
2.2632729186361186e-08
1.4337719458528966e-14
2.936603868750229e-24
1.588628863081833e-12
9.108758351898741e-28
1.0291074524800855e-17
7.039908343732057e-15
1.4164083090739178e-07
2.2768797150384105e-15
3.677183448747034e-14
2.155838018660645e-31
3.451389453033378e-26
4.800666974484456e-15
5.250236385646071e-16
2.7105940144337794e-79
9.811965840386396e-09
5.942296712618912e-12
2.5699268519118283e-08
8.70930397601217e-27
1.4889495129740737e-10
1.9376760829246347e-12
4.754045233422164e-24
1.0955322925326359e-18
1.123635223837294e-15
1.1373791437309953e-17
1.2345466773649737e-12
5.69115772006977e-20
2.279247252453504e-15
3.00011505124888e-12
7.488665398269646e-17
5.794355376260615e-14
2.2878935010953194e-20
4.332492109613183e-07
8.105485460301263e-21
3.9638537861611315e-15
1.5045612609800414e-14
8.616670072707061e-10
5.818937697428617e-10
2.922026456693469e-19
1.912076638483616e-16
2.4813963817601294e-13
1.6364785808230892e-13
3.6366585093181706e-10
5.108093799044952e-12
7.239368826058879e-20
1.632903422933768e-38
2.5918825869693888e-20
8.532021621870686e-20
1.4558316815293768e-15
1.445620640923848e-24
6.694623778289489e-18
8.7090870654292e-22
4.1469096735578105e-17
1.476108023136582e-20
1.7388375510721326e-07
1.1461935285997683e-10
8.15912991698496e-17
4.256342736336963e-17
4.104662084769706e-28
2.300969950775165e-14
2.8289090436458007e-11
1.667195024101274e-10
5.823440620588015e-10
2.677207650764846e-16
9.827616355580384e-22
4.0137888619214484e-19
4.130904805452461e-17
1.2117606950869277e-19
1.9624960973639632e-16
1.342343436823354e-09
1.813381400302924e-18
7.174743171375108e-26
6.458764414414087e-19
1.117661931487322e-07
1.40493459133097e-11
1.8384946020941482e-19
4.976998987650871e-08
2.1445324355837671e-13
2.1571993144946632e-11
1.9037189292918058e-10
2.0342563358701758e-11
3.479636339037849e-14
5.6835867387888625e-14
5.178306460014865e-18
3.5002006941049022e-06
3.827822945232027e-18
2.0704474431463023e-15
2.5805788598462056e-10
6.75560809283437e-19
2.4157984422117782e-11
2.5038720432918924e-13
3.735549802651275e-17
7.923364447149936e-13
1.6104086110265376e-14
7.98667675038244e-12
1.5806486849735901e-09
4.460883020160012e-08
3.1561981808011413e-16
1.0292053165176615e-13
3.062426336123387e-14
1.7079190873102843e-14
5.713068086385243e-17
3.3291875751307196e-09
7.787552493565454e-09
1.8589554104825442e-12
7.100978309432649e-21
8.009876898233422e-15
6.475281349552965e-12
2.2714769223899072e-09
2.4526970225771348e-17
2.3148280969196217e-19
3.563969375410179e-24
1.6538879852372877e-20
1.514223956727924e-15
1.6158026822566744e-22
2.389313157274483e-13
2.6425533226808772e-14
1.4016394297823153e-09
3.143866711220036e-29
6.304989700831547e-14
3.089530230784752e-23
8.1124184458547855e-16
9.946994800008181e-10
5.870093438217395e-14
1.2716194978410615e-22
6.232712041906715e-08
4.005438804501746e-14
3.641324828829206e-21
1.3292692988770894e-10
7.228064240017793e-15
8.167665985661461e-25
2.0526336126848026e-15
7.000268780592818e-16
1.281433699284345e-26
1.6817761359206974e-13
1.6825752475421657e-22
1.3363410954406537e-12
4.9346879042911676e-15
3.70577449988758e-14
1.2482189960922792e-22
8.382457446897652e-15
2.263538188222533e-12
4.275102657789946e-17
1.474947292196907e-17
9.921641084728892e-09
1.9218046701797093e-19
4.592269836519191e-12
2.7181208752240423e-13
5.094554702204967e-16
1.0066844418794684e-10
1.8240950752718456e-19
2.7709528140965808e-15
1.5460758616309248e-16
4.737234134678262e-25
4.045694943888078e-25
2.7509688859466194e-14
8.56126755984097e-17
7.509784697187005e-09
2.262977858005289e-15
2.506738937870678e-15
3.657138502971391e-22
1.213760639116165e-15
2.960456476763592e-14
1.4732384551979728e-16
1.355255986001685e-20
1.463852059919416e-26
7.206799831158469e-21
5.016094401157197e-08
6.151618988167854e-13
6.315200871019096e-17
5.797711356781344e-13
1.1083969958380617e-11
1.9613127978115466e-16
4.121078366574981e-11
5.634794696807387e-17
1.483512544886338e-20
7.094831286438099e-13
3.2556109838940423e-13
5.9395087022540295e-18
3.5679180943559012e-12
1.5926897771110707e-10
2.919950650278459e-25
5.769293796658616e-17
8.464108808006943e-10
2.7095283825447392e-18
1.1304157256476023e-15
1.8781673988900664e-15
9.016761191808915e-21
8.612514711411135e-12
1.1675243916138485e-14
7.865865477118903e-15
4.485587570514407e-06
1.1748028129790708e-14
2.3098365884013316e-24
4.0137624928899137e-13
3.2448630128341767e-15
3.8958104922037306e-07
4.5387652021398046e-21
4.959801984211349e-13
2.5832150401442203e-29
6.58840903517981e-26
2.2737677306891366e-16
3.2866196389063394e-22
1.4633638971618428e-06
3.1466945078545317e-15
1.8576361766282192e-10
5.723689546220186e-08
1.9515119802317137e-22
3.544736022446934e-16
5.797617117296619e-12
2.0271837480350075e-13
5.372025623053119e-23
4.992329682273461e-22
1.77756866455093e-14
5.337428855456699e-15
4.130202015327832e-15
7.81313387572551e-25
7.056493563560466e-14
1.4428061885371712e-18
2.2173065011941148e-12
2.442106618110277e-14
7.5952164989971e-15
2.813110742164895e-09
1.8253527728456144e-15
7.693338092476926e-14
6.984557224249557e-14
4.2368274753609e-13
4.1349699774399247e-16
2.0727339653833346e-16
2.694406248499848e-15
5.945744913659209e-12
7.610952955753285e-17
4.111238866411605e-20
2.117991817161757e-17
1.958311113317531e-14
3.2268273446426e-18
3.8145344238289194e-41
3.123111459329377e-14
1.3040049326605299e-06
4.999825610273832e-11
3.647418168514899e-12
2.9235305124271367e-13
4.928023570274268e-30
2.2476799951694466e-18
2.846592759953622e-11
2.149494044832855e-09
1.388022807831471e-15
4.751053960518192e-30
2.067993911222024e-13
3.60526369161222e-14
6.828056607925796e-16
9.449576233720347e-08
1.6646080043327508e-30
3.131647147260468e-18
2.3169620632385504e-14
3.044329136861074e-09
2.2468217252577258e-15
8.061704273949424e-07
3.134669705487413e-14
5.768555053891945e-10
1.7569074537723943e-23
2.2082833777791906e-07
8.800018599604473e-12
1.250929275676806e-12
2.3290904737541842e-23
9.479942343862893e-18
9.412359959715023e-16
1.7194856630736114e-13
2.107040213471285e-07
1.1849743389202037e-21
2.754481771557569e-20
2.1912601146604837e-09
8.171648051910759e-13
4.641549984050327e-07
5.864733089060209e-15
1.476800572297895e-13
7.170478409218827e-15
2.1402491201997112e-29
5.419323262569567e-20
7.3515273950079776e-09
8.50360600408035e-09
4.3385690658971956e-17
4.476181097593002e-16
1.7300816860615574e-14
5.184364089898197e-20
6.060229522307813e-10
3.735536158916887e-12
2.055093790667989e-20
6.181269724499477e-13
8.945442962875219e-14
2.519605345015889e-24
2.7931412374455457e-12
3.303069586859045e-11
6.831855747321e-11
3.170627112349151e-10
1.332868096400164e-10
4.855010375477101e-09
7.612320116021657e-16
4.2445179545315075e-09
1.9611636954142687e-06
2.5858737922115325e-16
6.625628563472625e-10
2.036064024634445e-15
1.0026904921272934e-18
6.287439494667684e-14
3.255243608867808e-12
6.508674106657358e-17
3.6125136243910476e-12
3.108102576035643e-12
1.597589960772427e-28
8.652673241777853e-10
3.998609819239237e-29
6.53740117749087e-26
1.1126940196001052e-17
3.890242633688175e-18
8.385359279821825e-18
4.230301919578571e-12
1.1696694513847464e-39
7.187854608992217e-16
3.9440447413446886e-13
4.233913554093609e-08
2.8692286419595486e-13
2.2457504300014832e-09
2.592611205157334e-15
1.6850239754010548e-13
3.810363924073203e-14
5.628246212735243e-08
1.015441318312787e-13
9.650722788227721e-13
3.751841218085832e-27
1.3845229270917365e-19
1.9846975100570337e-17
1.7208627704550945e-15
8.519912189176002e-12
1.5316987130017442e-18
2.123553010832878e-07
3.8181359481150126e-08
1.0619668338301459e-20
3.6457174859132336e-15
3.654972170009052e-12
1.803489408419928e-13
3.800432948703524e-14
4.241489623180645e-16
1.2401477436798518e-29
1.5559029217126778e-09
3.557351026629696e-25
2.7015144570867216e-16
6.550465350416167e-13
1.3498840329192367e-13
1.223484412663759e-12
4.5707447327419e-14
3.717652566129809e-11
9.096263246821115e-22
3.19526702474784e-13
1.609750435598984e-12
3.147123011087522e-17
4.262253650309613e-11
6.001472154800563e-10
2.718406290959902e-22
1.3219351585284836e-16
1.3860810066157994e-23
8.329650798406022e-14
1.0194050711158067e-14
3.6550360923438945e-22
2.0039987656620808e-15
6.127897587406672e-13
1.1312406275301381e-15
8.026112420625702e-17
4.272262821303444e-16
8.640183999903347e-18
5.8958230185063065e-18
1.3465541391234093e-24
9.226170117434921e-12
1.535337542475536e-06
4.957225124331984e-17
5.63767621792617e-13
7.642193395271326e-18
3.2404082711758686e-12
7.006405158699156e-19
2.5800369011111384e-14
2.468250901482721e-16
1.3029298065284298e-12
3.627535357862835e-17
9.370919563395847e-12
1.483088546016851e-06
4.782905315901272e-15
5.313169188463598e-23
1.7119086840475318e-14
1.9643506419157632e-17
1.1157246244885878e-17
1.042247676084801e-15
1.7283136459103358e-15
3.827997920751841e-12
5.13010226115468e-13
1.1705502554719988e-15
3.5023360618531434e-13
9.659119721338324e-21
8.435175639223036e-15
2.710520982328168e-10
1.2427759987143913e-14
5.421818427358135e-18
1.1624127086062297e-10
1.4560037491827975e-08
1.1976623504220658e-10
7.013191686457864e-18
8.41551304678351e-07
5.622194893464419e-15
5.854765654002053e-14
1.4858526789157698e-20
4.487422781963668e-17
4.44472875337652e-07
4.4799940900144885e-17
1.3237648867699258e-07
5.163829118957248e-21
1.310950032954818e-11
1.4183147559892832e-12
7.130297351183254e-14
3.2878235538359746e-15
6.300137188182844e-36
1.2861447662473577e-11
1.5404266671420811e-19
4.1840333180085646e-13
3.0804519519108644e-13
6.472678751062742e-22
3.172791285299362e-16
1.992921527314738e-13
1.488221902772798e-14
2.369880215136828e-14
2.7004348084246226e-15
6.429193610386149e-06
1.7042677648967854e-13
4.441238760099528e-13
5.600522016713948e-13
6.037904192657743e-10
3.0540709831812275e-18
3.964547352136896e-17
7.397501853235737e-17
5.782866719966282e-18
1.091388422263152e-11
3.313830702310355e-13
1.0837707777868533e-20
9.80373806606315e-20
4.418428627288056e-28
2.6062105686749436e-12
4.262734105427293e-18
5.191141025503452e-10
7.854671448254644e-19
1.4179455425045732e-13
4.1972299558674034e-18
3.0579766943043685e-11
1.5381891615744166e-08
8.767767250005968e-16
9.81932823258957e-08
7.939690153673515e-16
5.360462602499365e-23
8.80706985238727e-22
3.623189513217977e-15
6.271737946760833e-10
1.396935306167614e-12
2.4415106126769666e-18
3.923666877459541e-18
3.1167777854089594e-10
5.812929748577203e-14
8.242184541168002e-23
8.977057957938586e-15
1.0876303148371575e-12
1.54180302348972e-19
1.298368861338623e-16
3.9291449950834544e-24
6.574095617956116e-12
9.653930818883061e-13
1.982658903530826e-16
4.168185598958192e-28
2.4892662961136677e-13
8.059522350938151e-16
3.493069469448958e-12
1.1091018835618044e-13
5.324922766642862e-14
5.520091075535795e-14
2.3400556470350186e-13
3.927862468306244e-45
1.1366580570617953e-10
1.8371691593645375e-14
2.620134445148805e-11
1.243360189990893e-15
1.3569422487787723e-10
4.685088995270412e-16
1.7281814787431292e-12
1.924341210928991e-23
1.4769598714538274e-20
9.003346643424324e-13
1.6003699778256165e-13
1.066314888403092e-06
4.255424782898851e-12
7.14998839976637e-23
3.654950748804682e-18
3.163943652573029e-13
7.722839646227479e-11
1.241745278130763e-08
1.381806995920332e-44
1.0047655768355612e-26
4.722738734085576e-14
3.470755013827122e-11
3.274495918234389e-28
2.6552417715282805e-16
6.276414236445037e-09
8.693883229793107e-06
3.3081629112433595e-13
3.052748046055075e-18
1.5541105390798345e-07
3.840470380040487e-12
6.856234207498976e-22
6.628063603057979e-13
3.348084872488616e-14
1.2448113756174722e-08
2.8566563188398764e-17
2.7379974403034915e-18
6.286559601002694e-18
4.714760564536097e-14
1.4202611136146215e-16
1.2499806792989995e-18
4.678525168688904e-15
9.393273144776235e-11
3.1692564447122727e-19
6.895667728087937e-32
1.8486540671872635e-28
5.148364422090931e-12
1.850370582653775e-08
8.042166392088268e-06
1.5595567053564087e-05
9.68600236467552e-13
4.76178355450586e-16
1.450913300622988e-17
2.1045309427774737e-15
1.10064713353668e-15
4.220215671553573e-18
2.75333669916151e-16
2.5498334997635716e-05
5.007537581250082e-15
1.2389905931289252e-19
6.851708002542164e-16
1.2240475348940523e-13
3.709907083798241e-13
3.3450987916183533e-11
9.457033737300317e-07
4.699505469857791e-12
1.326272469393016e-18
2.2023015928323496e-17
2.4361473053554697e-22
1.5226654528496205e-20
1.0884612810714963e-21
3.255315366055602e-19
8.082753394456626e-14
2.704895239320223e-06
9.910058980312634e-16
6.790588609563875e-24
1.3145089598062456e-12
1.2795429043013602e-18
7.08836789769484e-12
1.2018418414238066e-10
1.1052182877165827e-16
9.179729167178806e-17
4.878169938591776e-20
1.0756474795209598e-24
1.0634451560189157e-24
1.0760492010878488e-10
6.168975697026925e-14
9.969451390942449e-14
4.25679652798873e-16
4.5867781008263034e-14
1.2042237919835321e-22
1.446281918158649e-07
7.081527273018397e-10
4.7690031493007263e-17
9.30859392177407e-09
2.7825867087531444e-09
4.7458857716941126e-17
1.161656732124722e-14
3.8650705144373486e-05
1.2539466880030238e-14
5.08678688302129e-21
8.450956322280099e-16
1.9291186469100847e-18
9.731782351663847e-15
1.3876285070287496e-16
5.077231701597782e-10
2.813643274413336e-16
3.197997544973943e-10
1.9112566157101534e-17
9.573667855379534e-05
4.178249071765046e-20
3.464468715673476e-16
1.4144554788239767e-09
1.322254110445461e-12
1.730087527412532e-20
3.3253236988696427e-10
6.94564588474129e-11
6.5337213467049596e-24
6.122037406721171e-17
2.138947785896097e-14
4.077259255629243e-15
2.0575152488809833e-09
4.923580168279914e-31
1.1546227969755107e-10
2.028424422349102e-35
4.098715383979655e-12
3.4930426701194567e-09
8.69846592252291e-14
1.9014249505220458e-16
3.23538504630895e-17
6.30354918087775e-26
1.3699052022919422e-22
8.788029434844676e-18
9.832522858387976e-14
2.3269737783738106e-19
1.386474175890576e-12
1.870167446655085e-11
6.143585201005618e-21
8.366500328686882e-08
5.385548932169193e-15
1.646089469669245e-25
2.3673342964742283e-09
1.7848601436005598e-09
1.3718613228189028e-12
1.2018924439771974e-27
8.345760513100824e-11
1.1080318831122496e-18
1.032554539056174e-14
7.361239078831951e-11
2.010928141660363e-13
6.888144776238386e-10
2.615982618899886e-15
1.8338573407566577e-20
2.9241774265833775e-12
1.1266075711500057e-14
1.8895445232562733e-05
4.61215883473128e-22
2.054432688123136e-20
4.1539970458943375e-16
4.2701428228816816e-11
6.046005467670077e-19
5.4540828866231625e-12
1.3395177843662597e-18
3.2146193463533992e-12
7.850487886643291e-21
6.451169778226352e-23
3.414125672060529e-11
2.3012310822574436e-07
2.1595249223985167e-12
1.901846508092507e-18
2.586765202123449e-21
2.4402943158805466e-12
4.462921341225016e-19
6.499978482828882e-28
1.2856189861559305e-15
2.2518167723110865e-22
1.3657936429866263e-12
1.3007867020741295e-10
1.5136591267256706e-07
1.5271550836032318e-19
3.1058407396811038e-09
2.0032808417365164e-21
1.4926545800100053e-13
1.48745506491543e-11
1.01183008199923e-23
2.4964959421054884e-11
1.417925975890144e-16
5.755642377016143e-21
1.2628878546446039e-15
1.4384642739115574e-13
2.9961314071469496e-12
4.333335108778585e-24
1.083262550127209e-13
9.05923053432508e-09
2.0000820113019262e-22
1.089692345780253e-14
7.667618382772815e-18
1.690059929586332e-06
6.062350985530754e-10
3.739212043784982e-09
6.955738926574574e-14
2.3827822006878473e-12
3.348816908153363e-17
8.455810336677488e-09
1.3503528471219236e-15
1.6604551341864886e-26
2.1246528745831677e-14
1.4511869492873057e-19
6.5133170093046196e-15
8.892297378018432e-19
3.2483992792863664e-17
5.657364150738397e-08
1.57481258505102e-10
8.29609465620713e-09
4.2540725292058884e-14
5.479107855553999e-08
3.61674952274418e-16
3.437465298974448e-17
4.809275623186619e-15
2.41763621896199e-28
1.1909530307164318e-20
2.0655609260116807e-16
5.304351029950696e-12
2.5341234703860052e-14
9.260281354524398e-31
8.682421028363994e-16
3.3664127199261136e-18
1.987401272713523e-11
9.315295042680828e-12
3.2948144169735128e-09
2.8695293914822375e-11
1.0323657425059322e-09
7.476277749235656e-12
2.898107527302922e-23
2.24063683889304e-12
6.572807262516369e-08
5.320255169581516e-18
2.2518118175028775e-14
6.898247202511407e-17
2.9909108894357164e-11
2.453974743954675e-22
2.056263517224287e-23
1.3057830295650664e-16
1.0417402965221834e-20
6.129913019400202e-18
3.6038142349977903e-09
5.435931252186638e-13
1.066116954476499e-11
5.922547682405281e-14
1.2541098593886528e-13
7.356292392004614e-14
1.8901032256504678e-13
2.2635709236988024e-13
3.3351729792893154e-18
1.6602326455349833e-14
1.0529863528270467e-13
1.89936122788612e-08
2.4651375282959633e-19
2.395012876411223e-16
8.924819958870614e-09
1.6378968147853106e-19
2.0539107998981012e-05
3.4101113140492685e-17
2.707001631830714e-16
1.0367711492546567e-18
1.5324836800766331e-10
5.302126376948581e-16
2.7016096846713776e-10
2.128986686992612e-40
2.29879840980126e-15
1.9485749604822604e-06
6.711967256444771e-40
1.0906146893827211e-11
1.3759965158204811e-13
2.6231430989520476e-12
2.8153728122646732e-14
2.8009979847801194e-16
5.066803638721739e-19
2.218840001660178e-10
7.063513457251405e-15
1.1048692814093316e-13
7.597105234500733e-13
6.753440268836451e-17
9.562648645533596e-15
3.988295851760838e-17
1.3164528495924094e-29
3.8708111301294624e-14
1.5957532879555856e-20
9.828383492693353e-15
5.772232595896738e-37
1.2856359614730718e-11
1.1777290233873144e-18
5.884835508346645e-18
3.5353274163041555e-22
1.079223470755432e-15
6.087935088212796e-07
5.038452626793043e-13
1.2648015986022609e-11
1.7331117924807362e-24
2.778272951505271e-26
4.819473418246307e-15
1.590970363892272e-12
7.784702638886668e-14
6.137672601459961e-32
1.239267917089922e-14
6.61569584912653e-15
9.904549820810502e-10
1.572669683512052e-16
4.477781066585671e-14
1.5051184174969167e-12
9.769942621717216e-14
1.1336268920313128e-16
2.486537046695267e-10
2.836004639664971e-16
3.820757337771021e-19
3.3374722820228225e-10
9.533773176401064e-12
5.702890064806722e-28
2.804409759309326e-16
1.0227776958548924e-12
5.125050817603776e-13
2.405288418495874e-24
1.949889987981422e-16
9.109026020627735e-18
2.2769027838049806e-17
6.203544059510048e-10
1.231707311337594e-13
6.364631169997138e-15
2.747101787385355e-19
3.507562880040213e-18
6.372630149153093e-17
4.226422177235626e-15
3.0470900830990904e-13
2.132879538375259e-17
2.7462776336819567e-18
2.647641249068079e-12
4.4154164914715485e-17
2.396431748790967e-14
1.1306564252928045e-16
4.2268483249014287e-11
1.1796663530405693e-19
8.167559253219604e-26
2.9987242120345976e-16
1.3053105805948088e-11
5.3189151543196164e-14
2.1972802428192493e-29
3.4238795465031e-12
2.1443103210213438e-17
4.6636347440886994e-14
5.2676191442157966e-05
9.706490819218301e-16
6.831752100709709e-18
3.0308962106335607e-14
2.098094946099155e-15
2.2928738639480526e-07
6.327263088108147e-09
3.3984989755602885e-16
6.090121484100818e-20
1.255267806777267e-15
1.7238339434412275e-11
3.0212009685743194e-15
3.7182382810449024e-13
1.447632090677449e-09
3.1133364500916436e-13
5.278524543322943e-16
9.951765195409614e-10
5.484684979688075e-14
2.230525060766216e-15
9.997650274406215e-17
3.4024676898008136e-14
3.599637493729709e-11
2.4249173201414077e-16
6.605277643444056e-14
1.3942538636184658e-11
2.0880891463352446e-15
1.780321049747793e-11
3.3297069673789934e-17
1.4408713278778375e-12
3.778472938064624e-13
3.160401659244367e-14
3.8211878457643333e-22
2.815642539639087e-20
7.623649124817937e-29
0.00023737438528445313
4.119080376202921e-15
7.396276110729863e-17
3.1874046230563253e-13
4.695856190557863e-18
3.0899850450908197e-25
1.136650696654541e-13
2.214164252562875e-22
3.604261469358974e-13
3.905222127070142e-12
2.39902908689238e-16
1.1192792068133024e-06
9.281577730852567e-11
9.989308587805792e-14
1.704323896140723e-12
9.993226045469782e-19
1.1234011480791696e-19
1.2545273363000536e-22
5.7082161227004176e-12
3.699409987110882e-15
1.117393249898621e-09
4.3466216788304695e-22
1.3026695413768505e-13
5.624791974047455e-13
2.076565017570902e-14
1.626730974409364e-08
6.315762181442387e-14
2.9323022837535044e-12
3.846000114583837e-12
1.543035667521923e-20
2.7587627791287678e-21
8.042939101770749e-13
2.918223444336434e-11
1.7487671168906319e-13
1.519651727065875e-10
5.0510006057075664e-17
3.587409958748476e-19
1.613926741331448e-11
8.104366541653454e-13
4.347361008388916e-16
1.4460418560537772e-10
1.13152014998033e-14
2.576501271212666e-13
2.0451521427214712e-10
3.8940550824712027e-16
4.298173837667152e-13
2.753297119144765e-12
1.0486611139962787e-13
6.528149780861356e-10
1.3131068978302588e-13
5.151036272259274e-15
1.6126255578281843e-31
1.7234200595031455e-14
3.4343735033677917e-09
2.384673269720111e-13
1.520847632865785e-20
1.2774592892532627e-06
1.6859511002387478e-12
4.619016039167999e-19
2.758975332830662e-16
1.009800220032795e-12
1.0505460761053565e-23
1.2657506827931648e-09
7.059556513681829e-18
1.4169691201505754e-12
5.513487050894322e-10
2.3775511905134914e-09
8.579861703557037e-14
2.6079507699326146e-16
3.2713920159057084e-09
9.778267523535698e-21
1.38303636659974e-15
5.571302447868071e-17
1.0969384252873775e-12
4.0361140989085e-12
8.96308569093217e-14
2.5351330796695578e-17
8.782078174757733e-29
2.770664802906668e-10
4.643694338833853e-22
7.352280234052601e-08
6.630245736113368e-23
9.959194352842793e-12
1.4551368488598798e-13
1.1029572625096653e-11
1.454282046436222e-19
2.2705353971932586e-12
2.1852749739337305e-26
1.1827263687108819e-12
1.9588125602082596e-20
2.5983281845071927e-14
1.2083116818150833e-18
6.240978313827417e-21
2.1345964673822488e-12
3.5678490024448693e-16
7.311695605911482e-15
1.4984688031309535e-16
1.0373790961874408e-11
5.344527375594454e-18
6.12344164210828e-16
6.8881144014380255e-06
4.409763059705615e-15
5.5962038469286695e-18
2.6269549289150114e-20
3.872694245862528e-21
1.193869442819807e-22
1.447632090677449e-09
6.985898465238224e-15
5.256440398207789e-16
7.0880135992980664e-12
6.231740169185483e-15
1.593102921454694e-16
4.447778810390727e-20
2.248206571465393e-15
1.5220606059599972e-10
1.5178805500040864e-07
6.65787588231984e-11
4.017485520049688e-13
1.0777240001578226e-15
2.1027572057669274e-14
5.846001987945824e-11
6.647455898476681e-12
2.50400043899146e-15
3.4891105166527725e-19
5.969887565887946e-13
9.093473229225166e-14
9.01820520947602e-15
2.0166548503548968e-25
6.554371867904686e-11
2.9917092161506517e-24
1.8666007485321492e-10
9.342070288244399e-20
1.4411079897628224e-12
1.2462747400944887e-13
2.8690488601892065e-07
3.9626801699873545e-24
3.7819908766514625e-19
1.5506930355947893e-18
7.096891244546411e-06
1.5311098476580284e-08
8.419913165016208e-21
1.2958346543259166e-10
1.895133970628168e-13
1.6793119806573402e-16
1.1064494273764235e-12
3.007064589377666e-14
1.6192906049046117e-17
1.2627576557665547e-21
1.1308410736910553e-11
6.039486876820409e-17
5.935047095483556e-16
5.7499881788346755e-15
3.431636938164031e-17
1.294451994795396e-09
1.2769984161946659e-15
5.953132963007717e-08
1.331764159637568e-24
3.5863700397181683e-17
1.56464105100897e-13
3.652221553499191e-10
1.4607431319784157e-14
1.0191695605751078e-14
1.552597497450641e-35
3.3688791617169248e-18
1.8059903009042576e-06
9.206531408855948e-21
3.18235538170131e-11
3.538455172072741e-11
2.488907046583941e-10
4.40686764888436e-18
2.1617901189936745e-15
2.754481771557569e-20
5.93221157275107e-19
1.6653714323845653e-14
1.3303593514047584e-20
6.406531066412157e-12
5.5974663643994156e-11
5.427184114177623e-09
3.7814610448745557e-19
1.5489418254564544e-15
3.3190651977158504e-30
1.9758871122775227e-12
5.159831267728257e-15
1.3210074872356986e-10
6.344346715624552e-08
2.3134511887957428e-12
2.481837169743459e-22
2.038995585661433e-15
8.142717194827096e-19
3.805753582445967e-17
4.846058098044608e-21
2.1405354101625267e-19
5.5045111206346135e-09
3.3058856007104524e-10
5.292428790455758e-21
7.043791420563565e-11
7.151963191060764e-28
4.724529139099336e-19
2.7197234506222114e-17
1.4831905150447754e-15
1.7280950667227957e-17
1.2145964006801746e-14
1.8277537950720876e-12
3.903189336003186e-16
4.780442006879786e-10
5.0228047185527166e-15
4.3976501298274876e-14
9.813403784325522e-12
3.250279620298278e-11
2.8927555225395384e-16
8.337398599411804e-17
7.128555556914324e-09
8.954597597772916e-18
1.323225989177089e-13
7.864011026832498e-12
9.095689159925648e-09
3.447275820633571e-14
1.0949963331575081e-10
1.9311426634919235e-14
7.298835488859089e-08
6.819418228041739e-18
3.1381493456673117e-15
1.1171121525316759e-11
2.4242138600104557e-13
4.2489912202423446e-19
1.761147726148178e-14
2.2496665530513205e-22
1.2807752050697394e-07
2.6628604602617227e-14
1.6536998119173435e-18
9.141838452671107e-14
3.64337201905526e-36
1.120837848826076e-15
1.2897583884960245e-14
4.837856909342719e-12
2.3214820726662254e-19
9.994460094568614e-09
2.5230427984002495e-13
2.68190211877504e-14
2.3472831871386183e-17
2.8440568153929936e-16
3.224956598422392e-10
2.863082862176832e-13
0.0014502502891583849
2.570573375416909e-08
3.5488735122667206e-06
4.864783494674568e-14
5.973039753638301e-21
5.252557555494404e-29
4.741793724393009e-21
9.135210969337177e-08
6.312212914297188e-26
1.6654282280734461e-15
6.1110653378791705e-12
9.663178260660112e-21
4.261588825034168e-13
4.324128461356757e-14
2.4696006528975e-11
1.0383019406063434e-18
5.264361636893874e-12
9.600561458521208e-16
2.8085464031149643e-14
9.206352780318391e-17
2.8819705260620794e-15
5.05549957206457e-19
6.225245234776458e-11
5.315535623760152e-17
3.0985945792296106e-22
5.244224498396627e-09
4.98213295082187e-06
8.32263315774425e-17
6.027360705372124e-20
1.0914728306635701e-14
1.3357308084781534e-19
6.857842250956601e-11
1.603271823348596e-15
6.035359036001708e-15
1.439204310725115e-16
2.1758448736005204e-14
3.8854351790756316e-19
6.009224488787062e-19
3.0209534857309574e-25
3.7047487054964386e-32
1.186337754234784e-19
1.4074629818451179e-14
3.684051563014946e-14
3.279674764123688e-10
9.619357325413616e-15
4.4348893854721166e-12
2.2799444761629016e-13
2.67438017472171e-13
3.95433278414274e-14
1.1135169509536602e-12
1.3787747492662876e-14
9.81867104468664e-11
1.0801801359130184e-14
5.840363051347367e-11
1.2477929086033553e-14
2.2626704815401097e-16
3.54050183967142e-20
1.4756792470718002e-12
1.888239540467415e-07
4.513859797484149e-10
2.7318455376116863e-18
5.320550756753922e-14
1.4428061885371712e-18
6.990964866822983e-15
1.3208694927502812e-19
1.0021573316150606e-12
2.0671668237590072e-14
3.4038511426169037e-13
8.420069431853769e-17
4.577055448199247e-13
5.838731436529592e-25
8.846686629653295e-34
1.2118512180338799e-15
9.017874817034154e-16
2.3946765696312636e-09
4.888093028528345e-11
5.667215874902593e-16
2.1022857299412263e-16
8.615946595108429e-14
5.0232331374183634e-17
1.0092665507363702e-11
8.520791660308273e-32
2.8754598659110427e-07
1.2849372811687507e-18
1.7607895353194567e-14
5.690475293907693e-12
1.2403191486477604e-06
6.467614277588227e-12
2.0400494399220368e-18
1.5218529702004036e-18
1.1928909439649902e-19
5.98342028645378e-09
5.480611286922942e-08
2.233799066795897e-15
3.5135788997304723e-15
2.3712779506038874e-21
3.906981041975417e-14
1.3405693201659475e-11
4.782175896724225e-10
1.0385684391831913e-14
1.8265700910896885e-11
3.3659103026052596e-13
4.21153160719924e-20
4.411377061156274e-21
1.3853532493222933e-33
2.630221478925124e-06
5.042939418382054e-13
1.124991583920037e-16
9.458683492230362e-19
6.066209950592095e-17
8.539333423347037e-30
2.181329560179736e-21
1.78406957056936e-25
1.7444691225902105e-22
2.2484861130042383e-09
6.539333160654356e-13
4.720337428930313e-16
1.7681062555685038e-09
2.0612163643551406e-21
2.1999996688554566e-23
9.996617035002672e-16
1.9206670356038152e-21
3.471170413239198e-20
1.08621231640658e-16
3.4430349784997083e-09
9.313982161894385e-25
3.586783430050445e-07
0.0047008597978429045
3.330515715840214e-20
1.4142947007738857e-16
6.077054964605746e-18
2.5918387512081337e-09
5.243016383534274e-11
5.0275364730293615e-14
4.1566254858979935e-13
1.5310367452318694e-14
1.1669715345074718e-35
3.184859951895133e-16
1.6788167599585296e-07
2.911179217532251e-07
5.0486618725252455e-11
1.8056071910606542e-14
4.200999495982814e-17
6.518363445068557e-16
2.332862719924576e-18
5.914928624327716e-12
1.3554269220427623e-20
4.462401316538878e-22
2.237901311722011e-19
9.316963330618358e-16
2.166485838244938e-14
1.2657420627676033e-18
1.2973988411737354e-14
4.712095960008237e-16
2.419311675759507e-11
2.4064438844105376e-12
6.052103802886747e-22
6.569455139831599e-09
2.0673978894866935e-11
6.426585834587619e-20
3.735762795538293e-18
7.866661192158192e-14
1.737434136038266e-15
3.7958744251026703e-19
1.293294584389402e-11
4.3052256997695197e-16
8.678414102242726e-14
2.3042582408880706e-08
8.34926962795145e-11
6.061100214244008e-07
9.785103012624316e-16
1.2645480022878077e-16
4.823190313531077e-15
7.974005784983515e-15
1.0145554899342838e-24
4.099197990470377e-22
3.3783376930873954e-11
6.49447860640307e-05
3.761740176181168e-30
9.153652630184984e-12
8.381407287639046e-11
1.0163610870522335e-15
8.536519745217772e-25
4.832311004261165e-17
1.3126046784489305e-15
6.075148591554135e-14
1.2778993907869528e-18
2.6054428384236495e-28
7.98982726124866e-14
5.377168134074061e-16
2.978878192721229e-18
8.881046917347448e-09
8.33340751951863e-17
8.391754180788392e-15
1.8211939818923557e-09
1.652385098594681e-13
9.896950878971586e-08
8.075641664183642e-08
3.3261544812652932e-06
1.2099256532090543e-07
1.2518515388846642e-13
5.063535772060242e-19
2.10601224872572e-09
6.573321325444215e-13
3.3689237125464216e-21
3.100589884209999e-10
7.427328481563991e-08
1.3852932756935655e-18
1.9840097022194756e-11
5.347996582828239e-10
1.492532822073985e-31
2.9256595997381024e-16
9.266655714024145e-09
9.753927359584104e-22
1.6790182369324317e-05
1.3046008905633334e-11
2.2096915760017837e-11
1.590580245411359e-22
6.388140305011859e-08
4.009717611766562e-08
4.2640486174842176e-13
4.128990819607662e-11
6.849278541413015e-12
4.3558164274633524e-11
6.140610367556371e-13
8.14530735829885e-16
4.0044320057026474e-19
1.5824826005846294e-09
1.433328484306424e-12
3.4592326373687783e-25
1.2227874473488844e-14
6.145166577252402e-10
4.5473180444430913e-10
5.022372586485533e-18
2.2678532068455604e-15
2.2047378121407498e-18
6.260562980744272e-17
1.1031467646639268e-16
1.5121672067549853e-13
4.801318607074654e-11
1.2628818244223091e-24
3.645000208125294e-11
4.23315125429235e-09
9.510322562945549e-11
6.859721993109052e-15
2.775886079598237e-20
1.3494681018281086e-16
1.42914981788695e-20
1.126800264551786e-22
1.5733815779741983e-14
1.2589758964930773e-11
3.67954613753464e-13
2.554614225126368e-12
3.2030755720817863e-06
1.64071623098226e-27
2.7711902692254533e-26
2.6034116494585705e-14
1.789857456523284e-14
4.0769240049569934e-20
1.8134889510624367e-15
2.7183592864167313e-17
5.7189940550829004e-12
1.90161880797691e-13
4.351566192211377e-08
2.204590871205713e-30
1.4582730262104986e-07
4.4200169507474936e-17
5.716549968177961e-07
1.2569040610061022e-27
3.201148209619556e-20
1.4316605843821074e-20
4.659278185066149e-12
1.9548777251136892e-20
2.9905811524481647e-18
1.450959049130925e-15
6.308004860690819e-14
3.20628117372421e-07
2.3330852637858695e-05
1.0141236450834327e-12
6.050004679803599e-15
7.660093389316112e-15
3.4273299111837226e-12
4.919379250670974e-24
4.129356582669894e-12
3.0753369040505128e-18
2.8358317243090285e-10
3.825010231212638e-12
7.388403780858229e-23
1.6876884116077024e-15
2.0829366985840113e-13
1.2740235145212611e-16
8.746619227972472e-17
2.7987098469893583e-11
9.706131317954922e-18
1.5215250148820655e-14
1.8376899953278337e-11
3.819403993089446e-14
2.7246950306238857e-19
5.706247509849161e-21
8.670827247954293e-14
3.4227247539735406e-14
3.848618883232445e-17
2.88146967543783e-20
3.6561699835406615e-14
4.918157948571567e-12
1.6264495740135253e-17
4.6841124382488595e-07
1.442076238803438e-16
8.267469871610153e-08
5.713356715072045e-09
1.3236902742392018e-17
3.314128445249157e-16
2.0311275903349142e-16
7.447965134188783e-15
1.8009065566852267e-13
2.8425773903690756e-11
8.871742680571122e-12
3.725532627593125e-19
1.1315438920127961e-09
1.5089103368649355e-08
5.968222351462147e-16
2.2996195335729414e-21
5.033249402290016e-15
4.2543874546454057e-13
3.2395461248401655e-20
8.357766594329122e-13
1.0690760607548345e-15
1.3202850302490075e-24
7.577000235454522e-15
2.4242283764548735e-19
2.7485450327926424e-18
1.9969849426970891e-19
3.7582358712175594e-16
7.95095036795291e-14
4.760646877551298e-18
3.694987166366148e-10
2.5655312215436097e-16
5.487420542806771e-11
2.080187820942309e-18
5.411649898988375e-09
3.3798624879646262e-09
1.8144459543374304e-22
3.511777156180379e-14
2.3984044613761945e-16
1.6342419257373775e-16
1.463251138192129e-07
7.867759728017395e-18
3.446386022992752e-22
3.3390548617472744e-08
3.964738375840112e-17
4.569387529921037e-09
1.0319454839965049e-13
4.1596761491577905e-15
5.024034438225062e-13
1.1696830172001293e-18
7.982303150794025e-20
7.238992428806717e-13
2.0813298703722554e-17
2.5100970773282416e-06
9.763658313850285e-11
1.762364468295458e-15
2.707621640668228e-15
1.2724458350060508e-13
4.7788494280006845e-14
1.5089103368649355e-08
2.61507326300728e-09
3.00873008902433e-12
6.573774170475712e-13
1.9268797524247728e-12
4.2877679464797656e-16
1.1022633037290445e-16
1.5115678431211657e-18
1.2896118055201298e-14
6.297896630573686e-11
8.95821984859298e-35
1.0468018203500998e-18
1.7628179429733985e-08
6.1014759408517856e-12
2.8539258459723915e-15
6.743041741426898e-14
2.765983721541183e-14
6.745315150986671e-10
3.957516348475526e-15
1.9280137211690247e-22
3.5712096949135783e-09
2.1077182392323057e-21
2.9276592139820167e-09
1.144981048575119e-15
1.7772930914004375e-17
2.6064259046223288e-20
5.660651571886551e-11
4.372830856215202e-12
1.6789872663645444e-10
5.270848119259089e-14
3.784414464430752e-21
7.901630104559115e-22
8.067332018334985e-05
4.3371623735192207e-10
7.539422245709605e-10
1.2502156392675228e-14
2.842753171196428e-16
6.178318580374225e-07
1.520167864314752e-05
4.3421240257445e-11
3.95277494106553e-12
1.050128731726517e-13
9.683327452918088e-25
9.7774240117319e-12
8.526468285218657e-15
2.029891654218724e-17
2.2471823950049826e-09
5.895468904109881e-26
2.228703759464686e-14
5.777693703619507e-18
5.273000447577266e-15
1.6730908648932557e-22
2.0431185378693882e-14
3.831639843862099e-23
6.602926471807536e-32
1.7501193437296588e-10
1.552903370453376e-17
7.084313938543551e-16
7.787416670339984e-16
3.011174458805368e-13
5.156745608300144e-11
1.469415288683749e-18
1.4841652780614278e-15
5.5705493898353595e-11
1.5568225157397335e-10
1.5475540626611306e-20
1.1838574212271065e-18
3.4082969264153472e-18
9.609504468999762e-14
9.002565508827176e-14
7.943272847679035e-20
2.33842567423228e-16
8.220758422727939e-21
2.3176596554485884e-14
4.473073012210143e-19
1.3779184053108356e-09
9.40815731496716e-15
1.848256520185414e-15
1.2018011541032965e-10
3.8878505674649664e-15
1.2336765084443868e-12
8.611087558537781e-24
2.139592566864958e-19
2.5804692169910987e-27
3.5762898851136504e-12
3.6826028486041893e-14
1.6891367401181672e-13
5.127881749378127e-15
4.681721820869062e-07
8.876428458590633e-09
1.444732943552349e-17
8.316836721153674e-12
3.1602548293066335e-23
6.160842253915339e-11
7.780974141474537e-12
5.883576097796865e-16
4.135554880997081e-13
7.524934701290851e-13
1.6363735917676305e-14
4.499883509220994e-12
4.55850752960759e-14
4.410213751988681e-17
1.707102186935423e-22
5.853313621047114e-12
4.137452429001407e-17
4.375264538802566e-09
6.816636151060788e-10
2.5177245456677322e-17
2.6191106562612517e-15
9.052345229740738e-18
2.400950396932325e-09
7.325812347260554e-08
4.914442102825934e-10
4.457615899960481e-18
1.9711960554465285e-21
7.567338320710769e-11
1.1084843028815544e-09
2.956259568212681e-09
1.8582006963468826e-14
3.5906433856146736e-19
1.1135513321887393e-13
1.387121515629668e-17
1.3671678472381457e-08
6.685244025788319e-12
1.267776906400395e-21
1.2750920184519275e-20
4.0783813065621916e-11
8.820632450275039e-13
1.3845909210873283e-17
2.0378113496003363e-15
2.8551500546862048e-12
2.312927551598203e-10
1.1576111865404365e-07
8.51712712701923e-11
1.3172773941673146e-15
3.9355917414013456e-14
4.435223808090889e-19
1.329952859123488e-09
2.620197040765272e-10
7.916793458821573e-07
6.981548467195238e-35
1.2562955668511579e-05
2.6373676337918962e-11
1.6401231658979993e-31
5.128707972982119e-12
1.5312627184608008e-19
2.513104488838095e-06
2.7088773568263992e-15
8.896286838146127e-16
1.1101131805494041e-18
1.5209790159571082e-11
1.8343318187391323e-12
4.6745770622520533e-07
7.483450622595802e-28
1.3619355269088015e-35
2.0171908612773e-17
3.4672789959340174e-19
2.178264029598797e-28
1.3539093569255532e-24
1.2898234860794553e-08
9.271046514043084e-14
6.852335131472146e-15
5.389319368239293e-14
2.0260256451725185e-16
4.079736713905455e-14
4.796784299339265e-10
6.023237180640428e-16
4.16113417985934e-15
2.674188499018315e-13
1.1352004413523814e-09
2.465022936057483e-16
4.572217357496906e-15
4.4097071137660485e-12
9.766504205491913e-12
3.439847332866517e-09
1.0043481902829315e-09
1.4918252608158635e-30
1.0637093648110316e-09
5.511062550201654e-23
2.3024541719149143e-19
1.5966198206256927e-10
9.660443142733055e-13
7.864365756528974e-13
7.819787142340447e-12
3.4757026589998863e-16
1.2430841956252317e-09
2.5996328838082544e-18
1.4726779075896396e-10
6.8431875542578384e-15
6.408857269322403e-28
4.7644270464564334e-15
9.730967513477386e-17
1.1818566789791928e-12
3.1046731431103007e-16
4.507725445975565e-14
4.824169998105867e-25
3.600825641758739e-17
8.359850373582294e-18
4.228078117053979e-13
2.1396509058155913e-26
7.429727504730253e-11
1.5709957925357465e-10
1.1686816166394906e-18
1.3327689744963702e-20
2.087410610638669e-31
2.492167050321083e-17
9.788043445657815e-21
9.60792147044329e-10
4.461572888253022e-18
1.3068731210340281e-15
3.5152491011396417e-16
8.181193667932886e-20
1.2350715053972415e-31
3.013082081705005e-13
4.13967939880313e-23
1.2115417744882796e-10
3.3886126202229563e-13
5.700124229386555e-26
5.624818230162474e-14
4.3178195620802933e-23
1.0350492205561541e-10
1.2991743227210242e-22
7.349538333182943e-13
3.3117094307753273e-18
4.607505744843456e-13
5.523242193662474e-18
1.0380592194751367e-30
1.041247439766506e-12
3.542943862857673e-10
5.849921800346668e-12
6.241195756289743e-16
1.6570648045238382e-12
1.8608087793595662e-30
2.2049802770944624e-14
4.203560815321947e-20
3.1418679088055992e-21
2.2602484617426628e-17
1.1954356762517399e-20
6.422230144175775e-19
3.6425876552689253e-16
4.275708908972542e-16
3.4188345414350904e-06
1.9072814313136237e-23
5.02988668576265e-15
1.5896939824570045e-18
3.906196040448578e-14
6.786199032364443e-32
7.30003790792949e-15
1.2675998486512852e-16
4.5282769391966106e-23
1.2238669937404726e-10
6.010031283867438e-14
2.8588884808359205e-12
2.255111641490464e-18
2.944353175611818e-17
1.2599744942948548e-22
3.077970999964979e-14
7.531422065430353e-21
2.3726382122387924e-10
7.32579888551743e-11
4.7028489543822047e-11
4.800630129081057e-15
3.298645191987849e-19
2.841755222744303e-13
1.798242241605762e-12
1.5953859149173858e-18
8.68667405386618e-08
9.685482606308948e-26
1.2959936514457581e-15
1.5225876287356544e-09
4.8248723329333574e-14
1.0543478151377601e-13
1.0808002273259686e-22
7.091070549208263e-07
6.368548052704565e-12
1.255978468341105e-14
4.9626777367977274e-17
2.7862371274520287e-16
1.6215982379694742e-14
6.386855745215928e-17
1.2750367158192672e-14
3.850978017106561e-15
2.474694857587004e-06
2.947307830604375e-17
3.69200066031427e-08
1.2516921650967747e-19
1.7711874460132047e-40
1.463841628958318e-31
3.1730424207821455e-14
5.239889192638101e-13
7.970838234152836e-16
1.9203710785870742e-16
2.2351680939324603e-08
8.284334642061396e-24
8.26498612365021e-28
1.1183845047216463e-10
2.8734031792824425e-19
2.1368574972406064e-11
1.0590353813114518e-09
3.908357811325627e-15
2.71966398859493e-10
3.11007729334133e-16
2.592177525087047e-13
1.3342565957155719e-17
3.990289778710681e-11
8.295180045079822e-09
1.0159737234013685e-16
8.72319812993003e-18
1.1205728719244518e-09
1.967821457851901e-12
1.7723127291665157e-10
2.718848485155036e-10
1.4198398894365058e-12
1.2181667618185123e-09
1.26580253899156e-14
8.16808498964266e-15
1.4271270826274642e-11
5.125856187161901e-12
2.8879016859945657e-21
8.426712685433735e-14
1.0908298762618347e-09
4.712110484807649e-16
8.749896466498903e-16
1.2141349311433162e-17
1.376044921821154e-13
8.237182747122622e-23
3.514459375557481e-18
4.079022241635405e-19
1.7052892833908806e-25
2.953294548823728e-20
5.36911928501974e-32
1.0805642066382558e-35
6.554404531836053e-15
1.6291438677328669e-21
6.468683353916695e-14
3.884303269262127e-15
7.955689123518279e-22
7.854881062743472e-07
1.4083319432983664e-32
1.4499769784908792e-15
9.863927101190495e-24
2.4285279919732737e-18
1.6622918119923877e-21
7.151493587565669e-16
5.30735274434535e-10
6.238124015398807e-12
2.2186531575450164e-13
3.336919574402805e-09
3.0676077816582823e-20
5.80592508746003e-16
4.5685494517221816e-12
1.9579927758379605e-11
2.508078475598392e-17
1.0551706086949526e-14
4.862223314207214e-18
6.018311312921516e-17
4.760601447546076e-17
4.664027756086478e-11
1.1160021477685766e-12
1.516530597024055e-06
1.0172980804150252e-12
2.719363067981286e-18
4.2472872233813787e-11
4.184562294911057e-22
5.842551643408493e-15
3.7981691510288836e-13
7.550005161169668e-15
1.1195135639069807e-26
1.2622215265494988e-09
1.540115719449332e-19
3.4719866437618666e-11
4.57236177471488e-13
1.6154783370424813e-21
1.463251138192129e-07
1.3358262429577162e-71
1.0585441914283175e-08
6.027001185214881e-17
3.361823514915733e-09
5.546440120794739e-18
1.9909226892265692e-11
7.374218713731347e-11
4.517780925287354e-17
4.148928144352324e-05
3.6102705761920833e-16
2.769151502669734e-14
1.3757381580966495e-11
9.649350508839389e-15
6.375572297272639e-08
1.1469794309111309e-10
7.691951657582652e-12
5.0645936752519644e-15
2.8822476398526884e-10
2.3440379950141643e-14
3.37351172394753e-25
7.307595311770262e-14
4.513999789525475e-18
1.8421542623963245e-14
2.705626040041798e-13
3.2791206783338467e-12
8.950787314314573e-11
8.566668986451528e-08
2.364318782495629e-16
3.027149814940003e-08
2.8236986303342346e-13
3.3733928335331307e-16
3.163265297975828e-16
8.462337643890469e-13
2.5235953974458648e-08
4.177150728291817e-24
4.138820369951212e-13
2.6953360159097547e-19
1.8468722114613096e-16
3.79299907787014e-12
7.92469738935346e-26
8.741979140017547e-14
7.580353978928014e-25
6.620413658571087e-23
5.5128128376254934e-11
4.295905896614181e-13
3.779506336325801e-14
1.2079832475060472e-17
2.4661569971171948e-17
4.3320114865190164e-19
2.2629238002868376e-16
3.2370530917401077e-13
6.800827064838515e-21
2.070164152535065e-13
2.7502927318235115e-18
6.508523279392728e-14
1.3243565373506605e-15
0.0015009918719528757
3.9634606416406565e-17
1.1189697981850413e-09
2.131544157323456e-17
2.294745359830396e-23
7.555996995453981e-10
2.2664997741645324e-29
1.77948009891245e-11
2.8028286780802404e-22
3.3762731056731865e-26
1.0883855160463967e-14
3.162468897246195e-24
1.3029455455370024e-11
3.168978175378089e-14
2.9053028776722905e-17
2.484365607807426e-13
3.7513367827055983e-17
3.805540638479107e-12
1.6121598234554227e-09
9.28845336322567e-21
2.0382858931354188e-16
2.823699433236666e-15
5.493269942669256e-16
7.546487999527393e-18
7.780427446544119e-19
2.6448816486813675e-15
1.1328716846493903e-21
3.180732539080015e-09
5.811006576856326e-21
2.0704424539821283e-12
3.3132150218808856e-13
1.2040530172790915e-21
5.142361855062314e-08
1.78050150448872e-10
1.5665568905097604e-22
1.700119939888701e-15
2.333943725962045e-24
4.265528238249359e-12
6.152620607991959e-14
1.2551483885198035e-09
3.121325464089171e-18
5.0458395540128836e-21
5.239371699162506e-15
1.048204625967802e-09
3.6876508067398147e-20
8.806804715552896e-15
4.622584594036354e-12
1.1099698026944841e-19
4.137192965672361e-09
5.047086394441178e-16
4.1625858808990397e-35
2.2745939460953722e-11
9.526607361883714e-18
1.6596798963106299e-12
3.8852307485569495e-15
1.5345965887704204e-14
4.3828663767604e-17
1.8534590752020356e-13
1.7205723958722532e-11
1.1950718572675251e-16
2.6453099204385735e-07
9.483153753713533e-24
1.2082619374870686e-17
7.323364401334749e-16
9.976354169120458e-17
9.6187707453834e-15
2.3607392807453896e-12
4.4139682220526014e-13
7.745819770904867e-12
1.8830300092761322e-17
1.092569475172005e-13
1.1403607883647448e-16
3.54781136660539e-25
1.4760679596786956e-12
4.787163563118948e-21
4.905832245125513e-19
1.5242375144892512e-13
7.943498373296595e-11
5.382752324785962e-07
3.928766841812924e-18
1.9885443983081384e-18
3.462521495980879e-15
1.0246528395139612e-13
1.1736668255001584e-20
6.813456889725631e-18
5.179193913528006e-19
1.1045084327353478e-10
6.554898069545171e-26
4.352673202313351e-10
2.6285279716189395e-15
2.65967108225899e-22
4.1412963002639444e-21
7.187251485743956e-17
2.8587573579595288e-08
1.3509846112749656e-22
8.530149023369188e-13
6.005651338482929e-17
1.9808917758698042e-27
1.3531279801401603e-12
3.1440464074028447e-16
5.899566267339506e-16
6.515585444628689e-19
4.315995232363579e-09
1.1724575591447124e-15
5.615807527557422e-15
8.952584573201858e-35
3.02085272173859e-30
3.713791696349331e-18
7.077579976597253e-21
2.8975078439501524e-07
1.2316592045152741e-14
2.4287754600478573e-20
3.4937950705587957e-15
3.1718247653095595e-13
6.958753764198043e-23
3.1600909254602924e-16
1.259458735588094e-05
7.742862035628236e-15
1.0621680356937942e-20
1.077756779709428e-15
1.6850747859987706e-13
1.46342726578248e-20
1.0549491679388758e-10
7.736394140442236e-11
1.23853744689065e-12
5.079162156078755e-10
7.583441144982504e-15
2.086013201929342e-17
1.3858413377284259e-08
1.5335841016277738e-27
1.484815533266693e-16
1.7821288649845938e-15
2.2708871746845163e-07
1.238766251073041e-13
1.0700764286063972e-12
6.161177324494142e-11
5.051063937571928e-10
4.19520128457092e-15
9.899734790653794e-17
8.267238728381074e-17
1.275832957284915e-23
1.1266109383437893e-10
1.3969558338294044e-18
1.2558292156892113e-09
4.77348758342311e-20
4.2600366827236856e-08
5.926369701659092e-10
1.652925369692067e-19
3.6161029970497396e-12
4.115230287966067e-18
1.9616150625282705e-16
6.536504911962042e-15
2.4132553181720898e-17
6.133536037390455e-16
3.595020514923987e-10
7.731233837183431e-06
6.138063291055745e-19
5.349975151595784e-12
9.522596280685271e-08
2.585809766433395e-12
5.9517535565891795e-21
6.666266660280285e-07
3.853568801607322e-21
3.0087563651805845e-10
6.1907389899411505e-21
1.4369434242638213e-13
2.4565927736315775e-10
2.0681384343799944e-15
8.291127037078182e-14
3.1002982667178025e-11
2.4180914374853256e-15
1.1951309701475905e-11
8.98693687143746e-22
2.2897835711211023e-14
1.5649319008119495e-10
5.999722154631503e-13
3.8474324756390437e-20
4.074376129826988e-23
8.685582967561461e-16
4.059293592807371e-16
1.2248369524507874e-11
1.6782517920744396e-13
1.7926164801788018e-19
3.4255888928971606e-15
3.1745348514533826e-10
3.218664683230713e-19
3.385647339154886e-13
4.730106327648559e-28
3.964935314966613e-20
5.332866176802549e-15
1.8757768783672595e-17
9.29545933583719e-16
1.4733562227711506e-24
2.3296222955420833e-15
8.102933353265835e-18
3.8686834370379943e-28
8.327747193257815e-20
6.310063795345351e-36
2.2172321977543926e-13
4.36178600121838e-20
5.231437227279893e-07
1.4452548229059322e-14
1.3168052291083733e-08
2.6877323748232015e-28
4.868798777349973e-10
2.563647938369491e-11
9.83621200369424e-12
3.208336807152696e-12
2.3508396827372873e-22
1.3032098900100652e-06
4.563302890623489e-13
2.4543486219451744e-13
2.465310228986785e-17
3.524041015405615e-20
1.403774163763794e-16
2.974684162521179e-10
1.0702203181829971e-16
1.2576988004187034e-18
2.0366877281860465e-18
4.5784751884525057e-38
1.021989383862659e-15
7.755560119545057e-14
2.0627945972445695e-12
2.2615738226927394e-13
4.922049487184241e-24
9.975143984741094e-15
9.329656752021232e-15
1.6809263632857167e-13
2.164807565624384e-12
1.2684687756381134e-17
2.5091090191090433e-28
2.58749315094853e-18
3.629472150093482e-14
3.4163181865711993e-20
2.014682348093956e-11
1.384782112228706e-16
3.717954382289415e-08
6.76817612638284e-12
9.51013824676191e-26
4.105956163317235e-14
5.721122771901908e-08
2.4154111865552576e-08
9.332790573381914e-16
3.10402746364677e-13
3.106431765883044e-14
3.236018965746655e-16
1.380762291142967e-13
7.157178454086162e-16
1.006633598980616e-14
1.224239763271374e-06
3.417941751944009e-21
7.275415191008319e-15
3.3054758203826344e-12
3.4376045318634466e-07
3.679132832903388e-22
1.2318548472958673e-21
3.609660824632741e-13
4.397093535166707e-21
4.710305377861693e-13
2.979525159882586e-11
6.089587542183986e-22
7.108216346981232e-18
1.9898800080646927e-14
2.5163473779127018e-14
4.776086224931487e-20
8.466768840231523e-13
4.830413924925286e-15
2.7800768977929463e-14
3.898866035918656e-09
1.797489873549244e-14
1.0255421547784526e-20
6.90151474296158e-16
1.4898172492089536e-24
1.9230814431009622e-25
1.1154524985193827e-11
1.2717635858866035e-12
2.0799452601422557e-20
8.196984902803612e-14
3.656054115260219e-07
1.777937014034064e-17
7.14398541174155e-12
2.8784303595305485e-15
4.2458414477218814e-08
2.396892810654742e-14
1.8726337879019514e-15
1.9726956081953826e-13
1.4062566055698174e-10
4.105328413157813e-17
2.363312653960472e-12
2.3414507716037226e-10
5.102090449917343e-25
1.9973458149342696e-06
2.7678873010717574e-10
1.4833166597688808e-09
4.2915700446902044e-16
5.914899031019583e-23
4.996239617152909e-08
2.6088006060851078e-15
2.375398184289675e-20
9.196777365090228e-10
5.725329456782312e-16
1.980220432902553e-06
3.6584619247948497e-22
1.327974542966151e-10
8.533012553768153e-12
2.763850936832852e-21
1.89181688181653e-16
7.743813759762577e-23
8.211177004574402e-15
1.1211086870717186e-16
8.519181537292167e-15
2.3643877828931955e-06
1.5300009318386669e-18
2.9575435010444984e-12
1.719609786752804e-06
9.254878356214418e-15
3.546947338571111e-12
1.7036168169976645e-22
4.729347084756104e-14
3.37334733463069e-14
2.823056434086265e-12
1.9190842868006626e-17
6.450166434143286e-18
1.3809878593881779e-05
3.6851789656920346e-23
2.5763542575776433e-10
2.894644508594371e-15
8.728638095162096e-27
1.351833717828742e-14
3.1838579987962303e-12
1.4345859930627392e-16
1.0089652523067114e-33
3.4254279294049346e-07
1.8423348972664234e-16
3.626528056846392e-19
8.025252925910998e-07
3.5303922365122657e-42
1.933069001718851e-12
1.1784743429805864e-18
1.4421664044059054e-08
1.0806472730051291e-14
9.166461239198606e-17
3.624627044871537e-15
4.737853473454134e-06
9.870159887401949e-11
5.862829885653897e-17
1.6943340950867394e-09
8.303917073483342e-12
2.0857686115668558e-17
1.8076045388575852e-10
9.89218734833137e-19
3.662833038524752e-20
3.009045810063143e-08
1.1440577367718768e-20
3.5822315152137722e-34
1.9534192507095145e-07
3.8525113222814707e-19
1.3835706706116339e-19
5.9670650444065295e-22
4.7010087473159266e-14
1.337522019648567e-11
8.149952380310535e-12
9.274922009397589e-17
1.4198417552193226e-13
2.3449304764206704e-14
4.153449715805306e-14
3.068759952212673e-14
1.6234529980741801e-15
4.964507917288306e-18
1.8113927464115406e-14
7.088600898429388e-16
1.1407482784702512e-12
1.2190769857686146e-12
2.375869337937915e-24
5.402674316853251e-19
6.667669973272131e-23
2.4648445759600246e-14
5.735205959520946e-17
7.738555900401439e-16
3.360326684714005e-13
1.0630515078920453e-31
1.2185667780640447e-21
4.587964694798567e-13
7.81533677790833e-20
8.779564814994988e-19
1.4018224778689476e-16
2.1670174797781917e-20
1.4269517424146054e-13
1.0295445579766864e-11
7.312028513916421e-27
1.3987515210641236e-13
2.9110035705175746e-12
2.1853874146425756e-13
6.212676138020963e-06
1.0056706260187864e-13
2.631906249367738e-12
1.0498174116872787e-14
2.8728802457123806e-14
2.1987745191267926e-28
2.5024303113982742e-11
1.9336013784521048e-14
1.7975686625748405e-16
9.125535641528443e-12
6.561455274429673e-13
5.857508377167136e-13
5.81673860851539e-05
1.4671166782601379e-08
2.5692307254475053e-18
1.5061975680031152e-10
7.46060078523735e-16
1.5623716511777447e-17
1.3503808413103512e-11
9.4467093676556e-26
6.140457383758299e-17
1.9210979781784798e-24
1.1767806668171637e-19
8.570462381124186e-15
9.40488613945208e-22
7.875414243747972e-32
1.7784399001716524e-15
2.5203580985441885e-12
5.740808443652997e-15
5.367580706047447e-18
8.076331618920213e-16
1.5334557147062643e-22
2.0088469874121e-15
2.1665279744061185e-24
2.2348160581750526e-07
1.1106430370214688e-15
1.7933035856525842e-16
2.21647716176229e-27
2.835283680421585e-25
1.3098960822285103e-16
1.1801160889677604e-28
1.1769918379881821e-14
1.698431185435889e-25
5.788406245779578e-16
1.2430925174712482e-12
8.284238297825844e-20
4.886100481775682e-26
1.930950113700983e-18
1.9935543934355162e-20
4.378802342843064e-18
1.3851512517103309e-14
4.0213181150302456e-11
8.081089656761811e-21
1.1818998007804911e-10
4.9418340431230025e-18
1.7402540017634815e-17
9.470505305760146e-16
4.556302299271174e-11
7.117010188457772e-13
1.857603123949285e-15
1.4276324089263387e-13
4.466656069454935e-17
6.0784312617538676e-15
3.817312299041436e-11
1.2522237312098146e-28
2.4997744607522145e-14
3.232252773958062e-14
6.841129992639182e-19
9.892198324289394e-18
2.0881416211194924e-16
1.1708821296418798e-06
5.0729636309693206e-18
1.2917531096051623e-09
3.6547647146761336e-18
7.588783209263647e-11
1.3031776776611559e-20
5.110324376224902e-14
7.15254327548941e-11
1.1513311911763767e-11
3.9164148596054905e-11
7.312693977267127e-16
1.0107718304834687e-20
6.562504985188347e-16
8.974753913933312e-17
1.0907246188527757e-21
2.2302144880566144e-16
4.5307622800354475e-10
3.472553851872018e-18
1.5879171961412927e-14
4.273085910270829e-21
3.7616467281078056e-15
1.002804350274133e-20
4.327657398735142e-10
1.2872246532315317e-17
2.4689786330800503e-18
8.712769170698235e-14
2.1092712909126657e-17
3.0324207667321596e-27
1.520506554183331e-16
1.1645752892804199e-16
1.0760864868556695e-11
6.222279484774618e-12
2.144546308188875e-09
4.6564329819690204e-14
2.6287833281516025e-24
1.0134386310868083e-21
4.595071291437411e-18
4.2676900376367995e-13
1.0662891020612943e-12
1.237631613477559e-10
3.0580506627988425e-10
3.2287050862519042e-18
1.3897071199153367e-15
1.5657612318179859e-19
3.8101723702701065e-15
2.6939715784744893e-11
2.3052795818050576e-18
5.7542570971063015e-15
9.66975775202748e-11
6.9872381916155e-11
3.4030243817824115e-34
2.8280137839113425e-21
1.857510058407736e-17
9.43070952204852e-10
2.0605538773983076e-15
6.067123256500351e-19
1.7555154581573537e-18
2.1177107978527835e-11
8.627648786958534e-17
2.507459169478226e-19
9.338917519695138e-50
5.1644536029549535e-27
3.6673076000095326e-11
8.579309651814238e-14
2.3482366023528152e-12
1.4395816589328121e-15
4.840351961318771e-12
5.146395044920058e-10
2.7595420507301444e-17
2.095350499499305e-10
1.278759833940508e-16
1.6232213623050757e-22
2.2226333121627624e-19
1.7733686858754817e-12
1.3913605832704395e-15
2.36210226066519e-16
3.853067061644829e-08
5.606865833717151e-10
4.236115640946647e-12
1.7885051249622754e-11
3.4847133791415537e-25
2.8598761835006096e-06
2.244972076857046e-08
5.637392898759757e-23
1.5873622747304412e-09
6.188036025243949e-19
6.216834967236193e-15
3.5268695712708976e-18
2.0634850689839348e-21
3.1558904927433955e-14
3.4800936766235636e-19
5.648211554460336e-13
7.964341789548824e-27
7.786717522288473e-13
4.823492541651568e-15
8.529282874352129e-14
6.414307248243162e-15
3.0872832529000754e-28
5.70729073585275e-22
4.4062222045092566e-08
7.727764894270657e-12
2.8833439624272754e-15
4.615271384313675e-11
1.8548373866873064e-09
3.459318619192156e-13
4.2700717178645577e-19
3.1535727614430675e-32
3.9187099943650633e-19
2.1603065267050013e-09
8.107810790742635e-16
9.112503570295559e-20
1.0510725114728202e-11
8.133925566620809e-20
3.5564543751275725e-08
2.51526831534964e-11
1.3875676709742077e-21
7.189617894813348e-18
2.8076019148903935e-17
4.429850016334718e-15
1.6773489795271063e-13
1.659467162111868e-24
5.777352731489055e-18
2.6792192326960015e-16
3.278158245133353e-23
7.779078084806721e-20
9.684658215112895e-12
6.896642605499538e-14
1.762185083109934e-15
4.8109192137525145e-09
5.478779646041802e-10
2.4893935638926873e-17
3.3867331399757794e-18
1.4200280365832359e-39
2.634857326975392e-07
5.800077402540905e-16
3.9370694170262766e-13
5.820844327162889e-13
4.2555176112066124e-14
1.7232996691895606e-14
4.3164786913456937e-26
2.393947991890925e-15
2.22992414120799e-15
9.392464289380309e-32
1.309253366914353e-15
1.0949232398420684e-16
4.041403899890362e-12
2.8010014744727576e-11
3.1517394175590727e-09
3.5118781855746116e-14
1.3505051195415057e-10
1.5984882018002076e-15
1.2608976406301558e-16
3.883124819950172e-09
1.6703860939915995e-11
1.6501474289233643e-10
1.0311877800147976e-16
9.75755607936626e-16
5.458869383599158e-13
1.3165313684371311e-05
1.440761523299184e-09
4.2753907550458054e-19
2.290665262126074e-10
4.9769479781036006e-15
2.3201909227062053e-13
2.0298051382943703e-12
1.8048753123178046e-21
7.774821079144192e-10
1.9987765529233015e-15
1.1109428930073118e-14
5.878314843035596e-15
1.9683637176891698e-05
2.24898438704299e-11
1.2373396587992789e-08
2.5022098056537068e-21
7.741443299996116e-08
4.491667756494065e-18
3.2257045155838317e-19
2.3081951387492203e-29
4.598150917213353e-16
4.499477997607308e-15
2.471013036249439e-31
2.8951563511350626e-25
2.1512414733146806e-13
5.15292236577318e-12
2.6983406799410183e-17
3.657016141548463e-16
3.338396078745258e-16
6.2334571134660985e-15
8.847183512074775e-18
4.228165920117103e-18
3.153881917846588e-14
3.553993819744426e-20
3.7576899338108643e-13
2.478044589016314e-11
5.184430337833434e-10
4.567536908243887e-10
1.3782048163924754e-19
6.076624044354412e-14
4.4300516197117833e-10
1.3414605695285327e-18
1.7380158571904062e-16
3.7812416473696223e-16
4.527090794062456e-25
1.1073484008904211e-16
2.0864473388423724e-11
5.964102367942241e-19
3.0773231034286764e-10
1.777902725178373e-12
1.2181272387554602e-11
2.6782264110872487e-15
1.4375997242061337e-10
9.836802711077495e-21
1.8078591019743915e-07
3.2671155803248933e-18
6.101691292571337e-19
1.059535673264281e-11
2.2696908878540245e-15
5.773038140816095e-08
2.171555931791384e-14
3.6100541959574205e-20
1.497892876602884e-14
3.3992311846002813e-16
2.3321114080366574e-14
9.913344816129733e-27
4.2012078445983047e-13
5.486655889924948e-13
6.897696927935729e-22
3.920522908560292e-09
1.1502101825476048e-12
2.5844489514456554e-14
1.250983136884278e-06
7.957432251268221e-16
1.7011386822998509e-09
2.4421996553085924e-07
2.0818214532258545e-20
8.04376762503986e-16
6.543320829432747e-15
1.292956555949988e-16
1.602298413926818e-20
1.5754121532268308e-13
6.014885459223129e-16
1.4027249976767506e-13
8.445872426700306e-10
3.735718028275575e-05
2.598596365948809e-10
9.744964042025485e-13
3.7213554506374294e-26
1.59445585594464e-16
8.000951181417226e-21
1.9757401605899813e-12
1.352826537804718e-09
1.9734837677979596e-11
2.0061562587066105e-21
5.3455398630011094e-20
1.80348751236389e-16
1.8945045672411222e-11
4.0173045003595215e-12
8.443983806798602e-08
1.7007606276145245e-13
1.1382512801004468e-14
9.381786916108618e-11
1.7235360611042267e-10
7.301974845649961e-17
1.4793428815710983e-07
1.1644905820825691e-15
5.418088551395026e-18
2.700672598403852e-16
2.0491701615528604e-12
5.152624424201745e-16
1.0695645510660939e-11
6.78319688059842e-18
2.2939435538498677e-16
2.53374916607288e-39
4.1289408889546083e-07
6.2017679207850674e-15
8.967072413536393e-19
1.415388189578935e-05
8.222358612290956e-13
6.124139376339109e-27
2.425566124321909e-16
2.1398815274262254e-15
7.460291193103983e-15
3.529558985930445e-18
7.844027080551645e-17
1.3117579302220766e-11
3.9956877942388356e-26
1.7286736664396997e-10
2.9409726344487476e-14
1.4178419972694297e-10
1.4333030754452547e-13
7.931959142684763e-15
1.1904436521110656e-18
4.244491371795586e-12
9.373986339403821e-17
1.4863405319671832e-13
1.3829985945151936e-12
3.1708368224181043e-14
2.9736761783440175e-12
1.179410136114194e-17
2.1229201444804297e-19
3.455762843601421e-18
2.382771543145141e-19
3.663383433652137e-16
9.627098740489379e-14
2.6479504350813328e-17
1.4117559558119356e-13
5.205043115527121e-17
8.753693283777968e-16
1.8482859634396128e-13
6.564200828371143e-16
6.846333624672305e-14
1.1060977366212164e-24
3.0710519563930144e-07
5.224141141838072e-25
1.2484633222326558e-13
8.782988096867518e-15
2.0134287544245097e-15
5.722278568929922e-11
4.154053948286774e-28
1.3942386896271246e-17
2.0687022349901247e-16
9.411760024910373e-18
4.3342124539331487e-07
3.1092183900974846e-13
3.569553680772037e-11
4.796338953893538e-17
1.121159887305014e-13
2.8453359502049176e-19
2.437800151302216e-56
3.847964324530909e-15
1.0244784102566124e-05
5.224921179196404e-16
3.830349217872889e-13
1.1890031924398394e-14
5.7675875783368844e-12
7.852373017749336e-18
3.4577557682868595e-16
2.00739193387978e-15
1.234254402652604e-13
3.948262042166006e-09
2.2820376438177474e-16
4.454410572804215e-23
2.43237851604922e-12
6.652433672798881e-13
2.334926781400264e-16
7.902216890552461e-08
9.48551440901147e-11
6.840540598436203e-23
2.5494600122169952e-05
2.6910268328730946e-13
8.811767888316516e-14
2.3687218455193168e-12
1.152498539812257e-15
4.789383339307158e-12
2.343018311555973e-12
1.7454792460319094e-13
4.314875042484477e-13
7.409501221019051e-14
8.642214508640503e-17
8.301449921336314e-15
1.7107345585908088e-27
1.2916699121944218e-27
3.51402204092802e-14
2.9702868390568808e-24
1.6567017050993645e-15
6.57322336548375e-14
1.1935314543732056e-16
1.0405721732955644e-10
1.7889458965410206e-61
8.698243133307665e-17
1.55566880929739e-12
6.516435754548916e-16
7.479467259414574e-22
2.1649770082647057e-20
1.586814530567249e-15
8.993961817825781e-12
1.2514412944364383e-08
3.306375466488079e-11
2.135234670883558e-18
5.523479277127621e-23
4.0985472523622415e-18
3.922377033185191e-13
3.5490669682265965e-11
2.2445321121402716e-37
5.804208709664644e-15
3.9626361754861694e-11
4.288377815009198e-12
2.2315416825155523e-05
3.2682891909587456e-16
3.952053427179207e-17
2.196775804659874e-25
1.7254013947446892e-19
2.3718669119533697e-17
4.5449813712385926e-15
5.644622835000845e-24
6.200733040305859e-17
6.145799469304718e-14
8.308734056753509e-19
1.277088376590023e-07
6.691845543780392e-26
2.4081657515254602e-20
1.3037569709513565e-16
1.475223425934486e-15
6.283694176109111e-13
1.660820540496712e-10
2.2568381304905158e-17
2.073032970157213e-14
8.799557328192407e-09
2.5992234197412184e-18
8.891583941452547e-21
7.261649001298437e-15
1.3681412489709585e-15
3.163952349166241e-16
2.744286454671623e-30
2.134287815858233e-09
1.6562694073775192e-09
4.4604985803308225e-18
3.5248128773294526e-13
1.2530438468239632e-23
5.164155636242069e-06
5.0013688515035886e-14
2.3770471809902783e-13
2.8687685893764564e-07
4.481090426992054e-19
2.5759119203403697e-05
3.7639225545120835e-27
1.3656085706762676e-12
3.79895482968917e-17
1.623790625523307e-14
1.993974467508547e-11
2.636504547117746e-15
2.5241466339203616e-06
1.8197991152788553e-11
3.967010469581452e-08
1.6601180604838673e-19
2.286327505755274e-18
2.525919831164576e-16
1.1741554818780554e-17
1.192719587534852e-15
1.7480727333149268e-12
1.9943719013057764e-16
4.254157077674852e-17
4.6848971183775445e-20
3.9873597101213917e-13
4.1273553215572965e-12
3.2754036429435186e-15
6.698494902896445e-33
1.3257845510851781e-18
6.160843863437459e-20
4.960111317310046e-08
2.9069251964982955e-15
2.428097852270598e-13
3.9284283511990653e-13
1.291174950645482e-08
4.760732374085539e-19
3.003381989417249e-13
3.843965048985024e-09
1.028837981431947e-14
1.0661309279850743e-10
7.41348775672871e-12
1.7510905572035598e-12
9.785057501407229e-13
5.034641149687739e-17
4.5636581218518846e-07
2.379000154902408e-17
9.98371061592358e-20
3.342641657474094e-14
2.564158868145604e-15
2.2253994765948888e-20
1.283827675434332e-12
1.2552370693388185e-11
2.2813260130312933e-26
1.5179918488094159e-19
1.6709531570259997e-16
8.868401368250389e-20
1.3844475603568701e-09
1.2036180436180587e-19
7.699600872637252e-15
1.5567665476912452e-09
3.70265418269703e-14
4.280122566124778e-07
3.535166428348166e-19
4.219760733303561e-12
2.622780676583536e-19
8.686526966646444e-23
2.6093327324294546e-15
1.0125348340982473e-12
6.326640900461655e-11
3.350192493488631e-10
1.744551965007737e-05
1.5783152815647773e-19
1.6094566808789104e-16
1.464466835303559e-14
1.8453752120143732e-16
1.0689532552934298e-05
6.96630038976113e-14
7.700519037207231e-12
6.789594221787526e-12
1.160825727398633e-05
3.3629780149988523e-10
1.8753499229668617e-14
3.1435992486176145e-11
5.5391460223756486e-09
7.044754523327001e-16
1.266406144529468e-15
1.289605363283287e-18
1.845799357951602e-15
2.8718980282299824e-20
3.228121464756249e-15
4.983799373000457e-28
2.33578113177248e-10
1.427310030411148e-18
5.733239826187375e-19
9.008302680448436e-18
1.7094733467435815e-15
0.0001246276525512766
4.614662762173989e-16
3.52796189476959e-09
5.57411612857169e-16
3.3402339543532454e-07
1.2825749737703614e-11
1.96003399274331e-09
1.0619799356608917e-10
6.371838560223114e-27
1.542797465509149e-11
1.3169035656783319e-08
3.429211016618331e-19
4.769723610238589e-17
1.033393398474793e-10
1.1626795946276872e-08
1.9437248206285983e-33
1.0285505853044872e-13
5.772513922228688e-18
5.445452812953601e-13
4.574642049422421e-16
4.594356719608307e-16
2.1239197274882647e-17
6.249117509512799e-09
5.002747452120893e-29
1.1309308975075098e-16
1.2425343478328612e-11
3.8176313412053936e-14
5.57234266633533e-08
2.6731808187734113e-27
1.2785527080421284e-09
1.1582641582586865e-13
9.500624684565431e-26
7.773113740695507e-10
1.1468145222476023e-11
5.651782924962139e-21
1.206607726257482e-20
1.2402850847724649e-11
3.4754261776147495e-12
7.823858164856063e-08
1.6266646762105772e-16
5.513136558920786e-17
1.3304347522054132e-13
8.342179994604035e-19
6.943711888378416e-27
6.446570093967424e-13
5.031895537516971e-06
1.0195540260592412e-15
7.25875221626948e-24
8.560169829631625e-17
2.694026665660145e-10
7.96366770174968e-07
1.9814078294832167e-14
5.811787792791414e-22
3.2512400696687717e-14
2.6414959022702985e-11
1.3376968626746056e-10
3.894742951458849e-18
2.885382654094411e-17
1.159605576946286e-22
4.01572930340292e-09
9.309821605244098e-25
1.3863166175372682e-12
2.1091798168603503e-09
2.163340609436024e-08
2.960800337602808e-17
2.194967537424184e-18
8.775514782701715e-11
2.9978450983008433e-21
1.5036286296204247e-08
1.7629404506685415e-16
1.3539827435615806e-10
6.741543154394251e-10
6.19921844595912e-11
1.0417642296644178e-15
3.759545195215369e-19
1.473564919861614e-17
3.038144972041958e-14
4.0392088201961154e-19
3.3845312683538913e-09
1.1970926309661968e-16
6.980625454094976e-20
5.149509307006774e-13
3.9466283193750714e-24
2.8311085605221023e-27
7.423025556639172e-13
2.3430443588858526e-22
4.905776825912962e-14
1.1385701458952444e-12
2.323503786592875e-19
1.0733191401757853e-12
3.478565306942571e-18
2.3788875373907285e-12
5.368173801746987e-14
1.1708447748530454e-11
2.2370004918851534e-18
4.9277829311591585e-12
4.527595413183423e-13
1.2989119455054538e-19
6.775574216680166e-14
7.21621248149886e-14
3.8472774937210144e-15
6.08049666525515e-07
3.904404517190231e-14
6.2315393743976945e-12
6.93520806927577e-14
5.415954901278924e-13
5.3547833234625724e-15
4.174021701985665e-12
5.6067148902342564e-14
1.8693094346756813e-14
5.3828934981253065e-11
1.2848053351780716e-08
1.747997936679594e-11
1.5735573199108518e-43
5.5410082978649825e-14
1.0661333239354403e-27
3.207983310034446e-14
1.1509883917789741e-14
6.80835813040255e-17
1.5843258600704028e-26
1.8692658071383793e-16
6.273538704013161e-19
6.807274148217677e-15
6.930971114812873e-18
1.3260339917007595e-06
8.476577807248822e-28
2.0769851549282603e-17
2.602970890797105e-13
1.3983791346874296e-16
9.572611425881049e-12
1.2851101736076362e-16
1.293656008557662e-12
9.87412228731185e-10
3.8348520115106965e-06
1.3141070678146285e-20
4.787474224578679e-17
4.599559537900878e-07
5.0419654851257286e-08
7.2770519305241925e-09
1.456747636623951e-07
5.83052373323094e-14
5.539377159656513e-14
3.0410046759609584e-18
2.2541408611627294e-23
6.872973570867657e-25
1.6358121551202429e-16
1.5848570686436558e-14
5.980675004008707e-19
2.6507453238788207e-26
2.395690692784522e-13
1.0729666911228206e-10
8.62927849886908e-17
4.3865503418038696e-20
8.321165006440495e-14
1.1502422257727069e-09
3.142528546919446e-09
2.9878050859848613e-18
2.252127598795806e-50
1.8357816700935704e-30
3.350328380021514e-13
5.583413115192687e-10
2.84517612294553e-11
4.886702906503159e-14
1.0873442280509357e-14
1.4248005097431688e-21
7.449986239097327e-12
1.5254021927846368e-07
3.544064952155119e-14
9.162249610575174e-11
6.832357531453326e-21
3.177493809159844e-06
2.5842246453810126e-27
2.2660013066922893e-29
2.587315470052294e-13
3.145562853918387e-08
1.4041987435865738e-09
5.4660672152852e-22
2.0495654477368774e-11
3.388564509274128e-24
1.6099484802403324e-26
6.939034678220293e-17
1.042325052150003e-24
4.676836692615738e-11
2.8599004790736998e-27
1.2333845253838344e-19
8.145970156551673e-10
1.2262331406412334e-24
8.467750897086489e-15
4.0217278884102643e-10
2.3335756756258652e-33
2.327152406746793e-11
2.386550374240423e-11
1.8459741207491237e-26
8.425188688647806e-19
2.2176668527627768e-17
6.750373757691598e-20
9.77713759771505e-14
9.654919022944104e-13
9.428379739519268e-21
3.992148048543256e-18
1.0283344886664806e-11
1.0607166580119934e-11
5.695400855436964e-21
3.0057559522070975e-07
3.1215984201205566e-20
3.835724189634518e-12
1.8649445233968368e-21
1.1985530457401847e-14
1.537745310621677e-18
3.305605095259008e-06
5.15962425084761e-11
3.7721505199162853e-19
1.136148846553191e-12
1.4204604401944013e-14
9.753460717079108e-16
6.556667366322744e-13
2.8833159268304083e-16
4.509657975595283e-12
3.694613338196145e-14
8.301440873935753e-17
7.650928229025518e-11
2.2280487780964174e-30
6.620008088152454e-08
1.2522457600033824e-18
1.9084817508622873e-18
3.6936081002079385e-18
4.2925325912557545e-21
7.925542199700319e-16
6.043758780062951e-16
5.404353381415963e-21
2.8021939266037577e-10
4.7851326514408074e-12
5.6095234292495815e-12
4.3992392467070634e-07
2.8898721252464983e-15
8.629249809474195e-21
2.703146230304776e-18
1.62772661231475e-14
4.737276339339913e-18
2.5778870346351753e-17
8.30969386712364e-21
1.3327423176915636e-14
8.542047717701755e-10
2.932390721493093e-17
1.9422000193178374e-16
5.124077736369139e-16
5.836246188439594e-14
4.321751829236977e-10
1.5812333216964161e-13
3.301480759657851e-07
2.6512252156320564e-14
2.1835325006707964e-13
5.262987559249219e-13
1.57632496418946e-08
1.6078754100199967e-11
7.607697112574646e-31
3.248012510271464e-05
5.077808848145705e-25
8.278301723990561e-13
1.3421971031719415e-14
2.0093515538702575e-12
2.2507509367519e-13
3.864848961690582e-15
7.5131100628617e-25
1.5242003048223344e-17
4.7962424556072706e-17
9.828261609321987e-19
1.5450048611035084e-13
4.668298616569133e-13
9.619274646270306e-13
8.237224634141906e-14
3.000334600201538e-18
1.4395070557867603e-14
2.9912041588664387e-10
1.1400219706265338e-19
4.2189531741526415e-14
1.6726010829738986e-16
5.44339535440563e-16
2.7471151012642657e-14
2.176380859760674e-11
1.2707213905085148e-23
4.258653103917926e-15
4.4999787596603184e-08
1.2708739587389496e-10
4.4082619573841176e-13
1.050422074681189e-08
1.3367746841051278e-14
9.667274324510236e-14
