5.162456373639076e-19
4.969065823214655e-17
6.320667847552852e-26
4.293707878051383e-19
8.710378719506944e-29
5.427557122217904e-38
2.145209529642357e-23
4.601033606412833e-41
1.4852810737776637e-26
2.0446254199792385e-26
6.467040398160174e-23
1.1165394267901164e-21
3.7845592865597267e-19
9.989199293399403e-29
5.442769875970517e-17
3.7098396844872315e-18
4.306715198955656e-07
1.2017354458067535e-20
1.683612857392315e-27
7.732730975511902e-29
9.625108609379704e-43
4.7447414893612515e-54
2.2930776782071814e-22
4.587686283659457e-32
3.6154194835334095e-64
1.2440646547414677e-19
1.052513434133771e-42
1.0333444709629933e-24
1.9158000617358485e-17
1.4509103612555832e-14
2.392444691526924e-21
3.360912570537072e-16
6.961337943830402e-30
1.0651027132796086e-32
9.926368862517213e-09
1.6486638705669716e-26
4.869013233445502e-21
1.703633592937174e-10
8.187774680178706e-25
5.262401865597519e-22
3.284091659235117e-17
5.992550290251754e-16
1.772072405283907e-31
1.1040447664203413e-13
2.7126042390759174e-23
4.076799610360864e-22
6.610235601338057e-75
7.392638294932883e-08
2.3434859768099635e-25
1.0540341654580851e-10
1.5938535933695363e-21
7.278667126326472e-29
1.9786920438648718e-28
2.4049333210436485e-28
5.320625315481085e-30
4.5772484177098975e-36
5.4211908248147494e-12
1.015386449887821e-15
1.8240567828798793e-25
3.411055346587029e-64
5.0217648518145585e-34
4.0989171123177794e-22
2.9509237399358325e-57
2.841094705612179e-26
3.44585903499374e-75
1.5052758490910904e-28
5.301055685621233e-24
2.0305111885400463e-14
9.358930745653931e-37
1.3910808514690792e-31
1.18298943344989e-22
7.472231621796801e-20
2.1284018875325472e-20
3.6962029635962275e-16
3.8478714693475055e-24
1.9757121523344742e-20
1.6544425019292898e-26
2.2757533391942724e-21
3.5632313455405086e-64
3.2668351987007663e-21
5.1706566675530026e-27
2.4330771423324767e-24
9.974233427429668e-22
7.742966325057675e-23
2.094597107494008e-22
1.1791039153477549e-29
3.7946437573118995e-15
5.1400803324781385e-31
7.303500264085807e-29
1.5586383354338425e-24
3.3492626761577884e-30
1.265928270710935e-20
7.428756123603309e-23
1.78924024438977e-37
2.2959753470947456e-76
9.468941436530151e-14
1.5097273703020521e-15
1.8725979252939876e-34
3.8164582751386737e-22
3.164313521158504e-20
4.957787959058039e-09
6.814830858329109e-20
3.367505425106063e-26
1.2225040675931487e-70
1.7329452269483605e-32
3.9403387111746993e-13
4.0055015952722626e-92
6.653929376260061e-22
1.3475258969074567e-36
2.221164583366788e-36
5.265372997920239e-33
3.711761600052399e-17
1.2602004462025636e-22
7.389182818251586e-23
1.6051984471304827e-39
7.107580121039769e-19
1.0803095658915661e-19
1.8468593638795585e-25
1.6390825730196893e-10
1.4450940813270533e-28
1.2377392906079674e-34
2.929645775321781e-09
3.4978777704447346e-19
5.024721028740646e-19
5.156511778975701e-08
6.649043012412783e-36
5.441076402716547e-17
3.635700758744467e-29
1.3900848686971475e-30
4.660043663860986e-22
2.035183378063215e-18
6.703242143435677e-23
1.9052850665873546e-24
3.2306911800601605e-22
9.846928634245636e-27
5.604749515420615e-19
6.216067227939315e-10
2.5107502048199252e-29
2.829743023425069e-75
1.4857768306235213e-17
9.490512039869176e-27
7.17067417636252e-12
2.1587798951335624e-38
1.0552456466079084e-08
6.555785113566665e-27
2.4666784271616365e-22
6.572737717301169e-29
1.566929303185375e-13
1.756408588884513e-13
3.999680763648898e-35
4.1788243337835653e-23
6.81776454491271e-20
6.665303995736194e-23
8.468602643425412e-16
2.1738783015531344e-27
5.439130744416468e-22
1.071841038018947e-17
9.696361636354492e-38
4.413401225747526e-20
5.811164086287088e-10
9.16754860037803e-22
4.0506247290180477e-25
3.695337017897256e-20
1.8845896117017852e-08
2.4464587994384614e-08
1.669211948631045e-11
1.2184949536998566e-37
5.1210502285964654e-21
1.8502821078787892e-25
5.848888818655113e-35
1.7779607291880163e-24
1.3937552201908295e-18
8.292524140413067e-20
3.6293308593189036e-28
3.938475939825402e-24
2.497322866852473e-22
1.4273327903579437e-09
2.4955899991502767e-29
5.815436595030249e-15
1.9646920132777636e-18
9.243945697288742e-19
1.0504295491428628e-21
2.3182345874736523e-24
3.02325091873936e-15
1.845797055655716e-29
1.4410108273228369e-27
8.669730907512517e-33
8.18634413315673e-20
7.461312293544664e-21
7.721635552419491e-19
1.2197370263673808e-16
3.928928180651021e-19
1.0330247751094287e-36
8.734939990594877e-27
6.853678335474889e-14
1.179779585999887e-81
3.8200025130070874e-43
1.0672030644847476e-17
4.5254521308076984e-26
7.37426540455885e-28
1.3704234803184188e-24
3.688393674037264e-35
8.355633930300637e-47
1.659276936074409e-16
3.86857652239e-28
2.0567334313679193e-35
5.604505103672439e-35
1.095909774816709e-30
7.692226790188309e-22
3.2910978472915566e-11
1.5282937280430958e-15
1.2882944644623276e-26
1.5666323698617653e-19
1.6024652142961057e-21
5.580163795312604e-28
1.8632408007624094e-19
1.0826036745614623e-16
5.852998568122355e-68
2.1541176828587157e-37
5.208857669809412e-29
6.2459211970560965e-19
1.9826834532861245e-28
3.7044598394783045e-23
6.457961428753277e-20
5.370190697840853e-18
6.431649177595167e-29
2.1435166778518012e-13
2.4617436828265047e-22
7.162859753708062e-24
6.254804210513508e-31
5.260790688753509e-42
1.7357399496649838e-19
2.897524781643314e-18
5.0390455222691345e-15
1.9019734017696307e-69
2.9077598718342374e-32
1.9181553817938564e-22
8.504972282143619e-17
5.580365907500767e-43
1.99282191029342e-10
7.694083149422028e-40
3.5521882181640335e-24
2.2612239336167924e-29
1.6092361165533133e-08
7.582672228255021e-17
3.208473024321564e-20
4.526736998376382e-25
7.849772661216588e-17
1.2143176182265956e-22
6.1066697556171444e-24
2.4927251303492014e-25
3.908395056134101e-20
1.4093458276638447e-32
8.557627354279966e-18
1.1260882801221011e-77
7.967765978595116e-07
5.654043286391231e-24
2.9237198920862887e-18
1.1840241911641185e-17
6.04468408946458e-23
2.9776113763013847e-21
2.7563578195457466e-20
1.4945011511585613e-07
7.650225874168845e-21
9.0878799120103e-27
1.4279984481657696e-22
1.2108123133854534e-28
1.9620597964878744e-17
3.65198320986302e-21
7.861589172282263e-26
2.0653182176221964e-22
6.444548173450691e-34
5.513267086741169e-13
4.216817737704209e-25
3.606463913032535e-15
1.8086928998855675e-15
5.586320440583613e-16
1.0659265428722318e-32
6.329809876235085e-26
1.280819213579865e-38
1.1335245517099242e-08
9.339081695382826e-21
6.476530747963877e-35
1.7700237062325913e-77
4.343508279888178e-83
9.310089591132979e-21
4.706256849344157e-19
5.382254993901328e-35
8.937517555060732e-21
1.5078247310161367e-20
4.663281240158303e-32
3.5432686653239735e-24
1.8673007594610337e-37
9.934841297243055e-62
6.898872497493288e-19
8.952856308206259e-35
4.65172868613074e-29
6.031250584346191e-24
1.2061145112115911e-27
1.9891163469728615e-33
1.396313587710992e-27
2.914736805012429e-25
2.1797857546380877e-33
1.318812244657473e-28
7.375443643789435e-24
4.2598994755480045e-28
1.881906250920177e-21
2.7688642817101894e-27
1.7572977592002762e-20
8.925063674354722e-19
1.3389267527732472e-10
1.940985056479072e-09
3.2962224659491908e-21
1.2818064734231766e-34
2.5940888585936517e-81
1.8938128163638077e-21
7.229485632287686e-18
4.148789739760259e-80
8.69801835617755e-16
3.077270450870329e-20
3.662646601787566e-46
2.077603416087625e-18
1.4383127404295505e-24
1.4073961886741818e-21
2.599869599527305e-29
2.858274207915226e-22
3.982333262879001e-66
7.566406583916956e-48
5.911242068185369e-18
6.387582815904183e-20
3.694429657173338e-25
1.162759647512993e-29
6.590938330048377e-26
5.914730567580093e-21
5.077619433254254e-19
3.547117179323516e-31
4.2977873499900326e-17
5.3569439196287186e-33
1.4962011551653547e-27
8.035378528315665e-21
5.795833898352751e-32
2.435714812469256e-18
1.2253101723700177e-12
1.964431017504697e-31
9.53055611224286e-12
9.964152274902122e-15
9.472057500522718e-45
1.8374055256952283e-21
1.1178440779439203e-21
1.4011488027575334e-23
4.4484717219771114e-27
2.581792309783222e-25
8.933503644000856e-27
6.617101840431203e-13
2.1452784734454724e-20
8.488594720841515e-21
1.3665919764223618e-25
3.806387124687116e-74
8.029730903617796e-18
1.416300011798821e-40
6.050678374400402e-19
3.416050343067383e-20
2.320738893825346e-16
8.783132091086787e-27
5.969879439890511e-20
1.06864407584181e-27
7.461483142210289e-34
6.318220010208329e-15
6.305427524025878e-06
7.13209460661844e-24
8.651591607837931e-23
2.2651175339904185e-28
4.83971075071829e-39
4.070738514804862e-31
2.3331569984005962e-61
1.1655633151528838e-82
5.160638062585161e-44
1.225148278699004e-20
4.2058570214721753e-103
4.885684668113643e-15
2.0913909209336147e-22
1.9795703955313656e-16
1.259427648908454e-20
3.551348745216463e-18
7.545719706818265e-77
7.488538371629853e-36
1.4218285764337504e-34
1.6958998667385485e-28
1.5745696661829141e-27
8.692355738961019e-26
5.389432227522133e-81
1.163079760981105e-22
4.47487898817964e-25
1.1429630558434305e-22
7.11846446353089e-30
2.2982638266459316e-16
1.3470803589105804e-16
7.386325695654866e-14
2.354835425127188e-26
4.336665628867113e-17
3.082264240426927e-28
2.199313747235701e-11
1.1217456516057888e-22
3.747131451971235e-43
2.074557645638946e-08
1.2695784825396172e-18
2.317622040911603e-12
2.4980134631481816e-13
1.0326258956784362e-17
8.187155174276808e-47
2.4268560953217935e-13
4.1171142349729323e-29
5.201153073304476e-26
1.5217837713591861e-89
4.3307130195429454e-16
1.0732429983610568e-38
1.915990094167226e-16
8.020953277547676e-20
1.2626146402424408e-36
1.1107894327619417e-28
1.642673488524717e-27
1.3677947170716919e-73
1.900738770632782e-70
9.494383565440606e-08
7.690976157798806e-22
1.9919309072391182e-17
1.1041589420794609e-23
1.8134474140208875e-31
4.1879170499526664e-19
2.0085582575705294e-20
1.7079609580119675e-43
7.153120383581245e-40
3.6756663930709e-15
1.3695309528166935e-24
5.463774629892763e-12
8.503113139861763e-38
1.8457305778469443e-10
1.7183635796095425e-22
1.044492158554455e-18
8.157659027302306e-69
1.65711334839649e-26
1.3334828212009506e-34
4.747910008835822e-22
1.139925286709372e-25
4.806319310335315e-19
1.4002379195577891e-22
3.18953499336786e-14
3.4886069204130695e-27
1.1498074160289669e-22
1.7583071028063857e-22
1.0113085288413014e-32
8.081912177338072e-40
2.263361511709285e-21
5.977629173474079e-17
8.464126055051588e-20
1.1837150208269728e-13
5.521162529346359e-21
2.74636862120241e-22
9.373059779633954e-30
1.4471389666873937e-32
2.3200580555501915e-64
4.3067716403566397e-29
2.061428568654457e-15
4.482122170653253e-25
6.90982954734912e-82
2.1343210450397367e-17
4.475491857651204e-58
5.973431612940421e-25
3.891457129092574e-32
6.385765104203519e-11
1.089640680423596e-20
1.5644562546610578e-36
1.4502385637854816e-34
1.1925527499355882e-28
7.087452594030581e-37
8.346403174563958e-18
9.799997995500572e-45
6.836043121649676e-30
3.8057980912705657e-13
2.5109056058412996e-11
2.0286318785401464e-17
1.1631340273396009e-21
1.4076567695363666e-23
2.7657878690904543e-32
3.5428400675585437e-10
1.4165904901823143e-20
1.4054011058706704e-17
3.7009822740540826e-28
7.454217562867044e-17
1.527521526577926e-17
1.2057541010853855e-16
5.853382335723968e-22
8.400838821765587e-24
3.902413236526672e-40
1.138021328626146e-12
1.6636966319309417e-71
3.987609414219438e-23
2.0786245672441606e-22
8.551378341278958e-21
1.6896375792464658e-25
2.948111858648123e-13
1.4675427262658428e-25
1.8001145935167024e-26
1.4921004126651417e-16
9.175830050065635e-15
4.4449974978925916e-26
2.2457010693720982e-23
4.063674358234501e-40
1.7375502631689584e-17
1.3659470948026164e-21
3.378689899250726e-22
2.360971593533227e-47
2.0780819119024065e-08
2.3735715351861296e-21
3.166975642870375e-26
4.03574645567478e-15
1.346148546565953e-27
8.703737248221291e-18
4.534586924028178e-74
1.2345113707730313e-21
1.738599354274844e-33
1.0047112012182222e-80
3.4880536877901636e-23
2.2740181292484184e-26
5.075521767191135e-27
1.9119811916731004e-27
1.9314405708753905e-14
1.3919690361246617e-13
1.0492540575254774e-47
1.5049703857293303e-15
1.0431301256364284e-32
4.4343348858781063e-17
6.56280970388998e-22
3.5626356205234153e-34
9.362034907173396e-15
5.156858592680962e-18
2.0856133867968025e-30
5.533213183198857e-25
4.706505645761118e-69
1.0969196784760222e-18
6.407983641206608e-27
1.222333808645478e-09
1.7727784564574212e-37
3.467955183375661e-39
3.9450673942713315e-29
2.9656722013892477e-34
4.661428360759427e-30
7.215038126775055e-26
1.0941831234398987e-28
7.080515911549293e-33
5.5437404465761666e-18
1.6930744589847863e-18
1.8318124445421983e-57
5.51879210000578e-22
5.96885349333694e-14
7.523277389940394e-25
2.4235064674109147e-55
5.1474388651420035e-20
6.063309258529704e-12
4.40251381793048e-22
6.877711902657807e-15
3.3784020042264264e-22
3.0835045262136078e-21
4.18610854045079e-12
1.3164979228155051e-22
3.4386614817524905e-76
1.2598873303503623e-22
3.4240225178829038e-18
1.6162488764933436e-36
7.629400376016924e-31
1.1241657474010753e-18
6.423565352125073e-15
1.550962075512245e-15
9.32290436897242e-19
9.949747658284762e-36
1.0510073902157572e-27
8.431930287895314e-14
7.742852972784119e-18
3.166213332387164e-29
1.247823406374653e-08
6.014210362478475e-23
1.0974261065765797e-28
1.20216696915439e-21
9.725914716662815e-25
6.197978695424893e-31
1.6844692558381962e-26
2.328869340197683e-27
7.892076831974545e-26
3.374444289908376e-17
1.9614164158536923e-33
9.749470643201986e-22
2.637267026972509e-22
2.238720663727723e-24
7.880975975645088e-22
6.6593586186036275e-15
1.5509191139777654e-24
5.395462676526603e-37
5.8752197528990516e-24
1.1995997215549586e-17
1.7140623727074708e-90
1.3822836893459196e-30
2.695773513880166e-40
2.092016742675946e-17
1.697292222456897e-20
3.6878105607300805e-17
8.611301933212461e-19
1.3856906227094456e-11
1.7696524050315766e-17
8.19253290236416e-20
3.503220338789764e-28
3.1886166110914166e-25
1.0327663305459326e-33
2.0161247576244964e-47
3.814820625111386e-24
5.550671422355134e-23
7.689863502473927e-18
1.4321216600113362e-38
4.0309268762012034e-23
3.58496737062925e-09
1.5433669296768015e-25
1.2601114814220665e-23
3.584343247241355e-16
1.6689473192103018e-16
6.4491550196596e-31
3.5321643449664234e-32
1.4319397479571468e-26
5.248664033880814e-22
2.5933114415632606e-29
3.054172742542883e-11
5.481058721180852e-20
8.445100346924499e-24
1.1947156429485497e-30
2.043112501319117e-10
2.5596926070796643e-51
1.4813847084024935e-54
4.733941810298046e-15
1.0999156674740018e-27
5.605299820489959e-45
3.6312601088123617e-66
1.2093356213945796e-23
6.785766405986129e-33
9.574429175803303e-19
1.3445529539967557e-15
7.589373202566042e-09
5.436198436777487e-15
2.5151934405725467e-20
3.1843133367743576e-14
3.8935830281271415e-29
7.063336617329552e-18
2.963150034257021e-41
1.1337715468877707e-10
6.745433631149144e-30
8.803868466250933e-14
3.114387992265685e-21
6.322493548712149e-17
1.5761308899063484e-26
8.366008851351169e-33
6.50528777639136e-29
1.8097478189029727e-35
4.734018236600083e-34
4.056893481340054e-85
6.46745047151786e-35
1.3246784391581497e-16
6.301575423528768e-21
7.019767614881765e-27
8.151527362175619e-09
1.465419462387021e-34
6.245737674724086e-44
3.757831284785521e-25
6.984954711163704e-32
1.669778856838504e-27
1.5462288296354161e-09
2.0351369944825027e-31
1.6833601722964339e-21
2.2949886566879856e-28
2.4557513602802783e-20
7.868638056161464e-29
7.008009070359848e-75
1.5517446404821105e-24
1.846263171642925e-33
4.493432413063253e-31
7.955602855771139e-29
2.65147929263477e-22
6.360678189446049e-25
1.0257620142529887e-10
1.1794192336669419e-21
1.2357499395202102e-21
4.533523524060893e-15
5.444407115336866e-29
4.1707146699491867e-10
2.8740235608599833e-38
6.358043819238742e-35
4.50646139438173e-26
7.15080222717492e-22
2.9410070582399887e-18
8.495529171673584e-20
3.7056652778508883e-59
1.458867813213844e-19
3.943748100326729e-20
3.63284666118278e-26
2.5133255444742736e-84
4.372609712809738e-19
2.2615997446038355e-65
6.167745122289214e-32
5.560385476979712e-28
1.8677131806885105e-09
1.1167758702318603e-16
5.867377301662732e-16
8.936182628841156e-26
2.1105560677905302e-19
3.2660921038299005e-33
4.2681014822960665e-16
4.705992042804504e-45
6.171947021870796e-22
2.296816501792847e-19
4.840224741786646e-19
1.4327239403163063e-20
4.173131590429289e-21
5.926251216962207e-32
7.750178299854683e-19
4.900057489500524e-07
4.132427760326974e-23
4.561115976591459e-24
1.4696686220030287e-22
2.5094892721164447e-17
1.825499451607977e-18
6.379008295377853e-22
2.6674529488419572e-17
1.8746988323348916e-21
7.585583433647984e-32
1.5538377461393687e-23
1.6389992893545699e-18
1.1341058278520346e-92
2.2909193544238497e-18
1.0070617885492792e-29
9.655464547060078e-21
1.1150076313598754e-22
8.736199153967765e-73
3.191872171214236e-77
5.8609912102139404e-24
2.713808943327296e-13
1.0780027351034116e-26
2.7274977217169095e-22
4.2386371242830455e-26
4.501843836202781e-89
3.3334031852636984e-40
2.752117159633796e-23
1.4113749466102439e-42
7.3193355140535e-21
2.665564405099824e-25
1.2585283563142578e-23
1.8581398945142932e-40
2.0950711233041622e-18
8.551145709165333e-29
2.208122465517515e-20
4.001856367322599e-30
3.82942889194674e-26
2.8747493847439e-39
3.2031289226111503e-15
7.795986557720668e-20
1.5107683359339355e-13
1.6575491322555138e-26
6.813519144335783e-24
2.693063658481128e-22
6.3073939642048574e-21
6.736345835415129e-39
2.4842872851984515e-26
3.5641890399434134e-78
5.649829327127472e-23
1.6113685156673942e-23
4.143176926292727e-30
1.0509601402602664e-91
7.999103217927709e-17
6.94715489593781e-31
1.23255905172004e-21
8.897625131323602e-22
1.8773932125233366e-42
1.9481368076670502e-23
7.810001817211825e-20
1.1958364017063218e-18
3.7094092619560275e-20
5.52908567161837e-20
3.1979547311770064e-20
1.2536954846698335e-23
1.4139766089203552e-20
3.540930920172647e-24
1.5157913452336125e-56
1.2600931300100361e-29
1.8148189519722903e-29
4.62782516076848e-26
1.7322025755782426e-23
1.2735341171311993e-26
4.528283372980157e-80
6.351419177621991e-28
3.5781128736021834e-22
2.5106080556854462e-18
2.2517770829399864e-20
1.5631545193637864e-08
7.504569408970637e-20
6.40551666084776e-25
9.137444147510117e-29
5.845042044850562e-53
9.09331959689113e-26
3.366328441564315e-66
5.803993176672617e-17
4.106202764660729e-39
1.3184731722159478e-30
3.125457837359655e-29
7.848221733315884e-49
1.9080249857622527e-09
1.7522151347459562e-32
5.9151448090451926e-33
3.479968296796099e-30
2.9437431640573987e-19
5.184762011236747e-19
2.6288062117276396e-17
3.2738752220260135e-23
3.0124152975630033e-22
2.68066933205469e-23
8.884930730514642e-21
6.157657799313848e-21
2.7988929956345645e-19
4.4102293140615e-22
1.9195734889092344e-67
1.8524336469017263e-25
5.41316105323889e-12
1.964877898024553e-20
2.361819448887046e-19
9.817783556839935e-31
1.0339125339670571e-19
6.199417126682237e-29
2.525066511859515e-26
7.566336551169259e-25
3.1621955013141566e-22
1.2595898498122076e-26
9.962389603990189e-22
3.084771543101205e-29
1.6223257993136574e-21
1.3765537957175495e-53
2.2176797232720434e-35
1.2112281305883096e-12
7.99294474087088e-30
4.891218769734765e-24
7.421490427649626e-34
3.479041114330403e-79
9.62547248475575e-17
1.4679438253124868e-13
8.955847872157432e-28
4.032412163460422e-18
6.896025659663124e-16
9.961689814700532e-19
1.8592957149133914e-24
9.173703874299313e-21
1.174928468353645e-16
1.388348791628153e-25
6.037765027799091e-27
2.7281133160140186e-32
1.4943943394409944e-25
1.5049170068089718e-30
4.950903418576567e-17
3.7700690493566925e-42
1.3880327937591007e-11
1.930190559703198e-43
7.688677681783215e-13
2.590386335002367e-16
1.1297431136452379e-26
3.027515075791503e-14
9.35787422142721e-16
1.4819360530573025e-29
1.457551532206272e-24
4.740345364000799e-31
1.585549510522625e-15
2.4395629272851676e-26
2.2263848299140694e-36
1.8937151891404455e-31
1.732066079794575e-20
4.57975679203572e-22
8.048045601871451e-16
5.057812335967538e-32
1.0972296662431213e-22
8.238730717238088e-20
1.092254331587581e-26
6.795692774513077e-29
9.806914104835718e-20
1.833730339891149e-35
5.916092763448945e-26
3.212012744418599e-22
6.601334099706275e-15
6.4338197643744185e-31
1.4646123744722233e-23
6.978701557904059e-23
8.194136639981176e-19
1.1424097566593808e-22
3.651759159315633e-19
2.034752863652162e-34
2.694275418977847e-19
4.138535668740992e-23
9.437013432922774e-23
1.080492683159985e-16
1.003201075082907e-18
4.838721467451123e-28
7.128554053482735e-17
5.560279544389326e-22
4.024045543905745e-23
1.1468226230940105e-19
1.6323864246941761e-15
2.806348586960121e-26
3.372657166145943e-11
1.847134137528734e-34
9.248725239946279e-29
7.217910891831107e-20
7.634575964060818e-27
1.2229015934799972e-24
1.819639702503209e-70
9.573163372746871e-23
6.721868213153903e-28
1.067591626486602e-24
1.5457804353109976e-35
1.0441211949187964e-21
2.4049294082127378e-20
5.386521026921986e-59
2.3085963305418437e-10
5.968226050556755e-23
7.085063736745537e-18
4.4445542210668305e-25
3.528267954086026e-19
1.5662505036328059e-86
2.1766612178285804e-12
1.3251731691247603e-35
2.14536042279422e-08
9.105616813796962e-19
3.906222078167578e-29
7.088700359993165e-29
1.681264764868212e-36
4.259249298927323e-12
1.8799937688680275e-24
1.0819615897327293e-29
6.889436835813566e-45
1.858062954008268e-21
5.004691053097646e-27
3.998436631434211e-20
5.0065699502949075e-30
4.74866846924191e-24
2.77637607393666e-44
7.682876456846811e-25
1.9545094394187664e-05
8.967571819394347e-28
4.564496569357076e-78
1.5952095526639446e-26
5.991934605027408e-52
1.3286926304129162e-25
4.610571838423169e-27
4.0629465418915796e-19
5.467711097481661e-12
1.432528520325467e-23
1.9883732087242197e-23
1.3823857658093954e-11
2.5460668001897197e-22
3.033611302763576e-49
3.3558630282245345e-38
1.986843040846935e-20
1.1473526648721465e-21
1.8952669840108802e-24
1.6503239079281927e-07
5.2535462511778736e-20
2.400539985610842e-19
8.090833585760084e-24
2.3287159952552335e-28
1.8917908682023008e-29
6.76010735982794e-10
1.4679558972036384e-19
3.470820268702195e-24
1.4921750376656752e-20
1.159338945208919e-26
1.5918684600335095e-15
4.753436550655658e-21
8.29675792256673e-18
2.5279110368617356e-24
2.5514628819505025e-22
1.0185650120612606e-11
3.882883587047535e-17
2.4537161652053267e-20
2.582493521095357e-23
8.781171563215095e-21
1.8262694509862528e-17
9.580163033784715e-27
8.189144834166068e-33
4.4375843450333815e-65
2.9463362247416105e-30
1.4521722809863224e-17
1.5119320470715084e-21
2.2858329933988182e-21
8.441153230939376e-29
2.8221696733802372e-39
1.7984338234195587e-07
1.033305290076873e-14
1.6916506337737772e-19
7.267540667757689e-23
2.933489424702176e-29
2.449114459280696e-13
2.105862303963142e-15
3.1551441722636888e-12
2.7473804956490378e-08
2.804842789833188e-22
1.0026257614849862e-21
1.6921115221892517e-13
1.7209962798573693e-19
1.9198036338985296e-25
1.59182638880577e-89
9.944119339690725e-10
5.242255229904879e-11
3.569831473507513e-30
2.9698210480159075e-16
1.1992145956101195e-22
2.1009365840754103e-10
1.3918852312785048e-10
9.324363114714127e-22
4.592059643414239e-35
4.6784079740410614e-42
1.8799589310059644e-30
8.743773040630158e-23
4.7045760014210076e-07
3.5340093356934945e-15
8.073660862374461e-21
3.268483309660607e-15
9.004176674686896e-60
2.584628600234613e-23
3.4435116533931896e-22
2.8641194853153577e-36
8.239231040730304e-43
1.658016861913432e-23
6.856453540973818e-27
5.059273630091761e-22
7.609719058593452e-22
1.135204954868674e-13
6.423116637618124e-29
3.9779954473873494e-23
1.4794207025752596e-21
5.9055148649158764e-30
5.036067226890689e-19
5.323989184529218e-32
2.331889043750052e-30
4.72479120703445e-29
2.610782959273915e-18
3.405792733661336e-23
4.680772199754166e-34
1.9990718405930535e-27
2.692706178393295e-26
7.485318476802751e-22
3.5831103112571613e-23
1.743790843447692e-24
1.9619309301411002e-76
2.4478711388921355e-10
4.1021651970056247e-19
3.6135033206304126e-27
1.4447727526455261e-24
1.1991574055945066e-27
4.280264310494424e-21
4.09440251055078e-13
3.1958677029452696e-29
6.902114428377328e-23
2.1507408823514555e-20
1.555652754647277e-22
9.414703631765233e-31
1.1092566183605666e-17
2.6750580201045318e-20
1.9719264959809004e-28
9.726200849309066e-32
4.0841589593326825e-13
6.093708462516826e-25
1.2886657373579796e-20
3.08673087119832e-24
1.677034731075113e-23
5.999962300609526e-22
1.4039518032154765e-15
2.1907088849585193e-16
5.948891182565484e-16
1.1515946345700395e-11
7.700089225581811e-17
9.913682670662688e-16
1.6958812152227207e-16
2.736930780532274e-23
1.581224647236394e-06
7.702674989078998e-14
3.1577723701898144e-14
1.2482949119921519e-26
2.0040559871311643e-19
2.6373900674478485e-14
3.237360078931474e-28
3.723834894953434e-33
3.6326626426548013e-31
1.0804637250474986e-22
1.3950684239299903e-37
1.734029719827604e-24
1.1324707394177924e-31
1.1757952709072771e-22
1.324029190045676e-26
1.1458538641582707e-27
6.524635531274198e-22
2.5561177566070105e-13
1.518545941534994e-23
2.5684852426791776e-17
3.4010341197840806e-32
6.188039053295293e-23
4.7942075888298997e-20
2.2156846929685338e-24
1.7218009886069168e-20
2.0917860447719565e-18
5.313974792277283e-20
1.421171213331191e-58
1.0529861693517593e-24
2.204887278549576e-14
3.0082842637211806e-11
1.1659710955063783e-23
1.5619035239927624e-29
6.382285518098557e-25
1.1473044604899657e-36
2.8901582756531446e-25
1.9214680270319114e-07
5.2742185418034246e-64
6.429932629374488e-78
2.0333370749278388e-35
8.095653318836407e-25
5.799570861961867e-19
9.752828302534146e-18
3.2992505178463745e-45
3.662383276228499e-31
1.0193782634500396e-34
1.0470018085023502e-20
1.0310891839159656e-10
1.2976761433237701e-33
2.657251288659239e-22
9.488190063594323e-66
5.343722576913898e-15
2.5948692738590537e-27
1.0441190663794185e-38
4.4439756945480444e-24
3.224050836981199e-20
7.516649269090326e-31
3.674984545897644e-31
1.0090057575927003e-28
6.201277701984371e-44
8.548353766360946e-27
1.4987238244878773e-15
3.835250329160398e-18
2.887097044007079e-38
1.0589492267257713e-20
1.2119408591219208e-36
3.478630908637984e-28
8.724543693238802e-18
3.6828379826502945e-22
2.1322518420459853e-12
1.7552427294174312e-26
1.0529110371268582e-82
2.874886706231017e-21
8.514956473542529e-17
2.729859052245598e-40
7.735158418456884e-33
5.9939325442604894e-33
2.5728487643642203e-70
8.376643855750341e-90
7.047559836961715e-24
7.346361765721819e-20
1.2444445535882413e-11
4.159921325886452e-48
1.0985204329705208e-33
1.6092846973861713e-22
5.717615972246012e-32
1.0311339823102137e-36
1.14393622603512e-17
6.160134664367308e-21
8.755887041900295e-20
1.1071225568525151e-23
5.566614462254527e-25
6.061984739005567e-39
3.5895566566601596e-79
1.6083296498953233e-23
1.419016254343659e-40
1.0720750592187902e-28
2.5134659827699443e-78
6.805634167953505e-20
2.483067458280853e-32
5.08883332775093e-24
9.375381613035672e-24
1.0806287922906129e-18
3.585365200860193e-26
5.708324720746334e-26
4.0863268228394366e-26
7.996649176641484e-16
1.9631856190853482e-64
3.5095479854723433e-28
1.787438844548342e-86
5.867017269368234e-25
2.793981228780924e-25
1.1173519539777846e-20
9.251105634024453e-24
1.1718906094022519e-23
3.1076968240352647e-30
3.997430426250313e-38
1.3726180263421024e-72
3.331272486164272e-27
6.925071571186954e-28
1.3270863580156094e-10
7.398949380201118e-12
2.4182652963948315e-38
1.0618273307530642e-28
2.4683199874764815e-18
2.1893511373106476e-16
8.025007083457397e-15
1.7400126158144095e-17
3.896803109812955e-29
2.0715934734628903e-24
1.1402979387907535e-10
1.4899518516451111e-24
1.677393070634489e-15
1.0744427460800407e-10
3.403204274433693e-21
7.802093626929907e-16
2.174454188013159e-33
7.061852990185644e-34
8.585800497330246e-23
8.044212263268473e-29
9.891138211643515e-24
1.7255287233971238e-19
9.91752980534773e-44
1.3641334777607608e-11
1.679117384352423e-30
1.9860770151964485e-08
2.366558491945598e-19
7.3255512880272555e-34
1.5187163755607997e-10
3.572144164074559e-29
8.49149124262171e-28
6.980505633380076e-35
1.2389399072989145e-20
1.3436556150887358e-72
2.1076990946114964e-40
2.7824093371621926e-11
1.1099346640843564e-27
4.6922800534117284e-07
4.729266352158463e-25
7.497848363480799e-62
4.97998149506546e-44
2.029175419499852e-14
3.657087511087191e-15
1.5488955383381051e-47
8.769372773757309e-17
1.1527499114273725e-29
1.0210647837703897e-15
1.39629440722399e-18
3.6876281524827684e-28
6.091891603440203e-25
1.1532676352765311e-13
7.994593304237823e-49
6.559676243334729e-28
2.998225709470417e-16
2.1747676996110955e-21
1.2046653748789298e-30
1.7808290706520536e-21
1.8429479598507181e-25
1.03322845834143e-17
5.366698680608043e-20
3.168874754909853e-42
9.724166723830334e-25
1.6677250948204675e-14
4.770186211781683e-30
9.112043423935382e-10
1.993562382470931e-19
1.2155347499099065e-17
1.5293975284275787e-20
1.7165499817271607e-32
1.486298128145386e-20
3.3246571587140226e-41
2.0023264780769595e-07
8.950676260563144e-21
2.2067629782963843e-18
8.507239197682557e-19
7.214642700492116e-19
2.8745628451327817e-16
1.7119357770440276e-19
6.6101214078001384e-24
2.408077288740009e-22
1.9901358320323918e-07
1.0892461955711886e-37
6.11159933259292e-60
2.0677830682589133e-27
1.2395892283385025e-35
8.193127472301505e-32
3.545862694091043e-25
2.2766002630510868e-32
1.0975588187559695e-25
5.657905969317159e-71
7.080904127599366e-42
2.792049462062886e-24
2.2730658480018026e-26
5.549857829323678e-20
7.442410879039792e-19
3.19111477387968e-46
9.774350842507644e-24
1.880348294740634e-19
1.2243793292452093e-66
2.086237321789494e-19
1.005030054304095e-31
5.754505149170865e-41
2.6040129303286355e-21
5.1052130221924075e-30
7.434470418771314e-36
1.3232448494652995e-27
4.940802489357904e-16
7.842997120219892e-24
1.0964476924622158e-23
2.1952242214852117e-28
3.1498422191427787e-21
2.1865761261363436e-18
1.2894320064863501e-12
7.862868644243664e-26
5.188107655218622e-37
4.729083038429764e-24
9.320723174342812e-10
7.34565781412698e-45
3.368226324048707e-24
1.5331707880249508e-77
1.3619453795442807e-20
2.19932840796463e-28
3.055642032198886e-24
4.44140266483575e-18
1.26487891781243e-28
4.308366492601286e-37
2.301214922248251e-24
2.9510879685862585e-14
9.374993806698465e-18
8.138823353045667e-24
6.793545534958482e-20
1.5269815973810346e-19
1.1720058867871622e-16
1.0392425320901986e-27
1.0513415211603922e-08
1.157691561906325e-35
4.9206301998519035e-12
7.736051533478075e-39
1.5520101574881303e-22
3.8370935923982674e-31
4.2398361155134934e-13
6.675694655723481e-26
1.813879395830358e-26
1.0505878642622219e-06
2.863665202942473e-23
2.5327576454153488e-17
6.949495834843692e-26
3.400258937983758e-17
5.158885331712408e-19
2.737758441366774e-23
5.233979843673657e-69
2.9724903639529695e-25
1.231460209279584e-15
4.6419356514461696e-26
1.012867979638035e-27
1.6428676593268466e-69
1.947319321916454e-21
9.259078093496489e-35
2.791498131353902e-24
7.250986298690111e-19
7.702291929090072e-17
3.09773914404124e-22
3.582137854924036e-85
3.775783034230739e-26
8.599419040018289e-38
6.2370310768641615e-22
3.9746191935004847e-20
7.855902179164927e-37
1.0956344077268314e-18
2.7450289097048905e-22
8.430465986530298e-14
8.779214775097329e-32
8.184591130260855e-34
1.8219268251826e-84
7.182239498800858e-14
1.1885624649475893e-71
1.6433608470834808e-20
4.748522508770424e-07
7.601826417937914e-35
6.898707883985105e-35
3.964053117129187e-37
8.864220653149745e-12
9.193803078639288e-19
3.838729038332022e-23
7.9545471795441265e-25
7.297993193368069e-23
2.3228247066594611e-29
1.847403217489078e-18
1.6395428083788898e-22
1.2934760052523707e-19
6.94820773021731e-18
5.5722560572881066e-36
5.891694184119263e-29
7.281410781156041e-25
4.621029022849463e-18
5.072960067710684e-17
1.4874845062062468e-22
2.711428119824296e-26
6.491291932293506e-24
3.900320632819135e-40
4.722015025112579e-28
6.779455991360761e-30
2.7053796705026746e-27
2.380413498534913e-09
9.854420219632119e-33
5.816197516769597e-17
5.567732344641251e-28
2.5036341116366042e-14
2.689580355622725e-31
2.5782284259305874e-17
6.110997645229337e-17
5.135291762423597e-23
4.2752638815387984e-23
2.97722658311202e-14
1.7380426210004503e-33
1.0605504461685917e-11
3.06946084077958e-24
8.126012525161436e-22
7.378334680771487e-29
2.7662275510935465e-24
9.770990662708298e-19
4.381475996354164e-27
4.4128629109796835e-16
8.766788300066713e-24
3.4084884537088574e-95
7.184563940556303e-25
1.319488772379074e-21
2.4983491055891406e-10
1.6367818784874386e-29
5.1549386953634466e-12
3.778014063616504e-20
1.640105310980149e-27
1.3665661881523768e-31
4.6498090498093687e-17
4.132209027854184e-20
3.8875786289312184e-24
1.4334560564260784e-17
6.084463346606363e-29
2.3648460037832747e-26
1.1599836714643504e-20
1.291737853053428e-30
5.768153663330917e-67
2.8451160076325346e-25
2.2474308007056846e-23
2.1871530524270145e-17
2.9605038142164823e-90
1.8253447511822386e-30
1.8193796983383688e-20
2.4989445249885063e-20
3.807062599555851e-16
6.510424567469212e-21
2.2828417756185134e-70
5.74236673038774e-39
3.7119019427010126e-26
9.112466495621465e-17
3.395404250851828e-24
1.4241689698035816e-16
2.1087464880461325e-32
9.573188438727631e-29
4.643282956532139e-09
8.266289798976228e-22
1.3187637297845706e-36
2.4121038580981064e-29
1.0234435846990223e-55
1.4247883533136478e-23
7.23004370385285e-18
4.0440848613751575e-22
1.83322324749106e-25
4.435733044422686e-84
1.4502932891828037e-19
2.1607066816864072e-26
2.8702648476015194e-36
1.6205250452009842e-28
8.45776317804373e-25
1.4203674236613504e-70
1.136321767877712e-09
1.373232089607564e-28
9.941567547676764e-33
4.240907815318891e-21
5.522272781323086e-24
5.195365849661777e-10
1.2335249578744176e-16
1.6653407685452272e-19
1.99423733908155e-21
2.6358779778733217e-27
1.2577368670938554e-29
1.4725407439748156e-36
1.674287228050692e-24
6.369473413633003e-29
1.267084618407768e-34
1.0789652496110129e-14
1.592379608825441e-20
2.1640129605489573e-36
1.7535674523315584e-20
3.6186242225203755e-15
5.172242337662579e-25
5.325987213195716e-82
7.824165712972756e-21
7.706938852351541e-16
1.7344813155726409e-22
1.212297278096449e-34
2.5585860456235686e-19
4.317439948815299e-27
1.4764712002787074e-28
6.340525702896731e-21
1.528231477743524e-20
8.974531001143901e-17
6.626224652966818e-18
1.072867348403538e-28
3.9790516473447764e-21
7.0136426949128735e-22
9.085023875600392e-34
3.1323531070320235e-58
3.843854556718342e-26
7.704711555830001e-23
2.2879215705053984e-24
7.418128052910365e-22
2.759280238604596e-37
1.1089647731891688e-20
5.442926754780579e-19
6.617357926564212e-26
2.023337893364833e-25
6.148617777348945e-24
1.020437386359935e-15
3.7933843147847136e-22
2.174867633843187e-17
1.8349094267158686e-30
1.2329196741669165e-21
2.700919287336501e-18
1.4536560276321994e-64
5.943315340120199e-23
4.1716844259090423e-41
1.6449253468758228e-22
1.439499511874816e-26
5.368180935397109e-33
4.7107735435512156e-77
3.60563660488218e-29
1.751289822687782e-24
2.9631277052766106e-21
7.536263779327043e-17
1.891926619552142e-24
6.154534795009016e-15
5.0556200837312355e-27
5.0152881114995946e-23
1.0409751302466163e-18
8.541016095664739e-19
1.7640609640035964e-32
1.7081789830763847e-30
9.706434238644527e-57
5.463416112892962e-32
3.199760552398961e-20
5.8871519515535146e-24
4.9346038437397877e-39
1.1045501716312366e-34
2.0269291978550258e-29
2.292386023446372e-19
1.1305116480267039e-23
2.129138012371241e-29
1.3824565171412579e-12
1.4060679924932911e-22
3.2096887650802117e-77
7.301995384848024e-20
4.595182764442511e-31
2.0802744007953836e-19
3.933620923839955e-33
2.5021945754547074e-23
1.6879016648555263e-16
2.0624359418881693e-18
1.6756353086499624e-22
4.4440856772385805e-29
3.844699649694389e-26
5.789557939280898e-25
1.691494609870126e-13
4.156822407926294e-41
3.7835855139352204e-32
8.547945373481267e-31
1.2003114812204283e-20
9.770777239077749e-26
8.713439476315518e-24
1.7835015104043163e-24
5.60081379917237e-22
3.191158847091681e-40
2.7605083018033623e-39
9.442312799084025e-19
8.137049462798008e-15
3.228063864625492e-13
9.805664699501582e-18
2.2480422839490732e-26
3.6182003326584453e-16
1.444835507071508e-16
1.9990843639482575e-34
4.433284481316342e-29
1.424581953797248e-22
4.602952222067668e-42
1.4981067297946435e-33
1.3197295601993932e-25
1.3461332358262946e-25
7.844815005532001e-28
2.218613768841539e-33
3.650468157822205e-20
9.071975047974625e-19
1.4167716163723975e-33
2.731580353173219e-17
3.1244587816589756e-38
2.2120980574648134e-29
1.2211302589201657e-23
2.3477262438889217e-31
1.8521253715165376e-22
7.25750928081685e-18
2.362639535040915e-17
2.510827561055073e-29
4.4001972914932843e-20
1.410248142947994e-18
2.6563258974816057e-35
4.62325812994979e-47
5.948292908088023e-22
9.573826947300794e-82
1.407623510764955e-23
3.718577417037333e-26
1.0686700188749046e-28
3.679396418051988e-37
5.364523113227969e-24
9.64781511729751e-18
5.5561947887843095e-28
2.426155911418445e-32
7.250630107814052e-23
9.320826287204282e-21
5.545357617871857e-32
8.409987234965051e-30
2.9098610174714976e-17
1.4056944634003916e-15
4.8769392564026626e-34
3.580424891755026e-18
4.869165176664114e-16
7.277575308620387e-19
6.768066011226004e-11
1.4071768356901423e-34
6.6819958749207064e-21
7.477186011072736e-20
2.4480043720540063e-39
2.5923298588612805e-19
5.616623038133801e-07
5.7307892643262265e-22
9.742939268458742e-22
4.0863817695946616e-15
4.5998794007533636e-23
2.1656493611455677e-29
2.1545821175500586e-20
1.8895030036237517e-30
1.357555177121666e-53
6.869288250277162e-19
2.2633069620755933e-23
5.581842831049463e-65
5.23345097295342e-66
1.0422390219167804e-23
2.50148573118894e-22
7.294900131106664e-18
5.72839646609368e-24
2.1377812074706498e-20
1.9653059501611236e-16
1.4469764954900778e-15
2.796430241425832e-25
3.849865216857353e-19
1.681499846050203e-26
2.9736985361611213e-21
6.059151387504845e-24
6.914529157353479e-21
7.232291808592966e-15
1.9364090715967726e-14
4.817426916772046e-16
2.635619841728983e-24
1.9639175245352597e-28
3.0969157107880785e-24
8.996697026529036e-21
2.5027772878833597e-31
3.4795815263334664e-17
6.314968922589662e-23
3.720916602822124e-26
4.863512454644378e-19
1.2319333515434128e-24
2.1256930612445744e-13
1.2815811663758143e-24
2.040239343768032e-25
4.738131367552668e-21
3.1059179965066364e-20
3.1254773346403204e-60
2.188368343940322e-49
1.7119678654567113e-28
2.1405739400156043e-30
2.969019874764518e-17
7.510545990663469e-41
2.0797749664628222e-31
9.640618734836062e-21
4.902097196055922e-14
4.167482434633072e-27
3.1672010447928146e-23
3.684697498038859e-12
6.8369987791857025e-40
2.7399743738264123e-22
1.5062164954962858e-25
2.0331957155224927e-12
3.8864610394439355e-28
2.836676205547607e-25
7.6742828942804625e-25
3.6788042347714133e-22
1.2026659309618745e-15
1.619466880755154e-29
2.9741390724427733e-22
1.8045607784601167e-39
1.30732784410674e-46
1.1594413875103107e-28
2.5816676524393397e-92
6.216207108179942e-17
9.597202202223266e-24
8.83571829767201e-40
4.5754005447225293e-20
9.545011290751004e-20
7.71930304765664e-40
9.890195630421182e-28
1.2323955776613615e-19
4.160954105338644e-40
1.5669225430570206e-17
1.9963432824987562e-19
4.246216839050743e-28
6.086488060918578e-14
4.5287079673685255e-26
4.1310148374993146e-51
8.250469376223843e-16
5.318958269432995e-85
6.462873353013313e-21
1.2580781963490644e-22
3.2023758540910326e-21
9.76249473328921e-41
3.4950831684194075e-17
2.742133724995436e-19
3.630803172394588e-62
5.068201954382291e-26
8.886657776429804e-53
2.3645232141361526e-22
3.8167113513315526e-26
5.5328839620957924e-27
1.322265904268637e-28
1.3500764649363467e-10
2.4889424973658333e-16
1.4748838547297198e-24
1.1650023932280074e-28
1.2702402482858959e-24
4.076203883862211e-24
1.993315448634897e-93
5.086766447204471e-28
6.141531179608667e-21
5.695202281872794e-45
4.8713352732574246e-21
2.680472075402547e-29
1.5755376960243333e-81
2.6326328173235612e-23
8.382241362064958e-33
4.7532672264403735e-68
3.621972385249838e-14
2.066936320415137e-13
2.9257587220130475e-21
1.6742721011810865e-11
9.287946452010792e-24
8.21579442607884e-22
1.2077557047624503e-19
2.0249492531203203e-10
1.4753801041496733e-29
1.7163264992599555e-23
7.258430865334041e-28
1.982939598882005e-17
6.048068798436814e-07
9.417327337163074e-73
2.518905378629957e-19
4.713044895386867e-27
4.840830823294003e-30
9.072809164930484e-21
2.5028757418203098e-89
1.026011036553436e-34
5.506820731978904e-31
1.6397305225872876e-30
2.8006649761195635e-26
1.805475319673377e-22
1.4149161765826213e-31
2.491723229250059e-58
4.6392983390538e-22
2.472575791624748e-68
3.890526992081068e-22
3.86805594612854e-30
6.873214013055126e-13
4.031108452214346e-29
1.4346448295012777e-19
2.3768453562081756e-106
2.1149520219174145e-26
2.781885769150832e-65
3.548066596284299e-17
1.6725963886176006e-15
1.6054046106448836e-27
6.451076324647636e-09
1.4922997371044626e-24
6.244560524050984e-45
2.222794740818019e-29
8.32795520090462e-23
1.0862993540183376e-33
1.2677718205412733e-23
2.9756836829983897e-33
4.4025787224865884e-23
6.8460225637792925e-25
1.0358656827303974e-25
4.704918048827437e-27
3.9800965580108516e-19
1.758890714591244e-21
2.209810485584343e-25
5.848461367412919e-20
2.5271532189539887e-12
6.083342818383599e-29
1.8183696311722186e-34
3.686825538340586e-39
9.937864365306369e-20
2.204366398675315e-17
3.6808540351591987e-26
4.779557922433769e-28
6.232184916453886e-18
6.235001142623466e-25
1.4260289942627349e-22
2.0454047718716656e-19
5.430063123212209e-35
2.7281853811383495e-23
1.0263546575683154e-09
8.223214619153086e-14
1.1869680181035506e-18
3.4259032655595424e-24
3.745805384376159e-21
2.3324648035523666e-27
1.7258057659234335e-20
5.825797010207186e-19
3.349834302652879e-16
5.376177599752973e-27
3.583413129682863e-10
4.3496077095947387e-13
2.219740436731796e-33
1.5465778645472283e-33
6.357279257957654e-16
4.646660852079627e-52
1.6342509688525242e-26
4.902486357909253e-22
3.78687732013889e-15
1.1977297514398156e-24
3.7575795365351007e-22
3.2095953059337754e-33
2.35308199360699e-14
3.643558585546992e-32
2.3625570136193777e-34
7.264943099707014e-32
4.2138267525313136e-24
1.9708613942083505e-20
3.299974165413393e-22
1.4785422906324266e-07
1.6791202812729547e-33
4.994361199030814e-16
5.255719187832907e-31
8.951398551822869e-29
1.0948801085180789e-88
5.3129015696696654e-65
1.146450676197553e-24
1.2746583873522844e-29
8.271941444228072e-24
7.095824781762189e-11
2.6926346612069954e-21
3.025455230302071e-20
4.034500990702736e-28
4.7672631489426515e-09
1.26575331200443e-26
4.0363420634776276e-84
2.5239462901439833e-91
9.654511301616414e-29
6.628692211423492e-42
3.3147206969332736e-07
1.0739152752779358e-31
1.2013987575699775e-06
6.46812526758727e-14
1.3845652316506352e-18
4.289039092752869e-18
5.160952649946157e-27
2.8527425027664625e-15
2.6003352204869323e-33
3.9972099444480313e-14
6.242181490322197e-79
3.488659538228668e-68
1.577532307752383e-21
1.9303358345805384e-21
5.6862653044018285e-11
1.4538574473935223e-10
1.3244116954920485e-75
3.5630603183234335e-23
1.29145307920012e-48
4.1820777699844376e-08
1.8751322639756562e-26
1.6929230041655398e-18
2.7387150365208163e-10
1.8925063089623662e-20
5.560822930091304e-23
2.497945133630485e-08
1.246953382391606e-16
7.152762175516565e-21
1.2324292048179064e-17
4.227195384597067e-20
3.624515299973546e-80
1.865512506940798e-33
2.007460692226185e-22
2.1487727871130265e-16
5.1488916252965576e-09
1.7847427057131051e-12
5.437241372355229e-26
1.1310062300182526e-13
1.61836338320144e-20
2.415765271019415e-16
1.2075397445259787e-29
1.901635676960221e-18
3.3904835988485795e-25
7.540291464766784e-25
1.3591409834767037e-28
1.0524396756567706e-19
1.854962883980491e-29
3.905315257527125e-30
1.1073970691480547e-35
4.689005195249065e-28
5.2971591386579885e-79
8.859775701667361e-29
6.604549489116791e-19
3.4561296385687295e-25
2.7027795540180927e-19
3.856089234455194e-27
5.156956209114201e-22
1.5470108876220312e-21
6.331811026993086e-23
1.4910108049222335e-35
5.611494194437066e-23
2.1429210126248547e-12
2.8063677450154473e-16
3.1738969643848185e-56
1.5901584127308002e-24
1.3985260101841347e-19
5.043466611608763e-19
2.7632006944825672e-33
2.443716443929791e-22
1.3664679851268662e-22
2.8462862207769405e-17
3.5341903791508182e-31
1.8453991923089808e-13
4.976353331999965e-26
2.0909756039436e-24
8.508102332310812e-12
5.735357091521316e-25
5.267278664237466e-31
7.532176893109185e-07
1.5468338917194936e-33
1.1849421026610627e-31
8.288241236553274e-19
2.0001912922509807e-28
1.3888279983823193e-33
3.6177974440110674e-16
2.352018418963674e-68
2.1192241177043193e-24
2.6793890585132523e-08
7.330014715144618e-24
9.282314759711818e-26
5.482962131609085e-17
6.072044076780538e-25
8.971903187861494e-17
6.326454521650514e-15
6.878764829164351e-28
2.1388413663286697e-30
2.52720240978951e-19
3.0708519728852617e-18
2.4763677077032586e-08
2.7897905019065326e-23
2.6189212719016346e-28
6.19480873429687e-26
1.2797774656957831e-13
2.3321289963877857e-19
3.6765240552212644e-11
1.6021511727604403e-24
7.965123100745463e-21
1.386888486312441e-22
3.461793593321926e-18
1.892294718397596e-15
8.79536480073836e-27
1.3819858393161524e-32
6.630286481652632e-12
1.0899323925672739e-24
1.3450163539955302e-24
1.4946345411716416e-18
2.3368391554768947e-19
1.4709135862618492e-29
2.0705372403998092e-51
3.3182893038451577e-23
4.7694758611669886e-17
1.7407497250844827e-23
1.1036295835300343e-26
1.7746076968293331e-35
1.4596481123741247e-21
7.135719400089016e-24
6.499160024801573e-76
1.6600220615673445e-26
1.090023269630742e-22
3.6524903176242033e-26
1.3226491233053022e-30
6.42243933606349e-30
3.474288932902668e-23
5.92035071009081e-21
3.6681827748908893e-32
5.218933379917435e-19
2.311975675779468e-32
7.982781786338593e-23
5.888312357641886e-33
3.1707322208451473e-26
1.7797498413124918e-70
1.0914018083954207e-18
4.825422244344062e-71
2.195327759223473e-19
1.0974594643828285e-24
6.619422946632451e-18
3.6299107499585096e-25
2.6671406441799274e-26
3.5004722254438024e-15
1.0820101373458855e-15
3.792769510091526e-23
3.084707277867255e-08
1.4245781816651022e-18
1.0659613021931022e-22
3.2949921017676103e-37
9.193113630535196e-13
5.815072333197164e-13
7.025183040467777e-31
3.587754051137937e-28
8.207667902771741e-34
1.650392451797474e-27
5.165018964127721e-24
4.2135374094061336e-15
1.9040282332571247e-22
1.9009311852419434e-26
4.035642123045657e-19
7.816156925400882e-23
2.4028252255017694e-33
3.3673527568496276e-11
3.528216948535818e-23
1.3959301711282371e-19
8.064672765626626e-26
8.212530626475385e-20
4.459244493448694e-20
1.2803682595077252e-26
1.8627351547922166e-22
2.4659888383540583e-31
5.99499889776056e-14
9.77931277602825e-13
8.261205511250081e-24
3.1361406942808353e-12
6.245318999279807e-28
4.4508395396659756e-39
5.896398624265071e-30
1.3127902865940727e-15
1.5190255297192291e-25
3.602248021886723e-40
7.559344265010653e-16
2.5688039449995106e-27
3.9452405198391767e-19
4.830986050861037e-25
2.7388022979150257e-19
2.161898532460383e-28
3.395702286472599e-54
1.2106965297999508e-25
1.9789797769910515e-17
4.777481064760166e-26
4.93424904411424e-10
4.5957718288983e-72
3.435076957160661e-17
7.43867870950661e-40
1.0749717151703493e-20
1.474882825291067e-26
6.517639595573158e-23
8.474101592326877e-23
3.547001454110398e-20
1.0977099266435081e-49
7.3250637012835005e-25
3.619917186074769e-31
6.7365742790199544e-09
3.45179012095401e-16
2.443005691502448e-19
4.12772005278843e-28
2.259251977914994e-20
2.432882980559651e-23
1.1134981752093946e-16
1.9050921492092927e-20
1.1382127038526913e-36
4.0300672313380387e-25
6.117567513661593e-31
2.2758691328964563e-14
2.905206890473752e-21
4.0368494986079177e-35
1.8066951563202485e-20
9.703839907127417e-28
6.644580172339433e-34
3.646308314137644e-28
6.6938824404798085e-19
2.102911122988097e-22
2.157475373599869e-20
1.63552441727768e-30
6.2178468697569995e-18
1.659382212121374e-25
2.6660949322969597e-65
1.1485990836349079e-23
4.611316220447394e-25
2.3478934738610934e-22
1.6878569646114678e-33
5.591842172061547e-32
6.1098600246979714e-24
2.7266950437729243e-27
5.054120452230375e-27
1.2880634614375198e-24
2.585011434860056e-09
1.823160024362016e-37
2.8284361248482437e-22
1.7415408041058108e-17
2.55048837648126e-32
2.9183513610043683e-25
2.8219883016267603e-29
4.354427136086231e-21
3.6344176060881787e-26
6.0279723269097545e-27
2.387303546950848e-16
6.313044219601197e-22
3.672775406245605e-22
8.64345997177321e-17
3.7339854540301896e-28
7.12265211902042e-31
3.436286190349736e-22
2.5944993064440355e-20
1.9568448409850557e-17
3.4204843243149624e-37
1.2248480637082181e-26
1.8964917218019468e-26
1.0617431015066095e-24
1.903786216471447e-12
6.767809668958148e-21
7.246969863793053e-12
8.89688813258983e-20
2.703280293504296e-46
1.5834092404649405e-18
6.11862193391985e-13
3.9962350386056627e-35
2.471661571177598e-16
1.367150234344491e-16
7.662215198257919e-29
1.972849679868994e-14
2.684585045574828e-23
3.449186854510063e-23
7.219031090503923e-18
5.341330102061827e-73
1.88417047625803e-40
6.818309327945304e-22
1.148125025970606e-35
6.195001391552092e-30
5.532081200583571e-23
8.216105218052943e-32
3.210118788365181e-25
9.33359318737005e-27
5.20680011772482e-19
2.0301221412846063e-30
1.3741666322102872e-28
5.882201355272182e-21
6.5531020166109255e-21
7.305302495580796e-27
6.4135931759209996e-52
6.8636554057615885e-28
1.3137369885405824e-24
9.505588909727955e-28
5.4251468305709085e-36
3.799479709443894e-17
6.796461338330751e-29
8.619188590168432e-28
9.336571848955363e-12
1.0943289732070871e-23
2.546957920180942e-21
1.9021331445765647e-19
5.041457154699141e-25
2.031314744209435e-23
1.632779184196245e-47
1.2125486430875258e-29
3.2692730696892187e-25
1.0962414002233606e-22
8.453316634630416e-22
1.8829870911482275e-20
2.356252370409171e-23
3.135776107600985e-15
9.605758586659479e-30
1.6608087926941525e-31
1.7690354265121268e-22
7.691122730230355e-18
4.266925662536642e-24
4.513083024393356e-20
3.066301707150011e-23
1.9349663201172934e-47
2.421443592263884e-23
8.497283044564001e-19
2.028172943291693e-21
9.745272461200237e-56
3.4859165446448875e-27
9.929347557968803e-28
1.710565324516386e-29
6.6708795990717475e-19
1.720450202449319e-28
5.098140009605977e-13
2.496997421008402e-26
5.681291440937303e-28
2.6356475199083657e-15
6.085844143656832e-71
5.358818336560274e-26
6.354861820099297e-24
6.471533135801589e-26
6.674737831188567e-61
4.1969154343267216e-16
1.3824452727796686e-11
2.533127571204596e-27
1.4666216049451843e-53
8.468848580106445e-69
9.901869566513633e-15
2.8296394781512857e-22
9.911934709918144e-28
3.01114980996572e-10
1.154647302492714e-40
8.975298121287105e-75
3.155537389444254e-26
2.4293763893557293e-21
1.0048890610403144e-23
1.7281627535196804e-20
4.911939706682975e-15
3.95630935908064e-51
2.0193402490075328e-28
1.8837696049281998e-13
3.984258277107958e-21
5.365826304557377e-17
2.5207397756429645e-22
1.3253406142048915e-18
5.155391446141782e-41
1.476306943487439e-76
1.37210308959982e-10
1.7394402279808005e-26
2.7161675480004117e-21
3.644872171908679e-26
2.260658000493069e-27
3.735047409502314e-17
5.877236247031336e-25
1.7402739724401036e-33
5.943835443193003e-24
1.106451682526309e-32
1.896542483740173e-31
3.1004118101761108e-28
7.134913104852806e-21
8.597395888366174e-18
7.482287467529899e-20
6.6775961365276495e-22
3.422851532459227e-32
1.3725136433351319e-11
2.2222055143738218e-11
3.352796268404113e-44
1.6356136201327333e-17
1.8632497541039905e-16
1.1994131609009383e-24
8.968690703108286e-20
1.8795105020256574e-20
1.794531821093193e-19
6.03289689058969e-27
1.0542925513930468e-21
1.2856389771278329e-20
1.7430125475905564e-84
5.030364212113244e-35
1.4581609093622553e-09
5.1838925971000875e-23
7.803116416385658e-23
8.25625740925082e-24
9.99088749025545e-19
3.526264825964261e-18
3.391171407517055e-24
1.7560306673852293e-22
4.8640093018111315e-08
6.522570529556336e-47
3.033725771438865e-17
1.951671849995202e-06
6.395328581433237e-34
1.2305180453829165e-30
1.0536160304817949e-15
2.753507851355997e-19
9.732461113066257e-21
2.874946796243388e-36
3.271359784512382e-10
9.454907829651483e-14
2.296298419271438e-21
3.1813239801063037e-19
1.9953644995411396e-22
2.311922545706182e-20
1.987661684623255e-24
4.5737133340411e-21
2.2650493577117874e-12
9.082582127279137e-24
4.9544642646471695e-26
3.9880839719663153e-22
4.061947203315237e-20
7.693989009289941e-16
1.6828190446769312e-20
2.0688089191380534e-23
3.967871309848898e-30
7.329493293508868e-16
4.714604026428254e-27
4.044449057893946e-18
1.5516949274694502e-25
3.7795169441010483e-23
4.246308743403021e-25
5.50126239721426e-23
5.166678649911806e-18
8.572783488596714e-46
3.511900707215344e-20
5.391469142377973e-33
6.793701996222139e-31
1.9497838964183263e-30
1.8808081185438775e-14
4.720907552227058e-18
4.3332616701730143e-29
2.8185625674195037e-19
5.664589577936194e-10
8.650167649571561e-22
5.456320151109842e-20
4.48195952094797e-27
5.8863081634004656e-21
4.62918516245421e-73
2.4899949748107227e-19
3.8440969387894075e-24
3.676689133199602e-21
2.4872945404867046e-49
7.757859391394605e-19
5.841943154014119e-23
1.36755473604924e-21
9.77069835710995e-17
1.06276249089783e-23
5.665717217786536e-16
1.034221290152133e-21
6.552396857063364e-09
1.3968544617641935e-24
8.395220127865694e-21
7.341393096810765e-67
7.95373052774336e-21
1.5859790165116438e-23
7.102756083450692e-17
8.124546806700708e-27
2.2399074263500375e-23
1.6713217481011168e-24
7.793963090978805e-07
2.4381035904902205e-17
2.9677529142326426e-36
7.161564604109979e-34
2.3501591632777624e-22
8.32425020873535e-72
1.5430334603667567e-24
2.4145896527626583e-38
2.8893043500900305e-42
1.918576184238762e-20
5.1032204894239685e-24
2.0048564841868914e-30
1.3040928526384504e-32
5.7498999256180924e-24
5.4261062670679955e-33
2.605137746873217e-18
1.2895017459651167e-18
1.302038908887227e-30
1.544281868868927e-19
3.0981339301034684e-18
3.394278385455719e-37
3.924114728266598e-24
9.93469134171081e-26
2.9191445469878575e-20
6.952049066656987e-26
2.2608129591447545e-16
6.350795256717402e-19
1.3775587176230308e-19
2.1607537638129164e-53
1.0244349825962583e-84
8.337644691407958e-10
1.1403893453503908e-22
1.0619908736861404e-13
1.3122648853207306e-17
1.7606623825914407e-17
1.5203490012586495e-12
8.569264143732552e-12
3.002193290876796e-19
6.127893128756808e-09
2.8818017009759835e-23
2.9398847362286922e-08
6.374005735207453e-19
7.131731555555491e-17
4.099201011659098e-06
1.7657377975073374e-08
9.511129009036151e-14
2.895823180316679e-15
1.1748649633065218e-25
1.2405996891392463e-20
5.824785574617033e-72
3.398953765730023e-30
9.342890501252223e-44
5.179106030112166e-21
1.7978930206006047e-15
1.0398372847796175e-20
5.870499207347026e-26
4.3596760061616953e-72
3.6380944622567834e-30
2.6599657702022667e-28
1.6536398789024226e-23
4.91626208264521e-19
3.896615405089391e-25
6.346460501349411e-22
4.668954847410974e-23
2.7951669170131302e-15
3.131202375845558e-14
1.743109335757168e-19
5.238345255831876e-16
6.811537119079873e-30
4.839233463449008e-30
4.0342776094036264e-21
1.029112645684998e-15
3.946048415901306e-37
8.67913244260347e-18
5.79383430347312e-19
8.966631671700844e-24
1.0925747370255147e-28
9.854130103292372e-25
5.110362775537468e-29
8.056996016977999e-19
7.668732592419429e-21
1.8475124216049686e-43
1.6017765942014158e-82
9.807334185648488e-21
6.0035315233707715e-19
2.328343394001786e-28
2.2022433211108383e-25
3.048852879905907e-27
2.8336125763823696e-17
7.823879172239267e-19
2.754474929846734e-20
1.6693255595557705e-24
2.302193062007912e-16
2.1953844299314752e-17
4.471362153325463e-33
5.014639043724084e-10
7.753183837392029e-15
9.126841070318587e-23
1.1322735977150544e-22
1.2120654978977124e-23
1.119644637872699e-09
1.3058277833990042e-12
1.7885349665756025e-19
5.1194620576110925e-23
1.0149010457178191e-21
2.6105728325291364e-20
2.0758610822495643e-18
7.882313188892441e-30
4.765035060501921e-28
1.9943891852719007e-32
2.9525082591745043e-69
3.1117459773920063e-22
4.2213722104684092e-19
1.1133455139192298e-13
7.200218338787544e-64
3.924124002877803e-11
2.0878317007252582e-22
4.52683249553464e-26
1.8969470336991416e-27
1.58837065671722e-15
2.0222605578993744e-20
5.2534599193912856e-24
1.2650541193710524e-25
9.692486855775465e-36
7.936026338000524e-24
2.831538546293871e-21
5.675446071621355e-29
5.010486565844127e-82
1.8190680158027873e-13
3.9912033042248916e-28
5.762841839899574e-28
1.7446027793772905e-36
2.5881509282156486e-15
5.691132641397922e-34
7.336081446000611e-76
6.359563726110924e-27
5.1453235865387794e-23
9.121447828365974e-33
7.396448316719056e-19
3.3756653057426295e-22
2.5259014770552106e-17
1.978510817081227e-21
7.078905362442223e-19
2.514679155934771e-14
1.5508944015620571e-06
7.089239105988939e-18
4.136286165090661e-22
1.5893394459358097e-15
2.521901536371466e-13
2.400344380428932e-29
1.0443260435128405e-19
4.419493822958613e-15
2.5085637807729868e-24
3.0974042350560393e-20
7.703763132651254e-16
4.4226777996635564e-07
6.917404546097733e-23
1.67619655006518e-27
4.619964419258222e-25
2.8650984566038574e-25
9.809609594413286e-14
4.642356098450722e-18
1.7641225228981887e-24
2.1961116879378487e-34
2.0010529472843667e-23
3.1516246218033004e-21
5.021564394421978e-44
1.1358295448181486e-14
1.5556169727424939e-21
7.913714085653649e-17
9.499925963435575e-88
2.7425117437129513e-65
4.398371019952706e-20
4.321563172151589e-25
1.1107698896009997e-28
1.7418635636729422e-33
3.457854151525509e-24
9.564794785624862e-26
5.737210958001016e-12
1.1071907814805368e-24
5.754329415218754e-38
1.0318974458728052e-21
3.083548134630255e-35
2.9587946391037004e-19
2.8483022555515144e-17
1.2423290553424687e-22
1.2693298477547688e-39
2.505894742144006e-18
7.354089542025484e-15
1.9526069252215603e-12
8.433816254544182e-32
1.6760607029008666e-42
6.570499094706625e-30
5.578434161831099e-29
2.251216413091319e-20
8.32091364211377e-24
4.89672929783637e-17
2.0433805110043147e-33
6.159754242587622e-13
6.591471615626354e-15
1.4692372350317344e-30
2.02887280052261e-25
4.148129440101104e-27
5.079488915636062e-23
3.323628838259986e-36
8.69383156351499e-24
2.8853503369937434e-25
1.461588313249717e-17
3.7456033702491156e-22
2.9246750871569967e-25
3.2938272957811826e-10
5.97914875924272e-27
1.4722420393835677e-09
4.94607412400874e-33
5.655402389340547e-21
4.763102858348858e-35
3.573169645207147e-20
9.338886046518196e-16
1.260398161332223e-30
1.125765548666792e-25
1.0020810898819567e-19
8.218602436169561e-29
4.2443929118929725e-12
3.923475740073523e-25
3.5516584840067417e-31
6.668423197863991e-33
3.654803819788227e-21
4.801997518057649e-24
6.059707277940838e-22
8.170455362924369e-20
1.7370209507326039e-22
5.966041586176874e-15
4.297701729084406e-18
8.491016270639274e-25
2.250220467775258e-27
1.35528691510034e-21
3.723269270638701e-24
1.3635973427903272e-28
1.8921606055020142e-20
1.0164120625909824e-16
9.481769326431207e-13
2.3914204015900522e-18
7.916523361200209e-24
2.1094224067529453e-29
3.1310525241044486e-32
2.042930099689661e-22
2.9268643865984186e-41
1.2272376095548426e-11
2.6776818774702373e-19
4.872839702116655e-16
4.590626102950252e-27
7.803820723424657e-14
4.082033188160399e-19
3.6603286535613807e-19
7.822090236060857e-33
1.879122370266202e-24
9.760795504582546e-27
1.0033491706132176e-30
9.360017084967492e-09
6.405933143821275e-15
2.7196773962824085e-31
4.996570409976541e-15
7.286989959922532e-09
1.5833503947559198e-09
1.4380670789406528e-19
1.3797987666330764e-75
1.7175980943469532e-21
2.7558876340534346e-25
1.0523870497365532e-14
7.435744945867547e-31
1.720628123581103e-30
1.3391387781747632e-21
3.410453634900456e-39
2.7265809088403133e-67
1.3962872778102755e-14
2.7596701810474247e-16
1.1200348775216243e-43
1.800914831645547e-17
8.044494346249131e-79
2.077190194369791e-28
2.7757839317791803e-18
4.3861024927173817e-38
3.130250876093973e-47
9.438362854268685e-22
8.989824736260536e-23
3.253336066234448e-33
2.154246509083298e-80
2.2838858959370693e-27
2.7219829480357785e-16
9.636535380192552e-19
7.528584178205104e-18
8.501890357654825e-17
1.4487734509748456e-18
2.114964228345355e-16
1.7576319935645737e-40
1.082778268891972e-28
3.784190025741564e-24
4.094588128622849e-18
4.208685968310969e-10
4.2541945453520225e-33
2.0249583168686093e-28
8.170442877480017e-31
3.1750929693437663e-10
1.3397702330923603e-46
6.661746758853836e-20
1.30390310166079e-22
1.0489716553527714e-18
3.986741821569291e-39
4.1187299359941566e-26
1.26690175769722e-13
1.181194103387813e-22
9.383567625577586e-19
1.757307364749065e-29
6.476065554452409e-26
8.341822842049531e-18
9.206127619365941e-23
3.7823980043967364e-70
5.173415508616875e-13
4.518364547447653e-67
1.2302574556731182e-14
2.1969408581398174e-17
1.756910035455792e-36
4.121712092637145e-72
3.9117590704020145e-31
1.239228298617904e-61
2.0393512731638087e-16
4.514558291688018e-32
8.442490283218236e-23
2.1794545599909577e-09
2.230724081086627e-16
1.1140498971350614e-25
1.300514824744348e-19
8.234709746216246e-28
7.447217464292296e-31
4.378035714046168e-23
6.851534590163853e-22
1.6567226396973078e-34
1.203480654985075e-18
7.81030589082271e-28
6.160571347693718e-15
5.303703762711597e-31
5.229897891980272e-31
2.730171324912226e-21
7.290166879910812e-23
3.0223584566267615e-18
2.8959320944829773e-65
3.331375870090918e-27
1.6394029820816737e-23
2.1878960742246e-90
2.6165248304521488e-23
4.077624115574114e-16
2.04627985293226e-21
2.305998586303571e-20
2.798150431569108e-19
4.1688088028374126e-41
2.034309342053172e-16
1.3691922455578204e-25
5.46853960801506e-22
9.010330925721667e-46
6.0583036059776334e-18
1.806010835410892e-23
1.5484788141585944e-24
5.467608627525883e-13
1.3070527646643115e-14
2.148921809814271e-21
4.379021637622439e-23
4.163632308034909e-35
6.629848315458355e-13
1.6631322122547187e-13
9.039430790789489e-15
9.085983219884162e-30
1.1438159228531634e-16
1.2379700833285412e-25
4.208243946926164e-33
2.4403014917289266e-30
8.096956252711091e-73
2.8311548320664376e-32
3.704596219989506e-16
3.8815993207321645e-81
1.7764578928970762e-26
1.313086190102025e-24
3.438098035437587e-17
2.6722345309688167e-60
1.6153503894549385e-22
3.243607538342857e-23
6.010965075025446e-21
6.19408600730422e-17
1.48938094552301e-30
3.532973173338326e-21
4.263774835534889e-17
1.706611431577762e-26
4.126587315751916e-44
2.9765876947040804e-09
1.3950918722532753e-42
5.842577188411077e-78
5.253402598948291e-22
3.2711315325613217e-25
3.900770557543383e-09
6.057260388244452e-24
1.431531762101328e-17
4.056430110778622e-28
3.412500292798533e-30
1.4048414170668515e-23
5.548912902754585e-19
9.381929421555514e-30
1.7490881534568296e-19
3.566898854731646e-32
2.480369911641715e-32
5.603356445409563e-18
2.5520370930136353e-19
1.6203439701959128e-25
1.3189713404865755e-32
9.756678241443252e-23
7.364914250461072e-26
2.9829260663263e-28
6.152919306301762e-84
1.327089516576789e-23
6.769578737592978e-19
1.3533623079702957e-38
2.9573792337266346e-20
3.741530583456449e-12
1.0727472334472901e-30
2.7687287552998286e-25
4.929193860866534e-32
8.728843788830912e-63
2.1957537054696317e-21
5.645312025073519e-22
8.335805928585343e-39
3.390627260380243e-76
1.913055902116234e-24
7.691550387345312e-19
1.3353648078501697e-28
1.5676053240901054e-26
6.018033594324255e-40
4.71961087476512e-16
1.468310544326647e-32
3.2901813890360535e-18
1.276758742230113e-19
8.325122440725326e-21
4.480976789752894e-23
3.113048616820364e-19
3.174414444167713e-24
7.682191319733983e-32
1.0338702146239696e-25
1.3237747523187476e-83
1.5335072831210754e-09
2.8135077577420913e-26
5.4923093035704446e-27
2.3634936861521556e-17
3.9239250548105914e-24
1.799571802969939e-33
1.3002814041913396e-35
3.440875166490322e-14
5.1715610144286526e-24
2.896241404186893e-09
1.1565040095820218e-13
1.5434044666800026e-17
1.6717637677647217e-23
2.128381061587537e-16
5.0333148245742085e-18
8.799528911901236e-28
6.97977274734074e-26
6.876226834292057e-17
5.519745896805106e-29
3.2263499495071966e-95
1.1710314346189535e-23
4.1947597178130216e-21
7.460529866614924e-20
7.663347770941385e-70
4.495046089546346e-21
1.795066988255186e-23
2.3297123564971598e-20
5.366728258796994e-28
3.111447313963945e-28
2.157403237720644e-34
1.122356809290649e-30
4.648925320485592e-53
3.9473514287470565e-13
1.6663237011890493e-19
5.029392464250036e-29
1.1665363525398862e-35
1.1116133885776708e-79
2.503247822817247e-24
1.3851819477292356e-40
7.0369606803993e-21
1.5031200897480152e-31
1.1456962373738053e-72
8.538318226819815e-24
5.678034690402193e-20
9.341786581518424e-12
5.237384387116914e-19
1.1348522343739132e-33
2.444978391472579e-25
2.7902164775429695e-14
9.70809337830588e-22
4.2539408667313225e-31
1.5281038826897259e-22
5.436203487775137e-37
1.5729532935404058e-25
2.2160728159190196e-19
3.0921806725033133e-25
9.743958001027477e-16
2.434800976694719e-39
3.8906354525926094e-82
9.68678564909463e-21
1.7837025183688117e-17
7.701716768286373e-33
1.2365362787027017e-20
8.56800962784187e-24
8.920856789123147e-33
3.982700006395738e-33
1.0417762184438011e-17
8.050993020773822e-38
4.1872304781460794e-36
1.4847596099638602e-19
3.081595696306109e-74
1.4240133675730685e-16
5.246760789640336e-19
5.250630300199758e-22
4.115614984771162e-28
9.670452461202709e-20
3.752511280396819e-43
2.0831176060213384e-27
8.213449936213434e-35
1.3595321467818713e-60
6.066369922648753e-27
3.615351217650025e-25
1.7378250523518294e-25
2.3993573231839607e-27
1.3367621806380859e-31
2.7569591933995367e-10
6.515076022216696e-25
2.123822424677953e-19
7.094955141496342e-17
1.710023452381799e-18
1.8610161290127403e-28
1.5172313068311002e-28
3.6626607753202486e-30
2.204987056242245e-24
9.244825815137688e-18
9.771555583936243e-08
3.9676034135692974e-25
5.277638142741845e-10
3.1017429668019975e-65
5.279042446249634e-31
3.475259543148885e-14
3.1840047489548514e-75
1.2209717652938108e-24
1.474536049275496e-18
1.8792756024451694e-34
7.835085392881201e-20
8.745174951790414e-23
8.783361349254815e-23
9.425994618115012e-26
1.9969324605308157e-26
1.1080008945597435e-19
9.729636698914296e-26
6.762763257695285e-23
1.8692843504791225e-29
5.754715981012379e-27
5.503883281390919e-20
7.400859541873062e-73
4.960282651713755e-17
2.980549136386146e-07
2.7266365267175302e-17
2.8955319435177446e-85
1.0895492579749478e-22
3.3765720371508416e-18
6.96476824102213e-74
3.0331286433050755e-21
1.4604872941669144e-52
5.891133004712154e-14
8.046079028889056e-25
5.266031622521927e-24
1.812070265715462e-15
4.853924961832518e-21
3.4791412432724075e-74
3.8525415735990395e-24
2.0013449181770317e-25
2.6030837112359866e-30
1.109222390862835e-12
1.761783366654127e-27
2.0384018804303592e-13
9.550334412325442e-35
4.6528523778679347e-70
2.5984395640895965e-33
1.800274623499528e-51
1.0674597728474215e-20
7.841369694184237e-68
6.1211703254638056e-30
3.927113565313514e-27
1.8411745320419826e-23
5.096501748055277e-27
6.627649019345048e-74
2.848313226548002e-22
2.8232104489130877e-26
1.9672718232777849e-19
5.717051252811165e-25
7.070241546181751e-63
1.4012806275709872e-23
3.953552165112615e-33
1.7699692949232637e-14
2.791572288277918e-28
1.0403756349339283e-25
3.245854530334817e-17
2.011750345269864e-14
4.6980101026391505e-18
8.003463615857437e-37
2.3662829398726626e-16
7.310010242798296e-73
1.2475349101513363e-20
2.0365400763800472e-25
1.4910891077534691e-21
2.3860959178180533e-33
2.8752235278082697e-28
1.1513009096598058e-29
2.1350400878738334e-15
2.1609862336659033e-21
3.3210372447697983e-22
1.4695486786101654e-13
1.9462776615459777e-27
6.246191477309118e-27
3.732821582236661e-21
6.62708580877556e-17
1.0718530894462917e-21
1.8384177603300607e-27
2.084007460507181e-13
6.764305825448512e-29
2.8308320358659987e-61
4.4476987313689775e-19
5.793584315734698e-16
1.1788191763364554e-29
1.54376678149373e-15
1.1923352126407285e-30
4.41706006050014e-08
8.762365422996638e-23
1.2271585456381292e-27
1.871400155884682e-83
2.7868551744402546e-28
8.235621046292709e-20
4.756915006614255e-08
7.305592136121633e-25
9.138965372691276e-11
8.103205756232172e-32
5.06260650886132e-30
1.1545991683422189e-27
2.513120987353226e-32
1.5961513091846325e-14
1.0957508236070537e-84
4.7324396719422155e-29
5.120604063716884e-84
1.332534913743375e-14
4.501185319602421e-44
9.098613536820924e-34
1.725886335559775e-26
8.040832714419054e-33
1.7257712646700284e-24
2.8789258220930534e-27
1.8367150018583957e-46
1.1185821629881964e-28
3.0117843343130716e-22
2.1774805371932227e-29
1.775699045970716e-51
2.669376835385859e-41
3.809512636940658e-30
9.16419345023944e-18
3.2075730492495255e-15
2.3573346451457394e-29
1.220455690027759e-16
1.2423383578595089e-20
1.1662986010991552e-14
1.5258481718664015e-19
1.2166562763404121e-20
7.633662768261745e-18
4.300141393436567e-20
5.069288996212557e-27
6.574793045414184e-15
2.12727287652089e-25
6.583909176746293e-39
3.227483888270713e-32
3.931085548257742e-20
5.4827406110514547e-39
5.6387723931318406e-24
1.0190844733641735e-26
2.396035132204463e-23
3.3581793406306295e-07
2.465863296487954e-28
1.0149686062411606e-14
1.3000699445738045e-17
3.6997871195604276e-28
1.1338602746398209e-19
3.665090194350508e-57
7.525376512402165e-21
2.7028034809204285e-30
3.61397513409415e-20
4.1220180949209407e-17
1.520637692389439e-26
4.8567761452189045e-21
1.550775200910564e-30
4.716491004858996e-24
1.890178720954428e-20
2.7126886250449147e-15
1.7031293790631992e-17
4.305524542187074e-29
1.2257731060056012e-12
1.0073174903841434e-26
2.8519554957474615e-42
2.453866322554529e-17
3.6796221112168077e-22
5.782794931884874e-25
3.298040972344372e-29
7.768877222480841e-69
9.699680026808189e-63
1.2318063507765197e-22
1.294278087696814e-26
5.618574410214681e-34
4.641236563540592e-19
2.335071361345253e-08
2.3602867796700386e-25
1.9476002398659744e-30
1.8798860959473514e-14
5.933513813892167e-84
1.196656564416094e-10
3.1267889222942478e-18
1.4925772097831994e-30
7.009042116934618e-20
3.483732160989561e-16
1.9198393904664136e-19
2.062348474895902e-15
3.7252798246794855e-24
1.4307259638783935e-29
6.190978688658378e-36
7.099755276835194e-28
1.847427649625314e-23
2.6623329938439823e-32
1.448696167446123e-14
6.823143558475154e-36
2.1654968507610133e-20
1.5451345744495732e-11
7.52114748978383e-25
1.80368496636761e-26
2.168760637881664e-20
1.9393244312980277e-31
8.729467004824985e-22
7.29849852633744e-19
4.227994703056594e-32
4.438866048645728e-19
4.0317575559774373e-35
2.4603375951315365e-27
2.886219818327576e-22
1.1557789082464221e-12
4.3840898656673044e-35
6.653605972564145e-21
1.08685217743529e-22
1.2406912118808979e-70
1.4521257867284357e-23
5.93817000805772e-40
1.1428275922208277e-34
3.0069090245461056e-25
3.0763900526456382e-24
3.922367873316364e-08
5.346554534680751e-20
4.931713541484036e-17
2.939401885082704e-11
2.2578522875091602e-31
6.015364216452906e-26
3.2251854412275924e-23
5.538454497398447e-14
1.102091584923524e-20
4.728066443469666e-33
9.051037811847327e-15
3.1006837974036964e-19
2.952517886701341e-26
1.5581454867645418e-25
1.8896522056829646e-28
2.1979980851031114e-08
1.942424621012502e-19
2.1408293189143805e-21
3.6769129042688695e-12
2.124534810499045e-22
1.4242256307172693e-20
1.7068211352245823e-27
2.2389875480676746e-30
2.3799233444778148e-30
1.1643557217168639e-23
8.3377844429897e-12
1.58777578898815e-18
4.4434943132678035e-23
2.089557440846514e-70
8.108132355059118e-16
1.4829469795960774e-17
8.917919108604365e-51
7.509346499935852e-28
6.668650895385886e-23
8.29974783184114e-08
2.37673189242159e-16
1.3542481421073538e-19
2.5714115240276053e-39
4.637807574891638e-22
2.663704497696513e-34
7.904357170376079e-14
6.258300626223086e-26
4.484575688973372e-35
2.05772470374293e-40
1.7148660997130484e-26
1.608147622544023e-17
1.2821618345445435e-26
3.859172157548045e-19
3.501365665248899e-09
9.805115395625401e-21
1.0599457697957959e-23
4.3120659634317606e-27
9.137718391390638e-16
2.796842118819244e-35
2.1924943197492297e-17
3.3414180205968133e-35
1.237138969463155e-18
2.4900727353330915e-21
2.458533011048646e-16
2.3316132325366085e-15
3.1898315297769286e-26
4.078348039767148e-15
3.688510006200055e-25
9.516782753965086e-21
1.3812310492935449e-24
3.113188902523128e-19
4.926926157372199e-31
7.871864840685106e-20
4.221510042880613e-21
1.5589011293118717e-13
1.2304353036220288e-09
1.9857805191198884e-18
1.3128937905066715e-31
1.2766670412965458e-22
4.070843118933185e-21
8.937273726048347e-29
1.5533932908805368e-34
3.071477830199682e-26
6.449135474081331e-16
8.557833447613494e-18
1.9775377276632033e-22
5.4873292834417235e-14
9.516047660442413e-23
2.2002945260244915e-22
3.2708610780145046e-09
2.2940765258746266e-14
1.0982255563953031e-09
4.992118989866156e-11
2.503894001234485e-67
1.3086658368292168e-23
2.5165538393204495e-34
1.3667808814184673e-20
9.103860122086727e-23
4.585671450436335e-15
1.6391436348712498e-39
9.448995959968816e-20
1.444887815810274e-18
3.733615067087797e-17
1.3069674492179747e-63
1.1040500961501639e-35
1.3186522408553456e-14
3.837418524969395e-21
1.313920707540698e-25
3.473273165170175e-33
1.3036217019598674e-21
1.8464103208135158e-23
2.7569168706461252e-31
2.5460552926743135e-64
4.2934689463549495e-40
9.503994332659761e-32
1.4030778216678655e-32
5.0873339352434756e-39
3.217331513900564e-32
9.085734448685885e-18
1.7998286725579208e-19
3.2229723663591153e-18
1.299626263979759e-37
5.962270309599073e-33
1.9236066873853786e-21
3.8043433015551117e-17
7.271440994357779e-16
3.631309113949823e-25
1.4118046383040532e-40
1.5217790122355604e-27
1.2865815439463466e-20
2.4417595522203316e-65
1.0829090638972086e-16
1.27318780979767e-22
3.201654375588392e-87
1.822324578954673e-20
2.171693930705621e-19
2.928421157244854e-15
2.5036344057123377e-20
2.9584729079199785e-45
9.825795585320195e-59
5.929375703580961e-23
4.375140595046644e-23
1.965785903849046e-28
7.306687241963585e-31
1.3565324210077254e-32
4.1481154445232137e-82
7.773883404248007e-36
9.396898891447808e-28
8.83590504933545e-32
7.532546906972038e-22
1.733191350943086e-11
1.400731490591088e-19
2.1150725917103086e-24
2.6074152229827183e-28
5.759792298788298e-82
1.0738934839536913e-35
2.02406906913434e-43
2.241036665250442e-31
2.3889481918770567e-37
1.4820306685385832e-32
2.3352303634336886e-08
2.6507362424447756e-25
9.878685761337323e-10
7.799681824202525e-28
2.5869771045081904e-24
2.52550836119208e-10
5.0493440993959586e-39
5.703316575898487e-30
1.964260478343329e-23
1.9749085324102447e-07
8.159784789636785e-25
2.164299379348629e-27
1.8837218406460434e-27
1.2293149669003415e-19
1.874795291720971e-22
7.882705258387617e-12
2.650561812509438e-36
8.462958124523915e-27
6.124500513457886e-36
4.828030613695348e-19
2.6236568877996503e-10
9.554372876316152e-26
9.2858480580574e-18
1.99652063797409e-36
4.4777230395054694e-20
1.0990496148255946e-82
4.6620825482266105e-15
1.9783480154049683e-33
6.4170651833868195e-27
2.588284287465628e-17
1.0018501757983659e-18
3.341573398715794e-27
1.306216101030663e-16
1.9664262033651614e-28
3.1969581843372525e-19
1.420356455327439e-28
1.0595326077883465e-25
4.001938286924417e-25
3.2044279224604323e-68
5.650968658125217e-19
2.888570229695957e-09
6.391166022248474e-17
2.4725218585885566e-18
6.625361288995172e-21
9.23299947474318e-22
6.2903110456672406e-18
1.4589685918323172e-26
6.381322390248863e-16
2.608154951940256e-28
2.2995887382767e-19
4.277761159214125e-18
1.6326702025040624e-31
2.350424217545848e-22
3.067363121137917e-27
5.556317883406097e-19
1.0037938839712367e-24
1.1593755732383023e-22
2.1123237895449958e-17
2.3006711683989184e-21
6.679651886446066e-20
4.435352676579743e-25
2.2254242118342737e-18
1.2345104722686512e-24
1.1084309680527778e-21
1.5091420676724174e-20
1.7527059047370922e-22
3.022044364934582e-23
4.380041176629162e-77
8.186561979711593e-30
1.182967868536943e-34
8.585373661409317e-24
2.2891837850756007e-05
1.3508489055343937e-30
4.343243273813709e-22
1.2496664663187133e-13
7.728275586199251e-12
3.662099473287802e-35
5.418395367628959e-24
2.484075168396226e-19
7.549255726303117e-16
3.5550806935928094e-29
2.024991115895605e-29
7.623470463916592e-22
5.650406693821131e-35
1.6416291370929095e-21
1.2133181079750795e-19
3.241634503901068e-21
2.4584733560161958e-33
1.727221292804389e-33
8.641797918794297e-79
5.77282447830669e-85
1.0681419385223003e-16
2.5356333481225205e-19
1.333141414253697e-36
3.595909473222349e-21
1.1319598175217867e-28
6.108077603475017e-08
2.7959440942842473e-47
4.546604995820627e-22
4.8814460015650535e-25
1.16225006654799e-17
1.6251066488276278e-12
3.6238371796587024e-33
2.7483381307594314e-23
3.5713679418732916e-16
9.801991757755359e-23
6.525344183257554e-31
1.2530710291584345e-23
2.2265661211195144e-41
1.6899281507705995e-25
2.541621130792196e-16
2.9690490469771844e-79
3.365373352121606e-19
5.604805351422373e-31
8.269599780993648e-38
1.5890532945127922e-59
6.853425206388126e-21
1.6733080248983369e-63
1.0232271759972613e-62
5.90929421880541e-17
7.501393387913944e-15
4.7256367987129053e-26
4.8699485327175725e-26
3.11250976194254e-16
6.7965686618036944e-31
5.2953274230309274e-21
4.485361227425601e-20
6.961247271040111e-83
7.059522973659555e-25
4.84665494661022e-26
1.90379205117118e-45
1.0786657347035943e-27
3.985242981469954e-29
3.2140693020573586e-33
1.5115496357905644e-72
5.278700666767e-29
1.6956394632214204e-13
1.0383865651350913e-30
1.6989615743297384e-21
1.0869025589383238e-20
2.904035251963763e-14
9.122040482032926e-17
4.024754608527024e-25
7.203550752174366e-35
7.189640242968948e-19
1.5378755662047349e-28
9.590455224955798e-17
8.258936960787779e-20
1.2840385990539967e-20
3.1132060749799198e-25
5.487967470461426e-73
3.436035447549859e-22
7.872132723966553e-27
1.4271362350232568e-09
8.072257172297963e-08
2.5274741274421525e-16
4.03022580260641e-21
2.5449093076499287e-31
1.7240779022278793e-31
1.7958420880217536e-24
1.472984976849877e-19
9.366960843015848e-19
4.2685077900149614e-24
9.127614239014493e-20
3.4336547052396474e-24
7.245616950866478e-21
1.0411808148955315e-28
6.257439294415792e-20
1.7514409027033012e-71
3.2591445834580853e-15
3.7112741176733433e-44
1.0352746929311244e-22
2.502895985200347e-20
1.580564859492797e-73
7.307706083013393e-24
6.698529601578281e-30
4.278482632480354e-19
1.3786324864594747e-15
1.3515260186863622e-38
4.2048009017335885e-16
9.900921970565685e-08
4.612154846489912e-20
5.493543212856567e-23
1.615736921229788e-23
3.159198409879388e-28
5.03850155564588e-16
2.0915252815221466e-20
1.6210388026145345e-19
4.70976359174104e-22
5.886080169995764e-24
2.606836141090852e-21
1.3456604246745725e-39
3.871183450791727e-18
4.056915280655555e-30
1.9643016674053733e-35
7.265755744753687e-20
1.453222568878059e-07
4.350309583489962e-27
9.182673474087651e-23
1.0570157304253826e-51
4.8192197581069626e-21
1.0934265254801862e-22
3.9596704217020886e-24
4.32897446960341e-22
2.589581867697655e-13
2.3780460708864966e-48
1.9772152143827265e-28
1.830336446513563e-15
2.495124560000563e-13
8.040493953685261e-20
6.422639366997293e-26
1.344371727997265e-18
5.361084709090586e-19
5.33319023583449e-19
1.7735417541473215e-19
9.234971639878262e-21
4.0638955145842304e-89
5.027972094949354e-31
1.6524320489697394e-77
8.976856847273168e-27
1.8759823957337968e-06
5.575739813937817e-35
9.539077055706514e-17
1.8508841916820354e-18
5.117899918948633e-29
1.563963716950945e-19
5.567884914603888e-18
4.153789334128629e-29
2.2293828652291493e-29
9.090485888268764e-27
2.2197452287525375e-34
8.495765819953827e-22
2.97875463754809e-22
1.7220236001672532e-28
4.971350394177686e-37
6.314370231737557e-26
3.088914913738882e-27
4.080531632073077e-16
4.927826397859471e-21
2.1913242470279426e-21
7.070855811112362e-35
6.7280375418828e-19
9.813684234982107e-15
2.3860681022183307e-25
5.605695208232624e-17
7.720119565510785e-57
4.905520131541155e-41
1.432244076851674e-31
3.870163992441167e-30
1.4101859687121372e-21
7.06843934479366e-76
5.349372021742376e-70
1.5155223157608827e-28
4.1788505409367837e-22
4.7612960887884433e-29
2.086104017213242e-08
4.3891937393201304e-16
3.2019796032755113e-66
1.1641309858348127e-25
3.4417196669127694e-18
1.5983448136172942e-19
8.546574394890853e-12
2.5649262808396317e-29
5.300615425086617e-22
5.411479875062849e-13
3.0184516893459605e-18
2.762993134055888e-09
5.4452783385266304e-30
1.3020859084361897e-12
8.836240311076046e-24
3.627480988354798e-25
2.800570663858241e-20
9.886952530765667e-18
1.6251638152905951e-21
4.812621919562032e-28
1.3135426483708312e-17
8.538753920398033e-32
6.916361038190606e-17
2.6986149978292378e-18
8.219427249895994e-29
1.0976313547913819e-27
1.2940667214098716e-33
1.0587173143383556e-16
3.9573014549902074e-23
1.993251046873762e-20
6.867937110983347e-20
1.3655430236979214e-07
1.8832196096346613e-27
6.772194483292816e-19
1.096933078632494e-23
1.3670185943890883e-22
2.1285869714454695e-46
3.960279509370537e-17
1.172778974172368e-18
1.3432846158866735e-23
1.907740046255987e-30
3.089962368381845e-23
4.0194057917214406e-83
3.496416894391626e-41
1.0186089779134251e-13
5.739054556949395e-19
1.249429622962282e-21
8.035713701119377e-12
2.6405194984624593e-21
3.6040132940733494e-07
3.126503619479655e-23
3.903255773238165e-32
1.0366537170514383e-24
3.513464373325494e-20
5.851889449990413e-24
2.1471271576674402e-75
6.76604540068106e-29
2.0355705197557622e-26
3.845016653844844e-24
2.7438788136384395e-22
3.715037059505835e-24
3.138758718634618e-33
4.609688157851069e-18
1.3161512680331626e-23
3.2479058545462426e-18
2.246063561540953e-52
1.3409058346239886e-07
1.966540801125302e-44
5.144351960799365e-09
4.772182539630479e-21
2.89348630297804e-21
5.004304464918263e-27
1.3972479485110484e-23
9.317337452617334e-22
1.0979179937637956e-80
6.58033109684085e-27
3.1409621123582213e-13
3.2380993401056895e-18
4.379188757329013e-14
1.2008264065487371e-17
1.83709586793798e-28
5.711204400070372e-15
8.348006647591576e-63
3.5238790100037015e-35
1.570611034383568e-25
1.287443186952432e-24
7.131898552441497e-15
1.9102107069571637e-26
6.396006977767214e-22
1.584489287147383e-22
4.333142815074362e-23
8.565648927479075e-18
1.1956082643689182e-21
6.562774752897316e-28
7.129102873519275e-18
5.638786090577995e-41
1.043993863534169e-18
4.83169336153111e-14
6.84069395839412e-60
3.2970315399970025e-16
2.1936588860284723e-34
1.2049693699256955e-26
8.122608902543932e-21
5.438621530901745e-23
1.272713630984424e-15
1.683607198374988e-15
5.819816002101745e-30
1.1849031916258364e-34
2.496786373063532e-34
1.5795416320547963e-12
9.718322089460424e-16
3.723931831106844e-18
1.8847397290681725e-33
1.194491647977522e-31
1.3489838432171382e-79
1.0581212752557677e-25
1.690109307836097e-28
3.409660243791916e-17
7.139644441809318e-90
9.595691474179515e-30
3.132399377122286e-85
2.327922093691557e-21
1.3770021602380482e-33
6.230745970547895e-35
1.179892833538047e-73
4.536995914438683e-19
9.623147133117812e-20
7.620789314170097e-23
2.6293049263358645e-12
1.959154935487608e-09
1.6764777813115822e-32
1.1304596667442208e-21
1.0131528085450379e-31
2.334867563239695e-22
2.108058018286833e-35
8.137262707547478e-28
1.0397747164162175e-21
7.349062398749981e-73
1.6313429495491156e-09
2.3785636189782043e-20
4.5331669179028747e-20
7.200821820623067e-25
4.768613912740285e-17
1.4422663179762e-28
9.39497089782328e-09
4.472865752694225e-21
4.437402413098814e-27
1.0916296206621265e-15
2.084111321070526e-40
8.455758163290146e-36
3.5434823738960248e-25
6.474551948341977e-35
7.233537859857032e-20
3.0328291288909595e-20
1.3000370641712012e-20
4.39091474524319e-23
3.900100626103499e-96
2.1274849066537408e-16
3.862730873692022e-29
2.209727798976996e-33
4.330475734310908e-19
1.4319228282947777e-49
1.1034540290782638e-22
3.2103528480296546e-22
8.409998768045615e-21
9.42012331295059e-21
1.70364851521582e-11
6.454189509579772e-20
2.6282862950233176e-21
1.0821170562124952e-13
7.578864347962491e-24
3.136149697118748e-16
3.5638984887236816e-09
9.729087958952875e-24
4.609222512076489e-34
2.7693165027621465e-40
1.176772624626733e-24
1.1912858636974617e-26
7.948968533317355e-21
5.850004147074453e-10
3.0270914473633006e-12
3.4018334259523808e-34
1.1918673844904948e-19
1.1883965745145403e-30
4.041674305577984e-21
1.7329344702971915e-18
1.464760823620584e-68
2.914460157799595e-26
2.657799468895996e-28
4.967077209918073e-41
2.6936082830829193e-32
3.1781284938372873e-90
2.182425674867539e-15
4.8211060954523473e-57
5.937561365832821e-24
2.984133397045e-23
1.7568629632850688e-14
2.792930985551984e-89
1.2006186338315547e-23
2.085439109877239e-24
6.9173168753267165e-19
4.954992646815577e-11
3.763085936562454e-43
2.1909219839382212e-11
3.8144267680695596e-32
1.2433090223522932e-28
2.945336755468758e-09
3.674457519538717e-19
1.0644434655422373e-25
1.095732921344837e-31
1.1109630908216833e-09
4.364655827516452e-19
6.827650194158314e-24
5.272811039259402e-41
5.813840136179621e-66
1.4270701771287445e-17
4.598116690683303e-82
2.4275448308737318e-23
5.060907051698534e-51
7.915061057175773e-63
3.950806285085059e-66
8.019933825345133e-67
5.930654496724963e-29
7.304403899670775e-12
7.618982813097674e-35
2.3114009674276557e-34
1.5715976951130663e-73
1.7133197980072793e-20
1.0099394948693126e-12
6.547112545279184e-17
5.516972944461651e-25
2.757130791240982e-24
2.6332736703750006e-22
2.052581159364109e-21
3.7134434383808825e-26
4.816443926878691e-26
4.440397292622224e-15
4.447161720651397e-26
2.7056585568494646e-26
1.5183134405480944e-14
2.5403975389955007e-12
1.745779441827154e-33
6.66948580064857e-14
6.131439946848788e-33
8.845737050774097e-15
2.8715245984630528e-21
1.649666018377905e-17
7.345493996658168e-17
7.561023270914353e-27
3.304570976376954e-24
5.122526862647518e-34
6.36175902562706e-27
1.8164233853323348e-42
2.7387498991659875e-46
1.363389930906052e-23
1.3300606941948221e-15
2.9628468122878015e-19
3.7253291945142743e-34
2.6544716193897046e-25
5.060329844546963e-31
2.724797058590017e-23
4.688867733563609e-19
9.963976605542574e-22
1.9733449768281663e-15
9.624902656352054e-24
2.174640138688473e-27
2.406692914764598e-23
1.6947094364414408e-19
2.535113448964927e-18
1.8160906201143775e-71
9.51623116405788e-25
1.495919013993563e-25
1.771647210109271e-79
4.738702212203741e-33
4.4325734422017635e-10
5.433857901782986e-22
6.691047838891174e-21
1.0130758658510911e-19
5.160595869064467e-26
4.204484546433432e-21
1.4282729321353204e-34
6.989715037323288e-15
1.0231050106323534e-13
1.0060835286528992e-36
3.3633179353836803e-29
6.277447062996467e-36
4.7918404763926214e-17
1.4513240652766908e-22
1.1088379200399488e-30
2.314870871074334e-19
7.388710107399431e-08
4.495164239807971e-16
1.435349542829839e-24
2.9174894664117206e-19
2.1178547450525253e-28
7.580050739921219e-22
7.072024628585193e-17
1.709838695636787e-27
5.347930811966278e-24
9.934804541416865e-41
1.2675687184745117e-20
1.2276392036482803e-20
2.470850851415693e-27
2.900853232500634e-26
4.225244649600069e-24
2.8728330103420634e-45
6.751788639398877e-16
6.575939427008933e-10
5.200187016013886e-17
3.3665431862327174e-34
2.7440496154663798e-17
8.731110643753693e-30
1.6249455240584492e-19
7.504479255574552e-28
3.978838814726924e-76
1.606847280250508e-14
7.606586277790806e-25
1.2706890856116819e-24
7.727440843771968e-20
1.5200809499220755e-09
1.8279798868606074e-23
3.3401424343878106e-31
4.666545842484203e-22
6.509165027828107e-29
4.3735015385485784e-24
1.0741213692147106e-16
2.043644339634965e-23
9.133537908219945e-33
1.4229706545257817e-22
3.1618424282298333e-55
9.858861207197471e-37
1.8129990921424908e-16
5.294262333260132e-27
4.234454038890581e-18
6.424038918185976e-16
4.250668687852279e-22
4.281566233631966e-24
2.3646566438203195e-17
1.9899929628086897e-09
1.398255378568911e-24
3.5243729195621925e-22
1.1252164390482223e-25
8.368450708629356e-76
1.72764954669234e-22
2.5796718750324558e-17
1.7189157102884234e-30
3.111375666190642e-25
6.848539203464757e-24
8.19207496530542e-29
4.969814766091557e-19
5.940218271620722e-21
2.4990151018005122e-30
4.931226861084218e-34
7.952437440915216e-27
1.436582998955977e-15
8.73158318023978e-24
7.956370314782012e-20
1.0695431225361863e-17
5.320540417600379e-19
3.513455069281612e-12
7.239394876119837e-84
1.7236476022626067e-17
3.226448409293222e-23
1.084764502072374e-31
3.741497856626838e-24
2.505036416805767e-08
6.112681084392903e-13
9.170403346950695e-16
5.117810596469414e-36
1.0265288567136468e-22
5.9740537441499396e-30
1.0626275227941344e-33
1.6716511312766015e-10
3.77551755496518e-25
8.379539848035332e-41
6.094146056148496e-31
3.3306167671952073e-26
4.618215942158221e-35
1.156651391786534e-25
3.118994304581064e-22
2.5569805527722988e-21
3.8923411347948466e-23
5.573351162987899e-27
1.6838015261388408e-15
2.5760067048254855e-14
2.7596008019907756e-30
9.579002735590193e-40
3.8800311190483955e-18
3.550284921196277e-20
4.619254383228522e-30
2.457159095930051e-26
4.290205284572979e-74
5.51142161382798e-17
2.3957186617366318e-26
5.922350349071872e-32
3.497919527062855e-20
5.781669107943227e-17
8.496609484230842e-75
5.274078087277093e-07
5.150411559784589e-15
3.7054993473543864e-28
3.396007380269253e-30
1.821493166863067e-24
2.130819830005034e-25
3.766495701301544e-16
1.578965572629017e-33
1.2552107506235083e-35
2.327930025037419e-20
2.675093004430419e-08
8.045895710669465e-34
5.7779039952786226e-06
6.278705359369853e-36
2.607811442984816e-31
3.538806004072559e-12
5.098943939375167e-22
1.3518544224284745e-21
1.598128329722501e-23
1.4273763115351193e-25
8.22342391187357e-33
6.835113308890515e-40
5.335132680212759e-27
3.9904537596140913e-23
3.8065063989092085e-79
4.3031830060818813e-29
1.8735226979493908e-21
3.7683379745773445e-31
6.410256337288277e-14
7.386965322100444e-25
2.8801220673505433e-36
4.462559703949099e-29
3.103333544053721e-36
1.7014403734562034e-20
1.5482549494623702e-22
2.0970074820701167e-32
7.579863422900807e-24
1.1172325268836595e-26
1.8335695785289147e-07
7.565563949269791e-31
8.197482801097119e-15
1.696641701010356e-25
2.6021900448673016e-39
3.3514174162823904e-49
7.737946708481675e-26
1.1644691522547928e-17
1.848642173477905e-21
3.775200168037375e-30
2.9981767248303254e-08
1.6269315560609784e-32
2.7340897458235647e-21
1.5708711916447852e-25
5.884827692557149e-48
2.1563798499233888e-39
2.9768559649035667e-19
5.15434870798162e-27
3.119718216497144e-34
6.248238836878078e-26
8.987171466848087e-07
4.551598335506449e-22
3.848041964237995e-17
3.8818671161614396e-20
4.326527441762073e-20
1.4498943722794798e-15
3.370893601278607e-48
1.2095246551988921e-17
1.5801701139990697e-82
9.518171606782088e-30
7.69610911216142e-28
1.685547170478533e-42
4.2495585607017745e-19
2.538804345485978e-11
2.808739931243555e-65
4.356982537724721e-23
1.22068054897653e-22
3.975730607673153e-18
2.4953012258770174e-26
8.258513117835228e-31
5.462697426578489e-27
1.4175128311099986e-15
7.874279238444605e-17
4.637381822699036e-19
6.606976818437328e-19
8.18038495211205e-23
8.397363106358881e-19
6.92860233909031e-22
4.050971206559225e-25
8.941809805390542e-18
8.384556614175235e-25
3.1163519407103486e-08
9.553198246553209e-97
1.4301421948575905e-20
2.7458262961451477e-15
2.6374819044710346e-41
2.072228985831973e-36
2.855434840634644e-13
1.7512797908667668e-34
1.5518521270952956e-21
1.385599130631739e-25
1.219941377032028e-25
1.2333310282750695e-21
5.271691634811185e-37
2.2115342429065386e-34
1.9227753325161205e-26
1.1439843879296932e-24
2.2009305439808774e-23
3.9940857575257e-18
9.064011561472976e-21
2.4575217256640524e-25
2.3786381580472032e-23
5.264156402296713e-26
4.1289845197077595e-26
2.012144907359267e-17
1.800883160032042e-31
1.582828813263103e-20
1.7540692255567729e-22
1.2926628941792427e-10
3.252378310612685e-16
4.5018503015543234e-24
1.1953530474485353e-11
2.3054090005236787e-36
1.2220224209589063e-18
4.455977212472973e-28
7.777982882323262e-18
5.179713697329052e-31
7.345892298056828e-15
4.427734901813937e-14
3.595421774393191e-19
4.0996827767161517e-10
8.452320387866915e-20
4.940980611152378e-20
1.6781012621009162e-17
1.4966339581950764e-21
7.516513498756379e-28
9.629458490003569e-15
6.034135528271126e-23
6.410441401947605e-16
3.1488358578674186e-28
4.382946983923832e-20
1.468606123177962e-13
4.1291092374602016e-24
2.4646623447547732e-26
5.749142866882279e-15
5.452067886734867e-33
8.627276489544358e-20
4.377443948521546e-17
8.030678430691955e-27
1.1465031332685098e-39
3.998651970348794e-59
5.944637709283985e-09
9.828418321889924e-10
9.26714500948036e-101
3.15344967200749e-12
3.041506831676563e-69
6.8841202887880505e-19
1.1742863525424347e-24
2.845876000482974e-20
2.5113946777809554e-25
5.700741074174766e-20
3.2934011164907845e-18
4.165011036406022e-28
1.2334028889963728e-18
2.1892143300333805e-40
2.575842147752392e-38
9.484115196364752e-09
2.3101603231449067e-41
9.807214683144526e-40
1.0812834534171757e-17
3.636254888252564e-43
6.961379517380365e-20
7.770922540746139e-10
7.879816982467955e-21
1.718060588013685e-42
3.820374135046477e-32
7.095986583080397e-14
5.129519887226549e-17
6.832680849366128e-20
1.1838743599081698e-18
5.326949496292824e-09
9.308076055899764e-15
1.8598287184253476e-31
6.434483578777894e-56
9.997086971522991e-20
9.328430777366504e-19
1.789112287909281e-93
1.3948853324666124e-18
8.944740479876093e-23
3.609349794889596e-29
2.0429487872339954e-69
2.9487593245709312e-65
8.650761201433705e-20
1.1829849957299605e-23
2.7542773499627727e-24
9.311563554018325e-24
1.6063199739934685e-37
1.6770098467918363e-28
1.39003565438584e-16
3.484176586793379e-23
1.8224753937504012e-19
6.70184129072171e-38
8.319812231701701e-09
5.2675033684013216e-30
1.1247596573864774e-12
7.534558045472366e-14
2.188330788686358e-22
1.147194577552721e-32
2.974633579661298e-18
6.3981852365154715e-28
1.1792468749619964e-26
4.687748867871325e-25
1.0550106324167347e-23
2.8740136942702757e-23
1.6002246653182388e-23
2.903255558941312e-23
1.4823648456380963e-21
2.0971307297725735e-18
3.8226739600323975e-08
5.769295065175458e-34
7.522097314166236e-09
1.0922947968611828e-91
5.594440749476232e-18
2.859850319879023e-81
2.7138952266221373e-26
3.2516776556143306e-31
2.0473779215186253e-13
2.238197884953055e-28
3.0804427714625653e-43
6.802093979561584e-24
2.6522769818536383e-24
3.183647517075354e-31
2.1166801925880864e-22
4.693508332005069e-20
2.2726694260386693e-33
2.5234100476009157e-33
1.3174838011044621e-23
1.8263140748519827e-22
2.531707344219198e-12
1.2437150617054037e-36
1.3214835381249273e-22
8.228492684922165e-28
1.1166513900063473e-16
4.316973146020433e-23
5.796736614175594e-09
1.319589411756521e-20
2.0211223176598472e-26
4.867729975515557e-24
1.5925610101262338e-30
1.3426484008865063e-20
9.143601824899179e-31
1.6519006002716472e-19
2.0855784510854938e-57
5.979618328880875e-22
9.502586861825084e-22
8.871165583907336e-34
1.694127747665925e-21
1.2783232004242045e-13
1.6410877476268912e-20
7.214427519190359e-27
8.48740109686516e-28
9.249462159367825e-28
1.2805581107052674e-84
4.236715213876284e-06
1.1035433605012155e-16
5.989760663485846e-20
6.578304246958927e-25
2.2579609567469675e-15
5.368691080270709e-23
1.0546229337320767e-17
4.217380194177092e-21
1.368507743299468e-21
1.177865452790193e-19
1.8083429671579086e-58
1.795938667564937e-14
1.562425898625898e-24
8.957043541447266e-21
1.1345695898764897e-14
8.406326460811839e-16
1.65107117869409e-23
2.004265860988876e-15
6.345118973805963e-65
8.330275526563377e-39
2.6047166753451094e-08
4.248826307850532e-27
6.078394327818716e-72
1.5350534974422528e-75
2.4644886203840716e-22
5.963784014149445e-35
3.2259028210146414e-25
1.1914109147482865e-22
2.7801849301350177e-43
7.708204057814832e-34
2.464023465623991e-15
2.9151416793822504e-12
4.699086972427066e-19
2.6718169327504073e-32
1.1042157756438538e-26
1.3315833632301748e-15
1.0293225318014918e-35
2.8979278766366655e-22
1.6083161753099378e-12
3.463170674475255e-44
2.068425651505532e-25
1.4055947753370181e-18
9.301716576679035e-17
1.0472124255009454e-16
2.5317433193338405e-26
3.261380658812976e-24
7.889055204156776e-76
6.652219082419393e-22
1.4468546287604421e-18
4.314715801621213e-26
2.6551985865655477e-20
2.690955635712969e-82
1.3266617778455823e-31
7.000826797516341e-20
1.1532479877449676e-32
7.595725697409004e-26
4.41353387385162e-25
7.73975961949598e-43
1.0186273422622482e-54
5.842893878652604e-11
3.2765991155688376e-21
8.413381117537146e-22
1.574301693900856e-36
1.1592291809391315e-11
2.199770346429087e-18
1.1816707618492405e-18
5.385004264612268e-27
3.264766572945996e-26
3.299505463912811e-76
2.736448195002723e-16
6.245012347749482e-08
2.9203903105072305e-30
2.976773278170452e-22
1.6069437236508923e-19
1.08548223208398e-11
5.079804906509062e-35
1.1590207321733092e-64
1.906461657772101e-28
8.385157077911416e-13
5.648301579058826e-27
3.120696880868662e-20
7.660736719158658e-22
2.2323343835550757e-36
3.9813693331528336e-23
2.4439164113001177e-32
5.218294841703243e-46
8.515271835378436e-29
5.266290591894757e-29
1.2708142326513214e-26
9.656619459062653e-34
1.3086922678188455e-22
4.749118349659332e-26
7.455289884683298e-36
6.569883147075162e-26
5.184929329712409e-26
1.2473359063401355e-44
1.7865851398113265e-19
8.621453990305135e-28
2.906167873377705e-28
1.0229297955210785e-24
4.868931302817756e-19
1.7379439564942178e-16
4.337333471414476e-31
1.7833359597998086e-18
4.082321885900274e-33
7.488414546307437e-34
2.9035493241946706e-23
5.360184326033368e-28
4.572410756142177e-20
2.454813976754049e-17
1.0546500694972888e-31
1.4538346268451637e-18
1.943704339825795e-18
1.6844869121524717e-23
1.5716952916827475e-26
2.1466700688259972e-25
7.2315240986106545e-53
1.4120310137283396e-18
1.789975195077008e-24
2.1004557722968056e-21
7.304344538508676e-21
3.14667606263952e-42
8.201072757365896e-24
6.226004133971493e-23
5.145328579631526e-20
1.0944293462697803e-23
6.934226522744382e-20
4.839289445945435e-21
1.8396852276943596e-28
1.6559281813446513e-22
9.370554732941513e-23
3.24000030281489e-19
6.693851476521274e-18
1.0144262855840935e-21
2.660318534961573e-66
7.143637028089691e-35
1.3307220977469297e-13
2.3929601802169637e-31
1.3608148527601977e-30
1.1422958398398048e-26
2.7477544520168766e-33
2.920116140986267e-24
1.1674946445038454e-17
3.0198585023171585e-37
1.1575975758891133e-14
3.620140625932737e-26
1.6049238129834425e-09
5.085796273153146e-36
9.768769643279069e-52
4.864618278779018e-19
4.55527598863099e-38
1.010842093693461e-24
5.5047985590052414e-39
4.556933464940557e-33
5.55555798504044e-29
2.556748340216081e-24
1.999890581538871e-15
2.7616086162932223e-13
1.978901853632475e-12
3.8996393610349445e-23
1.1386895075474643e-21
2.8193197246150485e-22
1.643368725245098e-23
1.1718232317119798e-27
1.092444337126754e-12
2.314392887586037e-27
2.7648770201284177e-17
3.047341887166536e-20
2.6889460222914934e-18
4.579377001735024e-16
2.5992688911071475e-27
2.518165423809296e-28
2.3243356837042573e-75
9.317866014939568e-22
8.805623378829609e-29
4.784495361646515e-15
2.619066923249977e-18
1.6778025179984482e-17
1.4925865302962283e-20
4.401108160633363e-26
3.429051111016357e-68
9.997461137456774e-30
7.1827863194719e-18
2.4383499068417513e-26
1.852295833515944e-20
1.3855818441911551e-27
1.7734472288088235e-13
1.8301354829995795e-19
1.246265537372234e-13
9.245374974587996e-31
3.346078124279093e-20
8.192376483068514e-17
4.6579817326748354e-30
1.151727392434677e-20
1.78508906598667e-21
3.1799718436701095e-12
9.372913201511093e-33
9.820220558027719e-29
4.998640310052515e-36
4.062586904042305e-34
6.072855712093695e-26
8.421873610028295e-19
6.28744157992817e-35
2.4925614588699295e-25
3.459746389742055e-20
5.25567785624797e-17
1.0370614610505825e-12
4.993683257957552e-22
4.029256082979997e-63
6.60682233483763e-49
2.3427300843351463e-16
4.4115405548126785e-77
4.947233279398777e-54
1.3780496074113307e-29
1.0576045771118829e-45
2.992393720170477e-39
1.337526180708505e-24
6.3878692245911635e-40
1.7045544714142734e-37
2.5084824895133167e-23
1.7458296938959262e-31
9.53236661286945e-80
1.3894306901388385e-19
8.23367416594184e-26
3.3103720216418876e-14
2.694101950290304e-09
3.336423454082265e-29
2.916442107822105e-23
4.6458226105103064e-18
2.825374840863099e-23
2.3369381569768514e-55
1.2631442177302776e-21
1.2862086279251268e-14
3.9964709056421966e-23
2.8337353607734066e-59
6.1225946038766786e-15
1.3529938886167731e-20
1.7293610362615388e-12
2.5054082446604824e-38
2.1779725218686023e-23
9.309843217573181e-31
1.1781208850811978e-10
2.519752762206211e-66
1.0131126400931119e-12
8.465541850735353e-26
4.027880215210792e-13
1.6284135179258519e-46
6.035486336260344e-21
1.1836160731957337e-17
7.962128894278176e-08
8.242899027383076e-23
1.6143738231676406e-25
8.29448916540641e-15
2.1211927547629722e-19
4.41189021613542e-20
8.238412340062487e-48
3.0617395392634213e-27
1.0003830172153761e-20
3.601041500651517e-20
1.446143575710547e-44
1.1837359848516285e-12
8.160469156261304e-13
1.07756072671233e-17
7.603153825114906e-12
4.898189562254566e-28
5.162736181308101e-13
8.787675700315345e-42
1.614016261602631e-25
2.8757013737865236e-17
6.757367399473731e-40
9.781479953106346e-44
2.652703724162449e-13
7.965503812329975e-32
1.224057247593599e-16
1.786245041634463e-23
7.489396920159616e-15
2.065527022905777e-13
2.0865869405990395e-31
1.231203958172516e-53
1.3068098940994881e-24
1.906952334560967e-26
6.79446653422584e-18
1.2163214458272954e-83
3.225841933248951e-14
1.3506766448168455e-25
1.9885682076364828e-09
1.4097795332329322e-23
2.1761289055580127e-18
1.0887529066966024e-27
2.1835787280319583e-28
1.07217089184394e-14
1.3772444526462525e-16
1.4093271971020918e-69
4.71274034463659e-44
2.183161979958976e-13
9.098781384268835e-18
1.4152312536761553e-14
8.569446991996506e-25
1.8931358403223417e-32
2.3680090002355165e-17
4.882549264380058e-30
2.767277498510096e-18
3.331574414042743e-07
1.6094372928204035e-29
5.515031562833538e-11
5.437968844558185e-14
2.0087752722480286e-43
2.4838925492341375e-32
9.919197011063657e-49
4.036310669936843e-20
8.412081574747336e-21
1.0842721577103357e-26
1.0888891106249e-30
1.1706230167745728e-23
9.786005037649401e-20
1.2972490229238707e-26
4.888227802727454e-33
1.1322918072361355e-23
6.140113295110715e-49
5.4069158592588784e-27
3.199564852322525e-24
2.6081180819341213e-42
1.1121719078436111e-25
5.1037676544943235e-26
8.015152003719691e-25
9.575696930823446e-23
7.093034094890397e-18
4.942734345870652e-30
7.958706739514718e-26
3.1386039922437726e-11
5.120661972101535e-16
5.778120068576779e-27
6.5343393408798236e-18
2.0123986168531087e-21
3.5511219620452214e-35
1.8641818053465822e-67
2.1643040075439583e-23
3.440767457272769e-67
4.931632682528575e-23
7.169536564904858e-46
2.188615499207643e-20
1.541054247008981e-25
2.591347044240703e-34
5.171195325525586e-22
7.000089492848243e-32
7.547361536987814e-15
1.9397208730528396e-18
3.784857772692575e-17
1.0869603214989018e-43
6.3143727396954575e-22
5.776443296795881e-36
3.781292154239334e-67
3.3032393360527617e-23
3.3034645517965483e-37
1.5050853729681119e-24
1.091410052278609e-28
1.5996969252063585e-27
3.12249943585811e-18
5.362983736560321e-17
1.3548508843397192e-14
1.3331738709253375e-26
3.5707106232210617e-28
4.567606404415551e-21
1.5621073165641427e-56
4.121018207171474e-35
1.4423410243729025e-11
6.12244251975704e-28
3.5562700970603807e-22
4.6773394948950376e-20
3.666299141372146e-24
3.508722681883206e-23
1.2595211880526329e-11
2.295773207436649e-35
2.0106148751907784e-28
6.316084203216178e-23
9.89269478489365e-14
1.0137019561313163e-16
1.2384606042677265e-08
3.370309390290109e-34
3.9560615516181636e-10
4.0236642961145785e-42
6.635163123053443e-39
7.508018701956309e-23
9.330579540947654e-19
5.551081518876776e-73
5.903593048049376e-66
4.389686978837919e-29
2.419848373735059e-21
6.497943219721302e-24
1.364107741255397e-29
6.0615703757316515e-33
3.251055254398063e-23
1.510475651251338e-22
3.0258076178622734e-26
3.950713997406113e-67
9.58705423937329e-28
3.2929322478010487e-32
2.876635611001937e-35
1.1672073743449717e-21
7.357682151117516e-20
5.005697976904302e-20
1.4004568559286255e-89
3.121927744753863e-26
7.73991786776924e-20
3.797132495028213e-24
7.69887050778659e-21
1.8352575485218545e-11
3.84755992576775e-27
2.0843005518021e-21
1.9278446229391816e-37
1.5395145865789946e-20
1.5623504699107866e-18
2.4147008039484863e-25
5.4262293295880184e-24
5.150458768884372e-28
3.4582710788974547e-12
5.308089405590994e-32
5.524908649534368e-17
2.4818971343148903e-23
3.532222738900783e-27
9.093098331227652e-24
4.473517894700533e-49
3.813845151549547e-26
2.9560349577164374e-19
1.0500900501608761e-08
4.082792048082787e-33
9.692091285052908e-21
9.05926931502357e-43
1.1319676644561689e-24
4.2431098344921564e-18
1.0501153307828188e-26
2.628414818178785e-28
1.1459019762156105e-34
2.5589171104692336e-26
2.641344472895448e-31
7.487788050362365e-69
4.686941877757639e-46
7.813054164159062e-24
1.5561404691203277e-35
1.7605368534623293e-40
4.994046742582236e-20
3.4932288293710706e-21
1.1904750089259863e-15
8.929168979231168e-27
3.712407382211887e-21
3.031664235882179e-23
5.523157311530812e-44
1.1851318849249737e-24
4.120013578024636e-19
4.195429990381206e-18
2.1505912772927112e-13
8.541864822117397e-22
1.7815256613196802e-17
2.204678676824339e-24
8.431876180192375e-32
6.252588936722556e-23
1.8692697538202244e-20
5.941229328249782e-23
1.5318589281873944e-17
5.135824530468267e-24
2.6852508948784644e-21
7.293102456535544e-20
1.4233820228325077e-11
1.4216316155647993e-29
1.3445394696401382e-24
8.573295857997812e-21
8.274004395910465e-22
4.310081190067776e-35
1.956756617706648e-27
9.063747690617948e-86
7.068267807532214e-20
1.0467681418735112e-06
3.998565421598229e-19
2.109013560822639e-12
4.118536110902201e-21
2.7443762862690914e-09
2.096173649289609e-17
5.719311177246421e-25
5.390041090005054e-21
5.413085746662786e-22
2.4543506016279003e-20
2.8848938843558098e-27
1.9622984176879718e-24
2.5585036934477842e-21
1.6601316451944685e-22
1.863110920845337e-40
1.2054194010403831e-32
5.226551110379947e-22
3.994745463096736e-40
3.947117147778543e-29
1.6575100748628735e-19
1.2877587557947424e-28
7.443641134546136e-18
9.282851620234831e-25
2.3713911351872215e-25
8.698748938601783e-08
6.172664861429181e-41
8.80864362390857e-20
9.228872370199558e-40
1.0359305188679765e-26
5.780816883082234e-26
2.2736908465682683e-29
3.4361648730670383e-19
3.3792872607607505e-26
5.899044641459803e-14
1.4150322350969158e-25
1.0818213816359715e-16
4.285108278261097e-19
1.080631161343769e-18
6.638381321448636e-27
9.50104830186608e-47
2.1325619871475403e-17
4.3279948247985487e-17
4.5958063829446095e-30
1.5624147279614987e-74
6.137659474448861e-25
1.2196159058725395e-29
6.761535880623477e-25
2.3036762706867816e-27
1.4082642432323217e-17
1.8710182586420999e-34
1.1438013608355505e-33
4.509252498571434e-20
1.4101833164134349e-73
2.135136736447909e-16
6.234499268493479e-18
1.5674105895257367e-22
1.2221220179471809e-20
1.129661534449692e-80
6.703744686438022e-27
4.625656039577046e-28
5.334220053759092e-15
6.081276051007761e-08
2.565958425883764e-25
1.6069963072800587e-23
4.174904937466283e-34
5.0348406393945184e-11
2.5544683439071807e-14
1.6247166204546387e-19
2.8791703137957965e-18
2.188181523498712e-24
1.6257140289537912e-18
4.066217937240994e-79
2.8407362984058942e-21
2.117003639570209e-26
9.278046577508868e-20
6.4673335305972015e-21
6.475666173052049e-12
1.3095856925579649e-85
2.965370710361805e-10
8.412012049313351e-14
4.197467394472708e-21
1.1356561697004306e-15
9.680073777236619e-28
2.004879625634102e-25
3.865558709390765e-22
5.864344049867711e-23
8.56061510939422e-30
1.841458511823229e-23
6.388026901618079e-47
4.759700872466119e-26
4.546807852034756e-19
2.449993909867244e-22
9.982602568895757e-25
1.2371527116864623e-24
2.6376025987473768e-18
5.262138618591443e-22
3.900569634326958e-72
3.356094191469458e-10
3.440867579695898e-27
8.072861248028206e-10
2.523879695140007e-68
2.064788654175522e-36
2.7962343746329117e-08
1.447240461158391e-24
4.5409885954416036e-32
3.418502703958246e-15
6.3719129441247474e-27
1.2077269255150639e-27
2.6291161120746695e-69
1.822503737707327e-35
7.313793794177216e-30
2.7687755608958593e-26
5.311509353273471e-14
3.2306315704194e-20
1.928143157259839e-39
4.50017996430568e-26
3.7085024929280344e-28
1.197928474400428e-22
6.591918917485321e-28
6.20776709545087e-17
1.7496864657430904e-25
4.925290406850074e-17
5.707680160963625e-62
1.0554242855239777e-15
3.3375914520924685e-21
7.610934398793814e-20
1.7001772877613084e-09
6.7782857941396515e-40
3.806227713622221e-23
8.572927568071638e-17
3.159818111680767e-29
4.300779036999445e-40
5.665987971876755e-18
2.4524315076091617e-22
3.2207546984913004e-23
9.155813247041328e-25
7.491019207407531e-23
2.760656944475963e-25
1.5593182687546234e-18
1.0099915075624736e-13
4.446853378559547e-20
3.3587173247543045e-29
1.6399733700667771e-19
1.70749397872093e-08
3.5555107705314693e-19
5.6256149431556e-16
1.5064004700383099e-30
1.668991645014095e-23
3.921615282246502e-27
1.2918666479551265e-26
3.144792680545396e-110
8.691178375912165e-25
3.299199631404105e-16
4.6890800346932755e-19
4.1526225265441953e-23
2.800730166563843e-65
1.805879918848643e-22
4.815816688116656e-19
4.618642753198614e-36
3.559077297019079e-22
1.5256939107874743e-44
6.69564970495073e-22
3.4179388780171634e-22
1.2293190865450732e-19
8.470132633293906e-75
3.6810878463801633e-25
1.1445709458272997e-34
1.2325554696109996e-39
1.0480380127388832e-07
5.760180884732773e-18
1.2117305191029051e-32
1.352648773159377e-24
1.3611545485833206e-09
8.714622676328551e-22
1.1497332287862563e-22
7.294340879486678e-27
1.0718366729597652e-21
6.168786375537305e-70
1.7974965590478648e-29
9.60228650907716e-19
3.3560097981555224e-19
1.3351701578845219e-11
6.529207738685516e-12
6.119018749658587e-26
3.133463651238878e-26
2.4248178239296216e-22
3.648064790694803e-19
2.7502795177881434e-48
3.2813066452722034e-23
1.097198525702134e-20
3.3309884095549316e-22
1.1597913420020281e-19
3.882149643430466e-25
9.037356898950708e-09
3.6984438357676543e-22
2.694768015751971e-23
1.4427420733629374e-08
5.607127056221819e-21
1.176408518839033e-21
2.912313800158609e-67
3.776157214215449e-18
8.863179760955655e-34
6.090607385757095e-26
8.561288532533815e-37
3.696362119118164e-24
5.296818131118477e-22
1.5542297017935064e-14
1.527328330354639e-22
3.328762929437322e-27
8.457618867789532e-57
1.1758479497860547e-24
1.3828498953715183e-36
1.7738709556867967e-31
6.139338252573579e-10
3.621016518317215e-30
1.0397392397710884e-18
2.9982671150748187e-16
1.2031936592860674e-32
1.8276872213284322e-67
3.741010663076975e-86
4.2310307143194535e-22
1.7018049693072553e-62
3.723286690783786e-28
7.23145599377058e-40
2.0264234674856875e-33
1.5362551724460062e-20
3.0451888153289924e-15
2.3457322960815027e-26
8.072863799334541e-23
3.8735899021637797e-23
4.3223856782738674e-21
8.980638516504308e-32
4.786590822168332e-21
4.768403802271374e-33
2.4005400945823396e-19
4.6331159367892226e-39
1.5345100308962332e-17
5.1102723706795e-21
1.6437049952011372e-19
4.114214611962887e-39
4.931939620566607e-15
1.8352534643140667e-28
3.864870951018837e-29
1.2487233327845304e-64
7.758657681519988e-13
7.952200759970382e-20
8.822932294140544e-28
6.111070764222748e-21
2.306493573467216e-25
8.195081905561355e-33
1.541958837457447e-27
6.891927367820547e-16
4.839984688306141e-16
1.05564090828829e-22
1.3646926873004484e-20
1.4003598624949608e-23
6.5999214166020434e-49
5.792613790011894e-19
1.6650941825609097e-18
6.735831269860117e-26
7.997777061212802e-87
1.0757667228659647e-71
3.795245827330874e-20
1.5039214501505629e-19
1.1222061101955527e-23
1.9631984308914287e-29
2.6951478533244763e-20
3.134781777436108e-24
9.158477373201964e-26
8.410755369522984e-17
2.2726204721869007e-22
3.0676824849476113e-22
1.7434678877499893e-23
9.171040694198056e-18
4.031903418403271e-29
5.33663379043312e-19
9.966478422848227e-20
1.822517591895786e-21
7.042262967895605e-27
1.2317276791327654e-18
3.5803223911662205e-15
7.633217364743939e-22
1.939111119339947e-42
1.8014309071271435e-14
1.239664296900168e-12
8.261481122270268e-34
8.20511900012213e-14
1.226591506859277e-23
2.5182755445218463e-21
6.559168973759604e-21
6.370403842694538e-15
4.377359908133989e-26
2.522483785502254e-26
1.4273642437124974e-66
1.401240227647182e-22
2.4714897724652403e-48
4.1173904093447917e-22
2.7772056483588855e-31
7.529034615211533e-45
3.511287145220908e-79
1.1562929957728236e-17
2.2134392057575387e-18
1.2134926970461194e-15
5.891118321364237e-38
2.908883984616882e-26
4.732083667789568e-27
1.4733231851564392e-28
6.439358606897887e-23
1.9514856932729796e-94
2.0015307579414457e-19
1.3328838801687183e-26
3.047351519749506e-20
9.615517063493491e-23
5.766369991496849e-23
8.603935355173477e-33
8.034290066939204e-23
9.709153319114201e-36
7.377812726134789e-21
9.732377732918629e-25
2.4419497568047335e-27
5.813512592715436e-20
1.1985766290694595e-22
5.689008948906719e-10
4.200806888647149e-20
2.8799519484102814e-13
2.4554180310017355e-29
5.070421206212908e-11
6.105706091897129e-28
8.97018571325286e-24
9.160090475954399e-19
5.098812921623721e-18
2.8304551056062793e-36
1.549196427481879e-42
7.574110525155478e-37
1.9019254416145722e-20
3.2984274178088527e-23
1.0544024229198674e-27
1.09782782280203e-44
7.00075917915294e-18
3.6421029180877775e-09
6.060876384965711e-23
2.434016746647712e-16
8.150646890286756e-27
2.043340778117467e-29
8.137608238621661e-30
2.4372468039484322e-29
5.486497650058319e-23
8.388495550581455e-38
6.217176739212996e-20
5.19602631954571e-19
1.2766018268313077e-12
1.0898949481072662e-30
1.1005960954908536e-19
1.803122612203511e-30
1.4618204692127004e-25
3.8809623150461683e-28
6.379578705219016e-19
1.9937113018155862e-25
8.700422906005905e-17
4.2119144438942724e-27
1.7343173663689027e-35
2.7323400418088102e-19
9.657701209430018e-40
1.4044998173563803e-14
1.2395294640655233e-25
7.314270068415459e-29
5.462478646750229e-24
4.076452261535005e-30
2.929242355630703e-10
1.5288436620118612e-26
3.1174994226305517e-19
1.007654673265682e-24
9.799052995950684e-22
2.5728044124418527e-10
1.1143511176719716e-30
3.9986119707820557e-29
2.2877003900535872e-17
9.58884806657713e-20
6.122215498682544e-32
4.2578479159535594e-24
2.3368790716646846e-24
2.0814894238227106e-32
3.884413989810666e-17
1.0325070731124999e-16
1.863831357868174e-39
6.792747619613942e-25
2.6380670979734096e-31
2.1743845070104904e-21
3.053991938657222e-43
6.180720665402831e-18
1.531369044319873e-24
5.510989929755403e-26
3.9825343135873714e-27
1.5792978959742798e-22
1.599555287355335e-19
8.213543049748329e-18
1.0271887864463092e-25
1.746099866299523e-26
1.070677590038677e-25
2.2266827570826268e-23
3.366354930802196e-27
4.293549524830072e-43
8.606789596401857e-22
1.9357582612421204e-18
2.1834851066376103e-12
1.7464133590457872e-20
3.970282311107413e-24
3.871445868065406e-34
1.5904536714031878e-19
1.421883638734107e-73
1.0133456869633547e-34
1.8728598962910256e-22
2.2245932195021053e-23
9.45324554405943e-28
8.775701688301281e-25
3.5330542315446417e-26
6.398992876513456e-24
5.021675401951703e-15
4.7365515984371466e-21
3.7898236489687e-20
1.613902493518758e-30
5.832744002459768e-39
4.584043517642193e-40
6.0991666585695696e-24
3.3555185567321438e-21
1.5325866395038144e-23
5.427559809999402e-24
2.680938445217456e-35
1.2571238336622088e-24
1.5968029404832196e-19
1.860831572440391e-24
5.3433709274143314e-77
1.0576746673450361e-19
4.303586420043533e-69
2.710232810204132e-27
8.886305427454774e-74
6.265494174989101e-30
8.800162081610667e-35
1.5552377270676075e-17
3.6470427852423984e-23
5.498816255365262e-16
2.2685305114484947e-34
3.4997677116565887e-22
1.3310801908451254e-29
2.7384530073629387e-28
4.879088047270653e-28
4.801604427948345e-58
2.540715989153579e-16
1.6424104251568177e-18
2.2687395909702746e-29
7.02423461069683e-25
5.997370615571219e-27
1.9382140247475988e-27
1.4986687056882652e-79
1.872631744172078e-27
1.0152914524485979e-63
4.764808027679727e-09
1.630010179281747e-15
3.717859471107012e-34
9.657070074270521e-10
4.692530269116526e-16
1.1944579096203244e-25
1.9601430034792885e-20
1.2532603460457317e-16
7.072286713762469e-24
1.0108147763432799e-53
4.617955102144662e-39
4.689265436448124e-72
2.146316235099051e-74
1.9747412638128408e-17
1.3114562673191346e-24
1.2220475197509369e-25
1.2190285758535065e-21
8.275741246651382e-40
4.898646968559193e-17
1.12567764624003e-15
6.577467740762626e-19
1.3167484773576013e-21
1.3461609384022618e-11
2.183998553418163e-30
2.855580006814934e-69
6.856600223090243e-32
4.740570440925573e-27
1.3644971464851527e-12
4.822271532912575e-09
4.2312870167254885e-24
2.7863050812134702e-12
1.3262293004372336e-24
1.2153079869408694e-15
1.5927523713730695e-38
1.9926264151654426e-30
4.013412598542364e-67
7.791654158450097e-36
9.194834391762752e-08
3.877862570402904e-07
1.2839346044201007e-23
1.3297296994308682e-22
9.609524779976126e-68
8.890002404282128e-18
2.8257419303866062e-11
3.610778113124069e-19
9.513353369704125e-24
3.6235621361935545e-22
1.152953939625373e-12
1.152300297143884e-84
9.966158750197661e-39
9.158609302145618e-11
1.519401137379122e-28
4.30522137611717e-19
1.9322279886075643e-23
3.881602973018249e-20
6.307260820672387e-31
8.08097528664779e-20
3.668859151964431e-62
1.0667933729189184e-11
2.1078623054506439e-16
3.6351094226301495e-87
2.9824999136044304e-13
2.3039860396786547e-19
6.079192660261276e-22
2.87170323583002e-29
3.7281544335118086e-27
9.045134697682242e-23
1.7186737205840256e-18
1.3685785895986746e-28
3.001016827372011e-15
1.0999943710849033e-28
4.315633886730633e-74
9.561918102270591e-25
4.558123026913292e-24
1.2768690602705833e-38
8.154442731645397e-37
4.94681691648273e-20
2.5469909371599566e-22
4.2250474707335796e-21
2.953169473026902e-20
6.531753030278539e-08
7.479731631183847e-21
4.951112413596271e-21
2.64150751420829e-41
2.417402148483531e-28
1.464193693930406e-16
6.492018837688105e-09
2.0530820923794818e-35
3.967698584636917e-73
6.806880405405318e-28
1.6782172480577297e-21
5.377706804919603e-23
1.2068852111942745e-17
3.8999528194042445e-23
8.840222433420545e-22
4.871876468583475e-71
2.1142697374980414e-27
1.1484782739222025e-62
1.0612616601654692e-24
1.0080835017082971e-35
6.18097343260843e-21
7.356571496324675e-24
1.2490903711034787e-20
5.953036873533852e-47
3.75026471209408e-15
2.234475446392935e-15
1.68464695136553e-26
3.692914035494362e-32
1.3966855970185524e-75
4.6069336703430206e-24
4.1538034306081577e-22
1.8218872977049174e-22
6.274899591498883e-21
6.621308100733481e-19
1.826669253792677e-21
2.071434191264851e-34
2.5441272611212587e-26
3.553187987906194e-16
9.780060865526886e-09
2.6464294928608092e-34
3.9002399977186283e-25
5.7010327827085596e-93
5.9861363071544676e-30
1.2985937021765508e-26
2.813528924308619e-18
4.1882041547360647e-26
2.32942132444002e-80
1.474837586614362e-38
1.2527488722262964e-18
5.8717632030037494e-24
1.3632525996358317e-59
1.9538611994930734e-19
5.805750337440849e-20
6.081124809639015e-25
1.6538220284364539e-21
1.278397322104851e-20
1.4329022795239903e-27
4.270671054685449e-28
4.0755510323081465e-24
1.1659473792654582e-25
1.453734763818493e-06
4.965512841707374e-12
2.7134971223664223e-25
3.8800583523725847e-23
7.031398121571567e-76
3.293454595744681e-24
1.1095876750107606e-10
8.100162960408404e-23
1.4754681129612043e-23
5.11689744296722e-22
1.1239565249244757e-29
1.4641895466884953e-30
5.420371068504694e-90
3.9675990906854906e-16
3.9532479528030917e-25
1.3985104654863953e-15
9.952501618007555e-28
5.53086609293119e-29
1.0125415677211786e-25
9.554380517629571e-36
1.326458272143097e-16
9.803136668536976e-21
3.935709861327538e-05
1.4071686429582415e-23
4.6858208660028815e-09
1.117776144908856e-16
8.402468536852133e-23
6.5844114648321086e-18
6.90486046068964e-22
1.6868043152344365e-25
2.0910966005273974e-25
1.1044491636332122e-27
6.244490290193983e-20
1.788837801714594e-74
3.833428488274583e-18
4.1234559455818175e-20
1.2117265234582037e-24
2.6524295919453215e-22
3.387640937902974e-19
1.692976886571247e-23
2.213865665224016e-25
7.216217649914768e-23
3.325589085392677e-21
6.517874524947182e-27
1.7770696043133955e-13
1.9273817428207266e-27
2.6868131334329717e-71
1.1109502746765936e-15
1.365759639836921e-17
6.33661401774921e-22
3.8452475695302353e-25
3.832341515623835e-20
1.0849417833834723e-11
8.874412091815383e-18
1.627646390452285e-30
2.6557657772545976e-13
4.233255855581135e-41
2.492258652082461e-16
2.3778298718199944e-23
8.114254796728295e-33
4.4436327711310166e-21
1.4840678816506415e-29
3.296583479167509e-28
2.7117605967295576e-14
1.528936070519232e-23
1.2373397099022979e-27
7.334041614446064e-17
6.929716603447874e-32
9.238087776865869e-35
6.180536844701117e-80
6.692691546291744e-44
1.411361793671736e-29
1.243849909862536e-19
1.0347415345418014e-33
3.946949546045682e-32
9.228094488781975e-22
4.3837263012228794e-39
1.2757208340171118e-80
1.4705803612681661e-18
4.085402621760082e-15
2.66266434094448e-28
3.3550148010175183e-19
2.8902272277136074e-71
1.6106812859193875e-18
1.9001508633727356e-44
7.935766593954065e-21
6.400939565670943e-22
5.692647928877342e-46
4.420209588985739e-17
4.089739350736029e-06
5.872696135588828e-29
8.774630853165179e-16
2.8239380845480554e-21
6.214336198953669e-32
5.719739305030255e-62
1.8093499285178867e-15
1.9407158116683595e-19
9.715003746918776e-10
9.440740531883423e-44
1.2887811911632283e-11
7.337584211170381e-29
3.870296901038537e-17
5.340629789697156e-19
1.6413270053039685e-21
2.9382798682587582e-24
5.574467054449625e-19
1.784922494971314e-17
2.1228898698966732e-12
7.273618110337457e-17
4.5853323303086976e-21
2.059817089298426e-30
1.5552396956549192e-20
9.328049116296273e-21
1.3529027794135393e-24
2.99489581252471e-23
1.7854140676039842e-28
2.1997973831994778e-27
5.583922813717794e-19
3.4987441919108423e-16
2.5172844743624274e-20
4.555916184469464e-13
3.4582676678979658e-25
3.509826134906761e-29
8.080794182631043e-11
1.4605789012090852e-30
3.34495215861032e-18
4.173457614361046e-21
4.4223578926311753e-29
8.511192149276936e-13
3.648250892864417e-27
5.643024863377725e-18
1.1530154783021314e-61
4.694200606582713e-22
1.622650614029684e-15
5.903579106204172e-09
7.310146991500025e-24
3.547815743209657e-27
6.407241173376019e-21
6.96251740583096e-24
8.752059208187026e-21
1.4717847139316216e-25
1.3933457310458503e-15
1.2291902976687629e-62
1.4754821288220339e-19
4.58534314083776e-18
1.9449002443825743e-34
3.527843363703741e-19
6.10526942713006e-24
5.944456826539743e-91
2.4462464126144545e-11
1.0952225389501588e-22
2.528194092764285e-22
7.186077771041445e-32
6.542274156133027e-27
1.3118284778163878e-42
2.1655609187487012e-26
2.0791361886133906e-20
1.8673035982282624e-22
4.3973760987448456e-38
1.0151758367574035e-23
2.995450520069989e-28
3.94059411210965e-31
1.6148194400339522e-33
3.958422423034493e-23
1.4951219047036443e-19
8.086260157163331e-19
4.251332435959965e-22
6.775062116282708e-21
3.740625408741173e-34
1.1887446178128665e-13
1.340329698341425e-20
3.5280949347351864e-25
2.744206290590542e-46
9.375792493802238e-86
8.202524545745833e-71
4.517739299592963e-24
8.092408472555952e-21
4.9201397908365255e-21
1.9584759916129268e-25
7.742404100557919e-20
1.2542686267543015e-25
6.810029071860135e-24
2.6443056994670173e-23
2.097645492559054e-23
2.0109916397684005e-21
9.424196821688106e-28
1.3434500512159727e-23
1.1801058759949438e-20
2.084501969772274e-40
2.692092148174123e-23
1.739261607494999e-31
3.0906272692206414e-38
1.3037495917012804e-19
6.568025602467532e-17
4.134776043078129e-15
4.811406032754174e-18
9.370231357077545e-30
5.1553465496326226e-36
6.3984099682756895e-27
1.090364109923599e-27
1.3838883461169718e-18
1.066671886478029e-32
2.750516436258166e-75
1.297481085612354e-26
3.4729400883555623e-13
1.5369118014700447e-17
1.384279872850569e-75
2.4036584197069268e-20
9.216977282258503e-24
1.8593179421894593e-17
1.9730063335299617e-22
5.9503537409705434e-18
3.9563061261287085e-11
3.043422623340603e-23
9.16903370174868e-75
2.336491146430585e-28
5.207213009590957e-33
1.3365112864472217e-24
5.80489866603285e-24
6.965972817181403e-24
6.739704938092764e-30
4.5308042124681755e-21
4.9785131305791684e-20
9.00535900037928e-25
7.136865098785382e-24
6.396789086544734e-38
6.849346975713912e-27
5.605569570619019e-23
2.656099155683342e-51
7.2518846235214e-25
1.2779634053801367e-25
3.629200898434549e-25
1.634771414217838e-22
1.3596159136925154e-17
1.2133839564265002e-23
2.939968376461872e-38
2.7076465632057736e-20
5.2500429563855986e-68
3.9169853830931295e-24
7.05898335006506e-21
8.32972138604487e-27
8.037808586355218e-69
1.656859807994149e-27
3.888699396530018e-17
1.3688946008397985e-22
3.543018461880565e-35
2.287206099375853e-19
1.1353494309104105e-29
2.725486651676613e-23
2.1634221102535624e-27
5.436954836869399e-24
1.1968903192902847e-59
2.8713607000515187e-23
1.6412323948388061e-15
2.26643492144202e-17
6.609239023101022e-23
4.8265775850558616e-09
1.0298486102772366e-27
2.2550997413452263e-44
1.5768314257422576e-24
1.4525955782535915e-26
1.5431778071137844e-35
8.907436564505102e-15
1.3829170421702342e-20
8.595553462745993e-11
6.428420862217821e-21
1.442211526753519e-19
1.3492445510430433e-32
1.3938298015691526e-18
1.2439395444670272e-24
1.3316397113730496e-21
1.2569703468668153e-23
4.6135506348037574e-20
7.014581911331696e-22
1.693311492278986e-24
5.908085302253505e-28
1.3587020989841255e-11
8.229959451843716e-20
8.285034550143777e-24
1.6726187840435587e-16
2.0232912398055845e-28
7.90698696016585e-19
1.8374055951145605e-40
5.424740162887962e-70
1.5752949021761643e-20
2.9913655600425406e-24
4.579031276543434e-22
1.0519806988755869e-29
1.4174359650001767e-15
1.4980490497440603e-18
1.0604269873895493e-23
1.0456814358568222e-33
1.724037404940364e-26
1.4999328801377697e-18
2.0628516911900075e-19
4.1720568404822755e-42
1.1171486739279818e-32
1.4627852872616117e-29
4.7335147767369925e-28
2.912955501780698e-17
2.5211643219269e-27
4.289412713038711e-42
5.814061992602552e-31
6.994803262630137e-38
1.2414311320265655e-14
2.6739915982684077e-21
3.750166090976991e-08
1.0659101497891834e-24
2.831229316321653e-14
6.193393927796487e-27
2.4667664420421645e-23
8.238249611884129e-10
7.889344167422582e-11
2.795581702080901e-48
5.143506434409122e-23
4.622848677038153e-24
6.947509240698323e-09
1.9137511291370607e-25
1.624993538375147e-27
1.7803896736166354e-65
1.4756568064688102e-08
2.1035471362492136e-13
2.3220828446639274e-34
6.902348925961195e-24
9.52517118675889e-29
3.0369519666993344e-25
7.609579204409387e-26
2.958552206765161e-17
8.526615829707211e-16
4.8337065830751806e-18
2.5169749384677424e-20
1.5289428009725319e-16
5.58706684998521e-31
2.2229367312551245e-16
8.784608658899218e-33
2.6999061902116932e-20
3.1458712697371188e-34
2.080751550342618e-20
7.552105513867571e-27
3.500193934345309e-24
3.363208913965075e-31
3.684528097160254e-13
5.907830987800107e-18
1.296754708569226e-09
2.7403375457790318e-18
7.661310075159379e-45
5.667880387841609e-26
2.4709724073529778e-29
2.1646736764899046e-84
6.363014811715359e-72
1.6788924479753647e-29
9.865512334743335e-19
1.482449525944036e-15
4.942156744975022e-23
2.0470849055799958e-23
5.108093122880595e-28
1.0241060642659538e-31
2.876088803297945e-34
6.5472716387132606e-18
2.06800688589062e-73
7.838285015714132e-22
9.70335285363041e-16
1.2534448257605205e-18
5.384587227501073e-74
5.430533406737252e-26
6.373505091347639e-11
9.454009813010297e-31
3.639151039522599e-23
5.717888145192123e-17
6.039161088644843e-29
3.860079219423557e-19
8.423607403284818e-24
2.469313347199958e-08
4.886393268278852e-25
4.0318874945858066e-22
3.18162368550843e-23
2.172075618337437e-31
2.8401677947984e-33
8.524031153050278e-70
2.392298057153118e-26
5.167884495958441e-22
1.1905125614193604e-18
1.1310691877858623e-28
1.2015967525871005e-19
3.169425107073347e-19
4.484600245055386e-16
8.930906880213992e-27
1.123816622205044e-19
3.1542296510014646e-13
1.6321143315241976e-15
6.492864980086354e-23
5.774499575807614e-45
4.970071709865967e-22
5.4124532216955175e-12
5.360682121024303e-19
9.846577865265673e-76
8.342023424780964e-70
6.125564232462757e-27
8.757691106529235e-37
2.037866675523246e-28
1.7623123015440026e-31
3.4676394156558434e-26
1.132671836321196e-24
1.9035116834944547e-27
5.72245152533332e-32
1.4118956574896404e-37
5.311070730138456e-21
5.73949854492e-18
1.459809305251863e-10
2.6928594682831798e-27
9.760406798181005e-15
1.1450647457287669e-14
1.9823100505894647e-10
2.1172095466186215e-28
1.5708126517603855e-16
3.9954002049144305e-08
7.567046439109303e-28
6.312459155005184e-20
2.069670306597256e-30
2.395955753682581e-24
1.332394011861442e-16
1.1784674799871264e-27
7.498371657238835e-23
1.5813515864553356e-27
1.2352815349770436e-27
6.138823138407908e-28
1.214114499424547e-22
2.3544957739354912e-23
8.037266591748106e-35
4.438145583933802e-40
7.208199870058805e-40
3.4216126600936277e-18
5.3040482748291e-19
4.671831673763737e-32
2.4008759135711823e-20
2.9726237261090406e-22
1.4230741409195107e-28
1.6049520265996626e-31
4.718559681937476e-60
2.0690977719111424e-25
2.3900833929675695e-25
3.011761700730596e-20
4.112522583709776e-13
3.1632333523682127e-24
3.340045551324297e-26
4.1120998597750697e-16
1.784597272220472e-15
1.2189744141352946e-22
4.269056336497849e-22
4.636092295685428e-10
3.4037072208074704e-17
3.256584253076918e-23
1.1163961511472789e-26
1.2835430229544427e-17
3.696307512944173e-34
1.0522358809214837e-34
8.647917436924746e-90
1.845198797491913e-21
6.395620277237134e-40
1.9737252890036432e-21
1.7154707024972176e-10
9.322156641048555e-16
2.0183418099547697e-30
9.023826455597904e-18
5.214186661515694e-29
1.268458990131623e-23
2.0843115457921894e-74
2.7197508667273185e-82
1.7838207753523738e-16
1.0227809050292723e-16
2.4159239149975943e-29
1.1986257316742717e-19
7.324478982134159e-25
2.395095626575853e-74
1.3789381459452689e-17
1.4806766647180707e-27
6.2285477252608075e-49
8.680046477681716e-19
2.055180129428162e-22
1.8805724354108026e-07
4.839238959173602e-19
8.210420538799685e-32
2.4751114962050414e-25
8.858456892119687e-25
3.474091211933614e-27
3.5477341849725876e-78
2.937783793099899e-13
1.0345524661211392e-18
1.0391156307889132e-34
2.1485800442741086e-31
1.9175347859751596e-18
2.2262885943901077e-76
3.8838883166385256e-70
5.535374764186963e-15
7.02327156679188e-16
3.574237760678118e-20
4.2517587932552646e-24
1.1947784013268967e-10
1.174934906885999e-20
1.161455502973517e-72
2.2929341785187406e-22
1.266186365169567e-30
2.7564781067476535e-42
7.574508697995502e-32
1.8993364023596221e-34
1.1997767307873213e-22
1.208596372751731e-22
4.8754848425481e-33
4.733625567026066e-09
2.2142734525049715e-28
3.6617169004780007e-07
3.354021975806099e-24
4.2615310244872366e-18
1.804080838014381e-95
5.687683708632468e-14
6.715500551608592e-29
5.4703642662356656e-14
6.32504696732163e-35
5.376419418495122e-22
1.7005999249926966e-23
4.0154884263020756e-28
4.568555528129844e-93
8.844559925865989e-27
2.5825800657654456e-24
1.2702633437900367e-20
7.8512710249221e-58
2.7307336534853013e-19
1.5696738782849415e-19
3.324128506086888e-26
5.9972103380063165e-21
5.558316871871215e-18
5.843272579021026e-25
8.742508466458363e-10
5.5332662949226813e-17
7.602684683271083e-23
2.528070662220463e-23
5.152096920081941e-18
2.613025512918558e-22
3.432268365608278e-18
8.49764791505779e-19
7.169287128289173e-68
1.4164040056250388e-26
1.397523414988001e-26
2.334949612156761e-22
1.863586503035039e-20
8.065604676736137e-35
8.458329265003458e-24
2.3159975916368096e-20
9.814865850974257e-57
1.514972200323456e-23
3.04575298746535e-13
6.096709742349911e-16
3.8652558212966467e-13
3.659401817847131e-23
2.7717104956503225e-21
1.528489600508577e-27
7.342233298123009e-26
4.9233017412328156e-17
4.405794706835002e-20
2.5005040535251637e-19
1.378561335471975e-17
3.983311684375647e-18
6.142842898498839e-35
6.246040317624221e-27
3.209570332352701e-20
5.715165987807192e-08
2.462809438462043e-70
4.8011975153764463e-23
4.454743220368823e-84
2.58588079251143e-13
2.029087441362242e-26
2.8417873329114467e-74
1.9671734209030358e-66
1.304158572781244e-28
3.1132875252556243e-13
1.6606572557202532e-32
1.9890253244890006e-22
4.752418319265962e-16
3.1426899231483664e-36
2.9534491578014116e-17
1.5740018780688013e-67
7.175495668113242e-06
2.337386723033674e-09
6.541270990332474e-22
1.094423817152339e-19
4.721020022854926e-13
6.2238229029771605e-21
4.2755395552197845e-24
1.1296219811999363e-22
2.1412787324659122e-08
3.740950946987013e-33
1.777256217553125e-23
8.39644963186672e-25
8.641345638016652e-77
2.3359894175823065e-26
1.300696136355281e-13
1.1631094313968758e-18
9.498322411783342e-34
6.036808656399484e-11
5.759208743406526e-19
1.5677256084087996e-05
5.726873133274672e-28
1.7967801629448296e-23
4.641520305681011e-43
2.637205733702056e-19
5.758090964926654e-22
7.421325708511575e-33
2.1764375037893584e-15
1.4712138464425264e-15
1.3035692917113815e-16
2.310233180300404e-49
8.203680177833258e-30
6.933953119950478e-33
1.7360010834096666e-26
1.7137582606289952e-20
8.677339021624246e-28
3.457940959346281e-23
1.2316047295789468e-70
4.2722192490558866e-42
1.4675284801552954e-25
2.3493719246682308e-20
5.542902103417094e-26
4.662005306281349e-25
2.306568951128441e-26
5.785039515558472e-20
1.7908765580213951e-13
3.404165561921738e-37
2.0694724473438695e-22
1.0873676430762455e-25
1.7624422754213888e-13
1.649406030252338e-30
1.4294086296103054e-36
4.690944612136139e-31
3.162118054662225e-13
2.0548738706446116e-28
4.858900141128508e-13
1.524114736559413e-19
2.4030407910970555e-17
1.0922521088019168e-25
9.132979635524595e-27
2.6182021300949143e-19
1.374629335227428e-34
6.440324353174007e-09
1.0144027207203115e-31
9.871458446771544e-28
2.4634742431358434e-33
4.847032106990099e-16
8.086345922153849e-34
1.7479812360528983e-21
1.949168726004934e-24
5.4834339892116e-28
2.928137231858854e-32
5.492740521037875e-22
8.520187315979215e-26
3.5141278324195563e-22
2.2475959300424752e-28
1.7291186270432092e-20
7.960972420307484e-18
6.559409198319607e-35
3.543223886878826e-23
6.282238740265485e-23
2.1486668168666418e-20
2.18188995474846e-17
1.6027826661022966e-19
3.735611878146623e-12
5.701302561387859e-12
1.4913566533495522e-25
7.713502786643225e-29
7.241027925187935e-21
1.0193377060060693e-07
1.4743551806505926e-19
1.7915041294049207e-28
9.094954522815258e-24
2.3242994681557915e-83
2.544834383725526e-11
1.289268853240328e-35
1.4128970365050563e-35
2.2819104833971453e-20
5.059143705209081e-26
3.313776343726963e-24
1.6200227090739873e-28
3.3833598837335206e-30
9.003790021223802e-32
7.297125397148195e-22
6.112411841760174e-19
5.3848925970939196e-18
7.772855370080384e-14
2.5824714681528663e-18
4.707967391325843e-31
9.362455218585197e-25
1.1097727007748023e-26
3.005642685078339e-36
7.190134707223738e-21
2.794088790246025e-22
1.0048588981266227e-15
1.0563288227355283e-19
2.5033782862720678e-34
1.1442122741433391e-23
9.806900737962817e-24
1.755776188129023e-18
1.1714578753230412e-31
1.9333090295095675e-23
8.155401875326195e-31
2.0099644991299084e-40
5.0063775921373374e-21
5.652227129743993e-18
3.9451592191260544e-36
1.5810834982668466e-21
7.258938047571311e-25
5.858373045688057e-33
1.1280517129373422e-27
5.62039503979778e-16
1.1412648996001082e-17
9.98281264142235e-22
3.9833158724410756e-26
5.933771424952106e-19
1.317701503959883e-22
2.8213330376755097e-34
1.5952128782931072e-21
2.5397494975560242e-28
4.6522996654759354e-12
4.108875166524515e-20
7.342472567795541e-36
3.4179014858219187e-22
4.047996414835601e-30
2.422519535337564e-21
1.6692440599216384e-32
2.996070765937705e-85
9.669550206279725e-25
5.589493963294375e-25
4.400573139472925e-35
1.0136415510290668e-86
4.369060548912374e-84
1.2490409382132216e-23
4.314069293353119e-18
2.6140713987571004e-06
1.3718451033179463e-37
9.052163488824941e-15
2.591760348359569e-78
6.817772739930221e-29
1.634700384715223e-20
4.892402769494504e-22
2.096814527645417e-24
1.3852023264806287e-20
9.460852961692202e-19
1.1912915935278576e-31
9.727302033570175e-12
2.4789093241858538e-73
2.974728461126864e-28
1.0634658881287098e-21
4.726903500401538e-25
1.954833320293569e-17
2.0769124113235068e-27
1.4744930725955736e-69
3.0345655017447937e-28
1.1795282850541152e-15
1.4223861222346568e-22
2.674375680958298e-20
2.213143016929936e-21
4.5465087613322085e-31
2.9266549465362382e-15
9.761263680788716e-29
4.2176177010428465e-29
2.4628688446472994e-26
4.682348190472842e-15
1.6266878310552393e-12
9.351381971501377e-25
2.4946914980821843e-25
2.6395275690293257e-40
1.1556473911680377e-21
7.451735160096356e-33
7.714169130851655e-17
2.2551315561895348e-17
1.912552108181271e-76
5.679964115273345e-22
7.248276840520304e-30
1.825975532812626e-38
3.665173137247341e-43
7.894179221721919e-24
3.204947025923349e-15
8.078698022770578e-17
3.8127605851214505e-20
8.003152140155694e-19
9.996749564073457e-59
2.372102387675469e-18
3.858047140365961e-27
1.8068351168839372e-19
9.81903816458055e-17
1.5136154243297091e-21
1.5991753339447724e-28
5.554991198728488e-37
7.260084803318777e-10
1.737176021874938e-20
6.178152988538554e-25
3.709805280388705e-16
5.465751187187808e-21
5.473800386119631e-22
2.694069815008003e-29
5.1701161223158e-16
2.184987538160251e-22
3.728746878883267e-17
1.9453663753809008e-23
2.062436047022125e-18
3.80677606646929e-20
2.1384507817096262e-80
3.2971380606170588e-21
3.5343053726723667e-07
6.241653030346791e-20
4.643159368381972e-07
4.765802837077359e-72
3.8318739149363536e-18
1.4416187537872968e-14
2.352425328532272e-27
4.8524709315022875e-37
1.4932455324139696e-20
6.447878873971444e-14
1.390141602087777e-21
1.5217756995853122e-35
6.913916310579896e-29
3.1395733753144266e-09
1.45796839104427e-26
5.126366525444179e-13
4.976773343527858e-15
1.6831683164113474e-19
3.832123055785219e-27
2.1562128479629043e-16
4.5639785566408365e-40
1.359811374756068e-19
1.3333779288148094e-63
5.0811816367059086e-27
1.8818781758760135e-20
2.73244780061248e-09
5.402499815730229e-06
1.2990638622782607e-20
8.766775518529046e-18
1.0761525247063837e-23
6.972193505079096e-18
5.230387453612765e-31
2.300366581216181e-25
2.2144550213707375e-21
3.7013509710163047e-22
2.3320867102701746e-44
2.8694119098729615e-18
8.744939703266398e-20
3.959292522551419e-22
1.582978174434933e-23
3.8807514457139167e-23
1.962320398115157e-57
1.3567342043217276e-21
5.092501736876721e-16
7.120585165297695e-26
2.9391895705401425e-61
6.438048595089612e-25
3.435232564807052e-21
2.1879719481298027e-30
1.697464109921167e-66
2.4096554933647652e-33
6.77795919629036e-28
5.589565340110406e-51
2.8624032746492507e-24
1.4859998821754022e-69
5.1350419581604264e-17
7.428733792422982e-24
6.077968919394552e-28
2.586739893409386e-22
5.383286219847448e-18
2.231446344521133e-28
5.96629617008448e-21
2.434801328274916e-13
3.0867045526275254e-49
1.2319742649630646e-91
2.3866385762419968e-30
1.6690606715884296e-13
8.005110098432167e-19
1.005372972708897e-64
8.175812040872871e-38
7.043175946469428e-23
1.4531573923166658e-87
1.4820162805223227e-10
2.127286679077538e-18
2.0281170791348324e-07
1.3219482155852975e-26
2.691873305262772e-22
3.026647319395089e-41
5.642069993398127e-26
5.492092535926789e-36
1.174810492257048e-20
6.258730607786807e-20
3.2273675344307094e-33
3.043455787665079e-17
4.047951656770776e-43
6.075395162709683e-77
6.7585830062343495e-18
8.262701405003238e-20
1.2513173284279476e-16
3.4123244487376744e-18
5.622551163336384e-26
1.8580355175372323e-34
5.100824092086567e-22
2.1180255518405e-23
1.2986094305175098e-21
1.6732393208724914e-53
3.9595530237474394e-28
2.1535024790871917e-53
4.028757246942557e-31
9.328826085056819e-25
2.1241054183205487e-16
2.347949845457269e-11
2.106680165359423e-20
1.4184309708401037e-33
2.015007655854602e-14
6.204494674340844e-19
2.7525109077356954e-95
2.1527049055799483e-20
1.1206217878871504e-24
1.9847107102650561e-47
9.041507307033006e-35
8.399230563148431e-36
1.3207293131800866e-09
5.477261793470061e-23
2.6080119156694282e-17
2.4843783496194976e-45
5.0204950851164934e-67
5.4554263776812395e-25
1.9168402532964744e-27
1.0278813089461107e-83
6.179351209286897e-13
4.846960089673858e-22
8.031260415046375e-22
8.94576932765921e-51
6.722870124603572e-19
4.999318349863146e-22
2.0953440559299423e-34
2.877368853302149e-26
2.2940779563815687e-24
1.516827559804085e-24
2.033846902551822e-31
8.44034740340194e-34
3.345496556653577e-24
1.7767865434351097e-25
2.5692030419733842e-76
1.7549450204524431e-25
4.049273681489553e-28
6.120841140588594e-23
5.7632612929433825e-27
5.37743902557213e-27
2.4820105310163306e-19
2.334840556227153e-65
1.083650512538827e-29
1.443931190217789e-31
1.1668068446131182e-43
3.4655991839736324e-26
2.0986042835146058e-27
9.24683030385355e-07
1.7079009418415255e-12
9.300046087221902e-21
4.196805843658846e-23
4.0767374195047825e-16
4.807577615493952e-65
1.2531469488524441e-18
1.51934824307685e-11
2.2265528113989638e-22
3.012786758132455e-07
1.1013819856565083e-17
1.5977787064943642e-24
1.2327212272926616e-18
1.333869681429182e-32
2.163579339424671e-35
1.1123777473133432e-26
1.6133293332260958e-25
1.831959254829202e-24
8.337759647837748e-44
2.0599056540421907e-21
3.4406291899973343e-20
1.5307492497449087e-17
3.1562016752506107e-12
7.225749384021802e-28
2.7166242552383495e-30
3.0357257740281275e-23
1.598819126705211e-73
1.2924834916480715e-30
2.6195103903631456e-16
2.816367214231194e-27
9.603908531259014e-20
2.190411853237369e-31
1.708664163790667e-25
4.3365611140243775e-25
9.494278954094463e-19
7.75626556304566e-15
1.6936463871484813e-27
7.071757515839725e-17
3.6146029752263174e-36
2.1634868034954437e-31
3.417503378958898e-23
5.228883795860746e-21
1.3462957450681227e-83
1.4714499372077401e-33
4.1636480175506476e-24
8.235300389328655e-21
1.4499883569692237e-22
2.6771128252174144e-18
2.1396342646835598e-26
3.739951582814716e-23
5.569851957207927e-32
5.085689375353027e-16
3.661549297442874e-22
3.515836414768669e-23
1.692502183210118e-29
1.5093975146842806e-30
3.1406669014781625e-23
1.2507701093737248e-26
1.322584152255177e-36
3.132131612838679e-14
5.855119725764654e-73
9.932860867985598e-19
1.675442171892839e-20
5.838044567991488e-28
3.9315452618676164e-21
1.93068329866512e-23
9.547419493468608e-27
1.30214094625576e-20
7.51329332541587e-25
3.0248637819359976e-16
1.1507703726552885e-26
7.052298946208239e-19
9.168741354457192e-25
1.8840609795899552e-17
9.558863674029878e-26
6.360752744281133e-33
4.7889674001403596e-32
3.07970723396171e-17
6.777613455047573e-18
4.299038976140237e-18
1.5231418851938052e-16
9.983510006868553e-24
9.184163861788454e-29
2.058365427226099e-17
2.425324285334286e-37
2.8872433398020216e-20
1.7615769876801083e-19
9.039229428539467e-25
1.4688806047422103e-23
4.34480659068494e-15
2.0676937377915796e-13
2.4392889724739364e-19
2.440922356217823e-15
8.879184262301457e-31
3.144636684195123e-22
2.4511543760625466e-29
8.894161771193672e-22
3.0707166880201535e-11
1.0688898704283734e-24
8.899019993019837e-21
6.606098682551466e-27
1.8995268602105918e-22
4.3770643639984846e-20
4.9692856382607256e-31
1.3272386380853701e-24
9.351138381716783e-24
9.436410281818801e-28
2.0270789784234798e-09
1.8179796037296652e-24
2.0636480873739608e-26
1.590026797466438e-19
2.3786880576392324e-07
1.0587220724795241e-13
3.2783218878592556e-93
5.559939573948123e-16
1.0166898376621664e-71
2.095581052885593e-21
4.3683235635471564e-11
8.663466322097589e-68
6.215898954057478e-09
1.2854061073776791e-24
3.1303733544376897e-22
1.5312195242415896e-29
2.5492837536349738e-48
8.776051167638703e-29
1.3466670422003059e-27
1.821114874765301e-23
1.731107925895512e-69
7.731289254956154e-71
1.0781922723070388e-18
3.531195674164778e-34
1.5833195653182508e-28
8.567554356655173e-27
3.328065853583988e-25
6.859406314517475e-28
3.467786337366181e-22
3.688174946378186e-31
2.528464155600772e-22
3.414882720585091e-38
1.397681560895854e-20
1.1238033100648066e-19
6.930668074746929e-52
1.9154947331911574e-22
9.746677806940253e-18
1.2503033487646027e-35
1.715364880309562e-11
1.563139770283329e-12
4.382187912650742e-19
4.691537578921069e-14
9.896636125516754e-15
7.279093339902658e-21
3.5420790359967766e-12
2.879339489526717e-23
9.31356054180349e-25
3.2966017992350263e-24
7.695935014049217e-63
5.700182228392473e-81
7.696181377084834e-13
6.030782129091756e-14
1.3871286640903178e-25
1.5184847850928355e-16
2.402753075555967e-17
2.740082797484129e-22
1.269257077901869e-34
1.0148281924894333e-24
1.141432464872733e-33
1.1490187418109578e-25
5.823743788074643e-28
3.3150656282633484e-33
5.483480426629323e-14
1.3483521015172076e-29
1.0912978598708418e-19
1.8140080642040878e-14
2.0041616519020465e-30
5.2041192330986146e-33
6.555854880467213e-17
1.6228870466236117e-31
7.549759140737908e-16
1.7423243240818664e-22
1.7775104699535636e-15
5.1842439945053434e-17
8.924853946815704e-26
1.477709105573852e-22
7.550843599977894e-33
2.994880257369142e-22
3.806037716573895e-19
1.5343739237181642e-12
4.6284746624566834e-18
1.0210176295399398e-33
1.1451175400593117e-19
6.863538279760352e-27
1.0584818853577625e-23
9.644838031996928e-25
6.00285105446378e-35
1.4534896840483269e-24
8.056376499547615e-14
3.3335745110455855e-19
7.782568202718673e-28
7.221098358593137e-18
1.1176197945212293e-12
3.2395615328415905e-37
2.6567837548464946e-19
1.4036679452088332e-18
1.278301516977348e-23
5.8147920412962294e-30
1.356035663471654e-20
6.077695939630847e-17
1.1046763910754939e-44
1.7918221524715313e-16
5.438213079634239e-40
1.4568064460822423e-29
5.298817296712722e-29
3.3532080868402024e-10
6.594605290540164e-94
6.564418781672315e-32
2.0775332980592688e-13
3.82470162112007e-19
2.0424664327276374e-19
2.0005595472144325e-25
9.854714902706889e-21
1.8221828615965664e-17
1.0104490839638592e-30
5.971812226660146e-15
3.6417309715364124e-37
9.870836416192534e-09
8.872220529891525e-19
2.1832153038223982e-26
1.4055941508454143e-32
5.820611762954368e-17
1.5415185813898721e-18
8.017625769966119e-20
2.4049219818004156e-24
3.6287016683352025e-28
1.9957958079611555e-16
2.8646647122954904e-15
6.1093208676687134e-27
2.7008478790873028e-24
3.84196667605723e-06
2.5694316664436967e-21
7.967005902597433e-40
4.25032305012139e-26
6.058641563882745e-29
1.5392335316504333e-23
5.829193759137076e-29
4.1803012484899486e-11
2.3651921343540072e-30
5.063349436707921e-21
1.4478534504322042e-23
1.19163428753676e-18
5.5160608436333075e-24
1.6986014572477312e-19
8.09389102464314e-41
7.595219581800745e-24
2.699255743604712e-19
1.0832395602273432e-14
6.725050898102449e-23
1.1487287239046468e-32
3.534827368786838e-23
2.5744919954599275e-22
2.594128933750291e-25
2.268703267133545e-24
9.394856116897786e-32
1.4428128739212382e-32
4.1519232508875665e-22
1.971235025008366e-20
3.368020458525777e-40
1.509342631029452e-29
1.017354887756254e-15
1.3905242650092124e-23
1.712115499486552e-28
5.009918036514033e-45
2.587803892753597e-12
4.2509890525639624e-67
2.458645599111009e-50
5.520626704237072e-28
6.30704752709808e-24
3.4939896126874603e-25
1.3151575104758738e-32
9.136852133512861e-23
1.6864244984809387e-27
1.8931341786474818e-36
5.3813687134444807e-33
7.12136441722654e-19
3.624317191190596e-48
3.354797687991243e-28
1.9955554577281587e-15
7.86449718241991e-21
9.339523416687468e-20
1.1087347492370032e-12
3.468164678481777e-21
1.7856790207056523e-75
4.443700809784258e-26
4.063220802578791e-12
1.869583661949988e-27
8.199185871010118e-31
8.367658317195688e-17
4.154764093883971e-34
5.550475002827493e-19
2.4362396671924633e-15
9.039344963252526e-34
1.3843382213337332e-14
2.578276108145899e-19
1.2855233953051615e-21
2.7182338711027703e-11
1.3950704543498744e-15
1.1376516749528354e-24
8.100229079624001e-66
8.707428461808747e-27
3.3678683421828976e-24
2.770817500355647e-25
3.2999086452594892e-96
8.439410274504878e-24
3.2995823175424654e-20
1.8515699172706774e-21
5.689222929440207e-22
5.969249875172701e-23
1.9308838658882475e-21
8.972674281187965e-15
4.112314141653395e-23
2.2971926783431062e-15
1.8116517016643302e-09
8.52095240727416e-30
4.04558030268995e-09
1.6241145384195377e-18
3.9882320560212735e-17
1.5092201523169475e-31
9.659994231476454e-16
6.236583227945743e-116
1.969380514655517e-20
2.0378874272055785e-22
2.657305952508724e-108
1.199131219947438e-16
2.6229968509537317e-17
2.2509707293315082e-39
5.409961986717278e-17
1.986440320181554e-09
1.7982883608884696e-29
3.843488575335369e-10
1.095216517570408e-22
6.876157820853015e-69
1.8797928350091177e-10
5.478622277734772e-09
3.131152038119761e-42
8.681063135478617e-32
4.465094457352507e-30
9.00322695068339e-19
1.8168179829453725e-10
7.592770039183843e-26
2.0566267365691684e-23
7.190482678756951e-30
2.1437003646499103e-19
1.5252980503826082e-33
1.7169735605928213e-23
6.47569787801553e-17
2.8612133953202663e-30
1.8199345574572802e-25
6.387232085254402e-19
1.9008139921469823e-39
4.836954789735087e-37
8.733515271845029e-13
5.691955047761017e-20
2.4099838071738033e-50
5.466392479596092e-22
3.63965955486344e-27
3.66946141508533e-19
9.222703651110091e-71
1.727131881300986e-27
3.205814405570989e-20
4.088085985324139e-18
1.3897719280852065e-18
6.209410078883088e-30
2.3349873645577106e-33
1.6588099802080079e-18
1.1306182326818407e-21
2.004618739171963e-21
3.060904726153794e-27
9.414919308516833e-16
5.539894209391302e-23
1.0190297443458461e-21
1.8463392840074446e-13
6.043509664199127e-33
1.3752258622122103e-39
2.033830268956787e-22
1.8891098735912062e-23
9.052691559765593e-29
2.950377887912514e-22
1.7761533878516612e-15
2.0997155868332773e-34
5.6768649417327326e-30
1.1819901624417712e-68
3.8570198836786024e-21
5.504897729311787e-21
8.701304779970132e-39
8.30708614480961e-25
1.257622220401843e-28
1.2054173261400464e-25
2.4032353577680658e-54
1.4981820290206616e-17
7.540003638716103e-17
4.7032502929767917e-20
3.0995163857264956e-16
3.3539468198959705e-22
2.195615899295223e-14
1.6170282888168503e-23
1.2291175300089153e-23
2.748060513561782e-32
1.63205172792626e-34
4.3582514264823127e-13
1.0672189820248919e-24
2.342351698003658e-23
1.2721194280767343e-30
7.523702532663674e-18
2.810161071308199e-19
9.924700779181364e-13
5.503908236401667e-20
1.2734270200986264e-22
1.3923257984170752e-18
7.376354876989509e-20
3.3821704111292336e-28
2.880828393575253e-20
2.2838345781242704e-14
2.891820976466672e-39
6.054963201440479e-20
9.991107322233067e-22
2.9310397764281634e-78
1.9836807644238206e-36
8.493426679954989e-38
1.5139157754797827e-28
1.0734865262911362e-20
5.870449150526091e-18
3.291672142860725e-21
3.703076984815193e-23
6.989527079081705e-25
2.171435629256811e-31
9.368279711927202e-72
6.706757801487573e-16
1.4417678193214173e-64
6.25888893933015e-08
1.7261817693697393e-12
2.660625668385428e-33
8.518830482164715e-83
5.6309193469688594e-08
1.657934117602008e-27
7.847588745965948e-15
1.2179261714986956e-26
7.079786400733642e-27
7.553222857453906e-29
6.042065116644898e-21
3.705973431099254e-26
1.2340764654616493e-80
3.188808249524077e-30
2.2431555895476302e-14
1.2545556871031609e-09
6.800010266996801e-25
5.273593759874409e-22
2.3618833892109986e-100
2.5487112693119904e-28
1.3121425850311218e-20
4.757939315097016e-13
1.546415129233953e-22
3.3605885256718173e-19
2.1658670384276485e-26
3.8133976767594964e-36
2.3119959991606036e-18
7.728431811866302e-38
3.67842893406272e-19
2.2796069395894114e-10
2.3833179360382354e-31
6.353660759031548e-66
1.7471503987647307e-20
1.0816265382316095e-19
2.913463404141957e-18
5.2391432736568615e-27
4.04590657877159e-16
3.1119780989605638e-30
5.4519947519770645e-21
1.4004406703507076e-29
2.930545944959421e-39
1.0235880854703009e-20
1.73952542761751e-08
1.0841695489823342e-69
9.914397950164124e-11
3.259706192431612e-20
1.5187542208737022e-19
2.3150897076952856e-30
3.0257064820981466e-16
1.3062312852181624e-27
2.8672202720530393e-18
2.286884893697495e-12
1.1662858211774593e-35
8.570661005589477e-17
4.037199007414977e-27
4.548301413041507e-29
2.40632554613236e-19
3.086114804487135e-31
4.7821951986823716e-35
2.935640972159453e-26
7.14268076803727e-18
1.2091199263063176e-19
1.1629636902426663e-17
2.6438140844477716e-17
8.390383090783431e-21
1.1783624616754945e-36
6.892810149483059e-26
1.2810486604242291e-18
8.638079039732424e-31
1.0817256735467976e-19
9.610269669807453e-20
2.1958854148285982e-13
1.3699775862990678e-27
1.5777883885465422e-31
2.327070691783425e-20
3.539788429736035e-26
9.024707208172258e-34
4.168347047928304e-21
1.3021156878661548e-21
3.634911276345873e-20
4.6166316331872944e-32
1.1219559464398463e-33
7.320410881046416e-20
3.5511155232648085e-34
5.917148834934137e-13
1.1084353558293076e-23
2.869521778233074e-21
1.2887229667764258e-19
2.850466680035598e-35
2.6069024573784163e-16
4.782798979236947e-25
1.9376291618341002e-31
2.534041626663208e-24
8.365536164462744e-35
1.711266439781653e-28
7.549060661658301e-16
2.571083045811151e-13
1.66794593723703e-22
3.10089691156469e-16
8.3633642689778335e-19
2.0978098635539573e-15
6.895192268344514e-19
3.525506306272834e-14
8.485659203288471e-48
4.7028509511215376e-36
6.977915430949287e-21
6.745913245549725e-17
1.6060872728044494e-16
8.030560347280168e-23
2.8996564960047775e-35
1.7418744273310998e-76
4.259129357955668e-24
2.26278187941403e-25
2.1604279145131153e-16
2.5979930540184815e-20
1.275866641284487e-25
9.741601509136196e-13
2.072249552367696e-23
4.006095749381734e-35
7.046527106920273e-27
1.7624114721818154e-17
1.2913676647034727e-35
6.09888632218072e-10
7.082638417797584e-22
1.9365510019179234e-30
3.92567346883561e-17
8.181602656142002e-29
3.7740744293436246e-16
9.151066240597595e-16
2.5388824097396594e-17
2.2698762234939965e-26
1.1692541855343065e-26
2.0819025553205642e-22
1.0371064182577451e-37
5.126664240119327e-72
1.3322981817467097e-15
5.68058412608019e-18
7.987219584830171e-21
4.580810166857881e-33
1.8936625201879037e-20
6.118123332007424e-25
1.0886382713272692e-21
4.2217252067730634e-27
5.949564363090338e-22
7.327318737666824e-26
1.5757367239520395e-90
4.5218707378871274e-24
2.2237034259229196e-21
1.0991620787835618e-17
1.936616613938336e-24
2.7365609621722395e-29
1.2327492686119197e-67
2.1632166508210067e-28
2.126560212406208e-16
1.3118808311977002e-20
4.1464092954211106e-08
3.167052164994768e-24
7.148516999604898e-25
5.299739746847358e-26
1.5557142129834495e-15
5.199059290265547e-16
2.8664065219291136e-27
1.8530848705438842e-16
6.603084792212881e-25
1.3826816301783464e-09
2.481725043647334e-31
9.845738351708779e-24
2.161873024212232e-24
7.617168228315635e-48
5.743198600786579e-22
8.339844990583212e-20
6.097055789935655e-20
1.0378026159790892e-16
2.265036408654546e-21
4.936472467559863e-70
4.8402336415366683e-29
4.285272845872156e-12
1.9749300644973887e-17
2.4444066949219313e-28
5.340883214994089e-23
1.9532344918207716e-06
3.256586915951594e-12
5.9705571712246e-26
5.2072264785573545e-24
6.356276364848012e-18
2.9206809060605286e-25
1.8323558253441233e-94
2.183226220226232e-30
4.2283827574716856e-19
1.6513920524291686e-14
9.130727903547033e-23
1.529023771948255e-28
5.935645675953722e-28
1.3565146452191834e-17
9.30449537387061e-23
7.240917079090699e-84
2.280489238201574e-24
4.7240004757972847e-29
8.730787836255568e-24
4.22877393973674e-24
3.4276056188565855e-19
6.663463112735981e-28
1.430970488680306e-29
1.2520570377077825e-19
3.1806272270251525e-24
4.480856257429735e-19
2.0494715045341307e-11
2.4071247614144046e-27
2.964406019906905e-25
4.253831956530342e-34
2.496850656922316e-12
5.6562409285883034e-30
2.6668462417873954e-24
8.297068377944762e-38
3.900042992153446e-22
4.31592974948722e-21
5.952713587554424e-25
1.122938564181984e-34
2.69882448411976e-16
3.8715748904602167e-17
3.55094287150599e-24
5.637596381821854e-27
2.6074456959942266e-29
8.232283455062711e-23
2.8311102972216222e-11
8.857467487890013e-08
1.8724731408986018e-29
1.3848271961316906e-25
4.6206926386462754e-20
7.565980609416665e-68
2.0676224533759922e-37
1.100242708463476e-20
1.144264195777285e-37
3.063182543360578e-17
1.7940854815715474e-33
2.1739909208019283e-37
5.627104254772686e-34
5.666401722975281e-18
4.976707197231219e-64
3.934789626130335e-23
6.770564160758173e-68
3.4773758558260494e-16
1.6837347572832498e-39
1.2381867563703657e-25
1.3877333087134358e-21
5.286202866565227e-70
2.427323445604677e-24
1.3827055260195282e-34
7.246186977856542e-40
6.060251095647417e-25
7.465791641291169e-22
5.694992072805445e-21
1.1584610288350403e-59
5.855737684798807e-10
3.5648438847875837e-12
9.835815404686259e-12
6.758724591761838e-44
5.2079016045292914e-20
9.056333426682596e-13
1.0198674897438797e-41
1.3466070189416097e-34
1.9077393460838917e-14
8.541387415199135e-27
1.3614586725812249e-24
7.465614686236273e-12
4.7717640184342e-10
1.475503565435285e-76
5.396418508020277e-17
6.841008340339079e-68
2.410432843663635e-29
4.030576430284109e-29
2.4504362719394512e-24
3.8983619578682094e-26
2.3377325370477382e-27
1.1204478520849852e-17
8.574510280828516e-16
3.8834131746735276e-30
3.6460610761430337e-38
3.251196673962518e-17
1.4077774826222141e-25
1.3894589379965096e-22
1.7724447575777345e-22
9.37054945866034e-21
7.422237239488997e-19
6.432999916281434e-30
8.768359764564196e-22
3.7942410899837715e-20
7.221331995890445e-17
3.406595721290419e-26
9.971725950979458e-17
2.1736508981950534e-24
5.904506884009385e-39
1.3854787308200806e-23
1.5820842346360658e-22
4.582489831031026e-32
2.6618765300677088e-18
7.967912441841039e-16
1.5055992068551318e-18
6.208657159837807e-27
7.00674304077851e-07
2.5199456616432015e-65
5.392741124405061e-83
1.0198938239829832e-15
4.108052726708128e-28
5.99540683725931e-26
7.073315246526907e-35
4.865318061945484e-28
3.1509426063876187e-25
3.306381546532262e-20
1.4394666174626498e-28
1.9675455860975928e-92
3.7796526509753e-29
1.3804282936229296e-31
2.152546782668309e-30
1.736128802654205e-30
2.2825615456454492e-33
6.691654864345938e-16
8.76880366293748e-09
1.9954040258649805e-57
5.701479152982882e-16
7.89331452880074e-19
2.1745741835797394e-06
1.382308828616911e-15
8.864047786961552e-24
6.088049313481689e-31
3.015266970657302e-10
1.4012078858573955e-30
1.751505647698382e-24
9.85792650661004e-09
1.726438284111413e-26
1.9358477081128326e-34
1.0500197772920942e-15
1.441583652644331e-26
2.6087258321884795e-17
1.1044242590522039e-26
4.222982107766057e-18
1.7130716558013827e-20
2.1013556733724245e-28
1.5837303435521313e-30
1.3707370205273179e-12
1.5534184965126383e-18
1.97256355095407e-21
1.4496683877010188e-22
3.124779250055746e-34
1.2954239918695464e-11
4.7636306045697215e-21
3.110693723012945e-33
5.299234326455483e-22
1.0189467244419406e-37
1.350322991645355e-25
2.0558661738026537e-12
4.24082822475875e-26
1.48138692079727e-36
2.450313658516414e-22
1.1783925131674958e-18
5.141592462973383e-16
1.2404470118547003e-33
2.1076268991591824e-21
1.9508826588689397e-15
2.632754992857675e-41
1.1985295321855829e-33
2.2104456684527864e-12
8.561340772962659e-26
8.850741062349482e-16
1.2260809555036401e-26
2.11666734839656e-26
1.387796923652279e-24
6.236396887330845e-13
6.541404992092379e-10
4.473538093807628e-24
1.0608753667226077e-31
8.126747154967815e-38
1.2008018080226334e-27
5.139495782024072e-30
7.246631407269996e-75
1.4614471361371509e-24
1.6873033953007436e-21
4.271698594160028e-18
5.295997455258561e-21
3.518407057055767e-29
5.244548161923591e-18
3.107003668550276e-22
8.274936623178591e-54
2.610458463720876e-26
3.180250280232674e-21
5.521743244239464e-26
1.1264142400028307e-16
3.624048374404833e-18
1.6976543292475177e-23
1.6377675035599896e-20
6.742091361763074e-27
2.7468271253035855e-30
9.81574501084918e-38
1.7007749485873563e-13
2.680710368226362e-56
1.5824403656210338e-45
1.817689046239141e-20
1.2998441552418205e-26
1.0455203768977618e-24
4.0797361562712e-28
8.76728863106273e-22
3.0600224564404486e-21
4.0691621341094885e-38
1.6259690795896637e-25
6.44138369794615e-33
3.6994829875367426e-26
2.263794192079293e-38
7.24523256173888e-21
2.9128999955586814e-24
2.1852598143046573e-15
2.266993001589496e-24
1.3114456102041776e-22
7.147740747218768e-23
5.545545007468329e-15
1.1212838719705674e-19
1.0816361127179614e-70
3.598335167548674e-21
2.250779717290771e-17
3.493878244448373e-19
8.614837979508981e-16
1.3169079929135753e-34
3.9331362911763914e-19
1.958800598865899e-16
2.831667895911646e-20
8.14523625367384e-18
1.3390685041078743e-34
2.256204974892674e-33
8.25445013383632e-15
7.356301858867899e-15
2.138338400155658e-21
3.818809762036376e-19
6.74917128865559e-29
4.011260727663997e-23
3.1501585369153765e-20
6.078835639420775e-18
7.408352418820453e-18
4.988493873901678e-24
5.416593660017432e-21
1.2640200393499117e-82
2.464212226681326e-21
2.8530424225667754e-24
1.8057876467144298e-14
1.5646359197452033e-17
5.9464394254565635e-19
1.1970148503059321e-74
1.8186571916020492e-20
1.7402511307196628e-21
7.234499190611089e-25
1.1237221609528168e-28
1.450832711931712e-26
2.5619895608462358e-17
1.3448977203454316e-28
4.460493287887437e-31
1.889837007909819e-25
2.4483059944888146e-11
1.626057216203931e-09
2.2135127388365172e-32
1.3320015398507628e-22
1.982373453619359e-15
2.970221481467675e-19
6.875783051481866e-26
1.4841096254456374e-19
2.7097346809628853e-11
7.297886679910766e-24
2.28689287295236e-26
6.816612292797e-13
9.445888583544202e-26
2.1642299026835197e-28
7.572561716352293e-26
4.189200037385578e-25
1.2519334559537557e-75
9.201522832713819e-29
1.5100534749150091e-22
1.7042589815752875e-19
2.0001167190662367e-24
3.682824770923389e-15
6.376616591345526e-17
1.3884358459153343e-15
1.184263582157435e-35
5.669514099238542e-32
1.0918153493450274e-31
5.033561052190297e-24
7.991602088386095e-19
8.582851959102088e-10
1.419351621140949e-19
5.675129178044282e-22
6.426981700534136e-20
3.884618366599375e-21
7.386006273553413e-32
3.752134938412576e-14
9.749085715105984e-21
4.408228252076739e-17
8.505287240404472e-27
2.473798715089716e-21
4.5808632747301845e-18
9.696508351275508e-21
1.9815662990225562e-43
1.6502270942001555e-26
1.401774199718738e-13
2.24814563444382e-09
1.5402495209968101e-38
6.299772674742705e-34
5.783880686028243e-21
2.5212121469286836e-44
2.0735821626358162e-10
1.4182190081708638e-30
2.0401123115959044e-18
9.259234765733951e-23
1.0635113586456113e-20
8.911111064427294e-18
4.001486513904581e-20
1.6906424152591526e-77
3.258804076458081e-20
1.8639892127143261e-28
1.380888167456433e-19
8.214603079728188e-10
5.819368281749241e-45
9.63863933851364e-22
2.8385697310404275e-19
2.9516256059160664e-27
5.238977120937238e-09
5.395650667926951e-28
4.507022696415267e-24
3.53740723535334e-09
9.071431785511098e-42
2.1636284070046717e-08
3.6221289904366075e-18
6.551388115625558e-31
6.700546642685313e-20
8.79132915338652e-27
1.4901258202867956e-09
1.834087630355572e-19
8.946943832139874e-24
4.6741725260185236e-27
5.327742278356668e-16
9.640372394410455e-24
2.9170782237843254e-60
7.561213927126001e-43
6.882705223869263e-24
2.4270489655380202e-20
1.792687628885336e-21
7.54622936439879e-42
2.1511705307764682e-26
8.218871427245605e-21
6.591709564351602e-18
5.459114081121178e-17
1.1449470625310756e-30
5.090863877082626e-32
7.186256992315297e-12
5.226075334228788e-29
8.808226505497581e-15
2.065294060278129e-27
1.3171170661662095e-31
5.010518657059113e-25
1.100243595260774e-13
5.240612755862181e-38
6.203614176365493e-28
3.6698677005617505e-26
2.023631624440245e-42
5.779928537374003e-23
3.6746071066408327e-13
2.3768876831344723e-28
1.4170150650249848e-31
1.390983340254384e-46
2.256658014024081e-19
7.609775059310841e-23
2.2035647521548828e-18
3.540536493240108e-21
1.2179940431132588e-15
1.8429611187402663e-38
1.2570831402680851e-48
7.629077365283794e-23
5.553722516794613e-25
3.3631795128176704e-15
4.000565864537653e-30
3.049044793262175e-20
1.8725413180657367e-32
9.816430125860135e-32
6.715907605543019e-18
2.7557250835605546e-29
5.9342938716263645e-18
2.636441417819466e-06
1.938768554033602e-21
1.8469387515934427e-23
5.820287714929113e-23
2.57638026202302e-25
7.9951491182774625e-22
3.2958867080956034e-32
8.194503596400753e-17
1.9307420599234762e-07
7.259224052511538e-24
8.56365336288535e-16
5.424050054658766e-25
1.3309599812828996e-29
1.6460341279045083e-09
3.341168204751359e-27
2.84906242920647e-21
2.9343156442611236e-22
3.9019159363205445e-20
4.0182650006964006e-17
1.25008630624554e-21
1.405605291351673e-19
6.442032217025657e-32
9.379693098877324e-38
6.720593310161627e-36
6.172526028465471e-22
5.832293085529514e-23
4.67758106290149e-20
3.77685395649799e-08
3.81900165728524e-16
2.835229158756323e-21
1.3560341313329848e-14
7.068829101147891e-21
2.40637754884926e-25
1.526047592438752e-23
3.0528760407452097e-16
1.1373686626123015e-25
3.016019596837961e-23
5.475803297288514e-11
5.580919681986315e-20
1.9870141953945892e-29
5.6052995039576945e-25
3.2716777950637907e-20
4.814864530086856e-34
5.856434712386875e-16
9.046239164236208e-103
3.2867589871548383e-35
7.88507947066732e-33
1.68445734980464e-27
3.566595638721716e-29
2.876204592071373e-27
7.057545764190816e-22
5.533296763922955e-16
3.5165920234790208e-15
3.277200891990622e-28
2.263267232855181e-17
1.3200174689285816e-26
3.768144605374371e-37
1.6003141300518812e-29
4.754172876996453e-29
1.127091528175206e-27
1.3040612103592794e-22
9.619340481348754e-20
6.693663563189392e-24
2.610906874904238e-17
6.225797355882832e-26
4.459368738818918e-19
3.377964059731659e-36
1.8932936138122254e-32
2.683450916544364e-28
9.585097094888548e-25
3.521827392276579e-32
1.4440288223691018e-18
8.384601687086984e-21
1.2991563953662931e-23
9.778905740676493e-45
9.88313364351724e-15
4.512891756431515e-20
1.113174012941808e-28
3.456531719854734e-61
6.241605935230158e-32
1.7785095622876988e-19
1.593975509538388e-17
2.7300700223295014e-16
3.437514035409059e-11
4.7235455380024997e-20
2.014644183083305e-20
8.636751169439014e-18
1.6503837017475516e-25
3.1068780805301016e-26
1.6309877154198592e-33
3.763178877911908e-30
5.32708406648801e-21
1.0687729884121317e-20
8.643935957852683e-19
7.136368031221611e-09
2.0934928123928603e-25
8.695712757263702e-12
1.0587984702139293e-63
2.639055983490155e-13
4.224428292584001e-31
5.806154170614425e-14
3.715675655931749e-18
1.2995792419051854e-21
2.1571033307142545e-25
1.1132303878031164e-24
6.856462309053871e-11
1.166960485085957e-08
2.0755688730895813e-27
1.884042882014099e-23
3.2979867112476373e-26
3.6180104848330823e-40
1.3571666364563145e-20
3.329371917541809e-24
4.364343273254839e-10
9.109392706998653e-30
1.1583494280820289e-29
1.6511059571604e-30
1.5425670533499286e-17
3.958347009899683e-12
4.064046575834073e-24
3.0220671868739086e-27
7.458100199216619e-22
1.2728851074713197e-12
1.9334139143604578e-25
2.9712918957618186e-28
3.956532152743708e-23
8.90585872614933e-23
1.9114965615914231e-28
1.1977608611082615e-38
2.050050945118303e-24
7.876481212175854e-30
2.5228095035711946e-35
2.8386526946515567e-31
8.502288500114265e-12
2.579918562551584e-70
4.6633159117881754e-11
1.4691262569376464e-19
2.618745724720708e-23
1.444466094707968e-76
1.7185660410039704e-34
1.9073287853912144e-17
4.958080101722445e-25
4.410088455734627e-26
7.3255923385821435e-19
3.5412540711652104e-10
6.119135995055144e-40
1.4027935007729984e-12
2.2377403352507895e-24
2.507109192509807e-25
1.003188523381789e-06
1.4448814094186853e-18
4.0175976522979636e-23
4.590186718534607e-08
2.092016974785349e-28
1.916161094018918e-23
6.35754720006302e-29
7.802420029164124e-29
1.9139481336220954e-25
3.090542053391431e-21
2.6173109380981607e-19
9.716644066106271e-27
7.613110353679589e-24
1.2896565402550931e-82
1.018055823984368e-42
4.241452320884779e-18
1.2403983400703128e-08
9.096952948622247e-17
1.0310950072116484e-21
2.769176039853703e-27
7.235085925554665e-22
6.788113390086596e-33
3.4784150699127244e-24
3.310792206551136e-16
1.990212039801256e-29
2.4470866602209762e-20
6.274777940943206e-51
4.1183341980695265e-32
1.1021379975442845e-33
2.688931016334301e-22
4.056556665025222e-19
4.755549569010036e-21
1.6690780152051793e-39
2.907257890780397e-21
1.4357612473545431e-33
7.846948740608123e-53
2.6853722098953247e-18
1.6045639644319787e-83
1.2547770008297284e-20
4.963799834106612e-53
3.668607130516699e-28
4.8211063396286203e-26
1.5042804283017766e-32
8.165516297353636e-28
1.1483025043776831e-32
1.1989228449358504e-26
8.994931408754216e-24
9.0916141874438e-19
4.565810589392129e-21
4.579009064593087e-21
9.516029641632212e-92
3.051236343437195e-25
1.1225636481857387e-29
1.305738622611397e-32
2.7056779560251588e-28
3.170211514860083e-23
1.402155766390782e-20
7.967233206089405e-10
2.221994797440121e-26
5.330627048170427e-22
2.945323712475539e-22
1.2063150481478214e-24
2.662051502093347e-25
1.0134349186448689e-19
4.272485796979504e-25
1.43658113991356e-16
2.5594885638063262e-39
3.3328332872687286e-25
2.9037288892376903e-22
1.8724027784877714e-24
5.278780250013877e-56
8.731356898732608e-33
5.460250258986755e-13
2.714322066347369e-15
1.8764696648601783e-20
1.2507745891879142e-24
1.2254187248192715e-64
9.90372758003245e-19
1.1826450414764257e-19
8.745664798713306e-21
2.1979133075337237e-21
2.768880448034647e-44
7.142363778370695e-25
6.594564855414524e-14
1.1138392644829462e-24
3.423277626562571e-14
4.145082384338551e-27
1.0712871429046967e-25
2.466136155747686e-25
6.845374472688171e-25
9.955984356392721e-25
5.94256036417566e-21
4.890471412062348e-17
7.244384607289806e-24
3.857080859163472e-29
1.7370024633427545e-26
2.0241694483964692e-22
2.772708850443512e-26
9.46576816468238e-13
1.620937396646721e-30
1.2018638360443623e-34
3.2282184567021744e-26
4.612648599370361e-20
4.189052590126353e-30
2.153484640901984e-31
5.847831575165129e-22
9.20732188722767e-40
3.753921458224989e-19
1.6964937410443723e-21
8.136134392079185e-18
2.478013497800244e-18
3.6923536991583064e-33
5.59972111531967e-20
1.1847031092514235e-38
3.593519628030288e-21
1.061190723100144e-28
5.7067737261233854e-21
1.2811259545905091e-26
6.208079782185231e-73
7.427660569636153e-18
1.5992069652601483e-47
4.79162019354169e-24
7.277343337922259e-19
5.575657780170735e-10
7.905487760141048e-31
3.777211078427209e-24
1.4693137264048392e-24
1.1625025966426447e-22
2.6378917654495253e-24
5.897294225235848e-19
1.529612710757788e-52
1.1114021986269815e-28
1.061506208060839e-12
2.4989048131650395e-29
3.3957793898025693e-14
3.5669026557797903e-09
1.7002138081796562e-25
9.729025605929658e-23
1.6994273044293126e-27
2.419332901217326e-22
9.57027230023042e-33
3.449173145135239e-27
4.686027898048368e-25
1.5813525323964494e-25
1.727877631878831e-22
2.3228501968763204e-64
5.0898729093052655e-21
7.729750692972192e-31
1.4573324907082426e-20
1.4713239823553586e-31
1.1989033608893317e-34
9.389365660721534e-32
3.2668049005901786e-26
4.5869513383998514e-23
1.35615879299532e-18
5.66374849177542e-20
7.553865789669572e-28
1.8581789992141382e-23
5.74438910720761e-17
6.132634033097251e-20
2.7294372219196207e-12
1.7117494877248798e-23
2.844727904606752e-33
1.3571562568151295e-20
3.5354187533927555e-22
9.010699081636129e-26
2.5349469440225124e-27
4.128625186180913e-43
5.602788709966241e-34
2.8024081559909592e-15
4.519740827599612e-23
8.171814587031705e-28
2.712242696645959e-34
3.445228152984871e-21
4.363741171411031e-37
1.1910828579278644e-51
2.5539928832416893e-19
1.529147194028441e-15
8.097836191952487e-35
7.152114517618744e-16
2.6875638903292734e-16
9.432362900902922e-26
2.837765728997676e-22
4.1411149471077654e-48
3.7259583329510904e-10
1.210247653588919e-08
1.730539117592106e-30
1.9883959159690783e-70
3.9434907188210707e-17
3.2516819859668916e-22
5.640970120166125e-25
4.219005889078699e-27
3.759942393886183e-23
5.65736805819464e-25
4.944620661542094e-23
1.3246504920511733e-10
1.8898894113598654e-19
2.093262015264753e-33
7.578260970832244e-14
8.490892972667907e-21
1.0853323340905224e-21
2.080995072613628e-33
6.861126152269864e-32
2.1140952380269688e-17
2.6094532945143002e-23
2.1291981640162226e-17
4.470889852025653e-34
7.146390200627675e-24
1.127185143669589e-28
5.533627964401186e-20
5.836641716597403e-18
1.0073134877413648e-18
4.03662790374798e-14
1.3947639550319696e-26
1.2562365154485303e-13
1.535868549243799e-18
7.011642811281754e-36
1.1223852134329705e-34
2.0940649553477232e-21
7.738127292428926e-23
1.2384879618959494e-14
1.1675030229481119e-18
6.525918311833531e-30
6.331841752821062e-20
8.121325614419427e-29
2.8209744788710426e-17
2.297862158139264e-17
1.451570065894618e-29
3.1357819256085778e-21
4.7602435408013107e-35
1.2629888827022297e-29
1.0792260016670233e-24
5.178709204257385e-17
7.767716038182984e-32
2.920942363401338e-14
3.248812141296511e-66
3.0370414968750726e-20
9.937803598590959e-25
1.5347908877971603e-85
1.2588409326027636e-26
1.041051043791138e-28
1.2710032942157279e-24
1.845638965235233e-30
1.3555868618335655e-26
1.4258200742882596e-29
6.532738427287307e-22
4.800397366520832e-33
2.953973206720349e-19
3.652392488662447e-21
9.438138297083002e-19
1.3707225217179695e-19
1.7976356349786474e-26
8.742895345673026e-27
2.7864858799402623e-27
1.039147226918625e-37
6.595412564102484e-27
6.323586723212225e-16
1.173570415239792e-31
5.8688032132792245e-24
8.771900709480857e-27
2.0934829661082966e-21
1.647431551748364e-28
1.2977514440412833e-20
2.8930753044637333e-28
9.251270922617356e-18
2.7401213624225797e-40
1.2472232558378903e-21
1.5025193251405036e-24
4.748232010844987e-15
4.554257636918512e-17
3.7923071628915726e-35
4.650751332048123e-25
7.298283080781084e-21
1.3516324638024463e-20
1.032392985393379e-07
1.0865631127252486e-31
2.026819672499428e-20
8.270892610338047e-18
2.53286708824994e-29
5.897128726627911e-37
6.548197739445499e-23
1.6807787400477644e-22
2.2793715210669948e-30
3.432921460764216e-31
5.550048433358739e-23
3.989608641897281e-60
5.092826526438218e-13
1.5714706211749287e-26
2.8838693883744474e-26
7.117189110335467e-18
1.2813803840328735e-68
6.075155340433049e-26
3.235630017845195e-23
3.509236661381618e-24
5.1297426838353e-19
8.799577942410584e-25
1.2260498952667547e-33
4.340025182062052e-20
1.2788121698039606e-19
6.81621596915018e-22
1.2554336262548438e-19
1.6146660939819722e-18
3.260026240683505e-38
1.6577497350923073e-20
7.359963399670366e-22
3.3786202200066655e-24
6.463241113617634e-21
9.830318936964467e-27
1.1854220339337297e-30
8.52472253583968e-28
1.3047389741662785e-19
1.724724437035838e-27
3.513317515606697e-28
4.262684090074623e-22
5.67316264881998e-07
9.603713491111397e-20
2.2649471126758977e-27
9.266941799965391e-21
2.4246797827390493e-12
1.9667304960965844e-18
1.5867780109595755e-22
1.1350424798122647e-67
9.782458037416686e-63
4.624358894266826e-20
5.090358725415431e-13
1.5314809337932195e-25
2.3648414576035384e-14
1.744283239429599e-21
4.565914969904425e-43
2.106834086277526e-17
7.217071909399164e-71
9.567188456985262e-64
7.765887966592681e-12
6.761914375247417e-30
3.9208375951125993e-31
3.205836839784601e-26
2.903232631465238e-20
4.2529401301506e-28
7.061149132975191e-18
6.768387365293825e-33
2.781397666177394e-23
2.6022612838234227e-09
9.866562392517552e-20
2.5945637852375974e-17
3.17248596805114e-19
6.47503399807023e-23
1.2245826557579206e-81
6.280313318101061e-24
5.284035947376743e-29
1.5867862146910347e-28
3.272374514721165e-80
7.120699169927498e-15
4.9775057882681665e-71
4.3581003759533867e-17
1.4382942981887418e-23
9.719627853747081e-27
1.1879003449536094e-72
8.57778654986083e-31
1.3270251702358067e-12
1.2355057185992303e-20
5.717345352611293e-29
1.2473848624064952e-30
6.9973069769484874e-68
7.368124021097311e-33
1.3382235615624555e-35
9.371962242237713e-34
1.612100274854765e-17
2.0587506878156576e-25
1.2160193398183777e-20
4.534136434953094e-30
3.2879256201789405e-20
8.478548434462614e-28
9.799188477528095e-20
1.0090850725073986e-14
5.659074483170024e-68
5.435794818727245e-20
1.6453095156782006e-38
3.299574755697268e-21
1.4760004647164363e-37
1.703743354366266e-15
6.024009574459653e-25
1.2466926238185004e-11
4.110439950675856e-14
2.4062510235883058e-20
2.0927275900133097e-19
2.645002261150488e-22
7.612673279536454e-18
2.4283833053390713e-20
4.4782827323991895e-37
1.4402442515674394e-23
1.429210310316586e-23
4.703923839994735e-24
4.52926461495193e-62
9.424600025285737e-19
3.7751502168431495e-08
1.3454478675068179e-17
9.196784417110217e-28
3.2474174909087226e-28
3.34770102399606e-20
4.290027353416007e-17
8.076091174136315e-68
1.0517840017495015e-27
8.21110723708358e-11
2.622250373530711e-13
1.01667203159141e-36
3.258568099849935e-14
2.6776904961769536e-26
1.0912850214710497e-38
1.8673463531574548e-22
3.460621582837981e-24
1.6170626109235633e-14
4.0817950350367926e-14
5.738594338788917e-23
2.072711381008872e-27
1.214504709198783e-22
2.838679426825609e-20
4.424530395172909e-12
1.622423752013226e-21
1.982846952235985e-23
2.170976280550289e-27
4.965961471306781e-25
8.357923824851043e-12
1.2195306547567699e-12
1.1496023926515096e-27
8.460809865741068e-36
1.0742144665517269e-26
8.097678498058648e-30
5.268415236515376e-19
7.061474207327638e-23
3.95530643516293e-25
3.0006821709945598e-34
7.151628966801219e-26
1.115071196918186e-22
3.264292747888243e-12
8.243259199226557e-59
7.562326105229322e-19
1.4170433060588167e-17
2.4397474743430797e-13
3.562042777483263e-26
2.0914389484051647e-18
2.3267112234879184e-08
5.161080007489639e-13
2.1083607293061132e-17
1.2880453831688001e-26
1.7885127501018713e-22
3.856395311726476e-25
2.6288023966486493e-20
6.542658258880029e-20
9.55719703229987e-26
1.2040006491435198e-21
7.370570496390534e-21
4.645944239508147e-31
1.0878560203138485e-18
3.9891221535031504e-24
5.827860545069504e-36
1.0703699287687627e-26
3.1065556899374747e-21
3.819213384194466e-26
7.1271064230293185e-34
6.938222195758725e-41
1.3484058881951266e-23
1.0897328153036905e-26
4.7986922911742416e-33
1.6981263822378264e-26
1.8293263378384598e-33
3.447493121572503e-23
1.5319321046385213e-11
1.4159175162684726e-65
2.979039927076627e-51
1.1315107334050968e-18
2.032943044541742e-17
4.2682303956519335e-23
1.1175172007240997e-19
3.4795930515778716e-28
6.906229063574719e-25
6.93671913369271e-20
3.038551848173116e-19
1.0536358411837279e-13
3.0834218717955973e-18
1.7960448881715264e-07
6.580880519615893e-15
2.6103566511994025e-53
1.8981195927892046e-25
4.27241055691088e-29
4.622202449863437e-47
2.5109409305047725e-26
1.1672756721606238e-23
8.504410206501939e-08
9.720225754018609e-23
4.847026492574337e-46
2.2227732385951658e-23
9.192464962980068e-25
6.092448084950809e-28
1.509012995828402e-17
1.3634363882231296e-22
4.804868154913838e-25
3.212872957883409e-21
3.370419371669931e-23
2.3955430245406508e-33
9.220602550412298e-13
1.2907878516174698e-50
5.319104415134767e-18
2.9603845092841557e-28
8.53674523951312e-71
1.266337850354841e-22
7.945722307357053e-24
1.355108745492297e-06
6.0482954386555436e-52
4.9502936051282407e-29
6.729059278570615e-07
5.12472345461979e-27
5.943176910904705e-19
6.581708990632678e-34
6.850470191493471e-28
1.9281974836197684e-12
2.454444088214311e-33
7.219482293940778e-24
8.76287310437856e-21
2.7584358520909017e-74
1.4902185574547027e-14
2.756469148919275e-07
4.291549924208658e-24
5.607115967772444e-40
1.2341395768750595e-23
5.409668779069895e-32
1.8444140265454154e-16
2.2137260176629853e-24
5.109273363748222e-30
6.603681710624389e-13
7.515364475293973e-30
4.1034392374010862e-25
2.594960352922626e-18
2.2033687743744958e-36
3.36265887385634e-09
3.1621104006055726e-30
8.675888982891195e-26
7.657650027332666e-22
1.3685385705829714e-18
2.7281820363340027e-30
3.427428831377191e-14
6.579543394339823e-30
5.06131188761332e-25
1.126397419785395e-20
1.2232572043046046e-17
1.1921494545154177e-42
2.167226344824248e-77
3.975733767168954e-31
2.973423261734957e-09
3.947077366260525e-12
9.001736932400461e-25
5.971893061603637e-19
1.3270067740098623e-10
5.48846955887287e-20
2.2851279460795321e-35
8.469314800626773e-20
4.186531372909539e-25
3.3702441825387444e-43
1.4582780883412625e-20
2.713671821848431e-27
1.9826473156540148e-29
1.3689835386962227e-42
2.179911956279505e-28
1.1688370231072573e-27
3.925859652953264e-25
1.2821421670547746e-19
2.4802054131568853e-18
4.362931738308825e-25
7.796124323016375e-46
6.83101142452705e-11
6.296360767713412e-09
4.05413974117087e-23
2.1522194043303205e-19
1.2407862467672966e-24
8.893739166539986e-23
3.851221127538158e-28
4.624726380749489e-10
2.1124228070645353e-19
1.3125505471826657e-23
1.5871476579964238e-14
3.540077402606273e-08
6.909803143333079e-15
9.031365431399113e-26
2.496328117315338e-38
8.141454846808302e-20
1.9126256662256982e-17
1.473459051582695e-13
3.211798213289923e-37
3.477284548454195e-21
1.0129916008092343e-17
2.751117424361673e-17
1.7171592061093708e-25
2.922185840474114e-29
4.208244384520008e-33
7.836581152921943e-23
3.630559160328154e-18
2.2388439618418124e-13
2.5318721016187578e-17
1.0446323041305785e-30
1.5774417718719978e-11
8.0986722755446e-27
5.711101324758716e-24
1.616598472901149e-26
8.986363818578066e-23
4.048679889648576e-37
2.8110550902121304e-26
9.325411413722742e-19
3.947843258492365e-26
4.422399225321558e-26
6.7189914396214985e-37
4.1724253119229055e-25
1.5403078393951483e-81
7.440756209384317e-20
1.5608435853487674e-18
4.9698572734054095e-28
5.623353629285451e-23
1.7681847076841088e-10
2.227390236386387e-27
6.737453886795344e-30
4.06017951113882e-42
2.6118671767228628e-18
2.657697386491731e-23
2.7854985860455965e-27
4.616525889922739e-44
8.802028365997139e-28
5.7265599556047085e-11
1.2404736334816831e-15
9.171262533823557e-24
4.211405676194004e-28
1.9690759302819472e-19
1.3814463958756093e-13
1.4869558313275036e-26
1.3209287620887362e-21
1.0939237083107752e-43
3.467674879108558e-30
1.0593898917782586e-27
1.871798767809577e-28
3.062884960258303e-16
4.123935253793034e-18
1.7642729258702085e-19
2.133526377254225e-21
4.1817908381791855e-16
2.621523779134174e-26
3.0752945701832615e-21
1.6808983893759297e-71
9.294495788271329e-17
5.264748510130592e-29
1.5669982572748889e-80
7.528937489158017e-25
1.016672005373889e-07
1.0411178254407721e-17
2.323245367646901e-31
3.838571102711543e-19
5.999550031361468e-21
9.624813612256003e-16
3.4843933302834094e-28
1.444646699888566e-24
4.184668166561287e-29
1.1439152506031772e-18
3.6958711010183863e-20
1.2300260633945837e-32
1.3299024867839165e-19
1.2922882326214668e-38
1.7704653316011915e-14
1.0117330481744932e-26
1.2332142180851235e-16
1.3949478291994834e-11
6.451015622944777e-19
6.296391638078397e-28
9.226199640651974e-48
1.5332304360792362e-24
5.37377146398022e-17
1.3693661008507664e-23
1.6742985763206446e-20
4.367348465566432e-66
1.0084914696809838e-27
1.6245220531148803e-27
3.5190088992712493e-25
6.632267364196532e-14
3.932487111414073e-34
1.560165780705703e-20
2.605343918369964e-28
6.853836247166934e-10
2.1466172647618415e-14
7.028857684331762e-22
1.734290111727905e-20
3.145632893901172e-28
1.6627605838503512e-13
3.5374999803366897e-25
1.2012488738788137e-19
1.0463490839512839e-22
2.8424931024431266e-18
1.003924742377883e-12
9.228712325432245e-28
3.767596170185125e-28
6.614149478223455e-28
2.316404922569916e-24
9.83068140136477e-35
1.3230148662952876e-78
8.249739155979555e-20
3.0400639704208828e-22
2.724141720051086e-30
3.960289457200581e-08
7.891509080815265e-18
1.050242801467384e-23
9.153344095686331e-18
1.3482480368367108e-32
4.287238153138992e-24
8.689842194211163e-35
9.21853940744114e-24
1.653468343958322e-40
4.697452838541346e-22
2.2418737812270497e-98
1.3383158455993037e-67
1.0830109323262233e-21
1.828824757425411e-26
1.820703820827475e-19
1.0642350797775804e-21
3.0840910171721605e-18
3.5372585583211386e-24
1.9804251960757687e-05
6.356231648796899e-14
5.081264365736176e-32
1.3143462760096071e-24
1.478600983799076e-10
1.1681192770481429e-22
9.347442026058795e-29
1.9219519018860794e-19
7.571887753841821e-20
3.201609949020868e-29
3.69887000486492e-22
3.5408814542235543e-28
2.5936114581314e-21
1.0910639670825535e-16
7.248806513741186e-27
1.0810203234677173e-24
6.012776235289701e-16
1.938731119495593e-41
9.222753160694187e-34
3.275176804382242e-27
7.776366447641707e-23
1.6077830073968976e-25
1.1184092563797535e-11
2.147113793701008e-28
1.1688564485909377e-26
3.930922728562929e-09
8.531181770708441e-13
2.0868322924502532e-19
1.5123846872251594e-17
3.3429231581792364e-09
1.3518761710219734e-24
1.3485919148941748e-27
3.659886158032587e-26
4.02106185923479e-71
9.314132411328666e-85
1.3172364934645285e-20
2.2544528737784604e-22
3.6506417016780545e-16
1.0460466470074939e-79
5.216986094433567e-12
6.028463473880519e-32
3.7525621638459714e-34
2.093972679100655e-20
1.45647953048939e-23
8.581025565080006e-23
3.1630118932716667e-26
2.0333992071456943e-13
1.4568382285563928e-13
3.845486070932777e-57
1.4607152587858945e-30
6.389806722971237e-31
4.720013405842727e-20
8.58127287761622e-13
1.2964968957605086e-28
6.838787820902151e-25
3.3328935151817433e-32
1.1330088049004777e-21
1.8366232508499095e-18
3.2964130280577685e-23
3.6859628702842274e-29
5.755616635433981e-14
1.4774299203004322e-12
1.404632539748323e-18
2.777775438854638e-19
2.139190337307031e-17
1.1525470588076842e-19
9.090261917002475e-22
6.724920433050851e-18
9.109820429914741e-21
9.171291605642306e-21
1.8564011805766222e-29
1.2423187009161279e-80
5.120829827544863e-35
8.942850629561966e-14
2.1265288742419086e-17
1.8683387985875743e-34
7.106755907810558e-17
7.379599492580708e-28
3.882932415052673e-29
1.6781755404856936e-23
1.6543360603245557e-12
6.23041580789206e-31
6.016830594618843e-23
5.17824759039551e-30
2.04057724711712e-30
5.828011500494711e-39
6.172638373880051e-28
5.180256709377532e-28
7.996834515159307e-20
1.0495693530696299e-79
1.2478955770729854e-26
9.17525125612631e-34
1.1223694208143567e-44
1.0424092296976291e-20
5.7666462128594116e-21
4.678552474884697e-28
2.867996613061847e-23
2.3663480903526552e-42
1.8830455837373138e-30
4.984144483448397e-09
3.5864767346875183e-22
3.078527580490602e-24
7.08976872202859e-23
3.1946242395833114e-16
6.422562176525142e-18
3.85684068407864e-15
1.568854192475853e-11
3.6917796383215356e-61
3.5731175147162426e-27
1.1474301340961724e-22
2.3792563032747624e-18
1.7206339049695263e-20
1.525409382956188e-26
5.495736389411021e-17
7.916467738526158e-12
1.156788021468094e-28
3.183929632048723e-22
4.0341278447424664e-25
7.996041977431966e-18
1.1104814037291381e-36
4.708348736520614e-34
5.6697710867051196e-33
2.1622768630617725e-26
1.9574172978586074e-20
5.893162503518978e-13
1.5449645647217703e-93
7.363282040668526e-36
1.2574433514211494e-39
4.405586121982329e-14
1.4229711945898137e-22
1.029511478986711e-24
2.263184613283019e-31
3.0807997804640627e-27
2.1346096181803887e-23
5.467464681152367e-26
1.5927537833128022e-65
4.720031160736989e-40
1.4865045995504076e-24
1.909193204305782e-41
4.029035553483351e-24
3.275084985155831e-32
1.1415933135548036e-43
1.0889986469794062e-23
1.7020208658562354e-22
1.4554784154276227e-17
7.091395600340014e-27
6.352278456904643e-25
3.796932310426796e-20
5.573502627001583e-23
4.20862138535573e-13
8.736261705211892e-31
3.617603004188989e-17
1.8568366290159395e-26
6.499394685411655e-26
1.8748429085082065e-25
6.60788880983603e-10
3.1143643222663615e-14
4.605765059941938e-21
6.24101498956068e-22
3.450017995132883e-38
9.648052637343553e-19
8.837231753625326e-80
5.0404713056710695e-19
5.328466804551655e-11
6.247591794854136e-11
4.336588673994895e-22
4.4165554571877695e-19
2.4916713812816932e-23
3.8546481665019485e-42
4.434808041324002e-18
2.818096239700588e-27
8.151756140621927e-33
7.582292237825393e-23
1.6369388469559502e-17
2.9473777415274393e-22
8.434040820702977e-34
9.459613356058177e-35
1.4974828409233668e-31
8.970779792676492e-20
4.3059589951486565e-25
1.8796167030143212e-24
2.9479806532140074e-25
2.6996990527562534e-33
2.0325776495188765e-24
1.3224281377450904e-65
1.9694291311823166e-27
1.1888530729763968e-31
1.885294210827418e-72
4.006492679606874e-43
2.536467446577686e-69
2.3961811932071084e-31
6.166038989629731e-12
1.7839748498368782e-39
1.348048116155559e-46
3.0252175793067584e-24
1.1864634112790663e-25
1.8813797443387823e-11
8.613457781179642e-21
4.078140324564517e-34
1.8830466008649233e-16
2.2535045655894226e-16
8.378522628135755e-16
3.092550216663875e-39
7.753779079995811e-22
1.796650075065337e-16
7.123439080473453e-24
1.6874441114473335e-23
5.187305109397747e-44
7.867294117977204e-20
4.0421028059413216e-18
7.681456987928384e-22
1.9837288756743925e-19
2.0607093088156365e-32
1.3856807009098198e-24
4.413141349473544e-15
2.0900597631934504e-21
2.034041081778626e-24
2.770407176781542e-17
7.575528917782967e-25
1.1417162288717295e-25
1.04687292187337e-33
1.747288689977752e-16
8.161602897445693e-35
3.2509599385895367e-26
6.567534925470674e-18
2.0366505282236214e-26
2.516566681831207e-23
3.5529183025073977e-07
7.36793654196486e-26
1.5979345318176206e-22
2.3808919869718497e-38
1.6999553203927713e-18
1.5005661576679142e-20
3.1339745577952628e-27
1.9107863502536982e-20
7.110631772464303e-20
3.801244251358945e-13
2.2487277626423306e-16
4.942102288101288e-12
1.6267573127798895e-15
3.2474969973592884e-30
3.0737388627501797e-24
7.250236037608445e-23
4.295420137617861e-51
5.595247408342577e-20
4.479603641679674e-25
4.1117233715574856e-24
2.272644561793497e-24
7.189220777775615e-17
1.0827467896159006e-21
7.631208665681968e-83
1.465420978111003e-39
5.2720491821800254e-30
7.534789933958356e-35
1.0966264468867456e-14
1.7133934400411717e-19
4.396359304738312e-32
1.218800312746416e-20
1.223088122802708e-10
9.084258365669084e-19
7.335840460279624e-95
2.2236108643866767e-18
7.59902088995286e-23
2.2318603544092648e-36
6.352567345588394e-91
3.5709740415356745e-32
2.4040513754176063e-30
1.692833179425874e-35
5.789977529550045e-10
9.514319656256428e-12
1.8466074131947174e-15
4.684611962868883e-20
6.441214005933423e-17
5.474042892398485e-24
3.642011278801616e-23
1.3821449422770956e-34
5.220512411788312e-28
2.9139772120957627e-27
2.4164493254373054e-27
6.8642758672777565e-15
1.1615800874432392e-30
1.6829728742176712e-19
1.5492513454434184e-15
3.962406058380322e-18
3.0983600382626416e-20
2.0715630109629197e-17
4.60592098468971e-19
2.545478530106302e-24
3.3907024267190587e-22
7.264789077328055e-26
7.875332418478207e-26
3.53837907032092e-19
7.135240615629091e-21
2.0975491486461953e-20
1.8737654859504804e-28
7.951270656759789e-14
6.380409965182212e-22
3.323044402265858e-20
2.3313234607568414e-15
7.897775605796883e-13
6.34664589510677e-29
7.012753001559455e-20
7.829637898164706e-22
1.9002050548294974e-53
2.5309185456991156e-21
3.480676864436692e-14
1.4642473128936192e-12
4.799621686222532e-15
2.4820954573455657e-20
1.9731141792579007e-27
1.4076538437658236e-31
4.236825981352091e-22
1.2922994484776506e-23
6.949614917987438e-24
4.859998505599786e-25
3.9321554091970694e-14
1.8596004199075258e-21
2.739697984746944e-28
4.147593448574298e-24
2.1234683035717635e-08
1.1320137273300724e-15
1.2271992644625555e-25
1.8822202032955494e-21
7.976464895755034e-25
4.156959918757784e-31
4.0052536296493245e-24
4.402450424469106e-07
5.508679567345687e-25
9.4557935085665e-30
2.650296633511416e-27
1.2688203786435265e-22
9.131648522488225e-29
1.50814922435774e-15
3.793582887169949e-08
1.6499751878321412e-56
2.791040856765496e-82
7.662884626822689e-27
1.8272512003106457e-28
5.26671263952331e-21
8.428125102384578e-18
1.4575701693166363e-14
6.438715062270999e-22
1.18482906137261e-16
1.517091448647007e-19
2.339964262824553e-23
4.233026184651398e-27
1.8377753337927394e-23
1.6654116042194627e-19
1.9819552201299583e-27
9.855915863239038e-29
1.1463056244265502e-17
8.632454358100773e-27
1.4237791505556926e-30
1.4717790256746167e-21
1.3935060719906035e-28
1.1750341253028874e-24
4.34701869924099e-20
3.1288062490270823e-21
5.504417174514961e-24
2.346304150222166e-24
2.86514673577299e-17
7.898346393969815e-26
9.711539604351517e-28
1.5742500039504112e-18
1.8219392062153747e-29
1.5325311936794162e-23
4.028570398309071e-18
1.1019288278639532e-34
3.1167552288054386e-17
2.935106439345152e-29
3.952953380558745e-12
2.547663756571955e-26
1.4007830416308151e-64
4.0057677001757513e-33
1.1575027483896626e-21
6.0544692465990725e-31
1.858538100344981e-21
1.5680609620661608e-14
3.763731446741243e-09
2.2991663501123627e-28
1.4159042087586225e-16
4.227393895239038e-13
3.605852128136191e-20
7.190905647047776e-23
1.917301225929256e-23
9.94748121064099e-16
1.8489518457886907e-14
1.3409320158379715e-10
4.365289157102556e-28
8.068072116997504e-20
9.144300711938444e-24
5.85982149256416e-26
1.0314209119748885e-16
1.6829520130648983e-64
1.7896414524532123e-29
1.2266212341233723e-36
7.529809369584246e-23
1.218226869942787e-35
4.4556933696757654e-24
6.356900060784317e-16
2.9751536902171988e-28
8.675492387411459e-21
9.847254889534612e-22
6.601478130261417e-24
1.6434838005745342e-14
1.7588735618910888e-22
1.0415974700840366e-30
3.850299540189249e-07
1.8981768821878774e-25
1.2492837009430032e-14
8.107537143450693e-11
1.0134904820119333e-20
1.5181228172608505e-25
2.059557822820673e-37
2.483524500221568e-27
3.2533339876774925e-23
2.9549801127627724e-18
1.8271793429210677e-67
4.290553711686311e-19
3.686668863488727e-29
1.4548584178068027e-16
4.6801965488348556e-26
1.5601146505027208e-20
3.3213959803174934e-33
2.6608259711075333e-30
2.1570323171257015e-26
4.7139105940146887e-26
4.77716108965565e-27
3.74748727035874e-39
1.2663259058057174e-26
7.479852626327938e-18
1.5523843581164846e-08
2.618427676889866e-13
5.583304295876359e-14
2.858302200582538e-12
5.760027607489872e-33
1.0186769425915768e-20
5.143257560117711e-43
1.493826340025147e-18
1.8680042194603976e-16
4.400017666895933e-21
6.746045186409945e-26
2.0706241204536234e-20
7.401998266393716e-24
1.1786502732330269e-29
1.5995406793549577e-23
7.249629793308235e-19
1.1793050242835087e-29
1.9951459921261203e-29
2.913914067801242e-24
5.015628904678913e-27
2.0435541637260258e-27
3.6883375347965375e-23
2.3983397242040524e-28
1.1745007137375562e-15
2.7886583705396507e-16
2.5883714545837312e-19
2.7837330706669606e-31
3.468932009894861e-28
7.411458798701043e-29
3.4239221755399435e-25
1.0407012448634168e-14
1.2761545051044659e-30
5.1503022869152464e-86
2.6328048758285675e-09
7.122302152646481e-21
4.050135336323354e-34
6.566338996977094e-33
9.15756121385676e-31
5.802216111344136e-28
6.593704709943799e-25
2.4126206636650117e-29
1.4693168047504973e-24
3.0920933458273834e-40
2.9746115543746534e-34
2.1405586038484822e-30
4.406185286399939e-22
3.6143845728192105e-23
1.7132643800149293e-14
8.654608457274302e-31
1.2630322284581637e-33
1.0029602435050112e-69
3.2794790688722407e-91
4.422470279395043e-27
5.942649399273035e-26
3.0560827959030626e-32
3.6138298938245387e-22
1.0769635749210549e-19
2.0740529270544894e-20
6.058076886288738e-29
5.315014867189338e-26
4.728605252522072e-33
1.8618410528707964e-14
3.663884353440712e-18
8.09940969230724e-18
2.995080699544318e-34
1.495220772426873e-17
7.580060815922263e-23
9.92499992860715e-34
2.1521697424443207e-21
3.9453877666462014e-22
4.5931803779963884e-20
5.944287768328934e-14
3.94878173323572e-27
7.485681511856544e-35
3.0522660107069626e-19
4.774060840156167e-13
9.601942156859282e-10
6.968002592787307e-24
1.3811430699439122e-26
4.22791402186361e-27
2.5316906550565444e-22
1.755058890083083e-26
1.2353406324118656e-16
3.705947875938179e-27
1.2341833983106903e-18
2.0528164741026987e-15
1.5759880424777019e-18
1.1593849762649523e-31
1.4796926096028126e-21
6.436190668562209e-22
1.9416024999285618e-76
1.846973241500451e-26
4.094588134992542e-33
1.4749761573710274e-24
2.6389194220624953e-29
1.381644131206781e-32
3.8261136515663736e-15
8.474144582260417e-43
2.7663264355477378e-24
6.264098841466588e-26
5.860406987244581e-29
5.265995050959935e-26
5.960825606273671e-25
1.2372242101554716e-16
4.228694899200079e-30
8.187088473175553e-18
6.119650830274329e-17
3.1422463442083815e-38
4.2346390348028225e-26
5.076550251294093e-19
4.9739039987049015e-21
4.610485813290584e-34
3.433767551528948e-21
1.9667304960965844e-18
1.3412683208256144e-17
7.224949812370382e-10
1.1844910508668888e-15
2.3948820674587446e-81
1.6456032049026156e-19
1.6066028439297553e-26
4.869675527491568e-24
2.668547318724688e-23
3.0087098595416473e-29
5.0865627513282145e-21
7.850603574255246e-27
2.1277347935977785e-19
1.4989635108613941e-09
3.77318193838541e-32
6.024854155269705e-20
1.49945467253713e-37
1.5536798672237131e-24
5.18154902057434e-20
5.1319632786675724e-24
7.81524889257876e-27
1.878477618914044e-22
5.566951032922585e-16
6.728149127323792e-14
3.155457736607631e-20
2.2764409415327343e-11
1.1010343121817242e-19
6.13665661409368e-11
4.7070184931700885e-28
3.911426408770341e-26
5.897665339800768e-19
8.93645337481526e-25
3.507246418618635e-31
1.534989262648163e-27
4.728944994873377e-35
6.697265978941714e-28
9.566353143517341e-29
9.713322169794455e-21
1.37691782739923e-32
5.55703950259888e-20
3.3142266443146785e-47
1.3522896935419895e-17
4.5940015958205194e-18
1.744884799732677e-18
9.061071255514672e-13
2.5179554944788624e-23
5.0875696242518305e-27
6.1915841264769646e-31
1.1975832982659815e-07
1.3030112194156449e-28
4.671679478483748e-23
1.4283145310528707e-14
5.91843121921896e-12
4.648983706453945e-33
1.7777261582906506e-24
1.201153778536641e-28
8.987896527913601e-68
1.2008593245476147e-19
6.830158135225758e-38
1.1572741554059076e-18
5.734610366811116e-33
6.598287489969185e-18
1.0971308862970693e-22
5.744824179692261e-21
2.1412661217932387e-14
6.845624116465579e-31
3.405581585844213e-21
7.69619875957933e-22
5.719295297880426e-27
8.433222941993791e-29
7.693963990653912e-23
1.3757238597771095e-26
6.437280988733701e-14
1.300770504223364e-29
3.753310225533993e-09
6.190259126961117e-118
8.767831175843518e-48
2.065571383686681e-36
1.870307185373987e-13
4.115392807780082e-17
2.4860572917157865e-31
3.513819733902213e-36
3.4806636949650636e-36
6.250005962082196e-21
1.1549980979585984e-27
2.507305565970381e-16
4.03138501507405e-27
8.764745181808937e-77
5.5113076299562455e-22
7.925591339920918e-24
8.433869290678587e-13
5.7943559971848295e-46
2.1777809001418062e-09
8.83588942451269e-28
8.113318126118046e-21
2.475275896341725e-26
3.714001233621375e-22
3.133314281208787e-25
7.194212992816697e-28
1.357544195780648e-24
2.3096461247045933e-20
4.14534873325828e-37
2.234559882641999e-22
7.353862815130434e-15
8.298254537052175e-89
6.3418669862745306e-18
3.438305678970682e-20
8.002038280585658e-20
2.5058724029921883e-15
9.621381722381298e-42
3.7105798222278366e-31
9.395673976412241e-23
5.839492636268552e-37
1.03670263253798e-24
9.542584129101674e-17
1.1252028107616863e-16
9.799295294082192e-24
1.1624227724996408e-30
1.489401618131227e-15
1.3810965588380354e-18
3.570090219137566e-20
4.843409431615067e-13
2.7522689093465995e-44
5.581253171864225e-34
1.1043813384286827e-27
1.4744243909127206e-23
1.3761659798586798e-27
2.646562525214922e-17
1.6261441404629216e-21
1.1374303262875285e-22
1.4903820219863587e-20
4.471410050280025e-14
6.058147091967762e-24
5.898639232681896e-22
2.1235949210034334e-62
1.4868213437312816e-36
5.64630552211017e-15
3.479918415239689e-20
1.2582653058598824e-30
1.1121600451446854e-78
3.0848363131060607e-14
3.048370075204561e-16
2.4478109245793804e-16
8.675423566744219e-13
6.239456165635029e-69
1.9185061271853714e-16
9.176191577633141e-16
3.728502036309171e-28
2.2969300768441183e-30
4.628760897990045e-25
4.541652147312537e-37
1.2186682316379548e-10
1.2059813838056996e-13
5.113071312459223e-40
1.4638899705766008e-21
3.9870932275225676e-25
8.474200478361702e-21
4.6162003507827275e-71
2.9943125121688382e-34
5.828446724708779e-16
7.752797501960181e-23
6.444093483953731e-14
1.512544570888066e-37
1.2704844669584753e-15
5.311584378362897e-28
3.2788413089321916e-15
5.922380986608661e-30
9.88194953653876e-24
8.311604730335824e-28
6.24932196595324e-26
1.714501644388323e-30
4.0632731296473657e-16
7.480991473493105e-11
2.3249969180379767e-24
1.146788430567114e-31
4.9401428876463947e-20
5.386604907895319e-14
1.8445431691581863e-30
1.8452178410767548e-29
4.390703298180679e-87
4.031960602717139e-36
4.651891429161702e-33
3.624874032636598e-46
9.974748738984873e-09
1.0478375200392368e-12
2.5296967679515656e-35
7.189229277917271e-28
3.952860969542802e-51
9.74300742643329e-20
1.5544103281910649e-28
3.0841706186705055e-10
4.9098374878820215e-08
1.993929471659548e-19
7.877327842102416e-75
1.4401627891307956e-23
5.937260564088019e-35
3.010504500677072e-45
4.738060280606567e-28
1.4147022512400877e-10
3.93137686693457e-23
1.0288565582476035e-20
2.712647297626091e-79
1.9438868750395652e-17
1.897482690117633e-21
8.756726340190264e-26
3.662698652977131e-26
1.6064844959176084e-12
1.3871203730297912e-17
4.803950951944381e-28
1.3146600934364224e-24
3.5008209272559063e-16
2.2711020309619972e-21
1.3977348294326693e-23
7.770707402196513e-17
2.4259381169465598e-58
4.2049992229210006e-32
1.3147022919475974e-80
1.328827833073968e-17
8.87956492497516e-30
9.802346908210874e-16
8.608216101749025e-16
1.7850966637869743e-18
1.3766371374583439e-39
9.209056437110915e-17
1.6833916514424353e-20
8.964468353507799e-29
8.47831865120135e-14
1.8196057063508872e-21
7.824673254811062e-20
2.26785516716169e-19
3.8556438163235465e-35
2.131981508368839e-70
5.319615649016945e-26
5.1114026093369926e-21
2.5310024400624176e-29
5.370860276617104e-48
2.2544017048263605e-23
1.3893630022597922e-32
3.1786042155649416e-28
7.71889961084301e-32
1.720903725018994e-23
3.5284244116117494e-38
7.476788129477543e-32
6.212137447676365e-08
3.459070593754503e-24
2.4247178607125367e-18
6.899940552394704e-74
2.6761265219644057e-12
2.3475403397554937e-25
7.04465548684887e-33
6.907858183900354e-21
8.177652388043742e-19
5.487084989416017e-13
2.0342229835442723e-47
5.98122632197136e-22
3.264889476384459e-11
2.668712614997422e-25
2.8458604942681626e-23
8.122908584237524e-25
1.5443394797742338e-29
4.412184566645409e-24
3.830443382811793e-24
1.1117151213756667e-27
1.9933893818694312e-14
2.7072357377453095e-28
2.180922552239018e-18
1.2614923232088502e-15
5.541952825128197e-12
5.957724980399149e-22
9.96770336247028e-30
4.8029778883566666e-17
1.4637441795458615e-21
7.576215378708829e-31
1.4101524369224168e-15
1.5381668803281511e-40
1.8230427798944028e-21
3.338452370613005e-13
4.249343117446492e-18
1.155396774209881e-22
2.5536655105569113e-35
1.1914982507508594e-74
4.327945518584941e-17
3.1150590333182127e-19
1.1588391598521383e-26
3.204335646942372e-15
9.220144486008233e-17
7.812638162680695e-25
8.418063901961054e-35
2.8761323933565222e-24
1.1680878598069724e-25
5.778246243975142e-29
6.56897997399615e-27
7.457081548584919e-21
2.1645340394531505e-11
7.2186525219073065e-28
1.4330033933672695e-15
6.32410018751801e-11
5.165317905924137e-20
1.5131875753186757e-21
6.903675966368044e-34
2.4823861310806237e-12
2.0087106944417982e-15
2.9816553375655256e-29
9.829698845268035e-25
9.832807039693994e-21
5.533154643175862e-16
3.4977320770207064e-30
9.416127885849507e-25
2.0461345095191135e-32
2.771478515305802e-10
1.4874658852691676e-30
7.847507927345996e-33
3.444714256063221e-21
4.64857033222429e-62
2.0162782416555684e-36
6.791331445676052e-87
2.3355909470833305e-26
1.1019324732710305e-35
2.664158567884977e-26
1.4290469550170124e-36
6.667363335925516e-45
1.8012633347678973e-26
1.3093052938771723e-19
9.196030214620293e-14
5.323840539753883e-19
1.4949411391549934e-22
7.656544462426015e-22
4.8517933245644365e-29
1.4097185452149449e-32
1.2166173223561663e-17
1.824561996033414e-25
4.422000317709002e-84
1.8617823882820438e-27
2.836899783750698e-28
6.279778149344367e-30
3.36547396714196e-30
2.2997716526439852e-28
1.6155170966701712e-22
5.1313037501425445e-15
6.042896726594774e-18
2.731657526258058e-20
4.315438452029526e-21
2.5184545645533606e-09
6.88448826986677e-28
2.1127359791929804e-14
1.1458135863843977e-36
1.2296387037297322e-19
1.853613535634843e-19
1.1545017467453897e-15
1.0649444013135414e-20
5.477892823998864e-23
1.095103744580517e-11
8.026393898891536e-23
3.835237020208597e-19
6.133474445165843e-27
1.1333924874675273e-33
2.206769164864629e-63
2.7564757024320586e-13
1.722144938638503e-38
5.455901366155264e-22
8.236239127249736e-79
2.970360353980017e-15
7.88879284070312e-23
4.939496876920645e-32
7.60833327179833e-18
3.2000365182719977e-16
1.2303636469495246e-25
7.747150682243658e-23
1.6070291896724118e-33
4.2371042925753672e-19
6.545944530481755e-33
3.8244957380703607e-22
2.9524645149155744e-57
6.138197875815655e-17
3.7089128294327965e-18
3.818021001984949e-22
3.2361467359241416e-33
2.7833613832712564e-29
3.1635888837723695e-31
2.5792439457600565e-27
1.8611462450241298e-40
2.887037817247843e-22
4.638512023701421e-31
4.266714455294093e-12
5.294073666044017e-22
1.0595349074344462e-19
6.735882782583588e-78
1.0877162032368948e-24
4.075584042373002e-46
5.494704553652834e-15
4.925407359066852e-24
3.1173784331070203e-09
8.640627647785281e-24
6.082719245149094e-23
1.1676357075523416e-24
3.898720945856083e-06
4.969254504619785e-25
1.122573182699075e-28
3.6144153262252474e-25
4.9529343081177815e-23
2.3325518290300235e-17
5.528738481597752e-25
1.6335184899999378e-24
4.791271902024376e-14
7.140682254444697e-24
1.0297876082404193e-15
3.6268774860344244e-17
2.6040121653474243e-82
1.1540941544105677e-10
3.0273986028955787e-21
1.0150952064777034e-20
1.7453536918419706e-24
2.9052278071117632e-30
7.064315951622463e-25
2.389966637118152e-17
1.3222515435364615e-15
7.83642293671232e-23
3.82095850120802e-29
5.639697414057635e-34
3.726204054727472e-17
5.037366252778494e-34
7.83985004817514e-22
2.210319641093066e-25
6.126683035486211e-16
7.379821673486575e-23
1.3702441711758824e-18
2.8212082063343234e-12
5.0662156522094584e-20
9.45100295779764e-31
2.324902728576313e-28
1.2069031448101908e-39
6.443086218902345e-18
8.760838654156945e-29
7.556066988724921e-19
4.8618556602933e-36
2.281381156913923e-18
4.477682839487068e-73
8.535096987200593e-22
6.906029806421588e-27
8.529769331483441e-28
1.4304753698252403e-28
1.7579874266558478e-34
3.504780768678322e-23
4.3769137281486842e-16
6.9157817920636e-31
7.872415193313338e-37
1.2867199532881278e-33
5.529534564495149e-22
1.1346238035807217e-19
5.492595842296435e-25
2.152338244103592e-57
3.6368787997488606e-36
2.335552831269156e-36
2.230681998890326e-22
9.407809292515513e-22
2.443735016663354e-34
4.123211984966382e-32
1.9379200870967772e-16
4.216063672121201e-86
3.1977691002926772e-27
1.9857156802758514e-23
1.6300480430753828e-22
6.006015255831418e-23
1.095451112378248e-16
8.712005504834698e-13
1.5561291629470462e-21
3.164675979091552e-21
2.199115877582509e-20
5.235627156167001e-18
1.8189644972603206e-36
1.9525858632939462e-37
3.962359179858431e-14
1.2906435284174226e-27
3.2591364948207487e-32
2.962247959152082e-25
3.668552888005622e-17
4.301534670740307e-30
1.6021570534495395e-71
1.4757601311258472e-26
1.684607181073967e-23
2.9790898429723845e-19
8.061048330990852e-17
8.203466172192726e-18
5.612514979355717e-67
5.070527569274047e-35
4.4995033378760694e-24
2.7021145318755794e-25
1.1440615717737303e-25
5.17033042595882e-15
4.106795547058419e-23
2.5050162960715456e-18
3.189651648979062e-38
4.1831543713004625e-37
7.949886231458391e-19
1.3674331603808136e-14
1.101196726786844e-18
4.493218742868092e-19
7.38655681161075e-28
1.102300309673457e-27
8.721652409763438e-09
2.293976057500758e-12
1.2971434162149802e-72
2.2277227318202873e-25
6.98549347674333e-32
5.436643970887791e-25
2.489273241316722e-15
1.748442914979856e-25
2.2625312081520495e-23
4.693293501477255e-86
2.887365850526988e-19
2.301911218610983e-21
9.818584407567921e-23
1.3785665000859956e-29
6.809990915631297e-26
5.552840460208053e-10
2.146210409999303e-10
2.5314825792402757e-17
4.77055832686894e-25
7.359095651450851e-27
7.454579336549718e-24
1.1905572782739231e-24
1.2542243337992746e-25
7.841252187076728e-28
1.963538235760934e-23
1.590561991088399e-31
4.883625448666047e-43
1.6197735434478902e-16
2.843367031692331e-23
1.640609249400978e-21
2.9819655693925824e-40
5.541505723791738e-19
5.210499849566954e-21
1.0344371575804917e-14
1.6595889633793436e-27
7.498093653487898e-22
2.4154831079614593e-24
1.10924585286171e-87
8.70814688381033e-18
2.428839730601013e-25
1.0812230102018e-59
5.461572475542156e-19
3.6286501424653757e-17
1.7793264313955072e-16
6.857157554741961e-13
2.8123086533329836e-07
3.664183245094797e-13
8.543520074045261e-29
1.3788170584215396e-18
2.126262767359662e-45
1.2425076001714247e-20
1.4888356475585139e-46
4.664610310346482e-29
4.5303683943060044e-33
1.5115500684095466e-43
2.9389720116630463e-16
4.274494657254458e-21
2.7183495492171833e-78
5.991278003208666e-25
5.133026786039038e-21
9.481235636686342e-18
1.403713598176588e-20
9.469384631739746e-75
3.6923621032717396e-25
1.2688429042983206e-17
1.210229809081554e-30
1.2221651995812272e-24
4.0245755866821895e-24
2.4909341785489867e-24
6.680947841627892e-29
1.3090020000792964e-73
6.861122767663269e-32
3.765538865582368e-15
4.503126370225996e-19
2.4085945399228903e-48
1.9415337303759947e-32
1.4958846189779337e-17
9.963413757761204e-30
2.5417196397805994e-18
7.112859994451332e-19
1.0852611565241586e-25
2.545267659054917e-25
1.8433009179503435e-14
2.513077397954983e-64
1.3378119481916766e-21
5.076193351880343e-22
1.3595193577532986e-34
6.979494285674818e-21
3.639091414207314e-22
1.400142697707677e-37
2.1332812767483692e-78
1.2324404518995296e-26
9.566140875142213e-15
1.7010579675695994e-46
7.159799726670915e-23
2.2716314566821557e-20
1.4380058874216544e-21
4.160007409262643e-28
2.673445060539104e-70
7.325930502035971e-53
1.262269223019145e-17
7.520660846036971e-23
9.85192585866018e-09
1.1901055454879693e-25
5.760426932858615e-28
3.317883802471679e-21
5.1343555801227706e-26
7.084186274766694e-19
1.2891426397395137e-34
4.4785836348329485e-17
9.115554826725671e-20
1.2716342498058795e-21
5.591800912719109e-40
8.057647867023817e-16
2.2712302889198593e-36
2.457443464550549e-19
6.963928708943503e-18
2.7763894200914537e-11
8.346353179417922e-15
8.390385766541266e-19
2.0800184416141825e-26
3.1308900005997726e-17
5.9070910410632685e-24
1.0264212672109713e-18
2.8054415390903453e-68
9.730442601240068e-09
3.421192667345774e-19
3.147360133722313e-20
2.005045074465402e-07
5.401824151584774e-28
3.2695838872917895e-09
4.397778406386605e-25
4.462860909420792e-21
7.432280918903913e-48
1.3143265894950166e-21
1.9011448149627895e-31
1.6899852123685496e-23
2.8233097669901988e-12
3.8682245330391104e-22
8.567208091201461e-14
3.785550754468458e-21
3.0292949711878216e-27
2.1877914422745766e-17
1.2628894146799009e-24
1.2448222416902012e-09
1.515010097113631e-20
1.0476727056044415e-20
7.911691023196495e-12
2.2452280050417487e-35
9.410595925591866e-23
1.1673056886161913e-21
4.728217608597002e-38
2.2889780226202713e-27
8.200547004864713e-15
5.121288713429778e-22
9.06410620051816e-19
7.706580054104506e-19
2.09780193238678e-30
6.391263577948043e-23
5.53127713212457e-24
1.879551953215338e-23
1.4638033035725477e-67
2.4395100879825154e-07
3.356770754062293e-19
4.018637529504979e-33
2.1698424525011945e-25
5.047930479882364e-19
8.42317993508717e-71
1.6035889760884047e-21
5.824182238296985e-78
1.5634079516875911e-16
2.546959431771079e-21
2.658127289732789e-22
1.1136495634473649e-15
1.211816136695742e-27
1.3593103392917118e-07
1.7757250247936728e-22
4.061582686993705e-17
1.8349391277279866e-23
7.042894359201791e-23
6.3024272477352125e-22
4.1093061959178412e-19
2.2085308565065966e-26
6.078730192590274e-20
5.8549947972238946e-24
2.1808877430388784e-25
7.664402013873684e-36
1.612129899542984e-28
3.885991456289995e-30
2.650057285578226e-21
1.6401310574743419e-24
4.423752020360971e-39
6.543312753378917e-24
2.039321337280323e-27
3.871635823966374e-33
5.074399503417507e-27
4.73728598704243e-17
4.884340245977302e-27
5.278759569635664e-22
8.718670249065313e-28
1.7034638969822688e-09
4.426153345135149e-15
2.296059110245745e-29
3.875407753247597e-55
2.8712439067263215e-19
7.883975648183094e-18
2.088904813121296e-18
5.408295916661561e-16
5.0058196852377326e-27
1.398297632630961e-31
6.050723695909487e-36
1.2066155373147472e-31
4.660860403711423e-13
1.6895681807434737e-22
8.370522858421825e-34
4.9776027886065405e-36
4.8485572028984293e-23
1.725983844053919e-15
1.234660858714403e-25
5.7234446867122565e-18
6.730444972668839e-16
1.9458723399851773e-39
6.173999438218894e-25
1.7769328183986456e-24
6.848275118860839e-25
4.3739737658709923e-23
6.753895776388147e-24
4.218784764771575e-22
1.1643937792638186e-17
2.7070266732826677e-46
1.8238003744035548e-25
3.3744281422876085e-18
3.7132837770337125e-44
2.0936690629893755e-27
7.096695556642023e-33
1.3035822367934279e-46
2.3457019632704744e-22
2.1208516417537684e-22
8.086815813392911e-08
1.6755338151164648e-21
5.541021640819786e-21
3.4472045089514604e-14
1.0060143270806e-25
6.988397201127903e-18
3.2925433920160693e-38
8.112638824289832e-64
5.804675801852426e-12
1.4522939802064799e-36
2.702371969783327e-23
4.954798082234922e-76
2.740486341336699e-26
3.266910275667026e-30
1.1435105203117914e-27
5.717366105711111e-22
5.04926231538492e-21
3.100042817867059e-31
1.770779105824606e-24
2.5682229016448157e-25
3.511585200351634e-16
8.036236245005667e-35
1.2079874555249833e-52
9.33324984895981e-30
1.3087289792134605e-22
1.6928056463639226e-23
2.2426873843610154e-32
3.839244842201436e-24
1.1409515777447886e-41
1.6894796940340838e-25
2.143758945697109e-26
4.449098586956547e-34
7.663833255237202e-17
6.520420695869021e-26
2.7544138596982932e-19
4.067084461173987e-25
6.791448577535155e-23
1.345456372224347e-34
1.0538009823572916e-28
3.887830600240187e-20
3.40190963320514e-16
8.403797410018081e-19
4.1357111543175735e-27
3.445011580851478e-48
1.1571553861303711e-08
1.1979468136159692e-22
2.4449643107622752e-09
3.90997935012691e-36
6.093735540149782e-23
2.848735583129211e-25
9.572713134047318e-35
1.967384744280309e-17
1.1513660749367601e-29
2.2521264618663056e-27
6.5714041988348075e-21
5.57532315742603e-22
2.159907194102693e-68
7.51594913422401e-20
1.0885700578622562e-08
1.6235298869940657e-17
3.349027932359823e-42
1.63301283317158e-25
6.144097375519432e-32
2.749793559389363e-19
1.6800678670081672e-19
3.48202995484699e-19
3.8361222137750396e-28
1.5407027975440875e-19
8.312040818157939e-23
7.935747462730009e-22
2.1771844093072103e-23
4.575680233162982e-31
6.99025927540816e-16
1.0215424495401419e-39
4.4249554459221175e-32
3.895333743499506e-16
8.354525175275665e-18
2.0187109220045382e-20
6.737823785557123e-45
5.051996916075089e-22
2.2657332262234766e-19
6.417987309894041e-35
1.2718881441563569e-19
3.237878251251894e-15
2.095005575693149e-15
4.819455822941014e-10
1.3832149850566194e-30
3.932233536783886e-14
1.2420763177627071e-26
5.82136037705387e-19
4.344224236026327e-18
2.3520091811133305e-21
2.1875115637598894e-21
4.4604301420285485e-23
2.018693759000938e-12
8.735663361214937e-21
7.726427849809735e-16
5.869761109966641e-15
1.2935575482841905e-16
2.003754199726969e-31
3.091401170487218e-08
1.7738487780657261e-25
2.0549352966366086e-17
2.1195286375880314e-23
3.859685696816816e-31
2.338852813885558e-21
3.2905084990448736e-17
9.07434515435066e-21
5.807079285718774e-34
4.2267591593587465e-34
3.857960749730344e-33
3.000566518743563e-17
4.3443039166002255e-08
2.956831208902434e-19
4.1176321109582153e-75
4.0888647602079432e-19
9.868615131591032e-17
2.4522747222723837e-19
7.534149097119823e-16
5.424164694454636e-27
3.8648500573091755e-16
3.619212233151562e-18
3.8351637569478383e-51
1.4305128781877277e-23
9.001054366832981e-15
5.3902409718354376e-11
7.877380882500907e-31
1.254881636091626e-19
2.392738102390643e-19
8.884176834271758e-25
5.559536973839049e-23
7.314317648503718e-13
1.405860791079224e-20
2.6334087749242797e-44
5.8642822941920426e-36
6.298650307474485e-29
1.7917929003126145e-22
1.946286941632684e-31
3.1513222908073006e-23
2.8665892101549016e-73
3.4561126578899556e-24
9.095855252170013e-34
2.178303703103955e-45
4.34278959000139e-30
2.529466034942408e-27
7.471718089420142e-21
2.808909180543582e-26
8.376994142481266e-13
1.272404430029161e-14
1.4209075569020953e-19
2.3438042090221637e-29
1.4620765318186314e-28
5.975167741244183e-18
2.763249581983158e-29
1.4029018962191393e-18
1.365629287902571e-41
1.3079194064938612e-11
2.0562052004107542e-29
5.096717446642939e-27
3.1480991291169643e-21
5.0084273856322074e-17
1.256247495664109e-17
4.769260325634064e-24
3.2167161345744795e-45
2.184228922653164e-25
1.59217650803265e-30
7.937630283656135e-18
1.7846643284481605e-20
3.504438502123833e-71
5.8096678234235264e-30
2.5547611373731905e-77
4.3396742096950977e-41
2.264896142764622e-22
1.0728854928320542e-17
6.960430248093965e-26
1.5829289247325653e-24
7.736016499173524e-12
7.839867816698544e-96
1.1572932046748266e-36
8.527876931671497e-31
1.6965506705586447e-19
2.0346854753628462e-27
1.2836019072018057e-25
2.6084699339859087e-26
3.696099166522607e-35
1.11920356457961e-30
3.3102874107243546e-15
1.1492293945155031e-73
5.429011275261595e-26
4.836079037400398e-22
3.739805940629944e-26
7.640047209833269e-17
3.0375703695194057e-21
1.533004724751498e-20
4.052768647690989e-34
8.607706609741264e-24
3.333953511049171e-19
2.369013121138848e-36
8.7388110045051e-23
2.0306823734927902e-22
1.067380315134423e-77
3.0751044084234174e-21
3.544152107888854e-44
1.4752645007089318e-36
1.0070557683622416e-06
4.408553056230097e-23
3.6702288190104954e-27
1.7557695911081153e-62
3.890155158805227e-32
5.916666280041906e-28
1.2527242094480478e-46
3.52974430715565e-38
8.200014498935207e-46
3.6639547079784247e-29
5.052324812246982e-20
6.880880430179433e-27
1.2260306212520801e-21
1.149540895529274e-22
7.6694108763275325e-34
1.183938883114027e-23
6.576416501834487e-26
6.5697256842726e-21
1.3287728498631396e-44
4.500912712799362e-15
7.28112470140865e-24
9.820629578254165e-23
1.483078359564326e-14
1.4649988609783681e-28
2.641670352822555e-14
5.653939147621918e-10
2.6890663245776757e-10
3.492701262800421e-17
8.404858209788115e-104
6.481088783554655e-39
6.21784615271368e-43
2.2331700901586355e-17
1.5463650842067016e-12
2.3306081837624603e-24
7.38685408013684e-50
1.0267171580965014e-25
6.407809396636604e-14
2.6210635348736977e-17
2.0452687928165845e-34
2.3367160437655734e-19
2.3022638258009947e-32
2.1630210640302898e-19
1.35691595693155e-32
3.820231419600791e-24
1.929165026125346e-20
4.578141397355362e-13
2.495902753243882e-20
7.24107330370945e-20
1.2085449607284544e-30
4.747883089625045e-13
5.53344308848875e-26
3.8753446683290915e-72
1.3571254693061028e-84
4.655721705084395e-20
9.722160449006874e-58
1.5237640975715051e-15
1.840462068250107e-20
9.312055251408144e-36
8.46552595277543e-14
1.2511077268917733e-16
1.4637390395853358e-15
1.9543128382596584e-38
1.116785286449753e-21
3.5213356786329566e-23
2.1069692689416627e-32
1.0385616431043025e-33
6.234091992598516e-78
8.763849701359647e-20
1.8757735657858583e-41
1.1314712264447507e-38
3.9478743319341823e-66
3.702116464669016e-33
3.2193422992658233e-22
2.6642186311559745e-17
8.458149787196003e-20
3.6369335131146926e-19
5.447233148458678e-35
6.825785954715232e-37
2.088109260377047e-10
1.2109564588617152e-29
1.7854711024391503e-22
5.619889529835177e-15
8.47024369010932e-25
9.288157746496881e-19
2.2434739710229235e-78
6.175985278497088e-28
1.649847207805003e-24
2.3852189415280547e-15
9.965292259703818e-21
1.22499529782534e-30
3.804773728655345e-25
6.304866715163184e-16
7.966521385672009e-17
6.045407046603607e-89
9.048066666101228e-11
2.774750612008393e-26
3.762521941908423e-11
3.0649321770474946e-29
8.619111415932547e-22
2.50912031786857e-24
3.4137162007020175e-30
5.532666971707008e-27
1.4326557037042825e-30
1.047126433316488e-25
4.332649093878364e-33
3.709973088967132e-19
2.60968269793926e-26
1.0738076454100165e-19
3.4941099682576773e-23
3.922723243857734e-19
3.6538305413914236e-33
1.860416767651473e-66
1.96975008873031e-09
3.459136425578878e-18
1.4215285955794693e-19
2.3857121823113576e-22
7.520215041796196e-18
2.0090261253864442e-44
1.4434310491735969e-39
3.8521469935278975e-17
7.080565397065243e-24
4.30827075828716e-28
3.934877705497207e-96
8.384529502756628e-17
1.4522710332192838e-30
4.2343964969816826e-26
1.6438081010833226e-26
2.1773512981549076e-34
1.1556414867240044e-12
1.760696388277154e-18
3.297951536642108e-24
4.438409464404899e-25
6.390012306803699e-16
3.7269450454741554e-24
7.240152440016671e-26
8.287084598015725e-17
2.381020480401491e-23
7.694122037180483e-09
3.640568094579376e-17
3.570243537512986e-15
7.877178933902328e-28
1.3716959809550085e-32
1.713404054992928e-20
3.232483338682322e-22
1.847334277565046e-13
5.159603833600813e-11
1.1728127996626547e-09
2.711676832551508e-29
4.4925326075412426e-20
1.3241436550132605e-16
2.5294567109102457e-31
5.930568107620053e-19
3.171864520547615e-70
1.073585727116733e-22
1.660533740838222e-11
4.694035053925757e-20
9.697405070624252e-31
2.385148485218766e-20
7.040179833032812e-22
7.32151805600463e-21
3.672494783579291e-27
9.58010804238105e-22
1.2816093099442656e-11
3.06693942472065e-24
2.292344993815987e-25
3.0633171962499727e-28
1.8981623218195546e-69
3.0997415021000726e-13
3.2178157813476826e-32
1.264737039127889e-22
1.7376055784920235e-34
1.757221746242563e-22
9.592127384681434e-14
3.7999643551377666e-22
2.857656412723553e-14
2.2382288261709794e-23
4.744205640142415e-64
2.5078488742504436e-27
3.0160859913876038e-33
1.1933681258735507e-16
4.3985034408004493e-20
2.1224753136134038e-29
1.6294714135708134e-27
2.8951657434205374e-11
1.8881604626543988e-21
1.118719458188219e-39
8.082092295299183e-12
8.326789480396482e-35
1.2240759784926097e-24
1.6877276407487772e-20
1.1215939705598144e-12
1.9555065715668873e-18
1.8262056356128e-22
4.681950188099157e-25
2.8220523806997687e-21
1.4226459707694175e-43
1.4673756169537582e-16
1.4215367994304518e-14
9.005086276510452e-37
1.9130966462199212e-26
2.6232227366319734e-14
4.6303626399939996e-21
9.944753307645706e-83
3.969372640091526e-20
1.0310967407724199e-35
1.0341689098191632e-19
2.0495217619303724e-34
3.950310300273961e-14
2.2307023884291e-19
2.4171991432785804e-33
2.5722612179375147e-25
7.083070510499387e-11
2.6976189008181637e-71
3.3748874079904834e-27
4.0185703648140306e-25
2.072331059758797e-22
1.9996250335681968e-14
6.395054643117003e-08
1.1891904960738779e-23
1.457163537578053e-32
1.277206592182189e-16
2.2002369075532266e-19
5.523469097335914e-26
1.0651859228421757e-28
4.132048323669371e-33
5.5539540961461726e-15
1.924684240772668e-26
1.0824257904167404e-25
7.941429844628998e-76
2.497483292386996e-33
1.0149662304046293e-31
1.924247119065512e-18
4.811750014449335e-25
1.183784679506418e-21
3.0868368887954194e-14
4.927670232470245e-29
5.932485191538731e-22
1.5323590027604427e-18
3.0396139551799813e-23
1.5117046746340885e-22
6.889263214821928e-30
1.2777199206157176e-17
3.724557132677645e-29
1.4465204955492389e-19
8.440923394122303e-28
3.650924945630509e-22
9.717717400258819e-38
5.328513380908305e-26
6.373594142772255e-18
2.805299518065329e-26
2.142218282470218e-67
1.7834649527710803e-35
1.0304647078922586e-19
3.433281713168107e-21
1.1083314994856264e-18
1.1167772139925462e-28
7.174506765201384e-68
4.651773426620332e-24
1.4754574689938822e-15
1.5150763269382278e-96
1.1953248113157267e-58
4.3786701815962444e-24
2.040922622388765e-81
1.4622529715804443e-07
3.448012512933873e-32
6.296755210135767e-18
3.0208472147098858e-22
2.109731218677853e-14
5.426663063660691e-13
5.767258677712401e-27
8.712758321050136e-19
1.1650010744071752e-24
8.081870121059269e-24
4.2880911340127075e-16
1.2963031062776853e-18
4.331031679949552e-23
7.952339204709539e-20
6.535493185685324e-70
2.5481069390892046e-31
4.958205356231083e-18
9.596918116380353e-21
1.8550260454635699e-07
1.0189852579981033e-53
4.982410383567256e-86
1.220854416365112e-17
1.770035837994342e-21
5.334080623049211e-32
2.7685262542523958e-30
5.763272969472135e-32
3.619875218090618e-10
6.470078131660175e-17
6.705252583822649e-19
4.523637742348163e-34
1.073281877603904e-16
4.610931663125788e-70
7.346618788804e-21
1.272709308147136e-27
6.716502722938353e-33
3.4123508913028707e-26
5.551273284939656e-26
1.1540944501274863e-19
3.7173280155274874e-27
6.224699496502199e-34
4.54955688639129e-31
2.1904212838981047e-33
6.6530380933276285e-50
1.4600817121126707e-22
5.409788984363784e-10
8.79086062184341e-24
4.8542632430151756e-27
5.996748283676457e-35
3.074796305729387e-24
1.1020320298022204e-62
1.2305885076282783e-27
2.0192211142448975e-73
1.8447790569165652e-25
7.47413396727568e-32
2.480259028232248e-24
1.1295289439896257e-61
1.8419275833114792e-27
2.1172421919341162e-22
4.713296191549053e-15
1.5408768926570928e-31
1.2173330114713712e-62
4.4731924605990624e-21
3.8573786935479208e-50
2.960813102456082e-17
4.2308499892016594e-39
3.281360729691978e-20
2.9360295612229674e-29
3.9606556886706565e-18
1.0878197031336233e-65
8.187940595471805e-35
2.9932738368736186e-18
4.931089694732551e-27
1.7578551763936695e-25
1.540439811025687e-75
1.2947897803283083e-23
8.543201481972304e-43
1.8084725357463307e-23
7.144647177281125e-14
4.411104866915636e-27
2.3783841385831434e-19
7.4982929536500195e-22
3.420382723482272e-23
1.6925092352813434e-16
1.2105914736030756e-26
7.81559923870615e-07
4.7399598710304145e-18
1.2917194024366423e-30
3.568793139570525e-52
9.115428793353481e-21
2.716757124801497e-43
2.410938338708734e-30
8.483232323134805e-41
1.3023281934606253e-28
8.959102439769523e-30
4.6358813611000934e-42
8.229417511106578e-19
5.115453144390854e-24
1.0702306548254496e-64
7.861523824061895e-18
3.7599469206027823e-22
4.005943965521203e-19
8.674214959813778e-15
9.621970243323123e-27
5.940111812224526e-24
5.515791919943648e-25
4.8907568115546566e-27
7.272623409447603e-34
3.376393631204397e-23
5.129964636524554e-17
1.4519561763481153e-23
1.7273368904809219e-15
1.2489364616993424e-14
5.961751952624259e-16
4.684402785108064e-27
8.841502458794064e-20
1.2912454861462912e-13
1.6365025656241336e-34
8.75260950840667e-21
1.4323667522849659e-21
5.911839187637535e-18
1.1807813713099602e-08
2.0850430472489e-29
1.754894916372303e-27
3.236090714052982e-67
8.593448396553544e-10
5.121250050913453e-32
5.494089823988054e-15
4.428801636949784e-24
1.2311940260934631e-77
5.6578780246859614e-11
4.298387528743247e-26
1.1111660913950307e-21
1.4940620665295554e-21
1.4222901623068671e-27
1.426644833992993e-79
1.623735326370689e-29
1.5928448494907145e-50
4.398549070715915e-74
6.887574575368557e-21
3.9733235954133114e-22
7.51540324943528e-24
7.580082924583204e-19
2.6440879377687302e-12
2.4040817821182286e-23
9.09409200078273e-31
4.164076059286204e-30
7.295566570745233e-33
1.3184051399002817e-19
1.1479302857311536e-18
1.2082205934421311e-14
1.6191503521444372e-40
4.703531213359091e-15
2.812904894226305e-76
3.1861621162693906e-30
3.61120096128085e-20
3.5628170235416136e-23
2.0030913771637343e-22
8.310448040172626e-19
2.742752108892849e-19
1.3070181351206797e-06
4.586798820858468e-21
6.889981672366004e-30
3.640291194596229e-18
4.436067007828256e-18
3.991006419299626e-23
2.340434686578134e-32
6.451373545831984e-24
2.1531573262063704e-34
2.3237615916549168e-27
6.6420849865991844e-18
1.1835392585572672e-60
1.2507758758894145e-25
1.2004128678779677e-25
3.9610027445162605e-14
2.6294308096030217e-29
3.913909447286932e-23
8.289174265637986e-09
1.1312451538386451e-19
8.91692222829947e-38
1.9148645940744182e-53
2.303412927898571e-28
3.289628599998643e-27
2.9749210882155756e-32
1.1243191188170742e-21
2.1373050513905118e-85
3.7473619632586545e-67
5.957104901929006e-21
1.4663419126421474e-16
1.4224637403617147e-25
3.3772462572265124e-23
5.337951614027795e-24
2.529547253775029e-31
3.6038358884039666e-28
3.5472447120657583e-16
6.51422183725682e-21
1.500545684723818e-18
8.58276919864525e-28
2.206983901676985e-75
1.77643253523434e-24
5.3050105286576256e-17
5.4228393858848136e-36
8.328641108730395e-24
1.076847060253749e-29
9.43563429410194e-25
1.800496888456732e-26
4.9036809686177956e-29
4.376083995606518e-22
2.2089217693492537e-15
6.277061780918568e-11
1.1128970506123107e-27
1.2840423875946614e-19
1.5957406630376804e-29
8.526163532394822e-29
2.819929895218354e-32
9.302517369459928e-24
2.550075939954276e-39
2.388461963302745e-31
1.0360282639438233e-08
4.66609559113898e-21
1.1327386277665429e-17
5.0201786879508494e-17
1.3401992189737792e-25
4.1339157037184004e-17
4.131622284094522e-37
3.38544264976375e-09
1.0038286301608064e-71
5.922304872631217e-26
5.9953310794155e-17
1.637232421786204e-22
1.5733610342719587e-26
3.4779397813148956e-23
2.1097656247110448e-18
6.38409670310154e-73
2.3246885498461883e-25
1.197397257845262e-22
2.2556317958057595e-38
7.568043503195959e-32
2.018950760781239e-34
1.535464347540205e-19
4.52473320779963e-25
3.301785711533263e-26
8.678630366142945e-32
6.615996514935488e-31
7.573490501584237e-23
2.9531969697584425e-44
3.4456193445661454e-17
1.2546693588721593e-13
7.652299929112031e-22
6.842197430428718e-16
2.985258983348205e-68
7.723148919283663e-22
7.920299521989698e-07
5.388245836149015e-08
3.3063854894649623e-16
2.2711387022446003e-23
1.2848340243377227e-39
1.204066168419543e-24
1.7531164556517734e-17
8.933954418125906e-18
2.3331874410679563e-08
6.613325027327205e-25
7.3374235247958e-27
2.0372745895597043e-10
4.079721362358273e-24
1.014971089869837e-29
2.617907058979484e-45
3.5220186044766268e-28
1.6587547833519864e-16
2.1248532573072445e-41
3.3900910149806656e-31
2.3563641673702053e-20
8.66109558233121e-26
2.0637806095810415e-26
8.651899824951544e-18
3.6558222714591745e-24
2.1832131586106346e-24
1.7160336121786672e-08
1.184290764985524e-22
1.276145676560449e-13
2.0317756683671855e-70
3.415275245185369e-64
4.936943697260729e-23
2.4044048378021882e-20
2.025143010961413e-17
5.777586351314036e-15
3.509060305352207e-29
1.2036453819887854e-17
1.9498855434160743e-40
9.494097133244401e-25
3.621056211837457e-16
5.070700785141595e-25
3.619738780332321e-34
5.2654972131976336e-27
8.903434043575366e-15
3.142402426666334e-19
2.163584251451531e-24
2.1241668509101885e-31
3.915554481901339e-119
9.521309689112163e-19
2.7125477810034546e-59
2.9921388108680736e-27
6.38900998735354e-32
2.7062116779263254e-18
1.2766629629629907e-20
2.680235875586144e-21
3.822311893229065e-30
7.062434810740092e-15
8.193623771006395e-23
8.185998008763576e-21
2.4916328608735285e-16
3.2864626139780256e-36
8.022407869760693e-26
2.336187992510643e-29
5.475948859625362e-13
8.961171481340521e-29
2.9366576772299804e-17
3.1108312186708115e-79
1.7562339293986762e-38
4.988647125204012e-20
5.7814700264751935e-11
1.5866521083599997e-15
6.613964867152837e-29
4.0703122567430905e-17
1.5595471047738138e-38
1.0926892347666538e-36
3.026911877500619e-19
3.971578572021369e-21
1.8601622397392648e-28
2.639280694070704e-23
5.9994954134340446e-30
1.6492221808545224e-29
2.55443859499866e-38
5.2512598831337647e-20
1.9331132493034553e-29
8.327617125695599e-29
1.5860634472755435e-12
4.969282016031923e-15
3.760814441478452e-16
7.109942263298925e-20
5.214189129816476e-29
1.3994876390445056e-18
1.0559634303331944e-19
8.429337029926952e-36
1.8445355380432103e-22
1.4952997790235942e-19
3.2965702090096683e-84
4.448615469913797e-15
2.1947335002185614e-11
1.0979573286068738e-24
2.5836044012139944e-14
3.182668292827739e-22
5.99956843705291e-41
2.4801251797608156e-32
9.509031420070991e-24
6.641814129830369e-41
1.0080464860616738e-23
7.271741691658779e-30
2.4772945469436066e-19
3.454302555262687e-74
2.170175462039046e-07
1.3267201985913646e-14
3.824446251670556e-21
9.535157064151455e-28
8.08076797324922e-34
3.353587401270311e-14
1.908123582431806e-21
1.5871159802516617e-14
1.5836422329960147e-23
1.9453089475092644e-24
1.2411016729943555e-27
1.917644244070723e-20
2.3044614082367473e-23
1.871538009689861e-06
8.552386894505916e-17
1.5356792830550496e-23
1.5034156680641877e-15
4.61879607568533e-22
4.8095984994380106e-27
4.913627373383722e-17
4.418279751121443e-22
3.208660081117086e-78
6.0890243385193186e-21
3.1491888259530426e-19
4.3922211647684245e-18
5.867994430659693e-25
1.4685177895028095e-81
2.3258436354971737e-23
1.5453330356597004e-22
5.772198794771136e-09
2.968802048681776e-23
5.824082312937024e-19
3.703194645707857e-33
6.872968546782953e-33
6.668388436517117e-27
2.819523264277042e-26
2.2999031304001567e-39
9.444183865827038e-16
3.04016338885237e-17
5.300093368584191e-32
2.7687678883277477e-23
1.8724466104250844e-38
2.824655706628333e-35
2.736521891110544e-78
1.6172288929118814e-34
2.1154869360255088e-29
2.49141653165205e-24
2.1244562968167495e-13
1.1344217529058458e-21
1.1757801147579869e-17
5.370499031057419e-26
6.149487162403414e-28
4.85352815477401e-20
8.158854968905716e-23
1.941122583153622e-56
1.407181803249254e-13
7.963781717150689e-21
2.542745744434723e-27
7.381048561492587e-24
3.404869187875818e-09
2.8764729056345187e-25
1.1935093226201255e-61
1.0044586327583547e-27
1.6839052884167604e-17
1.74839154674057e-14
1.8105781405328696e-28
5.036504407332234e-22
4.223112159250178e-43
9.19049199321839e-22
1.0128542899052068e-42
4.728096392318956e-69
4.276786961320355e-14
1.50517600203757e-33
4.4641597111308e-19
7.354465823852006e-21
6.13961974935669e-26
7.781035931244823e-24
4.45905388083558e-37
1.081971919055834e-31
1.5466741569588538e-25
2.0851029567033877e-22
6.719607789889907e-19
4.69725031867643e-25
2.120509287910606e-32
2.540806156489432e-27
3.562681206239381e-25
4.766908606998314e-25
6.448329382140782e-93
5.192191364480041e-76
4.339190144962409e-82
9.103121734611014e-22
5.474498200122636e-15
2.382709067917804e-09
9.098366309618467e-12
1.601286349428415e-18
1.9017861133154624e-21
5.0033548708672897e-20
1.6744758154916027e-20
8.163367147353295e-22
5.866428753170936e-20
1.1037338640471114e-17
1.7877303000276284e-73
7.586671212192932e-10
8.367807377222201e-29
1.0082919697581849e-76
2.295492941072919e-24
2.3440190343159194e-08
3.106911901329416e-26
2.52117069230601e-31
4.266284039806626e-21
1.8788972502026946e-08
5.78698448175343e-28
5.349518602474812e-33
5.1794948218658555e-18
2.8889001144850006e-90
7.259645022763604e-39
6.46098703406215e-13
3.0284929875121395e-21
9.351325503487288e-26
1.2844493506996178e-14
1.1702249690865985e-75
6.366590028513605e-21
2.2498099506700967e-22
1.578424465231928e-12
1.5733057262254597e-14
5.496094733281733e-15
9.563498167658598e-25
1.7074203805927581e-28
2.8416811055097024e-10
1.464775659835926e-26
3.195854851896295e-32
1.2948516898865161e-23
4.473040635450217e-24
1.2895804133975053e-18
2.986946737970063e-32
1.8390760380946857e-32
1.2943864569901448e-24
6.391263577948043e-23
3.9534547593324386e-14
4.888947601771111e-16
4.946666433811666e-22
1.6585468678112384e-19
2.3061252357140035e-24
3.186784105854654e-20
1.1100014921483258e-25
7.298693826548306e-15
2.3046263646908385e-33
2.2061214257765003e-21
2.532261833593437e-66
3.9907684744250956e-40
5.255165193823807e-70
2.293767502191965e-19
6.084974330753793e-45
3.591766939077332e-32
2.189156187390476e-21
2.2491209953076827e-22
2.879499797973869e-35
3.1552458993177112e-24
2.068962877775083e-09
3.6240483846918234e-37
1.2091847402677798e-33
1.2669084009409455e-23
1.1612519127189327e-18
4.919907942157076e-20
2.486586142830735e-33
5.126748223091169e-101
1.4547903521561798e-41
4.3449931734512597e-60
3.1308067325780413e-24
3.1267002684310367e-14
2.4373976141854257e-36
2.8653619913523535e-26
8.972194566651006e-08
2.628987767861623e-16
2.29824701160599e-22
3.3668636932282817e-15
8.337712587732544e-18
7.66041538944891e-32
1.8005499654862304e-21
3.739758987109899e-44
1.6763883630252369e-22
3.269176370256706e-11
9.57363981479642e-24
1.1892877670428015e-22
3.379283674623914e-19
5.052634576872232e-22
4.766314102761367e-70
1.4736521836687472e-26
3.477908537274501e-17
2.880935244063122e-12
1.7483137870286743e-13
4.5739754530680894e-67
7.102329021586554e-26
2.0147899737188032e-28
2.1102435534093484e-17
3.737735854876444e-15
6.452234244576372e-16
2.5644823215880677e-37
1.410744045345583e-21
1.389999309602607e-17
2.5220402053056052e-26
3.790594581075155e-31
2.894301081836549e-23
4.087122348663799e-27
4.0928298316799717e-32
2.8571549434493665e-33
2.0990307083260673e-37
1.3372517520265234e-29
1.02522407139666e-31
1.571893455499817e-101
3.9274513387896814e-20
6.107153815559548e-11
1.2000968414367287e-32
4.1696254188847685e-18
8.232692665166965e-27
2.2102654505361876e-38
1.944932187641342e-25
2.994076446844951e-21
1.3592769873580433e-26
5.126696433489627e-12
2.6174847426664512e-20
6.185108051948696e-19
8.72197828561748e-30
8.781120150339134e-20
2.57576975404921e-40
4.9942588907229845e-11
2.7490317744545707e-19
4.5959738932286335e-19
3.362737610171624e-09
5.119617940745531e-35
7.452463308665991e-21
5.067435813429316e-35
1.7356295596141023e-26
1.8111400086991796e-72
1.2884480340468984e-13
1.491406607200676e-67
8.849464732837914e-12
1.8771693289283166e-19
1.8914831894161546e-20
5.736130723140407e-42
6.440992127290949e-17
1.3293068313229937e-14
3.0019274576747512e-27
6.749486543225528e-27
3.710905487010809e-31
2.785606629770389e-18
1.631770037615016e-26
3.744471408790593e-42
4.8229026860084853e-20
6.735291017613131e-81
1.7029107615051254e-33
1.0491181646509335e-62
3.092377822551983e-40
4.294269677816038e-22
2.4979298904477088e-20
2.055531218545309e-24
2.0408932991463027e-09
1.234354879432147e-12
4.633436734021498e-20
1.2156392786450426e-20
1.9983724304932877e-25
1.2366609179119152e-17
4.6594586111761096e-17
2.3142476529604897e-25
6.276968735423995e-28
2.6804749170022066e-19
4.580149547172907e-62
1.7418222302283513e-68
2.6886186879375913e-23
2.5084584765126548e-20
9.416818217862105e-10
1.246109370320623e-18
1.5830419327776331e-19
7.838250461947243e-31
2.2678372593276297e-19
6.393680373247952e-16
1.5711902509701684e-41
4.7963234782001064e-23
2.938350672318533e-10
9.352464799746941e-16
4.3746636421469185e-24
1.2195233056027274e-20
8.343697328017764e-19
2.453982784461126e-17
2.150395229435453e-14
2.2644910657362974e-33
2.0620349882444186e-33
4.935076304897155e-13
4.498698101744142e-17
1.1966789350022852e-20
3.0199010129750717e-35
2.4374203595773216e-23
8.410354013254392e-12
1.2020970144449812e-18
1.734573863630828e-17
4.185509535401043e-10
3.7358274383435707e-26
7.613961582717124e-20
8.167132948802369e-15
9.162211506192316e-34
2.244511849632644e-20
1.0946936482209446e-14
8.10436561544666e-34
1.053146040188487e-23
1.3844509765054065e-23
1.0938027028339826e-20
1.1148955655263182e-21
2.0099895527611134e-19
3.957009573738391e-36
4.574010641338315e-40
5.6215070381162705e-25
1.1284551886588649e-24
2.9694931285335365e-12
5.749931537017882e-28
9.109295461540529e-27
1.746921127522197e-16
1.2772114918613106e-21
3.1571638419791987e-25
4.999176107257514e-31
4.169472965499283e-12
3.5555750528310304e-22
8.872556830465476e-31
1.4372534013604393e-25
7.949070475179852e-20
6.917697799762611e-21
1.3122142740266469e-23
5.3702635695489705e-12
1.5473948619487457e-38
5.838904026382047e-10
3.611211993953768e-65
3.9796521370616476e-20
1.0006792829975869e-18
6.631511073492497e-30
5.984871372307824e-19
3.677638809603707e-12
1.389197800164719e-23
4.017031397479511e-23
6.220435849223329e-23
9.20111087180815e-20
4.1812431430144793e-19
3.36280492691462e-26
3.828289264313466e-30
8.323718909516041e-32
8.367633620192002e-23
2.904576342937772e-37
2.9202123265200093e-17
2.2815346785025817e-09
3.3210547130398126e-31
8.165678726109946e-28
3.026708096706528e-21
5.031535418457711e-38
1.782805902395959e-15
9.55138271415303e-09
2.6941726721719123e-19
2.9854008070368073e-13
8.956664966724571e-23
5.718735139441244e-25
2.9682373999719135e-13
1.263901248852541e-13
9.913935233308976e-16
5.097114665130765e-24
1.135239542921901e-25
1.6452499279976811e-18
5.6577075385783244e-24
9.649580027560577e-29
6.4771393309894155e-28
8.801572104183272e-18
1.0215301904489304e-10
1.4232534828026662e-15
1.8977285319390863e-16
1.4058758970180107e-17
2.0913927439941224e-26
7.811487827791624e-21
1.2919382579097504e-13
2.7283923005528213e-21
1.8643918871197147e-19
9.456239951472526e-21
1.4651377951343184e-21
3.786053778198216e-24
6.3407674159379295e-21
1.0376338033904182e-14
8.677180990497035e-28
1.686553165584974e-23
2.4888956019469495e-72
1.375646141420853e-47
1.4528909922526042e-30
4.665632976109981e-24
1.5709656306419556e-38
1.1799575909415743e-41
2.2936283670082055e-20
2.142777234463058e-14
3.88505603611323e-27
1.9220323687682895e-43
5.259490344921026e-18
1.0126994066923652e-38
5.345076380379382e-25
2.6184046194778787e-17
6.837638086733021e-22
2.737472051368515e-17
4.5240145982331554e-29
4.28946727334007e-90
2.407393091998399e-35
1.098496883935868e-30
5.985294483286635e-20
1.094257657791333e-26
1.6803020283167366e-25
9.153490692763759e-15
1.0497500683099968e-15
8.144984338306303e-20
4.989288110348536e-63
1.7399060316708304e-17
2.770408623076457e-24
9.490977774426097e-22
1.1333667611927307e-16
4.828447858254122e-24
3.2565255185586675e-21
2.2443835927103603e-18
7.992250924626683e-22
3.5701579437678513e-34
8.121631548058275e-25
8.741632682329944e-21
6.096462233639906e-18
3.45505436155424e-27
5.355624521614503e-24
6.278649133082435e-32
2.904405464200054e-87
3.2158483214072427e-19
5.1792052071717886e-42
7.09545257141889e-14
2.5267581585198485e-40
8.542554176937732e-29
9.704269488039353e-40
1.5783502955701104e-18
8.106002334660907e-39
6.287504462747305e-33
2.9427517816004824e-17
1.541229264400368e-20
9.308916128429969e-20
1.759943138210734e-23
2.4014209628870773e-19
7.080032880689254e-17
4.451378005656715e-32
2.190104924844215e-27
3.9250078383815075e-18
3.531084605028789e-19
9.950980514823412e-24
4.816462376311929e-21
1.9013855792520265e-23
2.2449512382601565e-18
6.541945702123596e-14
1.074745029546314e-71
3.1940321541877193e-23
4.562012799630563e-31
7.222318945234705e-23
1.4685536298559772e-06
1.355582409700798e-23
1.010695739188281e-36
4.292091557914204e-20
4.119325816816666e-17
5.53160355062664e-39
1.1932834791990322e-22
1.1308410255909447e-14
9.555069880444278e-29
3.7878298116916694e-21
1.083690916947934e-14
2.62585489506966e-16
4.512806047728214e-50
1.8986296061308992e-31
1.0084916255409373e-75
5.63483166258675e-26
1.6486639352710964e-19
4.0035697626000606e-30
3.7744742105197615e-25
6.355057011490662e-28
7.972118308651979e-28
3.3750571577283897e-65
9.999777879582634e-13
2.0028701102227244e-18
5.590575010014737e-27
4.6788284246057695e-34
5.418826823533139e-16
6.749675788009568e-25
4.032327018709632e-91
5.855162140920122e-76
1.3318615686753534e-26
2.8855094423995067e-26
1.412539443552419e-20
8.438083561813763e-23
3.048747222054967e-24
1.930187851156232e-15
3.537998704213748e-22
1.607392685509641e-19
3.992088946945298e-24
3.466530583107576e-16
2.970612537234235e-37
1.5014056208495836e-33
4.399695801706729e-24
1.6143338157442355e-19
1.509956700362331e-17
3.0406805572156775e-28
2.394509346257054e-18
9.162174553240943e-12
7.392516535542747e-53
3.594136433677056e-08
1.3872583785651396e-17
3.8457631957017757e-28
3.8588194355099877e-13
2.395658803089484e-32
7.119021442678296e-28
1.5352320621701013e-15
2.9165347506462783e-15
1.846646099735441e-18
1.3889498738333135e-98
6.250958082524194e-10
1.0378445640621845e-31
6.885671101729559e-25
6.130040554824956e-20
2.940510369603825e-11
1.8517813694834617e-17
4.88820065291314e-25
3.1513575348753634e-17
5.029548008662721e-30
6.04660363254745e-32
1.0195456478088e-23
3.7693796878227705e-22
6.829407088112494e-29
1.8347868312541854e-30
5.5350895086614834e-12
3.204241615058803e-21
1.9588447964597252e-15
4.226721891249321e-39
1.4730410415151244e-69
3.7139890425039023e-23
5.635760695902051e-18
1.654979569668414e-18
3.2672179873368506e-34
3.1610507839352335e-27
8.73924764742638e-21
1.9839404179847596e-18
2.479075824401117e-20
6.1354672535828695e-19
1.0604007743041307e-26
3.6174319524734524e-29
8.651413617016037e-10
6.017950411222015e-74
1.8087014560454575e-19
1.2131615405091213e-15
3.947129300336816e-22
7.2067934636047e-30
1.9487598968916893e-62
1.6675912815334762e-16
4.106142286831449e-24
2.3515244855062415e-23
2.6834967682741004e-24
3.750110721701192e-11
3.3656974900722423e-23
6.393602245710856e-16
1.8886960992933466e-19
1.399446342772034e-31
3.9035325661882776e-36
1.4588795276842141e-25
1.7014271423479512e-27
1.1377634166175871e-19
7.333952676280733e-27
5.985627196738842e-37
4.357905480635272e-19
3.6020822872193486e-30
3.6263884355938906e-38
6.547183265404926e-32
6.703129904828875e-21
1.0530460891645894e-11
2.2252511656954265e-17
7.391959832415046e-20
5.263498251831073e-31
2.3296919736070584e-25
3.388592980932457e-25
1.6060936828783554e-10
1.4596960174050087e-26
4.5074605704963696e-24
2.3917867873651688e-79
5.565767281250344e-22
1.6213419742118328e-34
1.2769913153658947e-26
3.1315900321044826e-16
5.803380587141676e-22
6.65283978042181e-47
8.568087579059428e-26
4.590180526122508e-22
9.345265154273148e-37
1.1392197533654323e-12
2.956277272571028e-14
1.1439466209594733e-07
5.66552472239149e-29
5.092834462364167e-21
2.2950203499669357e-17
7.730199115100531e-15
1.3944159792251457e-09
4.0870822959613527e-19
4.57631099355759e-23
1.7136668845478996e-24
1.9645690001484806e-60
1.000820852382051e-30
8.882848517197045e-27
6.91377268277738e-26
1.0694336776624167e-24
1.0455188906844063e-13
4.710590897113564e-39
1.582526487595782e-74
6.172080300194799e-25
1.738664009750942e-26
5.992845493490981e-104
1.589035296323832e-27
2.117193055201457e-33
2.649760508330677e-25
2.300096027562039e-22
3.7635697500474785e-91
8.442149391826626e-20
2.061817484766949e-34
8.506614897373624e-15
2.374783898686956e-20
5.92302940511188e-22
1.943760797318583e-27
3.411874655480848e-22
2.871662482816257e-22
4.695825981716725e-24
1.0120125678896124e-24
1.5463343181255139e-15
1.8409015601596596e-24
2.9677115788497946e-20
1.6662709958894706e-15
1.5273073045034498e-20
2.2287837348902997e-27
5.895664674928297e-26
2.9312651636122324e-18
1.840988022552731e-22
1.3061428609588966e-34
1.3630537514631334e-25
1.5216208610772282e-21
4.35320397984973e-33
1.5382441502789358e-27
4.361284059985717e-20
4.5580042910811215e-08
9.617086869446465e-83
5.426903429261957e-20
8.974697541254426e-38
4.81376123243413e-27
9.001312731027096e-36
3.2092759348851017e-24
2.224371188299552e-18
6.559773867930115e-47
9.008055596456104e-72
6.955590264298902e-16
4.195443195933839e-27
1.780311573504303e-36
1.0853030291418373e-22
6.063789264572956e-26
6.334426079519244e-25
2.894816167714158e-23
2.066037438017463e-18
1.9729890248310778e-28
4.850788936574765e-18
1.0299601647467624e-25
3.339277227550699e-11
5.3051812456031135e-30
4.4218928017436125e-26
3.832698819535383e-46
3.923275854418091e-17
2.8427984333781024e-30
4.108139642630218e-17
4.625215592093545e-19
2.9247701667599415e-14
1.4700343257627205e-12
1.3069727471778388e-30
4.844415682387444e-19
1.0756705389367818e-21
5.0002269073266786e-23
3.15375569782285e-34
1.7823460103917928e-11
2.538857210287872e-22
4.3505516584004884e-20
8.722559689413984e-41
7.746142446021583e-42
1.3513089709721736e-66
3.7375387407985315e-33
2.7356919049187766e-20
1.7057402176486353e-27
1.590972754400241e-18
1.2640797123022276e-23
1.2019722658315844e-28
8.106712800592954e-19
3.6619980229241477e-32
5.127709204921847e-21
1.6895601866425348e-15
4.8818311765065755e-17
3.2978230761811738e-19
4.4075392900565756e-21
1.1951484138075912e-11
5.2365783375082726e-17
3.757457356425268e-68
6.132355099821289e-20
1.345110325883833e-25
3.6168589749718175e-19
1.1003690887735335e-23
4.8044540564532e-24
6.00750057956711e-19
2.594554197605539e-18
9.1118321802785e-42
1.5845421143742088e-26
4.807014266939078e-20
4.433622747034805e-40
7.779578416949059e-18
5.279281691343723e-26
8.51712064913076e-79
3.893514955697179e-24
1.4676068328679777e-20
1.8865863719362847e-28
1.1661642275400783e-19
1.9352020687219525e-19
1.3248846226418108e-08
3.514299309215548e-20
7.275520630421177e-55
3.5184155332626842e-12
2.846836986385583e-22
1.3155591744408864e-21
2.743191089262452e-16
3.495096048516543e-19
2.3072211108400077e-78
1.969329172288658e-24
8.351703454005616e-27
1.6834844694500244e-19
1.5180013215836578e-12
2.7845052139582842e-33
4.696419376502837e-18
1.5454553792312937e-20
9.304947782313866e-20
1.2751157188886983e-17
1.2297345554709128e-64
5.050089070613164e-21
2.226692174024132e-19
6.643777102351479e-17
6.359986117835081e-09
1.5950563152486154e-26
6.718526840027814e-22
1.190711560951097e-23
3.2389552598379766e-22
5.080273140851225e-16
1.4915506535832854e-28
3.997939978353832e-24
2.2942874380735584e-10
1.7402203085034215e-14
1.1282759357076855e-19
2.151880759301258e-24
7.102037918555608e-22
4.989826391632703e-18
2.4251089201118083e-22
2.913479611790152e-23
1.732566517370134e-38
8.719098556632884e-29
2.8016431793596464e-31
4.8486877943841135e-34
3.211146617674216e-30
2.9143728788980903e-25
6.221779920158902e-27
6.433018632474445e-10
2.1719262711495414e-22
8.119083563461278e-17
1.2646251194517156e-29
4.160558631698721e-32
2.7864873225251688e-33
5.39401422235274e-19
6.329186247445234e-19
7.469574530856643e-38
3.78853483489687e-19
1.2132937929106443e-18
9.46424230006483e-70
4.195809305971956e-19
4.821811708694337e-20
2.200550876343721e-19
2.3378156754306622e-21
7.652388315258227e-27
2.4618746931520955e-31
5.116774869278815e-31
4.035567175918819e-19
9.547799955003386e-29
6.236535152436792e-16
3.4112012686673456e-22
1.9440475786922717e-20
6.847123046504302e-28
1.4359321361569175e-20
2.0354001239293755e-30
7.541421895433744e-23
3.5834832894946617e-26
5.530784280756878e-28
2.7842825962647376e-25
8.465721569746153e-12
2.939059279374357e-23
7.539653954639746e-48
2.169289821844212e-31
1.4827067809393318e-21
3.159059846041786e-76
1.7485682592401528e-21
5.129691380971887e-23
4.172278766321659e-25
1.654421094060541e-27
1.6079814836583543e-27
8.817526995366209e-27
1.1774728666758981e-26
1.348154582129428e-27
4.8475563109948836e-33
2.718674220392999e-18
1.85329173679544e-18
3.751494695432556e-08
5.482409035556005e-23
1.3587238559763307e-32
1.5123019340109702e-18
8.524855302300505e-21
5.5670558327241355e-86
2.0898367321476406e-16
5.462401509183201e-35
8.995507999591721e-36
4.173574994572344e-26
1.6533680664631808e-06
2.3928674580733933e-35
8.76886954091927e-28
1.2639493046516094e-25
8.42280825918658e-25
2.377243172779305e-68
9.861342470104193e-28
5.322497148006231e-64
7.898095504335206e-21
5.97183311749869e-31
4.319094923520119e-15
9.589514599966251e-68
3.1111312713904844e-83
2.6799494680916603e-18
2.591176896390945e-16
1.8738062344595416e-19
3.523891193973197e-89
9.837888846674303e-32
2.4419738566968842e-32
1.7642478336335708e-21
2.75589683741896e-25
4.206261932681215e-72
2.988282499919541e-17
6.454119921938048e-20
2.385970540606388e-32
2.3725007497932086e-09
1.9616601972131194e-23
1.1204652504537923e-39
1.6850624346925462e-18
1.556982549353087e-30
4.022828054403098e-14
3.9334360827380926e-91
2.7054620802099702e-21
7.461470685206312e-23
4.448641278266424e-26
7.5015666561733e-17
1.4880333910791972e-23
5.178746592242396e-08
4.6780269299393726e-27
8.993213326770134e-14
1.877537592239539e-26
2.1542031732051084e-26
9.645381624559978e-20
2.8008252550250778e-21
1.532030315612274e-19
1.7442607332647922e-23
2.0130594324600532e-30
2.675626558072894e-26
4.971572978427038e-21
2.2740575032717725e-08
1.9765098985459868e-25
6.563742599485531e-36
1.408022127108018e-38
1.620850713643909e-31
1.3770387505158932e-12
1.2379872387832464e-29
1.106682244411839e-76
2.257988004084894e-24
1.9855075014203653e-23
1.4012206749089045e-18
1.37244475898024e-13
4.915176804408679e-16
5.459992873336238e-29
4.034917849722673e-14
2.21515016905884e-67
6.2954209264380755e-28
5.306417848444631e-23
6.494553284912543e-27
2.9511243143790504e-20
2.532157640671149e-20
1.7827946589879453e-30
1.1362101462686778e-17
3.6821105439475336e-18
7.361652506494768e-29
5.711374199201001e-28
2.8521731929095576e-19
2.923415064442508e-23
3.0102289100513098e-33
1.3797436423809457e-26
8.45747097512333e-18
3.7994970846002656e-14
2.221863067183397e-37
5.525309010146228e-31
2.2884088199556726e-16
1.2702912339766688e-08
1.9856354605723539e-69
1.632540680167049e-30
8.401011460528028e-24
1.2426141000029015e-34
1.1449528190724145e-19
1.7248325500410177e-18
6.996810849204733e-17
1.652996010211448e-24
1.8100176841644145e-20
1.5591012667135766e-25
7.965268744606009e-25
4.696017811707441e-24
2.4168221676537194e-19
1.5599794257888706e-22
1.3342677323082716e-18
1.2683914232370085e-26
1.2229195147876635e-39
1.7268775985209618e-18
6.977006322583546e-14
9.795720966822696e-22
1.9763025136694467e-19
4.1786299918776836e-82
1.2741184640987631e-51
7.4103349266881584e-34
1.912962267557129e-19
2.6088847113907433e-20
4.840243915501304e-34
2.9341987265876286e-33
2.9154950928190254e-32
5.717091921304485e-36
8.749527472273909e-68
1.6303128749129246e-21
1.3550656613928824e-25
1.4046618239149497e-45
2.0272327747914936e-27
1.7755865523512127e-29
1.170595946530672e-52
3.085541261056102e-38
1.5941148798134567e-82
4.26987484443064e-21
6.707350983417949e-22
1.0535390552092831e-20
1.7641731900458417e-27
6.749606128922084e-23
5.730330270212081e-19
1.2785190281420494e-18
3.322781278640176e-27
1.9550526163400197e-23
2.5083688576085796e-17
2.996091945136631e-28
2.6035156736424557e-21
4.144801689178002e-33
2.09839439829889e-17
1.3799095611049665e-24
2.6818648358386235e-28
1.1822712269569303e-26
6.152163910041182e-26
7.254776534932123e-29
2.524639355338242e-10
1.7662115076224454e-22
1.1721388817524015e-72
5.601992514116977e-35
7.682590751361949e-62
1.4602215298883587e-17
9.142963403831338e-28
3.374447829822824e-28
6.216969328003138e-14
1.2345734308117015e-28
1.3069003652157822e-19
2.967988293458559e-21
1.746842570367007e-29
7.590071503796406e-36
3.571931710802668e-24
8.031487727219052e-28
4.199094620852189e-23
1.986103563551094e-21
7.083368652659471e-28
5.194949367622613e-15
1.0263946910974962e-16
9.609077164775758e-27
1.6411356993358518e-68
7.792393372803157e-18
1.9702002497605526e-70
1.0026415894506797e-26
1.313417658617523e-18
1.1219005689103494e-24
2.3479525006380685e-39
2.659420528829289e-34
2.6398605732998806e-28
1.2315960263319791e-24
6.083909516251883e-26
4.356947072259336e-20
4.01125270747748e-21
3.3536340616840395e-67
1.887012734479e-80
1.3064705975881682e-27
2.7892801079601582e-30
7.397125049394784e-25
1.1060818373663001e-31
2.2114512280763518e-68
5.2615072462113915e-24
1.2678927546240827e-13
7.217655475696309e-23
5.235024849258557e-25
2.9815707676421444e-32
8.36800544429011e-22
8.231135381393402e-16
4.37094454142205e-19
3.754828301166327e-22
6.306562224602357e-10
4.129760326609407e-15
5.754815856208496e-17
2.5524212351581453e-19
1.918690187068963e-30
1.847469148913982e-15
8.762152669919367e-18
4.1316815597208865e-14
7.71714114414907e-09
3.2261164304381863e-25
2.5174242613226715e-18
1.3838470579735627e-80
1.7416124684998716e-17
3.250579366965561e-19
8.946674187705233e-23
1.333499788749495e-39
9.03472032168437e-27
8.606053784375777e-21
1.0903953201859654e-17
3.9362564401758294e-16
3.7875386420471875e-21
2.5973708818295953e-22
1.0284513730498899e-21
3.004130105322523e-32
3.935606297778873e-20
6.703327924605382e-20
1.863975954787715e-20
2.08685601920244e-18
2.627943976615833e-28
2.4975527346261307e-31
3.5330081528376546e-27
4.5978711161073534e-14
3.96818642210811e-26
5.916916901395966e-63
2.890337446436674e-51
2.877108532995279e-87
4.642865374127804e-37
6.3657948571090414e-21
8.931030472958518e-18
2.1822053860304498e-42
9.879121734973242e-16
2.4371873565625316e-21
3.971943317556165e-33
6.5320651523288475e-12
2.8790184975616605e-25
5.6613592189773085e-18
4.592290415083489e-19
2.1786470690669266e-20
3.617893581866878e-24
4.908827203785706e-95
1.766424862280359e-35
1.0664558905302365e-24
6.258421618212363e-33
1.231250967641824e-22
1.1663116080745117e-34
1.0905850686256937e-19
3.4341975338386604e-15
4.114711339607054e-15
6.620684663241124e-24
1.807448074464655e-08
2.0561634065691533e-26
7.739338387935062e-26
5.597438177248565e-21
1.001258162262453e-18
1.5731119396963713e-38
3.8844213853375357e-38
1.807572499472227e-31
1.3488127275988978e-36
3.0581511686156605e-31
2.5203510176551145e-21
2.8625617393841924e-35
1.9202675960714e-20
8.949106616837981e-29
1.5976823548484932e-31
1.31456250582928e-11
1.3709018498753466e-16
3.9437773252918814e-57
2.2581302519596377e-99
1.0474526780136212e-13
4.116666573110411e-77
2.9994155790363192e-24
1.667516551888555e-15
5.956400063043734e-31
4.1900604781703124e-14
5.510779806317244e-16
1.216026311938839e-34
1.2195538139200193e-35
5.3321592003295015e-24
1.6542853614744378e-18
7.617085580126527e-34
2.3561456993892686e-20
2.613441483912923e-38
2.0073114643026103e-14
5.929184843690082e-31
3.4772856667336686e-36
2.844491732638277e-09
5.310479867790762e-34
9.14596898137642e-41
2.584616360980881e-20
1.0470270893794655e-22
2.778033900227217e-16
1.1048972319194561e-27
9.393065384559243e-52
1.0637928895220913e-25
8.939256593256798e-32
1.217311762508392e-25
1.5661253467215287e-16
3.796948411439196e-21
2.4214591167407156e-24
5.259110419992397e-32
1.3603028872087672e-28
1.1144817039226855e-21
3.3657832918934613e-18
9.040656447595221e-20
2.4034800782287667e-29
1.1841454741726575e-28
1.4752162098684712e-32
4.072471892266536e-29
5.879500336815782e-12
2.6891774147734762e-12
7.697366412459175e-16
1.051623122675699e-14
2.429373602428864e-19
1.0893311471803155e-21
3.65683764073666e-13
6.696088190380042e-22
4.921866538149888e-24
8.828450288966895e-19
8.09873083105259e-28
7.3323457611962495e-84
5.147264914951741e-23
5.1878564194267994e-23
2.835228472358414e-28
2.265230619306473e-30
2.641531112310263e-18
2.373640549936192e-22
1.104514213287125e-66
3.8796250482126127e-26
2.7749400246308455e-81
1.678304590354256e-37
6.499419897438478e-63
1.5671081813012382e-15
3.797567237179035e-24
2.8829436658849937e-19
6.794710695577563e-35
2.282230157397402e-13
8.206139036398516e-21
1.0090243703861355e-21
3.5174866289593643e-16
1.7676986660693734e-13
3.4842583785341725e-25
1.562250655035045e-24
1.2407389680622277e-22
2.761713439387954e-25
9.684918641449903e-18
2.4742482349435955e-25
5.2458488545521e-26
5.276035906880858e-34
1.4817512706150533e-21
4.482087617454952e-26
1.513032504373523e-21
1.7449038640899192e-25
1.441429041859956e-13
1.9237737560139574e-34
2.484728923440689e-36
2.80843543495335e-20
9.086466519200186e-13
8.870465586252493e-37
9.134663124916271e-17
1.6919170695169923e-16
9.066828963875264e-44
1.3655586033025272e-09
1.7745573585603754e-14
1.3565073952170615e-15
4.539790455646973e-17
1.2442167605699018e-25
2.3048965816867052e-08
2.6719908838637423e-24
8.03711659278886e-33
8.436136134349452e-20
3.836457753760618e-29
1.22360539889438e-26
5.692511922562633e-16
1.3803794576605104e-16
5.165144054524133e-38
4.6643994912520316e-20
1.2765116169682102e-16
2.0354433031366017e-21
4.858250229357523e-25
1.0078118652516024e-30
2.7527837235112712e-27
2.3817092231590028e-26
8.254523987987478e-55
7.416124999925352e-25
9.415410635972635e-17
1.0265984427844477e-29
9.143456587888874e-09
1.0778138587264388e-34
9.892638453029162e-29
1.2688746313407811e-11
1.2545428536699163e-30
1.8668794693811636e-34
2.3427532858859333e-25
3.5190729574346287e-22
1.6092641984670393e-24
3.6129901236798544e-22
7.869619870897851e-30
4.7524118489070795e-23
6.777168421574066e-17
4.000298248408967e-11
3.419061407703466e-30
1.2483521591878781e-21
6.129965242741153e-22
1.1492952626579608e-36
4.2596534770986724e-26
3.041517372741957e-33
5.391088376782822e-25
2.0858796869098664e-20
5.955310666306434e-21
9.199864854123825e-22
2.740955803839614e-24
8.406154071138806e-17
9.352966663880471e-32
2.0648562981188327e-40
6.562883339934875e-27
3.668644842461803e-16
3.3636471375168133e-15
1.4212976382963043e-11
2.028180673815047e-24
1.9474171022345493e-27
6.801563021056107e-24
5.798114112454576e-14
2.516967764886367e-37
5.308036346426071e-30
1.1843352572106811e-67
5.4178943551108634e-18
1.1309076046505356e-21
9.332544660515856e-22
7.705931124959698e-29
1.7590486955353044e-27
4.9854934974134385e-14
7.544016236526012e-18
4.68184731505762e-54
3.14164138848167e-49
1.2700151371991354e-25
4.2006525672183603e-38
3.016877619232918e-45
1.4911815342039542e-27
2.170518708127629e-28
8.71598699302145e-36
2.980172085422822e-21
3.2182870905047976e-16
7.415032026638626e-14
1.4473382384615158e-90
6.008928640108272e-25
2.9650166049284277e-25
1.1365068931565116e-20
1.318349782707586e-22
4.532788926169387e-09
2.1586869491263853e-32
7.534757331089705e-19
4.8173181132230645e-27
7.411408646971882e-31
1.9433263572020616e-19
1.20407881809349e-22
5.64014840064866e-10
1.3169117871477844e-21
2.3656514155605917e-09
5.559551236218787e-19
8.607859180542113e-27
1.444587238142107e-33
2.0638145768312708e-48
3.588322296337866e-37
2.7401609489425837e-25
1.6027954333412267e-21
2.795930781035385e-24
1.0920340342362191e-21
5.60990175324331e-31
1.6080120943455452e-18
1.5575450283156575e-19
9.326435189694784e-26
9.915532752687511e-20
1.944798972888143e-14
7.723630819672738e-16
4.521605511052616e-38
1.4565688641882765e-24
3.483396593211295e-41
3.929219774269827e-27
2.3592733266695847e-22
2.741204037806937e-12
7.877659399841004e-17
1.9347204710805376e-23
8.108883861852031e-25
1.950815195132145e-24
7.477904456995648e-26
1.5447881149692669e-24
6.0716304124193315e-52
1.7569703496499223e-23
1.9268365189516567e-18
8.61473635315792e-25
1.0446769766283376e-87
2.3472791961726582e-66
2.120521706919971e-15
3.040910574465157e-24
9.136693455122688e-40
2.9045420043896387e-16
1.75115869002591e-23
2.2184330843394447e-26
3.8902865345708886e-22
8.507488393006175e-16
3.2378298025775693e-31
2.4988138054626316e-08
7.657460688931945e-52
1.5431476515210157e-10
2.30295172904967e-09
5.003297180981022e-20
1.5059405393583327e-21
5.4643548412764856e-73
5.303875373560156e-25
5.0769269182824866e-21
9.667122232129521e-33
3.154299610119189e-25
3.363563468597874e-51
2.4651108630612165e-34
8.537320570902801e-47
1.746380162062937e-15
8.261414249728056e-20
3.6660968189550443e-16
1.3052722421881774e-06
1.7567766733308426e-15
7.209114243741323e-27
1.535417958597065e-21
1.3712612902748412e-19
2.1345126046561413e-19
1.4294665913066954e-29
1.0663833965453191e-40
9.415959214484363e-21
1.257544136750451e-22
1.314189374405807e-16
4.638291689738339e-47
1.0145532589321574e-20
2.5014755914702327e-16
4.225974392930108e-21
1.8411703886839285e-22
5.739311851765326e-24
1.921315762902366e-81
1.6823926905775902e-14
5.0116084835321005e-31
3.7066038489386254e-80
2.9442065535663013e-18
2.3420651280674453e-19
3.8586826592218855e-23
1.2183051696376844e-23
5.46539657255699e-07
6.793020928877705e-23
3.748900916487514e-19
1.3258284305753554e-25
3.5428984138204433e-16
2.671574241276958e-41
3.113861230199067e-19
5.577768622940721e-20
6.3294003214627215e-09
3.0294851993919448e-21
4.356865642913036e-65
1.0543218791578143e-17
5.836683432135747e-33
3.3308924308349056e-24
3.498306750504702e-18
9.330191432471917e-18
8.844897809722665e-23
1.807919771494011e-20
1.100335169784073e-24
3.918673540160495e-27
4.03329291551147e-18
5.860752983620775e-30
8.415620247852903e-26
1.7092769599366477e-07
9.766677518252546e-22
4.322855279802072e-22
6.943980085775847e-14
5.079984412211486e-44
3.321246277260046e-26
9.578131751171528e-12
2.634894367812544e-35
2.159816323997138e-54
1.2023450116327175e-27
1.9160257340526268e-25
1.4922209554628023e-15
4.172973686342689e-28
1.2500306442097451e-21
8.735743148288745e-27
2.317825012526253e-23
9.044976671059955e-17
3.473232025879629e-16
3.577042172930376e-33
4.9310279296122595e-08
2.622714591345951e-33
2.067237642105944e-23
9.873482924559174e-20
1.083533728483573e-26
5.147621696020909e-26
7.827836348211821e-23
1.7950610817462867e-18
3.5791065045883485e-83
5.224181992467204e-28
2.937580478202351e-25
7.683799967896191e-67
3.257203120943779e-30
3.8210971602564484e-18
2.2691931949611695e-20
7.081714483660746e-25
4.682951955394853e-22
4.974238555744044e-22
3.2482315601606116e-24
4.243860474721854e-28
5.390339747006984e-28
8.440237982816184e-25
8.578717739983239e-72
3.3633060895528157e-31
6.303515354933941e-21
6.880236471178635e-27
3.234124127814076e-64
3.470023574760421e-29
2.710099431464933e-18
2.2089975463779623e-18
4.5394984976182205e-35
1.0034232390127546e-45
1.0435980054167353e-12
2.395380176464013e-28
3.3992302663607764e-26
3.287593578625315e-29
6.85807307036644e-31
1.9102402971493378e-17
3.970002958281287e-24
8.251229356403106e-15
8.536965831080553e-20
1.2153958721577227e-25
3.44283166877139e-14
1.3441029232836848e-52
1.6927814534580288e-09
4.75628545924325e-16
1.2854785243267425e-23
3.6640480127133972e-37
1.5106194022059319e-24
7.751979455308203e-31
2.854262129903603e-79
2.9011869838947795e-48
8.414231780311719e-50
8.533357351767131e-32
2.9823527846460754e-22
4.1474529970079194e-22
1.067703638429533e-23
9.407966831036297e-14
3.159720434344296e-38
8.753028499305859e-32
7.296333788669624e-13
2.0936328612876295e-25
2.5674165692600655e-25
1.9407364438692972e-24
1.7461945251186056e-43
4.506064867101954e-21
1.0673687683368714e-20
2.609325855108956e-14
1.663681354191852e-19
2.9677120641929697e-25
2.469084606568769e-16
1.1389729207243494e-20
6.203105897455627e-18
3.573414399546496e-15
5.947235362234543e-16
2.2989999421962653e-27
9.898258881407532e-18
2.56625983614032e-18
1.6384031065016985e-15
4.845548645635262e-11
2.7746952671173094e-43
2.167263439847162e-21
7.589991885329991e-15
1.2807340875989739e-14
1.8252939991045499e-25
9.563884866547922e-16
2.4306517547286743e-76
2.4708260348673583e-22
1.5594558873886573e-29
7.66368783275046e-16
6.469274766580246e-12
3.2136120213208465e-23
4.886838602498779e-31
8.412823035968823e-21
2.282026330067537e-13
2.8460212224419507e-17
1.4928409334306791e-36
4.488524561307275e-28
4.717780069785527e-45
5.159650056719403e-15
7.554972324582554e-25
1.4653199494434132e-31
3.3061352570448126e-24
1.0939135431102387e-21
1.1969683369919316e-25
7.18930743342948e-54
4.082734312136804e-24
2.444093313218579e-15
1.7528853024022742e-37
4.908932719462685e-31
6.116896378607829e-14
7.121279061236659e-16
2.6279929646202054e-22
1.5792084960987514e-20
8.261340658220434e-09
2.470481856427882e-29
1.7089392400293615e-21
4.8687112929032054e-32
4.408498679631384e-27
1.3209423672007298e-21
5.071303287681228e-29
5.526107612577167e-27
3.191471605536144e-33
6.715566470163784e-26
7.38237798640416e-30
6.610392466039085e-13
3.074844374574987e-09
3.9125140384515864e-07
3.3008862425686676e-25
2.2252979538794398e-10
6.458904149660642e-18
1.3555252206813784e-20
2.3820738459891802e-32
1.0935478518875546e-19
7.932372319403929e-24
1.8299081630102827e-17
4.8958020739152484e-15
3.3071059124692285e-16
1.71810561676772e-29
9.713468145384491e-30
2.7345386667826654e-26
1.2571373402777701e-11
1.2227940471191538e-30
1.9910448008989963e-16
1.6152589881858896e-23
8.464670973403201e-16
4.481482276618759e-24
8.51836738368516e-29
1.54590923603099e-28
4.3640423124083424e-26
2.792122505010171e-18
2.7467782810771326e-17
1.4766503035546863e-26
3.931604074502646e-36
1.2617473995915972e-31
4.450890386683794e-18
1.5297104313962607e-45
4.3739335481737553e-16
6.439345192382687e-21
4.074493443171751e-18
2.566660605961528e-25
5.301788950819564e-31
9.882536515959533e-23
1.853908823416985e-27
2.940498449921971e-11
2.913992488766965e-14
5.799418313050824e-17
3.143719489875549e-16
8.070949645913422e-24
1.4527950927991246e-26
6.835089012322967e-19
8.499314172533775e-69
6.898188052262179e-20
2.3405175633142913e-24
1.7610823298123778e-16
4.378012510433726e-09
5.643364956175298e-72
2.2082912561342387e-29
2.1064735704325802e-20
8.610074956589783e-21
5.489901470977023e-13
3.730836581451856e-27
8.880970272507328e-29
2.864951776814333e-19
2.6233472820916507e-20
8.805927266876801e-24
2.8229400884619257e-25
1.1045937069446802e-15
3.391782577132951e-09
5.838049317427274e-22
1.5001609933229796e-30
2.818980495400013e-29
5.1426338805897494e-21
1.5965202684255542e-52
6.40522198941404e-28
4.6198825932219084e-26
3.3688138792024307e-37
6.545394807534275e-31
3.7837241482504707e-25
1.5365352843089058e-14
4.569475373638422e-18
7.159980063396804e-32
9.009335270238029e-66
2.3847242246854933e-11
3.7041458812824455e-20
1.2512304057803552e-73
1.0371404557789151e-14
1.8907064474070082e-22
2.2589244058949436e-27
6.335883748819318e-18
2.0042184126463596e-24
3.300257119056667e-36
2.1162521767785394e-25
1.0335421206775685e-19
2.2035392072718663e-18
3.985898092171133e-55
2.0498965771458184e-27
1.7980154522264767e-96
4.821315297563673e-20
1.832902161557974e-21
6.743971895259642e-30
5.48204945938614e-18
4.118071280865791e-12
3.340480291577731e-11
1.0671618555159302e-28
1.7841015869698376e-23
1.165910504552286e-20
1.5381566172704775e-17
3.252968545861623e-12
3.9521789313415164e-09
7.731904563846579e-33
9.625358089691758e-28
2.308001666553663e-28
3.1115400452364303e-69
5.65219220929529e-17
9.655885162433754e-85
5.105108414294544e-15
1.339693687958915e-20
1.2759317146985494e-18
3.4303479347098673e-07
6.199498927731805e-23
4.87351747356105e-20
1.3622825017039423e-21
1.9030117175769466e-98
5.3331308656989997e-14
1.3981205435774259e-18
2.0648879501032694e-23
1.2883280199169946e-18
7.156710381461202e-12
1.642385806869212e-22
4.079633966832342e-33
1.5994228367778213e-44
6.537187226935816e-10
2.0612270188990575e-25
1.2487209755299125e-57
7.815430333344609e-19
7.458534563618062e-24
2.6309186556568486e-15
6.243074973892825e-16
1.7117132898887952e-15
9.077624339238363e-16
1.0669067084128472e-45
5.68093619485651e-16
7.792836173653083e-38
3.67462721760882e-78
2.2048950737540926e-20
5.69685780020068e-20
2.035755505300007e-27
2.2445396040851656e-31
1.4199792415340386e-24
1.412909692878987e-15
3.7098065061269696e-23
5.339634284178302e-27
1.8985169419762766e-35
1.3495786002042612e-87
1.0914902361000583e-62
3.278775547729204e-17
1.008729380932886e-19
9.923350209056564e-18
2.586891263106144e-17
2.735565671853793e-34
3.081654195930681e-11
3.776079052920113e-31
5.266526551344709e-26
1.795469504275508e-24
8.588800525864127e-31
2.0859497610972774e-22
1.1652879448885848e-08
3.3211437397420724e-20
4.676977663877714e-31
1.9007876642118032e-15
2.394320732787485e-22
7.406879162178342e-21
1.2422381058831976e-20
3.1768082641924653e-37
3.31674173577842e-34
1.646452264448706e-14
1.0462461581977955e-19
1.079600584239991e-33
1.3286183622637216e-37
3.1956045892729875e-22
1.2821123041457642e-12
8.507534978870943e-25
4.2149351722660006e-17
5.836390990839211e-18
5.513005437027368e-27
5.0264820670584025e-14
2.5220644896427834e-27
1.4640660406361963e-38
5.387051996022929e-19
4.858801538014141e-21
2.9922495274507674e-18
1.065994947928353e-32
1.5712116562608574e-101
6.977618535340306e-22
8.950715572288778e-23
3.162398935838465e-55
8.823401514789822e-23
4.813294444815526e-39
4.1927912460724485e-63
2.8060631068997705e-17
5.888636453047757e-14
1.5354047448400473e-25
1.8828978680216892e-22
7.231404333753464e-35
9.597031051826125e-40
2.251870647614706e-30
1.1754459953741537e-22
6.675782972044575e-11
9.36976249363288e-20
6.18102834193874e-08
3.245686525128571e-09
1.257532523116777e-22
2.9707797797274233e-23
1.1929670270110997e-16
8.456237118689487e-23
1.5018348167004887e-30
7.305641588425962e-20
6.161088445177882e-23
1.867676603548851e-22
1.6538294148850902e-21
1.0043598198053774e-40
3.3384498321216723e-22
2.9922525189557923e-30
2.3310108828876105e-19
5.639968324374241e-19
1.5249222789981852e-18
3.1967882011055073e-22
4.302478663559782e-16
4.776318924175617e-22
2.849493498803216e-26
1.0981837266394253e-33
3.9587026057871286e-16
2.7685569929932944e-11
3.802583703786088e-17
6.206263556057078e-23
1.1657347494781454e-29
1.6069388082443277e-11
2.4038089837259263e-41
4.990435748606637e-18
2.414202647669923e-08
1.515949207313872e-20
7.702948278887902e-29
3.5732290192885006e-17
5.41981093891206e-41
1.2604854839941168e-12
3.3080520734146853e-71
1.737531834745446e-16
8.699786020221842e-20
7.872662981298368e-21
2.617542528283907e-23
7.803795574654327e-15
4.154846349689253e-19
9.252831853292992e-22
7.0888312355869475e-15
5.1685164228132486e-26
7.951603536751008e-19
3.4381845978734244e-28
6.075651376693642e-49
5.432692147571115e-49
9.544560367820657e-18
7.805614991724956e-32
1.5136715056793538e-29
3.1589847028790227e-14
1.240414158251709e-21
5.1714181500284045e-81
1.541771378441675e-20
2.0420180350316203e-22
2.366082577524653e-18
4.161667101198728e-23
2.2381203402559375e-22
5.828845971252202e-23
1.544002236414678e-40
3.67406691204303e-15
6.348235495333024e-29
2.934607786591766e-35
9.760245389090168e-23
1.3536695039508997e-14
7.6738980263265385e-28
3.664360355226586e-24
3.095466669387024e-15
6.967355988580245e-21
1.6991364493417895e-14
4.030994776334127e-17
7.069269046210231e-28
4.539583291691922e-19
2.209978499772557e-07
3.4283228442406076e-18
1.5471941449988995e-21
9.36766331439464e-23
7.58183298826977e-17
5.702364078372435e-16
9.808620069361045e-22
2.174182912819355e-20
9.46742553278025e-33
1.0214306799588031e-17
5.789726058903894e-58
5.097452689082335e-28
2.1969229985189767e-27
2.4857401318492804e-29
5.234257963236159e-23
8.940372297791847e-21
1.146215017852537e-28
1.5033577580268768e-16
7.995821863806691e-19
4.667675113971658e-22
1.272650492226806e-74
1.885699234826234e-12
9.239814850322081e-21
6.768036560119275e-14
1.1299977506501942e-19
1.3334217502035037e-25
6.288557298056169e-33
2.919174753941695e-29
3.652675575235386e-11
4.391107001866324e-17
1.5572580884200884e-27
3.574848934877528e-42
1.4702163164282025e-21
1.8262644312591824e-23
1.1269275396778623e-34
5.8180833739546216e-27
2.032495342386995e-24
8.992976932087976e-44
3.308835866794902e-33
1.4140101617484269e-16
8.657971946751935e-14
1.3341945089266278e-37
2.749102607179356e-32
7.046070133180341e-27
1.8026212833949468e-08
1.2466839653797385e-37
6.935836364231883e-22
5.177647164207554e-20
5.711765888401982e-20
2.403417276053002e-23
2.1300084584640437e-25
4.8730342961476056e-20
1.1687349885139025e-10
1.7821569779824387e-11
8.123277877068695e-82
6.216452450802012e-26
3.5366108785698827e-22
9.659577507600138e-23
1.6193990113672745e-28
1.931869619102667e-52
5.159302982913883e-19
4.118732808835738e-12
3.8148151005370505e-21
1.258142126099368e-26
6.486522271991199e-20
1.3452136666898755e-20
3.931728309870201e-37
2.3808786135539453e-27
8.97732282535586e-34
2.1401454972424744e-25
2.1356070698461358e-61
1.6635407430958105e-25
9.560654819588484e-34
3.563167053984323e-21
2.7337604708638377e-27
7.98454964026386e-29
3.4876246569592964e-59
1.858698678175677e-18
8.756452165627157e-18
1.5780235943663226e-33
6.689898507522913e-32
2.0256540458505163e-27
2.5379780703422334e-14
4.8648839347998397e-14
2.263720266694486e-27
8.001659666619631e-17
1.0391219801135631e-13
2.854018535960842e-24
9.121997097452498e-11
2.7703301851434987e-23
8.671065753170317e-19
2.881308936278738e-22
6.7001211546203265e-28
3.814616546176476e-17
6.687225775112706e-23
1.3132841523452399e-40
2.1331592751408056e-19
3.939170145747747e-11
1.2558878071004402e-102
7.702874895556565e-21
5.395719468747911e-36
8.610255638293169e-68
5.313681476463354e-22
1.7693525932847337e-29
6.853185076586087e-22
1.2467254459948581e-23
6.821785787065935e-16
2.6569660075540343e-17
1.1666491532661268e-22
5.392333335077727e-13
8.037405013769788e-53
3.407825928120479e-36
3.9701846946121687e-23
3.3913028932263527e-15
8.08186836219883e-21
4.458408288316203e-22
8.798070598531241e-26
5.585964352692235e-28
1.3724918920031684e-18
9.711190518048593e-22
6.0518699393703945e-34
3.3217497152110083e-14
9.761574203100628e-35
1.2268457385552204e-26
1.732945954906912e-29
8.538229485032976e-80
1.4754240760733285e-36
6.159641504864177e-20
4.4434372078036225e-61
1.1972714809989146e-21
7.487270229371775e-19
2.0573111779038416e-86
4.512297985821846e-21
5.395928663721884e-85
9.443011396217126e-21
1.9733554904146974e-21
1.540389245328907e-17
7.52466013998734e-29
2.7202067294861723e-14
1.4153829619254612e-16
6.719276888363852e-16
6.009998037463057e-31
6.339861249710895e-12
1.2633412702827125e-23
1.3318801788639445e-17
2.039972593214237e-21
1.4897810096235246e-17
3.0075657209535308e-18
1.2714734143679521e-23
3.585803811274256e-22
4.9384008542165125e-12
8.563946565180128e-64
4.550087452929645e-17
6.150308005696454e-24
5.242613351061402e-40
2.4381503771353697e-24
1.281293741375412e-30
9.80529708653545e-19
1.4145006946481774e-22
8.951509230657521e-16
3.9801858969039087e-73
3.415871141614179e-40
3.3544303300688234e-11
8.945230891193314e-22
4.268019540101741e-58
1.6478238954237376e-19
2.528268242669841e-26
2.07456920030126e-27
7.239479842013789e-22
2.367994929885502e-37
2.6054352389747572e-17
5.3768293247918244e-20
5.754777900420311e-20
8.733925423058367e-23
4.461041144124765e-27
1.309373108832565e-28
6.306396790674301e-26
1.076258365042099e-24
1.6714336166945235e-29
7.228353345485585e-22
3.8456930353703305e-23
1.7180534200898026e-06
4.12538730854828e-31
2.3946076887797153e-18
4.576485985669167e-24
4.8957635264842085e-33
4.288008532994575e-74
8.391579693141196e-19
1.5730977917935076e-12
1.0451298776728233e-18
1.0052877784376548e-23
7.307319020381207e-18
7.066464583558482e-20
6.327465277571406e-39
4.374254316718577e-16
8.794668874232232e-11
4.556084972257304e-17
5.4617006463218734e-17
1.4773995954411755e-28
2.593740290026543e-22
8.24778410369047e-21
4.267272711546626e-07
3.240598214732804e-17
2.8669193515093906e-11
1.0385659804963323e-07
5.916442092614937e-93
7.155635680483065e-19
3.2931754392089473e-15
1.5546736114073623e-21
2.882895490077689e-15
4.4904728972298556e-35
2.8037627186484043e-17
5.4868088882745585e-17
8.30315362567757e-20
3.0979774608750056e-25
2.3782822882083906e-14
3.802273182611088e-21
9.98595997333357e-33
2.02531124632591e-38
1.8268413443740466e-33
1.9153991833597615e-24
1.6061650441324612e-32
4.421548962540924e-30
7.00851434897684e-76
1.5370226565667637e-24
3.1448540124438447e-40
5.946785748343996e-22
4.258227804484341e-22
3.048907439402306e-40
1.4128268491854054e-09
1.122874034769862e-11
1.902800622771195e-24
1.536361532492334e-20
5.916480906879353e-17
2.310853131012258e-16
1.3014321036857004e-27
8.554425800441299e-12
2.1878678135187588e-26
2.4527092074851155e-21
6.4496663707876225e-19
1.137199524193315e-26
9.265177118987774e-23
7.779611389618585e-16
2.1020724494990748e-19
1.53406654227415e-29
1.7639062868042666e-31
4.0826831038772255e-21
2.6944380820936535e-27
2.5664491457159873e-22
4.708578316924651e-13
3.9250761279942294e-27
5.845011150828718e-17
2.589823545541692e-24
1.9869291284734308e-07
1.5886384238855438e-21
2.0693405382426566e-38
7.030565660511728e-67
2.597003927619685e-25
2.2167772096914116e-28
1.415153245211368e-21
4.712183429947382e-19
1.9179684680331213e-23
1.8872153370744055e-33
4.660636689512221e-16
1.4825341432831307e-11
1.6953810587265826e-16
1.9712056159224924e-10
1.9764341896973523e-19
1.4627285211735178e-11
2.4720947405988836e-24
1.4947374629375049e-18
5.554073972527401e-83
7.611442270227757e-20
7.18199729708354e-22
1.5348603514537142e-16
6.050915072135479e-24
3.05897728931536e-25
2.574198665391242e-08
2.0006191410181307e-45
6.69384041039742e-33
8.52819794139921e-49
1.3118657324431119e-24
2.55535814586309e-24
9.833745098805514e-68
1.6737346763097226e-22
3.8860107362873064e-20
4.08272241237978e-23
3.970097899417272e-34
6.244597430993382e-32
1.756411458899234e-27
2.0312093488008315e-29
3.6404301011735585e-39
2.3709436970240724e-33
1.38374438883897e-21
1.522340321787701e-30
8.45415130370101e-24
6.898420976798168e-43
1.5905705598579837e-28
5.66289098544182e-24
5.283693131009258e-30
7.96055953967912e-42
1.6680417168433586e-24
2.642779379701479e-22
6.41602964256741e-25
5.667728761443395e-36
5.924099957063971e-34
2.5692872028368045e-16
4.693517115019129e-26
3.2863134825187205e-27
1.7466638979600222e-18
2.0957763176611642e-26
3.047773757598063e-22
1.2760427845532265e-25
1.0875107217206817e-33
8.026301541463151e-25
3.920367447485603e-29
1.4221150162927378e-15
1.0131229829499472e-21
2.194620854482446e-29
1.1911978665627237e-18
9.275557148363809e-35
1.6347485686909159e-21
9.148621873966217e-38
9.655298459842555e-27
1.0554138588491855e-21
1.2853352380442442e-29
1.823547897721605e-17
1.281798285628986e-15
8.764793873189049e-23
3.2097332745049817e-21
2.128732806986092e-31
6.449705334196522e-26
9.863026885585889e-23
2.844512442315723e-23
5.57799050586545e-26
9.53232917381768e-81
5.407492916852702e-35
1.934771180692561e-32
2.8607039406885926e-16
1.1319665067462931e-07
1.5596081141618306e-08
3.8900358592339665e-20
2.1672070988159834e-27
2.978289622437173e-29
8.02748245481391e-14
6.090524824367387e-16
8.203435083342802e-20
8.080781044497075e-23
9.199736017355782e-22
2.3486164870879274e-10
8.764560607014739e-23
7.284078912733894e-25
3.4291219989274756e-20
1.78428452095528e-27
1.889242612257247e-22
4.741388020885757e-25
5.696386599426177e-19
5.816801426878121e-26
9.315468835764963e-21
9.463123255805484e-89
5.919470974753353e-23
3.220781335920844e-22
2.653579495513643e-33
1.283875773857184e-16
5.887331343374729e-27
4.100414170905372e-27
1.919152167169856e-05
4.479561256529457e-19
2.1742303014997016e-18
4.4553007508630006e-23
3.8455134932950436e-13
1.7043828385128072e-27
2.979866340695133e-23
1.859542652492348e-33
8.876497867514174e-22
4.0530736699693036e-19
5.61707198187315e-21
8.598166963355521e-26
1.425465980056252e-24
2.4952982973364146e-19
4.366283448473243e-37
8.907205527681555e-17
1.979118941819025e-24
5.973583927153809e-13
2.26955500250784e-23
2.3773512941682574e-31
2.5629648160392293e-19
3.541567216198912e-20
8.206675484856499e-20
2.5714239099742605e-31
2.6566547754215567e-13
1.0356558848338798e-28
1.3976875522201215e-21
3.802893491097529e-26
1.103126339487466e-26
6.737479686173775e-14
3.5386280578637473e-22
1.2135371795002545e-28
3.3289302634187726e-20
2.7940213365458725e-32
1.4628570645647132e-18
4.4337512483459665e-18
8.673476896692323e-16
4.1816266579316256e-12
1.4835011169832387e-18
1.071258365712625e-31
1.710516948844997e-27
3.73029036304924e-11
5.932306585053999e-35
2.0315298171392542e-21
3.0725195282627107e-28
3.785906710718924e-23
7.800765339662791e-41
2.0310379311735902e-26
2.5319405907460575e-31
3.960364854273303e-09
2.4499774144126462e-15
1.2099164068636495e-74
5.9865785802699346e-15
1.8631031621614617e-09
1.115040101299876e-23
9.95472136576818e-14
6.559704288044786e-13
1.63694757366536e-25
3.1065082140280777e-13
1.3044360183963932e-31
7.334189528334067e-20
4.093083605643778e-23
6.4827390408094884e-24
3.1111113325609904e-25
1.3775900263765622e-20
2.878652827398156e-23
3.5100048774719755e-76
1.2092014940836282e-26
2.7935737881494515e-19
4.810994964038433e-36
2.9890670720129253e-27
3.3354524977837066e-18
5.092360180242607e-32
9.524274127353635e-31
6.532127342013244e-26
1.174399346255582e-22
1.5082086173989804e-15
6.324657671033546e-23
2.2005783094001807e-22
1.1037872868958924e-29
3.277140889103921e-17
1.589969948763182e-19
1.9286592428755742e-35
2.2502555592121376e-28
1.6542353260062087e-38
5.404600870393176e-22
1.8847606184548984e-18
1.622903602176282e-17
1.1165153067101278e-22
5.1481644059328895e-20
1.0443667860653247e-17
6.957988027321723e-16
1.63308728808075e-19
1.3017486674844978e-30
1.0363400248686769e-17
6.213672840456586e-19
1.4780037748226687e-21
5.741984647257588e-36
3.231370973576862e-24
1.1812722703812697e-14
1.5550910633443162e-35
1.9578895792980383e-34
1.0018659651906042e-34
1.642388754899626e-08
1.4178576347262146e-18
3.0157481151720894e-25
8.49058669925028e-22
1.1140967845231199e-23
1.7078200562266532e-26
4.681276106731309e-22
2.6810856959147946e-28
3.8462004287114454e-19
2.1161883710769362e-23
3.627415392663544e-13
1.6302535667124062e-31
1.47965470587537e-26
4.890364088478815e-33
2.2112573311281038e-26
3.545767214687143e-16
3.2294517668159588e-28
1.2244309149793737e-28
8.885110443234747e-21
3.645908523455797e-23
5.137667140507536e-25
2.0974040219789291e-19
1.585988465053266e-22
3.0963996459769557e-23
1.0605201465433684e-16
8.35187972599317e-34
1.61540341634514e-22
3.609365798717064e-26
3.9622006823794644e-28
6.251138734224239e-16
5.088142213536015e-10
8.236671203446342e-24
3.0481461115171007e-24
9.87167689163187e-43
8.791371866812435e-34
8.578620655691883e-81
2.5433619212568192e-18
3.259794866310051e-09
1.0495440099052527e-43
7.615645042323251e-24
1.2896040414588748e-16
4.391489698558196e-25
1.475927046367207e-14
1.1451830511246793e-19
1.936327842816637e-17
6.477309359985193e-30
1.113976769903058e-27
4.0751765092852226e-21
1.894311170114054e-15
1.6923160238036728e-14
7.706567524176876e-22
1.4049848899630127e-22
1.894745305041424e-26
4.360834613197153e-88
4.68526079566715e-24
1.3927358777605565e-16
1.0393112711419657e-35
1.993714170379484e-27
2.4692862851151096e-17
3.5084040288722974e-82
3.3961144402028082e-09
1.863168545611186e-11
2.1452165357837905e-23
2.3171538714877566e-19
5.152411792070396e-20
8.236449347208e-21
1.1783616990713123e-36
1.9244099331130927e-27
3.4544704737187324e-18
9.918067230598844e-15
5.668576500259991e-23
8.195136879460026e-16
9.982738521273063e-18
5.281665951467231e-24
2.534644438917036e-07
1.246274748328221e-44
1.5505172677183046e-37
1.742284637802419e-18
8.830246611102579e-27
4.9831527101586394e-20
9.911723708200862e-25
4.362751058169935e-22
1.0932971900564299e-24
4.287911970717418e-22
1.4473626651693913e-25
7.601790122535228e-19
3.4235818425749294e-28
8.572355564828205e-35
5.396778589448268e-80
6.368079323861951e-16
3.5552832116999886e-26
7.61811122899919e-25
1.2598714370641867e-35
8.286239807430983e-29
8.85978512117494e-27
5.285200101227334e-19
2.8778349494049684e-34
9.896051293838252e-24
4.775584934290497e-14
1.9912549467078052e-22
6.036091809909687e-20
1.0062807361317134e-22
1.0339399138608106e-13
1.3825832566185602e-24
1.7175136700354006e-15
3.3857725663528646e-31
3.864182615404599e-13
2.587084030190619e-17
2.4933489831407707e-17
2.29857378368762e-34
5.0662634129186905e-27
1.62348811847135e-33
7.051099277929505e-29
3.822483268539735e-27
8.854247726133425e-20
1.1105393566520982e-20
3.679873020756288e-10
7.330854530008957e-17
4.073748943898378e-29
1.810145472903675e-38
1.001304599546346e-12
1.604238763492546e-23
7.111758953732995e-17
5.821096919140008e-75
5.6157498798596984e-21
2.115959844020833e-23
6.75071143538269e-37
1.314356482340181e-20
1.9087954200549445e-40
1.6054457224443283e-20
9.421557515086487e-08
2.62747057135876e-29
2.284958832996094e-12
1.8423253424971285e-23
3.4861708636712524e-21
4.031851979039283e-27
2.3747301992688048e-32
4.6057850842800833e-23
2.206140885604135e-19
2.828830786150931e-78
1.265555639780052e-22
7.032882577339137e-25
1.0171826322744132e-15
1.2512183320134619e-23
1.413477583497972e-31
4.9090057932520986e-33
2.8940185569260233e-29
1.2448925028812107e-77
2.925697074376956e-20
2.639727150454366e-18
5.294951216261264e-11
2.7630574257802946e-27
2.4910229467788774e-10
3.6222745955125825e-22
2.7788309790636937e-25
5.605328941497719e-18
2.326777144335417e-20
9.571823678804392e-24
2.7305341286742806e-19
9.373348186685627e-25
6.539415545964891e-07
3.624327102781737e-24
1.0219271733682726e-26
1.9887911517654986e-28
1.6981146316075663e-24
1.0546672596301197e-79
1.3395634085520664e-28
5.866684491401915e-30
4.766490675733407e-34
1.8570878926947944e-28
3.5562778927261916e-30
1.79958411891709e-36
3.8791874500602977e-19
1.2912300163247363e-51
5.147619813466642e-14
2.7871132723184087e-22
1.9968156944892487e-17
1.438851878037913e-32
2.3125224831775128e-42
6.778615516705063e-25
8.641155097653997e-35
1.6336682991661546e-22
1.3588536569802984e-30
3.7175265567238953e-16
1.3615578151981383e-17
1.7915204072931718e-14
2.206017795580641e-07
2.144525521340456e-15
4.99263888397412e-26
3.235102918330282e-24
1.7228670936865768e-29
7.171830014511608e-25
1.1021906397105453e-23
3.1180612110179083e-09
8.836276248833968e-27
2.6987992478247505e-10
5.9835133801163e-11
2.3898551472032692e-31
3.8932968764497406e-24
1.7869545591878803e-21
2.4276264638502986e-12
2.6329671089736757e-22
1.6109885520883784e-79
1.2592014718371832e-27
5.2166824205817944e-23
1.8236650106795733e-11
1.98399656950426e-10
1.734071466289508e-25
7.346629372406235e-20
3.746138084244343e-39
1.5699451122142317e-20
1.500987090733091e-28
1.3990485331768416e-21
1.0841492984203895e-19
1.3819409170902387e-26
3.6831005012544605e-22
1.256632929466082e-31
5.275989956904205e-20
1.8849436926700422e-33
7.941407419800265e-14
1.740795107140781e-18
2.758356102401338e-25
9.708139825873385e-14
7.379857244559165e-16
1.7110686291199194e-23
5.008594481600682e-27
8.605441738965128e-23
3.313988085977894e-61
1.0590151235720268e-35
1.8842793976890735e-16
4.048984031418338e-19
3.2781836147747414e-53
5.149152008487621e-19
8.269073951576881e-13
2.0539744316895194e-23
5.679286908223677e-19
1.259396974558584e-22
4.828872421641834e-40
1.0247520468299027e-17
1.5305680266843102e-24
1.1280569028042742e-16
3.6563855651910754e-21
3.701780782559799e-33
1.1592605157146537e-24
1.2073546436384613e-08
2.0294428450528179e-26
1.5688649841672708e-19
2.5732896795181205e-25
2.21554394994679e-23
1.7005841091364347e-26
2.3379784963119664e-34
2.8278554064517715e-27
1.7307212383706542e-15
1.2870199592264005e-18
2.6595682765566397e-18
8.085754144852007e-20
7.501270006492551e-17
2.261023629447541e-21
7.581282494292509e-26
2.3169776354335475e-23
7.072054398846708e-21
5.419101724419034e-13
1.593633644686448e-20
6.616115624434927e-16
3.256343309642928e-14
1.3727018179521496e-18
2.202464920870804e-24
4.359847438829433e-25
3.272639197398738e-14
4.770011155818888e-33
8.101094949268429e-21
1.9308614010346756e-15
7.12964535212932e-20
3.567489761042509e-16
1.6258077754655336e-21
3.603649737143784e-21
1.4513755000029503e-27
2.4828429293262637e-21
3.0408972538697713e-26
3.6399217127021804e-27
9.992967005085399e-14
1.1870198716785938e-34
8.214896582523378e-17
5.2257352566385666e-24
4.516357644924514e-15
9.656386691639563e-33
7.893742644969394e-27
4.1422606568889574e-19
3.0290962960441956e-48
1.3875687743814472e-23
1.310524084059467e-13
1.0501957681447878e-42
2.7553224950336562e-24
1.0631747767739959e-45
4.813717385812046e-20
6.0257141399302545e-24
2.3182512950457886e-15
3.849552792628461e-21
1.0799863629612008e-20
8.265615503802074e-20
6.649454186076608e-26
3.1505661979086335e-18
3.8855951374879396e-23
4.3109670279626224e-20
6.304611691438307e-20
3.292158938127283e-17
6.814102376216356e-33
3.0069856623238747e-19
6.131290975534035e-43
1.6637909002608317e-24
1.0111718343333377e-15
2.4958562340419634e-16
7.465853227298912e-17
2.4431059395497946e-27
5.571848442881693e-29
2.1075216640524588e-22
8.064616968932409e-11
4.375854890647523e-24
1.051738361333221e-19
1.1202233886971476e-47
2.2178257114733422e-29
1.3286580307048006e-15
4.036521783668352e-13
2.9098727676110592e-21
8.697130241704115e-18
1.2128369456231474e-21
2.970888383141732e-17
2.1680541324622698e-24
7.831832188765611e-32
3.5741242912773484e-25
1.091601699952599e-25
2.182865658948392e-23
2.35762418907906e-26
6.820934407254996e-23
5.731610326745409e-22
3.2244351178834107e-19
1.67835563292832e-27
5.599970690153025e-22
1.187255300296775e-22
9.539036901126662e-11
8.267112767755423e-18
1.6851717137995378e-39
1.5313706530247723e-28
7.20403732445123e-20
6.968981507656935e-17
1.864678956436828e-33
2.358151928509736e-17
8.336884166067715e-16
2.007548949520084e-63
1.036106465294005e-26
4.496914339332911e-14
2.507577449219186e-09
6.206093563082129e-29
1.1538644564036914e-67
1.5552612674590833e-22
5.768194524000442e-58
2.5025331621245814e-23
2.288667769008401e-30
7.329389703983372e-20
7.347948655659693e-14
7.92993706097913e-22
1.9398769218489534e-92
9.52935640861525e-28
9.108571868111273e-19
2.746594078773743e-17
1.2620488401853437e-53
1.9906035493754705e-33
1.655129974584535e-23
1.431016050980734e-37
3.99160507210284e-16
1.0334316997687376e-28
5.295826181076682e-30
1.102074700598888e-26
2.7305965118253074e-42
5.330527070473855e-29
3.0761431589491536e-17
2.3066988722392268e-26
7.863581578234649e-27
2.424803022524998e-21
6.724856162995979e-25
2.0336431998972735e-22
2.3381368171937274e-57
1.417245215862579e-19
4.213550919592978e-21
4.9818069001343163e-67
1.17171594811937e-45
5.134564694079742e-22
9.204663677847052e-21
1.9902803431642657e-05
4.829254092524183e-19
2.1856602162907894e-29
9.453707940435698e-73
1.4180163074414178e-69
8.36904669299553e-19
3.7272475976744395e-26
2.054406267060625e-24
1.9882615188657767e-19
1.5892020832310872e-27
7.274947228889496e-13
9.951716968048705e-28
1.33690167876667e-20
4.178510776606939e-21
4.4357945720478656e-23
9.030978397847424e-22
5.138875404028269e-09
6.24009715168264e-35
2.5527948040955956e-21
3.351388191796121e-20
8.445197396673503e-33
1.4154882245586018e-33
2.7310406677666696e-25
1.0857989882950651e-30
2.17712148222012e-25
9.248157576778265e-23
2.9281207400520654e-14
1.2323379708597065e-10
1.705051471168356e-23
7.608594854454375e-27
2.1640196922811964e-25
1.6032111134538653e-22
4.549354230995089e-19
5.792428682955257e-20
8.413800856037063e-30
2.3543346542637237e-28
5.11466679495161e-33
1.2345585997722133e-19
1.022364103274335e-17
1.3246390763751009e-30
2.826522566377677e-34
4.236330008762297e-15
5.284571277750503e-26
1.9007191694729243e-21
2.8596586285001435e-24
8.120153958267436e-27
8.93363957770139e-27
4.579082843138234e-54
4.557328175839837e-31
8.372550494373395e-26
4.1538670016971894e-18
1.0181518773255257e-85
3.349655236037505e-12
2.3949164531186862e-14
2.128270435450984e-83
9.196164186711075e-22
1.2338470158822277e-22
5.87517653630537e-21
4.416890633294677e-19
1.5551066568718123e-20
4.800910346656124e-19
4.248824304406413e-19
2.837864660846701e-09
4.117931957847977e-44
1.428188432728331e-34
1.5541757739233878e-38
2.828627729609918e-65
3.8513878813018444e-23
7.497410262495586e-27
7.938999933532838e-26
4.1131334325922777e-50
9.446846137241246e-30
3.663451391593749e-34
1.1751743457056985e-21
1.4892631337010839e-16
7.879267715146522e-25
5.087606063726947e-29
8.27107826474278e-31
2.8323768006831054e-28
7.300002241962598e-20
3.992924856852862e-23
4.465996262501036e-21
2.589274869051001e-32
1.1046366918954118e-26
1.1804894192222108e-09
4.9251011235080383e-20
1.231205209244149e-36
4.744987903569698e-21
3.815998107800183e-33
1.792390879530661e-29
2.3825778655053036e-22
3.8662396242929956e-14
7.284740655579e-33
6.90241144654341e-31
1.3531701338069544e-20
2.2766542344276556e-27
8.945439414388125e-14
6.413403045491178e-26
1.1653595869913295e-13
7.811756562974681e-13
1.1402669536111034e-19
4.5826264896968834e-20
6.38190217622392e-28
4.8482926398437935e-29
5.364552575376084e-18
7.508168406352125e-29
4.1204272002763895e-15
4.643381159110076e-26
4.2055538164215676e-17
1.1624437442292702e-24
3.9622709431132935e-19
3.549357444055437e-19
3.1234854397554595e-21
5.801260684329999e-22
3.2120118995868656e-28
9.893005874056201e-18
3.6910852094042e-14
2.3800221210379693e-22
7.762784932880443e-18
2.519940939170629e-40
6.769056073567706e-76
4.636902842707951e-33
9.065622042010068e-15
1.1513315274705461e-28
1.2418692803169407e-49
5.492092535926789e-36
3.742125203773835e-26
5.195412572499362e-32
1.5904865981190968e-20
3.958021697967873e-14
1.0317027493128824e-29
4.385549660571905e-13
3.728825591682137e-21
3.569982175144348e-12
1.3623977582375264e-67
2.586740177803015e-18
1.7089181059246014e-66
2.2541702212667864e-25
4.2730142128358145e-46
2.08006639734124e-43
1.498848317815848e-30
5.644329138289653e-26
6.986180408424291e-20
6.314392570778219e-17
5.593667033742242e-24
4.571048731271798e-13
1.4028313611739152e-29
1.4562307188514661e-60
1.386569423086634e-12
2.1430829618328953e-30
1.888037538504471e-26
1.4950497635107744e-12
7.245149469897526e-31
1.4538684252473966e-18
1.4366148820944082e-32
2.9056452988286175e-28
6.151775207831979e-118
1.9048982081314336e-35
8.47355752475231e-30
3.572763316328039e-33
5.231483263190248e-15
2.548133408663915e-26
2.4338301082567736e-21
8.712465929468092e-23
8.196259497964595e-26
1.5486370831916257e-27
2.2286110269694008e-57
2.0996020595866818e-13
1.375955593890596e-20
1.1404041706828646e-25
1.4433884157115003e-13
9.502922840890182e-23
1.7980318058070667e-22
1.2953728011473288e-22
5.359947693431378e-24
7.802015992319015e-17
3.0614742339357794e-24
1.9008542414999295e-33
1.3447117622265903e-24
9.101566884169574e-14
1.1279883901194867e-28
4.499446815449152e-22
1.8189884835973843e-30
1.8352080436531598e-20
2.2273228179930136e-09
6.389613128646232e-31
1.2661018742350612e-27
1.6749375546679017e-17
1.865336657096406e-16
4.963642000271955e-28
9.740009021096786e-17
8.049034846453198e-27
1.8667889444159434e-07
1.062236563467263e-38
2.600164565945425e-18
2.866267311843042e-30
1.4552706104958172e-19
4.648174712338089e-19
1.937767881962813e-26
4.487164231945067e-22
3.417992873899852e-33
2.252868826412721e-15
4.252533565016449e-18
3.036489489817163e-34
6.40111431482915e-26
2.991015129572041e-38
2.74229034118471e-25
9.166196996856904e-22
5.3429097799103665e-20
5.935487584138311e-22
7.268360493352727e-35
6.85114652391359e-23
9.500244786062466e-19
5.738847621340807e-44
3.043192565639906e-17
1.7671913868720874e-32
1.5268535339063694e-66
1.5550910633443162e-35
1.1495175159444817e-22
8.397860607433261e-26
1.2138993703903756e-28
1.3838882699118645e-16
2.9557770350285813e-26
5.2049913409994836e-15
7.50673307916224e-22
1.5271838007143302e-12
5.185891308843982e-32
6.613412178274408e-21
2.3552823745771386e-21
1.6484742923633906e-18
2.1575069786087366e-12
1.488088297954408e-22
1.1422881755550416e-17
5.466644199567828e-26
5.502447201787769e-31
1.428450488955445e-09
1.0460502323470423e-17
5.629066279967176e-27
5.551270605414265e-26
6.613326604760882e-25
2.1080732600546951e-10
1.5111600750147962e-27
4.395164416188638e-84
1.988472887512888e-70
1.862972033827286e-27
1.4061574002564274e-22
1.0767490032062551e-20
1.9501066642454145e-82
1.242730655854364e-31
1.5769169806918337e-19
2.302540291150746e-16
2.845366482719653e-31
1.4484692796909148e-33
2.586846924570246e-19
1.1396455290277898e-23
1.1710135150505049e-16
6.147318850447576e-34
4.8966288471031864e-26
1.5302811965354884e-16
1.5115073560476135e-23
4.601620650809165e-31
1.495348417444473e-31
2.5666403274561154e-27
9.880679496307644e-29
7.431385750547578e-18
7.02159570384386e-23
9.03114579496305e-26
1.0272615808621078e-30
2.6079027932781145e-29
1.490511265239972e-24
1.1209842450135349e-33
1.6871476664454403e-12
2.5239974811400345e-41
6.507187945283905e-21
1.6516959684943383e-24
6.042503176571224e-17
2.4960625131973214e-22
2.2704758285580132e-18
5.3323936564013464e-21
5.600975541601066e-13
1.7631712981201695e-79
1.8364661567035725e-18
3.0205256086228333e-26
1.2451199491244084e-22
1.2501938943482955e-22
3.236246081536349e-72
2.652638633465188e-79
6.859784857674099e-34
2.0324959934322284e-26
3.0363861638473484e-23
4.029219796426427e-22
4.2737618338322197e-20
1.7058111753593063e-18
1.1752275967188356e-24
6.467275784469925e-22
9.103305625263968e-61
1.560437679941603e-11
5.520481882915126e-10
3.8408100282629206e-13
1.6966797112288252e-26
1.2514455598258563e-20
8.520115085144414e-37
1.8820291610315008e-24
3.497089437875308e-21
1.83009717896416e-15
4.4895579314256874e-24
2.422750686713188e-26
3.8575771628582896e-22
1.8355764709104393e-30
5.458593244570244e-28
6.036093025387111e-68
3.769261124430969e-27
2.923247125576109e-14
1.0057202378799527e-16
8.466761069768064e-12
2.8993171035500486e-21
1.0693961806482055e-16
2.2976933111240758e-26
1.2872729119955404e-27
1.1399168902056897e-24
3.7924519219830596e-20
1.6039617829391357e-24
8.991404053821836e-35
5.9296195583876695e-30
2.9503881274740764e-25
4.3594576264068736e-16
2.053299278848183e-21
2.25054166283996e-30
7.483915965704414e-24
1.6007091260605596e-28
9.804916478498138e-66
2.986133574082003e-19
2.578081636741506e-20
2.3403489526534043e-41
1.3257430421249514e-16
1.8780139129372814e-21
4.473166912002866e-21
1.3265932226103657e-13
9.805088778782583e-15
1.1464664189489571e-33
4.1439563996089305e-27
4.07469756981876e-26
2.640828318873253e-16
2.6310263876862473e-29
1.4323421148532012e-13
3.252042011800029e-29
1.6895905732212402e-22
1.930326562652996e-27
8.039813592148864e-16
2.035776376852757e-19
1.1984554256965262e-19
1.2817466697771084e-22
1.0256314846203948e-32
4.2105611772487507e-23
9.126840104507864e-23
5.03945161235899e-25
2.3390043260138667e-18
4.751981496721028e-16
3.7390904735784184e-31
1.778431958541813e-21
1.4341673410493195e-14
1.9760268871006378e-18
2.9246102211936418e-36
1.377656690088234e-40
4.057299778695949e-27
1.6602012083350095e-21
1.8631202877042148e-35
9.974202798211395e-21
7.381320892545138e-78
1.4190031348426285e-79
7.456781001610606e-16
1.7707623360085628e-19
1.8805170107723648e-32
5.739190408266562e-39
9.401486098396122e-17
8.814659661356123e-27
3.6562407960821947e-09
2.0953480807888104e-20
2.3517297260470375e-26
3.747182318712894e-16
1.3132909508092904e-34
2.246946508728652e-30
1.703743697354186e-08
3.177432895961655e-24
5.355056011566559e-20
3.256865193574918e-73
2.6114059008824564e-12
5.993954170604071e-08
2.173033819519078e-19
6.387572021468872e-26
1.2722849012292451e-24
2.5596611715858326e-23
1.0276358384447892e-31
6.7641805571815e-31
5.764544586720789e-29
6.482298257847005e-16
2.1189599940466104e-27
2.6158665393893853e-65
5.7626680306788695e-28
4.438749268535286e-23
2.1472870575870553e-14
1.9722321471967365e-23
4.2574931055764254e-24
1.1619477677251714e-65
7.318557821693138e-83
1.3332906176498916e-30
1.781253880444089e-74
2.7893415246794457e-19
3.998598666269847e-34
2.671121033900258e-29
3.331689380372497e-20
9.751310167500331e-25
3.0703819405667134e-16
1.537172512894551e-18
5.269243206116357e-52
2.715832909039753e-23
6.294815087644342e-90
8.369105638746103e-26
1.120881737166599e-26
3.797645208909518e-34
6.334375375944234e-13
1.7816696998222658e-15
7.46905786922767e-29
3.2828148078320184e-21
3.7894123789172736e-11
2.1465507115886376e-18
1.5688171461546881e-13
1.9723254097886267e-20
1.925642182985534e-21
3.8497938626013964e-25
7.679194066219685e-21
2.385473790332939e-24
2.585701605609725e-22
2.825330068931583e-19
3.5994902366022832e-25
4.902716578212194e-22
5.545766105497076e-18
2.093838061792323e-18
5.366495170178152e-21
1.9057423809557274e-29
4.2798284217430386e-33
1.7678187592780894e-63
3.261944426340465e-14
4.903920311525821e-25
3.019627479723882e-20
5.135171372929635e-23
2.5224552908594889e-29
6.976395337306753e-14
1.2215247849056254e-09
8.982637579404244e-63
2.0351180665445262e-27
1.9187712981425644e-16
7.494017718095077e-34
1.8520840610208485e-26
2.862774110917119e-72
1.0451168951342763e-49
8.607613245907583e-30
5.504839691311823e-21
9.99245419224468e-17
9.392212045730855e-24
3.35434112941926e-29
1.3871240542501686e-25
7.958594258517698e-24
1.0718516171328113e-40
4.52928126807238e-22
7.318335768269119e-32
2.308888279874199e-28
1.5135170189597014e-22
1.3870112891798046e-12
1.0596280662565324e-22
2.159382670648316e-24
5.9150815832850735e-80
5.243172467875974e-23
5.698469411522789e-25
2.7456014874830506e-20
5.449218516013795e-18
2.6536489729619467e-19
1.1538328723470693e-30
2.137308588299598e-21
3.439503874860441e-24
4.979538763142879e-42
9.946061307739733e-62
6.51649777685833e-36
5.420940761089358e-15
6.033493741972648e-27
1.1355525641370263e-40
4.3041571437540136e-38
9.366760668058479e-29
2.213656861645986e-11
7.547898304642598e-18
2.243468354102365e-24
2.636625397863297e-08
7.012740721974696e-31
3.5952054402641835e-24
7.195753880600684e-21
6.005171216229066e-31
5.261739495987109e-10
5.614789174064189e-37
1.961199510967822e-74
2.367208403481208e-36
3.3524823592374606e-67
1.6723038976155155e-76
1.6700820607125033e-37
1.7705155161370385e-74
9.963604072473524e-25
6.056422928136025e-10
5.105579052478919e-29
1.506654625415731e-25
2.725891140269112e-34
4.033323103352604e-37
9.272075997870825e-25
3.9930928600664473e-22
8.847972850561394e-80
1.1819687355745936e-28
7.2317309650562016e-37
8.75659481813825e-24
4.703433616081655e-25
2.0215305800436407e-26
5.2164765314185763e-17
2.0925773433449797e-32
2.831726310141958e-39
2.137214997948199e-36
1.0409634050095047e-17
4.7305383675859784e-11
1.7199163910607537e-26
3.264251235194077e-16
2.8266270729762075e-42
5.954979821508057e-26
2.6012477569172314e-19
1.6212381693912974e-12
1.6512995639579838e-25
3.19696797031291e-42
2.0853153915128486e-17
1.0236754639556701e-38
2.1929221439822496e-34
2.6221130183650586e-22
6.648588131409658e-25
6.31442736537603e-11
7.796258954356802e-23
8.716967496479318e-37
3.913516584258646e-32
9.007239142712637e-19
2.855272892452097e-32
1.1044648519141994e-19
2.4280428026164294e-15
1.0645826579730812e-17
4.473421538649127e-21
1.2777898882377044e-21
1.9514808339024382e-25
1.0534806843670261e-32
3.417051308750381e-24
2.1210477807271543e-27
5.726849277135356e-23
4.135663297908135e-31
1.2731171313879334e-22
5.497107095461766e-29
7.995500822491099e-24
3.167539064358793e-15
3.112646873000301e-31
1.0960467261118934e-22
2.3580815029549286e-27
1.2027014508068523e-64
5.3801133968315465e-27
1.6897485432888825e-20
3.4411126786145305e-19
5.751756070888135e-20
1.5784052690526926e-18
1.5369211045523342e-43
1.1260134735950454e-22
5.658461800510502e-20
6.254538117510579e-35
9.19194416344634e-25
8.043090943723264e-26
2.892479490373165e-23
2.0023884094486146e-18
6.66572047631594e-35
8.78693153034927e-30
5.123740143258975e-18
8.617306561043556e-28
1.1290805993350788e-19
5.605966688937455e-23
1.8758461798467573e-17
5.205121977570495e-17
7.348990144875062e-25
8.337615239927111e-32
9.494572224392222e-17
1.002578764403577e-20
2.654054331803816e-24
5.101157900416136e-16
4.084502071645017e-12
1.3026710837549744e-71
1.0965046298230492e-19
4.369326015968946e-31
3.1575841514706177e-15
6.342096635360087e-21
9.1350333553888e-18
3.316268068629854e-28
1.1542084422916188e-14
2.7576335492560546e-23
3.4321946425656505e-25
4.837520247056212e-28
9.667272946780603e-29
1.7588227381586162e-15
1.565068564168604e-25
3.810606626010978e-18
1.4012141214823398e-14
9.657548486898087e-23
3.521360062256961e-21
5.841588278074563e-41
1.0496117079378133e-19
3.870401178385751e-75
1.3290049846241298e-09
1.1954769496099043e-09
1.324659929352758e-95
9.844685659822824e-12
7.028108684757045e-33
3.133265045653883e-20
2.7181219944558326e-18
3.0210094944119894e-35
2.6805897046731177e-06
3.196435609857855e-24
2.569381241299524e-24
7.08326498267168e-20
1.9802019621362602e-21
1.2226259443209305e-25
3.1866144525526685e-20
5.04550667726419e-22
4.9782229048480165e-29
3.207865168861315e-26
7.3745820453027e-15
9.690203441050093e-22
3.108839901527774e-20
2.0003647038318883e-33
2.2935457219659276e-23
4.1350841107374703e-22
5.642809856478325e-18
8.048066539002891e-25
8.260365802155131e-28
2.64772791679695e-15
2.655963307416829e-29
3.0182467120627574e-19
7.837090819191579e-31
1.1038647601576436e-21
1.044543803537508e-43
1.3562689757126915e-20
4.0498441420639904e-67
1.7955315012110513e-21
1.6154639773571361e-24
2.058448037154695e-33
1.2809016278520761e-30
7.936360679398603e-27
2.0294744712744902e-33
5.298751077837459e-32
1.7060318441069005e-22
1.881169775551256e-27
7.843250588400404e-25
8.836055517771621e-13
2.1460359480487355e-27
1.7677267833980048e-17
5.050326133720445e-48
1.6104167251206556e-22
2.240132883951702e-27
1.4369242469044866e-22
3.3785363962014926e-27
4.6604444290945175e-27
2.147956907182315e-12
8.738019229597537e-36
1.133476296443241e-29
4.500284413348784e-57
7.70377645804227e-23
2.817038974005479e-24
5.927891979959168e-23
2.644265872615384e-18
1.3716316094964829e-17
5.932203151948747e-17
6.506483975165455e-25
1.817778054443415e-24
5.696815486190428e-26
7.2650427911367e-27
1.1416405951195509e-26
5.1919850386728646e-23
5.8165488903570966e-11
1.882646964067318e-94
3.6573515166133054e-20
1.2866537778856688e-24
2.1566762088373153e-10
9.83265032004854e-14
1.7881592857869484e-24
4.9244674838495084e-20
1.0831805698761276e-19
1.2746587574017104e-17
1.1074338649123984e-17
7.932860094920069e-22
2.289906491314266e-31
2.6742068169027895e-74
3.76469068333027e-33
1.3233842516453772e-10
1.6684107007970754e-21
1.8614925586277494e-20
2.597634527605955e-28
1.5034792128174024e-26
5.284333843103421e-19
1.5192221201043313e-15
2.1525959033942412e-18
1.2915313765767619e-20
1.2067720162318656e-18
5.010533781385617e-29
1.3034150127794267e-31
4.4861673197740633e-29
2.739789448245288e-28
1.9170713424248935e-27
7.513143368958439e-25
7.109048201403541e-24
1.1957337290269975e-12
7.166768636723203e-19
1.8760576018144416e-21
1.7149279760514266e-20
2.4501651293443193e-22
3.577747287955357e-19
5.80605752508747e-19
7.752858129108106e-16
3.350473236854177e-16
4.082539084372186e-63
6.941063342658386e-12
2.072229511724578e-29
2.869936155695254e-28
2.1423559779631722e-19
3.123056990894135e-60
5.116465639849664e-18
3.6602164976088323e-10
3.4424792276693147e-23
3.3334077958956776e-11
7.321600489075456e-33
1.0838779925626567e-13
3.2386194557452446e-15
1.9713410727105257e-13
6.099727744768186e-20
3.507428927181949e-16
2.146168038349977e-19
1.3971387648195412e-24
3.683400651105145e-22
6.031820069967052e-34
6.93503547909331e-18
2.780498089229698e-26
1.0718558021514613e-18
1.2022788540816518e-20
3.280424700277124e-29
1.694260263353594e-20
3.96464120716862e-27
6.050661849608207e-39
6.0910620586871814e-18
1.3339252090964981e-34
7.735140823436517e-26
4.5190681762488616e-17
4.695176739891229e-27
1.38710322704497e-22
6.242564804791082e-31
8.564887390563877e-22
8.553325586677211e-26
2.969441364785397e-11
1.9932362151392915e-25
1.7164582950168095e-42
8.987872739306652e-35
1.7834683491191776e-12
9.43530416043959e-22
2.7619289912226725e-24
3.966695547812498e-20
9.566830428474944e-26
8.033824748019775e-23
6.14410432132138e-34
4.263260504264101e-46
3.2003914167021442e-18
4.940163600481564e-22
1.2118000280589394e-31
1.1463243448356334e-20
4.9375332833612196e-26
6.470432719310264e-19
5.275658160051775e-49
7.869639684957473e-28
4.474804335281599e-25
4.617256610254118e-07
2.253155442265859e-23
9.084230212652956e-44
1.9848590636867352e-25
2.3545524036186253e-31
1.9672310130830903e-18
1.7365083818749944e-62
1.530237537225245e-29
3.902398476949296e-26
1.1165689418727375e-22
2.527821782308794e-16
1.6330845972044097e-18
3.971705506066282e-31
1.4299792442134428e-25
6.152371306272375e-21
2.312240284075022e-20
2.3286642484862543e-30
3.764077417860735e-15
5.1890872995598436e-18
2.220554526640717e-73
8.053389359601473e-23
4.4291352636918254e-21
1.6715359661778349e-74
3.444498253382416e-27
2.2954784210343392e-14
1.4750142137479184e-11
6.727568655494088e-19
6.820227480967539e-29
3.1593435754175626e-28
2.626087838260365e-38
1.5046928308359402e-32
1.64319556901483e-28
2.2034848020190725e-27
3.890453460859975e-34
5.93665447838208e-26
1.302940707492975e-19
1.1261732256230171e-32
1.654782866547432e-24
4.6661528528263905e-65
5.990360149828104e-32
8.933451531139001e-26
1.0577187906194046e-20
2.3141528185719876e-25
1.1892274611918018e-50
2.164608913718889e-06
7.677044382978163e-76
4.537497159904582e-19
7.24017982724884e-19
1.9699875860599928e-22
4.84346759853824e-19
2.2149396638613827e-06
1.5380113889436532e-20
3.8166746086229345e-17
2.83155312327561e-18
3.0390142629203186e-29
1.4640678700977373e-22
2.3990420412740396e-17
8.420467580775434e-30
8.936056901809818e-33
8.976457505525557e-31
1.7762590245478933e-16
9.00866770171043e-30
2.5011917860834924e-17
3.1415436213119846e-24
7.227973290080386e-29
1.1002376593743155e-19
1.8239971227459433e-24
5.7492394390357125e-24
8.301177710456923e-20
1.6137241444910914e-09
6.614098055416052e-18
8.572500750021087e-31
1.3930543383333154e-36
2.0032282609724435e-22
6.502237994727344e-15
4.310950820595472e-42
6.555012668214638e-19
1.5418114748695024e-36
1.9969970757320137e-14
3.2419279545784046e-17
6.75980648195206e-26
2.8424981393740545e-40
1.5980761987352194e-23
2.132207463620505e-21
4.22117804388572e-21
1.791870505594532e-23
2.9355816834124034e-28
5.354264829733515e-27
2.0538694831111357e-20
1.5240342236457437e-35
5.861683716933568e-29
3.1948613078310057e-24
7.4910155601289495e-22
3.6444801676594966e-28
5.272821828416315e-22
8.486462849265739e-24
