1.8040000478635227e-13
4.049725692714147e-05
1.0398027330439777e-17
5.05072052997543e-06
8.963947122095662e-18
3.849546686875634e-17
4.36643456927007e-21
1.7607480079381344e-37
1.196555251429349e-17
2.3146477293424415e-17
3.963737953459365e-18
7.845620311885665e-19
2.521240015000569e-22
5.0201982537182236e-18
8.031290781353982e-14
3.291859344293412e-20
2.7917552130653396e-05
1.7989907251645476e-14
3.1572933396474348e-19
3.0706044934322145e-10
3.8139145004171743e-28
3.227791215119751e-51
1.3656448837976176e-15
1.936533500472113e-18
1.0097915521926303e-56
1.1563103752545045e-15
3.3666641328002384e-39
1.436444991252481e-17
3.1934474672369137e-13
3.8411876680873697e-19
1.2268652247416085e-13
2.7014079511904857e-16
1.3467358461666863e-20
8.500370690481165e-22
7.862701137508238e-15
4.369091126793411e-20
8.356779020727508e-18
7.679604449926557e-15
1.1125981857819834e-14
7.149386868997473e-15
1.788199012691113e-08
6.725220765674444e-13
4.487346478260661e-24
7.575560826208248e-10
1.988122514372315e-08
2.699131102907409e-19
1.974435788158481e-59
3.85179882273287e-17
1.5746493676363022e-18
6.589077251064439e-16
1.1425278765677467e-12
3.645264104433849e-15
3.5858324123975004e-29
4.3316525999030143e-19
5.1318748586490956e-24
7.546667177590402e-36
3.3395284857739397e-09
4.926912373763637e-07
1.1281257113344842e-21
4.0650849055457455e-69
2.7857566079464617e-23
1.1761450786544035e-27
1.9889567978585642e-56
2.5055469740547338e-23
1.6298404533856194e-72
8.112727597423649e-08
5.447646243019275e-12
3.649360161303015e-28
3.6350549390140444e-14
1.6866526838179892e-18
3.663005176236611e-13
5.641230428379497e-21
2.6734739205070316e-23
1.2772580284477078e-09
2.596258715192069e-15
3.267842038254167e-17
9.771376293630045e-15
1.7607664933435917e-13
6.597444920567584e-64
1.3472073901783058e-22
1.1723448976822245e-16
2.18045238034464e-24
5.702705274526854e-21
6.310999898425961e-24
1.919057039327844e-11
2.157462830665774e-17
6.019062342914694e-14
3.606666568059006e-27
4.2900430832734e-22
5.603354887006458e-14
1.262355754991179e-32
6.722233376768263e-07
1.776653772093844e-20
5.327924945227148e-29
5.02808763868431e-67
1.3054595997530759e-09
3.7393350087885117e-17
3.037197949590685e-17
1.2813181561599792e-14
1.2817331633952912e-13
2.2991821750205023e-09
1.2640929199476927e-09
2.2214876783150417e-20
1.2016344545710896e-70
4.2493616115314796e-16
4.020010072183472e-21
1.6624158376033687e-67
1.0085469736251941e-08
7.764609643920982e-20
1.0535947469394956e-16
5.645638171649207e-13
3.9954802421585095e-12
2.6707713514843733e-14
5.909922355904973e-21
2.149360219643168e-20
7.145351861002183e-19
2.4604171259988513e-17
3.6662501071961297e-10
2.0468769473372422e-16
7.475372571800214e-14
2.389810723965899e-19
2.093220512042208e-21
6.982199447796233e-12
2.433099252697555e-10
5.773779156421353e-20
6.447647529807578e-30
4.28902485160581e-07
4.593977389166138e-13
3.159046553019446e-23
1.0145919496995291e-24
6.36245325271906e-11
7.18783295408477e-15
1.474490788524745e-18
2.7872514194957617e-14
2.6286257508549645e-14
1.23129333591076e-11
6.757977522577831e-13
1.9200393427493916e-12
7.514069019989844e-62
1.42383997944437e-11
4.32732483537588e-18
7.434502506712378e-16
3.471265328624721e-37
7.599805923620756e-13
9.945244655167784e-30
1.2748581329303532e-19
1.0016963215702063e-15
2.1712140202172004e-09
1.383298642488234e-28
2.4225626693173688e-23
3.1207189723856585e-19
1.9191144441889128e-24
2.2296398102167728e-15
1.8885887425645742e-13
4.3816191755343894e-10
1.2608639129366545e-24
4.021835120043612e-08
5.7447361199657e-22
9.010499117955004e-17
6.763639538185915e-18
1.2474515536457784e-23
2.2670335684664565e-14
1.6975363813748908e-16
1.9220003816623008e-14
3.445394287985371e-19
2.7026956216724727e-24
6.34355928183389e-26
1.8047257667677362e-10
4.660998266435711e-19
3.4931642798616727e-26
2.989692088812271e-15
2.674656824414469e-13
8.811961887029248e-29
1.0804442101919759e-21
3.709789775238927e-16
1.0977587240039307e-19
2.199980997409639e-21
5.408288160383841e-19
1.4526887083289644e-15
5.860058098694933e-19
9.586942189970964e-20
1.896747625263573e-15
7.583519382955119e-22
8.890695422330263e-14
1.2512948361468185e-22
5.562851570098322e-09
2.7128700100675654e-18
1.2426262873276977e-18
9.917444060491533e-10
1.616985004775316e-20
4.163523843345174e-08
1.9944869612746794e-18
1.01332899177009e-24
9.314193522414982e-18
5.736073319254076e-05
1.8925801241865624e-53
3.6872973991911566e-28
7.852834355910155e-17
3.224842470920128e-22
3.8332475133697934e-26
5.118879896437055e-19
3.980697795323076e-26
2.2870039420160762e-24
4.9265467872489246e-14
5.526395341928519e-22
6.6914670283483315e-19
2.1311886532057377e-22
2.879432830089207e-10
6.037654883253788e-20
1.519773541382303e-16
8.12604705326591e-11
1.665194556783659e-20
5.591065188068458e-13
9.613094491456937e-19
1.877066655807171e-17
2.4234820377963434e-17
6.548448540367896e-12
1.94868170009817e-67
6.111294168209483e-33
2.3803697641076007e-25
3.2049549915484096e-18
1.3960895589572267e-20
3.4784864616409623e-22
3.390792470522891e-21
9.217261440897793e-19
1.8849483241543783e-14
1.6893998632077702e-15
5.3800155855594686e-21
3.529248161464884e-15
7.191381381208503e-23
1.0359956558462664e-28
5.922784101556989e-17
3.116672339306541e-11
4.5762085038742707e-17
1.9214914891376345e-64
1.1901169748193819e-23
1.012064194174344e-20
3.6034094403927784e-10
1.3468406350747237e-23
3.803511393277544e-11
4.280196208916188e-36
5.213513894745103e-20
1.5233282142460543e-24
8.137772045626366e-19
1.0222147704914275e-06
1.1178546358127894e-08
4.2520118692830535e-14
2.6005871044659297e-10
1.3937332382384158e-19
1.821945073971209e-20
2.9374169143731354e-19
1.152373324795236e-08
5.515336940486373e-14
5.35665717964364e-10
5.13003411287674e-62
4.218923622576664e-15
2.0092142351929368e-18
9.72291719884762e-12
3.675748319735672e-12
1.0220002096608432e-17
7.881280998128608e-12
1.3580938416702444e-15
2.4588577249105872e-14
4.178394295859672e-15
1.1418404132902665e-17
1.6241334471243923e-14
1.443088469106532e-20
2.283900635876305e-19
2.490903513835277e-19
2.0363469839182903e-19
1.9132656852190208e-18
1.5763129140835502e-19
1.9537095250293666e-27
2.6212490485299567e-18
0.0003518801047969547
1.1424437564659373e-07
1.5042688700163735e-08
1.2285671695021465e-20
2.028697753416257e-20
5.321322974893116e-18
7.612819450952137e-13
8.930779407876154e-16
1.537941585029621e-24
3.7607725315743036e-62
1.6048298221326247e-66
2.4848062282055555e-12
7.171220628280348e-12
1.6236501398175875e-18
8.274148193429617e-19
5.337407049547705e-19
4.638696844577262e-26
1.6246840975114998e-18
3.4090759843968262e-28
3.226877036317998e-57
1.1883634842540401e-17
1.7038112388651604e-19
3.259315937547695e-16
2.1122493090055944e-15
6.268571293813777e-20
1.441448987474705e-23
1.603049671444742e-22
4.29428552565427e-14
1.0947468887576033e-31
1.125444423493965e-23
1.88021066911134e-14
2.0219295191817732e-21
6.541135700959628e-14
1.0150890182724402e-20
3.4495721577558695e-17
3.79728217832197e-08
7.267407796675136e-15
1.6566304809253763e-14
2.7888351908771774e-10
4.9898901953019833e-29
3.725783528464375e-57
2.163675381998761e-22
5.86839297535564e-17
4.8116831631816986e-64
3.174295337361508e-10
4.873694610201612e-21
7.9470843267146895e-25
4.765674786869877e-25
2.619427959995346e-22
4.590099496434523e-18
3.534858258390534e-21
2.1715014927935527e-14
7.824418268302854e-16
9.586529719187166e-41
6.350365357974058e-11
3.3401594792687747e-20
2.5080760204876665e-16
1.3099361920292258e-22
3.433402400801146e-15
4.248704442793325e-11
1.1971848334289731e-11
2.926745540766428e-18
4.488311845889818e-23
4.278770075661888e-30
4.523478993539275e-16
2.871184033784365e-13
2.568317419107767e-10
3.1057365654382004e-16
2.4910723693131216e-42
1.5920393971848878e-19
1.1567098138568495e-18
2.0584933144222943e-16
5.39155813511723e-25
5.479852499873856e-13
2.141913463508865e-15
2.397936105989097e-12
9.880454508376247e-25
2.651021632370044e-13
1.680326301182366e-20
1.9105146864900625e-12
5.05175081653249e-11
1.6379757031400508e-15
2.8487290206781323e-20
8.192840126716118e-66
4.81910427673277e-12
7.2586793975968945e-28
1.749264161120378e-14
1.6121410038286054e-10
2.7994041853620392e-21
2.417596083406038e-07
6.41862885578185e-17
1.6628480775252856e-24
2.4337037679054325e-16
2.6595722469776914e-19
2.6326056854075695e-11
5.968232934613173e-18
1.5564721435947666e-18
6.552914147423434e-26
1.531873004823623e-28
1.1971955952914628e-23
1.1311987504233947e-31
2.227505494441206e-79
4.550977576588791e-16
2.0459849447390667e-08
2.3642371940235016e-63
1.7921235453832253e-09
3.943582098044718e-17
2.7192183049834155e-12
1.1188300251029453e-19
1.4593542042038516e-09
1.894359826070248e-71
3.931273941344558e-21
4.4208853233846185e-18
1.3206101915392633e-20
1.76066243905305e-17
5.566888453472957e-16
3.4293820547968607e-63
1.131774730125748e-11
3.079834190182699e-27
7.924470275721863e-15
1.8859554403267847e-13
5.941859287887976e-12
2.228246357346472e-10
1.2103723286251698e-27
6.74736671127642e-40
1.8678599579518332e-22
7.944705104194505e-20
3.2478741737497974e-17
4.002634810353771e-13
1.2718594668771426e-26
6.284222574214942e-16
6.559453199555348e-10
7.517775317526507e-22
5.052139522963868e-30
1.1398547328356762e-10
3.227258664802201e-17
1.0679436009597071e-10
1.4509352868562397e-26
5.633462193674943e-22
2.1696885379732846e-75
2.2227296588450427e-32
3.087380814203653e-14
3.557690052798524e-11
4.192610400743655e-18
1.2161246869032732e-26
5.258636187776273e-18
1.3511051928627566e-10
4.42434071746668e-61
1.2914701873242353e-61
4.288365218200802e-15
3.057115717924415e-10
3.7357467334391e-08
1.6750274469751465e-13
2.2053905113026143e-14
3.4135156708528137e-15
3.6357720131428963e-13
1.1990219651289901e-18
3.461672952018861e-33
1.1302446098904181e-06
1.8953209629758035e-13
5.248559580271831e-26
3.2989222144613145e-18
4.1733906921527185e-16
1.4132325350530872e-17
9.53711611366091e-20
2.9991308896772388e-58
5.323746173362082e-23
2.337467430429867e-12
3.942892873497766e-16
2.664657133603331e-12
3.797130652033171e-23
2.2934828444929185e-11
2.469041506121812e-07
1.4379339207157536e-17
1.018942196411535e-15
2.4280736239215734e-18
2.157812049754161e-22
3.855156302361498e-31
2.727758979648769e-12
1.3858978233465285e-10
3.870191505202048e-13
2.5033596229813995e-30
1.1595734816912987e-09
7.997361149853479e-19
1.9597753191417933e-17
7.02548255590382e-12
3.4667380893846237e-39
1.3567512036400025e-10
4.718642143931836e-09
2.228235059720984e-18
9.515488178064004e-67
2.624916390622416e-07
5.214803117899377e-12
4.758909981379045e-17
1.6731244756805153e-19
1.6166860934335253e-19
2.936727851707098e-15
2.2731048417473354e-30
8.934313320944663e-25
7.775079695676594e-19
2.7100805060368085e-32
5.144412123317018e-09
3.576732895902744e-17
5.368554555401226e-14
3.8890332342431395e-14
0.00011924304268036626
1.5158093861751026e-13
2.305522179068079e-34
1.1080465232660138e-18
5.757370576945127e-25
7.458415195058345e-17
5.074011835498025e-10
1.0011682938883533e-16
4.505450414881564e-16
5.153291049699413e-12
1.8766191772794798e-11
3.021078522530823e-14
7.804615352282873e-10
2.0067578396526834e-15
5.089486947411653e-21
1.1569921412577501e-22
1.994626050172218e-68
2.1680770483765017e-16
3.3417686398934655e-12
6.656879682346623e-17
3.163180345788338e-19
1.7841613490675326e-26
1.0612270217584422e-15
6.56320046097221e-14
5.747747764790881e-12
1.3878585486370324e-11
7.84472356731433e-15
1.1091616791615043e-15
3.4389003336709416e-30
7.110245781008372e-06
7.018336223043769e-13
3.6490835374160164e-08
1.895476801608935e-37
9.665202146262784e-18
3.21977956212113e-14
0.0002765077651454909
7.283132465599579e-13
5.764129571050378e-21
1.7540269820330608e-21
7.221404512467055e-62
2.5609478609764783e-20
3.729284278941682e-24
1.7545150098894148e-64
0.014616769019468734
2.854573254877945e-19
4.4655503921934623e-23
5.235578645153814e-26
2.4996313262862947e-25
1.2707167951615625e-13
2.6290542433840217e-39
1.6708192523344995e-09
3.579243264193392e-15
8.437523456694155e-10
3.679750020274552e-11
1.2671572126271577e-33
1.7790747033940966e-06
1.5708265090537032e-18
1.6098254162588277e-19
6.0583483466951286e-15
1.6716713615755168e-81
5.570804422700485e-11
0.0021241256712958845
1.461380812625564e-11
2.495718295373978e-10
1.3203835509639991e-18
1.651647572958866e-26
1.5382815367831865e-19
4.4074914171899846e-23
7.513135310989222e-21
4.9648394279719325e-20
1.7587143500200904e-23
7.176448276651325e-14
2.0080116039322157e-10
3.3682027502184677e-40
6.702271047587416e-14
4.417872829824211e-16
2.9865002810076156e-17
1.3048224081107164e-50
1.9847207475743377e-39
5.778819099138327e-17
5.7711828103835915e-18
6.306621502618257e-09
5.579232068352511e-20
1.15160273343094e-17
3.8620350564268e-22
2.457513160175032e-19
1.0375567266802372e-73
2.6200659237772253e-18
7.648602499964756e-20
1.8191198551375105e-13
3.200922037054622e-18
4.1194873294163495e-12
5.383142105040623e-15
2.983777057098544e-11
6.603514004030908e-08
3.528994657325049e-10
3.601215958881861e-15
2.7277213095500324e-15
2.291356859893978e-16
8.605945670263174e-15
1.3627976787737571e-15
1.4598407828628707e-13
2.6491735323754998e-15
1.825602628970412e-22
8.945503657947464e-16
1.1283286492462461e-24
2.4873561339808352e-42
8.414397273112858e-17
2.7110588269459763e-19
3.0211770843478423e-14
1.2562411090815887e-28
2.279790942753871e-21
2.326687401920203e-16
1.0737243591721974e-22
4.7475218415125616e-08
7.338604447697419e-11
9.64502013516852e-24
1.0199180069102205e-25
8.233885643544626e-21
2.921456211876413e-06
6.585174078718224e-62
7.802708227148289e-21
1.4441143514989241e-39
2.256988387644602e-20
4.348281137719086e-19
5.855727460664658e-12
9.405808587820575e-09
9.216349132197943e-25
7.605771428085658e-12
2.9023451300413255e-14
1.783215310481839e-20
4.902963208649043e-14
1.499129997680413e-21
6.644064011229435e-30
2.0645810734189618e-19
4.5954468942696424e-14
3.326415958288176e-17
8.880373730557054e-37
1.870551019671399e-12
5.955451655279318e-15
7.881738677828756e-15
9.62009769472449e-17
5.941796580242167e-11
1.1515689448076207e-14
2.4502257081777323e-23
1.41782298200455e-16
1.1306731289623338e-19
1.996629209077847e-14
2.6725765418614015e-30
1.8572424139596304e-19
4.483767780146487e-22
1.8533720425089166e-22
1.7400800008835302e-21
5.9067777530487585e-22
3.6807212886388913e-41
8.992838695351424e-43
2.28383333138751e-31
4.278065507629933e-30
1.661765682046434e-44
2.896964989039349e-66
1.5042662897346157e-13
3.643499475299202e-15
2.1301917762815367e-12
9.289473722097257e-12
2.686163446227801e-15
2.3012955660172037e-08
4.610889410087942e-09
8.460351724399588e-14
9.88057272517272e-25
1.4201565937824095e-14
3.127346974479632e-25
4.007685231953043e-19
9.025998354268e-09
5.825200280941578e-13
6.795031330144073e-14
4.2231128719544735e-11
9.849288695564087e-11
1.837173340644312e-20
1.700754629835576e-10
3.6787184155214394e-30
9.703919551650192e-29
1.0104470201551542e-71
4.183682042823868e-20
6.500185228436773e-17
2.1594494297632538e-11
1.1608366321725184e-20
1.024436301171778e-10
1.817500068942762e-28
6.0577622846918004e-31
9.520425998793326e-17
4.529098458629242e-21
1.0756373017233895e-16
1.2645198509244112e-13
4.9042191644036845e-25
2.0758236515604245e-12
3.46189856582325e-24
4.90939873583753e-10
1.665977558586322e-24
3.868923663590495e-73
2.032858259225843e-16
4.623677677738329e-11
2.373008021694861e-24
6.428906051118624e-19
5.8686530378543126e-12
6.632240459698233e-18
1.4659806763110773e-14
1.7839013418306674e-16
2.8211767859746764e-16
8.389748121870339e-25
7.187647577979473e-30
2.0491308794081206e-09
1.1184079715806706e-33
3.9881145435293482e-25
6.549482227017208e-22
2.61911731756822e-12
3.129836452039622e-13
3.747293551249576e-09
1.4865907831794499e-49
4.7400506676074445e-08
5.80567645306414e-18
1.1875001713317591e-20
1.060362781338721e-69
8.438194659299278e-16
1.0748245640965919e-57
1.0729508124344355e-13
1.3158199590392592e-12
3.5936153685170427e-09
2.448173840764102e-10
2.1309366799125853e-16
4.281446306163606e-17
1.442753080031282e-15
1.842603098602291e-22
2.6468693029458306e-09
1.0235330746276252e-16
4.7075146122062004e-08
1.520247658015267e-13
1.2021001684945554e-13
3.2936252712065385e-12
1.8234085155092457e-19
3.7055783481520006e-21
5.173528135157971e-08
5.504651422289843e-15
3.39346609328657e-20
9.643274967901181e-20
1.0640242973343747e-19
1.4349814261657463e-10
2.3647162318277706e-20
3.366464018345897e-14
2.461659894111696e-12
9.84818337836189e-16
6.946167025676954e-18
6.594156506012431e-16
6.119745623892221e-09
1.7444135201841325e-74
4.344114592474146e-09
4.2502745473852365e-20
1.994756013602402e-18
7.858918097582064e-25
2.26889931194785e-73
1.517579117373893e-73
1.2287125380032126e-13
2.8781281224831444e-11
2.4577542779807034e-18
1.6200469387519114e-20
1.51688590273071e-23
6.433350359527237e-81
2.853472944416885e-32
1.5945709934207943e-12
1.0528251444310458e-28
1.7921235453832253e-09
2.271601241423047e-11
7.51261720535862e-17
2.1118364110686476e-25
1.2479456525619487e-16
2.436198179937527e-29
7.507005182982776e-14
1.7542324957495834e-18
2.8541597832884296e-12
1.3806177647501052e-28
2.1704212557467604e-26
2.320092851510021e-10
6.6089360454731134e-15
2.286747100708296e-19
1.4454716456862685e-10
1.9695979975272515e-19
7.07922067359126e-11
5.3646897684832025e-36
7.972311549711644e-22
4.3986262581561456e-71
0.00029021030511306687
1.5866938758073617e-18
2.0813666002410586e-29
3.0806047184092866e-81
2.0585871111633424e-11
1.4790964229074106e-24
1.5869030643754485e-17
1.151985747413247e-22
7.979571999822595e-32
1.4773996755858952e-11
1.9894079012349403e-20
6.231826102890453e-12
1.1365749690754024e-12
1.0867683256732882e-08
1.9422761697696065e-17
3.842658815349181e-13
8.169757640362596e-12
3.544225367072912e-16
7.666133367755992e-22
3.14664366521134e-18
4.8302406149187e-34
4.7049437782102554e-18
8.148969349813529e-27
2.0816794506209494e-24
7.828543150442587e-65
7.451823320849057e-18
1.4371041143068674e-15
6.026471590030477e-19
1.3875434285480574e-11
0.00016622944999555405
6.906270199328939e-16
2.7576395434352806e-13
1.4043308595662258e-21
1.9077247202388954e-25
1.1084468708644607e-10
8.961997670142883e-37
1.5777364678585632e-08
1.0334009547094343e-25
1.436373561961467e-17
3.0287649711428864e-21
2.3162435049023375e-59
2.0850339246708327e-10
8.49948083083626e-18
3.8503159770191897e-28
8.498609696319552e-22
8.15793082859133e-15
4.072607961317871e-13
2.5400816688693098e-14
2.1699571185112175e-20
3.8332845153634245e-18
2.6437842639502053e-19
1.807418381034963e-17
1.515317576506067e-10
8.315214194382172e-14
4.49928917008551e-16
5.109741604918469e-55
1.2302229801713669e-16
3.9434672046302153e-14
3.1110597102124345e-19
3.463410301392283e-15
3.816286267330952e-18
8.564281177990249e-17
1.4623243725757135e-16
2.22775949085791e-14
1.4261050986114234e-11
4.8720134763124625e-18
1.9876209391903437e-28
1.4346785469683771e-21
6.509680485175559e-18
6.492223503080648e-13
6.52838584513081e-54
5.353514465540576e-31
5.088450900032564e-19
7.503898566983555e-27
2.457153595293507e-11
3.080170451289649e-26
4.972023663346686e-47
2.326226013267015e-16
1.2908218448711836e-21
1.1757092056710038e-13
1.1360315570058434e-12
7.265015225562429e-05
1.5119623911480352e-13
1.242191077673471e-05
3.3237918174828235e-16
2.616037868169282e-09
4.0431334618080866e-15
1.0774810591037036e-14
4.285957348310102e-17
9.218275573548642e-08
1.261961541731166e-08
2.7736983484807013e-13
2.7512749269235765e-27
7.785646431957688e-28
4.1541957631752404e-32
8.490746217566323e-10
3.662904607974127e-11
8.162612394640764e-21
2.692617104825566e-31
6.312431420405205e-17
1.062767338041554e-11
1.2671507625475295e-16
1.8385228609931497e-19
4.2770009607073644e-07
9.193648718411807e-20
1.3869174878447321e-27
1.4235138086977413e-16
1.1735875148373568e-18
1.3312966263300018e-10
5.153297046850909e-13
2.1053108521683775e-28
2.443035068361615e-19
1.2373931473483852e-16
3.4413739779380735e-22
8.704250587620402e-14
2.0692946361649522e-14
1.092901473354211e-30
3.091900968942451e-25
5.827434539049448e-18
3.1445630583042698e-18
5.208785049832091e-19
3.147129917412458e-22
1.4178405594125024e-12
1.1342927275944045e-10
1.2363204298742734e-21
7.08981447332417e-16
1.1437663876273142e-30
1.0586463348675883e-15
4.751088432646423e-11
5.366570358354057e-20
1.7712322780229839e-12
4.352226905407077e-22
1.7596348278073975e-21
2.223269063303233e-27
5.743847011563566e-15
3.5748885617689985e-13
5.249621315807842e-09
5.652016938251766e-15
3.5282475050500044e-20
1.4152950118657246e-13
3.3242833236566123e-20
1.7110867493979318e-18
2.875336389315938e-17
1.0404149293375353e-16
1.1003959275450416e-24
1.4211383133739652e-73
3.2771505599982084e-15
1.3957509183119583e-31
9.559305131528432e-15
8.427512483007652e-19
4.2701834448643494e-14
5.300616519507858e-17
6.342189690962376e-58
4.125833793677925e-12
4.980317798677071e-19
2.5930850763681086e-09
1.7463178916335023e-16
2.7392489999460675e-24
3.680559824993581e-72
1.5080810705534924e-32
1.4504930358459953e-29
3.236661753342702e-17
1.5990836058884206e-16
3.0683617242825503e-21
1.1715938357721937e-15
8.771779012501911e-23
4.1383834752421453e-08
1.5150940601004196e-20
3.242352226727016e-17
2.4611580057619253e-31
7.288052533331364e-19
7.805059417734569e-18
0.00012427103829352603
1.4866923955270495e-17
7.389093156937396e-16
8.298956322550766e-33
2.0487666961904787e-20
1.620045528992453e-16
1.1370208997323053e-13
9.309219709618649e-68
1.5187468750512087e-21
7.903124590147148e-42
1.56437428630217e-16
4.784732638361101e-10
1.4214973342239415e-07
5.480752496383045e-25
3.081948650519206e-19
7.747316204623767e-23
3.5683733099659755e-22
1.8366212712596602e-15
5.2782439189882155e-17
1.4098195895490406e-23
2.527179470757264e-12
2.5325205495584585e-12
1.3546674926398702e-24
1.8855814587901953e-10
4.8907131927786267e-26
4.1007551854995805e-11
2.667214573620389e-16
6.508773532088592e-22
1.0903787056062245e-19
3.501381488151715e-09
8.109356504735656e-14
3.0344558667880114e-21
7.471396316374253e-16
1.0072408023730215e-11
5.7292217504954095e-11
1.575718002997442e-08
1.5252148187495766e-13
9.551902295861037e-19
1.9778345844675552e-13
5.616574509477422e-31
4.14783223104175e-24
2.0187561695361671e-13
1.7105899494843294e-14
9.243052171044998e-12
1.8759602891217846e-13
4.380921272544389e-25
3.838757729722759e-29
6.613537995438735e-16
3.872087221988163e-22
4.134321092039705e-10
4.1279883576477415e-14
6.24514057183682e-22
1.5355120578620121e-18
4.234921453146036e-21
7.676172019259604e-18
1.1717662346882195e-16
6.040956225918587e-14
8.842011336900177e-09
1.4728021095369932e-18
8.068756505338525e-10
2.4462977876284712e-14
3.155144414366622e-12
7.279918782843175e-19
2.8754560900470557e-18
1.4320856445072832e-12
1.0245662557250088e-14
3.619219659088073e-12
4.7018805974532084e-21
6.048370048827776e-62
1.3794978566806941e-17
8.372036447507204e-22
9.656393791893746e-47
3.6826225577371833e-17
2.5121757167195853e-21
1.373858184763348e-13
1.2227608780427548e-09
1.896875225246084e-15
2.2366534379088832e-25
8.643814810188014e-36
9.322028955876268e-25
1.0258250014651086e-15
2.503315102060951e-15
2.373512450750132e-29
2.674619927001401e-16
7.923966448768659e-13
2.8969902552608754e-67
4.7879494912986606e-24
9.440829288721629e-09
5.400730528889892e-26
2.2466334858753166e-40
5.431066314747005e-14
4.724002658741984e-26
1.6053467010731749e-18
1.4525451468715777e-13
1.893182997768928e-22
1.831597406287762e-30
2.8027847171666703e-24
6.697304978294513e-14
1.0345306313776768e-22
8.089260670220909e-08
2.5721720321738827e-28
4.62798423042913e-22
2.8457810504894384e-25
2.497548029575817e-15
5.394516181785612e-16
6.63497504653113e-30
2.766582922476414e-26
3.5290093624311415e-22
3.8834223774035126e-45
6.131725605126396e-22
2.6957312589788566e-20
3.0734550237996355e-67
2.4478711388921355e-10
3.0212639017458976e-16
5.673743132523224e-17
5.927360717095143e-15
1.0518155769845914e-11
5.215053795659551e-14
6.8547929646152265e-15
2.2426097896381744e-15
1.7630420347829102e-16
4.360930076401355e-12
1.3108000256463246e-16
1.19326825694374e-23
1.08126427832717e-08
4.2172395166408074e-10
1.3240944178143103e-22
8.044117857895317e-20
9.38310871684038e-21
4.015835151040657e-19
2.5826909788880724e-22
5.224814241262953e-17
1.3935929299703506e-15
6.239972733149813e-09
7.919166259037214e-11
1.876247120428442e-15
1.8471648383798916e-16
5.639617970958534e-15
3.08602521205602e-08
1.4161973799041141e-10
6.576657469829463e-22
2.9934180774295236e-10
3.813165145284699e-14
1.1247990751988154e-16
9.47784996814618e-31
2.2662267040360182e-18
2.7645015294670754e-10
1.0264679884817612e-14
3.648818136576759e-18
3.4744048723471383e-22
1.4769317689819607e-28
1.1287401671183004e-10
1.153315582451972e-22
5.443961227631097e-17
2.8244213247669687e-24
5.232191766112785e-17
5.338267376913863e-11
1.2496559450457922e-20
1.1908287211807374e-14
8.805434395039152e-25
2.3526405719134293e-14
5.255965668528291e-13
6.718745296407949e-23
2.082699717712999e-14
3.4275337266076325e-11
4.593977389166138e-13
2.172527503935039e-14
1.4171760606617603e-08
3.895174401245465e-17
2.6891882504522016e-57
1.2299171888318673e-16
9.298902319529071e-17
9.280421298107521e-11
2.934196071737557e-10
1.7498527232440856e-16
1.8568184299730277e-19
1.3203840129872806e-08
5.410484927578757e-13
1.3706997772924967e-16
6.334036815482591e-18
2.5701062657337784e-84
8.18717247886069e-29
2.0632371256195073e-09
2.559973685272549e-13
1.5454693523918057e-11
2.2976841387940706e-27
1.4448115631465195e-30
3.1035905020505855e-15
6.442628210835605e-16
8.937711888003551e-10
4.653454249103719e-22
1.410673018111848e-39
1.2975962357504575e-64
2.564064141697191e-08
7.8995011429081185e-25
6.378540597508725e-29
4.762486924985745e-19
2.468853138677883e-11
2.6721475505314044e-13
2.4008268487013264e-25
4.792479502048722e-19
8.766149642563914e-35
1.3043694487625968e-08
1.181156135190569e-33
5.669646291148222e-21
1.0327134322059361e-28
1.9479133860348584e-17
4.1490546770474526e-20
1.552678460738581e-18
1.6871511662665715e-18
4.790965622034686e-18
2.0740217885368687e-10
7.754695153721619e-30
2.98875903018905e-69
2.6173725499652964e-16
1.073185096831801e-09
2.582311425994657e-30
2.4154750547759622e-32
3.0151497767794644e-18
1.9144117814113805e-57
2.765320634345298e-22
1.983503724975023e-15
4.813503709314929e-47
4.6440625151206874e-14
1.4099970048602535e-39
9.690255529752007e-26
1.508060906892778e-18
4.962152840936854e-30
1.3819557580875972e-28
9.030496030436682e-13
9.661624150659671e-17
8.827496888011787e-19
9.061470508375616e-14
3.462337834157733e-14
3.5275609441260138e-22
8.740355012674763e-79
1.5797849094854805e-14
3.7168701284607003e-37
6.147145552979909e-21
1.9203208187589598e-69
2.0760541315098298e-10
4.166024685365932e-15
5.393908148495312e-15
1.5889698275763475e-16
2.2123668734772375e-08
2.4484300034825414e-22
3.9428899047241283e-16
1.0915874800421975e-14
1.2371943122130155e-21
5.4903990639215625e-59
6.57463168055344e-18
7.414998769686105e-62
1.2494218012763714e-15
2.3309856939755312e-15
2.103312244219557e-19
1.6492527268664253e-18
3.914112883316683e-15
1.687936884546548e-26
6.396651351957133e-06
9.969890082624541e-51
2.4208002658199022e-27
6.554512548067869e-21
5.733433199264749e-19
1.2320391082869714e-22
7.619012078621896e-27
1.5227565351907224e-17
6.499548403697853e-12
1.4374635548226815e-18
1.6649914588204627e-14
1.39227060983458e-14
3.569759502173367e-21
6.962899003467592e-17
1.3537137785811866e-17
1.4882591841191705e-15
1.3708032041285989e-08
3.357867821958539e-24
4.957370601500549e-12
2.4559783767173853e-11
6.49434268558042e-23
1.8029817924104975e-20
1.56356992639384e-11
1.0409706866420494e-15
2.56911396210257e-15
1.1185784241838891e-09
1.9003130287762107e-40
2.4514435561088468e-14
2.063014728963246e-30
4.0893520371688274e-19
3.1785272852232345e-07
3.170099784339807e-33
1.8395680920896013e-10
6.423200311394348e-10
7.1515494403452305e-22
4.3119983344497916e-30
1.4273826700973029e-18
9.670936985984084e-67
1.309916728964407e-32
4.1987838587672433e-10
1.6758670299541807e-10
1.8935648229863689e-06
1.0022377034948612e-22
5.6104383291334954e-59
8.563004744418546e-23
2.138242928123096e-16
3.2836069301652903e-10
6.1595708916009564e-52
6.935486125011241e-15
5.303151924299799e-28
1.5389809135695772e-10
7.482778862073142e-13
4.436908279231616e-20
4.1501374371990283e-13
1.9142996769314533e-09
1.3394995712642345e-29
3.724953036647796e-15
6.833554689987987e-15
9.310415598610567e-18
1.2906830809032438e-25
4.783252796873504e-09
2.6815717842645886e-24
1.7572767651723743e-10
5.919185501032811e-16
2.404543137794615e-18
1.2976300435405317e-08
9.121505441274761e-11
5.188523920415904e-29
1.4972161039350538e-19
1.6657246930335364e-11
9.191520337446556e-14
9.534072412074564e-17
4.9273555202743033e-20
7.467653496684322e-14
9.519733026637471e-24
1.14429584026828e-15
9.939861125042035e-17
8.223241687351646e-17
1.8127837698757107e-10
5.595751114115953e-13
5.948121229399408e-14
4.7237539471593744e-14
1.4092718215350348e-21
3.750642862208187e-15
2.1321520058654678e-17
4.651614614947577e-33
4.223365639249693e-16
7.560212216704351e-12
1.4945315598875512e-28
1.4273842160393915e-21
7.104845737503916e-14
4.0744596261258945e-17
0.00014015157769488193
1.807421255322379e-84
8.295587001268882e-21
4.7208277084095296e-17
6.243013792885653e-17
2.049831162261373e-14
1.344126394875362e-18
1.7072539279294423e-25
3.309070037203082e-11
2.2243973352348435e-18
1.1932646831723703e-55
6.565117021544677e-13
1.2134844605544634e-24
2.242169880027508e-28
3.7588034962282655e-14
2.0484863621094808e-11
3.149423883293242e-25
2.350328166817193e-12
6.89744601771941e-30
4.678587757699664e-16
1.5518826283390454e-12
3.288524788223352e-24
1.4172511710701605e-20
7.848949366797527e-14
8.099265444403179e-12
2.1588378974820114e-19
2.9966035109056245e-20
2.4683283930170134e-22
2.663298001397342e-13
3.482653118203717e-38
4.4712938835592154e-13
6.183032299205402e-74
1.9470331983489146e-14
6.048737865012048e-24
1.1219640239124097e-18
1.035493951955672e-28
3.566563018439646e-27
1.5443799008220956e-22
3.7737441474766275e-20
1.4143356893295016e-18
9.429606560016778e-11
2.568504941382581e-22
6.933983999643447e-22
2.627406055313338e-14
8.357975751891754e-23
4.397137732147533e-19
1.2556656506155022e-17
7.588929116782481e-19
1.2690959825163134e-15
3.479145252658135e-33
2.479245823439259e-12
2.2715529338634227e-26
1.6914772393234419e-09
1.0843209138306862e-17
1.6326470795440663e-13
2.6092265073533874e-16
4.577310281293552e-13
2.5070949889325796e-23
6.517017615664597e-20
1.3852573916839827e-14
1.179379364281335e-10
7.444303971543169e-10
3.1071604665601387e-48
2.3099394106449386e-21
4.2613647321128625e-09
2.682565791721395e-17
1.105908018824488e-18
1.0702842604170182e-69
2.078420581076696e-05
1.2570600641191516e-19
7.36558913718274e-20
2.462927525141692e-19
7.673916882137863e-16
5.721408905544638e-16
2.177931677262246e-75
1.5059669148140844e-17
9.577177055973283e-34
1.8785902242714972e-22
9.298594468518873e-06
2.129119030652335e-37
5.424910473412995e-10
2.629910872575908e-12
1.089662542940114e-10
4.826044403006472e-18
4.575012267438888e-18
9.767421804234381e-81
9.988194633447005e-14
1.8623493715704982e-74
6.031491204085965e-14
3.633884596379204e-20
1.5149648865290713e-26
8.096496707547847e-29
3.1048365120760104e-20
1.0754776689283897e-21
6.490652314758079e-13
9.465994191425236e-23
3.404593992814291e-13
1.8863485749187327e-12
2.1025933263851765e-14
5.19363197169255e-13
5.8032761232533236e-08
3.773689599581646e-12
4.110631127273612e-15
6.338602339839497e-29
6.378798262547828e-09
3.865800354158512e-12
4.706376120392448e-16
1.0207188096618701e-10
1.7531997243438353e-20
1.3249228392885694e-21
4.921154608770692e-21
1.4940450645838637e-24
2.696953806151376e-15
1.8422848041347336e-11
4.939686055920535e-16
1.9619696625423488e-21
2.2316376626412674e-26
4.270006257223619e-09
2.7629857193249155e-13
2.2587763393948785e-19
3.8374509379088175e-22
3.1707462605984374e-15
1.5808564016470799e-13
4.6559025396432934e-09
6.033938591845454e-12
1.4725574446718856e-11
2.6796600627950063e-17
1.6881808823494224e-20
6.403399750657318e-14
2.9560141325197266e-11
5.866106436851336e-20
3.2735825461892066e-23
3.269097376669235e-19
1.9905842988267418e-18
3.951610778547443e-09
1.9816915060785003e-13
3.811722210595399e-75
7.032438521211278e-21
3.1349799552653924e-08
1.4159781090954998e-24
7.579491284924995e-31
1.4159062715767186e-15
1.3213837087750038e-13
2.1283869982358166e-27
1.2281463626618721e-17
6.3279440792745546e-18
3.5201512170703476e-18
3.535878501644513e-15
2.7681727915176895e-14
1.127463730996358e-19
2.1312683313516704e-19
8.043994131975224e-11
2.623115313165162e-29
1.059407566074258e-69
4.340519119410593e-14
1.418016292606696e-14
8.06743621942485e-11
6.077109452661642e-64
1.2202776326029841e-14
7.044586364464182e-13
2.2037861163602188e-09
1.1666888168420024e-20
6.39535784685794e-12
5.721403494634218e-69
5.008070103403641e-34
3.801365253087414e-22
3.3318952186753406e-16
3.202558131695383e-17
1.6367127912553655e-13
6.082106944403151e-25
8.399058614314229e-27
7.628818732434861e-15
6.911078832048163e-19
5.2677827625886186e-20
2.6950032231397895e-15
3.155176939503511e-40
6.299208372757367e-17
4.457524276447367e-12
6.115601736230779e-16
1.5972728273736763e-15
8.20397471165804e-90
6.196741492297996e-13
3.0947812708513875e-15
2.720579200572443e-25
2.994853904150009e-21
2.433664023986801e-18
2.6072220580883908e-54
3.549412670311037e-21
9.64025723456684e-28
8.137445035224563e-15
4.917256463774225e-07
9.380740061140364e-13
4.903230334137097e-09
4.283844617635964e-06
9.708358777261593e-13
3.009551639264588e-20
2.0726520150933535e-16
4.431356895417738e-18
1.8920342930148263e-32
2.620200575893572e-22
1.007022306633147e-18
1.237285221123133e-19
2.4201959919904703e-28
1.8918953409985313e-15
2.753450463110448e-19
6.439999461353428e-17
1.8658678909747906e-13
3.682542322641015e-13
1.707383208878966e-73
7.843285238312423e-09
1.3186161353087152e-13
8.156985296252463e-20
4.06152429554558e-23
2.892006237273335e-15
3.371923734737998e-21
1.8614170688157162e-23
2.3661752665643515e-20
2.4402005214126576e-11
7.836075593092325e-09
1.34728334505885e-18
4.113487231184493e-18
2.787055288112424e-17
1.0193658649357607e-12
2.0570464864922817e-24
2.630626106557157e-53
1.5992480118484502e-14
1.0052092017650389e-13
3.540729762715684e-17
3.5868942321610044e-18
7.555495402454368e-30
7.080676277521752e-09
5.43607201986787e-08
2.7311902734412506e-19
8.618006282939092e-20
2.5088889813366897e-13
2.4059439664481686e-14
5.50158144984369e-13
4.117839387188805e-10
5.510133453783427e-36
1.560704252493393e-15
8.596771580428553e-09
1.0692346992854602e-57
2.5541685803616145e-17
2.6383856193419433e-19
5.446843315281849e-16
1.9820556443790883e-16
8.181188130518021e-22
6.490077021247715e-69
5.177624825776654e-10
2.5671241707711405e-20
5.124141920928664e-10
7.544081434645319e-09
2.811855043497979e-16
5.689681231519877e-18
1.001604309646885e-07
6.701810266789672e-11
5.062485426436029e-16
2.856912240796271e-20
2.669173781770575e-12
2.2749989028559895e-21
6.94233032380377e-47
2.0208035060280378e-24
2.820188498046563e-15
2.0979644437965467e-12
1.3727569239536675e-38
2.7436439372832625e-25
4.005855390271291e-18
8.72738953565348e-12
6.111870365720321e-14
2.1405669647262376e-22
5.0612120711380623e-14
1.2734334953510478e-09
4.367091681748808e-69
4.799002371095075e-11
1.4388419756690219e-27
7.174560813121826e-14
1.0208614776859335e-29
1.640628958458969e-16
6.1137312108832984e-12
1.8214988872111575e-11
1.075400299957572e-12
1.1094063534220252e-17
4.011818834850203e-18
1.57488924657586e-11
1.7294833801821795e-11
9.176800311564535e-39
7.07922067359126e-11
4.7762133316947195e-26
1.9178635656253486e-10
1.7204432090959003e-23
3.294032106349307e-19
1.461202052537514e-16
8.666517714435825e-09
1.4026752736431851e-31
1.6111075603203389e-24
3.0835611914010045e-18
1.4779212989429837e-13
7.626367254512989e-11
2.508908773235269e-11
9.477586792818334e-14
2.686876111972774e-11
6.1939517919192916e-15
4.3184431131104775e-13
5.396647105912271e-23
1.75787177825117e-15
5.5698356220776564e-33
1.0009800988975932e-14
3.555390495991042e-18
1.7408263642701902e-10
1.5324430343585535e-18
8.604362619589478e-19
1.3680856748527021e-09
2.5498240537492804e-22
1.319924758263219e-32
2.750979306337351e-13
8.665040920100524e-22
5.275851445905146e-18
1.0183054863060978e-25
8.890065663753396e-20
4.064781016256348e-18
1.0604974848046617e-05
1.1688280486721884e-08
3.731406526373932e-21
1.9443543408017575e-29
2.640353431709085e-19
3.1770447268287614e-33
1.0361544466850722e-42
1.4019648808118491e-36
2.1003018833393e-72
1.4210332009036494e-15
3.877322524504717e-15
3.988087217423581e-17
7.776064385400075e-26
4.402655610288321e-17
1.643142584147231e-14
4.428984340459832e-23
6.364730519874578e-24
2.2097452643622215e-20
2.63824335292392e-22
7.519983956906303e-29
1.715481123943686e-18
4.8958832316929754e-18
3.963768448210371e-14
1.5071556016719176e-18
5.092868124975496e-10
1.4438430827349713e-15
2.076502582480628e-15
4.789291789929236e-20
1.4161887956206946e-17
2.1346623824994852e-08
4.833137484343422e-16
3.348899244757972e-28
1.9706846707037236e-10
4.64764558203776e-08
3.26482305507575e-13
1.70208572720053e-18
2.6045731034129043e-17
6.927043951741476e-27
9.884759373150076e-15
4.263776754801129e-08
1.8803953910960087e-17
3.1131058820299464e-50
4.23357628855861e-09
8.606694367879433e-12
4.446966713754932e-54
1.0673627749064895e-52
7.156689624685229e-23
9.554034347790489e-28
2.6971371686243245e-13
2.5791269129579605e-08
2.0149470809484114e-21
3.959824980281413e-12
0.007166604675083843
1.5748948713859075e-18
6.313026349944094e-17
2.0918910780575118e-19
6.221646640645274e-10
1.8558329646366262e-14
9.708852527837729e-11
7.1450236863133394e-12
1.1250933090156799e-17
3.2080481051470583e-16
2.0953579867087597e-21
7.634585835088364e-35
7.524716968812816e-18
1.084402356609327e-17
7.447917043304244e-29
3.6406626653806854e-09
7.874770278826794e-13
3.6120927736760975e-15
7.98873249455107e-10
1.0274432186463582e-11
1.6458448199007604e-29
2.4650543365152313e-13
0.0009246950612513405
7.449898889615028e-14
3.856126064008126e-13
3.7316723608864795e-58
9.917352908208346e-40
2.0921951892259208e-21
3.2273417966328786e-26
1.2809625439759506e-12
1.2558588824113232e-18
1.699562121932929e-29
9.921195169593676e-10
4.585393675739646e-35
5.328919956930096e-26
1.288176700825285e-26
8.430092390383404e-16
3.5089527117874656e-15
7.356611010675315e-17
2.2304777234697273e-15
6.643933916433783e-17
2.0906458718530873e-19
3.3638227414701505e-22
9.907028450519127e-21
3.8211127902400755e-17
5.516166544664269e-11
6.0464274406503955e-24
4.885308332751132e-15
1.1868964210311085e-19
3.788707065096051e-37
8.830327147372383e-23
1.1875472549801693e-91
4.029870166960685e-14
2.91890925082799e-06
7.769872425686499e-28
1.6666682709277968e-19
5.113760635198694e-17
1.0621426507610217e-31
4.3383486331879477e-26
6.776138872236321e-17
3.3775486388437235e-23
3.6573510374542194e-07
1.2961230684994914e-11
3.9795792464785593e-19
6.584303472383194e-10
4.220622448421024e-11
2.6280631515998738e-39
5.43607201986787e-08
4.7510258203260574e-83
6.749821129782225e-14
2.94515930568309e-12
2.3090724105510623e-21
9.000938645089616e-34
1.3042286036540574e-18
4.587265007313078e-10
1.3676200268482217e-44
4.02331311361913e-16
1.0350919201940972e-54
9.285232721828919e-14
3.457915671096592e-19
2.0913189579603046e-19
9.619203063209143e-18
3.8622422572484705e-25
1.5418340233914032e-11
9.232305400093247e-11
5.471646097327357e-21
1.943654921075616e-18
4.728088134842078e-13
5.749952160805298e-70
4.465044580497764e-22
1.1396407801557737e-14
7.90447213157517e-23
2.9823258463646578e-21
6.29931072030187e-29
3.3105729869923795e-68
2.956222770509177e-19
1.804918086595512e-10
1.429606791749848e-78
2.679729643598126e-11
6.105750460017133e-28
8.383092755182177e-16
8.565558691467013e-14
7.195432816965062e-19
4.63137228821197e-14
5.285001743427002e-10
4.372610372394742e-19
1.6115231827913782e-16
1.4363589126887808e-19
1.847019663792163e-24
3.4667188281327895e-18
5.689278785784583e-14
2.4544378817969273e-72
9.493246049641922e-17
3.0674070080381665e-23
8.156979802515235e-20
2.348258301528177e-17
6.001860137368002e-77
1.8336018765020695e-25
5.2770816324671926e-18
6.746729061010946e-24
9.621232082239845e-07
8.495950418165136e-11
2.2849208655958028e-11
8.396214126353668e-46
8.21058479237273e-18
1.2751352788884275e-64
4.000744520593244e-29
3.554430957604142e-22
1.4014256563116381e-14
5.324961892461193e-20
2.2193039801378174e-23
1.2181115114636834e-52
2.4693053837468815e-23
5.259603148799617e-73
2.9112806091773933e-13
3.2571398425986647e-25
3.2370849820121825e-18
7.553033910424398e-17
1.0297585759728503e-17
4.0082734767565774e-35
2.1522226484933554e-22
3.578640574763879e-05
2.234266815222616e-25
1.541568566455952e-26
6.449256295655139e-19
2.162425188356471e-17
7.558902324341563e-18
2.4011808993449917e-19
8.248694831192103e-21
1.1978675773017978e-14
5.6901754121125555e-18
9.782288344259777e-19
4.155208978178535e-08
2.2547376574033417e-13
2.9707674999392485e-14
5.710019358077764e-31
5.047623595259248e-31
3.802608917634531e-14
4.673878002088511e-10
6.285373808065741e-21
2.163999396319566e-13
1.0171213240057696e-13
2.680956430807776e-25
1.815900155639546e-16
3.7693767462651785e-12
5.96863779954667e-26
1.1442008783616672e-15
9.321983953840709e-12
3.121362340854847e-16
1.1244331919996943e-06
2.453010603311141e-16
4.995325025601687e-16
2.407381132426152e-23
1.0388237956761746e-08
2.870521181615777e-15
3.6326001117629454e-15
6.450842033689587e-15
1.8374513375887245e-09
9.080995179035976e-15
7.572075686952572e-18
5.456901433240274e-29
1.2583111483809615e-15
1.6772851962233775e-15
7.970798590473566e-16
6.598558948234984e-17
9.990728609600125e-11
5.099884074439193e-23
3.6756285172386435e-08
5.180548219828772e-23
7.589711440741926e-11
7.403270279412654e-15
1.3082471769566998e-33
1.1808543722100274e-19
8.231169431103326e-18
3.478570818702982e-15
4.457587609015814e-08
2.712811856621577e-18
1.5978629124624133e-24
5.771287253552458e-10
3.365053533600669e-15
2.1830474202656786e-27
4.155445325975119e-81
3.0305478125701137e-62
1.8153035445725935e-10
1.8957731254484e-19
4.958622796222357e-16
1.417193220595307e-17
5.143113653164694e-09
1.1089744769551483e-18
1.833614641566359e-11
2.3935154888702033e-13
4.559376525470773e-16
3.2700237953315845e-75
5.054517508400631e-67
4.8950388912382424e-23
4.3001315988061765e-37
9.101216314668898e-12
3.544855541370322e-14
3.709763997963729e-23
2.0617458816114054e-09
1.0053760066627482e-16
3.9831029072859785e-16
1.9602944086918147e-23
6.673844679347423e-16
3.6537773517375006e-25
5.0942964419217413e-14
8.64799474603843e-75
0.0001007922442162128
9.425338424618839e-12
8.339441486993415e-14
3.3168382933654523e-21
2.0668562724705287e-08
1.0221261853312877e-65
1.9004669830381254e-20
8.936825250107101e-49
1.2346813899363226e-19
3.5694303068802585e-25
4.492786289436669e-16
4.250655796815775e-14
6.828886285948794e-18
6.863926217516831e-17
6.84371595526189e-10
3.443593079407554e-11
1.8201366477083847e-10
7.902493059650011e-17
3.381774500498497e-21
3.000812125189575e-82
1.2334302497412407e-18
1.1024218151000384e-14
5.143265395992237e-07
3.575783885816585e-31
1.5543361615791787e-20
1.225167376048241e-10
6.96999651235655e-10
9.997765857147313e-15
1.8992717535664838e-17
1.053036979251598e-18
4.708676448353426e-12
3.166826195923002e-09
6.8481609403778925e-12
1.498722630532056e-20
1.1912700022591026e-16
1.0212830582530819e-26
3.884443015518359e-16
6.073066068170489e-25
4.737424207598613e-19
5.66724863283903e-76
1.4444947677871697e-21
1.6526344703882019e-12
1.838359669952995e-24
2.715696886615014e-09
6.3756825735262286e-15
3.2009580128192194e-19
3.4081966355355685e-10
8.017470624448277e-12
2.656953294126369e-22
1.9486819552043408e-20
9.534060922914176e-15
1.783042969232268e-14
3.3207216767608833e-46
1.7931177007855482e-14
2.1915904393945412e-13
1.1447994620151413e-19
2.910006322156218e-13
1.8990633795172875e-19
3.264323300379881e-44
1.3473405379990505e-12
2.8920858689571733e-24
4.404482401582677e-17
2.8229794155663307e-19
2.9429629951155437e-19
2.434145119741167e-18
8.97595730172826e-17
7.833683863475046e-26
1.6132656880522536e-13
1.2430826293201626e-19
1.1359092189702117e-10
1.6160526980689719e-15
1.3232509377550943e-17
3.16318157640836e-19
8.102997631339736e-15
1.068542413865064e-67
4.932317376339329e-20
5.871759125323213e-15
4.976723037273824e-20
3.165807878860723e-15
5.69967740140098e-15
6.248548569831538e-23
4.784985144800162e-15
1.1475107931769864e-10
1.3245772636466856e-19
2.0743447984494465e-19
2.1811687860503975e-10
4.2329670382223365e-10
1.1781185942053206e-16
5.667793523107997e-14
1.4676970015585244e-16
1.3014774524388234e-07
1.592101079894687e-23
5.003850650813437e-12
8.339658891692401e-08
3.948826800718476e-11
3.154124047258116e-08
3.1159496835048686e-16
1.7513228746196632e-20
1.7948764901497137e-09
3.6675493364729175e-17
7.778808311905281e-27
2.8882572698732327e-09
2.748871019588943e-16
3.0462891553302184e-11
3.976306849901961e-15
3.9237262873896395e-09
1.4906868275657282e-25
1.4343478691187403e-40
4.309282673814386e-17
4.7694747410861584e-17
9.341251238392085e-13
9.577892119864886e-19
1.0540277869798748e-19
1.3929428922325911e-15
2.7274808881085385e-18
1.2754195916324594e-61
1.0843107153981697e-10
4.0815378835830317e-14
3.13155467011473e-19
2.410256197191693e-26
3.0609687862155664e-23
2.986208932654639e-21
3.415353504132903e-19
4.328928732371756e-19
9.896813202652614e-18
2.0605473497960395e-20
5.810823757356276e-19
2.4768156864327465e-23
4.145781188199814e-26
1.592407126800154e-76
2.0405050087491652e-19
1.198077124539619e-76
2.5187479605537533e-14
2.6927900141515386e-18
3.7001136362479674e-11
1.0275544411751667e-16
3.911552162194144e-30
1.2049674683790088e-06
1.3851563820031578e-18
5.754782397431477e-18
4.827273284601657e-10
2.1088344751184536e-08
1.4915793104317855e-22
5.8280194569297535e-30
3.440437539245845e-11
2.328336405301273e-13
5.254220835839912e-24
5.718875761329276e-32
3.813862941689775e-22
1.2463672243009949e-23
6.856585770310149e-26
4.9451253235702275e-15
3.237165555538753e-23
2.1256427133806398e-12
9.299246995695843e-22
2.6723831631390375e-24
1.041517174945206e-26
9.777962726705884e-18
2.6271529168528926e-11
1.9404722199236958e-13
1.1100522201162044e-13
1.6310124000173935e-07
6.56670477410025e-06
1.681238645879297e-13
2.2740448174737365e-15
1.3761027448399361e-21
1.9579360111062855e-15
5.338634275445387e-25
7.659442512371423e-15
1.0812644791548593e-08
6.17316356430247e-16
1.5438539246764128e-34
6.651612355896702e-25
1.5844101192761732e-09
1.0357579830591327e-16
6.739700931774798e-32
4.789970907588699e-07
7.179323591502571e-18
7.061488938154505e-11
4.794699276718073e-22
1.2467947495808729e-15
6.824027722902705e-18
1.1180222071778319e-44
9.450750002295173e-22
1.008870518504275e-22
5.73576753610217e-20
4.9534252908528046e-14
1.2858152482236567e-69
3.6542404748859086e-10
1.6288579404634257e-34
3.930640276330664e-21
8.880140674733334e-08
4.7340930987555284e-17
2.4959402015637697e-23
9.764300416188298e-19
6.555441991554345e-44
1.307555113158405e-18
1.647324984493529e-21
2.299828468734618e-37
3.0713070281766352e-22
1.3580938416702444e-15
4.274560509451089e-17
6.611703633581811e-09
3.064586659578202e-10
2.3633416800870943e-14
4.95507045842424e-13
4.9106266192168685e-32
3.7053481273605706e-13
6.920269178778438e-24
1.4932908656988553e-16
1.0794893828637538e-19
1.7224796031140185e-29
3.841011864206201e-18
1.297503710413434e-19
4.9750319816244635e-26
7.050322765265846e-11
2.3022369935617107e-16
1.4269142043183546e-11
3.7423909676390516e-15
1.7701265977602334e-16
1.245558611085189e-13
3.942892873497766e-16
3.9169658878457336e-64
5.243873392331003e-19
9.754304474136489e-12
8.891736465082624e-17
3.282741837245419e-28
7.522166598018831e-29
3.862570603581464e-19
2.3544448476098257e-24
4.400241116182689e-22
1.069455643012872e-17
2.279776909504764e-13
8.866534695316765e-18
3.57277440705658e-18
4.80370186393398e-10
1.68160072551826e-25
2.2018779077106246e-21
6.414964586153605e-30
3.7354294158748876e-14
6.140332606752473e-21
2.5635958320544436e-12
1.7015920145949077e-18
7.534939538583837e-18
4.900839849438392e-14
6.509651372840873e-15
1.3037487190657422e-28
1.0751348733529694e-15
7.313383162009209e-26
1.1632313138749289e-11
3.477695832117815e-10
2.0680452191178963e-18
4.843176424424135e-23
3.6555600590102746e-11
1.0955619215275714e-22
3.2666003832729856e-16
1.2049527787847564e-18
9.162914148920927e-23
6.656318040308791e-14
4.1917188341604795e-42
2.353558586843449e-12
2.5692743509568645e-10
7.7511412709326155e-25
2.745678878170492e-32
7.72336814433873e-10
6.7616905375489135e-12
2.2353611879554235e-07
9.399948937211405e-10
3.8794182172134635e-18
7.017457601504233e-07
2.4255802618998937e-82
4.013697792756255e-31
1.2628363005053996e-15
1.9649635513895552e-25
1.4696111932997235e-19
7.588273202309729e-06
2.0670963848805758e-15
3.683496926388478e-21
0.0001364495827708627
2.3139663692367908e-15
1.5018923492819878e-21
7.217161995236586e-19
1.9315140157853792e-12
2.8267970071848535e-19
2.861645470583358e-24
2.4580741754908687e-57
1.6191035036022957e-18
8.328180529805415e-25
6.646562646492866e-23
6.665216175103285e-24
8.861126175061529e-10
3.1098954729435476e-15
7.12680862133783e-14
3.723370711414482e-28
4.119273323021805e-18
1.385207458272097e-10
5.047330868058046e-12
4.3624729455683905e-19
6.944884603246404e-13
2.80379761383886e-56
1.2328400690613577e-19
2.281026265947869e-19
9.051687986504978e-11
3.6647078031767326e-24
2.5924090943371983e-16
1.3877543894175042e-18
5.058607122120416e-13
4.1406428492532656e-17
1.368515140392778e-19
4.707468675606778e-17
1.2881349375701611e-17
6.2817531138183395e-21
3.707271401143795e-12
2.6045731034129043e-17
2.760725278622168e-33
3.3420703660023844e-12
1.3168603441355228e-05
7.342033912580851e-16
9.029719265830938e-54
5.455203211123148e-23
5.588280808641504e-15
6.302505726995791e-24
1.4940523874460952e-13
1.8149031343599114e-18
1.742316610417236e-18
3.27478421481309e-14
1.9971186112690923e-29
3.07206552026229e-13
3.8912159002763333e-78
1.0666487281989863e-11
2.3755463019692452e-14
4.568499650344707e-15
1.4504009802352341e-65
2.848615069734915e-17
3.110409144743301e-12
1.537195542744745e-10
1.069759671421595e-37
2.8291414538970626e-59
1.322545968331824e-16
5.227441280402758e-34
2.9696142893963057e-09
2.727726908009749e-16
1.45712908489976e-12
1.1705342446206787e-86
1.2403943288158837e-18
3.8789227486499093e-11
3.7147306771027573e-17
1.8310270624262636e-16
1.171814846775646e-28
3.7126259331705525e-43
6.0368979219910246e-21
2.493474200346411e-10
8.142569519772748e-19
3.638489187338417e-19
1.2479937336704347e-20
9.740207915250306e-14
7.852527654301171e-30
1.6054756124627306e-53
5.659467598134381e-22
8.198988652574489e-21
2.5586683258606715e-20
9.940105539770619e-14
5.435332738580077e-20
1.5246989005342607e-15
1.3046025527062795e-15
4.556961154302319e-23
1.6400768665911116e-19
9.884847724531927e-23
1.799351326180384e-21
1.0209470736912963e-23
6.419271048436206e-27
6.244130428272027e-11
1.2716458278386024e-30
1.1547223276365275e-14
5.305808270005226e-23
1.0985015395536248e-10
8.387903555934964e-10
1.315569700035668e-38
2.20851964834566e-11
5.4839239340906044e-11
1.8044557126790934e-17
7.817630731552956e-14
4.2805881695938155e-15
1.0525752318530857e-21
7.301469070294706e-14
2.7659759447917823e-10
1.3349395754007084e-20
7.621207763975986e-82
2.6770238923117666e-13
6.4221061897390966e-21
3.24082725395292e-18
1.3152071951375527e-15
4.402730826870655e-19
1.1018785368727964e-17
1.3367379288785487e-15
8.247401020711868e-21
5.781901396332683e-14
5.555422576445747e-09
1.6645413367228387e-40
6.720784909556116e-16
9.382604580736357e-16
5.518755597401558e-27
1.2327933170450846e-28
1.2462878881434019e-08
1.2749885742577221e-12
2.494407115803114e-14
1.772583386391567e-30
1.9067578008284446e-05
9.199529157531236e-11
8.974659671475636e-18
7.940584574307634e-21
4.170806569356292e-12
4.052128645049051e-11
8.999452693424085e-16
1.729287082445727e-14
3.675222830504535e-14
7.874716126314376e-20
3.9406437273741266e-11
5.797045134555851e-18
1.3518705510257947e-13
1.203612880705315e-10
1.0443406334871834e-10
1.6117988415798786e-15
1.1830758110862094e-22
1.3632545487552656e-06
7.840376018044811e-17
2.299118094519671e-19
2.562365693638359e-21
2.951329160670844e-13
4.455657911485356e-21
3.3973238307897975e-20
2.662274982675395e-13
7.111484271382744e-57
4.0660519422343124e-09
1.1324856847251879e-10
1.9322482047633184e-21
5.880885043552108e-24
2.4866871435945748e-11
6.459626949361361e-09
2.3930505500631107e-25
4.934388463790427e-13
3.847549724213142e-16
5.727037667477472e-17
1.75969615947341e-12
3.091526944283979e-22
4.0992576606301665e-16
2.1025890463411327e-54
1.3823611476067414e-12
3.931503507985503e-22
1.7350431411938762e-12
1.024502028493674e-31
1.2043488135511313e-06
6.917678549236028e-19
1.5306718467238428e-06
2.180131484006228e-13
1.0591613465700257e-23
2.4116104472142916e-15
1.413411458502297e-18
4.266034768654155e-16
1.7225769600383991e-09
2.6875376561560133e-07
3.87272067749983e-71
5.903702534263014e-14
1.5211238900505905e-15
1.4879211026386236e-08
9.538883197613399e-26
2.553793746527402e-16
4.8399756581643445e-15
3.7569148068962505e-19
4.6102909953208324e-14
1.6422702441407438e-29
3.6448650797378987e-13
1.6671238620591827e-16
2.3658492342630625e-63
1.1550837762003731e-16
7.676648655133899e-31
1.0859944243454426e-19
5.692121878392044e-12
3.3692273599913304e-13
3.489184109087527e-24
1.7488811390162754e-24
1.3965995882964382e-15
7.514957977108576e-28
7.423619780074034e-07
2.136911091879314e-10
6.094034357670459e-27
1.870084227166035e-09
5.6175487449464415e-21
9.010604577234954e-29
4.6196781593922127e-20
1.2386933869296401e-17
2.216581477665938e-16
1.3915022068258544e-14
1.9310630479756915e-13
4.1837272411844945e-18
2.8661222004401863e-11
2.0057589138748144e-50
1.619454495413708e-87
1.4224014132262706e-20
1.9650929052172187e-19
4.467487142635987e-18
2.3208802289620845e-11
3.712301248450391e-18
7.46754935753817e-11
6.735385848083881e-12
3.961617235040336e-13
7.060413053663006e-22
3.29008156859826e-20
3.334832378564746e-24
6.169195518358025e-17
7.0706179983753366e-12
1.0826285142293789e-17
3.513110562569436e-14
4.16299805040407e-21
2.0401692516179146e-15
8.20091108502199e-13
7.420027312988891e-16
4.844671138176083e-69
1.650929856191428e-19
8.547100675790465e-29
2.6833183116886264e-11
1.2698389228072687e-11
6.935958040448405e-18
3.2392340497504255e-21
7.221488810616223e-53
1.545038096749108e-18
4.6733827859978544e-18
1.1789073831450526e-12
3.111344377779275e-11
4.6999974600194274e-14
1.815862568872731e-13
4.0255054165174805e-20
6.317845186154365e-11
2.415504467328546e-12
1.6303294158134997e-15
6.473198986727171e-23
1.9156154922211552e-12
7.66675521848324e-30
4.899297840229837e-16
3.0768864194582563e-20
3.9441992158790634e-31
0.0009690578497104918
3.442567820613797e-11
0.004671065809676439
6.7167075956014725e-12
3.03925616890087e-13
2.193062262140599e-15
2.1967819781833506e-15
2.8377098392124003e-14
3.279916283047304e-32
1.2642804022218068e-78
1.6665205133642144e-16
9.941705625277199e-20
5.004054103376654e-21
1.0159774309740814e-24
1.0930009612328322e-08
3.8671321589002396e-07
5.849250733339939e-10
8.02088337152194e-20
4.935146038818679e-06
1.4986318181095833e-06
1.740132527573226e-16
2.918574438636362e-28
3.1619973817541966e-19
1.6515977209330713e-17
3.784621515707944e-14
1.4882937179610612e-11
9.875026788713276e-21
2.543583192849683e-13
2.526354051798814e-15
3.334737310170395e-13
1.0876045053620991e-15
9.787027994848969e-16
2.8528834117581903e-19
1.4271138864651564e-18
1.248833837858438e-32
4.962219740629845e-18
1.6584119858609854e-14
4.859902742973264e-54
2.0993194587781434e-13
4.888529601230938e-20
9.622957914965462e-26
7.903945547705219e-26
1.0803139127860954e-08
3.488792089516267e-15
1.4237172884225392e-17
2.4003055413682654e-22
2.983885717177052e-10
5.8533147309880325e-12
5.575669204629371e-18
2.420614528399861e-13
6.653905376618235e-23
3.2804725097307144e-20
3.1335984399206345e-16
1.3961759128586168e-19
2.3710101797804713e-69
2.7225065871069067e-13
2.0139754698647626e-19
1.2288970634190996e-26
7.005520128622267e-16
5.1594234970207934e-17
6.0556868688553e-25
3.91692088896207e-70
4.022738544728537e-23
1.308854378942034e-12
9.488977147343164e-24
1.858508516377321e-16
9.805707940538587e-12
1.2446983053946042e-16
7.965147546690798e-13
4.68797382208813e-15
3.3161907498082407e-13
3.796169312248058e-11
5.073054081125717e-16
1.5404053367529058e-11
2.85690695733927e-17
2.9811606181086234e-20
1.6531684987560534e-14
1.3983908106669985e-16
1.1948626785575386e-16
1.1431381731377875e-15
1.786002135533779e-20
2.9382970483466473e-12
1.952138669597748e-14
1.3297056439705408e-20
4.9757327170319414e-29
3.862319726259143e-22
8.207929110783241e-18
4.765414933407558e-24
4.729412275695785e-18
3.952246113891253e-15
3.684019778598099e-30
1.1746391630155145e-29
9.598068847284765e-19
7.311106620534324e-28
7.362511227282935e-08
5.255434225776115e-16
4.3061273672973413e-13
4.7895151382396677e-76
2.514439736676141e-66
2.9656106251057894e-20
5.363996098006174e-13
3.2109708280804542e-24
9.572186905580636e-25
2.0432171821731063e-19
5.732215847648854e-17
6.118540324622502e-32
8.684203413266375e-17
7.163303084387505e-23
3.4383394541483146e-13
1.1841911703695204e-23
1.5450309303317653e-11
4.959989571010745e-14
1.2120029113415491e-11
2.998940917508896e-18
8.675835630685838e-10
1.120901257373177e-08
6.650581827608834e-14
8.809047157626132e-41
3.9008753227147206e-21
3.2966662918067773e-24
9.243961169584806e-17
2.5327133550619046e-26
1.278285549493895e-09
2.2788439894551055e-05
9.778910871689704e-23
1.484504771059765e-11
1.5525801526967816e-15
3.118311895453222e-24
1.5221590746628944e-23
1.234919185167345e-11
1.0002928097375912e-14
4.254824092784693e-11
7.919267264577877e-15
1.554425105311264e-06
5.2254749025847625e-11
2.8281731757815426e-12
1.7633372337658823e-10
7.872410340699906e-23
1.4521336986829333e-13
1.3502577729553568e-14
2.306537857670506e-19
6.234225193123012e-29
1.5494896075948558e-34
4.014015294243519e-23
2.6696071034414074e-15
1.465676651763415e-18
9.022134007295709e-20
4.884897652733497e-08
3.5059541522770175e-14
4.560611421907285e-25
4.2425499761028506e-11
3.1197843287973674e-24
6.916449847968605e-39
6.906934616374463e-12
7.997878626792142e-22
1.0500108467844733e-14
1.3655602269653076e-14
3.1618669117059784e-10
1.6451723283947642e-16
3.9035954428845325e-07
1.1452899731281505e-18
8.441144817694037e-16
2.0720136983167444e-18
4.146202851832548e-09
1.2197537010497993e-20
1.7547224651507342e-12
1.2385699054647494e-07
5.812880660691197e-25
4.952001470066178e-12
2.9051868897840403e-22
9.082445426383811e-29
4.890899259601746e-10
9.467420947188658e-15
3.406575284296121e-33
7.017542299067655e-13
3.706038338280442e-12
1.3900212832882513e-13
1.153956175545334e-13
5.438834335326885e-08
1.8827457674013086e-18
2.0420782021100068e-12
5.156834784710041e-22
1.8681680610101057e-20
1.149587279540448e-18
2.5859221969071957e-18
1.368757614647745e-19
2.0440607901919416e-11
5.865765867268524e-23
4.249898499220626e-09
1.3125854184217638e-19
6.865931119796746e-14
4.1600583227318944e-09
1.279337015102035e-61
6.163730505885875e-19
3.880618838413413e-16
3.2132002227542463e-10
1.1044781983341336e-18
3.834347598191284e-23
1.906510543285072e-10
3.518103548547717e-29
7.852042968481554e-59
1.498038282462739e-14
3.4741628087929065e-21
9.063947971375017e-26
5.082215991639107e-12
7.254882657425325e-71
1.7294074999046274e-18
1.8688115390868168e-13
3.3364411274131373e-43
4.7044510474519025e-29
4.757282949851443e-28
5.539648401946962e-18
3.52290884894833e-20
7.735051444962993e-73
1.09273444309258e-19
6.35325748835539e-10
2.240347678817923e-12
1.3649059615789541e-14
1.0802348713909968e-23
7.203394426973036e-09
1.9680259528042685e-15
1.4179445710993692e-17
4.5205601029791804e-17
2.1107653369035526e-11
5.145445090680113e-21
2.9338529539672324e-15
8.087979388075163e-18
1.6094033468799978e-12
2.3906106160655756e-22
1.0011262407333164e-20
3.0942066098627225e-34
2.6023931633749214e-11
5.240387959990302e-13
2.182622742880626e-15
1.2137607843360017e-24
1.0145474739918757e-08
1.5855291467648932e-10
1.3672301135922183e-14
3.224969907984313e-17
4.28555419712039e-20
7.175823545584444e-21
2.832880524322465e-07
4.1395278035056585e-15
8.197206274450649e-72
1.410488983693847e-17
6.0115616519829314e-68
2.820267173421669e-12
1.5234777540087764e-15
7.897972579226424e-29
5.929514209141557e-67
2.160735820873615e-19
1.8745880005613705e-61
1.6960122805366947e-09
1.6386575548388111e-21
4.128823093489836e-26
8.182954685873491e-14
2.429227539035205e-18
3.564805881072494e-10
9.335788238254207e-18
1.2322413916278931e-17
1.4393364018337915e-15
3.051151720204343e-15
1.2556941417795355e-17
8.018846642234418e-14
1.4448115631465195e-30
2.6898913721794486e-18
4.35002658686582e-09
9.098346784752318e-10
8.325920690798738e-24
6.5199628306462836e-15
5.692601509222427e-14
2.2832407484742583e-11
2.17641118080421e-54
6.1367941573305915e-19
3.0402075371652445e-08
7.349643767787008e-93
1.4706864230727638e-19
5.53511309471622e-29
5.796442170039195e-13
5.532323085670399e-08
3.153111276495258e-12
2.4058319115232144e-34
4.656627991154479e-10
8.207687884231624e-22
4.5076768643560006e-14
3.644753352822475e-25
5.178033647443489e-09
1.3177199882397972e-21
9.539166600017828e-16
2.743894840384577e-13
9.133681997146624e-14
3.6875460513474823e-20
1.3450741066878527e-16
1.933304746077467e-27
2.3693295172319477e-18
6.364426373680441e-10
4.788006173307293e-30
5.190624018487224e-26
4.707647970194186e-15
5.234362206469794e-13
1.2495455369683841e-21
6.221553181626621e-18
1.0339187170416213e-64
5.266075013998109e-17
1.2337883014161671e-16
3.005783780041267e-87
0.03897826700331741
1.313086190102025e-24
5.879439015231235e-11
1.537280032339623e-59
4.966474283307284e-09
3.641806420010178e-09
3.807633644205067e-11
4.441209315245692e-09
1.0065285236024978e-25
1.4262133966133877e-13
7.269500117166469e-09
1.5903960079610266e-11
5.712156309535284e-38
6.1632605706741275e-34
5.338426180291875e-41
9.939069150255488e-71
1.1254859807670455e-25
1.703180034964299e-10
3.900770557543383e-09
3.6353350212755215e-21
5.725405300534803e-08
1.2037750762099756e-16
2.3044310293497372e-12
1.5382316579030557e-32
3.3689326452500093e-31
2.2446213748409488e-26
2.5917777514845565e-07
2.261855714584273e-31
6.79453971252056e-24
5.701899009087564e-18
4.2768109506765354e-09
3.0767851382368805e-19
3.136225826719194e-18
8.120431408405328e-16
3.1322483514345755e-12
8.851573968731382e-27
1.996442147143687e-79
2.5941254203177058e-17
3.941040261900859e-10
3.7407649295931086e-32
1.2496700401529804e-18
3.530303816507391e-24
7.761681883202906e-26
1.6597475781153337e-13
1.6778188619754913e-26
4.9665706366386356e-61
1.5995335585600199e-09
7.84002169022662e-11
1.5716519457794207e-34
2.7762249596694374e-65
1.3607342092882081e-16
1.2397912355436677e-21
6.921650079331439e-26
7.150392641930384e-26
4.2086984459252353e-29
6.415322607629717e-12
8.15183414223675e-34
9.583809415558252e-16
2.746745936283297e-13
2.1066515939382039e-16
1.4646356121276297e-16
5.525055728156125e-14
1.2363857844870367e-18
7.92597292414455e-26
3.5454469119215332e-12
5.2608372820704955e-74
7.339834620231354e-19
2.0868983346565925e-11
2.0921750612890975e-22
5.176672329540069e-22
2.472683269658962e-17
2.2112667826233006e-17
1.0173547035078609e-18
1.9675652193368897e-14
2.301774401623243e-12
2.896241285170118e-09
3.516425936741437e-11
8.732954462749953e-13
4.478282132671031e-18
9.94656222802583e-17
5.42884300614348e-09
4.254995138253135e-20
1.7039622224805e-30
4.625249568818666e-16
3.2991270194390037e-25
3.347664306838665e-82
2.5798940619192167e-13
4.333511042321501e-20
1.7921235453832253e-09
6.128137271957167e-59
1.4600447761674086e-14
5.1798136772877926e-14
1.8190088783203985e-11
9.099055330307102e-20
1.0750581736241655e-15
6.48562043178594e-34
1.3588669559234355e-08
8.150238565234295e-13
1.4878455659961162e-14
1.523200012873617e-11
2.4163408892469397e-24
9.358367940944521e-28
4.527855378611473e-77
4.5865125220366085e-15
5.679346346156759e-29
4.674779171282714e-16
4.260643049612204e-22
3.54304618087221e-58
6.288897597135594e-06
4.723719281500314e-16
3.629529097290333e-19
3.9591450126794835e-08
8.614114835169057e-23
6.703676104086803e-11
8.387215396515938e-15
3.6038014047864003e-09
1.0872208455805545e-15
1.866301329256149e-21
4.100690347240818e-23
3.1679510161283594e-14
6.757975137646872e-13
1.2857417564983165e-24
1.458140014056266e-11
4.760259277823541e-20
3.211694175699026e-67
1.20611893453988e-14
1.8187934189470665e-10
4.1780681374203286e-27
8.431725584284558e-11
1.155862276717793e-13
5.508173366007454e-32
1.121032499147076e-20
1.0059885944348967e-24
2.5440157676452253e-39
3.7920147508211155e-19
9.380086742893414e-11
3.175270621179626e-61
3.05339560011457e-12
7.919847616309222e-20
0.00022910221978831788
2.4274875742410054e-28
8.681892740867059e-14
2.1794214830107236e-23
2.0033397042349319e-19
1.1319182076945555e-24
2.8189715394597e-60
6.496879208402704e-15
1.4618002685908223e-21
9.289726383275869e-20
7.647098187676937e-21
1.03747266752922e-15
3.446586403405588e-32
2.0710339279442304e-11
1.0605665672061114e-20
2.2912211840848236e-09
1.0372458604123349e-19
4.2995341224509284e-19
2.627004977633517e-18
9.739457304191139e-22
1.6315040682669214e-11
3.232453194979039e-12
1.120556003482562e-16
7.32657775269191e-21
3.0722966660658907e-16
2.19505168411783e-55
1.027835072852431e-22
4.82726690608726e-09
1.2720394220052884e-71
7.666696886590938e-17
8.187403135729526e-20
1.3452190101968936e-25
4.070819787585698e-11
2.7982774891270986e-20
4.151765070053871e-13
5.0998829236191295e-23
2.026933641529865e-20
6.358305494812951e-13
2.1287649265657594e-14
7.176915232211403e-24
1.9297144491241152e-23
1.4708402445786593e-31
1.247031604899706e-11
1.4783598045861564e-70
1.815609110502312e-21
1.512095912932641e-13
8.247191887861417e-08
3.3574102556237853e-72
4.4547077979206995e-18
0.0002632068942660702
8.193284201882251e-80
7.630269277415461e-14
3.2172338665151456e-32
1.8879755619627056e-07
7.855905014383938e-17
3.523308568433591e-18
1.2428596570828242e-07
2.6249287931853384e-14
6.778516798673967e-78
4.1818246909601075e-13
7.078763373721244e-16
3.3949390866856485e-25
3.1611285502520135e-16
2.4875857397039682e-16
1.4455801170087338e-08
1.5119672614507238e-22
1.4321500987735003e-60
2.1941696853960992e-29
5.243258528638992e-34
2.2788439894551055e-05
4.10364859136256e-77
2.624569680151609e-09
3.429096441366934e-32
5.098084648756566e-13
9.943496403288906e-21
2.0501324071849363e-70
8.224001111649105e-16
2.05834191837021e-09
4.445790796292355e-10
1.649271977849952e-21
1.4460586112664717e-72
6.830459256845471e-15
5.606911877205552e-12
1.0011728794622585e-10
2.6647135548395365e-20
8.438864810199575e-20
3.876817686742253e-09
2.861439978390846e-14
4.976324165382689e-15
9.417257292151518e-20
6.909880871154101e-10
1.1083215436709374e-62
7.468106665514675e-17
6.536816704622339e-20
6.2142658352113554e-15
2.9300722893908358e-22
5.595093435523216e-17
3.0355421870848922e-18
2.2344179246677052e-11
3.0527242316431315e-14
7.216497201977129e-16
2.8669717002991836e-09
1.4865577236458704e-22
7.437792183878631e-22
1.9151888825973503e-16
1.2071144242652083e-14
9.443339342355992e-18
4.713460198625075e-22
2.1496724020817256e-11
4.9865655870730376e-26
3.338130485647829e-60
2.8689239700237237e-11
5.7094289225556914e-12
2.8377918930432383e-18
2.2690701693278484e-09
7.195047674649161e-24
4.417060289267726e-08
1.0319126245054945e-06
2.7816502177083235e-19
1.7563618233303887e-57
1.6501114899581025e-12
3.3797750438039442e-21
4.445343389897162e-21
1.1728035933689826e-21
1.2262062268170142e-13
5.103394758294228e-21
8.680657395368906e-16
2.636308954413546e-15
2.9067847235770763e-29
1.6520304036805758e-23
4.303418631605624e-70
3.3747409999151525e-27
4.8798751247599075e-77
2.60442360906001e-09
1.5935091642137079e-41
8.223585079069965e-21
1.431156696371956e-37
9.61895738249217e-30
6.535281288461999e-18
9.34790342093471e-22
2.5190377515712194e-24
1.6846278278142955e-15
5.005341678698278e-13
1.2138118753084273e-13
1.8474483824829886e-44
1.2084396420039317e-23
2.6159065758506815e-16
1.081604432803855e-13
4.9207841295412105e-14
1.3317074993561513e-10
2.3968462096619342e-15
1.467405054493391e-14
1.3894271934453942e-11
4.341009054264355e-13
1.2954537645479169e-12
0.00021528631600668813
4.2380794483684365e-12
7.528576308731573e-13
7.375018915251969e-20
7.928588514913028e-13
1.5715389251172824e-27
1.3855717931744731e-17
4.930222169336425e-14
6.379797089034966e-30
4.134227660683963e-23
1.6147908420475624e-23
3.4141095235280115e-13
1.0860972948754362e-14
4.51059727653777e-10
3.5696652618730974e-07
8.214746829690745e-16
2.4607192948582233e-20
1.6624527637299845e-23
1.788818521503245e-21
2.065384036473001e-12
1.1507529932853253e-17
8.706681766264565e-13
9.870052289889791e-23
1.695382255409715e-19
1.494748140185029e-17
6.41756460024355e-23
1.6185519942459463e-19
3.6032830655235356e-19
1.81875479088641e-07
1.512173715781633e-13
2.247749695775974e-21
2.3949548403720856e-09
4.9471801397274215e-14
1.540419901565877e-23
7.047839946196891e-14
4.156587663169237e-10
7.98080566127152e-18
4.60023383847614e-18
1.4443007852873805e-73
2.380699797495421e-59
3.4075240053444946e-15
4.197457700032461e-19
1.9228538609705178e-10
1.3461818882563453e-06
2.2912809197733003e-19
1.237669233967183e-12
3.145330000674134e-20
2.2851170271078626e-14
3.507352124506784e-66
9.365558034554584e-20
2.2576003058374811e-10
5.120787044044913e-30
7.20767671524318e-08
3.652258912238579e-15
4.724184155546828e-14
5.092218514765862e-09
3.208253546593688e-13
1.5934422667201346e-16
1.947794340877797e-23
0.0034898738660089634
6.072642509003133e-23
7.358676529876496e-22
3.4733738817230604e-10
3.2267604638844374e-30
1.1515068144419463e-14
5.262955918298146e-22
3.2618929340720444e-19
2.6063521773719828e-18
2.321375357940577e-12
7.406864338359311e-18
5.270703530327985e-16
8.411336733714419e-15
1.4267235810109038e-21
1.1646129780745791e-31
5.430383703287082e-14
4.650183774571617e-28
9.976899893507884e-18
4.167759554520025e-13
4.988275254491252e-22
2.4713872392403332e-29
2.3863230902331594e-22
7.787487224299609e-69
8.79433214658888e-14
2.2258968345585201e-44
1.5574307225359385e-18
1.282873475767662e-29
7.140280886679511e-17
6.63445660599829e-18
5.286372064892749e-26
2.2979701041599892e-20
2.0055881720838595e-25
6.513429537013896e-24
2.4176733463651096e-16
2.1624380859120066e-09
7.313335628732396e-18
1.1649256376538725e-16
1.503276922035023e-24
3.324688027577428e-11
5.367820263177694e-09
2.565625818153241e-14
3.289131345751901e-16
1.091678267531457e-21
1.1474425865058498e-19
2.1135080546460472e-14
8.554536654461811e-12
1.9770693303555723e-14
1.8314477300464784e-12
4.609606410947268e-22
4.781364606542154e-26
2.1527917217386697e-27
1.903440162186526e-21
7.8023414771426e-16
4.9538201586485785e-20
1.9316015239639903e-12
1.2736814776014565e-09
1.1094244886075838e-66
1.0375651975819657e-08
1.4965315463008606e-12
2.0600719493417884e-48
6.50943475676639e-28
4.694555115845185e-16
5.6873280504549364e-21
8.932256328064532e-09
5.979288827597277e-12
2.7660191895546556e-26
4.664359834062406e-24
1.2720468712899145e-14
3.74492642698539e-09
2.937643751703953e-14
1.9718023232149753e-16
2.787610569611955e-13
2.1778816415999366e-22
1.1550775586008508e-17
1.7746979860746692e-12
1.8833644002290497e-16
8.066204069752674e-45
1.2155081348232737e-12
1.9132435141284532e-16
9.36139548364406e-33
1.4909166186896426e-14
8.580453123129087e-24
8.934330370715492e-10
2.09099553444802e-36
1.0736865854592751e-10
2.099802259054199e-18
6.430584733899548e-11
7.210974750697814e-10
5.282968662308752e-19
7.27242156245415e-16
7.711216958320652e-12
1.3493603019972107e-15
4.448129983379125e-22
1.6557175868949673e-11
1.9717990788174106e-14
4.0334624674087537e-13
2.9922794454235105e-15
1.8694952119720896e-14
3.9725872694534205e-18
2.0689231390347304e-10
1.896923851209086e-18
1.348970188433955e-21
3.791085122323634e-09
1.4820488750423153e-23
2.6557069064421267e-25
4.846812735066359e-13
6.4211853201679285e-21
3.345627552642861e-08
4.948205514899934e-13
8.999752920477886e-12
1.9996985564924684e-22
6.679577770210427e-22
2.909616029612374e-13
1.4885718560806736e-24
5.394286632072001e-15
4.1319668811420416e-20
2.865579321038935e-63
3.673586854342586e-12
6.608711956469927e-29
1.3403014376998608e-14
1.1732725987468101e-08
2.774757905324045e-11
5.513723843231107e-38
7.42033165043831e-13
6.623993736279534e-12
8.956810600915943e-06
9.137698433431008e-65
1.4211270707556346e-14
3.88009449446324e-16
8.672070320584352e-14
1.718913681549723e-08
4.251590813476898e-08
2.1242157536375594e-11
6.455632144849458e-13
3.024755150986513e-19
5.591623747614265e-42
9.202442415277959e-17
3.2028195624324884e-23
4.947168367422356e-20
2.004571418191689e-27
3.939760214943982e-09
1.0059375632154494e-16
8.868604018111809e-15
2.494894125126679e-08
2.1152161363460036e-34
9.034175530447428e-28
4.902841587659242e-09
1.9723609400092913e-11
1.9782258266621295e-30
8.953745773633133e-20
6.713155939144434e-33
8.590054829032883e-14
3.404593992814291e-13
3.432664491193892e-60
2.110501331870751e-17
3.6028781548315767e-22
7.684217584511899e-80
3.1932843089795636e-13
1.3667238234478444e-06
5.070356558440627e-11
6.217778869806742e-14
5.030064711309005e-36
3.1211361123201072e-52
1.7679164013607566e-16
3.5749827468691733e-16
5.628193222587271e-19
6.37910275108495e-23
1.2239468722724385e-17
7.118915352873969e-81
5.113427175952886e-14
1.035467098958542e-23
2.565935165615127e-15
5.1212401125988065e-19
1.6880756743466635e-17
1.478719730642044e-09
5.300398842014774e-13
6.456618489878661e-22
8.657038155611854e-61
6.900713499032162e-29
1.0374042307770235e-09
8.285947885818782e-16
2.5060147487541927e-24
1.9078593105201527e-25
8.699345806163602e-19
5.365282029094038e-25
2.654062858531366e-05
1.5550996234752733e-23
1.034520346861954e-20
2.443932227356361e-13
5.663521446631967e-31
2.7006168915067548e-17
1.6441865266901564e-17
1.4275476747856097e-17
2.342628656514493e-23
3.420542118786294e-21
6.68795164516054e-13
1.0806318034147424e-12
8.447561158570577e-11
1.887651397554777e-12
4.1341037068635473e-22
1.3846312570110647e-14
4.0439996868180295e-34
2.998654540530471e-10
7.673256551620637e-18
1.3702793092859443e-16
1.809266443036531e-09
8.791030510804905e-33
3.477569036991398e-14
7.958531239097614e-82
1.4888573050508096e-13
1.281852862005865e-23
1.179628944444887e-15
2.9112041760735145e-22
3.253460647509528e-39
3.277241914742512e-19
1.3841720324209752e-06
3.320469784176275e-08
2.970336537211576e-15
9.967180670763089e-21
1.8752879532831295e-20
7.14840176854593e-10
6.114589843002524e-69
2.4720458422959816e-15
9.982469122643083e-23
1.7921235453832253e-09
4.410561882959364e-19
9.319210211231295e-07
1.2617209555983904e-17
2.319014019596919e-10
1.1724835749466954e-17
6.0034780026845055e-12
8.088766676278479e-22
0.00021309767211103746
4.3481510745453556e-16
1.005944057474162e-20
1.462486039034758e-10
1.1024503954286738e-14
5.6025926287589186e-14
4.250814688340275e-20
1.2847707069759107e-13
6.937442142819383e-14
1.8470704305019965e-18
2.0464367521478075e-17
1.3651908630931797e-10
1.2013321480673864e-13
3.372026476323038e-19
1.5286135752617027e-21
1.3702912442837769e-11
2.25928849411136e-08
6.56735904281846e-11
1.2902071628398982e-66
2.2082525318928103e-22
7.3614965513453465e-25
1.7535519234114157e-17
2.0574984689984218e-14
2.1241134944331726e-25
2.1644312701630217e-16
5.631899775999531e-16
3.6026596372105693e-12
1.0391054876663648e-21
1.9907269339502354e-20
2.6182598499720055e-08
3.1510989575122175e-29
3.6576192904853736e-24
1.928348436265044e-28
3.0444429380362752e-15
5.00768631995508e-31
9.78771488951948e-10
2.2539204868527136e-26
8.490734602540405e-10
2.4341448206496907e-24
5.25589873102657e-26
3.080093011222712e-70
5.677188966890865e-72
6.8495211278615404e-09
6.687042267547019e-22
3.1922679621327404e-15
6.008812210726822e-38
1.848303496375189e-23
1.3861765714929857e-21
8.334953367505996e-33
5.145029748303704e-12
3.851004140120527e-24
5.776592549455265e-16
2.179235009220412e-06
6.651821940526743e-11
1.3141435733822686e-15
2.439944396975539e-24
1.240980052052582e-19
3.005317422569879e-15
4.170435213284257e-14
8.269632975708311e-29
2.2025627323636077e-16
1.1725911409141357e-18
2.464873973496155e-66
1.9162353859314268e-15
2.2124496118715172e-23
2.4787831334816876e-33
4.219976750121824e-15
9.924194880216665e-17
3.517725094125941e-49
1.8609361872334524e-64
1.0751656783187706e-11
0.00022332082101531769
1.5795995102327246e-13
9.951657317683278e-17
4.9894751062718476e-08
2.065486711566281e-20
1.9170880349968861e-19
1.4214973342239415e-07
6.029847809602079e-82
1.445947107557586e-10
1.3008018126007457e-11
1.2660793447806942e-29
1.3793199702781882e-26
5.233304295106455e-21
8.001199341895515e-17
2.921756202483061e-63
2.7050455421236847e-12
2.0021387208683702e-13
4.389180036405553e-13
1.408138800198868e-16
5.643569897644943e-17
7.65942819725859e-13
1.4982399124381958e-15
1.4344649985523182e-17
2.176600837411896e-31
2.7784107529399396e-13
1.497470226877334e-19
3.977293521653381e-10
3.550991226124377e-14
3.7521550545138854e-13
6.662205511523307e-12
3.3815431731373737e-71
8.34703649732716e-21
1.1991134192571969e-17
9.310697970576e-19
1.4664705020629831e-08
7.662086735143793e-10
6.544235449506448e-19
6.764151352514052e-13
1.8450525627172254e-51
7.507803852238788e-16
4.548228349714377e-22
1.02753945421948e-13
1.4489056502976508e-18
7.096952738060872e-17
1.3587702404026293e-21
1.5167047191175286e-12
4.895122761928896e-24
5.667312183127288e-19
3.9223936438268905e-70
6.738290637140149e-29
1.856921683357508e-21
2.740859220134949e-16
1.2738163485253504e-06
4.194618839490742e-68
7.83024819599045e-11
2.1694362199983255e-21
8.568727236442805e-09
5.451634894920682e-15
4.682567295984141e-26
6.252034466822183e-11
6.115568875049309e-17
4.231579202324838e-13
2.802687906272062e-22
5.564513212955949e-15
2.9807155693239525e-16
1.2666472500289811e-18
1.1697881733835722e-10
4.203513456166904e-18
9.493952477925986e-16
6.671878136513306e-10
1.5748512478362197e-11
3.0190650461696373e-37
4.501290499437765e-19
1.3367523119566253e-17
6.262478060718236e-26
1.4343081877538034e-12
5.8303750919904475e-15
4.132385590999188e-20
5.902690208178171e-16
1.2655768330810781e-39
3.166826900438711e-09
1.0343348594320711e-22
9.641013529561426e-17
5.213674820373589e-09
2.534862754178755e-23
3.1961310864155726e-34
3.6501643643013606e-27
4.096399246061475e-09
4.6787086247740944e-12
5.3221184983764374e-11
8.24936044138528e-18
7.397452803934309e-14
5.53239522191769e-16
3.433012380194651e-09
5.520756502892225e-17
7.430727684518723e-14
9.08990454621394e-80
8.141259609130636e-23
9.64755022653455e-66
1.1451549579274644e-14
1.8759818002377727e-06
1.5850139289282358e-21
0.0002682756031333021
2.562333395016141e-11
3.7424169232353857e-25
7.36906891501119e-20
4.950486860930494e-18
1.3971340779997047e-14
2.6622566930073288e-11
1.931946422282879e-21
1.159716106335272e-20
9.80169326443587e-22
4.110725221695109e-08
2.065998611265299e-24
9.038609685589554e-24
1.6660675278979839e-21
1.2108035985944523e-14
4.601014054379728e-11
1.5146580561868056e-13
3.930815822475457e-18
4.196529192997107e-18
4.2561361600743446e-14
3.8354414186070806e-19
1.0335509080954102e-19
4.434482213063721e-14
8.704963222124024e-48
6.5803570690689224e-24
2.5169424710901505e-29
1.5974886661490566e-22
2.4521524654559574e-12
4.963453040953431e-76
3.390642648236643e-66
6.188950248565153e-19
3.055102582205048e-14
2.585599718409197e-26
1.8214229110539972e-17
0.011323373764753342
5.91563809954858e-58
5.5744041200688343e-14
1.1611613522590161e-08
1.6216560532893234e-09
1.149717223634098e-17
1.6242014293580622e-17
4.1325592040687337e-17
7.36764600464546e-24
1.3620493493386896e-13
1.8673849635928503e-12
6.064744986939222e-19
8.54286571665271e-17
8.596143568112944e-06
1.2638180805362064e-21
7.907510105468161e-13
1.8258258544414806e-12
8.772823643569641e-22
1.0297844773961631e-19
1.8120274944638282e-19
1.697538248181268e-12
1.8526059755006433e-19
2.1235048191223515e-13
8.819344031507006e-19
8.841977447134343e-16
4.283373254411256e-22
1.0882386824033158e-14
2.360188101896848e-13
1.6145246501706592e-15
5.691560555916798e-11
1.6570411595221736e-08
3.035757693694209e-21
5.156849776705343e-13
4.843909099403692e-19
6.173858659857577e-31
8.142809858543469e-36
3.8615220038239416e-13
1.3068079924571366e-18
1.3187970575677933e-15
6.45036075824016e-14
1.084480094377787e-22
3.1961207624117405e-83
1.1327628909869005e-31
2.6020148469877437e-25
1.0467677315368656e-18
3.509125745091399e-10
5.623445873368956e-23
3.3883826263403172e-22
9.927066913259004e-12
1.72858296443316e-20
2.4057620301651682e-26
6.980665115789711e-19
7.070203092001439e-17
9.742569270825432e-12
5.224233886978334e-75
1.1224011107845015e-23
3.5429775636683104e-26
2.3713904950076537e-09
1.106258444177205e-21
6.939197719158966e-14
4.384857339496525e-23
8.243650994822847e-13
2.219390254870446e-13
6.737483098985848e-13
1.1158195805216132e-32
7.792237305671364e-18
7.303232343535811e-32
5.134064595595671e-12
2.668803724943632e-07
6.934828149191848e-16
9.115244516241857e-19
1.1945360933710897e-14
3.213576438882784e-14
7.55487863842192e-67
5.3947015665999395e-17
4.515471627546277e-15
3.468430293839217e-11
4.541185960752831e-16
1.0511756725277188e-15
2.248997552776505e-23
5.649219097255e-12
3.2888149654529364e-52
4.205388849520685e-23
1.0457346520671252e-16
1.5657926332928233e-12
8.298599025923639e-14
4.33451197437154e-17
2.1106630751292096e-18
6.061652051198746e-10
1.4452559000419877e-14
7.705208533248752e-18
8.96099511070055e-17
1.5059669148140844e-17
1.0226549323371911e-13
5.90369362485667e-32
1.8577270763737306e-17
6.122606205580016e-09
3.572563962477847e-52
5.321870318424173e-12
2.7603741530481148e-30
8.171492816409269e-09
2.6916679837970658e-11
1.475195437996927e-12
2.3086628136637994e-17
3.603800882078895e-09
1.178127905949683e-19
1.0346313090303106e-17
2.738207926664412e-19
2.298737104915769e-20
3.550953584748586e-13
3.3040806273775834e-10
3.592297065266857e-26
8.701449602224713e-26
3.609962148513897e-75
8.567920570392347e-24
2.4920413464555107e-20
6.573573443860028e-15
6.534828826788753e-86
5.226678732423956e-21
1.0179416212636544e-80
3.1306558295515236e-16
6.126597605079335e-23
1.1849268163742395e-20
2.9644918191966603e-55
5.778262339841464e-23
6.683787488931466e-17
2.4609210430790658e-29
4.059283520687489e-24
1.3306950552987964e-12
5.926121527527193e-21
4.9342243999354565e-20
2.262061225064893e-26
9.71396034208898e-16
3.291522587365342e-28
2.894864940057446e-18
1.1022266778945551e-24
3.556848074323559e-80
9.498527878402248e-15
4.679300688665043e-18
2.6757158173450783e-10
7.060663921769333e-15
1.9404463982927783e-19
8.029931991270711e-12
9.39497089782328e-09
1.0909459511792222e-08
9.582027120116951e-09
6.139013702530824e-26
9.883644621138814e-17
2.8802964362853835e-28
9.907868531465797e-27
3.603800882078895e-09
6.6506597228040484e-12
2.83583383754066e-12
1.1332885584459354e-12
9.817185429852524e-16
1.8496794272735698e-68
8.340043209123429e-13
5.142658510191659e-28
4.036595835701368e-25
1.1000683995846794e-31
1.4544218293191604e-40
3.509125745091399e-10
3.520616772477229e-20
1.957979347926401e-18
5.454343365798196e-24
2.1980312002348208e-17
9.979207735555741e-17
1.512132706041419e-13
3.114311553056441e-33
8.725985032972085e-22
2.8181959200926565e-10
2.4634784399708513e-09
2.309044447327652e-11
3.6731962914453033e-19
3.8862989312506475e-35
9.118293606252256e-17
1.3522747563619506e-11
1.9859968325712034e-08
5.850008728387547e-10
3.8122924234982774e-22
2.255425331230825e-16
3.970653879419446e-16
3.225983158924775e-21
1.331331605218108e-13
8.186225858551183e-16
1.4088279090520001e-67
1.449774840811732e-26
1.169252101340031e-24
9.814657819823414e-28
4.934327493530499e-25
2.008048346918274e-76
7.194707459781142e-16
7.683978711960381e-51
1.290180513924353e-16
1.0799918271816502e-19
8.490746217566323e-10
1.135146897132752e-67
3.40814238147395e-17
7.196974599301299e-15
3.525955269340911e-15
4.954991760820332e-11
1.439401789571306e-57
4.2949977239010254e-34
4.0041130513280506e-18
3.089539197256302e-11
1.0407162933107086e-16
1.1029546762838814e-10
1.2898843347106997e-18
2.982940213905797e-22
2.423248335598137e-07
1.0928040817604099e-16
2.13486604792898e-09
1.3500303873279946e-27
1.108163508000134e-59
4.977246478728143e-14
2.9290476225645805e-69
1.2471963459033396e-16
1.9866127721924827e-22
2.085929719921492e-20
1.689704063477793e-62
7.231556322171748e-61
1.3272183003692072e-24
1.0993021648257034e-28
0.0003518801047969547
4.202626956027485e-27
9.809172372648143e-78
3.381650149102365e-08
5.997347694266475e-08
6.552290887108711e-32
9.989976274543574e-19
1.4984014423252086e-12
4.623150379454506e-13
5.563843687428836e-11
1.1471158661284254e-21
7.505687533636193e-23
1.3971852186403266e-12
2.7236735137110314e-17
7.039039926600939e-15
5.031118311619551e-16
3.2342843281646724e-10
4.27691928925062e-30
3.8165787446206246e-15
1.1301698459876483e-21
6.401713407928558e-09
8.980394797906682e-10
1.0424524702036063e-13
9.772641089345297e-24
3.448185147238164e-15
2.4864077187217964e-24
1.0995017142454535e-18
7.548032800634765e-16
1.94533174960038e-31
3.133286230671588e-40
1.1361100619836636e-13
1.6782791905922967e-12
3.272900646681112e-16
6.921657669641224e-24
1.468365078421507e-11
4.697480511225997e-28
7.892312216360772e-20
5.318688092686252e-06
9.134801346075248e-17
3.3633271569900434e-13
1.057233574589027e-12
7.884002621068691e-18
4.441943181887672e-13
1.7484345381949795e-16
2.515680034916033e-22
1.8139714071320123e-62
1.0655019978973996e-26
1.014165534177768e-13
1.8339386367561767e-72
8.953383167280663e-18
4.4325730160843776e-10
2.820146812065545e-13
8.341288413711203e-12
2.1321836162529323e-25
8.864132473936649e-16
1.5058455619123502e-11
7.703693163591206e-24
3.3769359416607895e-11
4.607129191570417e-11
5.362026031368206e-26
1.2463293097066616e-24
6.576297853067545e-10
3.277537982678573e-10
3.527931818654889e-24
5.542073181755966e-22
1.885083140292591e-14
5.239944949575077e-17
6.655311919576621e-28
1.2495514923754388e-19
7.623648412146522e-14
1.2213517188548468e-37
5.744858768909569e-17
2.9497175951868378e-08
9.79637029865992e-15
2.130423760480171e-18
4.952603003539779e-31
1.317473373434456e-15
2.22329658819688e-18
5.82344208306398e-17
7.512564865582467e-22
8.041687643634971e-23
9.56124260145615e-17
1.0368367164557678e-19
4.837921252942496e-18
5.856808518274664e-14
8.634025992005676e-30
8.985375244044324e-15
2.5300391684276237e-21
7.02166249633665e-21
1.0791306795073978e-20
2.493591619076897e-59
2.6072959674314563e-13
1.792147935837874e-16
2.6682406223524596e-17
0.0005498762465192611
3.560194449472654e-23
2.1984431008025904e-21
6.097963710674428e-16
4.5956384841544005e-12
6.727984112294897e-22
8.158198519212218e-15
2.4120875517187777e-11
1.866952898823173e-18
4.2295157557142005e-22
3.460096329038829e-15
1.3702824096066333e-29
4.696685086926421e-33
1.3776748156083193e-21
1.3437543475395235e-18
2.9735014514101563e-07
7.022018672691941e-13
2.42264665331503e-16
1.3478968975970391e-17
2.6720821109782753e-08
4.22568996098865e-26
7.218086872306215e-18
3.044300563828964e-14
1.3939601610722003e-25
1.6201192006295543e-68
3.007520674558288e-14
6.8244927863055174e-09
2.633965725644146e-19
1.7952711082733882e-18
1.177643648368176e-16
3.309614801945014e-20
6.465075238284483e-16
3.9180215380173427e-16
3.9214582317344573e-19
5.822137135795031e-13
3.4670579868137594e-22
8.948489367477036e-12
1.296170654880674e-15
1.854006851330556e-15
4.049634773337845e-16
1.442375561089346e-09
1.1940398552392974e-11
2.9837472876818824e-72
4.208460460614249e-12
1.5737506047884064e-14
2.06645727643273e-13
2.0340537552854677e-06
9.04703951816399e-17
4.094591241016177e-10
4.352007978366595e-14
2.008436055431191e-23
7.445212520894155e-16
3.532356401488815e-21
6.255152889323876e-21
1.8583221987611138e-22
1.3196832846137618e-21
2.722284081400814e-31
8.88064858157636e-19
4.311014468077665e-10
4.0514924445308766e-18
3.3775122833639445e-17
6.064575055457124e-26
1.51637153746209e-31
1.5403331582598918e-17
4.8536306881508565e-21
9.904984062157907e-17
5.246756764599226e-21
4.218763628542427e-21
3.9376813034679884e-26
1.143982268558198e-16
3.669985889724687e-15
6.600661355989839e-27
1.6328825310596047e-19
4.50671695553247e-70
8.322820098789368e-14
1.6453880248809911e-19
1.1932474623407982e-08
3.813314983848622e-18
1.1944888965914113e-10
4.665967744042323e-75
9.267010981776388e-12
1.3937056345842168e-19
4.3406043868288e-10
2.0507432126083845e-21
1.4307092567737652e-18
4.50815613615739e-12
4.3072234210983123e-19
6.832132175149123e-22
6.058211367145594e-23
1.8301677991602528e-13
4.471340241568701e-18
5.567925691558856e-23
7.26819359772775e-05
3.917331152990587e-25
1.6010282537326242e-16
4.084762840808085e-05
1.4220925660570622e-13
3.734864099995383e-08
1.171740315120669e-14
1.1272683736778492e-22
2.151836950478643e-21
1.102948297868683e-33
3.4807740107911216e-17
7.105003245282343e-21
3.1342878339808617e-52
4.1867354334678224e-18
7.641851694344328e-14
2.2094775079974703e-27
5.455831238980884e-10
5.5205593639200755e-21
1.0913071749581306e-29
4.771373817575867e-16
1.5865861272634442e-29
8.125885530810373e-12
2.864930883142047e-19
1.450980808953717e-25
2.495431548795353e-10
3.363650382125633e-17
2.361731507430116e-20
3.3125369093839986e-20
5.033006719368352e-15
4.394415565493696e-19
4.126910893121187e-18
2.41852443427965e-41
8.01274462188952e-12
7.97655145641268e-14
1.1663105521610965e-14
5.962923934001051e-33
1.201828811061198e-27
4.932809239649617e-19
1.8900732029901806e-13
2.23868781333177e-24
5.833337194042955e-34
6.8714945765226815e-40
1.1022937510063495e-08
1.6489741965142548e-17
1.843072010421511e-30
1.089710212429081e-19
3.2533931338163187e-13
8.567269537781969e-19
1.175376191388594e-12
5.839919594569179e-14
2.322504184316308e-20
1.9919260527412427e-17
2.7450758048714316e-26
1.5337883694571013e-10
4.837053505062881e-72
1.309295668213164e-16
4.1517241715137566e-21
3.716295874060134e-27
4.0710834769876374e-16
1.49591481588778e-14
1.087158790566935e-78
2.283417781680609e-13
5.630167067810103e-11
5.589833741119316e-15
7.050552323859373e-14
4.784109858817628e-19
2.130423760480171e-18
8.478699576526481e-20
1.171599330691206e-19
4.527599790477445e-15
4.958340782562656e-15
2.9833482726830163e-21
2.68899253062912e-11
3.182281646017406e-17
9.014935731705305e-16
1.2379682469143525e-13
2.330693420228876e-17
1.0396740097737433e-13
8.474872247224167e-82
4.10595883197741e-13
2.7284943644121736e-14
3.220985185462962e-32
2.8157586986880125e-31
6.937343963941884e-11
6.579602656485111e-29
4.080279402591442e-15
5.224143963537812e-21
2.731626530553778e-06
1.18092481013678e-20
1.9119478079815368e-23
7.657055812578168e-18
1.6473040099051289e-15
8.0731468244571035e-22
2.855181384070053e-23
5.998201528921255e-20
8.719113262583281e-15
3.894026840944014e-20
6.156727193076557e-19
3.192147875062217e-23
4.9376750335811825e-14
1.169333757024846e-09
5.876302579478786e-22
6.771094328164138e-10
4.003193379674113e-14
5.668502712671195e-20
5.5668608242232397e-14
2.390064003495181e-12
5.292030684571498e-08
5.168230778517185e-15
6.051959695351258e-19
1.3439013017127287e-13
6.371079625854528e-20
1.9573479884481383e-21
1.74248480296199e-25
2.474953629374697e-21
1.5718661180880387e-11
1.1493045507831343e-24
1.1045158732777466e-10
1.9287619344646263e-16
1.8183016090560731e-09
2.4832293889036447e-11
5.855994435249157e-22
1.0160677190991325e-23
2.7077130316692367e-18
8.194897902409383e-14
2.0001934439827988e-12
1.2137458231085589e-09
7.058485431539315e-14
1.115381362507397e-21
5.11802734873406e-08
8.680003061393991e-16
1.7126109369188262e-14
7.230674445456598e-18
1.0553439350684298e-10
1.9185972295945293e-16
8.980130021831502e-32
1.5649314931101037e-59
4.799976867240463e-15
7.00611285670772e-18
1.347747455856267e-75
1.225343556386105e-07
1.1554537818235296e-58
8.187204782024249e-12
1.7054365735294795e-20
3.444136456235745e-14
1.8617123468644332e-16
1.6287937785053836e-20
1.9070953382152793e-11
8.381432919340175e-24
6.159328116568517e-15
2.6851658765640527e-28
1.9991210901942454e-11
2.2619449108744905e-19
2.1224009114074952e-20
2.44638729990751e-37
4.06402043517819e-11
1.791181220314254e-27
3.3720161982546693e-11
1.3487848955183554e-11
2.4164551078928004e-11
8.726285749015404e-20
6.098318975619398e-14
1.0642229345599187e-06
1.2159076772763178e-18
5.851869772494315e-21
4.53751232622102e-07
3.870008777901418e-18
1.3392575044142585e-17
1.5112639216049722e-18
1.4432220190886104e-30
1.3284682746039581e-16
6.291167031079392e-12
3.217869444282483e-64
1.1530046459361412e-15
2.9750910920155506e-13
1.618757651203539e-21
2.5977422328087415e-56
8.920176657012418e-81
3.871301555552426e-16
1.00672413799616e-14
1.2240531552565136e-21
1.5196744062454118e-10
1.2440679103739757e-38
3.694314622698871e-16
1.51497255094959e-19
7.894955851267269e-11
1.0177012759602284e-12
1.6185583450468835e-26
3.6368782292220186e-10
2.1848772122874362e-27
5.0675593366444917e-11
6.704095641932845e-10
9.089222942843374e-17
7.560692673522413e-13
1.7501651088799954e-08
1.8291198882011412e-15
4.427858013607157e-16
5.110900351869815e-16
1.048995898374889e-21
1.926582564244923e-13
7.200207925992697e-17
1.5985328818551147e-23
7.885486796144277e-18
1.6515037824655125e-09
3.290036373602568e-09
1.046519068883859e-12
5.36683035955288e-27
8.572043515577464e-91
1.0462995481659237e-18
5.594396948413564e-77
6.486687791558706e-12
6.3605239148796595e-24
4.9805399872630024e-26
5.970956614523077e-21
4.110733981729663e-25
4.462690914768103e-19
4.260054295884401e-11
2.0096179774266243e-28
5.474858914892036e-21
2.746357559943705e-16
2.1459280568739147e-25
4.274540182292822e-18
2.86591800315905e-17
5.2029232879746125e-14
1.786668986652024e-11
2.719812908393006e-23
2.7020296439724316e-17
2.2332615478398938e-14
5.610220678035713e-13
1.0730136203559788e-09
6.840843981841021e-18
3.075349570771059e-07
8.894736038710793e-11
7.199113607784933e-20
5.907059289490701e-22
9.336320405857106e-14
4.296659217286037e-30
1.0148305767133897e-10
1.4370826435809035e-41
5.513841413540115e-12
8.98099855848581e-09
6.1276344460240726e-27
3.004918384401607e-15
2.363471237299747e-28
2.006718706410388e-09
1.4506085087948387e-16
4.8675912541497616e-23
9.233760635368095e-17
1.5422238489681906e-59
7.149509206569623e-16
1.2069257011335325e-13
1.827198825030917e-16
1.1181533264757498e-17
2.8396467626341923e-07
5.8092583250282405e-18
7.763091022966371e-16
1.1270409938828293e-12
2.6076566834230755e-17
6.462513821193426e-10
3.275616387792414e-18
5.303926646177767e-18
5.407379314693971e-16
1.3787567624916144e-10
8.326404881678492e-17
2.2618554300586074e-24
5.458673096238553e-22
4.116650499516579e-18
2.8600422229724414e-45
6.727737188883529e-17
1.5825404266168325e-55
1.0520485311356498e-16
5.711101773303543e-54
2.1811364701799347e-62
2.9207251137133333e-13
1.4589783116404223e-15
4.4288338055622705e-32
3.5910663430388534e-23
2.6908568645580553e-28
1.0205246314922e-13
1.3319830463793862e-07
2.964060509380435e-14
1.3902014121392622e-21
2.606208640978251e-23
6.964588707173433e-17
9.127112891124734e-10
3.247549499795515e-30
7.579196836351943e-36
5.638097004379029e-25
3.7902315944600667e-34
1.9246354185150995e-17
3.989070423063641e-18
6.504661647177055e-11
1.8237227953253103e-15
2.8436147922259925e-20
2.013583076040702e-26
3.801751653310351e-62
7.307160306418886e-13
8.749450931840549e-10
1.0610047300358996e-20
6.112037351046532e-13
1.7744049757372694e-72
1.1190394683950533e-20
7.907266201028924e-35
7.33572458006144e-25
1.5187419836620975e-19
6.535890122619834e-17
3.0198369521752105e-34
4.4365366816643236e-42
2.7609913773895303e-19
2.1748801937015977e-10
7.075326732993395e-13
4.190818024526842e-23
6.143946517042896e-11
7.537348321471534e-08
5.832093947444882e-09
2.974686194209788e-17
2.366710826405051e-15
1.749194045078841e-96
1.7606541880950235e-06
2.701824057093905e-17
9.706773274439756e-17
6.335201763581828e-15
5.436073069558434e-08
2.0707699000294844e-22
1.483613595905547e-33
9.104604346768037e-33
1.2719784270892552e-15
3.502963660263963e-08
4.0794639157351114e-27
2.5158320859365527e-19
2.8819690080534703e-12
4.914215440621184e-22
3.3928740894203584e-20
3.30254457747527e-21
9.766317314757929e-30
1.4706472930604681e-27
3.460884932158323e-09
7.933480988088911e-22
7.904949703923631e-27
1.3086922678188455e-22
1.143681960610847e-17
4.881218664840567e-34
2.5962490615181164e-15
1.0306433134464014e-08
3.720885603295941e-29
7.896824152996815e-14
3.757084030639561e-24
8.443745564906705e-21
1.0127034856314443e-17
2.0794372430221246e-05
1.054207151339978e-20
2.342699007921222e-22
3.2085279224415912e-09
3.4045950937075794e-13
6.092676517991471e-26
6.2963869653010834e-18
2.5942084913827676e-14
4.5744714365009894e-15
3.031919671169317e-08
3.995120425302382e-30
3.308223786527895e-07
6.093243279110371e-23
4.653690379085986e-21
4.9607355783000914e-18
2.2923703650516832e-35
8.410848150254811e-18
5.4870335385624235e-34
2.40333121653475e-06
8.47750652386598e-21
1.0995807746955166e-18
1.3299826389808424e-21
1.6714599298624386e-12
2.0883440965793866e-13
6.01069065028808e-10
6.392922393452644e-19
8.629826621125699e-20
1.0140192060993611e-22
1.3609475655401375e-19
6.98940318872274e-23
1.635268050561288e-22
4.849046803634198e-13
4.376271993038377e-10
9.519414443883374e-14
3.608828042569144e-63
1.634882733140294e-23
7.006699494059733e-10
3.3853443425812274e-17
4.805769286074998e-23
5.810645827942574e-05
5.843067292038251e-22
1.0744735111902505e-11
6.167764230730755e-12
4.531363674712081e-15
6.84610470614632e-16
2.0158877394771508e-19
5.083353624776093e-14
1.003054394768398e-27
2.455117248945232e-47
1.6598216204187857e-15
8.634123721754667e-36
1.6744610847172867e-16
1.2566403270915803e-33
1.7325579611833888e-20
1.400758267357146e-27
7.239425358780432e-11
4.0460309804375315e-10
6.7150907195605065e-15
7.469638937393407e-17
8.986142235913254e-19
2.154720604941244e-14
9.641608382088894e-15
2.8822906176497344e-18
1.043706201749414e-20
1.7464567589546318e-23
1.637740597390094e-20
3.7310738649925646e-12
1.9715159371802192e-19
3.5846415663708237e-07
1.002169012882327e-29
6.457817720354179e-19
4.7587351929992685e-22
1.769685261300978e-67
9.824749152216118e-16
1.0031392758876547e-24
1.728091111857525e-08
8.934423247601354e-14
1.503875194393361e-16
2.5062837850764334e-17
5.2711041656033304e-11
2.141169091501604e-61
3.2264167930673204e-26
2.106024197061109e-16
3.697745199234081e-21
6.348390224687342e-10
2.710196429818882e-25
1.1268510880147063e-12
1.9168286869113382e-09
1.2259452223724276e-07
6.5876998254281404e-24
2.850313703796916e-13
4.718873965457584e-13
6.095445242058336e-34
9.841847002985478e-17
7.776079022533522e-16
3.7105323918326746e-25
7.084858630359221e-29
2.1458417130428167e-19
8.315156142412193e-25
1.6875120032403787e-11
2.4039266590765367e-20
1.392420024774104e-08
2.3157060724277248e-15
7.684817581891577e-18
5.133959893115542e-16
3.852413045037923e-12
2.4106805699266768e-11
6.748359170006533e-13
4.9550842941818834e-64
8.44521157453494e-40
1.112589880962336e-09
8.624308695631535e-77
6.985363392252771e-43
7.46642793725082e-17
1.942378134116674e-39
9.289971005186392e-27
1.219560424652096e-18
4.478737677465322e-36
1.7113155918469808e-35
3.244400184002485e-16
2.38142692371507e-18
3.7366471316472156e-67
6.755190461083307e-10
5.974516921984378e-16
4.173784988388428e-12
2.694101950290304e-09
1.3435504351853647e-26
1.2939993978040852e-10
1.0325480195789636e-13
7.57140182949007e-22
7.285034920173445e-46
4.4255244172816905e-10
1.2862083501051684e-14
1.1439629095843588e-14
1.6816061921076093e-49
5.159898574864965e-11
1.1896197458843433e-11
1.5032012353661939e-09
9.046232537125261e-13
3.730489439425052e-14
1.2386933869296401e-17
8.184474504893485e-20
6.5920208128075e-66
4.665728781130861e-37
2.038386689518856e-16
2.07764857234187e-25
7.848229971487032e-43
9.40306496871004e-11
1.0126560851486455e-15
4.6325354778978995e-17
1.954306995006444e-09
6.846570820094899e-22
1.8945400941325117e-10
2.114706544608336e-22
1.2425582469739833e-15
1.2110943751103322e-33
9.162920987376874e-20
8.275215108912757e-18
3.1178490832360364e-18
7.636135898749016e-30
1.734293014680024e-11
1.6501749442206243e-08
1.169530921402286e-12
1.4802455968668474e-25
2.4392986491967073e-22
1.2009384831651316e-10
7.543352074346925e-17
1.7970496637951352e-19
1.1884734181564443e-11
1.6922262001329328e-22
5.82250528650664e-34
7.111848717661096e-12
2.3937109459034037e-18
2.0776937211462604e-17
7.451314892511541e-14
7.936509840616864e-11
8.158716719439983e-18
4.710154501381835e-24
9.086390884028359e-26
1.5040296362018958e-18
3.774438595489912e-14
3.269055688167319e-11
1.0256631272990706e-51
1.6806273925693756e-29
7.937966274690124e-22
3.889183636704647e-13
5.49310097456104e-16
1.0766025731263212e-15
3.89061605459755e-18
6.438964424388197e-16
9.677393432539119e-14
6.3554762347726695e-21
3.867214634490726e-65
1.0749068329583542e-35
3.1002659859742985e-13
1.5935096071527165e-12
5.87463022787195e-11
2.949845554612227e-23
5.088707986048951e-19
1.576111288645223e-10
6.6609177321991115e-21
5.328225003940526e-10
7.538549477478634e-11
2.6358172895061532e-23
8.324518602168241e-13
2.978269996857129e-15
8.52559516753587e-31
6.352166372009722e-25
2.5493153682135188e-42
6.439544349818608e-23
4.480726138064728e-09
7.29803740928702e-14
3.298823364139957e-26
1.529118741903449e-15
2.3799023028428766e-11
1.7831610335110427e-19
3.65334492255837e-21
3.581715114415826e-15
5.402405519309683e-40
1.938537540260981e-13
2.078420581076696e-05
2.4564573636447127e-29
3.003738573696456e-23
2.5756487631349668e-08
8.495958889242297e-23
1.0666062145402077e-21
1.5433103325683274e-15
3.630778338535754e-18
1.3006739229645075e-15
2.906002754648944e-19
2.3312550024612017e-13
5.705977203467985e-21
6.224528076644255e-13
4.355049785696833e-16
2.2560179324244223e-25
2.3741665306381544e-67
6.304277346947082e-15
4.074250063843928e-74
1.3633108778445987e-17
2.276838104859553e-36
1.1517213107580029e-12
8.753822378047654e-24
9.434988753761507e-27
4.1280901898485905e-17
6.987734567834632e-24
4.846553098550812e-16
5.209259981818867e-20
3.432294521112582e-24
2.380461480099074e-41
1.9823426295990694e-15
5.721713599974086e-17
3.277796772217469e-50
7.163247829107343e-14
4.87096437718893e-25
1.1335117821640621e-12
4.798993530102633e-17
6.870158227125718e-20
1.0325480195789636e-13
2.387820784854871e-07
6.925728224044378e-15
1.0763301614835001e-16
2.7525157038582435e-20
3.4547039585780425e-08
5.4860019267687024e-45
6.837724739409971e-21
6.249003221157846e-09
1.936904167052552e-14
1.4643104056093837e-11
2.6250672084773825e-11
6.9039969934319275e-18
1.0519588451047289e-10
3.4168317859608628e-12
3.048954318734959e-29
6.32033704768148e-19
7.707378547612311e-12
1.0896310529919619e-20
0.0005098074028813927
1.4060025344371197e-20
1.1261242195015686e-31
1.711795693256866e-16
2.183787173684822e-31
2.4807693918923163e-14
1.3583761438207799e-15
6.986184719426479e-10
1.2973321395987776e-76
1.890006759694059e-59
1.1268118570766232e-11
1.7822579124653384e-09
3.5362574384748025e-16
4.038076467096289e-23
6.424711685573986e-17
9.657728771990172e-14
1.0469257386594849e-19
8.452746996798887e-13
4.1479981358304937e-63
6.651972012109486e-14
4.188442119766569e-20
5.659878708047345e-19
1.526341231419422e-21
6.1284392816956186e-18
1.0777833379720842e-10
1.2962051354887217e-63
7.509182413196682e-20
9.202238663583404e-15
9.435161309014923e-18
4.2341100606432447e-22
2.3392476879160314e-17
2.921402800905948e-15
1.9922502207185917e-17
4.782150415596618e-32
2.334361369335042e-15
1.4278415676816363e-11
2.875539398388507e-10
1.9970739966662652e-21
6.6138622892274754e-18
1.5428762119725245e-27
1.010395154336976e-21
4.599399154471887e-15
2.720410966943158e-13
2.5657035545003346e-14
3.2369986599918035e-14
1.8271045510861353e-37
2.87745517226233e-10
2.82635942034306e-15
1.1682949726778041e-22
5.2770753091832915e-23
6.237129938893078e-13
4.452953100604166e-50
6.258722265294102e-17
5.182409014904676e-08
3.560408634006812e-14
4.414193737745649e-17
3.8441831173737187e-28
5.8246015634862574e-24
1.540314736775265e-31
2.3489812281057968e-77
5.9900955225722626e-27
1.8943697233627654e-15
3.6424337842233195e-27
1.0106475742929604e-23
1.5016271322915903e-09
1.9976819891680165e-13
2.883759816516079e-10
1.4569359386333158e-19
9.277477433841844e-16
2.5611184076893267e-13
1.3205512961424069e-36
1.5625663225941067e-10
2.7041579151042974e-16
2.3764904282262102e-11
1.1442974647434183e-07
8.517203790797953e-14
2.1937224260560313e-18
2.057354931740424e-08
1.3496057081851543e-25
8.443321836576093e-12
2.567716531489239e-16
7.57859711624096e-09
1.6694320139701666e-09
2.4405230341609746e-20
8.291272842969629e-16
7.873400290268835e-12
5.6491596511072995e-14
3.2881391910340603e-16
4.140690634710131e-21
3.225923003910645e-15
3.379399930344918e-15
7.503315377506954e-25
6.6563538475856745e-12
1.3868169436519546e-71
2.127449901751107e-13
5.60472281936464e-09
1.7598288538326088e-12
2.1981642474324852e-13
3.9428899047241283e-16
1.7649677641737359e-13
8.234074458359195e-11
3.576510126955394e-16
5.244655397270343e-17
1.1098713875620911e-11
4.562302133614582e-18
1.3755995224900108e-22
2.251363488037429e-15
2.124985556983465e-09
5.533241407803925e-15
1.4106587531583587e-35
2.5288016607505064e-24
2.282864359770771e-15
6.073749283035539e-25
2.569347184850564e-32
6.296463709272967e-21
6.856134882429008e-26
3.9428899047241283e-16
1.12192869738158e-18
2.826492225592411e-16
6.633232634248032e-10
2.2039983049992973e-30
3.596640755991007e-13
1.0010773064145942e-30
4.906444778077457e-19
1.122322414914817e-25
9.874268719835936e-31
1.0129093895323464e-17
2.698503707716601e-21
4.639956374172666e-17
4.953844013984772e-18
2.1458094021161002e-13
1.148282645573696e-17
5.601605921467002e-11
2.615338780857891e-15
6.716938295327237e-36
2.665552935129591e-13
5.9106252189489695e-06
6.904332149977041e-14
9.864934941731859e-75
4.491324483391072e-18
1.3388417269805386e-24
1.0911716833783844e-23
3.8391431076832684e-19
9.322198262161414e-15
9.410932812761552e-29
6.704420469985769e-30
1.0190299055496862e-13
6.92897624631266e-73
8.665498348345465e-18
7.198953827573504e-11
1.1216200413308213e-10
8.209233255913099e-19
3.515013095219395e-49
2.5338228002295124e-17
6.428437687136559e-19
1.3634250998849693e-31
6.283117663027461e-16
1.7889196439384183e-22
3.380656858358555e-19
7.679344206609178e-45
1.5857189391926417e-20
1.1371322770869882e-08
2.6610951046163324e-13
9.237626558754815e-06
1.8069150113763185e-23
1.194999312064279e-15
7.082922270054419e-64
1.6932159437773093e-09
5.780569697992422e-16
1.638892423726791e-10
6.39460677998777e-15
8.181147198934764e-16
1.9566030216014163e-73
4.982615009898756e-12
1.534655790442742e-17
9.191930041465662e-32
2.072374007865104e-08
6.396286273249495e-25
1.0213735869913059e-23
4.684064715063213e-18
1.032413499147915e-12
1.8020411157614033e-19
2.867380654271812e-19
7.646306144276287e-41
5.466399021649253e-13
4.598482460823656e-16
8.892710603245022e-16
8.32703099756111e-18
1.0103881989133493e-12
1.0591515175810789e-07
9.448101393557552e-15
1.249482706450193e-63
5.184071210569586e-15
4.825120005485054e-09
4.076922240256473e-23
1.8895740504771876e-70
1.6902187482049966e-25
2.487867140903146e-18
1.3346653313368927e-18
1.940080886109078e-23
5.15603668277533e-12
1.5935274787486377e-22
2.454447014099408e-19
8.833472754858974e-79
6.837229632457618e-29
1.7339914536280253e-26
2.2639393263128376e-16
2.728961084749624e-39
8.400338408150683e-16
1.5889214260803797e-22
4.530260936551698e-31
8.79997075046623e-22
2.379860874897664e-21
3.626338210440304e-23
1.2304879102098986e-07
0.00017331232813593765
1.0158299335205575e-10
7.000376724262936e-64
1.6463438486565178e-26
4.630951606700189e-14
8.089680719327289e-14
3.76828419686566e-19
1.2614285963145372e-23
1.6697645246857675e-18
1.772705539904334e-14
1.1365103552284018e-22
2.8555741441111026e-21
1.2094289241344525e-30
5.2070079192981824e-14
6.328833090256642e-16
9.004347986789443e-09
1.192629598300522e-18
5.0442842202104165e-18
1.9323737186827302e-10
1.045300816774431e-30
6.798539819727705e-14
3.476887878848241e-27
1.3231302085237408e-13
7.075974164001865e-21
8.833030428374275e-07
1.882726254395302e-08
2.0911086825878117e-22
1.596836453088231e-21
5.889599746201128e-19
1.5587581821246283e-17
1.6104620545342126e-63
2.182569047163246e-24
6.907240919058847e-13
2.1216182378688318e-15
8.404166721080964e-21
1.768462232343465e-49
6.151227483239721e-22
3.386569712372717e-11
2.292823624325984e-26
9.786074498080036e-22
6.634912414262391e-39
1.893765447580295e-11
2.313310244186971e-13
6.757587899158164e-13
2.6368314288246365e-61
4.9739227217826275e-18
2.5157874892024685e-16
5.993497574589329e-32
4.017330306695565e-08
1.870962714053479e-12
4.822429914360514e-25
8.665102493220665e-13
4.761589390728496e-16
2.3133152909894626e-09
5.6317762417117315e-14
4.9061317478876763e-17
7.505081003998975e-18
1.3101103733503572e-17
4.14227936343105e-21
4.2277229097859513e-20
1.8860425279544237e-13
2.372733320840124e-16
8.608073934295609e-12
5.743559311691307e-14
2.209172812158123e-22
2.9359932995028883e-13
1.2043256886947117e-07
1.0911982808477977e-37
1.0636622444049083e-17
4.941616927836119e-25
7.313262630362103e-20
1.0059271387508089e-10
2.1227734026342404e-13
1.2701572297572368e-16
3.0310271834522125e-14
1.6329222558853768e-05
5.362764987883463e-17
3.041011028092683e-10
5.010236043969525e-17
4.6444595124217685e-67
8.118900133029076e-31
1.1371155364633396e-16
1.6551604483460833e-15
1.698857985471205e-24
2.6952355346125774e-15
1.2642068431965215e-37
8.560990167872878e-08
3.4789869977594002e-15
2.3344007516037582e-29
2.4022160291700766e-61
6.90329227654959e-13
1.0656327189801357e-34
1.1958623214257695e-21
1.2486782876892673e-14
7.1645973003206e-18
6.351509280619892e-20
2.394449445377845e-09
6.723280037746829e-24
4.0187981073549826e-67
2.184658739915236e-68
7.712589306899736e-15
2.1657628106263816e-45
4.723804699911335e-27
3.998902427253329e-15
1.057979304511043e-21
8.186435594575215e-18
4.1323971157217454e-10
2.984117602702973e-19
5.162296387633375e-23
4.774343696738342e-13
8.925471124048787e-15
3.808420477230994e-11
9.076819606281184e-24
2.672606567017728e-26
4.1007551854995805e-11
2.749538374708816e-23
1.7892497384564224e-17
5.211723512676915e-17
4.3806547383173796e-09
3.5906945408004546e-31
4.1138857239080334e-12
1.6594978166336437e-13
1.3140342540067561e-21
1.4976416171496005e-65
3.224644148005966e-14
1.4108946038756297e-18
3.814557207251365e-14
1.0940142723016802e-16
1.54157687999826e-15
8.99271992893722e-25
3.221371476969896e-21
2.7196854573181582e-09
9.519851535040256e-15
5.363785491571324e-14
2.0715575133454076e-12
9.121404681494318e-14
2.7517906102768643e-24
9.935470112731e-18
1.1874235708845564e-14
2.3555594786928863e-18
2.1530393538024676e-76
3.066890098286597e-70
1.8183157925080003e-11
3.8229354261289756e-11
9.443149024350072e-23
5.460025010969317e-26
7.087768201761208e-14
2.417413321772402e-11
1.2363697854503119e-21
9.420010218921828e-17
5.883310948004975e-13
1.557185675536715e-16
3.330371972232863e-27
9.600767621219975e-13
2.0659532340434865e-22
3.063999345153358e-16
0.00011369022214391796
1.0043428422851564e-15
7.074474630612871e-17
3.429037976242e-16
1.1164958396237427e-14
2.0185572700392187e-22
2.0663911326249096e-22
7.457759934368159e-07
4.1958954065458677e-19
9.563125951572248e-23
4.927205727289215e-21
1.3012769323641298e-13
7.427206161907388e-23
6.917274449236184e-10
0.0027924579492198676
3.972673095490911e-19
1.4025984702741152e-17
2.3635974355480117e-61
3.9437240654524695e-14
3.1976934909369315e-37
5.625688058604436e-13
2.6706722084886e-19
6.983732046588867e-45
9.170931560505606e-78
2.197313804216761e-14
9.41722789540955e-10
4.4224268412736036e-12
9.449008483211823e-22
2.684602886324357e-19
1.594091847534334e-22
3.232399314380214e-21
8.306815198428334e-12
3.4514309812855584e-63
1.160628624160151e-10
3.5346529592395064e-16
0.0002023410989065328
1.39241060177959e-13
3.6589563901091175e-21
4.89580319826932e-16
3.5581853976882106e-17
9.324264024973725e-31
2.2670488373295286e-10
5.799948590629069e-05
1.8667635938788537e-22
1.0258707415616861e-08
9.732148882842012e-17
2.040535646856378e-12
8.213156310352167e-10
1.5334956439745964e-10
3.68732585174711e-26
1.630184264684874e-09
6.547314351006725e-20
6.969428227726417e-18
1.1370641752474654e-09
8.029382058082459e-05
7.190124074853289e-15
4.762793660088803e-20
5.306285625171185e-28
5.3551431350151705e-15
5.490877190067425e-26
2.1246974001596655e-20
6.102108331014377e-34
6.0642355625850064e-18
5.379021758994097e-17
1.2987119165250592e-18
1.8639142311997638e-05
4.466003208875461e-15
2.12469662751052e-20
2.871943645290825e-26
1.718193393180395e-17
2.6317959765406594e-15
5.72981490235481e-17
2.1666158415653626e-09
5.0942395477740776e-18
1.4475395848372235e-09
1.0866371703657533e-27
4.28902485160581e-07
8.001530835875756e-23
4.141223563260098e-19
4.800135797790103e-24
1.9818605463823192e-12
7.879215339750246e-14
1.533659319946384e-11
3.2364143140692282e-21
1.9769008120188556e-28
8.06151337717444e-34
4.3461879904272004e-27
1.0931060130793828e-11
5.125323263122772e-24
2.945345523424023e-24
6.248991395913057e-15
6.924926140792721e-22
2.1278485480558846e-15
1.3270910173698725e-46
2.130741244414984e-09
2.618624144289636e-21
1.965646701670349e-18
1.015409558788847e-17
4.507924941269968e-18
5.619546037601104e-21
4.493423771865561e-14
1.6879826219407616e-11
1.4906769853585575e-27
5.691733869671076e-23
9.496524846442279e-20
7.680075207144805e-35
7.393691315800046e-12
7.292734746570391e-26
3.088434670399839e-26
1.45272383031413e-15
1.5787664152449604e-24
1.0666060227276864e-21
1.8709204020230998e-33
2.9073889477729425e-10
7.326799771906547e-13
7.333033888887798e-22
2.310357067077737e-16
1.176870812708745e-15
4.518204813213577e-16
5.512624948569297e-17
3.9467417521431085e-22
2.2850031181607896e-23
6.173776159905012e-20
7.04904670452714e-18
1.533502165724895e-09
1.628384708153059e-53
9.873680296232875e-10
8.686216324440453e-11
3.1344432854946937e-40
3.676717471174409e-15
2.7138185588391557e-23
7.661486431158387e-17
6.292494751171139e-18
6.881976649799125e-85
1.8359472443398212e-33
4.409477707340251e-14
2.038193546122858e-15
3.760610917923266e-18
5.644618753415961e-20
4.874449521903082e-17
6.851867619625473e-16
3.464494610218871e-28
2.3287414638292897e-05
1.2682215569021756e-17
1.6765609035547045e-08
1.3219269329182783e-27
3.8711063574736025e-28
7.31778549022989e-18
5.81681653581061e-21
2.35847404000018e-13
1.051292879990458e-18
2.875176672291978e-22
3.156282379293203e-14
1.5230396397794925e-14
8.278744414644958e-16
5.684429375526369e-70
5.085367035961032e-24
1.3699945607911714e-57
2.194124634681031e-19
5.362059460609087e-55
1.3259011768827133e-17
5.493647398392406e-21
4.089369348920546e-10
1.2425873855077334e-12
1.4479929398546008e-14
1.6029352712799025e-21
2.9144168464316152e-19
2.3117272792219567e-22
3.703621024407434e-24
4.845244239390201e-17
5.681238692872173e-57
8.814980806597376e-11
2.380729416055074e-09
2.0540932974649722e-21
4.7209029519132405e-25
8.251710237581414e-24
1.0303706545901208e-23
5.085125883726633e-74
4.7458770394843306e-15
4.918970928026762e-57
4.764807750395109e-09
4.485638851341844e-13
4.1608657041566705e-30
1.0114766141923936e-13
8.747954770221894e-20
2.692249228434917e-17
1.1870948570652265e-13
5.331360046603657e-07
1.339946050580436e-13
3.5454378339483907e-53
1.8030625946640708e-28
7.859230283544947e-60
1.2837632108983493e-57
3.3993645213941944e-10
3.781001774544204e-18
8.150299335648651e-20
3.0817482424511837e-13
2.340016449299639e-19
2.943710602743023e-14
8.044562411745248e-15
2.0953500112317183e-28
4.580095293710374e-21
1.080865911417326e-21
2.39322397996423e-22
3.489744711332196e-69
7.475053288717039e-29
5.95255124703225e-24
4.486707104346923e-09
4.291963938197892e-17
2.2495331409512255e-14
2.9846638308547413e-16
3.792425825773229e-18
1.5337931854154123e-06
2.1108805661241135e-20
3.321885330232309e-27
4.1769493366134614e-69
5.797555528460602e-22
3.9564929445409144e-20
5.530228119912534e-15
1.693823138326213e-16
9.974768214074088e-15
9.252360102216826e-63
1.3044687423517002e-32
1.2143845065264923e-20
4.69189597890199e-13
5.2941994750898864e-11
1.202214085188822e-12
1.0396326367165817e-08
1.3554068710501525e-81
1.5733448729346824e-16
4.675833235508665e-13
2.0740217885368687e-10
4.223979052960634e-13
3.873621666293894e-11
1.2958871202718003e-11
1.5403480236557455e-21
2.371229155653669e-11
6.116530257028987e-54
1.7754203040586404e-10
2.8002672041766957e-30
9.87525434484297e-71
2.982499664834099e-13
9.818272229107808e-13
5.5323047883776904e-09
2.690473782859765e-28
1.8186325789215555e-17
1.020304527119913e-14
5.723210815877811e-23
8.50230637260889e-22
1.6272882733769913e-07
1.3608292859283818e-23
4.921287596570692e-30
5.133593487313847e-15
3.90707500709991e-25
8.214645890163151e-22
1.6234028640681352e-18
4.313545059748176e-13
4.0897322419960186e-20
7.910536581988045e-18
4.830273565476912e-12
3.603971716103179e-15
1.6184184913607098e-15
6.409252332205287e-18
7.860986591241162e-27
2.980599079140666e-18
2.378486361707982e-10
2.081898151484716e-20
5.20789320339636e-31
8.989747158534196e-59
4.881391378736888e-35
8.761949660802546e-32
3.4318780894454464e-08
6.838533113655204e-13
1.1405962307835576e-14
4.901844213919434e-14
1.9377157005913282e-63
9.216215362312126e-23
2.0438470745942578e-14
3.902089554078156e-13
2.896825103723699e-27
6.155990210907608e-13
2.729088268780253e-20
1.3320750711775617e-15
1.3370063347934696e-18
4.6433223814102165e-27
3.393182324839061e-07
2.7279867683088906e-22
3.5289121302707466e-25
3.650602335097886e-72
8.959234751887586e-12
4.4634173054597725e-21
1.0161483522604327e-16
2.2862654047854115e-13
4.374512821761302e-19
8.04349870072548e-25
3.170855533024868e-22
6.28256758040257e-20
2.0885826344667282e-23
3.420906701091996e-17
2.13249495029904e-28
3.212558545862529e-10
7.676890147688135e-63
9.25904662004358e-19
3.75561905853524e-19
5.612605058275207e-13
3.890788472187448e-21
4.2704724186504494e-78
9.75289679819322e-38
1.6534731754629112e-13
8.138538652483919e-13
2.3618387970569635e-46
1.95649525286448e-09
2.62863250170543e-13
3.576750031313557e-18
7.2347697289887e-11
2.1147451939616792e-10
6.416965487588977e-12
3.879808595856477e-23
7.406978236244469e-16
3.9396639192757583e-13
2.111376349092345e-10
1.7684996161586422e-17
8.561334475084691e-18
4.571982912572757e-19
2.425465302438408e-43
2.248419878092001e-15
6.725618293037302e-24
3.227552204589247e-12
1.4599133070723873e-08
1.7621381382523875e-20
1.0620511481360231e-20
5.905300472349031e-20
5.831606417425609e-79
6.12478930784e-15
6.547010031476905e-22
2.73164796594174e-25
4.501952746961888e-22
4.296736257379476e-20
1.6710393406175456e-13
3.211218711361324e-27
8.8454783011136e-12
2.0302713077193187e-19
2.3425756907398603e-17
7.452440526974528e-16
3.044007128646201e-20
1.3275048332360353e-13
2.6607435338588883e-14
1.8073855312723382e-13
6.505924298556318e-19
6.040796120726668e-12
4.198821636911334e-11
2.807753216806868e-15
6.40856893506789e-17
1.0213744746809978e-72
7.854154544669662e-11
1.0428783903811839e-19
2.942398117548436e-12
1.3728461411496803e-17
1.4630266187689461e-22
1.8850317426781586e-20
1.1485424423086199e-15
3.0114768495790344e-13
1.5463184316792633e-25
4.827928581512786e-21
1.2386474427812192e-21
6.414012233630861e-17
4.091742642451296e-60
1.1574982179350766e-11
2.9517025187465605e-15
3.711640772912978e-15
9.447607740103393e-24
9.093494313571397e-11
1.0914093620228703e-14
2.8105638009923284e-10
6.788174715893608e-20
5.156303054389972e-30
1.7009045585015067e-21
3.3829464118905115e-11
2.8833721653159683e-07
2.445959086336077e-17
6.947022421862718e-12
1.8779881535864588e-22
1.523728930715883e-20
1.2537223592762138e-07
3.304923558892924e-17
2.048130315796818e-25
2.5283397153631856e-22
6.782391824988757e-21
7.690285498579043e-29
9.02490869815743e-60
4.845099626956705e-37
1.245130761417837e-11
1.526488414869202e-14
4.053361942640537e-25
4.390607254456667e-25
4.7413210625150715e-14
1.2332480966224657e-13
2.4856694682071553e-53
1.4660949223146888e-10
2.3230763363558587e-12
1.8370540288352762e-20
6.017042415442286e-13
7.614210248333866e-48
3.858248818416577e-18
6.465826686395829e-40
7.996721327726654e-10
6.6379923548272655e-12
3.4450700761510066e-35
5.519346731993135e-17
2.493432557853084e-21
1.1751294085912824e-24
5.710613110244933e-14
1.2842560983327942e-13
5.179829063458281e-36
4.008885745859556e-55
1.1191778623927801e-08
2.712266242871802e-10
6.503930481160835e-13
3.3642130748795694e-44
7.997191176253229e-28
4.703885803666671e-16
1.806127252629346e-06
1.425630303795859e-37
4.5575252952110826e-24
2.7681722343710636e-17
6.351530925557863e-19
1.5461752236345496e-19
1.531437416702983e-08
2.7245647719499756e-09
7.085424465934924e-16
1.9403326720374304e-12
3.1785272852232345e-07
1.0020422544405866e-15
2.491011040618737e-13
9.777328020497871e-14
3.711137723035955e-17
3.348179083044685e-10
4.8232202917732593e-26
1.0335773470728122e-14
2.95713372219902e-13
1.6280485705957522e-08
1.3865863436357673e-19
1.3151222016989303e-22
1.8533806572785534e-13
7.443802597455493e-21
1.3916839967106622e-08
1.4640231232588628e-10
1.0708966113086052e-16
8.206725004366164e-15
7.084471019718774e-22
8.462657278646023e-14
1.3300048595601395e-66
5.588858694089099e-18
1.2778608806282866e-11
3.6927396842383617e-22
4.751290871643944e-17
2.9232094348179726e-20
9.116584509555788e-16
2.1403132201823588e-19
2.516260217658024e-14
1.9328380700266196e-17
5.212987859736967e-22
7.230503657277703e-21
9.83232634695651e-18
2.3487953930825603e-14
3.117975107928587e-31
1.0900826036462269e-14
6.825405228141611e-18
7.146427574134019e-85
9.790498359467386e-29
3.322586011919908e-19
8.686749078709724e-23
6.905627873550169e-25
6.060985224107134e-25
1.10702486113992e-35
2.707102870463707e-18
1.0940654014972938e-12
5.5395783755895643e-17
4.853488349093879e-16
9.926368580458279e-14
2.7342642210393316e-22
6.37888822105353e-34
6.584585982186933e-18
5.658569290160777e-17
5.397917793157117e-13
1.051808389097902e-09
4.657891732588425e-10
4.263182553160949e-15
1.2718594668771426e-26
8.763762668282772e-21
1.0133722279246938e-18
7.195096255412691e-15
5.353145121991637e-38
6.487112088095803e-11
3.3046948132549184e-70
2.6357635272289984e-13
1.1434673808721185e-10
4.849639630622026e-19
4.218254573610164e-15
5.26885237906435e-08
2.9569613722069113e-16
6.222464467617205e-14
1.427670909124359e-14
1.6842975731058752e-16
2.424647189552943e-15
4.027355573648576e-20
3.933882953003757e-16
1.5167047191175286e-12
1.6351658189696345e-31
2.04984657192873e-13
6.989808676019436e-13
3.0151761285912483e-18
2.6797993147431597e-26
1.1111903575336632e-12
7.767342370325254e-11
1.0125622833196267e-14
2.8537694169525034e-21
4.009167064565284e-23
2.043959645380577e-16
4.135487771790572e-21
2.528068880699624e-11
5.427001083576479e-22
1.1854373703914464e-71
4.175123644974817e-17
2.99553799893458e-19
2.310986080462894e-15
8.093245773185091e-62
1.0826888901677329e-11
2.672680774767693e-13
3.096558960745634e-08
3.483899792635274e-17
8.706466946767177e-15
7.637186769366759e-11
3.5218561584338467e-15
7.249724728482062e-73
2.18693513277016e-18
4.794350056476914e-25
2.823901167583984e-25
3.5049813488555755e-13
3.5044907111609383e-17
2.9723792980570097e-19
1.5774447223574984e-15
4.2382544600465e-16
2.0250647065787306e-20
1.4249553048937567e-17
6.1443757064567374e-33
7.233102738321341e-31
7.822111017291137e-20
4.735164338081476e-29
6.665522346486212e-16
3.546530230649523e-18
6.556946556166109e-15
6.5905531531887564e-12
3.591373804747246e-10
1.34117526424012e-09
2.976544552707972e-26
5.520750055437404e-17
1.697158877895208e-61
4.921103515264093e-22
2.2681635547484152e-15
2.922130616997514e-23
2.005620438345364e-63
2.4461809662618562e-20
1.2529013656293822e-12
1.12797700916862e-14
5.577030777689736e-30
3.939920190071274e-12
7.009562459881727e-10
1.873578599271451e-16
1.7868028655955014e-18
1.017694087229056e-14
2.2813292313613472e-22
1.5750736487635907e-09
2.4604192410834665e-17
8.186223564511427e-16
1.0901092222737217e-14
7.613707893482152e-23
9.392530314226273e-28
2.0220884430364103e-07
9.785558473544642e-15
7.507799316254354e-16
3.9568679928659293e-35
1.1386133064820333e-06
8.261516844314624e-17
3.6884867603862756e-24
3.699930870698543e-12
1.6387880653787395e-18
5.463145876205252e-21
5.089047936354386e-11
4.899757752603356e-11
1.4530412711829358e-11
1.4335801101149988e-16
5.12801788893389e-14
5.095712902698296e-13
9.17138511960103e-31
8.22792894832443e-21
1.3293722049147842e-09
3.346857130551548e-18
9.696298703438908e-14
6.079763968160671e-25
3.5995526454403727e-25
4.859612643539869e-11
2.0999599480878627e-32
5.656071925049201e-64
4.059332762469268e-12
1.3244172909116517e-15
1.7367097954125467e-11
2.854310935941564e-19
3.8731529358881596e-16
7.811430841012579e-16
1.7199698738685539e-18
6.31579885610385e-25
8.025078739139332e-23
1.0219670005596044e-13
7.644921497242071e-13
4.141818863932041e-25
8.932190762158287e-34
6.0218698263575075e-21
5.1248816075214065e-23
2.387551861737069e-24
2.49696307625334e-24
1.8472844233268497e-37
3.9428899047241283e-16
1.6273828407521464e-32
4.043487162453491e-13
9.601881631805018e-11
5.68079531347224e-13
1.702322435100495e-16
4.418826192441901e-19
2.3672876323321144e-12
2.11108767956485e-13
8.238252311448343e-10
9.977966963340071e-16
1.0771268740635954e-38
7.306594261929673e-16
1.7541330815349695e-16
1.4066606244081537e-20
3.8392767378749597e-16
2.531755731526918e-27
2.2348118547904235e-11
3.259938655215489e-18
1.1502266154247988e-23
2.2186221119521047e-29
5.433673612866895e-27
1.8704287138810877e-12
1.6527091479674816e-21
1.3526392264589542e-18
1.6903281660666563e-09
1.2856053658152575e-12
2.164378376852523e-09
5.946759680350593e-19
1.8556756398507378e-17
4.958951120235843e-31
2.6922722916586334e-10
3.215013240781383e-22
1.9623125743774242e-06
1.8545073544550426e-25
1.378771701766989e-12
9.433783516894676e-18
1.5208007411924238e-22
8.034910637381155e-21
9.432254137470258e-21
2.3406309782093914e-11
1.0223753155283525e-20
9.514367741239557e-16
2.58324162132722e-32
2.651129744568401e-15
3.724078676579134e-21
9.071202072075242e-74
7.241691864875998e-75
1.7959282195298153e-30
1.4314096437413322e-12
1.6862738022794674e-24
1.0419225958378495e-18
7.153819110701494e-18
6.766647906456538e-23
1.5109858205550772e-25
1.117374104346089e-28
3.819233306224402e-07
2.377519781874314e-66
7.02118490117229e-16
4.169714277593941e-08
1.0562447493426082e-13
1.3601656401620926e-46
8.989699630834625e-23
2.7022734422502545e-16
5.299628415841384e-24
1.5027183524916672e-17
1.1466399828195638e-15
6.954156667815095e-18
1.5610612448210768e-12
1.2152977060817778e-21
3.035809321643932e-14
3.378591819598885e-20
4.258152793452297e-17
4.3908876496481155e-17
1.5070579525717267e-18
7.204156940224776e-25
3.0350647688970736e-62
5.186678821352218e-25
2.3130174562675318e-17
2.280075907888425e-11
1.7254672575603675e-21
6.326385030022086e-10
4.101601683666416e-09
6.005526393206147e-07
1.2886859371893566e-17
2.3155122914620856e-16
2.351257850590498e-10
3.7468142973918084e-16
9.230038196364672e-22
4.722140092177368e-36
3.1752944303447776e-18
2.1170657629902862e-17
5.69039214242124e-19
1.1656760702756285e-74
1.3905357456010693e-68
1.7803092779932086e-27
2.2810027904896753e-23
9.430714668286853e-05
3.5949217276894824e-29
1.7953485120003318e-21
1.4871791938121016e-20
4.241375095757324e-22
1.3165429832486593e-26
2.0280978856201063e-24
5.269208689478621e-22
3.546012483360832e-18
5.0253115500609754e-20
1.0806391854405557e-26
1.8144861045133914e-14
4.350986872603443e-17
5.371351500706591e-18
1.6101556380229625e-12
1.628246415291195e-19
8.939737909167601e-17
2.5857627793879037e-22
1.3964778362322364e-10
5.610358732687304e-15
3.4076703249062112e-18
7.638056370141773e-12
2.3493592911108595e-26
8.757873259567735e-10
1.0395900777804594e-15
2.7621032245515676e-13
3.861430766903424e-14
6.286708394503766e-17
1.610124206018519e-18
9.128218897588595e-28
2.0010176055166704e-20
2.987548696149278e-27
7.138374542243832e-14
1.568912128104154e-15
2.0058320787973565e-23
8.154699653166726e-16
2.881745533229464e-18
4.5536910913128766e-15
1.5638556424145564e-11
2.756759697528339e-36
2.328977053323563e-14
2.7609125546625414e-30
1.494874205390368e-14
1.5028861972072587e-08
5.435011609248182e-14
4.251704142352723e-08
1.12424082657511e-09
9.680055366531049e-22
1.27701657552902e-19
1.0102520948039564e-20
5.141963376166411e-18
9.256932285185191e-17
4.183975548912687e-11
3.3837603285080955e-22
1.7108116708862688e-13
4.936322078070293e-26
2.9348507881546344e-24
3.1799670940141164e-65
2.723187096179496e-17
5.958882211030169e-19
5.278651888596476e-14
2.923258912934138e-12
9.322154056464581e-16
2.2209091590692165e-21
2.9335625619656414e-10
1.9433118794134442e-29
2.1293688203397706e-15
3.555754595336929e-57
9.907140724786153e-84
2.3254325120655515e-13
5.615682055758354e-19
9.783674452394318e-21
2.7804098252793814e-08
9.831814085886668e-20
1.5246492011422552e-61
6.006393004521197e-08
4.170740926718347e-18
3.029777521707718e-17
6.896556335260452e-13
2.991730431176062e-15
2.0327067904734576e-09
2.1933469440200855e-09
1.5748688696444167e-11
7.648016482407788e-21
1.976749282120912e-08
1.1087147733643976e-19
7.547034342813216e-56
9.298851085521008e-14
1.9431325074311902e-19
4.49825036336753e-18
3.859123046172545e-19
5.401112795448003e-07
1.7887770491508618e-59
2.5686304336506294e-63
2.9206071620438683e-05
6.30294100541826e-12
1.934544300228896e-18
1.0001984898476574e-23
3.002510795636691e-18
1.1522226228383579e-19
1.7129841520638533e-61
1.8147390743495432e-13
2.494866916996208e-22
5.935459835899938e-22
3.741015044112539e-24
2.4997913918349255e-18
1.757268945937957e-15
7.178666811358896e-13
2.5281537649095557e-17
1.389575569223906e-17
2.5281537649095557e-17
1.217105324067648e-11
9.472524040565316e-26
2.473232091155978e-12
1.6047967010938544e-17
3.1961637178185436e-08
1.6465614271982536e-28
8.470634515258285e-12
7.0216225327619675e-28
1.1919816465363544e-09
1.7550048802991577e-19
4.1667277733216234e-19
6.244674143955496e-63
1.0169659114572068e-11
2.2956414197438063e-20
1.4877746417915524e-18
9.404767201738068e-81
1.380684536615674e-17
9.671227321570178e-19
1.873555781639035e-14
3.0222525758308475e-09
6.991141240382912e-14
2.5366122117818934e-13
3.961221391862638e-16
1.6053497351488083e-21
1.081391739200733e-13
9.134845459624868e-16
1.4869625809528011e-09
2.7497811470038484e-22
5.139726018715436e-16
2.990508218900241e-17
4.456054989462823e-58
1.5096601576460073e-19
1.8063634482816743e-21
5.615170982081397e-13
3.496214741793083e-16
5.3878569202046965e-24
2.775078955126327e-08
5.206920461986317e-22
1.9069929653272493e-40
6.931179594267961e-16
7.6168092774539e-21
1.6450826849103495e-09
1.8659201218919277e-19
2.72735417968221e-09
4.785251153614154e-18
2.856838866962534e-17
8.892898370430025e-23
3.7386007711258353e-11
5.080502450637953e-13
9.736625813836359e-17
1.5765920135066482e-16
4.7903830074581314e-17
1.1515518817774604e-18
2.0200790236909785e-12
4.2176180110227415e-13
1.0424581963344753e-10
1.806386224936532e-69
6.603486799136946e-10
1.8104946366201362e-83
4.8929648584825e-31
6.2315624627998e-18
2.424274399294931e-64
1.9385156768575968e-69
3.911093635789267e-21
1.497212495227814e-12
3.37222106504561e-22
8.459998066732433e-19
7.800945928852554e-08
1.4883825022554584e-27
1.4718013185223065e-10
3.74616651758088e-58
6.500333370831759e-17
1.6545185672524968e-18
8.241509839070957e-19
6.354833858632845e-14
2.8251293424270216e-09
7.937213317276616e-11
4.909583304151521e-27
1.0406725434481194e-15
3.7909927689170226e-24
1.1271169692070207e-27
2.4035639845472046e-24
8.017979001450388e-15
1.6433291862197909e-80
3.2558527270065583e-09
4.26596637407199e-18
2.2101320930929355e-18
6.436883730662448e-15
3.2876179396048327e-13
7.470220444696578e-13
1.0167742528271978e-13
8.431933594294937e-14
6.791093540908731e-16
1.4148631971779981e-15
1.5654970524888347e-14
8.178931885165294e-22
3.900238230710899e-06
7.387149513704781e-18
3.259278991302821e-12
4.781028956992523e-09
4.941551841906001e-35
7.126144588650896e-19
7.838203689108601e-21
1.5766978056969708e-14
3.394300558554527e-33
1.8864077644437682e-30
1.0279297311222706e-13
3.1474150018288285e-59
2.894092196411138e-30
2.521778609249856e-19
5.155775264317422e-09
1.7789956651686576e-20
2.104183519105507e-08
6.01844382746209e-25
2.755614852429099e-23
3.38239608840604e-13
1.2844253660436896e-29
2.698063413983503e-07
1.6023511227636125e-11
3.0071543464659307e-24
1.1424841940218621e-21
1.2270754045171733e-23
5.5757498471304995e-25
1.876842898542942e-18
4.2693259250628923e-13
3.118081034259312e-23
4.1623731724303297e-16
1.9860957575404995e-18
5.188523920415904e-29
1.269879561141611e-16
3.040312326308191e-14
1.7764161577591308e-22
1.565521207887001e-18
1.958661677025614e-12
1.0795231633328539e-17
1.0749236561354463e-26
4.347044080132043e-11
6.530121909788375e-30
6.909729412698596e-12
1.1700624528829826e-15
1.4953333626673544e-21
2.5985924491813874e-48
4.67247828025335e-17
1.0038497030961905e-17
4.2542598094798825e-18
5.420097898659296e-20
8.219651003394546e-15
2.1331056765111088e-14
3.2376736314008443e-12
6.762744283710087e-13
3.15059244760203e-18
7.546277155174445e-20
1.5618462204572792e-07
9.350860785018873e-14
1.770905664383685e-10
5.9750297350021945e-12
9.200450642359091e-20
1.5331325779441181e-24
0.0003514732685643542
6.754500539526293e-19
6.385281980129487e-14
1.910380614562009e-24
2.4385346671239045e-24
4.606942611543915e-64
2.976212794464433e-17
2.8669851476108497e-15
4.719665500934441e-20
6.686214943527578e-05
1.0731586434127433e-15
3.1998462834240084e-08
9.098258648614417e-14
8.288241710410576e-13
1.4169043528503524e-11
4.2784800187969372e-19
4.209968138445701e-17
1.0039074460960357e-13
1.0730876970897146e-22
3.627956448927771e-15
1.952868171790787e-24
3.8368760981863424e-16
1.4697644654841888e-20
2.4383754351561885e-28
4.2387231252028516e-26
5.639538849642123e-13
9.640464390531752e-16
3.931948773569406e-11
8.420063408302842e-28
6.153541270257653e-10
3.7657778132048634e-19
1.7517875367051558e-10
5.0144148971766225e-26
3.114409565927828e-20
9.418295129576524e-22
3.2202717947526433e-21
3.3000988665477894e-18
1.3922638020026097e-12
5.665782331959437e-26
4.690859027960852e-18
2.6476397558642054e-26
9.828658454976475e-27
2.145367697187699e-20
1.4690187048533996e-13
4.642649628421923e-16
7.92060434325325e-13
1.283094780530227e-28
1.0051112957809563e-13
7.24791540238869e-24
4.282737479110119e-20
6.521431845192428e-14
6.693920750104168e-15
2.774502835497104e-23
1.7076408356540017e-20
4.623352565313464e-18
2.304533370752269e-17
9.707491445903024e-23
1.0166726021359814e-11
5.361749919972418e-19
5.2927091801943105e-80
2.3792260507929754e-17
3.5980664874540345e-23
8.155257480338045e-22
2.3927585056801358e-59
7.536048381686147e-57
3.535308654283973e-12
3.0395697042009555e-13
8.419214096526816e-11
5.782076787892965e-25
7.246662501333556e-13
1.624879503044551e-76
4.158093837553974e-25
1.1745625401399207e-10
1.669030549989387e-11
5.804005103083619e-18
3.466828214662952e-16
0.0001763813727170988
1.0365991862218767e-23
2.6905212617204823e-27
4.338725678877113e-84
4.4431021034525695e-24
3.406840928476565e-11
8.189660486130654e-17
6.965352815332541e-17
2.4401251992543e-19
1.37566291892883e-66
1.3350916799494412e-27
5.320033755187015e-13
1.5701374563492322e-15
1.746063161096296e-10
2.2650739305721192e-12
1.5804785641115385e-13
2.4424674745959564e-10
3.1794252519773486e-19
3.5256696427342128e-09
1.0997237787722845e-21
1.919057039327844e-11
8.014471482137017e-23
2.743412351904383e-17
6.368620079101468e-13
2.779011702323226e-28
3.0590247665600477e-18
6.386080500348276e-21
2.113430815573315e-14
5.6509063957675366e-08
1.274462126666722e-86
1.8956958814144396e-18
1.0919774647153173e-25
2.720901943282006e-17
3.4241026390919675e-15
2.7382053359718155e-11
2.595295751328206e-13
1.366092870712453e-16
2.9847096816512564e-17
1.228005265652832e-09
5.304570548772668e-43
2.1967675380487312e-11
5.516028636800217e-20
1.5720019884396442e-12
3.8850016856939914e-14
1.2071189966956568e-11
4.984071652913616e-15
3.385255899666483e-17
1.0151973707137101e-23
4.6709646685834174e-12
9.905295920591162e-27
9.945831887405988e-25
4.854434257921223e-16
6.266538487037874e-17
3.641578436938013e-25
1.0144044669229286e-12
3.4221788649868214e-16
1.5346290079989439e-16
4.315711771712479e-20
1.8214988872111575e-11
3.060741632270433e-16
2.151925264205984e-76
5.300780459540685e-15
1.2024009097548328e-09
7.094582596612731e-09
7.66054491351034e-14
1.7072688269597702e-79
4.545590176928867e-15
9.6518349331405e-11
5.068728867895816e-22
2.1606073814946076e-26
2.947182538615767e-09
3.116517005952782e-17
6.916689004637552e-21
3.7858273458571246e-19
1.2142174307041037e-21
7.351896199643043e-14
1.4442019711445586e-17
3.1889186858382616e-14
1.0475947143704753e-17
7.273368260998795e-12
3.4925651272458e-19
1.0518725171843218e-11
3.5074108807916265e-19
7.648387729043848e-21
5.994438997286803e-53
1.1050288059580171e-18
2.4983958772652434e-13
3.626277214494347e-15
5.237368166749536e-09
5.269784609581567e-09
7.735685570701367e-06
3.926121148875349e-17
1.946678026769088e-19
7.812898044414125e-26
0.0001546890805441465
6.200144093322032e-20
1.7750538760347733e-15
9.096885311357918e-34
2.0010337479752475e-11
0.00015512461262870617
2.7110562174057465e-19
8.538437284917471e-10
3.4392256713843566e-22
2.8112424840706304e-56
3.936745349508794e-15
5.06105326866335e-17
7.051061742174886e-25
6.887712534924587e-29
5.358575401679808e-22
2.1266545649045129e-07
3.740331912545354e-24
2.872391939039975e-55
3.840934761020217e-18
6.871211231555722e-24
1.2095100249056993e-55
1.2760168599353435e-18
3.1082450256417148e-55
5.4823515999430624e-14
6.524223414021461e-20
1.6983725810570962e-24
5.281415329435784e-19
4.1319685517699584e-20
6.015809746353605e-26
2.9575433698346146e-27
9.877950635232964e-09
1.3236984880275253e-26
3.040174811040425e-73
7.263630338876062e-19
3.9127957218370165e-28
1.4907903706468926e-14
6.083052629237975e-64
9.972724282961407e-09
3.6844527246462166e-21
7.250727998740864e-85
1.955663125685851e-20
1.271866926564096e-16
2.4311194971237282e-17
3.618706926575706e-20
0.002513957988982407
2.0878043350724748e-25
4.086515911720207e-18
6.174994598304582e-20
1.3071697071587603e-22
4.4431021034525695e-24
1.4591364662852057e-24
2.1532534196147636e-17
1.4437684951736626e-28
1.2781406245439538e-87
2.147655989168904e-24
7.86305356948237e-21
3.2313824774456096e-16
1.786431464073784e-10
9.9210011788034e-17
5.831162209127686e-27
3.174298087982819e-10
4.3789195475486275e-10
1.313403516219202e-22
3.092375023953755e-45
2.9779262486615175e-22
1.7726462092916324e-40
2.310262622057913e-22
8.99231146043116e-18
2.0314096704481942e-07
7.134645939693677e-18
1.3616434575807144e-07
5.693011121807207e-20
3.4058297556862274e-12
3.905965517195593e-16
3.464407109585523e-96
1.7971557172200398e-14
6.282334400073404e-21
1.9314788630495933e-18
2.864278857737256e-31
9.530798724345684e-27
2.1391397865876562e-13
1.0509523641972988e-11
1.234701223021542e-13
5.965405253840473e-38
6.870675624709587e-65
4.2541408266238056e-12
2.9384261431087376e-25
5.774159678868836e-28
3.666956808402651e-19
1.672677216366209e-11
2.409249591275373e-24
2.3395648931272147e-44
3.3116909172306345e-13
4.75094042326585e-13
2.340492986384035e-25
1.1493342592431245e-08
5.399754486393904e-15
2.259402046004063e-16
1.3521061782869753e-35
1.5480864265874975e-23
2.858391387792857e-22
7.04227307572989e-21
5.585653452758837e-81
1.4341809707799557e-10
2.876290258335047e-12
1.1087730603815426e-20
1.1374401370845875e-21
1.0595277288950623e-19
7.948272402429942e-29
5.237612573769315e-69
4.492292114196202e-17
2.5682936623248483e-20
9.331534806376626e-32
2.3059586802120402e-07
2.257590945273338e-17
3.264934727661078e-08
0.00034941788597631085
5.497728750750645e-20
5.744591764349304e-15
2.838217733102237e-16
8.8212072666086e-58
1.2920855170765266e-11
2.9604789186195e-17
3.678950459564236e-21
4.236496448970524e-27
6.764451381762416e-08
4.524580049127003e-25
7.787688882312693e-09
4.8432435567897926e-30
5.475179505874812e-37
2.5108973474610236e-14
1.6998170979868107e-20
2.7881211640404488e-09
1.9717548932258476e-36
3.993376543328077e-14
6.457032396667948e-16
1.6994384784529335e-14
3.9909270438378376e-14
2.8815660897140375e-11
2.6763292778427643e-23
4.2219339253158815e-23
6.00181796570519e-62
2.1183296933879358e-26
2.8720543179319573e-10
3.10111500864556e-15
5.154659431129547e-17
1.5889752269291726e-19
6.902581219437394e-12
5.720281784563402e-12
5.46493636986428e-17
2.395641587346083e-17
1.2641030788917375e-24
1.8453657853767653e-15
1.3978068494930205e-23
8.890128083779656e-27
2.6348664469176258e-11
2.4618004162333498e-08
1.745569671549052e-83
1.5291661987039256e-22
3.85807955074457e-17
4.091275417423139e-17
6.933046793311411e-17
1.3293381576833375e-14
3.288209076875839e-21
1.3871625130361454e-14
4.6015296277971923e-23
1.2793147640770579e-10
6.667658424680323e-12
2.6064721017022653e-12
2.478534464649699e-19
2.177880873396792e-20
3.0599829404845416e-18
6.97870945066128e-20
1.5394044641323756e-25
6.371868329644204e-11
1.0490790858283558e-62
2.8145283847841853e-15
2.468622216723942e-15
2.133597446346665e-16
3.394344505909432e-19
1.9316635156618613e-11
1.186777929816357e-16
8.961833254065051e-14
4.855134659812187e-24
5.64868956531035e-17
1.8343155898377613e-20
5.456927316414003e-13
1.1639968588768157e-18
5.152296905311006e-10
8.788863567771618e-18
3.5272432206010326e-22
5.263121271690189e-19
3.8061418798783063e-10
8.010567458665143e-13
6.595974917407638e-16
2.6136460104289675e-12
9.137097950295433e-16
1.5044719962604675e-17
3.831067708930599e-13
4.750862763632139e-18
4.321497168516913e-18
2.3207894408955164e-17
1.8071289960856924e-17
4.87067047414961e-19
1.7636595168893074e-11
1.2813982021475615e-11
6.448766210913634e-16
1.2797350241162325e-08
9.949963233591818e-13
4.3111973465109894e-19
3.222736055344649e-09
7.554803690056802e-20
2.616983408077177e-10
2.23294666376756e-14
1.8457695961611823e-16
1.4353588775143412e-18
5.259976910949339e-26
1.1336547267865664e-11
1.2554529439403987e-18
7.474849693553878e-15
9.83223856478313e-27
3.7249524768537276e-19
2.930428570318016e-09
5.552256881301349e-20
7.591770226013474e-14
1.7016863883399333e-07
1.496697626359506e-14
1.2021594505187358e-12
1.5085654579016987e-73
4.837575634513463e-13
1.9339079193120385e-82
2.5209586610653627e-18
1.0952642428192589e-10
9.289102005381179e-64
1.1395811829180026e-21
3.823719512909691e-16
9.639567160369351e-20
9.416996209301792e-26
1.0134049723126151e-39
3.9944228421653414e-18
8.81740244344551e-21
3.0848420964445975e-15
4.210949732759527e-71
1.7321442297841905e-64
4.2550270187936114e-10
2.5206418163110342e-12
3.3366677999940364e-22
8.958153007040925e-12
2.079349818904787e-20
1.3792002743435677e-18
2.495017763262921e-24
6.168696672475011e-19
4.811343974819517e-13
1.2638539292066633e-21
7.079640108715745e-15
1.9526524476386386e-09
7.32949869592194e-47
1.6229744265618213e-07
3.0777737752488014e-13
8.564313296924155e-18
4.2109507509944624e-26
5.964769236614756e-28
1.4550936597142585e-09
3.078884299820141e-08
2.7899879566454792e-15
3.9138781186991915e-09
1.0888933703638766e-12
1.048373839865169e-21
3.3069299722669604e-35
4.529350979741538e-23
1.8134915413135575e-60
3.9056934271830485e-69
7.696181377084834e-13
4.404264320526778e-15
1.8573117675156264e-15
6.213586252338651e-10
6.682786150123138e-18
9.325236523816119e-11
6.857230105258418e-17
1.9465958253450568e-14
2.3463808966897e-22
3.6267537252459523e-17
2.993938250987027e-22
1.0824713028346264e-24
3.579412140254445e-13
3.008199256463592e-23
1.1210913431414462e-14
1.0207269250330042e-11
9.227070722579626e-23
2.4523281839018574e-26
8.844866571129125e-10
1.8769504898519625e-10
2.327964227103119e-06
5.466270286646793e-19
6.770245596205547e-09
2.1626358848777706e-08
4.27312174715416e-22
7.692516454776509e-11
2.7988624635234388e-25
1.1024578625840825e-08
5.889475438901514e-13
1.2980815710725415e-14
3.024491882806091e-09
8.770784734144188e-25
8.432385260018335e-17
2.4949370686478277e-19
4.884073844633547e-12
3.760981358293723e-17
1.1501801659685982e-34
8.413076852815517e-24
4.057486163232867e-12
3.3335745110455855e-19
1.377320650252638e-13
1.752745381672762e-19
4.004863923441577e-07
4.2574022217496815e-25
8.931603027214395e-19
0.0003497084461789102
8.259903491272098e-13
2.4660413354775997e-18
5.206560640448434e-08
3.834683036767682e-15
8.508764845645404e-20
3.8647234915981287e-07
1.2023888642429324e-35
7.432028197092438e-16
6.539306953676813e-17
9.260423139280634e-21
4.758943672741996e-108
9.623503482378963e-17
6.754693203270859e-13
1.9457365189030524e-15
2.5492406939473604e-10
2.2128612295004656e-18
4.264680693537093e-12
8.904785862013828e-11
1.0649604537440107e-32
9.169034045544487e-19
1.3967430230683775e-18
1.5098499894447284e-15
9.225985681766924e-12
5.935695907677982e-16
1.4141568386849948e-17
2.0539101635109614e-15
4.459778941356656e-08
1.578277722083061e-16
2.976271980100374e-26
8.111113378780466e-24
8.866221609297805e-08
1.6907757297389808e-20
5.484907890592426e-20
2.0138559437040617e-14
1.7134699170307243e-17
6.748153165901527e-11
4.22262227289667e-21
3.736635503118698e-19
1.4968789582843807e-13
1.1400415460555162e-15
1.53301543604063e-14
7.983015932385442e-27
8.649088583425356e-22
1.2073617269263442e-07
2.1428797179798623e-28
3.0390133490404685e-21
3.0497164517949e-13
2.0245730141686127e-15
2.572644120688483e-37
2.7444134114775877e-21
7.500263591581863e-07
5.1237629005980015e-06
3.400148227031667e-14
9.219247010387235e-18
3.0366335515335877e-18
1.2376987315846604e-17
1.7702514562402247e-09
0.0006310374069019487
2.6173904755027983e-25
5.181272159826668e-09
9.681134301260326e-13
9.490300361736895e-15
6.554409795588109e-32
5.377433257929093e-20
6.57617940683396e-16
3.533877512349762e-21
2.947214644791584e-14
2.717638057750598e-27
3.9209131542712772e-22
6.710872396580085e-67
1.9482717890002725e-22
2.317643283159326e-12
9.455010263462908e-16
7.352106925797433e-26
3.1933238776416657e-20
5.411549919487795e-13
3.092832354932227e-20
3.5158332178440133e-26
1.250130595295947e-23
4.3526359561821914e-11
2.7322549165805816e-39
7.220713263213632e-12
5.652645907012505e-10
1.3640968126952552e-11
2.0999403807812697e-14
9.744712565148372e-12
3.7581462543996737e-22
9.212691500984688e-61
2.612865718333617e-18
9.130662312416786e-09
4.0877459415219315e-18
3.054878255849253e-14
2.0978293548647957e-15
5.085069734377699e-28
7.656689118634659e-18
3.013200143446151e-20
5.094630674297308e-36
1.749126058190238e-11
1.1465500320621699e-23
1.486632130896319e-21
2.784193633156497e-05
1.0988378014462952e-21
6.767518793180283e-20
7.502928716144088e-51
6.914123573581068e-15
1.90891450560286e-15
5.143891947406332e-16
2.5144566341931514e-64
3.6203619916736253e-10
3.23042949090596e-17
2.865205580636474e-12
5.493627478964157e-12
3.522074886296567e-16
1.978651871673099e-10
2.119254886365461e-18
8.318249178015651e-18
2.4204555105242583e-12
1.0939454088226403e-12
7.420248765796455e-22
4.569268490261462e-21
3.513467352882353e-24
9.068322720303543e-12
9.271700397985262e-38
3.3203023045133476e-28
2.2054930858617064e-82
9.117738517145252e-20
3.563877746114813e-10
4.306603651414918e-74
2.4924297597191574e-10
4.5573982724417935e-12
7.403568843904954e-27
3.6465474478012297e-16
1.0082062349491609e-19
2.725764806588173e-19
3.843490172939943e-10
5.473488504050682e-16
1.7875757320040337e-81
4.084083332440741e-06
9.765033291014137e-22
2.704446697970254e-34
2.0528888264553806e-17
1.2586672133498466e-17
1.1104494848628909e-07
2.307183220156287e-21
1.520316990751308e-22
2.8912453849176016e-20
1.2091077172063505e-17
2.4784200031182116e-11
1.8360805478251415e-23
6.334190470606013e-16
3.872266636599625e-12
5.4583999413694506e-31
1.1988682011005462e-19
3.4370613906580205e-16
6.398643233927897e-25
2.6492647898605613e-32
7.466166476702045e-10
5.696423873384073e-20
2.8608646475848426e-31
3.5372614441232964e-20
4.60600840184648e-16
3.83539225229809e-13
1.2877948310163039e-37
6.490042342328987e-19
6.42621879865473e-23
2.4098509850876592e-11
9.95642101628129e-15
4.6228135422258207e-20
9.160078142519359e-21
1.5240239897994096e-16
5.113149641362487e-13
2.165326122228514e-16
6.648496992547961e-21
3.1804241398266002e-15
8.225589970882173e-13
1.6863011962063456e-10
7.023521767309397e-13
4.622047890044273e-24
1.2642231523333619e-20
1.6605325481989888e-18
2.009487709655237e-12
1.2110175670999128e-27
9.431517495927822e-22
1.4284122002057088e-16
7.240153677758199e-20
8.2811828962431e-22
2.0103428667581512e-69
6.488405205077892e-17
1.0994173477938784e-07
2.544701631114893e-26
6.265313408999504e-19
4.444663530672028e-18
2.6877450815535696e-17
1.9919413684179093e-34
2.1283937945026724e-13
1.9528398558975073e-13
2.4997544903215933e-18
2.9206071620438683e-05
1.8127362962499224e-10
2.0334372756124825e-19
2.964802952154255e-22
4.0307759747760425e-20
8.947656817635397e-31
9.550962282020741e-35
2.8019965813734917e-12
3.963398705012237e-20
9.03957520366058e-13
3.655738489645958e-24
7.093680993829691e-19
2.27123292215395e-22
4.1698710934563123e-16
2.0875397590849714e-18
1.3328778760509751e-20
6.933213674306444e-08
7.358545058031623e-15
2.130423760480171e-18
1.8390728395217302e-15
7.615912244706882e-28
7.021813918012688e-17
6.497670438438518e-20
1.22102722911496e-17
1.0428252033815895e-88
2.3804366925068027e-23
1.2904003741267192e-26
1.3609275112374475e-19
2.0126056373943702e-16
2.6045731034129043e-17
8.538952135824124e-14
4.55378844775913e-15
4.0705803740218396e-22
6.731824640736666e-25
9.884286328420468e-63
4.9528535214163317e-17
4.34940121187959e-59
1.0817459576703754e-13
9.902968994404952e-17
1.0921487193578683e-23
5.496576616286751e-65
1.6695521947034844e-16
7.85673987264691e-25
1.6199210584312888e-53
5.057293009329233e-21
1.9262357726759444e-12
7.478089112588322e-24
8.721963666206801e-11
3.103004897763966e-20
1.1708168177356167e-80
3.271951572271927e-21
9.264988461381161e-12
1.0586546721028769e-19
3.4657684560205336e-25
8.313159450294703e-15
2.0957623775299296e-74
5.952550134667175e-14
2.4604192410834665e-17
2.761002991948083e-11
6.5538042561928305e-12
1.2736026941978384e-14
1.581871228881303e-10
2.2367801293028423e-20
2.9846411240424587e-19
3.110958347772509e-14
4.7819905802407254e-18
3.230128849499893e-30
2.0811589752158064e-09
2.552681215607997e-61
1.8401012241956978e-13
2.2470309986401253e-12
8.980683869828842e-10
8.530919624399746e-26
3.5416715039608595e-15
3.2793719852040442e-18
3.161499169047219e-16
9.461267276517412e-24
3.876083212568704e-30
5.729523685065768e-13
2.658443017787422e-23
2.4742173939859845e-80
7.820957108992406e-11
1.6351773480202977e-12
2.212030181879942e-15
6.047433578155353e-14
2.4311521464898247e-19
1.0881548314334024e-12
1.8148579942750711e-12
9.715116466576482e-13
5.921981368470429e-25
2.9728864325831734e-16
1.4989918188324646e-11
1.0918204265653413e-27
3.1570242347951296e-08
3.15950375289063e-29
1.4113588862118415e-22
7.32231878235801e-13
2.133373350661124e-20
3.900843992871999e-15
3.2493997526369204e-18
4.529470988109767e-15
2.590683480893686e-19
9.324305243932163e-18
1.2292920632081234e-21
9.033923822781397e-13
5.9435837444972815e-21
2.2969607433614836e-26
1.558376972795011e-05
8.596499176800428e-15
6.634262987634442e-18
1.1050935676547428e-08
2.364865883402644e-10
9.524231880886989e-21
1.5135980248269507e-18
1.0455992340622697e-17
1.505965280693463e-17
5.412202031237861e-09
2.72383517908136e-16
1.4710562361627966e-20
2.596143666891114e-13
2.878537068873516e-24
1.3298688208969755e-21
2.249685365158184e-20
1.8793922169231158e-14
8.186225858551183e-16
1.5505186580339706e-23
1.8940965430182285e-11
1.1264318465349789e-16
6.063516258405037e-12
1.0329169794837268e-15
6.31114538152645e-33
9.505605463276225e-07
1.9169938461730906e-11
2.6665423620599637e-14
7.820473416091582e-15
2.1878640642444104e-13
1.4525944887355256e-09
2.3156590798628315e-21
4.1603061910778805e-15
2.229821799569375e-18
9.942034211492528e-37
1.5786877005609086e-27
3.0260904766655114e-16
2.5982148042921247e-12
1.0639806454045902e-13
1.787126099930181e-15
5.393452572599582e-28
7.810706208772431e-71
2.2085982671614737e-26
7.474901094549556e-11
9.862732943361675e-12
4.359492751099761e-07
1.5994401893244086e-24
4.49944318557715e-08
7.001730906116874e-26
2.651166198651401e-26
1.0091330645986366e-26
3.992284111023764e-13
1.1627793807985917e-22
1.6213658235612338e-20
6.046000748908853e-10
1.2725284303443965e-25
6.197416099614578e-16
5.071497516777426e-26
2.3411009577718976e-06
7.464869576423504e-15
2.7604432847452466e-08
1.3099398916290777e-13
8.711976267194589e-20
2.1538274308169798e-16
2.8874528029360407e-21
1.1643568520131301e-72
2.2965734409422795e-08
3.147908928752512e-15
5.028606377692312e-16
1.86992877823353e-20
6.407235223579645e-17
7.082884222328592e-16
2.083342278515205e-12
1.1253937032513955e-27
1.8251444637198654e-23
1.1708020151356424e-21
8.637326159134228e-23
4.2868593926123934e-17
3.586441826111004e-23
3.678483134074001e-16
1.7230765200480185e-24
9.664548472245378e-22
8.569447228136293e-62
6.512970803425669e-24
1.0589805592440615e-12
1.053160527352117e-17
5.710773116284962e-15
7.481902450195988e-21
6.628496304539361e-27
3.723950426460964e-25
1.0269543249340862e-20
5.988382627679741e-09
9.753630846383551e-18
8.138020299798712e-05
3.5044402026750333e-19
4.5805487806014965e-22
7.024108794161229e-21
3.987372348916261e-24
9.459480958459718e-13
6.364429910374466e-33
1.3754588271257857e-20
6.320069114268096e-38
2.360407665324225e-16
5.867015952858999e-07
8.498543306764552e-26
1.3970708279285932e-71
1.7423491486614064e-18
1.2056364333027772e-12
3.39523989590872e-07
2.3648922473022346e-14
2.977745379098045e-06
9.686256330385858e-11
1.2424987914041363e-15
2.8381990014055373e-23
4.4418632950285344e-17
1.2926050056581717e-14
1.3644697581494605e-17
2.169867389652422e-74
2.9176994313159996e-22
5.427109550498589e-11
2.1265392717783807e-18
2.951318161429959e-18
4.558723052779875e-19
6.660224960285392e-19
9.032265949736666e-31
5.507130473162294e-19
2.4006994115347896e-76
4.3004990143623153e-19
8.27913873719976e-32
1.6379537665972023e-11
8.738717464699466e-19
3.394737552390113e-12
2.361370992363827e-19
4.001767043617993e-22
5.756734416522783e-13
1.518627176703541e-17
2.989270615129941e-20
1.464369811568793e-25
2.8397268014264437e-07
5.087203176546006e-19
3.2111220958437456e-24
1.3799095890675724e-16
6.453636546111212e-18
2.2902221841266158e-15
2.521998955609574e-17
1.5962303319893208e-16
4.7105548303963946e-17
4.186929881297045e-13
8.511290514910021e-22
6.778590929520359e-15
6.193338751766458e-13
9.414657387237103e-13
8.436332896308915e-17
7.761725542034245e-28
3.819283854624732e-10
2.434986601473035e-36
1.559671614132318e-11
2.172768532267018e-22
5.801255963854878e-20
1.3057260513406022e-10
1.9981410362965254e-70
6.173732830004513e-33
2.6720562185442937e-16
4.340008306033247e-11
1.5101081404751203e-07
1.2060809240798084e-26
4.319206109872238e-25
3.665811318614034e-10
9.536569056919719e-14
3.191673163283946e-51
1.475040533315402e-20
2.2947488197879223e-61
4.6499583195127425e-15
1.9370977720386938e-23
8.074809970083808e-11
4.258233298655531e-17
1.1788100341851792e-62
3.580644485378489e-24
6.033387046330888e-27
1.175465659618536e-32
3.098260222959329e-15
5.904181755064211e-11
3.8585770469535355e-11
5.611695923815215e-29
1.6154668022750634e-18
0.002318568800335069
1.0896386972342953e-19
4.516588565293416e-55
1.3936572805643307e-10
6.171329941420379e-20
1.2795522875244683e-31
4.983139332239562e-31
1.5419724540492675e-10
3.148558542676862e-23
2.914279063873082e-10
6.989981309788813e-29
2.0347881721029756e-16
2.0040294238675635e-87
2.7544506651681856e-12
3.5666035919987217e-72
2.981611416688006e-19
3.4832740810010826e-15
3.1698507497708787e-13
1.33150330321053e-11
2.7275851519561346e-31
1.7229398257378272e-10
3.818313735291988e-22
3.1513418028844395e-21
4.023754479755553e-16
2.4207218877804718e-14
7.51441527737091e-17
4.834154876026662e-21
1.0732800229478397e-07
2.4602498029158343e-12
2.346153765373303e-13
8.299743293733799e-27
9.573707804481735e-18
5.187080371727206e-16
1.8590110353946887e-11
1.3123813689734007e-19
2.00456605055955e-12
7.572173651469762e-21
5.779142109961922e-29
1.923061970639767e-12
1.7405854216544133e-16
1.7152610228325232e-20
4.70018310725078e-08
2.5824275778815414e-09
1.1007453207258443e-22
1.1671875538727445e-19
5.456392858262968e-18
3.4842929495929305e-16
1.90160766560268e-74
2.3142391195336383e-12
1.3984041371916805e-27
2.652356251065284e-18
1.8121581108287684e-12
3.878307649209456e-17
2.771708249473054e-17
3.2662998987144915e-15
2.3734865064132476e-23
6.436162196376778e-69
3.1479098572576382e-15
4.5914848097168657e-20
1.9125993340225112e-23
8.218946480295066e-17
8.24717863021242e-27
1.9854315808359977e-11
2.728480114754821e-09
1.0956187196185745e-59
3.798042303228719e-16
8.629675451372958e-10
2.1745741835797394e-06
6.171247171276348e-14
2.1162065633394753e-14
4.013230857259771e-26
1.3414003628189017e-21
6.079553217630298e-28
1.0773183461039697e-05
1.3516187846551183e-19
1.334654272173333e-23
2.4018542214030802e-23
8.10093578255657e-17
3.839185255943521e-17
1.3299582297694346e-09
1.3898587473021258e-24
5.558883593580559e-10
4.0852371605987864e-14
1.8037630040975092e-26
1.4088256211244456e-19
3.0150299230713006e-36
6.738380973265104e-15
4.377629673663048e-15
1.3665832356454665e-17
7.039516946758715e-25
8.292450970490468e-11
1.236924357406825e-14
8.084770162049414e-12
1.8119136473346627e-14
1.417980197777231e-24
2.9626684271073456e-15
1.0765184285647576e-08
3.7711089709482195e-15
2.6009415140291927e-25
8.219341981109175e-10
2.609151283047653e-10
2.9063238755834794e-11
7.029543967011314e-26
3.503014152353704e-14
5.868353114250484e-14
4.0541654644280145e-30
1.4524713739773693e-27
1.6335431034594825e-14
1.2099925285352384e-11
1.3559495661880192e-15
8.716657173849368e-18
2.6898032087717505e-15
7.812901034842387e-26
7.175555258867024e-18
1.2971219818027693e-08
1.243861497477192e-18
4.989231079734915e-24
3.9796235228622955e-30
1.059597811770492e-25
8.193247164093871e-28
2.1220839285974117e-79
1.3092885939182068e-18
4.56499886060949e-18
4.640367983864189e-12
2.329605395076676e-13
7.142940443464054e-18
3.7363444763856857e-13
2.7489247607617036e-18
8.711409791839235e-31
9.050830161729869e-20
0.00013306328971553582
7.527892446567164e-22
3.4199934261353194e-08
3.2755248806400443e-08
4.433936678895015e-25
1.939828010021403e-12
1.631817786103491e-20
1.1482021402911178e-30
7.451226183755408e-25
4.9732314766135223e-23
1.4518637090176438e-51
2.4009260626493605e-28
4.7458770394843306e-15
3.6117164245202444e-24
3.776344791705028e-18
7.452448948132741e-08
1.901469820249665e-11
5.854709840001868e-13
5.462690894429211e-14
3.4378349732206678e-22
2.2335558327809413e-29
8.645159699605825e-25
5.309770683999532e-35
4.2946171188520323e-20
6.895107148964059e-13
5.19017098845817e-13
4.4918774504653305e-15
1.5246157471859725e-13
1.0015793730390336e-11
2.0652331754448224e-20
3.488056694663867e-16
1.1606942946198727e-60
3.58099437218059e-13
2.739372442519539e-13
5.0083040856183665e-21
7.565275511238182e-18
2.2622285674535656e-16
3.7854351448688215e-11
2.863008743071858e-09
9.467819079645343e-19
4.1838702642437226e-10
1.603022113901754e-18
8.946968645491087e-29
9.959828467514384e-10
4.664898953689911e-08
7.166085196988089e-15
7.553022660947547e-29
4.027551766649077e-21
3.4137162496518394e-21
2.5085475709407203e-15
7.835836675303759e-13
1.0598343090733381e-10
1.3355096612643452e-13
1.5974788555307265e-21
9.172257953136215e-76
3.390763929356261e-32
8.043927554657384e-18
1.2758262024768283e-09
1.3473552699230663e-15
1.1087800430518511e-06
4.852996716430231e-75
9.522258692678075e-12
6.74341447307938e-28
5.47554812338479e-26
2.660116437745476e-16
1.7039013178497556e-21
2.889964272096118e-18
1.4230210050439857e-17
2.6941359103538452e-21
2.7674072443698607e-18
4.7268556271831205e-12
1.8855338598523506e-11
4.878999657076278e-22
4.786027161781479e-14
3.5825681324414584e-09
2.561227216053383e-11
1.380040810731803e-18
4.606196145264977e-43
1.5813624363864822e-22
9.548917373640254e-17
2.0083607955198662e-19
2.126235369664038e-21
3.9136505648556013e-19
1.1032643891659918e-18
9.196437156578616e-13
1.4656149255922994e-19
2.559423170238978e-60
1.2574659573979288e-14
3.0154804431523434e-09
1.673211316269649e-12
8.69686358276795e-15
4.2994205242940805e-20
4.0529825560050394e-13
3.1350438898147803e-12
8.522907919190043e-30
4.811137329125376e-16
2.9811284873515976e-47
5.129101884110419e-15
1.507970387761991e-09
1.9523940082880436e-19
3.666031362540013e-14
1.080667536676307e-07
1.3580938416702444e-15
6.534631354961315e-18
1.9900163424814994e-22
1.0277483042840087e-12
5.857986685914176e-16
1.1846188118108765e-12
1.4432595397586364e-18
5.362320214467683e-14
8.340677136270013e-08
1.0244577255398053e-08
1.3967948121798608e-28
3.193206346054181e-26
2.1589454976969352e-23
3.578401034593811e-22
6.433790153946406e-30
5.276914877915287e-10
7.11324346446511e-17
2.4727652052949354e-35
2.9831077828325276e-17
2.9138740094523216e-23
6.183539518233399e-11
3.0407863465981713e-24
2.696295865597193e-05
1.7982335301791686e-12
3.5854130871657904e-11
2.4118924302003455e-72
3.0117259502563064e-11
1.8518894219409834e-18
1.0163784018352667e-17
6.183072102193899e-32
2.948601302404511e-37
4.5272987420114966e-14
4.79244172999219e-15
7.280010048692807e-21
1.0573998264000603e-16
2.1617940422076177e-16
1.6618730757996089e-15
2.3258252495241095e-14
1.895216178024565e-28
2.162080396507046e-11
3.7457868198870985e-13
3.6939554165719223e-19
7.775143797731134e-23
3.1796481591876976e-19
1.4901256408085899e-09
2.3058836026382332e-06
1.5506516612597907e-14
2.882638533936602e-23
7.729259437849083e-18
2.6709601365202966e-15
2.8843911402677696e-49
1.7925877514571163e-20
5.103644896394847e-10
2.583560642432118e-13
1.4199336544525925e-16
2.52709606621036e-22
2.0579409646964137e-17
4.09919699201452e-08
2.1068925925658608e-19
4.680131357688792e-15
1.1819996438979056e-25
3.3384033152122493e-16
7.024408473979287e-13
9.878315148784282e-24
4.130184488258811e-14
2.151295350313766e-21
6.53765189127652e-22
2.330412861353173e-19
1.3691296335847794e-17
3.2080403599844675e-22
1.7704496550582974e-22
2.300077313834261e-25
1.7440162695271924e-23
5.838800324739836e-20
7.991713913664913e-21
3.4112568514291824e-15
1.1385932530874099e-23
1.960169807332314e-16
2.1034894117131996e-20
4.532177574812053e-16
6.179549200576678e-17
1.167633068102777e-13
3.286524742551259e-13
2.441257394874661e-28
6.794636603683243e-47
5.177889531237624e-14
1.4721270258831183e-13
1.7832337207824586e-27
1.7717155999347285e-17
2.936462303384337e-20
6.638833164432267e-18
2.5702065936561457e-27
6.096685139369148e-06
2.582646840275672e-18
1.4021125043243408e-24
5.448187455457522e-18
1.6156575382515033e-19
1.353572564007778e-13
1.6119756503041132e-20
2.9259438256200124e-21
2.067749657730027e-07
1.3001494871765162e-20
4.753649032175058e-12
1.9965506214295068e-20
7.615673953331562e-20
3.0391713747384646e-25
1.267268525310886e-18
3.888643215926429e-13
1.9908841002690436e-14
8.281933524951786e-18
3.9237300969367254e-13
3.194501192801752e-21
1.8919289860320432e-13
8.389578211647721e-11
1.0552200366564886e-16
2.9507905524471877e-12
7.59740282948562e-26
1.808416076843169e-31
1.0477360502089929e-22
9.76264185962256e-07
3.3512241269227037e-12
2.2317582181968848e-13
2.0109978619025577e-14
2.9200225184598125e-17
6.561555768195762e-20
5.255358555651864e-09
1.0966364934259652e-11
1.4488971675239106e-23
7.604325381903053e-16
7.924658126480652e-13
3.322702789278914e-10
1.8661226748184493e-19
5.278867415414474e-22
1.3499247245742614e-12
5.599043409201315e-22
3.9620498604417304e-17
1.762572793896749e-12
3.919602592494358e-24
1.6625049135527556e-16
1.9823210991662378e-74
1.3288825307455235e-27
1.484428047949006e-22
8.694102728800261e-27
9.893621059074833e-22
7.03391833185304e-13
3.673486154595406e-15
4.104205198161244e-18
2.627687544772867e-13
4.048811002153436e-23
1.573873877426437e-17
1.109161622030362e-17
2.450686338709288e-18
1.0621702922467207e-34
1.1292057329743279e-25
2.130423591045016e-18
1.1711333970362373e-16
4.0885000171993914e-13
5.869439330467535e-15
3.96243571583434e-11
1.5342731720205843e-23
4.416289487490023e-19
1.054011396123638e-33
1.0860887566730588e-11
2.0614426869461147e-16
6.472766018697497e-19
5.514891277023759e-35
5.286481297686293e-19
9.479132568699992e-10
1.4596291668913458e-17
8.220902223125335e-28
2.5187575942188465e-24
6.094099860270869e-15
5.519572329806524e-35
2.2670503327601944e-48
1.624617578997621e-29
7.960896926563556e-17
3.059193793658653e-17
6.495098046254557e-19
1.5951992303679393e-11
1.4594438317871738e-10
1.2312991543133682e-15
3.302452740052563e-10
1.863051189370263e-16
2.3678431298971985e-17
3.3737743010975085e-27
1.3662519175191793e-25
7.363399271196859e-14
1.4534328992233824e-14
1.561284994255725e-07
3.74885684086522e-20
7.374024885386296e-21
4.68902475275148e-10
7.139580793194179e-68
2.1362613451754545e-10
2.2590654374262073e-17
1.5862395075965847e-23
7.827875737449759e-13
2.523014282889236e-22
1.776897395278507e-08
4.296375768251037e-17
8.556741981914988e-19
5.330629072179466e-16
4.849475938474129e-17
6.34067240385134e-17
4.75219882437773e-24
2.2625561127323827e-42
8.184246682710952e-23
4.018183696212636e-09
6.775710270950068e-10
1.938537608777516e-24
2.059048527137189e-15
1.4229023320549516e-14
2.021461742211587e-15
1.0106180121136946e-07
4.891420882191769e-17
1.3091219359743555e-15
1.3674727220539587e-05
4.396267677716406e-20
1.0289307589893252e-21
2.3703507868210886e-14
5.381359628286796e-15
6.698755529864749e-13
1.7849731991727277e-12
6.085634233392362e-27
1.6056152700596496e-15
1.1455487864852017e-14
3.3980959803047845e-25
1.4810729689763223e-34
6.358330597487967e-12
2.52039145366626e-63
1.3372103974087876e-10
1.314265181775119e-13
1.6791082398753433e-19
2.5773247097608787e-69
5.486091036280787e-10
2.223223017755111e-12
4.620562297361048e-08
1.3249325372569199e-20
1.9605253732091786e-22
0.0005365755454161958
1.0447966191764221e-22
3.060951450042914e-09
4.7266217383084266e-12
5.526648229136189e-21
1.2712957310585996e-20
1.0922343712813599e-08
1.667022516796687e-19
1.964845612034961e-18
1.2069195337082047e-22
2.448468827694278e-13
5.954565153301884e-22
7.63752268347865e-28
2.452736312452678e-41
2.736959328052733e-09
2.479479796031955e-18
3.680357483009352e-24
4.295652180612452e-09
1.5628106480422672e-61
1.4998875611018508e-34
3.590549064756289e-13
2.9429975186750907e-18
7.439825013196009e-11
2.474415761566567e-19
1.4795731315254485e-23
4.095697483011038e-40
3.7800490366253196e-12
5.742824526002434e-18
7.970801345968208e-18
5.143911491842439e-19
1.374733322889897e-16
3.4362259972892864e-52
2.643715576992598e-31
1.8191168525685037e-16
3.9771853531911344e-18
6.714612320535174e-27
1.2346705856865719e-07
1.5588809362631301e-30
1.8811115979597987e-08
8.1458606099085505e-22
3.5701338465796805e-29
1.2726961572853764e-15
8.431666806947365e-89
4.464899695641768e-14
9.670178961250438e-34
1.5626936966869913e-17
1.869849281121495e-16
8.134330031906726e-18
2.177018015425033e-18
4.9667722468743256e-18
1.0005576659453777e-15
4.922900149270373e-16
9.012827228059773e-24
1.9130173005088257e-13
9.440979392224926e-09
2.176834419310376e-62
3.7172120587919266e-13
7.806402307631719e-36
1.7716396383930345e-26
5.372032380574137e-20
1.4836529637572156e-11
1.2887397485224326e-13
1.940035332083873e-16
3.4076028937052705e-17
1.0748447473277515e-09
2.8385623123905267e-15
3.137202407033084e-09
1.1903170098713488e-16
3.4065848979040797e-29
5.151890553408639e-12
3.1050987611238806e-07
1.3143763519022663e-29
6.285234887541415e-19
1.628508355821438e-22
3.5498461390213358e-15
1.6416724255440883e-60
3.3281070891200725e-25
4.3841489342628744e-15
1.6593100602664123e-21
5.505926279094429e-21
1.9068472930993177e-17
8.625430163022243e-93
3.7821427057037624e-07
1.7213059177536327e-15
1.0034794139227686e-13
1.8156366414885485e-15
1.2364968373314687e-21
1.88234748291811e-16
2.306425599720016e-31
2.3169778840667382e-35
1.076883949694124e-06
1.283149214486565e-25
1.8218656911838509e-19
5.828880411655426e-13
1.457661178062898e-14
2.9239468407175296e-15
2.1537202852943613e-11
1.2791477032628593e-27
5.466412778329372e-21
2.9392224085591503e-22
6.316170839947859e-10
1.490416898804189e-20
1.9018295716544724e-18
1.798322474750667e-15
1.6631624090727025e-30
9.551360450873129e-21
2.451519744560435e-08
5.998239196620884e-17
4.09361589254312e-22
7.454922259394239e-24
1.214067557856994e-09
3.535594208826418e-38
5.001468179623635e-11
6.593543991647034e-14
4.3514519244361625e-10
9.401031658000761e-12
2.1587215662045427e-29
1.7718845066061335e-15
1.1645750473039424e-20
9.579025375446684e-13
1.1879161812099096e-15
1.7172519590170876e-06
3.1469184731792724e-19
2.6632683168828136e-70
6.892452741312585e-20
1.213776651358445e-19
1.0644324887387731e-17
3.278151897676644e-20
5.4040531879818796e-17
1.3824932622613307e-18
2.7031383730886057e-15
1.4001887204478646e-19
3.851471664403994e-18
1.3565290891450244e-07
8.364523822870908e-08
6.049227734377571e-15
1.1570060430579092e-15
1.633427932934801e-07
9.274957721408347e-17
2.2552434837067086e-18
4.998102057428555e-07
6.966402879705703e-20
1.4138448354573255e-12
4.087595264534376e-24
1.4694811442437063e-16
1.975373665107442e-33
3.539646022434562e-18
1.286485682321049e-26
1.0896249084419927e-15
7.086217538195781e-17
5.2905833504379077e-70
1.75866060124582e-23
4.068738149025207e-10
6.338462062035642e-15
1.797468393243945e-19
2.6337851784217073e-28
5.627998731440298e-26
4.824305474469227e-18
1.6102263621697123e-10
7.596184555983549e-14
1.6805776472580802e-35
1.0782980979419961e-10
5.449873695788645e-15
6.987661088822593e-08
1.0710289439120328e-15
2.153358122988426e-21
7.394065557658851e-19
2.1440051475745414e-29
3.784251982831722e-08
1.1021457305804506e-18
1.7377733507429857e-17
5.258300165254444e-25
1.131208938299185e-33
8.059763050532065e-28
2.3983295643897493e-11
1.248900840582713e-13
6.087910390311e-25
5.2336274744873705e-20
9.519018145040332e-11
1.3293303754499414e-10
2.9732469182519036e-49
1.3590090283600125e-06
8.411002971895565e-15
1.0689371528631157e-16
3.230336221305638e-10
7.27970736141894e-10
5.209418287932694e-16
1.1206282695670745e-16
1.334990747838842e-46
9.107765497829999e-18
8.773566230310252e-16
3.5407540878633496e-22
1.5942322423272189e-62
1.2232325562078411e-11
1.7043293818891016e-22
4.9879483793641336e-14
1.4733306387019318e-16
2.950828485739633e-07
2.1363616961773778e-14
4.9826120904831296e-18
6.968276061632569e-16
4.185632415671902e-06
8.99797617382464e-24
2.0480790860305316e-11
2.0376214460094463e-21
1.3772029188766452e-11
2.1956351445568976e-17
3.192147875062217e-23
3.8341449822380925e-18
8.569665996007809e-13
4.014047430101139e-15
2.951896286666003e-25
5.952019054940304e-13
6.176838664342417e-20
2.0744532894327146e-09
7.957194752128069e-05
2.8144212625920607e-18
1.6195857469457925e-08
7.71671160437989e-21
8.929411016074728e-17
3.1200417966163634e-07
7.075163092078386e-22
3.4164377689008207e-22
7.342377314304401e-16
7.00562353516692e-14
1.8531158288344607e-30
2.245188900126947e-12
6.071642461528137e-27
1.089869181012316e-17
6.119020751767642e-21
7.538874334898233e-12
6.92875148168317e-15
9.237392836106956e-17
5.396495435285281e-09
1.0639611110321876e-28
3.459784135759856e-23
2.676893045339864e-22
9.481837770858824e-14
3.6522649156261054e-21
5.69362942400507e-23
1.2604817201688368e-60
7.475468872000548e-11
8.306817650633323e-12
5.1474201320114036e-76
4.4798205907390876e-11
8.138822412127911e-17
1.1076151585980095e-15
3.179437622000088e-23
3.2720731399878115e-20
2.7568579737899793e-11
2.5377566081182156e-15
1.1630405439948832e-26
5.578969904267307e-19
2.6665584365796062e-14
5.466861946029037e-16
1.0855647007263823e-19
7.304855209996956e-17
1.189384211559852e-17
3.1043285669778075e-16
5.145252903676987e-29
4.446156386344564e-09
3.552296394787921e-33
6.390106499599408e-25
7.187135076313831e-20
2.0993527975171833e-17
2.035484125032788e-11
4.627473622735817e-26
7.23069896068709e-10
1.2047055927937046e-24
1.2520844736550845e-15
3.557005897896926e-27
1.2837049217580867e-13
1.0934732005806507e-16
0.00021856957370919875
1.696663471146207e-13
2.1221334597068525e-31
1.3398022278572526e-19
3.2180313038563875e-29
4.288754930553583e-14
1.1029637135473816e-14
1.4907011657004027e-21
1.0097741584520083e-16
1.2096316283249708e-13
2.2974478172697654e-23
5.077160476010955e-32
2.7011308878441606e-20
1.4224221857327e-12
5.426471970765861e-13
2.6130506231423584e-47
1.278735753146474e-16
6.100805061444206e-15
7.590887857545807e-17
1.2433441653674287e-17
2.2384108728027733e-29
1.3707711264098912e-16
9.708699745913673e-69
1.7966028387731608e-18
1.847777887852126e-13
9.080062836728058e-13
1.2669507687866774e-17
6.571221589067922e-13
1.255435805842497e-25
1.7635237339166517e-13
4.9063312829075173e-17
9.051090436861356e-16
1.1334810535741862e-09
0.00011878212426290113
1.3361506096817222e-29
1.1497823479810275e-30
1.1420521701441596e-19
1.7944044773585137e-18
3.291950660223851e-13
2.1546898452572607e-20
3.1507028282104105e-22
4.389541590525127e-17
1.1693065463342232e-14
1.507067199787538e-08
3.1930167523204803e-19
5.969042224336807e-15
5.945536620172103e-14
7.605792193874933e-19
7.358547381712946e-15
3.214102942292614e-10
2.4246797827390493e-12
2.8383988025269245e-07
1.924816288532203e-11
3.8383303839773907e-78
3.7818276252851695e-54
7.766566083142374e-13
7.897360819994124e-10
6.255195052977663e-18
5.565320726867236e-10
1.2959548977677242e-12
1.0546036974909885e-42
1.9267101723428692e-15
5.536850589713158e-72
9.97206370184016e-64
4.778636703188335e-08
1.7526120914855548e-12
5.707783355543854e-20
8.069959395544525e-17
1.5432631002423152e-15
4.277203982830506e-14
3.35462167331467e-12
3.6227722326208646e-25
1.4222239835532472e-18
9.749115567366067e-14
3.583586053784803e-24
7.009990191709487e-12
6.159202613880977e-12
0.0008925984248079472
1.0504005569607885e-62
3.218462764798233e-19
1.7257726696051841e-12
3.198075208515731e-17
6.98427277665945e-72
9.750360030350543e-17
2.562597423570143e-74
3.184848672422574e-19
6.45830165889429e-16
2.657378761262733e-10
3.2065671151060415e-71
2.8865611487116866e-26
5.877010453700027e-16
7.529041702612617e-17
1.8616488520961205e-33
3.0863242160073905e-16
3.489033662681896e-67
2.0361888123181868e-15
9.443452661467768e-36
7.696049658893438e-29
6.393772863755349e-14
1.2999042192211825e-19
4.1118803429909083e-11
6.016859036829155e-25
1.7659151826952575e-16
2.2938793853036007e-22
9.058164924737214e-15
9.400866464809434e-15
2.9590990039466786e-55
4.2619446365526085e-07
6.828430465921478e-33
1.919096076235802e-21
5.0512250067246135e-28
0.0010077015131936817
6.150992889153816e-15
8.346494270745593e-13
3.008815376674948e-11
1.4755808737090622e-16
2.4231276197527117e-09
1.5626021111418665e-11
1.2281740669745215e-13
1.2634061610481016e-24
8.860630868419255e-28
2.9112160060250553e-16
1.366233591398502e-18
2.996330797583253e-14
3.494617751746937e-70
1.7455630081202573e-10
3.7751494437402755e-08
3.696622279392444e-08
3.519872783051336e-31
1.5452477086965236e-18
2.6196163195822974e-20
1.3065269907407189e-11
8.703889877099068e-60
2.785967376502046e-22
1.9097578951447496e-12
6.620362047487072e-07
4.5554727932788947e-32
7.855433287332371e-17
5.02421343186275e-22
3.3191607340775215e-19
7.800663181243455e-17
7.3923365856134875e-19
1.4835827687299352e-10
5.180936697011877e-10
9.193613650231795e-15
1.3880885453154936e-18
2.3196473852766927e-22
1.0141562315462902e-18
1.0389032936057542e-15
1.0357483524549902e-18
2.8694584716450296e-19
3.721852907794569e-21
1.2746186036109655e-11
3.2510221714174745e-10
8.593806378132895e-11
2.138520965928463e-21
1.1816466030309876e-19
7.30029250361442e-23
2.204871064658502e-19
3.032130957819169e-13
8.892970239960823e-24
8.400854347996189e-28
3.0104753971345006e-26
1.7946880116991094e-12
1.357361304322166e-10
2.426784170458899e-10
5.361292967392969e-68
2.490560795336229e-07
7.55942154420655e-11
2.3128032425644993e-21
2.6290296072331174e-15
1.9401455822848376e-14
8.739248658129324e-15
4.390285872918677e-21
8.66952960007652e-15
2.0270439021470746e-12
2.896696836965138e-20
2.672734516872067e-11
1.2238313566549046e-10
7.230640594568408e-17
1.014841526580036e-13
4.3893156457612114e-15
5.013890919159103e-18
1.1301463322377414e-25
2.7630891032481312e-14
2.0883625860654034e-15
1.8572741313835554e-38
1.0749640681075394e-10
7.61272880926063e-23
3.484791990174348e-18
4.5163168744281183e-17
6.373843121136734e-30
3.572608399743815e-20
1.5088096201067004e-09
1.30454888076572e-33
1.4198619539984352e-13
4.51395830990111e-39
1.2885243332243243e-19
2.2585057334272645e-13
3.615191413330343e-64
1.4133279962181138e-46
2.402256329690195e-19
6.126170784992755e-19
9.995040015138711e-18
2.2584899229106998e-11
3.0689513292017886e-30
8.840863269614083e-10
2.478889938799166e-16
4.2441394833775333e-19
7.605390735896202e-16
1.0008136831050777e-12
2.22501332270557e-18
1.8674779406622792e-16
2.490017863084911e-38
2.1718516591311793e-11
1.857155078233447e-18
1.410737657924608e-28
5.155674686781163e-16
7.599998247950224e-18
5.698231783519731e-05
1.0391874874085274e-11
5.271000924012776e-41
3.3581530955716813e-21
1.210560431456274e-16
2.158590021206299e-23
1.2971510784171929e-10
8.295471617116418e-12
8.504751464671309e-11
3.1535758431524704e-16
2.263468029894365e-19
9.169950050453222e-14
4.1134255908108215e-15
9.327882418231493e-44
8.730227487016298e-21
1.5703100580740637e-12
5.579809304830038e-79
1.6049010568572142e-15
4.721080967051459e-22
8.661805634056988e-13
9.608359860541911e-17
8.061740555781255e-14
5.805414583795416e-12
4.2812580818123636e-17
5.566750608913891e-10
1.3052114788643006e-26
3.9054812064636076e-25
1.6105549284720448e-12
1.5964849853511336e-27
1.8149803320960386e-22
1.512819571734667e-12
6.043917626119536e-55
3.5084667377582357e-10
8.109985962555012e-11
3.166029611209446e-21
5.627467656285456e-28
1.3820956357088669e-18
6.088009502657774e-28
7.809460018652719e-19
1.1480642203784074e-23
2.483640201049001e-17
1.8088160744530563e-15
3.4906422602525034e-10
1.3807346975482828e-15
9.390605570609226e-17
8.315513368057027e-31
8.652931665254387e-31
2.1169334583647763e-24
2.813994587543488e-26
2.1482613982385378e-16
3.575874150473518e-08
9.494033129839008e-28
1.1764620114294253e-28
2.338018723380812e-25
7.028003043175201e-34
1.0936378366686645e-10
1.6728470544701292e-14
3.8929886872620466e-27
5.3133516543566105e-77
1.6810184352889774e-19
6.943963667654642e-18
1.0261280396721768e-21
1.028129307418674e-15
2.342510037770332e-09
1.5922907426128462e-14
6.100261712170475e-11
3.151211675823773e-17
1.9106622685254562e-17
8.76753326487398e-22
2.5005221144887713e-22
2.1392564269112466e-23
1.3253778350915826e-19
6.013635060278783e-12
1.0326425431728668e-28
3.4554043628450577e-16
6.554433178033431e-18
2.6544416041773406e-16
2.3608967440315434e-11
3.9301849551306844e-13
1.0264715421572611e-10
2.4754061885383763e-31
4.764101074600978e-21
5.609897682719319e-10
1.371096369459748e-17
6.803688685196074e-11
2.633111969835136e-15
3.9743499969233457e-14
1.0346864485149431e-17
3.5043584067683966e-26
7.874565218417953e-12
1.259526925584915e-16
1.3521614465274645e-16
1.6169713700780099e-18
8.234702808836356e-33
2.869262516322679e-21
9.242003142802685e-21
7.306942344909751e-13
7.363600657229488e-18
2.5442621629657754e-05
8.809831654836418e-22
1.0560956097170223e-14
4.689343461076875e-31
2.5477486699368254e-09
1.8805816048277044e-18
2.3157454579036754e-29
2.4678572746222496e-22
3.139807429122654e-20
1.81008281291452e-11
9.419950382123007e-05
7.588275054555517e-06
6.322153154848625e-18
5.989292033015711e-22
1.3969170405076798e-27
9.160711329124724e-18
2.0576420801081006e-06
7.17459412839593e-19
4.171501601719921e-40
3.1507270903642384e-23
1.5129045496134832e-12
3.195662971391437e-23
2.0670081945046454e-15
1.8253528297558826e-14
6.489784275570219e-16
5.092227788509023e-70
1.9019763477398075e-15
9.229535860094853e-20
1.8187569135872865e-17
3.445335074204541e-17
1.2987328371620707e-21
3.499379191271554e-24
1.7425763074494264e-17
1.0204992812528116e-22
1.4133969933432476e-17
4.2171290432083877e-19
7.819937076611883e-20
2.440788987808753e-27
1.3600980044200971e-22
1.1379558022971556e-08
2.601792028341004e-15
1.1736581456878169e-19
3.90093875620148e-18
4.477377719061252e-16
1.1163429794563746e-25
4.3243753480669034e-20
3.349698912048611e-14
9.699451537095944e-25
3.947299491469502e-22
1.5434800974210403e-18
1.0173796439956507e-20
7.670538585565775e-10
1.3616697694650402e-18
1.0206568219839731e-19
3.9534786614007605e-18
4.896762125150293e-12
3.139372853041392e-14
5.299057808153371e-11
2.4494046172812343e-62
2.336479474322154e-13
4.001243156798479e-17
1.3200652836084753e-71
3.1053654910207832e-22
3.9776120951354104e-13
4.586347238565623e-06
7.238151809624322e-19
6.157603502830843e-21
2.5579621108315145e-15
1.4161103512977412e-13
5.801291644616145e-23
8.394473666588165e-17
1.4937393365362403e-18
1.578013245299282e-10
2.364291761634091e-12
5.761421536858473e-23
4.781658214583452e-16
7.480435363061932e-30
2.4722146460987793e-19
2.4957147421667003e-14
1.391020344225563e-09
6.267097270938141e-18
7.762826301457207e-26
2.6999118382637264e-25
1.9177243896576747e-18
5.0066411485335706e-18
3.4672467569477827e-12
5.1617453946439e-18
4.811376553224259e-12
1.3927734353453407e-73
4.53049406192321e-15
2.4758246939011946e-18
4.797537335953873e-27
9.565757303812316e-10
4.086686895963468e-21
1.1347903405894216e-23
8.100647997835764e-19
3.41434007764382e-16
1.5621516923002944e-16
1.654722610317731e-12
3.230677274143415e-15
1.1357170380439454e-25
3.9710402382312526e-10
5.6880430777741874e-15
6.507637166887296e-08
6.393385860443976e-14
9.836503633620554e-27
1.003924742377883e-12
2.0522526366435283e-23
3.0582169227751005e-28
1.7469036654439326e-23
1.2382450887483952e-13
1.2645399982027421e-21
6.474330329546247e-74
2.8834568291943144e-11
4.979680173723107e-14
4.918135843177896e-13
1.0495488226213817e-10
4.442616776709083e-19
1.87466127482249e-22
2.3151838931152437e-17
3.291696080816595e-13
3.42212059358781e-13
2.166615578596432e-10
4.498138730429408e-21
6.764966476858112e-27
2.511491831849308e-13
2.642866314774183e-98
2.917976770163895e-60
1.919057039327844e-11
4.29428552565427e-14
1.1712241847179729e-24
1.6028535708918234e-14
1.2275021321590099e-15
7.989590182721581e-23
1.369927641464253e-14
3.240204891903687e-05
1.3050707749716821e-27
1.9406019634705078e-16
1.6074656056736653e-19
3.715373916819976e-13
3.8874990538614256e-24
6.449892369030641e-17
2.5583221854221235e-12
3.0960121483153394e-16
1.2510444345104764e-15
1.7255992147502756e-25
3.9666426777907574e-14
4.4854327369166594e-10
5.08161425173783e-24
2.1508429741699787e-24
5.3529928374937556e-12
3.0571184610854206e-21
2.32642495201065e-11
3.7614374615535296e-18
1.294951557137671e-13
9.486579316207402e-17
1.195928266568424e-19
9.146013848740837e-21
1.835180469132458e-22
2.3817751722818183e-27
1.214067826114097e-28
2.1137899846152242e-11
5.354160306809942e-11
1.7923590308427994e-13
2.7780832668780146e-12
5.639342696946083e-24
8.908083572205538e-12
2.1801235245241454e-66
1.2619056882664025e-60
2.509229569231334e-22
5.392570085308848e-13
1.76459731611955e-15
3.579403263961621e-73
7.517370269568572e-07
2.162046739003281e-27
7.302611142999525e-21
1.663010267476844e-14
2.6283404702120723e-11
1.3884831219457366e-09
4.952747815331317e-24
1.4679359680034316e-21
1.4568382285563928e-13
1.5239088560850866e-58
1.1674550282093114e-08
7.134994531415717e-27
7.16191734878781e-24
1.3889097876902992e-11
2.5932746494656765e-15
1.3491085728660932e-14
1.2762484468323223e-19
1.4109732920095913e-19
1.3171935192018162e-22
2.6187094649040453e-14
9.091588497297199e-20
1.0865329128701729e-12
1.5729229255175398e-20
1.497131288645847e-13
1.3131278651762335e-13
1.0678383440460943e-13
1.966683828643394e-06
1.461916781483923e-15
4.831157770803431e-10
1.5710972742885286e-19
7.616596539208072e-07
2.8535950329818695e-15
2.816068242673174e-72
2.4685914463683053e-32
6.503467691966904e-12
7.3143548434104e-12
8.459268812057067e-20
1.2164562774475923e-18
6.693065677677398e-15
4.335275071677604e-18
7.850105365974666e-17
3.886295135304666e-12
2.2547965178895424e-10
3.279188039223235e-13
4.256631411400993e-21
2.5102920956614534e-24
9.67340634119258e-29
7.928359724176953e-21
1.502000450198504e-20
7.530852824765814e-14
9.684841838081226e-66
2.3636198720392e-17
2.9202798660482057e-34
6.310997231382485e-38
1.6502392534813066e-13
3.61839755767306e-13
1.6573927541483248e-25
9.52225786359132e-12
2.8880533101801212e-21
7.132946349835135e-24
2.5212090323433727e-21
3.753532436735692e-21
6.280737326998946e-26
4.728255970501994e-21
9.372917047126213e-12
1.9178635656253486e-10
3.4670714309307256e-17
9.23677954875461e-09
1.0248015580271123e-41
1.1946276026594413e-15
1.845812844398053e-25
5.239495693945877e-15
2.788277972837321e-16
6.918759832902867e-21
4.5709427890104003e-20
9.094689776742967e-25
1.0343456387261505e-22
1.3167729365139826e-09
1.5266283088468818e-13
2.542399530995272e-14
4.531898156312529e-24
2.8761405259188693e-22
2.9537656777315016e-12
1.3295260257903796e-18
1.5679947229830208e-17
5.7556782790715e-17
3.5407798088491266e-77
4.538577237694621e-16
2.9947862645802677e-20
2.7386702336066894e-15
3.4600957851450403e-15
1.8153164055443267e-14
1.525105095711676e-14
7.749079558856586e-19
1.035225327285301e-14
7.690941033262185e-20
9.71695689600407e-65
1.0297595759938561e-19
1.6079208267095736e-13
6.824783347594597e-25
7.225594104153186e-15
4.5835372305711456e-15
5.719747933409506e-37
1.0390664954819975e-15
9.877383529959357e-12
1.4721625835115818e-07
4.76179707937593e-18
1.280432616345375e-19
1.4117696999948583e-11
3.1442691650408543e-12
9.942420985917852e-15
1.726184293138757e-09
7.931271916289679e-12
4.2310716497530683e-17
6.700790856782339e-13
9.568890981452111e-16
3.510157422749703e-21
2.1057105676810492e-12
3.195956923398523e-14
2.2595372086367584e-13
1.1628669344849986e-23
3.282974109617706e-17
1.1499261570642544e-62
5.99211562472932e-22
2.5482594496024967e-19
1.9693626955817876e-09
2.4203049950129364e-16
3.967415999386713e-11
1.4373015164361775e-06
1.1840504000668705e-31
9.095346002324253e-13
2.453860079342668e-14
9.53373893501441e-27
7.920556873823632e-20
6.343419977624717e-09
2.9459705279095918e-09
2.2249862561734367e-35
7.165813788941394e-27
6.831551079276702e-28
1.1311131078035624e-11
3.2098636412384455e-13
7.1450236863133394e-12
1.6436708580818885e-20
1.5579699221036156e-21
1.7570586562749883e-09
1.6526185350031946e-54
3.4534187713582507e-13
1.9101187971266925e-22
9.341814855689427e-64
2.673380054624289e-28
1.1281490369051516e-69
6.674992479883905e-21
4.9107947470180746e-11
1.3906337207204752e-29
6.754500735738175e-35
5.197225913370949e-19
6.40089235784643e-18
2.236178926392489e-16
5.075519657728881e-14
5.019375882166214e-20
1.1818749112159541e-14
1.687865339919493e-17
1.4315298756876032e-14
1.943822428758567e-23
3.7966595329632045e-22
3.6230597127687096e-05
9.495693708097713e-08
4.815136273712355e-18
1.8158891720284365e-35
4.224869314810885e-23
3.238779290615646e-19
7.067048677471237e-12
2.0286284211335194e-19
7.68661404778813e-23
1.1115970470883709e-18
1.0959541644952072e-21
9.727909803306162e-12
7.992730293625612e-17
2.3736229447656254e-14
6.692893061450234e-17
3.41266195168501e-17
5.350883270873097e-20
7.455349260700675e-12
1.0370524839376652e-37
2.229421064007244e-22
6.796208575830001e-29
1.6654072357110548e-13
2.1701104397978038e-17
1.801737787858445e-21
4.8291560919493835e-08
7.9265886130591325e-19
1.2642917089738277e-39
3.574739762480104e-17
5.915789416175596e-13
2.4705451839581696e-18
0.0005285801353025615
1.0019510266135212e-15
2.3095694019369153e-11
1.1399878318060904e-06
1.5941483994272612e-07
5.97628667859545e-17
1.2244341901309473e-28
7.718446343850177e-17
2.1361822702140026e-11
1.8257202810640574e-14
1.6376263822035944e-17
1.2913973826171243e-21
1.1859379800444426e-22
6.262267734755754e-19
6.487940414667739e-05
4.0998604141864454e-19
3.47651805496474e-60
1.7774108573358023e-16
1.843364842446479e-17
4.227974889231156e-31
1.5244577813044474e-12
2.6049668180346722e-17
3.324094386585067e-22
1.6646899895714315e-11
4.944041529235475e-10
3.726948823743471e-08
6.11310252711549e-71
7.182849921934824e-15
1.6495476970247895e-17
5.815624022874565e-18
1.5997259705196515e-85
1.6205264005206176e-11
4.9723516225451375e-23
5.339364754499242e-28
2.1835976062741918e-13
5.725317217530418e-10
1.8466074131947174e-15
2.5213412266896957e-15
5.5055550572524764e-21
6.626081504630934e-20
6.434751287962496e-13
9.474736852880353e-22
2.82217030193239e-25
7.12271520019004e-15
4.541007589875292e-23
1.2189531861187645e-10
5.767520173500348e-20
7.960249620024763e-14
1.0859119924027519e-09
3.640664074505483e-09
2.0923860320032023e-11
5.702295014173403e-12
2.305758866483007e-13
3.4572829825874487e-16
4.6951379431413585e-09
5.1965835033443926e-17
8.238660812099022e-14
4.172404516919435e-06
5.018642632110503e-12
2.145936163248178e-11
1.0896099966962912e-20
5.261818083422433e-28
8.86851455440133e-07
2.5972160148508033e-18
3.1673957769078347e-13
2.6480016312230217e-09
3.658746365702233e-12
1.1861829648359654e-19
6.88946866224267e-17
2.4578632101738806e-06
2.1715003197998614e-14
2.479863426943598e-10
3.2112543235023947e-09
2.7873493191437544e-22
1.4957156463128562e-16
2.487634204746878e-20
1.1376442599547686e-26
4.199778972322843e-22
1.2579151620685207e-24
2.961722092460146e-12
1.6864589598124781e-49
2.077168287765674e-12
1.3926356798973274e-18
2.1375617108038721e-29
7.110601829573628e-24
3.3148485197063083e-18
1.9114654251309898e-10
3.0449776346100326e-22
1.9369310248062424e-20
1.1841526890310512e-18
1.992180350458361e-20
1.6213793020590832e-26
1.9999800413215618e-10
1.9154773321475323e-21
8.31164693201325e-11
3.923872472259615e-20
6.735258531111177e-24
6.657139891038099e-25
6.333957381440122e-26
2.6120043369802312e-15
3.6757446326882814e-31
2.0135698027732915e-82
2.3696074918637487e-21
3.4572504393561388e-18
7.936936704948962e-11
6.9405624181664134e-09
3.97386242732666e-24
2.190316574698229e-15
4.4710994807022143e-13
3.370266924422385e-19
1.3506675564805113e-21
1.0200069251078362e-15
1.1037666776798818e-12
6.1703851080783416e-18
7.981655501436269e-17
2.678320099026034e-20
1.6291622249926129e-18
8.445333685295443e-19
1.3401574552801395e-14
5.975925276417422e-27
8.512511501309459e-27
4.2898325978950986e-09
5.421141974003603e-16
4.3866915009518175e-22
4.947362316165966e-27
1.20691914992613e-17
2.268877354325151e-11
1.5875496465856567e-21
2.1216194774092114e-19
1.3789943062771443e-12
1.331261956251113e-31
6.3712592622635035e-16
9.93869034925322e-12
5.830757860632654e-17
8.013216523587948e-13
3.9819316792702296e-15
1.526879665272089e-13
3.266433072093693e-16
4.837504473423095e-63
6.834556114225824e-17
4.148763942069555e-11
6.165930409490187e-17
2.908544507229956e-11
4.776064772096025e-07
4.0845511285346074e-13
7.407619428124306e-21
9.205207246996894e-11
1.014697273907912e-21
1.4197971837016977e-13
1.2376165494992514e-16
2.1170227847485962e-16
2.0645433886297493e-09
8.482232299974834e-21
4.109768858689756e-17
1.0704933017495493e-17
1.9956953610527073e-07
1.2888823673816666e-17
4.276485976277728e-16
8.926771145094956e-17
2.3914002561176002e-63
3.833306838438364e-26
1.1723797549363765e-33
1.6881377730799174e-18
1.0888483427276614e-23
1.8916171904767277e-19
1.342493033162052e-23
5.847017843631032e-31
8.821613252908367e-10
2.0196900019581707e-21
6.314848854394028e-21
1.0743981322209798e-17
4.240461147569125e-22
6.986857038255157e-23
1.1081766929712405e-12
1.6486701339436365e-12
4.260966804129776e-16
1.3767278029011771e-12
4.989512160866232e-10
1.7077831281803606e-18
1.7763247919239798e-29
6.268065573319313e-19
1.6001882880609234e-14
1.4271136179218954e-18
1.2509515771528768e-63
8.116422537902263e-18
1.2386933869296401e-17
7.616435758378494e-12
2.130423591045016e-18
1.3182368940209494e-22
2.3279069443113596e-14
4.909026283344531e-23
5.457348277502019e-07
3.7194582692504635e-22
1.727136468478188e-09
2.111975613315841e-28
3.903386306268733e-21
1.7528855360831555e-15
4.53476247796224e-17
4.964136627940512e-12
6.089171042447184e-17
5.496167289314306e-13
1.1810873194726943e-29
6.172150286042251e-39
1.383319134451693e-35
5.505708364078024e-13
3.1756276565530504e-10
5.352307237275576e-14
9.880060630988306e-17
4.149171464692035e-14
3.1127529799036146e-24
1.4147131206115531e-23
6.009778360585202e-22
6.163839030849758e-18
8.424949146772422e-17
1.528788289533096e-20
1.736116107922486e-18
2.953741493466643e-22
3.061130965343398e-19
8.765561575397939e-12
5.9846002039205715e-18
1.5331807125142738e-14
1.6820402272293937e-15
1.4488097189361577e-09
2.3639533011150464e-20
1.2522006446029493e-18
1.1853961554696068e-14
4.755697336656225e-09
5.224572433142419e-08
1.1067922888135904e-16
1.7090015287028206e-61
1.1364764556671996e-18
4.781639751353801e-15
1.366348958448402e-25
9.986684944545661e-25
7.508491057083652e-26
8.168325115762135e-21
3.132889396641188e-22
2.1998929667334753e-16
1.7604380170928293e-16
1.2670972914879404e-36
1.1400369016015172e-37
5.393640784352978e-22
7.070360989577648e-31
3.5125638095032015e-19
5.654619575643081e-14
4.337282632326569e-22
4.1055423695564217e-26
1.5171728031514397e-67
7.519490149385467e-91
9.806163268590953e-15
5.035066845127932e-22
7.928832755751911e-10
2.4256903110282076e-13
2.3320510604883982e-08
3.0741428809850635e-11
9.950000225213504e-15
1.164155251409914e-22
6.791116870633077e-24
8.78032859125568e-08
5.132033164746601e-13
2.346504676379553e-13
4.9264174469221227e-32
1.75784997451862e-10
2.1587552053984316e-11
2.9810404043042704e-22
5.966367593100636e-17
7.980786398749139e-21
3.4243619792687e-16
3.704415114721342e-16
8.746553506392519e-24
2.7051675019963434e-24
3.9986910840996124e-15
6.692753710886294e-16
1.5996427767737982e-10
2.125745952509012e-14
3.011063218059739e-18
6.311282528407178e-14
3.7946489828378765e-16
2.514382449770998e-21
4.935926217668883e-13
1.985982619909101e-07
1.2173178039887272e-25
4.537918794364397e-19
1.4714536813130886e-09
8.863898796365804e-28
6.0371696341847e-18
9.434293607147267e-13
4.774051266397789e-68
1.3454358505358661e-14
2.5474675034013797e-29
4.865102960524241e-11
1.291058747822767e-20
1.2612100427992354e-28
3.4973806475309895e-13
4.640658929380028e-37
2.2561429263405443e-20
5.423850331037422e-11
5.2158692984902815e-21
2.3745216000043382e-12
1.0025577283953634e-21
0.004445520760531618
1.5708293244094113e-31
2.2044175284979734e-20
3.074765328295358e-11
7.722469379050175e-32
4.994117681659338e-15
3.3563209365551966e-14
9.756788870926585e-15
2.3138534908382224e-21
8.176087351337369e-15
2.8383974549491855e-07
2.5547986062890686e-11
6.444742599068179e-21
3.1287648587905585e-09
6.176957851868313e-67
1.3062024231605141e-12
1.0593653724747983e-21
4.976991872410311e-17
2.3058836026382332e-06
1.2041275950239121e-25
4.705902549961624e-22
1.0592454839147242e-18
7.36714334903883e-17
1.915364997306133e-12
2.2935177190480556e-19
3.895425175494825e-09
4.0882881677366693e-29
2.917865498699937e-16
9.61082508406246e-12
4.0449871944872545e-05
9.011664988227644e-18
1.9276932084442487e-07
1.1268366133832925e-21
0.0004472394577324534
2.233889713878036e-09
5.827625844381857e-22
1.649792429674262e-11
3.794332738344442e-24
1.413501100683156e-12
5.614704870282338e-16
1.4492612575639729e-18
9.233363335423634e-15
3.2184809548644314e-21
2.0379840860766288e-15
3.0477338733996856e-26
4.2306126543309176e-12
1.2921583658982989e-20
8.364354954507675e-19
1.1825803483282446e-31
6.279026292822678e-19
1.8654602225642717e-39
1.535239689544381e-10
1.5677382433631342e-20
9.21121586771055e-10
1.0076307357882513e-18
5.31951165677853e-13
1.6143480494661592e-08
2.550647576944471e-20
5.243484823227475e-12
5.7415014823710475e-21
4.895881134757725e-18
2.051258094167992e-19
4.6122835627821033e-07
3.130106008583653e-33
3.636174049473172e-24
4.107479538456499e-09
5.304628688392243e-64
2.50823747771205e-14
1.9082312795713433e-22
8.610302905851018e-13
3.9968877161680746e-30
2.616397179348273e-07
1.8438504268504313e-13
8.623386200147517e-20
5.173800104448587e-14
1.429480883715182e-06
2.5283040545920394e-14
3.08805085157339e-15
5.468024053221121e-18
4.37551716578472e-26
1.403179572857263e-15
5.514286254952844e-18
2.1939876945680445e-17
5.48677298604389e-21
2.6913128458889742e-14
7.187297051695e-86
2.792087048959796e-30
4.1290277844047807e-25
1.3672383934506656e-07
3.8433059681651915e-22
1.2010354500874785e-19
2.7345011740529964e-24
3.807899006627759e-18
1.3074127713171943e-10
4.001432681031191e-23
2.0365540398462984e-12
2.9152721397076004e-21
4.0575063140758397e-82
5.1554792060417683e-14
6.649626607419821e-22
1.0517920983057445e-22
1.966596870076968e-40
5.7187413565540655e-15
5.416191143822363e-19
9.089248656860846e-19
1.4451355646908666e-17
4.423212762264877e-11
4.762866263581253e-19
7.278874488605323e-11
1.0912875250502863e-09
3.101906897385845e-14
2.4422325795645677e-27
1.2342725330087048e-19
2.0859905683785267e-14
3.6647263330125095e-72
2.051223341727713e-14
1.0046089740951457e-19
8.263443275529988e-14
1.3206006547625205e-16
5.506287589812684e-20
3.9249896420002726e-20
1.2417963611308325e-13
4.2204606073489847e-23
6.565625585479667e-11
3.3092621374053715e-16
9.055956661973713e-20
4.753768867244082e-09
2.019051301767857e-23
1.003247223522786e-17
8.929368844612171e-16
1.7656916839484815e-10
3.987617540905852e-24
3.092361918303198e-31
1.963551799938759e-29
4.550810178591306e-18
3.4555380548317234e-20
1.0478707366935606e-20
4.280053171334191e-12
6.10861032343417e-11
2.109460649996127e-13
3.9615748766028735e-14
2.7158482896918944e-24
8.796743045392382e-11
2.2929505087029736e-19
1.8143993378980074e-56
1.6857868181895005e-12
7.02954985903147e-14
9.706080792104595e-14
8.181163441097814e-14
4.196617417021003e-69
7.264648278578437e-18
1.3670179134621732e-14
1.499495839807343e-08
6.8449886700835515e-18
4.53741162192778e-68
7.595423758159463e-14
3.1018254583886165e-09
2.7408056178896766e-20
4.147442503600565e-27
5.369770986483463e-18
6.233994130484615e-33
9.055690641742784e-15
1.3977469162413918e-08
1.8410746717376907e-28
6.196811946729579e-32
1.3892810086359056e-21
3.7534349159237695e-17
3.267248260114155e-69
4.459411362878619e-25
1.2519709549246682e-17
5.6544009822934883e-14
2.9665918831521648e-24
2.1769762018664393e-32
1.1063762339579479e-13
1.424475480005456e-20
5.817764019602587e-11
1.2479930330755624e-23
4.050339875153168e-18
9.322077233833228e-20
6.6090767786934395e-18
7.890513223581942e-23
9.2800258767901e-14
3.2826647012119187e-13
4.405050469346409e-12
3.316094277912928e-23
1.3102646651414732e-13
1.5862785208734321e-12
4.192352888242263e-15
2.9157420815417164e-22
1.0144325891166958e-68
1.8831868235761498e-21
5.698414463717326e-16
1.817006958294882e-38
2.0008764985660563e-06
1.4320785329043764e-13
5.901564640936162e-38
1.3962293020180134e-19
4.819025756816964e-51
7.960447383011875e-11
6.02466306990397e-21
1.1313342350171481e-26
4.885802163310644e-13
2.439218478624335e-14
5.117510673469467e-78
1.1654719118406967e-21
4.506616009198049e-34
9.581875002359857e-29
1.8735568719888806e-14
7.348928632227698e-09
4.2106334914548564e-18
4.826046358973716e-20
6.836867715626857e-70
7.859848127284015e-08
1.2282578439716336e-17
1.3224245755237014e-23
1.1564501378079466e-13
6.411734193675667e-12
2.9168047368566266e-13
1.5495283864108548e-28
3.1694637632767474e-36
5.080005002584133e-11
9.547909049220428e-17
1.4897785502490614e-17
1.3399574962779696e-08
4.8800066880892595e-32
5.121953034581559e-14
8.607614009421978e-76
1.5165076516837248e-14
6.55781086038444e-17
1.4216637385445537e-10
5.267549646533829e-13
1.0425405042932735e-06
1.3967551510066316e-53
2.5343390290674095e-08
3.616066850562155e-14
2.250319472366052e-22
1.1585237104587753e-17
5.691752893136896e-23
1.1788149840417768e-08
7.339391964408613e-17
2.2307897199275975e-29
2.2436710286949967e-53
6.250056488445214e-24
2.673440624718263e-14
5.2988025646289417e-14
4.136083470406303e-31
3.4521195696434447e-14
7.572325461873917e-27
4.4939063487517313e-26
9.391530173179871e-14
1.5151477719504928e-23
3.694855968869024e-30
1.7860203051275243e-34
2.1053169847361326e-22
1.3975974939798602e-14
5.674819795053533e-11
1.6454616870417282e-79
6.950734267919979e-28
7.027800748751971e-21
7.424545129003811e-17
5.121775868431532e-16
9.565757303812316e-10
7.348493599195828e-32
4.6149131603965396e-32
8.47700114806914e-16
6.647924944834221e-26
2.840009423229115e-16
3.0945163295503385e-14
1.6589845643162983e-14
1.0047275709981606e-10
5.22038910215458e-19
1.6172295679420743e-13
6.3541056892058356e-18
1.3727779148648456e-07
1.6129950696959403e-19
6.308525926250211e-08
6.301549748663452e-12
8.023644744280079e-15
3.4851581328101596e-12
1.9578822324648277e-19
2.524006983211193e-17
8.355245155032679e-07
2.5764530264136252e-21
2.144792691628361e-08
4.240397245110531e-37
1.8239371288186877e-16
3.5750727441907945e-19
8.643380701094048e-14
5.763583250927922e-22
9.989550542617564e-20
5.4694656396135596e-70
7.367850653629317e-12
8.244007948740196e-15
1.1749666636499954e-19
1.91905599925945e-11
4.3160095821714654e-07
1.8669844002833124e-13
1.4678212463996799e-18
1.1337001975576376e-15
1.5725438049931606e-15
2.2809125122991374e-28
1.8291339942363508e-17
1.0571169528823216e-17
1.5018609234663968e-22
3.751797392222216e-15
3.962418058745255e-11
4.0598340237102635e-19
1.4640971011475048e-14
1.3718241137669627e-26
1.3662165468046578e-21
3.1992625424289693e-17
2.4405125101445875e-07
2.486126031479314e-20
1.815862568872731e-13
5.587254998932624e-17
2.3484228032518056e-15
1.1180161359975505e-22
1.5297958587377203e-26
4.644852197297912e-29
3.202639750464732e-23
2.5818680519229545e-26
2.1563989967505884e-23
1.9430465124118016e-16
3.8174817064211905e-51
1.3181335593784625e-15
2.5719733081693597e-78
9.58028764386095e-15
1.186294733201272e-21
2.7045025440575366e-23
2.59135513058308e-35
1.3071266327799009e-39
2.0343877984991313e-16
7.044641426266241e-16
2.5541137402079662e-11
1.538573859280189e-17
1.1249949662171538e-10
7.656900203139e-19
1.539494536496016e-20
4.555133880493968e-11
3.1627302312367445e-09
7.248706655994888e-21
3.424412104168308e-73
1.5659680234292975e-18
6.293786478682557e-16
1.174354135595246e-16
5.2029139064488643e-17
9.206013841663213e-17
9.417829678996587e-13
3.2836392390002444e-07
5.461240970415291e-18
4.284414464058229e-10
2.1129188663542362e-18
4.188683747912302e-20
1.7604632452131604e-22
3.797574955440223e-22
4.735698320325729e-14
2.4927553303197325e-14
9.67192758208902e-16
3.9784373855334285e-14
8.814068446102693e-15
4.558875880717335e-19
4.1422977481502896e-14
1.8664153064906848e-19
1.3762402646314611e-17
8.27436774868927e-19
1.1146435871180678e-24
9.665476413088014e-68
1.4392248106299528e-21
1.827326678537408e-25
3.970141654933379e-17
1.8316945845126733e-64
6.362207568658563e-11
5.936667276712453e-17
1.4957726283807779e-16
7.315704470619249e-11
4.96819347804755e-16
7.491376313779179e-18
1.3405639239416094e-18
3.504627428554752e-27
2.9265970201252292e-21
1.0004357819031983e-21
1.113315757205203e-16
3.7607154329442846e-41
8.300850147105795e-19
1.942149860065787e-20
1.688064708524102e-12
2.5750251061597924e-25
2.33263246707499e-19
1.8584392837453322e-34
3.7598959119578226e-22
4.815433515722549e-29
1.2664595406488807e-22
2.447821668041851e-12
4.352716181083673e-11
1.1541222127822216e-13
2.190132606104267e-12
2.0680453826281664e-87
4.668472668730764e-25
1.632332943710193e-35
6.292859446400319e-11
2.3483135434915227e-22
1.054277206325307e-08
2.0107703084490065e-20
1.9010022257566604e-16
1.1885408509894044e-16
2.6452831835722035e-13
1.285094734310141e-15
2.9213676166581175e-19
2.935133843037747e-20
1.9634142169646363e-12
5.373011123025791e-14
1.8341609832423926e-16
1.0697269071943668e-17
3.437206357068452e-31
9.031849386573624e-12
9.782938065189253e-14
1.3809597079212228e-08
6.96583038474187e-78
2.849465027449159e-09
1.0325483583195166e-13
2.3553199165431138e-18
1.768387342159638e-23
2.2317778795931885e-20
2.2418412899598278e-20
7.211690295853126e-16
5.494870664807799e-13
1.1300266364905679e-08
2.5305360138566006e-23
2.765692693677412e-32
3.109818928915459e-12
2.2498763691110615e-13
2.0178170687464044e-13
6.415785383732086e-15
2.0333538096507897e-28
7.99242838109058e-21
2.5324913192538154e-14
3.991561803541551e-15
1.315842884657865e-12
3.60547720542413e-24
5.811762076181219e-17
1.1196935595621205e-15
2.9691453332145165e-18
1.0575315248392857e-28
1.1517352606621508e-15
4.4380174305905223e-16
1.7097038871516034e-12
3.4685986160209844e-66
1.261237274290315e-12
6.35522222247404e-20
1.124185729737924e-19
4.938661003940235e-23
2.964489751238906e-20
1.3093539595816308e-16
1.3451756175539797e-12
1.1301658742232092e-18
5.845120087770131e-29
4.358557834502226e-29
4.593977389166138e-13
2.673806334445046e-17
1.1839900054533987e-21
2.2640526906577145e-48
1.4268752319277427e-07
1.3762118449530816e-18
9.345294821788357e-18
3.63576889824533e-13
4.5394481274461255e-34
3.128319699409904e-22
2.382262135637333e-13
1.802659730559857e-76
1.9840388454435346e-17
1.5543679920964333e-20
9.056417381297501e-21
6.166524271739022e-20
4.3954133910803134e-05
2.6784068654360314e-07
1.7816438203300208e-12
7.076771511127691e-10
5.449126365007115e-15
6.310628638101343e-20
5.7988429672444655e-24
1.7881241316847683e-36
2.353970289202606e-18
8.171772011221766e-26
1.162027370064798e-24
7.923174152468126e-17
2.018224028817386e-15
1.0648368432352953e-17
1.5940049277917158e-64
9.484055124391515e-14
1.405239265033071e-20
1.3580938416702444e-15
2.506440625876604e-25
3.0508200687913093e-12
1.0957125858549229e-57
1.2053094663499726e-19
1.1487193555226986e-23
2.149190953013906e-16
1.4172599879758508e-14
1.255900954862763e-11
2.0284224978069577e-10
1.530123130346935e-12
4.666093292367978e-32
2.1142065629256837e-26
8.506314078763704e-09
4.2712871844884614e-10
1.0657710860888006e-11
8.671174542264708e-14
6.276608904749189e-26
8.858390609462047e-21
5.6743308040732e-20
2.293976057500758e-12
1.2172808331092973e-71
9.023698975195474e-17
1.4115529688753452e-27
9.065588129038624e-13
8.06003543634387e-10
1.271120583663129e-15
1.6661228312733625e-23
1.6122229230544206e-74
1.8025318000857451e-16
3.5535524468575398e-12
2.9700186253867185e-24
3.113034795750071e-20
6.191510759206538e-24
4.1836982609875067e-19
8.175431368234142e-17
1.67357011377195e-11
3.197240920855112e-11
1.5456599454254164e-24
4.33133728749646e-30
2.5992903419871263e-20
2.947682827490955e-19
3.3869744200972926e-25
4.557684633612858e-12
7.067156943934154e-31
1.3449493436857695e-09
1.7736356571459252e-25
4.501707661249378e-17
2.875538482953619e-18
2.26318507556986e-15
5.664719238817195e-34
1.764730131132927e-22
1.52387467480812e-19
2.3105680896591253e-18
6.794342777398095e-15
5.503784626668371e-19
1.714094566955958e-70
1.1233136024659902e-12
2.3374679602290913e-12
1.6387320752486363e-40
1.1785539440994735e-20
2.5550631325756114e-20
1.659345577974212e-12
1.067055513064475e-06
9.649173033834168e-13
3.9915497459922955e-11
1.44497912889953e-18
6.677037455521019e-18
2.4729323317152504e-30
5.484581714714022e-13
6.319551416046733e-35
9.398999416579094e-15
9.566038834636877e-25
1.9298208587728902e-50
2.5530491238900396e-25
9.98512191773009e-14
6.530559474994119e-88
2.172913634090579e-24
7.390273038097221e-14
4.134924123609872e-18
9.513309860842995e-13
6.820026748769403e-63
2.2157377810642717e-19
7.022988334337263e-20
1.2984120819543747e-17
4.626955035935425e-23
2.67621650042924e-12
7.535006000618031e-18
3.5769730182029776e-17
1.1031511115107665e-70
3.192147875062217e-23
4.535038061423372e-08
5.112423893751153e-13
1.2582207436734016e-37
4.6814684666897e-24
4.177036248759197e-14
1.0043503548887191e-26
1.4316896605843718e-13
4.511932766615057e-15
7.031361747367858e-15
1.5825533046974982e-14
4.4764477497361735e-14
8.300138222320565e-66
2.776180612711361e-17
2.080823247733447e-15
6.496268096117423e-20
5.5521639687947415e-14
5.008203142223321e-11
7.31296657557286e-32
4.5086023821869604e-77
1.4636020741203985e-18
5.059903082421371e-10
5.567728778746421e-35
4.453903346299631e-19
3.7080735072471383e-16
6.901743248187696e-23
5.717352472980341e-25
4.0676943619291033e-67
7.638189010190361e-58
2.7210204506047066e-10
1.8184809810940429e-19
1.0025407813608462e-16
2.0467842532009722e-22
5.823642393332705e-21
1.6730116271969616e-17
2.0182047272302575e-16
3.679299196637372e-12
1.5115208164448678e-13
3.145341013724892e-14
9.115554826725671e-20
4.5364290682097366e-11
1.8855827989280236e-30
2.7461993437104018e-15
1.0929134118339827e-19
3.6219634665879843e-10
2.776262919008063e-10
4.863516768535366e-19
2.4788915422496314e-13
1.3787407148011343e-12
6.146584276664624e-15
8.808032142590138e-18
2.4397380508825946e-15
5.34787058940792e-24
5.959576683796915e-26
3.576708813683896e-17
1.0193250649228166e-20
9.384322262361396e-24
3.2705064334000697e-10
3.1148473020003787e-21
1.9758639133018168e-13
1.2603372833070229e-24
5.730525360967458e-10
1.1663687841820888e-36
1.357684960863206e-14
2.5767227762020344e-30
1.10213493783947e-18
7.646816020448055e-15
2.297708804678257e-08
1.2967322608829628e-12
1.6406243654011648e-17
1.9904770002360035e-29
8.194900023755799e-14
1.019809423348073e-07
3.109153899719023e-14
9.872357625760519e-13
1.188405782614038e-12
2.3543744019819655e-31
8.7328522769092e-23
4.524346096458138e-11
7.979291603775726e-10
1.2814886403146906e-32
9.7607810023834e-16
1.6195339445239863e-09
4.2244785847546295e-14
3.3572462526199775e-13
1.5566631986665588e-14
1.3600431348962365e-26
2.3656176443262226e-09
9.003126228836397e-14
3.116606481384537e-14
1.6052370819930758e-68
5.491577543405988e-18
1.5877372895337466e-10
7.865723260842728e-13
2.0923869143613414e-14
3.1091933606280257e-38
1.6958505622449168e-67
2.2585636132116762e-13
6.385708370454522e-85
4.049375351130392e-19
1.385207458272097e-10
2.247573458904247e-14
1.2593799441150726e-23
6.62869320672166e-17
4.577153980435927e-16
9.061010988432966e-15
3.868512465264711e-15
3.622531992800022e-15
9.778445981089317e-23
6.558041401089951e-15
6.54625059466521e-15
6.560375260800311e-18
1.5546444174953223e-11
2.6888451206467763e-18
5.673742461534097e-14
4.899093463013663e-31
5.721221215137018e-26
7.856581105525474e-16
8.222501148593232e-12
3.8273886047958994e-07
1.9299078777629274e-24
3.519598148780291e-16
3.2267457327757236e-19
1.247693612824455e-28
9.677282888727273e-23
1.6623400473363497e-19
1.955386683435761e-18
2.909087669518001e-09
9.23524148304453e-17
2.023928047826797e-15
1.7318942759474137e-13
3.520790917802846e-20
8.823891715856362e-56
1.5238801096074756e-11
8.250182600888539e-09
6.55955624318277e-20
2.6093892663321766e-10
4.40591195768233e-13
4.1589386318458545e-32
1.363945692880209e-27
1.1960243498182633e-22
3.945454701304818e-18
6.185124882307162e-18
2.6160190761628844e-20
2.550730948123846e-22
2.3404469064959445e-10
1.4810556365505395e-07
3.3613036079978115e-22
1.3288662092562197e-11
1.4839227100965663e-32
3.4910352757141656e-10
9.164716630462888e-13
9.494042411685395e-16
8.063359327236885e-21
1.1944266680077941e-12
4.130729761063824e-21
2.913284816700152e-10
1.776470112047643e-14
8.802233229414774e-09
9.553492913323234e-10
5.510533532406175e-17
6.793958857998936e-34
9.464737207554358e-25
9.88923998460687e-21
5.089969327847981e-29
5.115097170991931e-19
1.6633515471980942e-16
5.311022432823277e-19
1.9326057738001497e-21
2.954953513309406e-07
4.665526000062758e-11
3.401243380768592e-21
7.7442943596683e-12
5.7704457246825856e-24
7.042206593825987e-60
9.519724765369435e-20
4.020815375294891e-25
6.871303377630672e-19
1.7664529776918475e-77
2.601177525445031e-15
8.374676983986255e-21
3.667807215642009e-23
3.76138353491279e-09
7.033739313864648e-14
1.9666100704113156e-32
1.5246671052328898e-17
2.903810111304076e-18
4.860169591386432e-33
3.0738092738548993e-61
4.94981308967183e-17
1.44925855476455e-19
1.4405847395704717e-15
4.596745451572312e-11
5.8723084169844165e-31
8.260893955064323e-17
6.513877545509339e-20
4.978710484871409e-16
8.4962332092709e-11
1.2924905497740786e-35
5.484494228617948e-12
1.2112389306478747e-17
6.008356043337971e-14
1.0661646384645838e-20
4.322652183334796e-19
1.0122796371641125e-26
5.6478708589313205e-31
5.771947729874911e-16
3.330293908682122e-14
1.393967997779717e-10
7.980984761699622e-15
4.9533954751063805e-45
5.216697632321998e-09
1.1882704587649617e-18
4.903633844628966e-19
9.00695414334769e-24
4.1293631434216516e-14
3.689198266589754e-22
2.2637428222798517e-17
5.931165545236309e-22
2.1744171974383234e-27
2.6281613200225708e-23
4.8453295664930356e-14
8.933515285868214e-13
2.0674863549597557e-66
1.1551986136653872e-11
2.2051251957283845e-15
6.051058504270574e-20
7.386963199779574e-26
1.0490809110011772e-22
3.249933409183825e-25
3.9428899047241283e-16
1.3218729209119699e-11
4.980372149410879e-10
1.8268383692660502e-21
9.4986685508865e-13
2.047122428194641e-12
6.399627378069237e-16
5.568809958688984e-20
1.504174251394138e-33
1.9253610037894204e-15
3.2136377210550965e-35
5.289667987831019e-28
8.457626219022448e-14
6.053372897684325e-16
2.4652938103320314e-18
7.12825110732734e-38
1.622267462191991e-14
6.372223832770935e-14
1.5621026825049962e-32
5.201858867136585e-21
6.148309997998671e-07
4.829476483576592e-09
1.0670729710943535e-11
1.5723603022101616e-17
3.2704779104037262e-15
7.439173588499626e-20
3.5009020268943783e-17
1.0569345412344616e-11
1.0272308221934512e-12
5.628986813589568e-10
7.775604722781584e-16
5.452836967499148e-12
2.05481283592517e-18
1.678837097713239e-16
4.850108862254343e-14
2.7446256301389127e-17
1.7936748499000664e-11
3.006922665545462e-20
2.9718330807278574e-21
1.3557930141183237e-09
1.8221426733232185e-15
1.4274114625075662e-21
1.619159640770372e-15
5.1097573688667735e-17
1.4563112554583072e-15
1.592508353486543e-29
7.120828991790515e-27
9.028773066309626e-26
0.00176482059398253
1.7563772547004926e-14
8.686186862108036e-10
2.2038341087821233e-72
9.582405557804618e-09
6.269778328497903e-13
1.7417080838074478e-34
1.4757265882508454e-12
5.844095905965909e-16
3.4541103988317104e-13
3.9605910115337144e-22
8.404099593832947e-37
3.985916025461836e-21
5.528964845135914e-15
1.2341258517333528e-08
5.37462330418171e-14
4.64008283988765e-21
1.0433336542426328e-16
2.8796396674919965e-12
4.289701583185147e-12
1.1885567826160863e-08
1.4463096002281243e-15
2.6805998124003443e-32
4.960738267608015e-30
4.2469682061150505e-10
3.519976258893999e-17
1.9424605299206476e-24
1.5478095860593253e-15
5.958452303921139e-65
2.132230797740407e-23
2.9079948456167106e-19
3.2739750574822937e-25
4.782377929489014e-21
1.2073272090227548e-23
1.0830850971607069e-10
2.404723936186469e-17
2.0025526508356114e-24
2.2288766324978858e-11
9.522580660412187e-07
3.6834861163235874e-22
3.839850439061706e-21
3.074140166820347e-11
2.1244307709411653e-23
1.210886046663793e-15
6.01980847327899e-36
3.822369937487997e-17
2.0717600688460304e-18
2.672570834480664e-17
4.44149555792868e-11
9.425363310531687e-14
1.3688677242143273e-11
1.2550570678971766e-13
6.1987215669437616e-27
9.842915633619775e-31
3.7855042796922967e-22
1.1401084544273317e-16
6.770466118987115e-15
6.383710600339084e-71
1.0104882230197513e-22
3.475795787553712e-63
4.7219112428944107e-33
0.00016957725747698566
1.6051527931261422e-16
6.867076272669571e-18
6.486281337995287e-13
1.6675113898481086e-22
1.862420695187411e-88
5.161563562312978e-18
4.9011028199566454e-26
8.743326283336055e-13
2.7256764246898098e-18
1.2907706480851954e-25
4.456213296525181e-19
5.737329428484867e-21
1.3548308876814697e-18
2.026460239909442e-08
4.448406680363025e-71
1.4240289242775347e-15
1.1022370538726312e-17
2.9361538471603457e-13
2.146524608161357e-11
2.417617065520467e-06
1.2043326385394922e-09
3.666046124348786e-28
5.662578687928807e-13
4.852601287936406e-15
5.025900931315632e-17
8.366991419881754e-13
9.597917628695102e-09
1.1448870913262995e-57
8.14215683661772e-11
4.153384522092464e-29
6.326194160891501e-35
2.215765829749342e-05
4.651527731267194e-16
1.0255466394153952e-12
2.7521143348281186e-44
1.1346844684933946e-17
2.1277348699608626e-21
1.2177654594300463e-29
2.094564602047978e-27
2.9390061152043884e-39
5.714395927023542e-20
2.4057784476057303e-14
7.776144352589092e-19
8.499605338643939e-11
3.6099669210503925e-20
1.5100983788544646e-13
5.247928953343523e-11
2.594165659380478e-21
2.803054835056198e-17
5.200688678101142e-32
1.2411549553865055e-13
5.088203705616541e-15
4.8287502658381356e-11
2.2593167337825848e-14
1.360079537263552e-16
1.7893500888473424e-17
2.891588473416147e-08
4.229803694351193e-18
3.678901253081055e-10
4.115289638478008e-71
1.6352068540870914e-18
4.952279599893425e-27
1.6083588470263274e-16
1.5260539383991833e-09
8.604856549405636e-22
2.233789186729241e-23
5.945107116243226e-25
1.5946039898909857e-20
3.532022605239279e-17
7.52354898715801e-15
1.0579440699069247e-09
2.9140945102694304e-27
3.067207630446267e-13
1.4777299302838034e-22
1.2039458418806414e-19
1.201673597089762e-10
4.670407419969604e-12
1.965765426362406e-13
5.381802585812645e-17
2.0140194439068073e-13
1.9725873113226432e-11
6.126387429312157e-20
3.3588521287126053e-74
1.2258148081738765e-87
1.2052282271510593e-11
1.7061090638926633e-43
1.9258062606292178e-21
1.8850972226279858e-16
4.4157311192714655e-17
5.3283690392585074e-15
3.4812549352568663e-12
2.1850975687839507e-17
1.0135787405326544e-34
8.366750435719486e-17
4.02134720696092e-19
1.4599741698488338e-19
4.940415456857582e-19
1.8047178366444514e-62
2.024224300933694e-10
5.965485116220752e-35
3.53499488607858e-22
5.344496669503884e-59
1.372527079001254e-13
5.419677622403485e-14
0.00011924304268036626
1.4812677440112453e-14
4.801602142551743e-11
8.192043026205169e-18
2.377340001701057e-26
2.658660483503416e-23
1.2229701672307212e-19
2.3337476875766115e-22
1.7682682532048873e-12
2.5493062490089354e-74
1.0483902194182197e-24
2.200200381806909e-86
1.001604309646885e-07
5.56417925484028e-22
3.1529106436288755e-13
5.08810383218378e-28
3.091293978372921e-21
8.217636711543219e-05
1.2500959924181471e-08
3.0189769574139765e-29
4.98017178775204e-97
1.0913128017778202e-15
2.7779657565499133e-22
2.1927974934586662e-10
2.2034182828083586e-21
1.207618255696215e-12
6.476155163889546e-20
3.0240325484372834e-06
4.232627953088522e-24
1.721210664722952e-26
2.2958423557352884e-18
2.6657177132053334e-21
1.3496609596844008e-22
3.393284060714132e-21
3.038736423884544e-12
7.969382349957383e-18
1.2045435630592659e-15
1.5923588906676006e-25
1.0866374865973694e-65
1.8355183899043706e-12
2.93639639213217e-13
0.0006028842247228494
1.6933972342879022e-11
2.0172891836054418e-19
1.2808294422115864e-23
5.370699914890575e-10
1.982857806262776e-31
1.3881335952527705e-09
1.515198284046646e-14
9.851871871818094e-70
1.0110930227867482e-10
4.151826496617959e-21
2.203787814931984e-22
8.396879714897415e-22
2.888752207329703e-24
1.2097224911881999e-12
3.1418029281657453e-27
4.707468675606778e-17
1.2927535063986916e-13
1.762841569480218e-05
2.5058394626730993e-16
5.315848037825859e-09
1.5404922623559566e-08
4.765563406874204e-17
1.1186607940494325e-22
5.645499424981903e-19
2.2323361736263364e-25
2.9516608245663894e-15
1.322412970452828e-32
1.3672731287767868e-13
3.905864547644734e-14
6.395875086890402e-16
4.84655682949596e-18
9.468412424659417e-17
6.707425119129165e-20
2.5571403486252086e-15
1.326776415450591e-11
2.209254714421296e-06
4.2580334181350084e-11
1.7837650057490067e-62
4.4564265153705504e-17
3.034805822960573e-12
2.1455267644130704e-09
3.8115179542671954e-31
2.0601741963904888e-18
5.400513442080528e-12
1.4724996863157167e-12
1.4283499729576256e-25
1.3472828019322775e-18
8.772223381376815e-24
5.825839748636549e-25
1.9399356030911903e-13
8.286456117137046e-26
5.905054502133432e-59
8.985568246828431e-17
1.4349118057888903e-17
1.728289086762065e-12
3.843670040160028e-13
3.436790200960007e-13
2.3006817559439402e-10
3.92788013997282e-12
9.47580861802484e-14
4.499023512427422e-11
8.884658463775088e-54
4.997333149922011e-11
1.5052807196537648e-14
2.9871940459517937e-16
7.360259588587679e-17
1.233619946652604e-17
1.418040275633279e-21
6.017009246204939e-10
2.594287459156491e-19
6.664561058383094e-24
9.474169954175597e-16
2.0643844186238516e-26
6.549505645618077e-16
6.520301714840505e-24
5.712597825517976e-11
8.996358886889436e-09
2.24339939509335e-13
4.543251378380408e-12
8.855388986078648e-22
1.7432049808248213e-27
3.3761976573544734e-23
2.18222689280699e-23
8.234487357289077e-32
6.789399012412503e-18
3.3635678221791435e-14
1.7293550145661532e-16
5.003696225484108e-78
2.6493277674361353e-13
4.913656914073022e-23
1.6589164997342926e-16
1.5734563980434217e-30
1.4178560891404783e-24
0.002764559242616982
1.5273981632971133e-18
1.1734961623276992e-17
1.0720069684595202e-21
3.909249858974991e-36
3.9421955285391775e-21
1.5205893741460169e-15
2.290205597454846e-18
1.1605277104700262e-15
2.5532811593587983e-22
1.2101144621098013e-16
1.108777151020296e-22
4.5924627104769924e-12
9.338734148454926e-16
2.5585439703281522e-18
1.6665088733033756e-14
4.986218196351323e-32
2.8834827047802123e-09
1.1134255491297385e-10
6.09769720861545e-21
2.080995590903669e-77
4.144197949657042e-17
2.676390181652186e-19
9.908868283396282e-09
2.1211233964272577e-19
1.8860977378567028e-16
1.963476854555136e-06
1.0974306252423164e-26
1.4231635516251377e-05
5.206619072338892e-12
1.3277670478598454e-07
9.676395874179521e-17
4.206472430542251e-20
6.205473672312438e-11
3.0215949139662437e-25
2.6776451113819607e-10
4.07506676740969e-21
3.2725012742079656e-23
9.437723575254679e-23
3.28603169996017e-23
6.115213979536107e-19
4.489606440273914e-18
1.0057456840463357e-61
2.0719601330905072e-26
3.663934053075075e-24
1.4204833024296117e-25
5.77213616033505e-16
4.972634391285441e-14
3.307751933203713e-76
1.7741503267541804e-27
5.076469562141205e-21
1.4898668653413651e-72
4.657800385332702e-49
3.656759760702465e-23
7.043510390544728e-68
1.3430280139245697e-08
5.338635958306297e-26
4.645832055282468e-15
8.166327807908898e-16
3.0670590172951583e-22
2.679116983984862e-28
1.347438690663256e-19
4.0910266171548175e-14
4.7215912383631415e-20
2.3639838219732734e-13
9.260105807664214e-34
1.5460147189545186e-09
6.106702569178019e-20
1.568980878494952e-09
5.9720380455328455e-74
1.1350951117477934e-12
1.0845980359598964e-16
4.761145436178468e-06
1.1722497112138602e-05
4.973664160228881e-41
7.100900839489979e-66
2.944381844285847e-10
6.526114208134893e-21
1.9494454009273956e-14
1.921134347875011e-33
1.3066427146279963e-21
3.4263067696661173e-18
1.769671757342904e-21
1.24239399127959e-13
1.0782747651084176e-19
7.913254029146446e-19
6.7689102115223955e-71
2.5478172776052106e-13
4.6343423112550945e-21
6.0602867820302105e-25
4.722788899172224e-13
2.603224311335405e-26
1.3352789222468278e-08
9.793326205836421e-25
6.550614949359874e-30
1.8207844808107827e-22
1.7857518127005342e-29
3.2070044232351946e-27
4.1849828397385713e-10
8.26612481790343e-16
4.3857062749018137e-16
1.8187604731588485e-18
1.0395572310000205e-22
5.066013419268099e-20
1.5703083601223064e-12
1.064846715926654e-23
2.0327058399449485e-80
5.196373110430314e-10
1.2821690327753603e-17
2.043336755619861e-26
2.3987880910079065e-26
3.823506379620885e-18
1.1421023437757353e-16
2.7988830720592907e-19
2.87152911582403e-19
5.0962778911971845e-49
9.43515685989429e-21
5.697076318129538e-43
7.652214811676397e-16
1.5683319908713657e-31
2.1818993853173958e-16
3.642623088208981e-19
2.027432534894898e-10
3.514563318418956e-68
3.2286751834904704e-15
2.345575711598635e-14
8.328338376575013e-16
4.2028971977898457e-13
1.4859047429331536e-71
1.766803879581737e-21
3.1005592478796003e-38
3.824906946319357e-21
1.0151315277392544e-12
1.246016391405039e-20
1.2781652371824281e-13
2.9613641260272984e-17
2.538853415297631e-11
8.172477378586666e-15
1.2439867890063545e-05
1.7313736549107014e-19
1.3805517441005045e-13
2.46275146951674e-11
3.098874996990458e-36
5.846224573187241e-12
2.475789311404436e-27
1.175124773047083e-14
4.2265587476751026e-22
6.956736035542619e-29
3.2132956366040782e-27
5.1235991676904564e-36
1.4419206948983953e-12
5.276231248895292e-19
1.3553407700496046e-57
1.261449947716022e-13
3.1668106848920777e-29
6.597449122338057e-20
2.0712169774776993e-27
1.697538248181268e-12
8.309956784452509e-14
7.9072634622018345e-19
1.2951886947394254e-20
2.1971495773374653e-20
9.182654342658839e-11
7.051106348887018e-11
8.093227874890429e-14
4.9166355369901545e-28
1.3580938416702444e-15
2.317664099238994e-15
5.5000331869273844e-24
7.843530832053228e-12
4.566808795664684e-08
2.529555110675013e-28
1.6736802258421417e-18
1.3253705717933885e-17
3.729831459496208e-13
2.0406069718416e-08
1.1096382138449401e-17
3.7633130411237203e-10
3.6408567882978587e-72
4.6494621167535976e-14
1.8503359852957392e-21
2.461898044206681e-14
1.6349252617712886e-16
5.061810983351982e-79
3.156225119123708e-22
2.8117177535940906e-21
3.0661599397265857e-13
6.055967898461294e-17
1.590054503505575e-28
6.985244160339442e-70
6.356217989238437e-16
4.887093047457265e-36
1.73023625885028e-72
2.0581039438219593e-11
8.306274207188977e-22
3.4122293841200064e-21
7.0937441747997104e-12
2.5345307832173948e-05
1.469455221330604e-12
1.7807239739261369e-22
9.588092266113076e-19
1.2766882615472066e-29
4.2630270234420104e-19
2.3230503145678917e-10
1.899644974409975e-20
3.190869939907218e-36
1.0254625999772693e-13
2.1797068412475577e-77
9.105257678746002e-21
1.9725602289105776e-19
1.4024254030440368e-11
1.6729423493204492e-12
1.0635729996896612e-15
1.4591296561259462e-16
1.2422896821060313e-12
7.869658197723167e-11
2.804470279112963e-24
3.097087531122177e-13
1.793188593444885e-07
3.9016957766248663e-16
7.486403395881601e-19
2.7456918129500023e-19
5.6523247715771245e-24
5.589351092163525e-10
2.516351165106748e-19
1.7889663107683433e-15
1.5786576464223193e-18
5.643192808653897e-24
3.5342123650635267e-12
5.551304053011701e-22
1.8661455466577643e-16
3.838139653726235e-16
3.973650480896998e-10
2.9618538377172344e-21
6.736417122870485e-16
2.786755214947278e-13
2.397815732160282e-12
1.1033628436206834e-20
1.095374064260167e-19
1.223817706635086e-78
4.37062840849883e-62
1.7994552521561785e-14
1.2087337556640988e-20
1.3169737382603393e-17
2.2821685584605012e-33
6.271352967167423e-19
1.3585582111264715e-21
5.989771641329537e-18
8.000143210046144e-24
5.440192708815056e-14
4.1774296958462186e-12
1.49177823217974e-21
1.6329725075736246e-80
5.537940663864324e-14
5.982673475064475e-07
6.408689632077977e-35
4.497745126463473e-21
4.651450200312603e-23
3.73499210943817e-20
1.5807412194719256e-22
1.264392417483487e-14
1.0431137564703941e-22
6.952829935552309e-11
4.29655629589532e-21
1.2897991966309687e-17
6.357934687752526e-17
1.0456121726630196e-19
6.1814904183013314e-21
9.273015068968475e-23
1.4735718678665845e-25
3.074689430748336e-29
3.959561630322665e-18
3.044139553910521e-18
1.3399743976051058e-10
4.90388372103056e-10
1.8873453592252184e-12
4.637733774142103e-18
8.621841950035397e-10
8.147447715549947e-20
6.206088781898403e-17
3.381916867839629e-63
1.3757089516342305e-22
2.965734891274906e-14
8.350018200819846e-13
1.0041173452732802e-11
9.092920671157551e-15
2.3106749953200264e-13
3.9858011951341385e-76
1.7098359115617783e-18
3.2655697477235164e-14
5.682063852565366e-26
7.194044374608705e-25
1.5019987248040184e-20
2.185659531973508e-12
4.126130979740302e-13
2.130375242369562e-13
1.0324042202515199e-18
6.049358460766698e-33
4.7152514211487195e-12
7.7171596189673195e-31
1.2858369027561628e-10
1.6077307861092653e-22
2.4592570757447016e-16
3.054916568210074e-08
1.642296050343421e-12
1.021188545147039e-12
3.1560865986840625e-21
9.829531276159207e-15
5.941457509346994e-15
5.734766298104851e-13
8.554291156782111e-28
6.9857999644029185e-12
2.724408825121656e-42
4.3288246796214217e-14
1.780809576528452e-11
6.34735183516518e-14
7.699898936269872e-13
2.96724128154678e-11
1.5069502408540945e-09
2.105516969902752e-21
1.1226543074457136e-27
1.5905246785184145e-23
6.627644812620681e-05
3.1709966542316865e-21
5.958911595012245e-20
1.7850199750983256e-12
2.6218221770654483e-18
5.208473294104468e-23
1.8981437954513523e-10
4.280249260907497e-21
9.348663969311682e-28
1.1087800430518511e-06
2.4679998314631525e-13
5.044705123235305e-17
8.327143885591458e-59
5.792109778095351e-56
3.650163335745003e-22
3.7167310276503565e-19
1.9593615405303674e-10
5.8150704812192365e-11
1.0159591914139162e-23
1.148614585094364e-11
4.1177914239871506e-24
3.8356531103215155e-12
7.023313729035751e-10
2.4776465505830245e-14
3.6611916363436514e-24
1.1314432035143541e-09
6.539855095894838e-20
1.9607346344716142e-18
4.445502741428891e-15
8.508562506196472e-25
3.0020916905059715e-69
9.709724848845216e-14
1.484009432118339e-35
1.1728045025515263e-20
8.168210096581579e-22
2.3052485841002406e-15
1.5658208875184602e-11
8.626192301381371e-28
1.4448375242470458e-27
1.8123160423218513e-20
4.5264971423901945e-14
2.9161256880741666e-17
2.1819966959487486e-05
1.632160863694031e-20
2.6553113033358027e-22
3.990786784575458e-18
2.4316586104000494e-11
9.101358869651536e-26
1.7707810094343065e-10
4.145164809024898e-71
6.483653978666985e-22
7.097048442398827e-18
1.2734375335395805e-08
1.8220489634686287e-13
2.4453911613015535e-19
2.902614251227542e-13
1.4933311553416274e-28
3.601796291104105e-24
2.062566015162793e-15
4.626445965694398e-12
1.0380302299414117e-10
2.4446199711376947e-22
2.2924923218953684e-20
2.655382806210153e-19
1.9601016021153223e-17
4.5442456049572936e-13
2.8420713270395396e-19
2.1071394138119626e-07
4.8661969863915256e-08
2.009076281985262e-12
3.284788156070232e-17
2.3372003852625575e-16
1.9433118794134442e-29
3.7892851234849467e-19
1.1394061632664967e-16
7.086928118304299e-26
1.031688792542497e-20
1.4033428221291849e-14
3.3913556380005266e-63
2.0327716970221605e-06
4.881500632311831e-17
1.5082502722525228e-27
4.4839326216503e-16
8.79554072399347e-11
1.1731897725771323e-13
5.160183282207093e-29
1.6174024539503696e-41
1.1768468827235293e-25
6.803238381996242e-13
3.608711479405026e-21
9.635281732749175e-15
1.1385775549112822e-76
2.170175462039046e-07
5.203467425499385e-22
4.263880211666052e-19
3.4400737401996237e-09
1.7591630909706702e-27
1.180050763936028e-13
7.8927203586194e-15
1.9226861468635832e-10
1.2457472431578907e-16
3.135871215038146e-05
1.980400155103735e-18
1.4675467726826772e-10
2.0495412756559932e-17
1.5295173458366756e-20
1.1048302454560053e-12
1.9446551642451422e-12
4.031548718570917e-12
1.1213616615777432e-21
4.558810417041598e-17
1.1113998123623736e-13
2.0667435560322413e-19
1.02442130531777e-58
5.057177323686984e-16
4.4514237831813286e-13
1.8238756502621092e-07
4.1911055600907696e-17
2.717159434972048e-81
1.6384397400570454e-21
1.9644610489368066e-15
2.9178983537197467e-10
1.622796321019286e-16
7.2447245901572455e-12
1.7080731454830427e-17
5.409581537042232e-26
6.154770965287758e-14
1.2192408352100363e-14
2.415074362266988e-19
0.0003613982770041045
7.638829189072584e-12
1.8614046725593016e-21
2.9050567924612576e-14
5.322117669622532e-25
5.343849312177233e-13
7.103347072663532e-61
1.00000444015389e-21
7.83848425731373e-12
2.5345777320117513e-13
3.632005916002745e-21
3.202070941052224e-23
1.8012291745255008e-12
1.3760303828771218e-15
2.8839322959488423e-25
3.848179287506293e-34
1.727927820985227e-19
1.313005692811169e-51
8.564438934547659e-13
1.5700667122464963e-16
8.843384923443607e-21
4.588919231157394e-14
1.1203349555864973e-16
3.8797084353452247e-23
3.192412899842215e-50
6.675401668638247e-13
1.1150001647235684e-11
2.878769242072854e-13
6.20473507404427e-18
5.267549646533829e-13
3.6514609528887176e-23
1.1611142121509696e-13
1.924113017332186e-34
1.5183487987421073e-55
6.639185831710063e-17
3.63629771230255e-23
3.577471399810352e-12
5.322105273382327e-16
3.926920489294451e-27
1.2844732249113563e-16
1.1829946180221009e-21
2.331033278222666e-28
1.1671230522837802e-20
3.246286758232592e-16
4.04056171547713e-14
2.4281512101929553e-21
1.253897322628564e-20
4.1682462810029803e-20
2.627580800416306e-26
1.2808893048786456e-09
8.312866634371007e-78
2.756909541238424e-69
1.5051323496795553e-80
1.1379054005824402e-14
7.048006960491538e-11
6.129985511256151e-14
3.465250563618347e-24
6.223108996529388e-10
1.1304953793010664e-10
2.2602735697633246e-20
6.634704997272954e-14
3.443355385449842e-11
6.702237048965856e-12
1.0343257683862293e-17
5.730820617666116e-66
4.722756044996888e-25
6.1616292640262804e-21
5.555213992800317e-68
9.841836648558554e-20
4.118332006469257e-14
1.4555946373723337e-10
4.936673329236201e-18
6.767470090479609e-10
1.4019897879294275e-13
2.3440595237469812e-32
2.905629132805653e-25
2.407033970920399e-16
1.189579446647179e-81
1.1100925121245117e-33
4.9339852920778604e-05
1.9027630610291605e-14
2.13521427428301e-17
8.082549827013388e-20
2.239529360359675e-67
8.211392384747056e-19
2.0451079752373477e-19
2.1056175658936204e-24
2.5143769168431037e-07
6.139749969296518e-07
7.429004455836019e-14
3.6242796791058377e-42
7.32646318871243e-17
3.268315680229326e-20
4.520590019496567e-14
4.302801579842539e-25
2.1131791007608224e-12
4.396802693980888e-23
1.0097983681701949e-27
3.2199900476294322e-21
1.250396119995315e-16
2.3656176443262226e-09
5.93699004179241e-09
4.35957094708204e-10
3.6028119559047106e-11
2.287900824171071e-10
1.3954809439439504e-23
1.0798568978960788e-08
3.320469660588394e-08
1.3051821138760875e-23
2.925414012666822e-20
4.153790169305749e-14
3.8208951645098195e-71
1.005984456205213e-29
1.1288310151401967e-74
1.9546579578538894e-14
3.265884613593119e-32
1.1198514196941141e-20
1.178012338432999e-09
8.02240093625806e-42
4.920572397367977e-41
1.0925009825184393e-13
3.251732428773592e-23
1.073718405254884e-20
2.630438440340851e-17
8.804077084076633e-20
1.1224801197358175e-10
1.3093138525114094e-14
1.4257250667755528e-18
4.360252856934299e-84
3.473297722066592e-28
4.4767511636595884e-43
7.623484038068503e-15
8.186223564511427e-16
1.0488964611693742e-22
1.1043075887152667e-24
1.3124668280800092e-15
5.88099836828063e-15
6.476712047281183e-18
8.442315857486295e-10
3.9274080769035e-38
1.4015765178494414e-27
5.7931989073433615e-21
8.491404686735181e-26
6.018338320092752e-15
1.3624330475616373e-14
2.720571397169964e-23
5.202873897271215e-12
7.734063547999949e-14
6.048625460131651e-13
1.8021344546903912e-60
2.4210350053811894e-06
1.5753673113718613e-14
1.6139488340832507e-16
6.988380500102246e-14
1.5168179640396746e-20
6.716335395392367e-17
7.931270995155837e-14
4.970939755424748e-11
1.021076702829829e-20
3.054849089894477e-17
9.833465023075409e-29
3.86946869959825e-14
1.9777202701946266e-14
1.0177845400854938e-18
5.413718188001182e-23
1.3457218156836654e-22
5.410079091106227e-18
1.9287049169380584e-21
9.419379077947293e-27
2.911035840236894e-10
7.77967562259943e-16
4.94768787653031e-28
1.6650229335959465e-85
5.472735456169257e-20
6.290587519383542e-21
1.6739676261095962e-21
9.916383768273785e-10
3.931568432083265e-14
3.153506080273764e-29
1.95649525286448e-09
4.7666571810423827e-11
3.3169242964480166e-17
3.2463317095927045e-07
1.291884654338792e-10
1.754414732649492e-14
1.0574809492262864e-19
1.6866255326635107e-13
9.956862665511638e-29
1.2993983723940986e-26
1.3277295109639654e-14
1.1343502643943512e-15
2.2954055720526606e-16
3.5345873598252686e-21
3.6375070618303277e-12
3.8407501536795223e-28
1.5158379957096066e-24
8.002724986811464e-74
3.1889075494166503e-06
4.6806774053861065e-61
9.968453009532865e-11
3.584441081852218e-13
5.408701591190895e-18
2.656574788562082e-35
7.076548062643296e-13
4.7009495023128444e-17
4.135870368005373e-24
1.7021200811264606e-15
3.947704489523814e-19
1.3166536265684248e-29
7.144612750787699e-25
2.3698053587746947e-30
5.538579702995371e-15
1.103325283112762e-71
5.773101924634541e-50
9.872490033002893e-77
4.142523424989353e-11
9.187927069058937e-18
1.4746229211651098e-24
5.861880449701634e-14
2.611511954578971e-22
6.332562511807232e-11
5.3158459779662006e-09
4.9593954720365916e-17
4.27256962781361e-24
2.1534281580041147e-13
1.5599580534819047e-10
2.313542309026429e-20
9.05595809624771e-18
2.3572285646968406e-08
3.247178693316597e-53
4.306216716196349e-18
2.9702343221695108e-12
1.2190315833467539e-14
9.701338470635224e-14
6.754426056948461e-07
4.098604400916936e-15
2.2239478966887425e-14
8.114694813269551e-12
6.619984070074999e-13
7.746417183704622e-34
1.706675114969629e-25
6.552905915895999e-19
3.5844404043293324e-13
1.4516662933572252e-18
3.144071462753278e-10
5.4943437102369845e-18
4.391148760104479e-13
4.062184851701148e-16
1.0668049062263248e-22
2.5802243018242073e-25
2.2502187772537695e-09
6.768361780646741e-13
3.2777357481556223e-17
5.184669203707374e-24
1.9779969122535847e-12
8.252541567990819e-25
6.561680004350086e-11
0.00010349900970005666
6.528366483113573e-08
6.584767533636549e-22
5.590255910440215e-12
5.144295261274393e-10
2.21707182691032e-18
9.192665252746478e-13
1.0563959913955567e-24
4.267885320153934e-23
2.5377581905140024e-15
6.023437712874114e-27
7.321470477439363e-21
6.917644339074407e-07
1.6292441852474393e-16
3.7337902090266335e-31
9.25904662004358e-19
7.951398830261204e-24
1.1093457331843054e-14
1.0292729860467246e-10
9.531081061456766e-21
4.787970802935674e-22
9.128807269507236e-09
1.0320166737783499e-17
5.338322802508122e-21
1.2765741708101244e-19
7.484862038481656e-20
2.340458124777459e-22
3.954491791551231e-21
1.2399189849703963e-18
5.433130126259606e-10
6.258371759950903e-14
8.88333210707804e-20
1.387044923051088e-08
1.517517332853665e-13
5.162613026799629e-12
9.609834649774598e-63
2.8804540284333343e-13
4.8723422039142283e-20
5.923689786903141e-22
5.70170118048186e-10
4.444711262181297e-23
4.895270540543668e-18
1.8925863322275957e-09
1.8476584510996394e-10
6.080782220225649e-16
9.367079475058195e-11
4.012681602854639e-17
2.072360506362358e-14
4.653380451755964e-28
8.93345145251374e-22
9.303836464758293e-38
4.805613422425524e-14
1.1042303911508071e-14
1.0774445540511355e-26
2.433552203767269e-13
3.966903707159728e-15
1.988005336148696e-31
1.3416003422672264e-16
3.940406945506431e-22
1.9866021718923442e-11
3.5437073926507686e-21
1.3362569954721096e-11
2.1938617899910404e-10
9.364762156709503e-19
1.8836353441943445e-11
7.440298338036434e-16
1.679607690964446e-13
3.528411535230306e-21
1.9678283204277674e-24
2.639149295594206e-18
2.253898216458037e-27
2.192650922481379e-29
1.5284566608438594e-11
7.232661278842071e-37
2.0153066669450766e-07
3.345614555483774e-17
3.869199542118229e-26
6.220556717398424e-22
4.4471417037675015e-15
4.399630375136374e-10
1.3204886209971149e-09
2.980630549316148e-24
4.764135706004591e-12
1.1371781020347785e-10
1.0603784896158338e-22
3.1215900043856925e-18
5.919316950458617e-13
2.937581834300439e-15
4.4305493573356576e-08
1.3054802160096748e-58
6.246365583117913e-42
1.4704038331582392e-17
1.0647981334451068e-22
6.089132587040076e-32
9.231440129447672e-29
3.996166252749194e-18
4.0563418923058724e-06
3.3425700066714934e-11
1.9375375167403108e-24
1.9657802179127865e-25
1.728749180631297e-24
1.1401513210392955e-07
3.867440453262272e-20
1.993907621246263e-12
9.509617272823231e-11
1.0364518201580308e-17
1.1613006442115572e-79
1.1948196015176109e-21
2.994264951715269e-16
5.138288292887183e-14
4.484010140629771e-09
1.1983160739399077e-16
4.80958964633737e-10
6.324651537356809e-09
7.502576254088766e-22
3.9071097138032917e-56
1.5477147772687463e-17
3.0085043957284147e-19
9.885776118879209e-16
2.8234516607411365e-19
3.5297697065251387e-20
1.0298616649831876e-15
2.29447776419583e-18
3.0656680361439433e-15
2.098201993082917e-29
2.898351345669387e-25
3.669431741468583e-09
6.530707532911317e-10
1.0333970331971242e-18
1.0367647228316183e-08
7.702566669237715e-38
1.4003667094157975e-78
3.968035529091147e-12
3.0783814151581704e-19
2.783252720454707e-16
2.8763341203092663e-29
1.407064481806577e-26
2.843924099155079e-31
5.797944360956559e-10
4.68711355382935e-37
3.050698013985473e-14
3.6347896594230955e-11
1.40146414263441e-45
5.079649197835701e-09
6.8693226693198065e-18
0.004671065809676439
8.100244674699383e-15
2.0637970478694158e-11
1.08325151227835e-22
3.66663452641838e-15
3.3385329748092653e-20
2.382569456094881e-21
2.1576703457621823e-14
2.0464182454813162e-11
2.5718854552459472e-15
6.98305003024412e-14
5.542305974603851e-73
3.98482359265476e-15
3.1294876608121087e-24
1.6099980909805446e-14
1.7477458292223137e-10
2.857060836871362e-17
8.649930913541749e-37
4.548477114314713e-23
6.840260746114962e-13
1.9993192361548143e-32
1.0273521122553521e-12
5.207232132663915e-28
6.753347521374823e-15
9.68063238905302e-10
7.650352960736775e-13
2.2923627811873706e-14
2.5217269131226485e-45
6.433075399228838e-27
6.752880286696907e-65
3.051308395169608e-19
7.981880548468684e-20
1.3449493436857695e-09
2.8142919769194565e-16
7.780748151059263e-21
1.9930308661528064e-25
3.738641833761791e-22
2.795246389158808e-12
6.219352990657622e-10
1.3473195126479596e-26
3.823127878600925e-27
1.8882693360366569e-07
1.318417662394556e-14
2.2372963553126474e-73
3.5976153838677583e-69
1.664499724817795e-11
6.068497150821086e-13
8.017866772395484e-06
6.774435003914251e-24
2.527154114249508e-17
3.3750068027621443e-10
1.3379367391518168e-17
1.2252023408113521e-35
1.3632622208088454e-16
1.3423193735212775e-12
6.091324745898323e-22
9.083076604471109e-26
2.6358819007603397e-20
1.4339861780518514e-10
3.2049773962000686e-13
1.7192686683742877e-11
3.628162700892497e-23
2.113470686961923e-12
1.095423895107884e-42
4.694049246664265e-21
6.604167999296145e-18
7.854253093131658e-32
3.958085816243938e-09
6.105286284645987e-15
3.794876704679055e-23
6.098935626264579e-07
0.0006704672472595895
1.6815070339577146e-09
4.273037723749556e-95
2.631905173644688e-16
5.048074134043317e-15
1.4134376614600754e-19
1.132778474344938e-16
2.000463099441034e-16
1.3103726699461874e-17
7.460589822672656e-13
3.082307520686689e-33
3.648707827314908e-20
7.537015210905736e-20
9.24861933973466e-20
8.868774896529145e-19
7.834301758420568e-12
1.6823072675731736e-15
9.583957918271309e-35
9.264910242591171e-17
6.665669791835257e-16
8.005603885739125e-48
1.278109076364563e-53
1.3434770936115072e-23
5.076551862025333e-13
5.193030051994394e-16
2.4960168407202835e-30
2.1090697620557244e-24
8.014944032736418e-19
1.1084468708644607e-10
6.579429846948772e-12
8.301010188434876e-12
4.437469458647597e-17
1.298088614627351e-27
9.40510426103428e-07
3.017228253141997e-74
1.8593986503008787e-15
7.301419628179006e-17
7.418336775114819e-10
5.296720258109526e-23
1.0607058263106407e-57
8.285812783099675e-07
1.001295368055144e-14
5.0373200306166825e-21
2.9582136396458494e-19
1.2272577362205223e-21
4.470449459622774e-12
1.2502394841306668e-13
2.4560796898881493e-15
3.298811793697742e-21
1.7528889011512524e-20
3.529344683618278e-17
1.6935858143349596e-21
1.7054594078980066e-13
3.4060614121833437e-16
5.209693844807387e-19
2.543796816455149e-09
8.458075401746928e-15
4.959977316791742e-30
3.6349542805679896e-33
2.9378942822602264e-14
6.522915949669838e-19
1.5255181677511895e-07
6.356812346793485e-08
4.504037862732417e-10
9.25483045244167e-11
3.2502821955908214e-12
8.418290930149537e-10
1.2908535837474664e-08
1.2356660260684517e-15
6.378883338146072e-67
9.179056096726511e-15
2.015171049822722e-23
8.166251330947333e-15
1.1264213425811219e-09
6.247232224609436e-14
1.8414462342129225e-33
7.667384299574822e-18
8.335654423952347e-15
2.558837650097527e-21
2.1196731055875637e-10
3.422758659263089e-14
5.202993476724954e-18
4.6091341389261725e-07
3.682740789511443e-13
4.9375501336935027e-17
2.2171815020402415e-20
1.7550337646980656e-33
1.9421501532609998e-20
1.3819207656421697e-17
1.4311439877883405e-14
2.94138837045703e-59
2.981637594060406e-19
1.479232188257135e-23
1.0159782335358651e-20
6.119745623892221e-09
1.9227374380954873e-20
1.5742127216017005e-25
9.736790230976084e-58
8.35593881280138e-20
1.605935656387984e-19
5.931563232048262e-95
3.338500371097894e-25
0.00042562654581494025
1.0231038224641518e-17
4.0815264735834873e-13
3.9520290969147697e-35
4.1635530704824984e-17
3.094965429375918e-21
1.9847883667864646e-08
3.390885534069855e-14
1.1118720371055724e-15
3.2496891270495537e-09
3.37634214367298e-20
3.2254394231651414e-20
2.150329771529493e-17
4.2568223101617975e-28
3.63853041877267e-11
9.069168937901987e-14
3.657949135830879e-31
2.762392094121396e-13
9.58577801452607e-12
6.691732889054103e-25
1.0486829046847241e-17
8.751391293201553e-14
3.0237049084671932e-18
2.0365973543875054e-26
3.074912813818531e-17
5.484907890592426e-20
3.245942265294379e-17
1.0138188347155207e-16
2.028378567210709e-17
1.230669021080664e-19
1.3147255997075408e-56
1.0592992733559064e-20
1.5083814119371354e-25
4.041039717633587e-17
3.6753037778884015e-25
2.635099584378838e-17
6.591955397737203e-14
4.421244711413707e-14
3.3950368354720306e-62
6.787078931943387e-17
9.837601329037956e-16
6.658809615223294e-27
4.8158109949684424e-32
2.0618225406502285e-20
6.568809584948252e-15
2.657378569455001e-10
4.329560472708295e-12
2.004294207206517e-14
3.4508105955373587e-13
1.7995560336301661e-16
3.5455323947064534e-14
7.044260287569082e-19
6.039305381606797e-17
1.3676706644872066e-27
4.60698868369883e-14
6.304536106196414e-28
1.2860108174866937e-13
1.3642533486843183e-28
1.792122941818553e-09
2.340731114570657e-17
9.05973659080203e-24
1.3195020319580323e-18
5.045186155500556e-13
1.9577569603524205e-09
1.4965612363526546e-20
6.477762114165081e-07
8.894948901879696e-19
1.284305794571513e-13
1.9676276562220372e-34
2.624324546055602e-26
8.111899809436716e-72
5.604456174136552e-30
7.468487697158913e-08
3.214475967438266e-17
7.812129559921843e-19
4.99187696964398e-15
1.3194306963634712e-11
5.386463185192316e-09
4.2621162812869596e-27
3.3273742606743873e-07
3.9748723533486674e-29
1.4208027416779814e-13
1.0807381975798166e-11
2.164473113756297e-11
1.1951484959304209e-11
8.522409851768168e-17
7.579009447107152e-18
6.277237923370529e-13
1.4900902781327178e-18
2.6273355221213678e-14
8.960576131006614e-25
3.281485273780306e-19
1.231666863220032e-11
1.005461737274979e-14
2.1190881354326893e-18
6.025110019545898e-20
3.267419988194636e-13
6.176323266794739e-29
5.904836599420734e-09
3.931568432083265e-14
4.690313920150429e-72
2.4604171259988513e-17
2.535661990383436e-12
2.515299484265172e-11
1.1720955678640118e-15
7.119451347243712e-13
3.444346278589815e-19
6.316691303319788e-14
1.1235499994946671e-39
4.749925047594111e-18
1.624049290649105e-14
7.690815728022117e-15
3.4102014220700916e-09
4.211101856633011e-18
9.107890732468742e-72
2.910098741133826e-11
1.5260984036453604e-19
3.734905881117342e-20
9.959397470971508e-15
3.6883372930011006e-21
1.0245740351976077e-09
2.004721668680907e-17
1.2216983281741295e-16
4.975683207650741e-14
1.4014820113701638e-64
1.344558288321166e-16
4.9479975788220513e-14
3.59422567343927e-11
2.5533396316306825e-14
2.394617083040986e-18
8.769944719044182e-12
1.071545947293603e-15
1.6309376975920355e-21
3.184689478658047e-13
7.88449015527909e-20
5.907216506656954e-14
4.1243607136504086e-07
1.2200970952238066e-12
4.1583638165565094e-15
2.0686321576949116e-30
2.736529478057919e-17
2.536680367000866e-19
4.8620445426792813e-17
1.0972178169450695e-20
1.112688239498638e-22
4.859301479262765e-13
8.477758920459982e-26
2.2102623279482926e-48
1.240194328048256e-16
1.636497377681147e-08
2.3119916825514326e-10
6.433018632474445e-10
1.2419505460125858e-13
1.6133441081533142e-15
3.101516409191507e-26
2.3826902762149732e-21
1.3448082087866956e-25
8.570577645188744e-07
1.2542025357248138e-09
2.1766484063323165e-28
1.2537619285996888e-19
4.4421266442735123e-10
8.777643942548258e-50
1.1905557948549373e-15
2.6402339355722324e-11
1.9054836920301878e-10
8.495063727024859e-13
4.622728499087599e-19
1.4414868360457772e-28
2.438401295304396e-16
1.435113693238462e-12
1.4460461772644386e-25
9.038491853347658e-44
3.221768685064386e-19
6.8244927863055174e-09
1.883671930307043e-22
2.1062717667032424e-14
1.1316973203334455e-38
0.00021309766382431313
2.9649566184116476e-23
4.9347092307566195e-23
3.898095975152866e-20
1.239704070080504e-19
1.1546608239882549e-15
4.972308739457498e-34
3.0178279819547094e-26
5.108178173759068e-11
1.5403745404699593e-80
3.8278442260443724e-11
2.039877093887955e-12
3.380821677480033e-24
2.7842049755013453e-17
1.4788257452678079e-18
3.33318032038264e-17
6.786264340586266e-11
6.330987254471531e-17
8.608647399241922e-15
3.133148248846823e-15
2.3985026196946923e-25
2.937252390227852e-17
1.1986130931815963e-17
3.703135267183905e-31
7.292537222752649e-15
3.0323764814179746e-16
2.346333844032521e-73
1.3051954451134674e-11
3.402256429712049e-21
3.1490918079667296e-11
2.6112167342274387e-18
8.409790508206653e-15
2.363563856900655e-23
4.737788083094775e-19
1.6300147634168501e-19
1.460270027793e-14
3.4570478247164996e-71
2.743238056132053e-13
2.522379843907379e-59
1.1118058581464076e-16
2.454279350857706e-26
7.647062208824462e-18
7.648318615314694e-23
3.2326813551822983e-68
4.839548194692482e-13
1.8057742859496083e-11
1.6360111975034207e-14
9.211811400626297e-56
1.0056954617648599e-10
9.964867909549876e-26
4.854882911077588e-16
7.03275036979169e-20
6.257658951367737e-71
3.0387298821337834e-53
1.6182264369791035e-05
1.7493968801868238e-23
5.530052135204901e-19
5.203197779204846e-24
1.6850653099236505e-28
4.837117681624252e-13
2.2732777269981174e-30
1.3633253460481214e-16
6.2949028233935675e-93
6.659106044637348e-25
1.1085838660087325e-15
2.3255618350438253e-22
8.844640049222578e-13
6.341813937469244e-09
5.110422750093939e-13
3.846263827147513e-18
7.824689857529646e-11
1.2755909230197853e-10
1.8356456549635227e-17
9.565443371146972e-20
7.128642701130248e-16
3.0144600059868767e-16
6.170238062997254e-08
2.2762312776376167e-18
2.981113837308882e-12
6.431390706464284e-14
1.9610390347455122e-11
2.3099207581727008e-20
2.592780671580786e-30
2.0554458355200275e-17
3.4102339310995686e-20
2.795931233097569e-18
3.151296371242944e-18
6.892016333744829e-78
2.163496609431039e-16
2.0987494229049484e-12
1.3908671593957815e-08
4.603739892763603e-21
2.376064387251427e-18
1.5566055400305562e-20
2.5538886903493116e-14
4.5464968625450324e-63
3.234177856971438e-22
1.0563910889648538e-34
1.9444538867267908e-13
1.93588892407532e-12
6.349024937242647e-22
2.637059630667017e-14
1.5788296328034418e-11
7.012341488770075e-14
2.16615530413365e-19
1.2627635091616592e-24
3.181914275503173e-12
4.792619354432756e-14
1.2175719731646581e-26
1.0421406140570347e-20
5.008354558238447e-15
8.422964411895347e-13
2.1572069101994942e-15
3.1084581526938244e-18
2.43416477037419e-12
2.5530722197701637e-17
2.2907547079628376e-68
6.660047753897401e-20
1.888689533797573e-23
3.467067908682047e-30
7.878057930476835e-20
2.6236855397647967e-08
2.924563695116531e-12
1.9191361624494153e-23
5.77857424489515e-10
6.281439979419025e-15
1.0633910809076815e-12
3.385638662727244e-22
0.00037274915512634587
6.417710734623533e-16
1.220497878879894e-09
2.0388149469918165e-16
5.9323333765484365e-34
3.477024205546566e-14
2.4844276515323636e-29
1.4450122038065472e-13
5.695182217110828e-14
1.379691865561923e-77
1.7441064913085488e-11
2.4141585554069563e-11
1.0152813271193637e-13
7.865369437016669e-17
2.622951782279066e-25
2.9651867162629e-17
5.93706274580561e-20
3.478009979520047e-22
8.73872755077805e-67
1.3881362045569657e-12
1.730127619100693e-22
4.0088731274765067e-32
3.4691276969260005e-22
1.3963023961216819e-19
1.382663263564341e-14
6.320216467474066e-15
1.5300655288377923e-75
1.314063130575764e-11
9.610599265624802e-17
5.308440737228725e-14
1.918814605598527e-18
6.230987167615139e-14
2.3692355398664963e-10
2.676433077509938e-09
3.0465695745797457e-18
2.2772281986715507e-08
3.503843144272051e-15
1.362413742596194e-17
5.606720448307245e-16
3.76335112453583e-21
1.34214796841922e-11
1.5974166222935483e-19
8.024314498645287e-19
5.455477143178611e-23
4.83659262685759e-21
1.1806221287602328e-14
6.405615619400808e-29
2.3452684015320356e-05
2.0631301185918155e-68
1.9790665950217727e-23
1.1318761847880946e-60
4.91901238776028e-15
1.113747121905297e-21
8.27035770341342e-30
2.559498937210914e-15
1.4985928719873345e-15
3.85914302002911e-20
6.5506722474327496e-24
2.2197343536714936e-24
2.6265091529549e-23
1.091619932188497e-12
1.8936763355781124e-27
4.722312849340076e-19
1.054671385349772e-12
8.351606738779203e-25
6.35379723546569e-14
3.9666139699536867e-10
9.834149285250174e-18
4.137333525524646e-74
2.1776062697554457e-13
2.4292457338571623e-64
1.164961106599138e-18
2.4899788565548682e-20
5.264747206020073e-18
4.565509093020045e-30
1.7023748054285458e-37
1.028638396941848e-17
1.9800734927959077e-17
1.3044678291563346e-17
9.633634284225283e-05
2.2250134830508913e-18
7.252467026179455e-82
2.5946309682049436e-60
1.5805023314858647e-14
5.530651220674103e-18
2.3488817008737538e-14
4.499797920479748e-26
4.396095751245775e-19
1.89339770563934e-12
1.3423561898678051e-13
7.234258192825533e-17
8.610357686138276e-17
3.2136220709827733e-10
9.256106962706525e-17
9.68754525388951e-19
2.40860096060864e-18
4.882031339405096e-15
4.417472941171841e-13
3.423415555523642e-07
5.732997676478148e-12
3.02499791009161e-14
1.1940340634146155e-17
4.648230969443828e-09
5.723914728682159e-30
3.2260238611562824e-21
4.387783072916096e-19
1.4528561837093229e-11
8.113576457205924e-14
5.0457149674023345e-74
2.38279246375941e-09
2.0971480233076888e-15
3.588740172924689e-16
1.8534483390999033e-44
6.205563655090559e-16
5.037953031473842e-15
6.702453508492789e-09
1.2014587565407875e-10
1.5317149982137192e-20
4.872610330754517e-15
1.2400481725278342e-10
2.914717179791583e-25
5.979329463235954e-14
1.4432221005350348e-12
4.881658847667125e-14
1.1584511058109394e-13
5.110105728882576e-14
6.2186224266585835e-34
2.854310935941564e-19
8.566144151770143e-06
5.316099034988433e-16
2.47892519778615e-17
7.300224911200128e-21
1.0433418328979787e-94
2.07349770663896e-10
7.875614379726182e-10
1.946080752574584e-09
1.4695092742081865e-17
7.749469047091692e-29
1.0675599840209157e-24
2.944375847869471e-31
2.0295091264489615e-21
9.263834808229334e-18
4.828743055638746e-12
2.5225780055926667e-10
4.959642162844229e-08
3.411958758260193e-16
6.877586832839148e-78
3.132626256226052e-18
5.8837334067145004e-12
8.094337788794974e-27
2.9978231544468432e-09
1.792459672473076e-26
5.339593555019402e-07
1.0709130480152609e-18
3.2895046636104636e-14
2.138987660578012e-40
1.94763562960737e-17
1.3204561694753858e-14
5.784917657355242e-21
8.832158258434437e-20
1.3364247666828555e-15
9.887296549024621e-23
4.6725328781406396e-26
7.753836418673069e-17
1.7740499641002695e-31
2.1702430065302377e-21
5.930981467571407e-14
1.8633740177128798e-10
5.9368424515393855e-15
1.5186158834863415e-22
1.1891279368527378e-25
1.313285445810373e-15
2.252467197008914e-21
6.904214295609049e-51
1.419117156206578e-93
1.8392307454939937e-20
1.769418094235809e-64
1.2276671252904421e-23
3.033907266637649e-09
9.428361356648015e-21
6.513937176364609e-19
8.421928353688753e-30
9.189890906433867e-13
5.875143486005234e-22
9.185171946304515e-16
5.28320019121431e-14
2.707347688314807e-15
2.9116461138271004e-19
1.7390858671039814e-22
1.8517338029578516e-05
6.127404807594846e-28
4.317392189663494e-23
1.4736943803541377e-16
7.774784393492276e-23
1.1526132587318384e-13
3.777556390430117e-09
7.62901014216048e-14
3.291280582099596e-20
6.426082618848733e-23
2.106142731048553e-33
9.594586191153563e-27
2.7783307536916665e-16
3.4308643072825596e-11
5.910590275572576e-11
5.473755838337842e-15
1.5713650402226864e-12
3.092472076529936e-16
1.165951911695647e-16
2.2653941110035973e-16
1.141369359210052e-15
1.4367709535514104e-12
2.645967760100085e-32
7.341745409165877e-21
1.3674796180288405e-15
2.817021096309265e-19
9.850075229487072e-11
1.6822254097796445e-15
0.0016588661691552264
1.051623122675699e-14
4.051718466329219e-13
3.000470356490159e-15
4.594844220412697e-10
1.2941786074058433e-16
2.017771255659468e-15
2.399460376476805e-10
6.496880671427177e-19
5.220401901070884e-63
5.868405946442147e-19
5.564912608301678e-12
6.290137938037197e-24
2.074962040553501e-25
9.68417950793819e-17
2.4549754992234043e-11
1.6850487863222814e-58
5.673743132523224e-17
2.29957384359686e-71
2.3640915805668595e-22
2.350417859315689e-50
2.9956377805887844e-21
1.0810354197596904e-19
7.311957044912927e-08
7.206147543293994e-22
8.191492707853836e-32
1.5365219271901568e-15
3.790368146037801e-15
2.7734019045178824e-17
8.640725164238175e-10
8.754426753971696e-09
4.9459681955889447e-23
4.851844059577423e-11
4.990744380685888e-22
6.028046014519727e-10
4.3578424174892485e-18
1.0620338880267431e-21
1.6697645246857675e-18
4.972210487972638e-13
5.6947891126787697e-11
1.806090693574591e-20
1.023197194486154e-17
2.135843702134056e-11
2.3333585062278224e-25
2.047609578063285e-33
4.966034904325451e-06
5.946092332809793e-17
3.336962901704634e-30
1.579918592879485e-10
1.2421965801326352e-22
6.6998391595764945e-37
8.340335504679199e-16
2.532015244904444e-12
8.378855377204694e-09
6.20814217824132e-09
4.973619814478174e-21
9.891122777673571e-15
5.091619655146256e-15
1.022697815196637e-25
2.173981992893413e-18
9.093033999873131e-32
1.1754279999057382e-19
8.772020754921068e-05
3.586403759236832e-14
9.239217383177292e-26
8.324606217989582e-06
3.650850397475534e-06
2.515571900009121e-06
7.205442307811138e-13
8.299028680148101e-18
1.0847240575821217e-16
1.5447856544324e-22
1.5666724949562195e-33
1.076937390526656e-17
2.283835288375605e-23
3.644040891527114e-18
9.129183886548604e-16
1.9510491957596097e-20
2.0264393523731093e-22
7.305618697288806e-26
1.0567083284029982e-20
1.0046479955865929e-14
7.470255616964773e-22
9.636550451555132e-15
5.0998829236191295e-23
4.5506150526010956e-17
1.8877730074398314e-15
2.1337429083131862e-21
1.8002737119241768e-13
1.3845347707177256e-10
4.335315946898534e-22
7.461416177319397e-08
2.6584201384141237e-11
5.2351969777530574e-24
4.079113041993282e-12
1.0049554661320914e-26
5.914986824691011e-13
1.3336260368963795e-16
5.820243099160292e-19
3.3688418610685784e-22
6.314398032530653e-10
7.311664299437474e-15
3.5300662563702515e-14
8.713372783943627e-30
1.0014705296857343e-17
3.561506786069722e-19
3.9060632963681084e-05
1.8436599859918724e-33
2.8794229047100274e-15
4.308232447299773e-20
6.580948268618629e-18
7.267088945613247e-14
4.004984299375576e-23
1.8237956911439702e-19
5.22151262628117e-55
4.421425690388209e-12
5.376844537197692e-29
2.1591752879619206e-17
2.8982756990142516e-13
2.1995676802940376e-07
1.5856970579374414e-15
5.583459554673314e-17
1.5563938481422058e-16
4.2903616618943134e-17
7.100922083693897e-15
1.819351209294777e-27
3.6512020995148472e-28
1.5218654835440426e-20
1.515741078275866e-23
2.741903926405558e-19
1.004501137845626e-13
7.714586153611846e-24
8.814598789703037e-17
6.825903468001091e-84
1.310372902503229e-22
1.1513553037296746e-20
2.4811265927656828e-17
2.7283872521923934e-15
2.4726661578308712e-12
3.395832212716812e-20
2.5115340580876277e-15
1.453827635523583e-22
2.358426068145142e-25
2.9247867415797455e-12
8.602337184881547e-20
6.95250876012719e-20
4.122444350981876e-15
7.566183420298644e-15
6.292653912939048e-13
1.125828732233087e-16
9.411954028308893e-23
3.135189149497029e-36
5.212970547539608e-30
2.534115233545011e-22
4.5161224644969397e-10
8.340742658186433e-15
7.594275606481943e-18
4.325137386469808e-33
5.936730145940181e-15
8.641511484342777e-13
2.6184373702267557e-17
1.848388146873315e-16
1.4707185618079035e-10
1.474066194896554e-10
3.975452053183769e-29
9.487665971532572e-17
1.460367103139171e-31
1.1309212631393958e-18
2.8370312767258407e-08
3.2767524093281726e-11
2.9620587828242615e-10
1.3480481279103785e-17
4.036018497794365e-14
4.055681884317993e-11
7.916028233327191e-15
5.0009527067171644e-18
3.3281952015225635e-40
1.5494577025976288e-15
5.0243061652679765e-15
7.797815486238776e-19
3.057556486041176e-73
4.170113087261271e-74
1.1434135359118884e-15
2.854528056614842e-26
4.371240372588237e-44
2.515038674256703e-10
2.715221636311355e-12
1.7683074664236133e-22
2.023012592968022e-13
4.9944844664705715e-08
6.628928649453538e-22
1.468192940085765e-20
5.090186868843848e-32
6.587984434365567e-22
3.246654090728521e-13
2.482183172029806e-05
8.778263680521434e-13
1.174797249456349e-80
3.2402237607829873e-19
6.068610650894817e-21
3.069218579189924e-35
3.7087402925852564e-06
1.4346851585346602e-42
3.076744045626033e-14
2.2551488485077586e-38
7.508207238191955e-14
2.2093756710915516e-16
4.5691777552753084e-10
6.34555021066053e-19
4.83992427433954e-07
1.841461465656225e-19
4.57979817485819e-23
1.4822803961029523e-12
3.02060535859136e-11
2.313625499004948e-09
2.3545633608844397e-26
1.0345554241993549e-07
8.779804672443724e-14
3.323025134652307e-18
7.484586584918605e-34
3.852509961165365e-13
4.79194964801241e-13
4.5778611696791655e-12
2.8816325352567845e-10
9.881823055400712e-12
1.4888437586807765e-73
2.336816496105552e-19
3.132327966280054e-37
2.3612103633087313e-92
8.558850635601314e-17
7.797413645790846e-09
6.433406611547185e-15
1.9175028421665073e-20
6.72940019772804e-10
1.105010030150625e-08
1.9243568083074408e-10
1.3774065556462098e-05
0.0029143162162968694
1.4549297992690078e-32
3.398137958261606e-11
3.333787805495645e-17
7.270754350348147e-14
9.661624150659671e-17
8.888138708534401e-71
1.7659064813859203e-05
1.2292617192922893e-19
8.179212874987561e-20
3.1395358015402865e-48
1.2648640640964695e-16
5.169677521620778e-26
2.752099797530939e-08
1.085439006985544e-10
2.1693363007177326e-15
4.437936266729311e-15
2.397777251813221e-19
6.2791860566035105e-37
1.8828210504330974e-12
1.7062225961559822e-18
3.696541090526383e-12
3.9662937978328825e-13
8.914355252747716e-27
1.7505236694463803e-17
4.0900558352505905e-06
1.2910242872596732e-34
2.8047600595236982e-42
3.6742796619192846e-19
3.7545214243079265e-17
2.0912751475790393e-28
1.8065730125073528e-14
2.6400537215092592e-14
2.473697601239756e-24
2.757864112864518e-19
9.422245737143205e-10
9.915233293232023e-14
5.897845491347266e-25
1.5954959131426207e-12
6.729930744032831e-22
9.82220773212622e-14
1.6061862753103207e-12
7.872321899171108e-23
3.498637501772329e-29
2.414190992395311e-19
6.457977477499995e-15
8.257561747510462e-74
7.109131377785593e-20
7.93518571874699e-21
1.120822667678964e-66
7.092197411196514e-11
1.722270929844382e-12
3.079433906339135e-22
2.0445447911076512e-24
3.117083534125532e-16
2.4583049270286877e-12
1.7481627189103283e-12
4.387218718451661e-24
1.7991724257601513e-13
5.732568166644017e-16
3.951986881331541e-68
1.3859857596120156e-22
1.6783301937779903e-14
3.044651856973516e-14
4.7969954214500324e-70
1.3069166059563637e-19
2.1941935615020247e-09
1.109550366963562e-31
6.128966250934645e-32
1.523381410276563e-25
1.3217239041474194e-10
6.617710440721504e-22
1.4041470119439308e-18
1.2510069211696294e-40
2.0472134533521627e-16
6.813059721401793e-14
2.365862128149002e-18
1.434749202698846e-08
1.0791882379991178e-17
2.2930354289919823e-16
8.144250950151327e-19
1.0775483825503164e-42
1.523693624024324e-16
2.0121490957159582e-16
4.5707402077811406e-17
3.6584872625297554e-19
4.90752734148152e-16
2.4549316068791157e-21
1.3751563339234243e-54
1.0679363664866439e-15
1.3424279305097978e-52
4.416401848226038e-21
4.458225182569116e-08
2.4836841652072416e-20
3.620612600030143e-13
1.4345464885538549e-09
1.7777586489444174e-26
1.145114773833115e-24
1.992685511582841e-16
1.84409843158631e-17
1.9043646998751513e-18
7.606965701145009e-14
1.7530625114647384e-51
9.471707458082582e-16
4.8533087850158144e-17
1.2690540649558333e-23
3.359554868108614e-15
5.473988247643404e-20
2.234701805241485e-14
1.6358060088738195e-25
2.2280645576956854e-16
1.3057800407770262e-21
6.218512746780062e-08
2.1241615169419405e-27
5.215189001556084e-21
1.2378513146545959e-20
6.4870435941265475e-21
3.985093968868079e-09
1.4278189738947533e-35
2.991184702357771e-12
4.1712516339977565e-09
2.540735678714542e-06
3.51019284131631e-23
2.6643319568441854e-21
2.8265156728331733e-71
3.8344552435297413e-16
9.342058634198597e-19
1.2643577659112348e-14
1.1487516001008001e-30
4.1740562484400727e-13
1.4428882921169404e-06
1.186915463291489e-15
4.812952324030053e-28
9.353228120394638e-27
1.5835423514949725e-33
3.49936533705967e-08
3.4618764686925828e-25
2.3214107224666392e-17
8.013390541596176e-13
1.546078463444173e-28
5.004409154332456e-13
1.9755766425929467e-17
1.5571056328364724e-21
3.3243819512800974e-40
3.081144087466587e-09
7.583649098992014e-14
8.218122711464918e-17
3.787261321049572e-14
8.707903081732394e-16
3.048624373212677e-09
1.0468115390131003e-11
3.1458546669030525e-14
5.665223241954287e-13
6.0393150647705624e-24
1.714039672624822e-09
2.758950505473388e-22
9.121711924595696e-13
6.170396947121293e-18
1.4322366333708207e-26
7.19291169555688e-19
4.79166366930195e-20
9.402649573316366e-20
1.915375846051444e-16
1.1549341097538048e-21
1.0348438018985903e-17
9.077790563767442e-16
4.458374826330766e-12
2.1943908784693637e-23
5.606133032267008e-07
4.125767929842896e-09
2.168910845567019e-20
2.9141743813387873e-19
8.123163583099607e-17
1.3461203666632345e-10
5.362321520391951e-09
3.6894950849935733e-17
8.870385160040426e-13
1.1729974372179297e-17
3.8920657962661696e-27
1.4796083877544377e-22
3.530762551432911e-21
5.091434883041703e-15
7.255587503451885e-15
1.8108235018896024e-06
2.3369575794048156e-26
2.6283932850814684e-10
4.340888343406417e-28
1.3328222118059074e-17
1.9665891002866374e-06
1.340465183720705e-12
5.88768466584051e-28
4.392785628152287e-27
9.050945323504452e-33
2.459804683273017e-11
3.2070778066850042e-43
1.583050786060884e-17
1.1108092266369715e-14
3.802719371125684e-09
9.913355772616027e-12
4.8549371693661e-18
4.254360189225972e-18
1.4551823828511544e-16
2.1444065903981886e-23
3.430612239626982e-08
1.5686113088169506e-11
1.0318233580778381e-14
2.2417704965137743e-30
2.987367139177755e-16
4.459574845785934e-11
7.801652964446271e-69
3.07281310031209e-15
1.898930749097946e-24
3.068025142552212e-13
3.698922181999948e-24
1.2681934859461727e-55
3.4459333853095357e-22
9.799660918503587e-12
4.4134297216933945e-15
2.522731535291975e-18
3.7363263409623794e-29
2.1429372624001568e-16
1.9711326970996078e-12
2.752352546532307e-09
1.1254334968739075e-23
1.102616212246922e-22
5.443462092776193e-06
4.001126865191535e-15
1.4295579427338382e-17
2.3456497634149694e-22
8.51796616330524e-15
6.639770996214814e-16
6.416354966863588e-48
1.0512356167174934e-21
4.541854304738674e-16
8.500161626594168e-19
1.2458152177985137e-19
2.5198096935598604e-22
6.797002632956803e-21
1.6592025766508902e-17
1.709739082835202e-22
6.543192858789789e-57
4.6414311919711996e-24
9.86564423661974e-15
1.2470023688773194e-66
1.8266920175245593e-13
5.057845141198001e-19
7.576840616853059e-14
4.4637044787223756e-21
4.841444789808473e-14
1.322972109741288e-15
4.4531154320988305e-13
5.43784313674917e-12
1.1993407647126376e-16
4.6322038801177e-48
4.075080494279043e-20
1.5279949157951587e-72
2.0258202950919856e-16
1.4526315709592959e-13
3.294880872702186e-26
1.359785878520221e-11
6.432913106560687e-25
3.8654130672763005e-27
9.991320600458296e-14
3.4815028973657873e-12
4.4647954534731164e-12
9.835961552212248e-19
9.558283706456385e-17
1.206825534831051e-11
5.711385961126755e-25
5.741770219902435e-23
2.613092379154829e-22
4.898008456499911e-54
2.5404686772948533e-21
2.7629244658359905e-19
5.710389953953543e-13
4.227959153377364e-15
2.3362164811289895e-15
8.805522261008696e-20
1.5681263231532829e-22
7.601887837238374e-23
3.087029802106314e-19
8.711638795298145e-87
6.407405849207775e-16
3.0986905047432522e-18
2.8708244637166772e-24
1.500073195680101e-16
1.325252502543744e-13
1.8475543536930348e-15
7.126772639266231e-20
1.0609735223440318e-20
5.161503486003515e-17
3.151140631230575e-20
1.409475232489537e-65
3.436648438226827e-28
1.2151691038895616e-19
8.794112315574565e-14
4.947086907435184e-13
5.071409516214255e-11
8.306817650633323e-12
5.027605400833751e-22
1.2874819276374767e-09
3.757429509720322e-33
5.783459665239456e-73
1.276086582073751e-13
1.3181279240880702e-14
2.3789235808890817e-20
1.7674706154949274e-16
1.5123105635105496e-16
2.3115414520063654e-13
2.9659697904018564e-19
8.603933842589035e-15
1.563207459627695e-29
4.143619832585776e-69
6.766064994696758e-71
4.7547143901688557e-14
1.1425122458332967e-15
1.2092994819745268e-12
5.432522677394476e-09
1.021833613968098e-30
8.739389930066245e-14
7.746773773239757e-20
1.421957371124454e-14
1.5911163234971613e-12
3.504720761686348e-22
1.1369308955092427e-12
3.0690146909815954e-10
2.6267879611863572e-08
6.943951428246909e-19
4.2984250762372696e-16
1.4738220043504482e-16
5.03136771118608e-09
2.8058748026879778e-21
4.768695485418584e-18
4.588613099762679e-22
3.103224695691854e-29
6.904510717868529e-13
3.688484327926492e-24
6.244253384132822e-28
1.9864957712136018e-11
0.00044025594159358486
4.152514695057134e-18
1.0050704199818175e-09
1.1727427900677192e-21
3.8265756958160464e-18
3.8541054590383567e-13
3.2395741187157827e-25
8.319918452698519e-26
4.653338185123761e-25
8.424608330114358e-13
3.515093642454855e-11
8.691771870309199e-16
6.658650761430073e-69
2.2342585830503988e-17
2.112464565569288e-15
3.8116331878939717e-32
6.045523800007482e-15
4.43507655808155e-32
1.0799883677116588e-44
5.0036663099877553e-20
3.618851222717871e-24
3.2986395652385893e-22
9.407665142028903e-21
4.834166263407267e-25
1.373637920037731e-31
3.551188510296541e-21
1.1056655706646534e-11
9.891508474624993e-12
2.9128090481634155e-14
4.433580907557169e-13
1.4270163488995883e-20
1.0126989924231989e-14
1.1065599260762027e-23
1.1495963728091866e-14
7.9928282614449915e-16
4.850420951420639e-26
8.84203253713714e-10
1.9150023440915988e-05
2.5177667514321454e-10
1.248327486203961e-13
8.66942073398579e-31
4.513994453985348e-14
1.559676170713281e-22
2.8833971720337946e-19
4.175244838679633e-17
4.929548175923277e-14
8.706908954190543e-18
5.571743857720597e-13
5.763377807900682e-17
5.106936536231249e-21
6.66610653023528e-29
0.00014597521821605732
3.693754610184756e-07
6.692689704111429e-09
6.625110725446733e-19
1.407417701697154e-15
2.0974917420961876e-11
2.1554834745213845e-35
1.0196876954923665e-16
3.51841296617452e-14
3.823369024863818e-14
3.658909566804072e-22
3.3378141194293076e-14
7.287792635713811e-35
1.7426856711833344e-13
6.389348134355945e-69
7.22518378429735e-23
1.8751573074781355e-17
4.8328793773067955e-20
2.2597655334220178e-12
2.0644977345737406e-09
5.082643724533642e-19
4.773027366037943e-14
6.0171651418425124e-15
1.095723447884164e-17
1.5940111734895983e-14
1.288253735061456e-19
1.455580237675976e-36
1.309763717686422e-37
1.1876624193026398e-08
2.4705021519428652e-20
7.292247199039878e-22
5.068060669740833e-15
1.1465213601495667e-12
1.3488745887763393e-73
9.292715780867288e-14
3.575408381840022e-15
4.285083451795625e-20
1.89414648663344e-17
3.501295809017058e-14
4.273119786923431e-24
7.445510786115762e-21
4.916608865794024e-08
1.369136517693455e-22
4.847240443279127e-33
9.502275410084648e-10
2.884368711610427e-10
1.396755617979557e-17
2.3305074882485496e-11
8.430868267940591e-09
3.1659901856566525e-11
1.1720421935298325e-18
4.587475052408135e-12
4.14290387239952e-33
4.008309690319332e-11
5.432629692419648e-16
4.0582139460833436e-17
1.309178491383612e-11
2.4878397245931105e-11
1.0479171275643768e-12
0.006645880591865161
1.8536468875160686e-11
1.2474556447794414e-16
2.5749502699093557e-09
2.305708481686047e-21
8.59841623904771e-22
1.4670964501000148e-14
3.411393715438255e-14
5.005423984911987e-13
3.5222412919884956e-23
4.047152989033262e-19
4.333695222478669e-20
2.8235301516163544e-12
6.721111836617384e-17
3.168917968762755e-19
4.726960717477385e-77
2.196336339005717e-05
6.813526089814617e-16
9.033432294707521e-13
7.039787682296684e-09
8.926061814247527e-20
2.443316286247612e-19
2.5384525013120652e-23
3.0174634492382893e-13
5.934714705533301e-16
4.712384042165271e-17
2.0010045938256166e-33
1.0330698369185268e-23
5.324352882126307e-17
3.587818604224004e-27
6.427377136739695e-19
1.2730264761077166e-20
3.458994359648982e-28
3.570048036714992e-24
3.361247105948259e-15
6.783280682121146e-11
3.638258147945854e-18
9.465959965784474e-26
1.0216268633352612e-30
8.813243312244967e-12
9.76813877226808e-30
4.8653437810079285e-24
1.0137416654703667e-18
1.703152350092723e-12
1.6703945246295577e-12
6.133594850230862e-21
1.0298025344724024e-11
6.7970012679557e-17
2.439846297750568e-15
1.0320678117469185e-71
1.4641828837986158e-17
2.8557187913661083e-21
8.304179935256806e-07
1.662875494299185e-21
1.3659494112882745e-14
9.494107298605426e-20
5.031231044406133e-23
1.7298529778938698e-11
1.7800373788669782e-28
2.6882246342153506e-10
3.158058681234619e-13
7.195067366751439e-30
3.9919256212804775e-09
9.860703806965677e-27
1.599272909830401e-13
2.132769365180469e-63
2.372203155751538e-25
3.2160627665073837e-26
2.5284763685140475e-09
3.579653701005298e-20
2.0616137796413668e-20
2.05360339141471e-60
1.734879527893852e-13
1.1581032021582472e-11
9.127707058868932e-25
1.061083519372501e-25
4.352501290285222e-22
8.846248611619783e-17
1.6074014916649623e-29
3.0321720166289633e-21
5.236184452105015e-35
2.12957529057248e-20
3.3496984055813174e-14
1.0314316328272891e-14
5.294563779776971e-15
2.3422474150855693e-11
9.118053224751797e-13
1.5261234707424371e-37
1.1074882040030322e-07
6.970699194076013e-16
1.2560905875365043e-24
1.4748533625618318e-10
2.6726267883191644e-16
2.8665193289213025e-76
1.299746502160652e-30
2.153960481422684e-19
2.2281201732320315e-14
7.251432334067382e-11
1.0605683637171618e-27
2.6529657725342546e-23
1.6376399285841776e-09
1.5653638761549175e-13
7.60714581294433e-19
2.9333624781008263e-21
1.0670554603555392e-06
1.927960456040047e-32
6.782949841782984e-21
6.35673365908686e-15
1.5717510682073493e-13
3.4798024776597297e-13
5.210246364660941e-10
3.745277569565654e-15
4.372946607112021e-22
1.5612094061146395e-11
3.1516904177407866e-17
5.631531147301618e-26
1.1685087987776723e-17
1.0168246889418766e-28
2.3427019241962993e-14
2.6145179409016805e-18
5.396160038397757e-68
1.8716974185057285e-29
4.79317062820547e-17
1.9105684277337692e-50
2.210251646344502e-20
5.8326430187689134e-15
8.601229185505345e-82
9.565755742597032e-10
1.0224230759028713e-66
7.388254108910686e-10
1.3609960227983404e-19
3.8271490518538296e-13
7.105770080774728e-21
2.0015849544164096e-38
1.1502322382644966e-20
9.798121131793314e-11
9.448889731999259e-23
1.302029822066122e-24
3.6973914521178374e-11
6.697422679737008e-15
1.8545747396362487e-21
1.1985451650050328e-09
1.417895335873915e-18
5.4385619360449935e-12
6.827414813652502e-15
2.931987789097038e-07
6.091522732517726e-56
9.821682310553995e-08
1.20691914992613e-17
2.100562453471678e-21
6.824164972531031e-09
5.5300111600831e-17
5.757125390794278e-12
1.4145005854883149e-22
1.1374473102736183e-13
6.181280862097837e-72
3.64207873349131e-24
1.9258921305079494e-18
1.1266652699950574e-16
6.7878200379966755e-53
7.144060399558411e-16
4.218667799902313e-18
1.7633062078738422e-24
5.298847760711421e-14
2.5258009486931367e-27
2.0351715461542883e-16
3.6848669643336747e-22
3.730459325692807e-19
1.6656055561587359e-10
9.029005957127143e-21
3.164952324705255e-23
1.6079946531014911e-15
2.4471308432219445e-40
1.0890343238490282e-27
2.0503350575885675e-18
9.844658362432131e-18
3.089593725838056e-07
1.489553672795025e-24
8.137870913993745e-17
1.75483406138382e-14
8.330403737323595e-22
4.029705305010458e-68
1.747938290573068e-17
2.676433077509938e-09
6.609733759056359e-05
9.086624770718041e-15
4.627524913411388e-22
3.7038195253265536e-10
3.5875955222393078e-37
4.23260480718426e-07
5.605276094168748e-24
2.6013519015101474e-29
9.018198521341454e-14
6.746597308855562e-18
3.2381277727632752e-18
1.3512810582020865e-11
1.1476005019592476e-09
3.014621792579334e-13
2.9287906397704667e-13
8.997277040514553e-07
4.445694001688669e-50
1.8403959271117407e-14
1.4908019552524476e-17
3.2529534391409935e-15
2.8533503331730105e-24
1.108878800259264e-27
2.8037635408658215e-17
2.6311805298301867e-14
1.5065896719483108e-10
2.257497643199383e-06
6.877222176290147e-21
4.5497393697318535e-12
3.0131551866669517e-25
1.8502288612145255e-34
2.586642142767952e-22
1.0433270372299081e-13
5.494586135825231e-27
1.510479465800689e-15
2.202643915504137e-83
6.422301038136188e-22
6.9626017311172e-40
8.502725340127709e-15
5.745254830201887e-23
1.0299854355615662e-25
1.2715333871872644e-11
2.567730352360603e-32
5.614705647006694e-16
1.772999773453291e-29
5.916483753399187e-17
1.86371616723159e-05
1.755358507273569e-18
1.7192590472479045e-16
1.4422394138397086e-18
4.217886790114912e-17
1.28474238229547e-07
1.5748884259893653e-18
1.0713174523322719e-16
3.424674231373407e-18
2.047669059352816e-11
4.111453489508477e-16
6.262702033525335e-19
9.244444154570373e-18
2.2369766552693876e-19
1.2108224522616472e-06
8.067652400283003e-13
1.0968827808982347e-17
4.224465146998628e-14
5.090457832929675e-19
2.07005276125038e-15
3.071427093156448e-25
9.244524998982204e-34
7.017086603537713e-64
5.776987400896702e-16
1.0281116539901745e-13
4.287390136176803e-15
1.6860158506344485e-08
1.1414903814984386e-23
1.966848178784233e-15
4.458737296695291e-05
4.243754915543883e-27
2.6544305577202107e-12
1.9712056159224924e-10
8.533104171408188e-12
1.4827093433858767e-10
2.974410579403443e-13
3.7919479085651586e-16
1.9850867811700986e-56
1.0960746692914155e-18
7.0166174172033386e-06
2.1065868457643054e-11
3.0930976699397974e-19
2.8764003706168856e-15
1.6871854662583853e-16
9.95536366050589e-32
2.1944558359475766e-24
6.616825165155364e-33
1.3993356240789648e-17
1.1456609752410438e-16
7.942418069568692e-68
2.5047562789723823e-14
6.470804213772475e-12
2.4502609238717496e-18
1.8065375379027764e-26
3.869775901710574e-14
5.31275211186739e-29
5.564839425310384e-34
5.645424616992712e-22
3.1200980989914603e-25
1.7657490810547413e-31
1.690299410337184e-29
1.447476187610864e-15
2.337581137104008e-42
1.6966191936031675e-21
5.626460361417281e-09
6.44577203890206e-20
5.580023827426031e-31
2.111715604912587e-09
5.50550520730708e-18
3.6905590206644387e-19
5.085186434845466e-32
1.9495980585633156e-22
1.743845449240789e-18
3.0387034815799696e-13
3.7701183208585933e-25
1.9001424355180965e-16
2.773637273326349e-19
8.013847082625459e-13
1.1598197258337552e-07
6.4263681136663945e-27
1.843558037222874e-13
2.7770561763095444e-31
3.2303366832283876e-10
1.033549865544848e-25
1.1270068611508712e-16
4.066527032529639e-08
1.0051850005367444e-20
1.1590764290352422e-11
8.362063533562162e-25
1.3901394973971728e-15
1.0496443426424953e-13
6.92717925797411e-22
6.255040717776367e-33
5.669780175945637e-17
1.6062878145426457e-14
6.470219652344643e-24
1.3964658536606249e-24
7.055169468479922e-18
1.058093431880394e-15
9.940730482167657e-12
1.8720013521796477e-17
1.683444395492791e-69
3.556194924257131e-15
1.6742258338015638e-17
1.2131474171941998e-14
4.934448713057615e-17
1.763924418875406e-08
6.963830738691369e-15
2.4922078434535402e-26
2.653693079296994e-20
1.019456639130717e-12
1.0147724597534437e-27
9.15269782932258e-15
6.229591912810615e-12
7.234684593608275e-13
7.325951766585056e-18
8.948607454918843e-21
1.0128884284492426e-25
1.7676881029180598e-12
2.7670901682892973e-18
3.830627848648527e-24
5.655938238494252e-14
1.6612325906852059e-15
4.3758685560172834e-23
8.524965464156445e-18
2.6938514814973627e-80
4.2823032473847164e-26
4.834995012338798e-13
1.2454511062539587e-13
7.694989740051745e-26
2.935184763293395e-14
7.248295659490195e-14
1.2170071408039141e-06
1.627928060694357e-10
7.647220654640344e-08
2.4968881646694432e-23
6.420282952818916e-24
5.4113711989430437e-20
7.64613464551271e-11
1.8591527911242142e-22
8.015803601282317e-22
4.901026156141373e-16
7.247381729534933e-16
1.164248342960314e-13
6.649620077893178e-22
9.628115967098842e-12
6.7891749263826094e-15
5.824864092843196e-07
6.422865842511577e-20
6.107487426751886e-13
8.498609696319552e-22
7.412573399613248e-27
2.6061734235929324e-06
2.10265215722284e-17
2.9833685272860607e-13
2.943879648183677e-21
4.122726650613852e-21
9.190927210529177e-25
4.881927600596349e-13
5.009554806930882e-15
6.643112757910138e-13
1.287534599595929e-22
3.362968750950166e-17
4.525114450522672e-18
4.1929126299250987e-14
1.0924411814102731e-28
9.78017173982948e-19
8.492259810925362e-14
3.5320153369118774e-11
7.325141122944087e-16
5.017181342048696e-14
1.482652313315183e-20
3.9587380783011095e-22
1.4488617533717221e-19
8.756682789429353e-12
1.3423136743261301e-17
6.905470005260064e-17
3.527341124109938e-24
1.80387943389911e-27
8.25950872103623e-14
1.5414704095696527e-50
6.096872478185426e-21
4.230379577837198e-24
1.2405490857448872e-76
2.8093199746928172e-11
1.1874365662040403e-09
4.335309206231915e-18
2.284069541205738e-12
6.895975254527873e-26
6.519945405105594e-13
1.0595534532996549e-17
5.73188909710693e-21
2.28520071585523e-21
1.0077073431763028e-16
3.9080947733221236e-06
3.5711011363072514e-10
4.4122747698363806e-16
9.816158032087853e-13
1.6578239141346725e-60
1.669756391225761e-19
3.0696450286236786e-12
1.781683708392145e-26
1.238076323454861e-33
2.7072658974748073e-09
8.253286911582222e-23
1.2646519523324298e-24
7.237093224522035e-17
6.497664167350219e-15
8.797040444654506e-21
8.556386808889487e-16
0.004510195314074095
3.469124491563814e-23
3.524772010555853e-12
3.8987241825157614e-13
2.930312605447857e-26
9.90398005672487e-30
2.101264262953764e-22
1.807495138254816e-39
5.96208286324758e-14
1.1850783242142438e-18
1.5604745307117093e-13
2.989507361761003e-18
1.6075780893999083e-13
2.798303513905716e-13
1.0957364725382773e-12
1.561182668414033e-29
6.12511578521748e-17
4.450682924286997e-34
1.1897734146652527e-21
1.1179596555265018e-31
2.37425251958886e-18
5.0908456882798505e-17
3.174539901888241e-23
9.377463770012745e-27
1.899239328322254e-30
5.344619079595736e-10
2.818231115625543e-10
2.4356494665350734e-15
1.0770097931245529e-12
1.911446513917302e-17
3.802473921621034e-17
2.536880736278188e-10
2.2148595350925174e-22
2.802043340416798e-17
4.6494999997771874e-12
1.4521541841224832e-11
5.755966572934882e-27
1.400337226202281e-20
1.5892530847097386e-11
1.2796671989900259e-21
3.9992049985258644e-10
1.8050698482056415e-20
1.8346868969044856e-20
7.328112647859734e-13
1.8528875401261928e-19
1.8466052680783123e-15
1.1048135063237483e-17
6.316408496160373e-15
3.018526118215827e-14
2.23209594645852e-16
3.4096620363747366e-25
5.471510725148878e-14
8.976306498052234e-17
3.713104547000894e-19
4.547782373411149e-17
5.8610672937705455e-21
8.97761826278832e-22
4.5585821948576514e-07
2.255863598707548e-40
4.132545733103096e-15
3.035451211122006e-75
4.471053797668327e-23
2.2553391250533238e-11
1.4281949247778174e-31
1.0837649158763429e-11
1.307952977372772e-10
2.1159237135235664e-13
5.3918777325903804e-09
4.021888954592568e-12
3.092427141387481e-28
8.065381151902878e-23
2.4278198977362974e-21
2.5126404009991636e-14
5.9035862788954005e-16
4.369923541821676e-09
3.3596905624983424e-10
4.088764258637915e-17
1.5455843754128948e-19
4.0324755925095714e-66
8.332837721925895e-18
3.353924931026307e-12
9.174070965578184e-36
3.586305019080086e-16
4.189905322382555e-12
4.4859303593772794e-69
8.344742744136848e-07
6.790434848988357e-16
1.1549270198699584e-13
0.0005569890565378294
1.900462006801393e-12
1.0574961309367815e-09
9.324302632714734e-18
3.778068641118789e-17
1.8076371893782005e-33
1.367217136874906e-09
6.235121529959768e-16
5.43050842693001e-12
2.2456707768720173e-21
1.4652377334326232e-14
7.977580643124996e-14
2.5978525393702246e-26
3.8438097254696545e-28
3.3405733460007984e-07
4.604017266795137e-15
2.8742657560477665e-28
9.163217232008946e-21
1.567321580154946e-16
2.6981286763284924e-18
2.932037685343807e-17
5.224143963537812e-21
3.4432233229834706e-26
1.0699982561604478e-24
5.775222278300142e-35
2.0451609742981785e-77
5.018283414732521e-12
1.8005206219141077e-15
2.565932804081581e-10
9.578009549375298e-25
1.048665090585082e-18
2.295336892670601e-26
2.8987207127488905e-14
1.4731974031407175e-26
1.1164788217793677e-16
3.7726021764978256e-07
6.575341806374611e-17
9.224696882487043e-15
1.917367756596166e-09
5.130006855790054e-27
1.8169850919573816e-13
1.8219210231205643e-11
4.1633369458059754e-20
4.838543581293185e-29
1.457489228659105e-11
2.847816434510192e-13
4.587878950813624e-24
6.343878023548966e-15
1.5845515964852085e-30
7.374090404781652e-21
5.448774422389404e-17
2.561597486071719e-29
1.6688880154692852e-13
1.9605703184967586e-13
7.042127400233045e-15
2.3727288789609215e-33
1.9592133930285478e-22
9.536569056919719e-14
1.071872277950547e-21
7.328293063947171e-13
3.186315298561903e-78
7.660623408296006e-12
1.0984249476111847e-11
9.970337402174652e-16
4.655903009270882e-09
1.8866562404720466e-34
3.620897062770828e-15
6.356000029791368e-09
4.881949418328866e-24
1.555216431642527e-22
3.6501841890053287e-17
1.685586493153683e-26
1.42874905258283e-14
2.018469804482114e-11
1.562684251414225e-22
6.711065702955219e-09
1.5601348779049257e-64
1.3313061119182795e-24
2.993474849481462e-22
7.401663451896022e-14
4.2707035451272317e-14
1.9778575316095903e-28
4.0924463368933194e-11
5.315117383162998e-26
3.1944526404158325e-72
2.909111795828722e-16
1.8059717923951912e-11
1.5585689047097072e-19
1.7106903924948467e-17
3.2499742516464105e-22
1.0072264661863106e-16
3.3611169947119866e-20
1.479436913342076e-32
2.868949456064228e-16
8.593781631434469e-17
4.845721986003626e-18
4.2011886845937595e-14
2.870185214480826e-10
2.518009256972841e-26
6.479279854528034e-19
2.0000243767597176e-17
7.94843630173085e-17
2.923648816755459e-94
4.353961250420338e-13
7.750446134358305e-21
2.957513008840123e-29
2.3630203666545848e-20
1.8457691138040776e-22
8.862503505177181e-09
2.805053761747335e-15
1.6549022304528905e-50
9.223781171523993e-14
1.3397222955820264e-17
4.033855969214615e-13
1.9216693581746852e-26
3.5063082509324236e-25
6.356045995627946e-10
1.6877662087232009e-25
1.725256436686502e-19
2.394069964366805e-21
1.851793562824721e-13
2.398837536619348e-20
7.00823512539949e-11
4.795138924764953e-25
3.429830298587324e-14
6.202859149176704e-27
1.3334090420050411e-16
5.7156643625771694e-15
4.295209752422614e-30
1.1498886534472452e-14
9.028280882710909e-12
1.0725642596971052e-16
5.455395849650541e-11
2.6205336931132392e-14
1.7118162496957913e-18
2.3013916959186786e-22
6.8849294916089125e-18
1.1664287172696407e-20
6.494792339057365e-16
3.355205436128812e-89
9.179273389688847e-20
2.3024447122977703e-19
5.196543105526269e-16
3.892743021292982e-20
1.0599423229863205e-15
3.3055188768580505e-14
8.539367904906855e-34
2.1142918433185973e-08
1.8209240257378083e-22
1.7412974313450488e-15
1.0679501470272456e-11
1.8767973073598048e-17
3.245788419921675e-10
3.43498768647099e-27
8.594634954101277e-13
1.2923837891842376e-26
1.3428872424720823e-47
1.3709750863207622e-14
2.0164424536196473e-20
6.717368773035908e-16
1.0650103592392071e-16
1.729439678050918e-20
1.6561807616444348e-06
3.758195631770801e-16
4.8222030613016086e-55
4.348960782746021e-25
9.417139628347954e-14
2.5945891141104893e-17
3.6106373566677175e-39
2.432640758639841e-16
1.4331638954255573e-09
9.876125892188094e-27
3.879756873525811e-12
6.123129108057109e-18
5.124523906848075e-33
1.492844714880889e-10
1.4583894366588965e-32
3.172845829749677e-08
1.3374509511732348e-12
1.7205217239655834e-28
7.833840047189045e-13
3.431421889798497e-11
1.2579080199542345e-13
8.904472667304916e-14
7.984747700167601e-23
2.975715963450024e-15
4.383567619825201e-22
7.1110514794989795e-25
2.8059842186054393e-16
2.372471526885407e-16
2.2856481139005673e-11
1.2432159322529115e-14
2.318674691128129e-13
9.607872008148726e-18
4.1391016580778323e-20
2.8966572616675847e-22
1.9283330560224865e-16
2.1278036914462707e-20
1.2524460684201612e-09
4.057011134489457e-09
1.518394083130125e-08
2.8724193423096436e-08
1.306331455365137e-30
1.2092116810143842e-24
8.45225774812909e-15
6.554482584088806e-08
1.1175050330715518e-28
6.926413403210436e-10
3.8244667214188244e-12
5.940923006234754e-09
2.358872299436197e-13
1.3735772923025268e-13
1.0663975703317644e-14
5.313744996737046e-20
7.895444551797921e-15
3.904434340986905e-17
7.718391837602917e-22
4.9459264096370116e-17
8.000868904677276e-28
4.3945376069995357e-13
3.3415228340922576e-35
1.0282733041712134e-13
2.5977900664154426e-18
1.0869112598242045e-30
1.560984581995273e-07
2.762807031358216e-22
1.1235488976395782e-24
3.297893863987026e-16
3.2047878787401127e-20
4.466926294447173e-12
3.660487652463293e-32
3.2740941134865544e-12
9.419615269379459e-14
4.580641311325474e-12
4.067349937421741e-09
2.1963940288555057e-23
3.430096019027133e-17
1.8761380346578176e-11
3.656204263325383e-08
6.450754085390464e-17
9.125116252496892e-14
3.701595031312772e-20
4.1801729008203387e-10
3.3609149851600094e-31
8.015053932384552e-12
1.3862309046086305e-30
3.284373380385795e-17
2.2542920837729865e-08
1.8789195532231476e-19
1.4489233505279835e-12
6.2625231782131e-26
1.2035148079011476e-26
1.441447721628862e-09
3.1233292946515658e-18
6.600464247444862e-16
3.0699151587579976e-12
1.2894456291264325e-43
1.1840398732560235e-13
9.148631956312756e-18
1.5910993638511894e-12
1.1195360517638027e-16
1.3382211477668036e-10
2.1847650505544488e-10
7.852996681397863e-18
7.231502003481972e-16
8.994310937573857e-21
1.0590851292631878e-17
1.8954071524224276e-15
1.5083665262689028e-08
1.863670215658004e-18
1.6075534486647711e-13
9.50713008708558e-16
3.5998361565222624e-20
1.5567447974047381e-16
5.282353952061956e-15
7.596478277687705e-19
6.124900152472525e-25
3.623516286708915e-10
1.0530429782806041e-16
2.563075594116768e-19
7.902000473305265e-15
5.43607201986787e-08
9.559613175430345e-26
1.1784958813588268e-09
9.874940719324178e-16
3.087147738281618e-67
1.7309731027772164e-15
1.1674756632124284e-12
4.500064376676292e-13
7.87239063551686e-24
4.3361550210512515e-61
2.3856041362923645e-19
2.2048096147959423e-64
3.9629994952514225e-13
3.169884441213845e-26
1.9972188353114327e-11
2.5547936704842563e-20
9.856130494313071e-12
2.4645703989204743e-71
4.481868226797584e-15
1.2006687528552514e-11
1.1443944380659696e-09
6.108360041193423e-20
1.0490787481250596e-25
2.049738715230231e-07
9.009221593570422e-28
1.9658034929676264e-14
9.536944415041841e-09
6.847797428409309e-26
7.884503049859742e-29
9.037933331539673e-28
1.3155541840590466e-22
1.4191575467517518e-15
1.1467721021079654e-10
8.837003419616595e-22
4.7620529992687536e-20
4.3276769102803675e-06
7.419488190778225e-13
1.0461443949626189e-50
8.512522820545485e-18
2.3825302344654887e-07
7.799882928939533e-68
2.5775523008551528e-34
6.101255829460413e-12
3.383409948326327e-14
9.169447962692355e-11
1.7140480569168717e-15
1.1927737224358045e-18
1.3913001360307885e-72
3.725349174530677e-68
3.409946367485171e-10
8.094337788794974e-27
2.775572278978891e-16
3.284469019112062e-22
6.8829998442656975e-28
1.1607610857727316e-19
4.0354640471435447e-13
2.5028400674970624e-10
1.1705925143698466e-13
5.487697986869025e-09
1.3703294373548884e-17
5.7530731284661416e-09
8.692633279838258e-36
1.2501904667085704e-12
2.3290786185609796e-09
6.701971274107183e-23
3.503589947389515e-27
4.032806865599449e-18
2.856310461747355e-11
2.5200009582523495e-12
2.2165805941535277e-16
3.6350993648118383e-12
1.230734136103612e-22
7.688002965613114e-16
4.862586184744557e-18
7.103939440715999e-14
4.3318543160163827e-14
4.506147332714083e-10
5.26512334946301e-15
4.819577711640534e-25
9.021835055383354e-24
2.7525176911655304e-23
6.940125214825133e-15
2.3913216696387175e-18
1.4425835323554856e-19
1.9306331800903677e-21
3.547651573958745e-25
1.1386564688976094e-14
9.938071628847825e-16
1.7613638731084567e-14
8.83022342077395e-18
3.2138814767167227e-24
4.432443654698805e-36
2.267791206079782e-21
5.363128794255755e-20
1.0661105589075127e-10
2.4276261066249327e-90
1.2333987903211504e-20
1.4067043759805123e-09
1.5574166731514058e-73
1.080667536676307e-07
2.047878089952782e-17
1.6592965363642446e-14
1.2368358965717577e-10
9.417932762167817e-16
1.0602997136376783e-14
1.0447647214294398e-16
3.5850788556169044e-19
3.583207533652474e-23
2.715144227817496e-10
7.92136692192237e-20
2.838707885082824e-64
9.062480829453728e-25
2.2783341519124924e-15
3.305558149839805e-32
1.1687092870077606e-28
1.4558694007320641e-16
6.808335608888488e-18
1.4830914088175018e-19
4.2491826274400915e-14
2.3734957365328307e-12
1.3890763823366546e-18
1.3002435544318167e-27
1.5137147049297068e-14
4.1513630310489044e-26
6.787136111545409e-14
2.2700352566595906e-14
1.995391034206969e-27
5.576481382561028e-21
2.7479793881179894e-18
2.472574119717766e-22
2.8055383753289656e-22
6.074041879071293e-11
1.1867824234208545e-25
9.398611399212633e-29
1.6237802833045695e-13
6.324651537356809e-09
4.356394471429289e-24
1.0816723387519268e-25
2.6363230610646102e-17
5.653777391312571e-19
4.381011587039669e-24
5.630075444643783e-19
2.802259744755301e-17
3.1107745191488384e-19
2.797415540199926e-13
3.862637980880134e-06
9.966474492278762e-17
1.3241644093774296e-16
1.661078379288517e-09
2.6522137785288904e-26
9.53583925802036e-10
7.512746005489157e-08
8.708532033670416e-15
3.311920117041276e-09
2.8780679613113686e-13
6.574494172085997e-18
1.9084761950902075e-09
5.440192708815056e-14
4.341839429299517e-22
1.6743658035625077e-15
1.0781176362719372e-12
2.8589118401688404e-10
2.0008516040380092e-11
1.3336053231882196e-14
8.950802266015e-90
7.73520473420813e-19
2.400189556996642e-12
4.618952911716401e-17
1.3970533847035775e-40
6.175001170191349e-20
3.7638689331217066e-14
3.70746588851889e-12
3.491556730818085e-16
8.358287893651264e-16
2.3008352184508455e-23
6.412308927549625e-20
2.945287921369799e-13
4.100179612105403e-11
4.5988233416967524e-65
6.266956919413948e-17
9.352772304683334e-51
1.017919544006991e-21
2.2038145356911766e-41
3.9978640870255654e-30
8.317979801116038e-25
1.8986588207879754e-17
1.7952493076947041e-16
2.014839539279208e-14
6.842604531941521e-14
2.0824242033107776e-09
4.965647711184031e-23
9.080749811436494e-40
1.0222876341942316e-19
2.2530553109812118e-21
4.9601230854368095e-17
2.0273031378708536e-23
7.190126590437363e-15
6.934393066580299e-14
3.0343593029927034e-23
0.019979857694540915
1.0062742117825486e-87
6.401168816479954e-23
5.358142313001943e-29
2.7781435913968247e-26
2.7658357553228678e-11
1.2612677590578437e-21
1.1172224952622573e-07
4.105514076449969e-14
1.2371969851173772e-14
2.202108459398768e-14
1.5956422808795753e-52
1.2484782703833587e-09
2.2162464331300468e-12
8.44412903909927e-16
3.0677839039640963e-21
6.795276941818122e-08
5.220568487654615e-10
1.1242960097077102e-12
2.2871433903564987e-22
5.239639797063509e-11
2.0254696297431336e-16
1.6434150133750763e-31
9.468755787157977e-15
1.1813854555487246e-16
1.528913928019975e-20
6.163449495425576e-14
5.315381511462324e-17
2.8680427742483906e-17
6.686605679838196e-13
1.620824380003841e-28
1.1422275744390583e-14
6.797611212895724e-09
8.523478453204418e-16
3.7082651885123786e-16
3.694080670240874e-07
1.4065064667629102e-15
1.1202040576323924e-15
4.147865991209854e-28
6.86530026048914e-11
4.035115873657271e-16
1.3175933265753354e-10
1.0269903934083019e-10
1.8041493840548484e-19
8.986093947930562e-11
8.734188349487512e-25
4.8848387127224256e-17
5.6954443529635955e-21
1.6972979167530586e-28
1.5238344289292312e-13
1.45700307307987e-28
3.243325199777332e-18
5.076753977227475e-15
2.929656732170697e-14
1.1769579843756603e-13
2.806414181305156e-15
2.526856161117118e-09
9.965757236010604e-12
3.1565317881274e-40
3.4167698874046796e-22
2.0487736433343437e-27
4.190223339830225e-61
3.1745367804064586e-23
1.0093317555534772e-17
4.603619640588971e-24
1.7917990075891747e-22
1.5773564601714143e-09
2.8602593084487026e-24
8.87057398602336e-17
1.6001157118868384e-08
2.779236740430815e-15
2.0971413939919274e-19
2.0811589752158064e-09
8.811997958629972e-09
8.113006166292285e-14
5.101139063839377e-12
1.3470813507142712e-21
4.5733267562287704e-21
1.443094781215617e-17
1.8436006419041896e-17
1.428450488955445e-09
1.1833618188489957e-12
8.531679846146285e-15
3.7075735429108064e-23
6.34735183516518e-14
4.005291339927547e-26
9.32580993388978e-11
2.261367156145085e-61
2.7509862483935847e-78
2.3740809104102982e-08
1.4917865767954006e-11
1.0852305176395725e-10
3.210769976292798e-79
2.279518669364273e-22
1.8275511732481113e-14
4.635397700676281e-23
9.135562661593577e-31
3.37819437143274e-12
8.555390523252016e-15
2.1859515173129107e-18
1.0399231471528592e-11
6.586611353326487e-24
6.268908617103237e-17
4.582549478062373e-11
2.7599996702057065e-15
9.972724282961407e-09
2.3869851134830295e-29
3.4546250067913015e-16
1.7959014623569045e-26
3.6361560997779376e-09
1.4343614378778793e-17
1.2825775575422843e-23
2.1870414461940766e-25
8.99960215120338e-21
5.538356373077218e-19
1.3773628245663793e-27
2.684171251323021e-30
7.220669808122526e-15
8.314045609310125e-06
7.842615269486252e-17
2.7913918873403084e-15
4.603083133832587e-18
7.659929192581523e-23
6.321752337387462e-13
3.7834802222771916e-07
8.639163332741905e-82
2.0160568035870646e-10
4.484451972994033e-17
2.1829160980661645e-17
1.4416940376591593e-14
2.2230691155381323e-78
2.700796798644122e-73
4.59003167863702e-24
6.6062482188045025e-15
5.524509903097969e-22
4.413266590927598e-25
1.1821054800397117e-11
6.236985031291592e-09
1.3452888516479494e-15
1.0566715948284415e-17
2.825228638816511e-15
2.8549791277933337e-07
4.681666609359432e-36
2.194063260846782e-15
3.0692286947269544e-19
3.3309348416984022e-12
2.2581954312237953e-20
1.3658370693882663e-16
1.234924130625089e-19
3.220096635289589e-15
2.4064272113313874e-07
9.600596277703359e-20
5.269942358440972e-16
3.696807748642856e-12
6.552909074189629e-16
2.2884553437040484e-61
1.8999435888732595e-16
4.009160945445256e-08
2.2033618373336268e-14
6.676261803725289e-23
2.0360291806993547e-16
1.3828074316836526e-12
5.307245673714697e-24
2.6786236040503458e-20
2.3456652998532686e-16
9.480254720459116e-17
8.899618096284153e-24
1.5896030378721614e-27
1.8576318540867868e-28
1.193766915074186e-21
2.070881129733028e-12
2.1662568658036568e-08
2.397415689326632e-30
4.20939111103975e-14
1.257761755357393e-21
1.8986236421538783e-52
1.8665195525539353e-10
1.625905442183425e-12
6.849660983533391e-30
8.705610361530172e-21
2.819903248389323e-18
6.857896554712287e-26
1.3068796476486699e-09
2.4600904957332392e-17
4.294702282151871e-33
1.4525589201780102e-19
4.06367463855379e-17
1.0639572327074233e-26
9.375897832727322e-23
5.305933975168388e-14
9.993919355587879e-38
2.987459453262632e-32
1.4513439147782332e-19
1.4553310268641747e-11
1.3170388124436478e-12
4.3048020841203247e-11
5.649898515746756e-09
6.144164918141147e-23
2.9034226789777087e-16
3.784621458651049e-14
3.165149142200267e-12
2.028409629262086e-09
1.4989924963577716e-11
4.389351914589321e-16
1.9360625283832787e-20
1.0548100295983841e-10
4.590696415279142e-13
7.502595734225922e-28
3.5410634108984e-40
2.206937959341768e-19
1.0365548613490367e-09
1.1736581456878169e-19
1.9197321300734478e-19
4.3781340910323193e-69
4.51282305491167e-76
9.585512974449854e-14
1.4394650178075744e-16
1.0797373775681501e-24
4.133080553189093e-29
1.419920857420937e-10
8.675822500865887e-21
3.3837390942530666e-23
1.1993861230034891e-15
1.2602230342923117e-10
1.241615488376686e-14
5.487393845441052e-09
8.094483968720712e-17
2.0828373990093464e-12
1.4529803239697857e-08
3.2287647253458366e-13
1.9924225472169771e-35
3.304788149249417e-10
5.033334599179582e-16
1.169811988162438e-08
9.749111891757677e-20
7.00765371381369e-25
2.9532872944736282e-15
1.1106135732573878e-23
3.1159281257533124e-20
4.763707191248538e-23
7.608090925667478e-07
1.594748281566631e-20
9.15133359757851e-62
9.249913710579223e-17
3.2367061826740105e-20
5.3348430624873504e-08
1.9130173005088257e-13
1.0832960455819089e-18
2.2349256527336536e-57
1.707309282917503e-94
2.1801407165303108e-26
1.311139590375572e-65
8.868097227823991e-27
5.799457209924813e-24
4.77284564343298e-08
7.349640032919048e-16
6.684621227172096e-11
1.234502221170141e-21
1.8346733348709562e-16
2.621634544736191e-34
1.727794179131248e-14
1.1541161506352668e-78
9.742404138766247e-23
1.346272357801237e-11
3.875570338466688e-21
4.998985217569518e-07
2.0502561107375625e-24
1.2619875755427476e-18
1.6598356093401197e-19
1.2589305187252915e-21
2.037061675479803e-11
1.0697401065657564e-17
1.8229280474754882e-09
3.120888800061031e-17
1.5499323414740818e-23
9.656265080544069e-09
1.5900517299868365e-13
7.18940652353208e-19
8.449523607657752e-10
8.383022615707293e-15
4.898641843094027e-14
4.7214937580845255e-11
1.3693307519506238e-14
3.134731148221349e-12
9.384228863410934e-20
1.2547995704948868e-07
2.2792889061209657e-67
1.9274571557391897e-19
1.7539214798401022e-19
1.0570323809173546e-17
4.372107425246689e-14
1.9305054634948635e-21
2.3761838114995156e-14
1.8712492557120914e-17
1.732858950431992e-73
4.5392975128389426e-11
1.5849566737425888e-19
1.728346025484064e-23
1.8158640273053409e-13
1.0234593302239974e-58
5.861628569122718e-31
3.201896200850546e-18
4.963537218396791e-18
1.1103857573031735e-06
2.9084266736040492e-21
4.546564457469628e-19
5.742612090808372e-15
3.6599627801569264e-20
1.110500731011116e-40
1.6574189813802465e-12
1.915974944518616e-10
9.11542696849462e-16
3.2588927566041137e-18
1.5915294874578597e-10
1.6701525853470387e-13
8.122551869328877e-08
2.3607852713236365e-73
6.825261208555775e-17
1.291572705591315e-22
6.162318221422838e-12
8.439052013300569e-11
3.957474228849959e-20
4.2375452784609583e-05
2.586976470178793e-17
7.415485909314944e-19
3.3585703912489406e-37
2.597444295264678e-62
4.4367975134379465e-21
4.5046258145303135e-13
1.7521397730804784e-22
1.2929655075749768e-51
4.507668098049518e-12
5.757867930259094e-29
2.606210118537455e-19
4.742998008248853e-11
5.585558871426424e-21
1.1185838460144747e-17
2.565988096416648e-19
3.162017308804498e-15
7.313998213226304e-10
3.3869705100399846e-16
4.79984717424934e-09
2.093064020698225e-26
6.469687295990055e-29
1.688853347703521e-11
8.506887999710144e-63
1.0709482254551208e-53
7.122250434002086e-24
1.1678212240114434e-58
1.5752760316026445e-17
5.553415168637107e-29
2.816930407568792e-29
2.1163374987466877e-12
4.276732179623165e-62
2.125348153773097e-33
1.4705621829789513e-22
3.487895517488341e-10
2.1666947689428695e-70
4.0085302505430784e-16
2.2985452070323058e-38
4.802275079779257e-19
1.3783405728034524e-23
6.419497638807579e-16
2.5734871651784407e-17
1.4229173450970185e-31
4.7068850873140644e-30
1.4781958313346655e-23
1.5813473924228055e-17
1.316628079785769e-20
1.7199623356598627e-11
1.0793941462589318e-21
3.713716142254789e-32
3.735942897812457e-27
2.016108945382536e-10
2.6934202559682143e-16
5.62527727409762e-16
5.496504747418916e-14
9.156381669963031e-08
5.4009273175122984e-15
5.406060034773346e-22
6.02156641887272e-15
1.1567237883512542e-14
6.567379926777405e-33
2.4927762234727005e-18
4.160305062310984e-24
1.6157386560389463e-22
7.163169514937151e-29
4.720846165641247e-29
2.1774458759999893e-11
8.353453174902895e-20
2.843415202900151e-17
1.3832515667503132e-15
1.5714465936857162e-10
2.3753897180553756e-13
5.5952729480067635e-21
7.835741226391901e-07
3.422618280686474e-12
1.0942981255244908e-21
4.46961392700488e-21
0.011533119804779113
1.9276315000232536e-20
6.389900362205476e-15
1.260610173672724e-21
4.355921951544747e-21
1.5465065602781842e-18
7.367106126855794e-13
2.4772928289711565e-61
5.776793935296309e-20
1.588184371738561e-15
3.912941574059013e-09
1.3580938416702444e-15
7.197601207034182e-12
5.707641453082268e-31
1.2217025717057983e-20
1.3462815791629575e-07
4.256000084814632e-23
1.6598216204187857e-15
1.997297043151941e-17
1.1700235030557069e-08
7.26764044808555e-10
3.58435225708451e-13
1.2115747840075552e-13
1.2239327570641163e-13
1.916982197908236e-10
8.870385160040426e-13
1.8850317426781586e-20
1.014420105445567e-15
6.249581828271198e-05
3.278284955244899e-11
1.1398123712252673e-16
1.9993271822528425e-13
9.210044584998252e-11
2.694016295332775e-15
2.7611249817842417e-15
5.008179403006783e-22
7.775455163601487e-53
1.1471615864513067e-17
5.3589204151175654e-31
2.545418144454941e-17
5.411448925386703e-11
6.580796600908002e-14
5.054740884156388e-16
1.7581391757488074e-07
7.385013984229019e-16
4.870481113935177e-19
2.9439611851510864e-18
6.227615580294915e-22
1.5179875999037132e-11
4.585317654046634e-18
7.742878845691785e-11
1.1182180957529917e-07
2.245181018587126e-21
1.071993376733552e-18
2.3346801190851707e-10
6.986531447865082e-11
4.150106396527496e-63
7.78269913532401e-35
4.3080083162690295e-14
4.6928069722917124e-80
2.13829941854379e-18
1.94448841949605e-15
3.382987830054184e-14
1.570324110084172e-18
1.5991483798624234e-27
1.2351759625861015e-13
5.1711789994991884e-15
7.326695508147359e-17
9.329891277897189e-15
1.5934017782618795e-23
1.2210595695036949e-16
1.1541592481659469e-10
1.1864402660795239e-17
2.381096589646157e-25
1.2608683671315147e-19
2.040744797883461e-12
2.5936316151465936e-17
3.297362091826632e-08
6.226040209741983e-29
1.5219281047509568e-15
1.3480551904546066e-16
1.1440113973299972e-10
6.410026375791499e-22
4.944441920607898e-16
1.0644781223036463e-14
4.229961229843132e-18
5.162389184306524e-21
9.20410088149819e-14
1.8198693526937647e-21
6.5744513622354115e-24
3.747152432121304e-05
2.5911695517629185e-73
4.8319019872425996e-20
1.1961636491504997e-22
3.693857796402423e-29
2.1288691348967152e-20
1.9087377073248947e-18
1.011065425783977e-29
8.351310509206134e-25
1.2021844774947244e-13
1.138065444080548e-16
2.2562934261669723e-20
2.7521067897162505e-13
8.658633069635175e-18
4.7513850800700755e-15
5.527636491362261e-28
2.4178889824197e-22
1.6307537311738146e-37
4.475778786648865e-14
3.5599076853060744e-18
1.9119117363787276e-16
1.2671584457838776e-33
4.7578725783734335e-17
6.667270928123714e-23
5.158166249502214e-51
2.977488508850004e-13
9.344237181756197e-18
1.6502713665057518e-16
2.0428809217234707e-10
5.137211751169064e-14
8.838918601326701e-17
4.154605476840931e-21
2.6405146377788293e-16
3.196414969125322e-28
8.486683554368754e-19
4.2998455831589717e-19
5.1861659157321694e-17
1.2304309008010367e-29
1.0767726071606133e-73
2.0126024025576934e-20
2.345172721447698e-11
2.122206500982193e-16
1.947864734448553e-21
2.4603933232035975e-11
2.380384525700525e-20
4.129917907447722e-12
4.587665856116977e-11
9.280450700934167e-14
1.114377671067378e-16
3.561164488309539e-20
6.153822221311901e-17
1.9702919755023367e-27
6.498521267457563e-15
3.060239334925411e-16
9.084780154902392e-11
1.5631853259984843e-16
9.860305649965819e-24
1.4068138708170097e-13
8.33366481150287e-15
6.647366528948772e-10
4.726595858335803e-18
1.2684811740752761e-10
3.9252063384366846e-26
1.6893695314774135e-22
3.3951834251146667e-23
3.1421629442372905e-12
6.70528411842878e-21
1.0442763304125343e-21
2.0882059991302025e-17
1.5217643453382187e-21
6.106190982839974e-12
5.873482080693973e-14
6.173980683891343e-10
8.905044946460497e-17
2.6876137523373835e-16
2.9350808463483058e-05
1.2653541283236048e-16
8.221141337707899e-12
4.5618619634702874e-51
2.0832111560400913e-33
8.912846948589146e-08
1.6515449388213062e-19
1.039855501889536e-13
1.5086953909362432e-61
6.234280955453355e-18
1.4652182797328873e-23
1.0917539181050023e-16
9.786534469816253e-09
2.3644081658017182e-24
5.606132705591104e-07
1.6339644401436145e-10
6.329328373766096e-30
1.0785044538105945e-14
1.1983850908174758e-09
6.327556483869255e-12
4.778155322042747e-19
4.6470532092622773e-14
1.540658610593506e-18
4.5074365479189946e-12
7.553770849438128e-14
4.180521570631158e-15
1.0870738377050932e-15
2.0132845224801253e-20
1.3187418392133815e-16
4.622973375575474e-16
3.450426500054915e-23
1.143017730445048e-18
3.8370706685159296e-23
1.4132883534777788e-10
7.4455042157209104e-06
6.895587588571802e-19
8.693584148635069e-15
3.1305680193958525e-19
5.111939631163595e-12
8.952180308793597e-22
8.860595714766014e-19
9.55516632521179e-20
7.602121544230238e-24
1.3559872453051862e-11
6.468869747539974e-11
5.365655148958444e-14
7.234578411271758e-23
1.1302452365204227e-13
4.618476043206192e-16
9.888382906529135e-07
6.721588261197103e-16
5.728666482498579e-30
9.74809592434903e-15
3.7979208233090087e-20
6.908801716397753e-22
6.082081845539001e-13
6.5194950854006325e-18
8.374432053919525e-20
8.454273648059184e-32
1.0056725420107859e-27
2.18805244532415e-16
1.1406192202668994e-16
1.5851425472621151e-18
1.0714607424516663e-30
1.4703204795346965e-21
1.514146298498401e-23
2.3069804122577386e-15
2.2180088733217692e-51
7.298255641518121e-21
7.979727883417139e-19
3.892302642886132e-24
4.039104790656835e-10
6.063920755201088e-14
1.254395353547555e-25
4.8278900827966823e-20
7.770956774160487e-14
0.00045997232354925776
1.9577046846329427e-13
6.938930795914582e-09
6.323439336277013e-21
1.6763944165284386e-60
1.6822330067326632e-21
1.3267388441343632e-16
1.1473687542358524e-67
1.1344567509239011e-24
1.2169837388886659e-11
8.6162425009546e-21
2.205502240519393e-05
3.438312439016128e-15
1.2266533562048494e-19
4.511180690818499e-26
7.592227492309739e-23
1.3909573501141166e-17
1.7703105352498745e-13
8.571197718355175e-28
2.9276033941229186e-16
1.0413605010601953e-11
1.59898145853998e-16
8.395761100074825e-14
1.8641659280533863e-65
4.879814156194256e-21
5.236521169513281e-16
3.445215874143593e-17
1.4816668560208362e-23
3.4501343033521115e-33
1.7400261820616565e-08
3.9771472431729185e-73
1.721080656722752e-13
3.521010135851674e-14
4.222268198848462e-23
2.6692987587720793e-15
2.7844694808180923e-11
2.148626955998633e-13
2.5385899304092034e-13
5.7632378244344374e-12
3.304463648035335e-23
1.8944951861730748e-12
1.9274850662581844e-13
1.1704367611437293e-25
5.997962306202095e-20
3.900977756672787e-19
8.292622923550738e-14
3.5191841235588413e-28
6.698021316635863e-10
1.149267959560949e-22
2.0874543317874198e-23
1.3025013694614895e-10
4.525605491474986e-23
1.211813713483162e-16
6.089527754886921e-09
4.89124812651725e-22
4.93336106111909e-14
1.21110865472901e-20
2.3556456483396933e-24
4.88658483824276e-20
2.657380970252035e-10
1.6224330390562652e-13
5.728201162409758e-15
3.0428603169775577e-23
2.583638512273335e-09
1.7668122353561368e-09
2.2485714815466305e-19
2.2950232345231606e-29
6.205557870689322e-14
6.904843919347695e-15
8.418810565328495e-11
1.329896231412376e-17
1.4642481463784544e-21
2.3658991504185376e-20
1.1736570626616414e-19
1.814293707128653e-33
2.4003021796682007e-22
6.772899571222899e-19
4.4860919036830233e-14
3.435462792472985e-21
1.1954040021859732e-16
9.371865308965747e-15
